product_name,in_stores,in_warehouse,total
Vivo Basic Leggings - Black,262,306,568
Vivo Waridi Pencil Skirt - Black,233,172,405
Vivo Basic Bodycon - Black,280,87,367
Vivo Everyday Cap Sleeve Top - Black,281,81,362
Safari by Vivo Barrel Pants in Denim - Navy,236,121,357
Vivo Lindi High Low Dress - Black,114,240,354
Vivo Denim Straight Pants - Navy,227,123,350
Vivo Dolman Sweater in Rib - Black,0,338,338
Vivo Basic Kena Tent Knee Length Dress in Ponte - Mustard,294,39,333
Vivo Basic Dua Jacket - Black,245,80,325
Vivo Basic Cap Sleeve Bodycon - Black,259,46,305
Vivo Basic Leisure Pants in Ponte - Black,222,59,281
Vivo Everyday Long Sleeve Top In Jersey - Black,240,29,269
Vivo Lulu Contrast Stitch Tent Dress in Cotton - Black,0,246,246
Vivo Everyday Cap Sleeve Top - Rust,230,8,238
Safari by Vivo Godet Contrast Stitch Midi Skirt in Denim - Navy,222,10,232
Vivo Waridi Pencil Skirt - Dark Navy Blue,168,60,228
Vivo Basic Capri Leggings - Black,229,-1,228
Vivo Basic Cap Sleeve Bodycon - Navy Blue,184,44,228
Vivo V-Neck Camisole in Satin,193,31,224
Safari by Vivo Jacket in Denim - Navy,139,76,215
Vivo Basic Cap Sleeve Top in Satin - Black,198,17,215
Vivo Basic Waridi Pencil Skirt - Dark Teal,168,44,212
Vivo Basic Leggings - Navy Blue,148,64,212
Vivo Basic Short Sleeve Top in Jersey - Dark Olive,168,27,195
Vivo Studio Panelled Mini Dress in Ponte - Black,89,105,194
Vivo Basic Cap Sleeve Bodycon - Burgundy,188,3,191
Vivo Rema 3/4 Sleeve Side Slit Tunic Top - Taupe,163,27,190
Vivo Samira Pants in Rayon,166,20,186
Vivo Imara 3/4 Sleeve Tent Dress In Polyester - Burgundy,100,83,183
Vivo Asha Sleeveless Knee Length Dress - Olive Green / Black Tori Print,172,10,182
Vivo Selah Maxi Dress - Maroon,158,23,181
Vivo Basic Panelled Leisure Pants - Black,162,18,180
Vivo Basic Sienna Waterfall - Black,147,32,179
Vivo Chela Tank Top in Stretch Rib - Lilac,142,36,178
Vivo Everyday Cap Sleeve Top - White,169,9,178
Vivo V-Neck Dress in Stretch Rib - Lilac,90,83,173
Vivo Tatili Bishop Long Sleeve Top In Satin - Lilac / Maroon Garini Print,128,43,171
Vivo Lulu Denim Flared Pants - Navy,130,38,168
Vivo Wrap Top in Cotton - Pink / Green Print,163,4,167
Vivo Spaghetti Tank Top in Jersey - Black,152,14,166
Vivo Sierra Sleeveless Double Layered Top in Chiffon - White / Chocolate Arah Print,0,163,163
Vivo Kaisa Short Sleeve Maxi Bodycon In Polyester Stretch - Mustard,142,19,161
Vivo Basic Straight Leg Pants - Black,159,2,161
Vivo Cowl Neck Knit Sweater - Black,0,160,160
Vivo Tatili Pinstripe Pants in Medium Crepe - Dark Red,117,42,159
Vivo Pencil Skirt in Ponte - Burgundy,155,2,157
Vivo Boat Neck Dress in Ponte - Olive,79,70,149
Vivo Liora Scooped Neck Tank Top in Crepe - Dark Green / Lime Yani Print,135,13,148
Vivo Pencil Skirt in Ponte - Navy,140,7,147
Vivo Nasinka A-Line Knee Length Dress in Crepe - Dusty Green,80,65,145
Vivo Tatili Pinstripe Pants in Medium Crepe - Dark Purple,115,28,143
Vivo Basic Double Layered Wrap Poncho - Dark Red,90,51,141
Vivo Studio Mini Pencil Skirt in Ponte - Burgundy,59,81,140
Vivo Basic Satin Bishop Sleeved Top - Black,136,4,140
Vivo Boat Neck Dress in Ponte - Orange,63,76,139
Vivo Basic Chiffon Cap Sleeve Top (Double Layered) - Dark Chocolate,132,3,135
Vivo Basic Capri Leggings - Dark Teal,126,8,134
Vivo Lulu Cotton Bubble Sleeveless Top - Black Flower Print,103,31,134
Vivo Everyday Long Sleeve Top In Jersey - White,128,6,134
Vivo Basic Sienna Waterfall - Navy,123,7,130
Vivo Selah Sleeveless Maxi Dress in Stretch Rib - Black,129,0,129
Vivo Sleeveless Bodycon in Stretch Rib - Wine Red,107,22,129
Vivo Basic Extra Long Lily Waterfall - Dark Taupe,111,15,126
Vivo Spaghetti Tank Top in Jersey - White,118,7,125
Vivo Laika Cap Sleeve Shift Dress In Crepe - Red,50,74,124
Vivo Basic 3/4 Sleeve Double Layered Bodycon Dress - Dark Green,109,15,124
Vivo Basic Tank Top - White,123,1,124
Vivo Basic Bodycon - Chocolate,101,23,124
Vivo Cowl Neck Knit Sweater - White,3,120,123
Vivo Laika Cap Sleeve Shift Dress In Crepe - Light Brown,50,73,123
Vivo Basic Sleeveless Kena Tent Dress In Ponte - Mustard,89,33,122
Vivo Samira Midi Dress in Textured Satin - Black,119,2,121
Vivo Tatili Bishop Long Sleeve Top In Satin - Fuschia / Black Garini Print ,120,1,121
Vivo Cowl Neck Knit Sweater - Mustard,0,120,120
Vivo Basic Double Layered Wrap Poncho - Rust,66,54,120
Vivo Cowl Neck Knit Sweater - Plum,0,120,120
Vivo Basic Knee Length Dress In Chiffon - Sea Green,41,79,120
Vivo Cowl Neck Knit Sweater - Ivory,0,120,120
Vivo Cowl Neck Knit Sweater - Rust,0,120,120
Vivo Basic Cap Sleeved Bodysuit - Burgundy,97,23,120
Vivo Chela Tank Top in Stretch Rib - Buttermilk,112,7,119
Vivo Basic 3/4 Sleeve Kena Tent Knee Length Dress - Red,95,22,117
Vivo Chela Pants in Jersey - Olive,54,63,117
Vivo Maxi Dress in Stretch Rib - Black,70,46,116
Vivo Basic Cap Sleeved Bodysuit - Navy Blue,112,4,116
Vivo Basic Short Waterfall - Dark Maroon,60,52,112
Vivo Basic Escape A-line Dress - Red,110,2,112
Vivo Basic Cap Sleeve Tent Knee Length Dress in Crepe - Black,77,35,112
Vivo Basic Imelda Cowl Sweater - Red,35,77,112
Vivo Midi Bodycon in Stretch Rib - Black,98,14,112
Vivo Basic Leisure Pants - Navy Blue,78,34,112
Vivo Basic Sleeveless Kena Tent Maxi Dress in Ponte - Black,106,5,111
Vivo Midi Bodycon in Stretch Rib - Teal,28,83,111
Vivo Safa Sweater - Black,93,17,110
Vivo Studio Bell Sleeve Bodycon in Stretch Rib - Mustard,89,20,109
Vivo Niari Pleated Dress in Crepe - Maroon,90,19,109
Vivo Selah Mock Neck Top in Stretch Rib - Off-White,98,10,108
Vivo Studio Mini Pencil Skirt in Ponte - Black,64,43,107
Vivo Midi Bodycon in Stretch Rib - Fuschia,38,69,107
Vivo Nasinka A-line Knee Length Dress - Blush Plum,58,48,106
Vivo Square Neck Camisole in Satin - Chocolate,106,0,106
Vivo Rema 3/4 Sleeve Side Slit Tunic Top - Navy,96,10,106
Vivo Muna Cap Sleeve Knee Length Dress - Rust / Cream Print,24,81,105
Vivo Basic Pencil Skirt - Navy Blue,88,17,105
Vivo Kani Wide Leg Pants in Crepe - Black,62,43,105
Vivo Tanda Cap Sleeve Sheath Dress in Ponte - Navy,62,43,105
Vivo Selah Palazzo Pants in Stretch Rib - White,95,10,105
Vivo Tanda Loose Sweater - White,75,30,105
Vivo Kani Bishop Sleeve Top in Crepe - Black,43,62,105
Vivo Sierra Long Sleeve Top in Chiffon (Double Layered) - Black,105,0,105
Vivo Asha Wide Leg Pants in Chiffon - Burgundy,70,34,104
Vivo Basic Imelda Cowl Sweater - Mustard,74,29,103
Vivo Pendo 3/4 Sleeve A Line Dress in Crepe - Rust / Black Talo Print,0,103,103
Vivo Lulu Denim Shorts - Navy,54,49,103
Vivo Basic Bodycon Dress - Navy Blue,93,8,101
Vivo Basic Panelled Leisure Pants - Wine Red,90,11,101
Vivo Niari Pleated Dress in Crepe - Hunters Green,90,11,101
Vivo Basic Short Sleeve Top in Jersey - Black,99,1,100
Vivo Pendo 3/4 Sleeve A Line Dress in Crepe - Fuschia / Black Talo Print,0,100,100
Vivo Square Neck Camisole in Satin - Dark Green,92,8,100
Vivo Nasinka A-Line Knee Length Dress in Crepe - Light Blue,59,40,99
Vivo Everyday Side Twist Bodycon in Jersey - Dark Green,97,2,99
Vivo V-Neck Dress in Stretch Rib - Maroon,74,25,99
Vivo Kaisa 3/4 Sleeve Knee Length Bodycon in Stretch Rib - Black,98,0,98
Vivo Aleri Front Slit Sheath Dress - Olive,28,70,98
Vivo Everyday Side Twist Bodycon in Jersey - Off White,88,10,98
Vivo Basic Extra Long Lily Waterfall - Burgundy,69,29,98
Vivo Basic Sleeveless Kena Tent Dress In Ponte - Orange,86,12,98
Vivo Tatili Bishop Long Sleeve Top In Satin - White / Taupe Garini Print,94,3,97
Vivo Basic Sleeveless Kena Tent Dress In Ponte - Navy Blue,94,3,97
Vivo Tatili Pinstripe Pants in Medium Crepe - Mustard,82,15,97
Vivo Studio Flared Pants In Ponte - Rust,86,11,97
Vivo Basic Sienna Waterfall - Dark Olive,87,10,97
Vivo Asha Wide Leg Pants in Chiffon - Mulberry,93,3,96
Vivo Everyday Tank Top - Dark Taupe,90,6,96
Vivo Godet Midi Dress in Crepe - Black,77,19,96
Vivo Basic 3/4 Sleeved Double Layered Bodysuit in Jersey - White,71,24,95
Vivo Everyday Side Twist Bodycon in Jersey - Teal,92,3,95
Vivo Basic Satin Bishop Sleeve Top - Dark Green,81,13,94
Vivo Basic Tank Top - Sea Green,78,15,93
Vivo Lulu Cotton Bubble Sleeveless Top - Light Blue Flower Print,79,14,93
Vivo Mistari Gathered Sleeve Top - Cream / Rust Print,3,89,92
Vivo Lulu Cotton Bubble Sleeveless Top - Off White Flower Print,84,8,92
Vivo Safa Straight Leg Pants - Black,85,7,92
Vivo Basic 3/4 Sleeve Kena Tent Knee Length Dress - Orange,49,43,92
Vivo Basic Chiffon Cap Sleeve Top (Double Layered) - Black,77,15,92
Vivo Zawadi Shift Dress in Chiffon - Sea Green / Navy Print,63,28,91
Vivo Anavi Short Sleeve Top - Navy,41,50,91
Vivo Ava 3/4 Sleeve Tent Shirt Dress in Crepe - Dark Purple,62,29,91
Vivo Pendo 3/4 Sleeve A Line Dress in Crepe - Lime / Black Talo Print,0,91,91
Safari Solana Bubble Midi Skirt - White,27,63,90
Vivo Anavi Maxi Dress In Jersey - Rust,15,75,90
Vivo Ria Drawstring Pants - Black,84,6,90
Vivo Studio Double Layered Tie Bodycon in Jersey - Dark Mustard,36,54,90
Vivo Drop Shoulder Shirt in Organza - Black,69,20,89
Vivo Basic Double Layered Wrap Poncho - Mustard,55,34,89
Vivo Mini Butterfly Sweater - Grey,75,14,89
Vivo Talia Maxi Slip Skirt in Satin - Black,57,32,89
Vivo Liora Wide Leg Pants - Navy,86,3,89
Vivo Cotton 3/4 Sleeve Wrap Top - Navy Blue,72,17,89
Vivo Long Sleeve Waterfall in Sweater - Red,88,1,89
Vivo Basic Capri Leggings - Navy Blue,71,17,88
Vivo Tatili Bishop Long Sleeve Top In Satin - Olive / Black Garini Print,84,4,88
Vivo Ava 3/4 Sleeve Tent Shirt Dress in Crepe - Fuschia,53,35,88
Vivo Boat Neck Top in Scuba - Lilac,34,54,88
Vivo Pendo 3/4 Sleeve A Line Dress in Crepe - Off White / Black Talo Print,0,88,88
Vivo Hadiya 3/4 Sleeve Maxi Dress in Chiffon - Rust,64,24,88
Vivo Maxi Dress in Stretch Rib - Maroon,66,22,88
Vivo Basic Knee Length Dress In Chiffon - Lilac,21,67,88
Vivo Scoop Neck Bodycon in Jersey - Rust,77,10,87
Vivo Basic Chiffon Cap Sleeve Top (Double Layered) - Maroon,78,9,87
Vivo Zawadi Shift Dress in Chiffon - Lilac / Purple Print,76,11,87
Vivo Samira Midi Dress in Textured Satin - Dark Olive,81,6,87
Vivo Izzy Bishop Sleeve Top in Textured Satin - Dark Brown,0,86,86
Vivo Basic 3/4 Sleeve Kena Tent Knee Length Dress - Navy Blue,83,3,86
Vivo Chela Sleeveless Waterfall in Jersey - Chocolate,54,32,86
Vivo Samira Midi Dress in Textured Satin - White,69,17,86
Vivo Laika Bishop Sleeve Shift Dress in Crepe - Buttermilk / Lilac Loleni Print,75,11,86
Vivo Studio Bell Sleeve Bodycon in Stretch Rib - Dark Fuschia,52,34,86
Vivo Scoop Neck Bodycon in Jersey - Teal,79,7,86
Vivo Wrap Top in Cotton - Olive / Black Print,55,31,86
Vivo Laika Bishop Sleeve Shift Dress in Crepe - Buttermilk / Olive Loleni Print,74,12,86
Vivo Basic Straight Leg Pants - Hunters,85,1,86
Zoya Basic Jersey Bandeau - Orange,85,0,85
Vivo Boat Neck Top in Scuba - Lime Green,6,79,85
Vivo Cotton 3/4 Sleeve Wrap Top - Orange,71,14,85
Vivo Studio Flared Pants In Ponte - Light Taupe,80,5,85
Vivo Everyday Tank Top - Off White,78,7,85
Vivo Sierra Sleeveless Double Layered Top in Chiffon - Light Blue / Navy Arah Print,0,85,85
Vivo Chela Sleeveless Waterfall in Jersey - Black,84,1,85
Vivo Ava 3/4 Sleeve Tent Shirt Dress in Crepe - Beige,54,31,85
Vivo Boat Neck Top in Scuba - Burgundy,27,58,85
Vivo Basic 3/4 Sleeve Leila Bodycon Dress,23,62,85
Vivo Izzy Bishop Sleeve Top in Textured Satin - Olive Green,0,84,84
Vivo Izzy Bishop Sleeve Top in Textured Satin - Rust,0,84,84
Vivo Amai Hi-Low Top in Satin - Olive / Black Garini Print,40,44,84
Vivo Dua Wide Leg Pants - Black,82,2,84
Safari Solana Bubble Midi Skirt - Tan,35,48,83
Vivo Midi Bodycon in Stretch Rib - White,66,17,83
Zoya Basic Jersey Bandeau - Rust,82,1,83
Vivo Basic Escape A-line Dress - Black,76,7,83
Vivo Basic Waridi Pencil Skirt - Navy Blue,77,6,83
Zoya Full Length Leggings - Navy Blue,82,0,82
Vivo Basic Escape A-line Dress - Burgundy,78,4,82
Vivo Sakari Cap Sleeve Maxi Dress - Rust / Black Reni Print,79,3,82
Vivo Everyday Cap Sleeve Top - Olive,72,10,82
Vivo Izzy Bishop Sleeve Top in Textured Satin - Mustard,0,82,82
Vivo Liora Scooped Neck Tank Top in Crepe - Orange / Chocolate Yani Print,79,3,82
Vivo Hadiya 3/4 Sleeve Maxi Dress in Chiffon - Red,68,14,82
Vivo Boat Neck Top in Scuba - Red,52,30,82
Vivo Studio Mini Bubble Skirt in Satin - Orange,12,70,82
Vivo Izzy Bishop Sleeve Top in Textured Satin - Light Taupe,0,81,81
Vivo Tana Puff Sleeve Bodysuit In Jersey,46,35,81
Vivo Long Sleeve Midi Waterfall - White,32,49,81
Vivo Turtleneck Knit Fringe Poncho - White,37,43,80
Vivo Cowl Neck Camisole in Satin - Cream / Olive Huwa Print,70,10,80
Vivo Lena Sleeveless Top - Navy,11,68,79
Vivo Basic Dua Jacket - Navy Blue,79,0,79
Vivo Button Up Shirt in Chiffon - Maroon,57,22,79
Vivo Safa Drop Shoulder Top - Black,77,2,79
Vivo Lena Sleeveless Top - Dark Green,3,75,78
Vivo Alek Shirred Off- Shoulder Jumpsuit - Purple,69,9,78
Vivo Button Up Shirt in Chiffon - Lilac,46,32,78
Vivo Tana Puff Sleeve Bodysuit - Dark Green,51,27,78
Vivo Alma Short Sleeve Mini Bodycon - Lime,21,57,78
Vivo Kani Wide Leg Pants in Crepe - Hunters,63,15,78
Vivo Nasinka A-Line Knee Length Dress in Crepe - Lilac,47,31,78
Vivo Tanda Maxi Skirt - Mulberry,68,10,78
Vivo Sakari Cap Sleeve Maxi Dress - Mustard / Rust Reni Print,78,0,78
Vivo Tana Puff Sleeve Bodysuit In Jersey - Red,49,29,78
Vivo Off Shoulder Dress in Print Cotton - Black Multicolor Print,22,56,78
Vivo Chela Pants in Jersey - Taupe,42,35,77
Vivo Lindi High Low Dress In Ponte - Orange,65,12,77
Vivo Nuru Maxi Kimono - Maroon,11,66,77
Vivo Dalia Cap Sleeve Gathered Dress in Crepe - Buttermilk,68,9,77
Vivo Cotton 3/4 Sleeve Wrap Top - Yellow,69,8,77
Vivo Basic 3/4 Sleeve Double Layered Bodycon Dress - Navy Blue,59,18,77
Vivo Studio Strapless Maxi in Crepe - Dark Olive,30,46,76
Vivo Button Up Shirt in Chiffon - Navy,67,9,76
Vivo Kani Wide Leg Pants in Crepe - Navy,64,12,76
Vivo Basic Sleeveless Kena Tent Maxi Dress in Ponte - Navy Blue,72,4,76
Vivo Mistari Gathered Sleeve Top - Mint / Green Print,8,68,76
Vivo Long Sleeve Midi Waterfall - Chocolate Brown,12,64,76
Vivo Yumi Cap Sleeve Dress In Crepe - Light Grey,42,34,76
Vivo Talia Maxi Slip Skirt in Satin - Dark Green,58,17,75
Vivo Amai Asymmetrical Cape - Dark Tan / Brown Iwa Print,61,14,75
Vivo Sakari Circular Loose Top in Textured Chiffon - Yellow,59,16,75
Vivo Turtleneck Knit Fringe Poncho - Black,74,1,75
Vivo Turtleneck Knit Fringe Poncho - Rust,74,1,75
Vivo Studio Shoulder Tie Top in Jersey - Chocolate,16,59,75
Vivo Cowl Neck Camisole in Satin - White /Orange Huwa Print,74,1,75
Vivo Aleri Front Slit Sheath Dress - Orange,32,42,74
Vivo Everyday Tank Top - Olive,61,13,74
Vivo Studio Flared Pants In Ponte - Mulberry,72,2,74
Vivo Lulu Contrast Stitch Tent Dress in Cotton - Hunters,0,74,74
Vivo Basic Leila Maxi Waterfall In Jersey - Dark Tan,42,32,74
Vivo Long Sleeve Midi Waterfall - Dark Red,25,49,74
Vivo Turtleneck Knit Fringe Poncho - Burgundy,54,19,73
Vivo Liora Tiered Maxi Skirt in Crepe - Fuschia,33,40,73
Vivo Maxi Dress in Stretch Rib - Off White,50,23,73
Vivo Turtleneck Knit Fringe Poncho - Mustard,28,45,73
Vivo Maxi Kimono in Chiffon - Mint / Black Print,52,21,73
Vivo Tie Dolman Kimono in Textured Crepe - Black,72,1,73
Vivo Studio Striped Pants In Crepe - Olive Striped Print,51,22,73
Vivo Basic Bodycon - Dark Teal,49,24,73
Vivo Waridi Sleeveless Overcoat - Navy Blue,25,48,73
Vivo Sleeveless Godet Midi Dress in Jersey - Dark Red,74,-1,73
Vivo Tanda Cap Sleeve Sheath Dress in Ponte - Green,60,13,73
Vivo Imara 3/4 Sleeve Tent Dress In Ponte - Black,69,4,73
Vivo Everyday Long Sleeve Top In Jersey - Powder Blue,62,11,73
Vivo Tie Kimono in Sweater - Mustard,46,26,72
Vivo Anavi Runched Tank Top - Orange,28,44,72
Vivo Basic Dua Jacket - Burgundy,67,5,72
Vivo Rayon Jersey Slip Dress - Navy,33,39,72
Vivo Studio Striped Pants In Crepe - Purple Striped Print,42,30,72
Vivo Sierra Sleeveless Double Layered Top in Chiffon - Black,0,72,72
Vivo Serwa Tent Dress In Crepe - Grey,26,45,71
Vivo Long Sleeve Waterfall in Sweater - Light Grey,67,4,71
Vivo Basic Panelled Leisure Pants - Navy Blue,66,5,71
Vivo Basic Panelled Leisure Pants - Burgundy,58,13,71
Vivo Basic Double Layered Capri Skirt - Navy Blue,53,18,71
Vivo Cotton 3/4 Sleeve Wrap Top - Black,60,10,70
Vivo Multiway Short Kimono in Satin - Baby Blue Textured Print,26,44,70
Safari by Vivo Naledi Tiered Dress in Cotton - Beige / Black Print,52,18,70
Vivo Boat Neck Top in Scuba - Black,18,52,70
Vivo Sanali Wide Leg Pants,52,18,70
Vivo Everyday Cap Sleeve Top in Jersey - Orange,68,2,70
Vivo Basic Sleeveless Kena Tent Maxi Dress in Ponte - Mustard,64,5,69
Vivo Tana Puff Sleeve Bodysuit - Chocolate Brown,49,20,69
Vivo Basic Escape A-line Dress - Navy,69,0,69
Vivo Basic 3/4 Sleeve Double Layered Bodycon Dress - Black,67,2,69
Vivo Turtleneck Knit Fringe Poncho - Dark Red,67,2,69
Vivo Sakari Drop Shoulder Jumpsuit in Crepe - Lilac / Navy Print,68,1,69
Vivo Basic Cap Sleeve Bodycon - Red,50,19,69
Vivo Liora Front Drawstring Kaftan Dress in Satin - Taupe Textured Print,29,39,68
Vivo Seli Midi Skirt - Lilac,7,61,68
Vivo Tie Dolman Kimono in Textured Crepe - White,65,3,68
Vivo Studio Bodysuit In Jersey - Navy,44,24,68
Vivo Rayon Jersey Slip Dress - Chocolate,39,29,68
Vivo Wrap Top in Cotton - Black / White Print,54,13,67
Zoya Basic Full Length Leggings - Navy Blue,62,5,67
Vivo Upe Wide Leg Pants in Ponte - Navy,67,0,67
Vivo Basic Sleeveless Kena Tent Dress In Ponte - Black,67,0,67
Vivo Basic Kena Tent Knee Length Dress in Ponte - Orange,44,23,67
Vivo Dalia Flounce Sleeve Knee Length Dress in Chiffon - Orange / Black Arah Print,64,3,67
Vivo Tanda V-Neck Top in Stretch Rib - Mulberry,58,8,66
Vivo Basic Double Layered Wrap Poncho - Black,61,5,66
Vivo Samira Midi Dress in Textured Satin - Mustard,61,5,66
Vivo Everyday Short Waterfall in Jersey - Chocolate,65,1,66
Vivo Dalia Flounce Sleeve Knee Length Dress in Chiffon - Light Blue / Navy Arah Print,65,1,66
Vivo Cowl Neck Camisole in Satin - White / Teal Huwa Print,54,12,66
Vivo Asha Sleeveless Knee Length Dress - Black,58,8,66
Vivo Anavi Maxi Dress In Jersey - Chocolate,14,52,66
Vivo Reversible Poncho Without Fringes - Chocolate Brown / Taupe Samba Print,48,18,66
Vivo Sierra Sleeveless Double Layered Top in Chiffon - Hunters,0,65,65
Vivo Safa Sweater - Brown,46,19,65
Vivo Sakari Drop Shoulder Jumpsuit - Dark Green,46,19,65
Vivo Basic Tank Top - Black,65,0,65
Vivo Scoop Neck Bodycon in Jersey - Dark Red,62,3,65
Vivo Talia Maxi Slip Skirt in Satin - Fuschia,35,30,65
Vivo Studio Shoulder Tie Top in Jersey - Lime Green,21,44,65
Vivo Long Sleeve Midi Waterfall - Black,31,34,65
Vivo Basic May Sweater - Red,63,2,65
Vivo Alek Shirred Off- Shoulder Jumpsuit - Mustard,48,17,65
Vivo Pelia Round Neck Dress - Lilac,35,29,64
Vivo Off Shoulder Dress in Print Cotton - Beige Multicolor Print,23,41,64
Vivo Basic 3/4 Sleeved Double Layered Bodysuit in Jersey - Brown,62,2,64
Vivo Sleeveless Godet Midi Dress in Jersey - Black,52,12,64
Vivo Basic Knee Length Dress In Chiffon - Orange,57,7,64
Vivo Basic Long Sleeved Bodysuit - Burgundy,57,7,64
Vivo Wrap Top in Crepe - Black,58,6,64
Vivo Ruched Maxi Top in Textured Satin - Dark Brown,0,64,64
Vivo Long Sleeve Midi Waterfall - Teal,17,47,64
Vivo Studio Longline Shorts in Crepe - Lilac Stripes,27,37,64
Vivo Dalia Flounce Sleeve Knee Length Dress in Chiffon - White / Chocolate Arah Print,64,0,64
Vivo Muna Cap Sleeve Knee Length Dress - Dark Green / Cream Print,27,37,64
Vivo Nasinka A-Line Knee Length Dress in Crepe - Navy,57,6,63
Vivo Long Sleeve Midi Waterfall - Dark Green,31,32,63
Vivo Tanda Maxi Skirt - Dark Green,59,4,63
Vivo Basic 3/4 Sleeve Double Layered Bodycon Dress - Burgundy,54,9,63
Vivo Tanda V-Neck Top in Stretch Rib - Olive,59,4,63
Vivo Nuru Maxi Kimono - Black,5,58,63
Safari by Vivo Naledi Tiered Dress in Cotton - Powder Blue / Black Print,53,10,63
Vivo Cowl Neck Camisole in Satin - Cream / Lilac Huwa Print,53,9,62
Vivo Panelled Waist Midi Dress in Ponte - Olive Green,53,9,62
Vivo Studio Shoulder Tie Top in Jersey - Mustard,28,34,62
Vivo Drop Shoulder Shirt in Organza - Brown,60,2,62
Zoya Basic Jersey Bandeau - Mulberry,61,1,62
Vivo Basic Waridi Pencil Skirt - Burgundy,53,9,62
Vivo Basic Double Layered Wrap Poncho - Fuschia,62,0,62
Vivo Button Up Shirt in Chiffon - Black,55,7,62
Vivo Reversible Poncho without Fringes - Plum / Champagne Ukwi Print,55,6,61
Vivo Cap Sleeve Salma Maxi Dress - Navy Blue,25,36,61
Vivo Off Shoulder Jumpsuit in Crepe - Peach / Burgundy Polka,47,14,61
Vivo Studio Mini Bubble Skirt in Satin - Dark Green,13,48,61
Vivo Basic Tolani Jersey Dress - Olive,43,18,61
Vivo Sleeveless Godet Midi Dress in Jersey - Dark  Teal,58,3,61
Vivo Serwa Tent Dress In Crepe - Light Blue,15,45,60
Vivo Basic Cap Sleeve Tent Knee Length Dress in Crepe - Red,53,7,60
Vivo Sierra Cap Sleeve Tent Chiffon Dress - Maroon Textured Print,43,17,60
Vivo Lulu Cotton Barrel Pants - Maroon,30,30,60
Safari Kaya Long Sleeve Collar Shirt - Navy,11,49,60
Vivo Kani Bishop Sleeve Top in Crepe - Navy,52,8,60
Vivo Multiway Cover Up in Chiffon - Lilac,30,30,60
Vivo Basic Knee Length Dress In Chiffon - Off White,51,9,60
Vivo Naya Bishop Sleeve Shift Dress - Light Blue,21,39,60
Vivo Button Up Shirt in Chiffon - Light Blue,42,18,60
Vivo Basic Tank Top - Pink,28,32,60
Vivo Wide Leg Pants in Heavy Crepe - Navy,54,5,59
Vivo Anavi Runched Tank Top - Sea Green,22,37,59
Vivo Liora Multiway Top in Satin - Baby Blue Textured Print,40,19,59
Vivo Studio Striped Pants In Crepe - Black Striped Print,55,4,59
Vivo Studio Shoulder Tie Top in Jersey - Orange,14,45,59
Vivo Rema 3/4 Sleeve Side Slit Tunic Top - Brown,47,12,59
Vivo Studio Panelled Mini Dress in Ponte - Navy,27,32,59
Vivo Studio Double Layered Tie Bodycon in Jersey - Dark Purple,33,26,59
Vivo Basic Bishop Sleeve Top In Chiffon (Double Layered) - Hunters,56,3,59
Vivo Basic Leisure Pants - Burgundy,41,18,59
Vivo Studio Double Layered Tie Bodycon in Jersey - Chocolate,36,22,58
Vivo Cotton 3/4 Sleeve Wrap Top - White,52,6,58
Vivo Liora Tiered Maxi Skirt in Crepe - Light Olive,35,23,58
Vivo Tanda Cap Sleeve Sheath Dress in Ponte - Fuschia,53,5,58
Vivo Basic May Sweater - Mustard,56,2,58
Vivo Basic Sleeveless Jersey Waterfall - Sea Green,30,28,58
Vivo Basic 3/4 Sleeved Double Layered Bodysuit in Jersey - Dark Purple,57,1,58
Vivo Reversible Poncho Without Fringes - Emerald Green / Ivory Samba Print,50,8,58
Vivo Yumi Off Shoulder Jumpsuit In Crepe - Maroon / Black,45,13,58
Vivo Reversible Poncho Without Fringes - Burnt Orange / Black Samba Print,48,10,58
Vivo Basic Extra Long Lily Waterfall - Powder Blue,26,32,58
Vivo Basic Val Tank Top - Black,51,7,58
Vivo Upe Wide Leg Pants in Ponte - Orange,56,1,57
Vivo Liora Tiered Maxi Skirt in Crepe - Dusty Green,41,16,57
Vivo Amai Hi-Low Top - Navy / Blue  Izza Print,24,33,57
Vivo Basic Sleeveless Jersey Waterfall - Orange,37,20,57
Vivo Tanda Maxi Dress in Ponte - Orange,40,17,57
Vivo Kani Bishop Sleeve Top in Crepe - Hunters,54,3,57
Vivo Asha Sleeveless Knee Length Dress - White / Black Tori Print,55,2,57
Vivo Studio Longline Shorts in Crepe - Olive Stripes,41,16,57
Vivo Reversible Poncho Without Fringes - Mustard / Chocolate Brown Samba Print,39,18,57
Vivo Hadiya 3/4 Sleeve Maxi Dress in Chiffon - Navy,51,6,57
Vivo Basic 3/4 Sleeved Double Layered Bodysuit in Jersey - Rust,56,1,57
Vivo Asymmetrical Dolman Dress in Satin - Red / Black Arah Print,44,12,56
Vivo Zelda Panelled Dress In Crepe - Off White,34,22,56
Safari Solana Bubble Midi Skirt - Chocolate,26,30,56
Vivo Tie Dolman Kimono in Textured Crepe - Off White,54,2,56
Vivo Long Sleeve Midi Waterfall - Mustard,12,44,56
Safari by Vivo Adinkra Tank in Rib - Black,50,6,56
Vivo Everyday Cap Sleeve Top - Light Red,52,4,56
Vivo Ava Front Pleat Knee Length Dress In Crepe - White,48,8,56
Vivo Anavi Cascade Waterfall - Dark Mustard,31,25,56
Vivo Ruched Maxi Top in Textured Satin - Dark Olive,0,56,56
Vivo Studio Bodysuit In Jersey - Teal,43,13,56
Vivo Ria Drawstring Pants - Brown,44,12,56
Vivo Basic Leila Maxi Waterfall - Rust,47,9,56
Vivo Alma Mini Skirt - Gold,10,45,55
Vivo liora Satin Midi Dress - Red,14,41,55
Vivo Anavi Cascade Waterfall - Orange,26,29,55
Vivo Sleeveless Vest in Ponte - Navy,53,2,55
Vivo Asymmetrical Dolman Dress in Satin - Grey / Rust Arah Print,50,5,55
Vivo Studio Striped Pants In Crepe - Maroon Striped Print,37,18,55
Vivo Lulu Contrast Stitch Tent Dress in Cotton - White,0,55,55
Vivo Liora Shorts - Black,30,25,55
Vivo Cotton High Low Top - Sea Green,38,17,55
Vivo Square Neck Camisole in Satin - Light Mustard,50,5,55
Vivo Asha Wide Leg Pants in Chiffon - Dark Mustard,25,30,55
Vivo liora Satin Midi Dress - Dark Rust,22,33,55
Vivo Off Shoulder Jumpsuit in Crepe - Mint / Black Polka,37,18,55
Vivo Seli Midi Skirt - Light Mustard,9,45,54
Vivo Turtleneck Knit Fringe Poncho - Fuchsia,37,17,54
Vivo Talia Kimono & Shorts Set - Lilac / Purple Print,14,40,54
Vivo Zelda Panelled Dress In Crepe - Red,30,24,54
Vivo Extended Sleeve Maxi Dress in Jersey - Dark Green,0,54,54
Vivo Basic Chiffon Cap Sleeve Top (Double Layered) - Olive Green,34,20,54
Vivo Mini Butterfly Kimono in Sweater - Navy Blue,41,13,54
Vivo Wide Leg Pants in Textured Crepe - White,53,1,54
Vivo V-Neck Dress in Stretch Rib - Black,52,1,53
Vivo Dalia Flounce Sleeve Knee Length Dress in Chiffon - Light Green / Hunters Arah Print,52,1,53
Vivo Basic Drop Shoulder Top - Pink,19,34,53
Vivo Tanda V-Neck Top in Stretch Rib - Dark Green,52,1,53
Vivo Drop Shoulder Shirt in Organza - Off White,37,16,53
Vivo Zawadi Shift Dress - Dark Red,33,20,53
Vivo Liora Multiway Top in Satin - Rust Textured Print,28,25,53
Vivo Ruched Maxi Top in Textured Satin - Navy Blue,0,53,53
Vivo Wide Leg Pants in Textured Crepe - Black,53,0,53
Vivo Ruched Maxi Top in Textured Satin - Taupe,0,53,53
Vivo Godet Midi Dress in Crepe - Dark Purple,39,14,53
Vivo Studio Double Layered Tie Bodycon in Jersey - Dark Red,21,32,53
Vivo Studio Maxi Bodycon in Jersey - Dark Purple,29,24,53
Vivo Essi Wide Leg Pants In Satin - Red,32,21,53
Vivo Leila Maxi Waterfall - Olive,34,18,52
Safari by Vivo Two Way Wrap Top in Cotton - Lilac,34,18,52
Vivo X This Is Essential One Shoulder Bodysuit - Navy,11,41,52
Vivo Wrap Top in Crepe - Dark Mustard,51,1,52
Vivo Lulu Drawstring Top In Cotton - Lime,18,34,52
Vivo Nora Front Slit Knee Length Skirt - Navy,24,28,52
Vivo Basic Cap Sleeve Tent Knee Length Dress in Crepe - Dark Teal,43,9,52
Vivo Basic Panelled Leisure Pants - Dark Teal,47,5,52
Vivo Panelled Waist Midi Dress in Ponte - Denim Blue,42,10,52
Vivo Sakari Drop Shoulder Jumpsuit in Crepe - Buttermilk / Navy Print,51,1,52
Vivo Basic Sienna Waterfall - White,49,2,51
Vivo Godet Midi Dress in Crepe - Rust,38,13,51
Vivo Studio Longline Shorts in Crepe - Maroon Stripes,20,31,51
Vivo Sierra Cap Sleeve Tent Chiffon Dress - Navy Textured Print,51,0,51
Vivo Liora Front Drawstring Kaftan Dress in Satin - Olive Textured Print,21,30,51
Safari Zene Off Shoulder Top - Hunters,4,47,51
Vivo Ruched Maxi Top in Textured Satin - Rust,0,51,51
Vivo Seli Midi Skirt - Dark Green,10,41,51
Vivo Tanda Maxi Dress in Ponte - Yellow,29,22,51
Vivo Ari Sweater - Black,51,0,51
Zoya Basic Jersey Bandeau - Chocolate Brown,50,1,51
Vivo Ayah Hijab Headwrap - White / Orange Ullu Print,2,49,51
Vivo Isabi Loose Top In Chiffon - Light Blue,11,40,51
Vivo Basic Extra Long Lily Waterfall - Navy Blue,43,8,51
Vivo Ruched Maxi Top in Textured Satin - Dark Red,0,51,51
Vivo Liora Scalloped Maxi Top in Chiffon - Light Blue,31,20,51
Safari Tiwa Wide Leg Pants - Black,36,15,51
Vivo Liora Kaftan Tunic Top - Light Pink,18,32,50
Vivo Liora Scalloped Maxi Top in Chiffon - Rust,46,4,50
Vivo Reversible Poncho Without Fringes - Teal / Taupe Pepeo Print,32,18,50
Vivo Studio Longline Shorts in Crepe - Navy Stripes,14,36,50
Vivo Iyana Shirred waist Maxi Dress - Beige,29,21,50
Vivo Wide Leg Pants in Textured Crepe - Off White,48,2,50
Zoya Basic Jersey Bandeau - Mustard,50,0,50
Vivo Seli Midi Skirt - Maroon,13,37,50
Vivo Sleeveless Maxi Dress in Cotton - Black / White Abstract Print,50,0,50
Vivo Turtleneck Knit Fringe Poncho - Teal,49,1,50
Vivo Panelled Waist Midi Dress in Ponten Ponte - Navy,42,8,50
Vivo Liora Multiway Top in Satin - Olive Textured Print,26,24,50
Safari by Vivo Zehra Cotton High Low Shirt - Pink,43,7,50
Safari by Vivo Cotton Wrap Dress - Mint / Dark Green Print,36,14,50
Vivo Studio Mini Bubble Skirt in Satin - Black,21,29,50
Vivo Leila Cap Sleeve Tent Maxi Dress - Sea Green,5,45,50
Vivo Aleri Front Slit Sheath Dress - Black,43,7,50
Vivo Wrap Poncho in Sweater - Light Grey,48,1,49
Vivo Upe Wide Leg Pants in Ponte - Burgundy,49,0,49
Vivo Basic Long Sleeve Bodysuit (Seamless) - Dark Taupe,38,11,49
Vivo Ava Front Pleat Knee Length Dress In Crepe - Navy,36,13,49
Vivo Nuru Strappy Top - Brown,6,43,49
Vivo Liora Scalloped Maxi Top in Chiffon - White,48,1,49
Vivo Basic Long Sleeved Bodysuit - Black,46,3,49
Vivo Kani 3/4 Sleeve Knee Length Dress - Chocolate,18,31,49
Vivo Basic Satin Cap Sleeve Top - Black,6,43,49
Vivo Tanda Cap Sleeve Sheath Dress in Ponte - Black,44,5,49
Vivo Off Shoulder Dress in Print Cotton - Dusty Pink Multicolor Print,29,20,49
Vivo Ria Drawstring Pants - Off White,39,9,48
Vivo V-Neck Dress in Stretch Rib - Dark Red,21,27,48
Vivo Liora Kaftan Tunic Top - Lilac,5,43,48
Vivo Basic Round Neck Maxi Dress In Crepe - Dark Green,41,7,48
Vivo Tie Kimono in Sweater - Teal,33,15,48
Vivo Basic Tank Top In Jersey - Navy,42,6,48
Vivo Studio Longline Shorts in Crepe - Black Stripes,8,40,48
Vivo Imara Cap Sleeve Sheath Dress - Red,21,27,48
Vivo V-Neck Dress in Stretch Rib - Off White,41,7,48
Vivo Anavi Leggings In Jersey - Navy,32,16,48
Vivo Essi Scalloped Maxi Top in Satin - White / Teal Huwa Print,25,23,48
Vivo Wrap Top in Crepe - Dark Orange,43,4,47
Vivo Chela Pants in Jersey - Mulberry,23,24,47
Vivo Tanda Loose Sweater - Grey,31,16,47
Vivo Basic Sleeveless Jersey Waterfall - Chocolate,40,7,47
Vivo Asha Sleeveless Knee Length Dress - Dark Green,38,9,47
Vivo Dua Shirt In Satin - Dark Brown,42,5,47
Vivo Ari Sweater - Navy,45,2,47
Vivo Tatili Bishop Long Sleeve Top In Satin - Champagne,45,2,47
Vivo Basic 3/4 Sleeve Leila Bodycon Dress - Maroon,17,30,47
Vivo Long Sleeve Waterfall in Sweater - Mustard,46,1,47
Vivo Niari Sleeveless Tent Dress in Crepe - Black,45,2,47
Safari by Vivo Pintuck Shirt in Cotton - Black,35,12,47
Safari by Vivo Zehra Extra Wide Shirt in Linen - Rust,0,47,47
Vivo Dalia Sleeveless Tie Midi Dress in Print Cotton - Red Multicolor Print,29,17,46
Safari by Vivo Zehra Extra Wide Shirt in Linen - Light Beige,0,46,46
Vivo Dolman Sweater in Rib - Maroon,0,46,46
Vivo Safa Sweater - Off White,31,15,46
Safari Solana Bubble Midi Skirt - Olive,16,30,46
Vivo Basic Cap Sleeve Chiffon Maxi Dress - Chocolate,43,3,46
Safari by Vivo Pintuck Shirt in Cotton - Olive,38,8,46
Vivo Basic Trench Coat - Dark Teal,22,24,46
Vivo Cap Sleeve Salma Maxi Dress - Sea Green,17,29,46
Vivo Basic Leila Maxi Waterfall - Dark Red,33,13,46
Vivo Selah Mock Neck Top in Stretch Rib - Dark Green,36,10,46
Vivo Leila Cap Sleeve Tent Maxi Dress - Red,13,33,46
Vivo Anavi Cascade Waterfall - Sea Green,20,26,46
Vivo Basic Chiffon Cap Sleeve Top (Double Layered) - White,37,9,46
Safari by Vivo Two Way Wrap Top in Cotton - Yellow,39,7,46
Vivo Basic Dua Jacket - White,44,1,45
Vivo Lulu 3/4 Sleeve Maxi Kaftan in Cotton - Cream / Black Print,35,10,45
Vivo Pelia Round Neck Dress - Light Grey,14,31,45
Vivo Zelda Panelled Dress In Crepe - Black,25,20,45
Vivo Sanali Batwing Tie Top - Peach / Tan Print,17,28,45
Safari by Vivo Zehra Cotton High Low Shirt - Lilac,32,13,45
Vivo Waridi Pencil Skirt - Chocolate,44,1,45
Vivo Jersey Halter Neck Tank Top - Orange,35,10,45
Vivo Lulu Bubble Sleeve Top - Black,30,15,45
Vivo Hadiya 3/4 Sleeve Maxi Dress in Chiffon - Black,31,14,45
Shiv & Shikie X Safari Short Sleeve Shirt - Black,18,27,45
Vivo Off Shoulder Dress in Print Cotton - Yellow Multicolor Print,20,25,45
Safari by Vivo Zehra Extra Wide Shirt in Linen - Fuschia,0,45,45
Vivo Niari Pleated Dress in Crepe - White,41,4,45
Vivo Maisha Strappy Cover Up Jumpsuit In Rayon - White / Dark Green Print,26,19,45
Vivo Panelled Waist Midi Dress in Ponte - Orange,43,2,45
Vivo Basic 3/4 Sleeved Double Layered Bodysuit in Jersey - Mustard,45,0,45
Safari by Vivo Njano Drawstring Top in Cotton - Navy Blue,33,12,45
Vivo Liora Scalloped Maxi Top in Chiffon - Chocolate,40,5,45
Vivo liora Satin Midi Dress - Chocolate,20,25,45
Vivo Wrap Shawl in Sweater - Red,43,1,44
Vivo Basic Long Sleeve Bodysuit (Seamless) - Dark Green,39,5,44
Vivo Alek Shirred Off - Black,41,3,44
Vivo Boat Neck Dress in Ponte - Navy,37,7,44
Vivo Basic Cap Sleeved Bodysuit - Red,30,14,44
Vivo Tanda Maxi Dress in Ponte - White,41,3,44
Vivo Basic Tank Top - Chocolate,44,0,44
Vivo Everyday Long Sleeve Top In Jersey - Rust,33,11,44
Vivo Studio Shoulder Tie Top in Jersey - Dark Purple,34,10,44
Vivo Tanda V-Neck Top in Stretch Rib - Off White,33,11,44
Vivo Chela Sleeveless Waterfall in Jersey - Fuschia,35,9,44
Vivo Reversible Poncho Without Fringes - Mustard / Black Pepeo Print,42,2,44
Vivo Nandi High Slit Kimono - White / Light Blue Sinka Print,16,28,44
Vivo Panelled Waist Midi Dress in Ponte - Taupe,32,12,44
Vivo Yumi Cap Sleeve Dress In Crepe - Light Olive,11,32,43
Safari by Vivo Zehra Sleeveless Boxy Top - Black / White Print,18,25,43
Vivo Basic Bishop Sleeve Top In Chiffon (Double Layered) - Light Blue,29,14,43
Vivo Ria Drawstring Pants - Olive,40,3,43
Vivo Anavi Maxi Dress In Jersey - White,19,24,43
Vivo Sleeveless Godet Midi Dress in Jersey - Dark Mustard,37,6,43
Safari Tiwa Wide Leg Pants - Navy,32,11,43
Vivo Basic Short Sleeve Top - Sea Green,32,11,43
Vivo Tatili Bishop Long Sleeve Top In Satin - Mulberry,37,6,43
Vivo Reversible Poncho without Fringes - Black / Rust Ukwi Print,37,6,43
Vivo Basic Tolani Jersey Dress - Mulberry,26,17,43
Vivo Upe Wide Leg Pants in Ponte,42,1,43
Vivo Basic Cap Sleeve Chiffon Maxi Dress - Beige,27,16,43
Zoya Vasha  Sleeveless Turtleneck Top - Black / Grey,43,0,43
Vivo Dalia Sleeveless Tie Midi Dress in Print Cotton - Green Multicolor Print,26,16,42
Vivo Niari Sleeveless Tent Dress in Crepe - Dark Purple,39,3,42
Vivo Basic Trench Coat - Burgundy,35,7,42
Vivo Seli Head Wrap - Lime / Green Raha Print,20,22,42
Vivo Niari Sleeveless Top In Chiffon - Lilac,36,6,42
Vivo Basic Tank Top - Dark Red,40,2,42
Vivo Sleeveless Godet Midi Dress in Jersey - Chocolate,33,9,42
Vivo Naya Bishop Sleeve Shift Dress - White,27,15,42
Vivo Sierra Long Sleeve Top (Double Layered) - Navy,35,7,42
Vivo Yumi Cap Sleeve Dress In Crepe - Maroon,23,19,42
Vivo Basic Sleeveless Bodysuit - Light Grey,17,25,42
Vivo Wide Leg Pants in Textured Crepe - Red,36,6,42
Vivo Jersey Halter Neck Tank Top - Green,30,12,42
Vivo Wrap Top in Crepe - White,40,2,42
Vivo Tanda Maxi Skirt in Stretch Rib - Olive,39,3,42
Vivo Basic Chiffon Bishop Sleeve Top (Double Layered) - Neon Green,19,23,42
Vivo Multiway Short Kimono in Satin - Hunters Textured Print,14,28,42
Vivo Everyday Long Sleeve Top In Jersey - Tan,27,14,41
Vivo Sanali Batwing Tie Top - Mint / Green Print,9,32,41
Vivo Asha Wide Leg Pants in Chiffon - Dark Chocolate,37,4,41
Shiv & Shikie X Safari Short Sleeve Shirt - Lime,21,20,41
Safari by Vivo Zehra Extra Wide Shirt in Linen - Light Olive,0,41,41
Vivo Wastani Drawstring Pants - Maroon,35,6,41
Vivo Basic Cap Sleeve Knee Length Dress - Olive,37,4,41
Safari by Vivo Two Way Wrap Top in Cotton - Dusty Pink,33,8,41
Vivo Iyana Cape Top In Chiffon - Sea Green,25,16,41
Vivo Multiway Cover Up in Chiffon - Mulberry,28,13,41
Vivo Kani Bishop Sleeve Top in Crepe - Chocolate Brown,40,1,41
Vivo Godet Maxi Dress in Satin - Purple / Black Arah Print,38,3,41
Vivo Lulu Cotton Tent Mini Dress - White,36,5,41
Vivo Maxi Kimono in Chiffon - Light Blue / Black Print,34,7,41
Vivo Cotton 3/4 Sleeve Wrap Top - Lime Green,10,31,41
Vivo Niari Sleeveless Top In Chiffon - Bright Purple,30,11,41
Vivo Dolman Sweater in Rib - Tan,0,41,41
Vivo Sleeveless Godet Midi Dress in Jersey - Dark Olive,30,11,41
Vivo Seli Head Wrap - Navy Blue,22,19,41
Vivo Dalia Sleeveless Gathered Dress In Cotton - Rust / Brown Print,28,12,40
Vivo Cotton 3/4 Sleeve Wrap Top - Sea Green,17,23,40
Vivo Reversible Poncho without Fringes - Black / Teal Samba Print,34,6,40
Vivo Maisha Strappy Jumpsuit In Rayon - Olive Green / Off White Print,25,15,40
Vivo Asha Sleeveless Knee Length Dress In Crepe - Dark Purple,25,15,40
Vivo Mini Butterfly Kimono in Sweater - Black,39,1,40
Vivo Maxi Dress in Stretch Rib - Dark Taupe,34,6,40
Vivo Alma Mini Skirt - Dark Grey,12,28,40
Vivo Dua 3/4 Sleeved V Neck Shirt - White,38,2,40
Vivo Ava 3/4 Sleeve Tent Shirt Dress in Crepe - Light Olive,34,6,40
Vivo Nandi High Slit Kimono - White / Lilac Sinka Print,14,26,40
Vivo Lulu 3/4 Sleeve Maxi Kaftan in Cotton - Cream / Tan Print,35,4,39
Vivo Tie Dolman Kimono in Textured Crepe - Olive,38,1,39
Safari by Vivo Pintuck Shirt in Cotton - White,16,23,39
Vivo Sierra Long Sleeve Top in Chiffon (Double Layered) - Off White,37,2,39
Vivo Tatili Bishop Long Sleeve Top In Satin - Teal,26,13,39
Vivo Imara 3/4 Sleeve Tent Dress In Polyester - Navy,39,0,39
Vivo Seli Midi Skirt - Light Grey,11,28,39
Vivo Liora Wide Leg Pants - Hunters,34,5,39
Vivo Drop Shoulder Top in Cotton - Purple / Black Pinstripe Print,28,11,39
Vivo Basic Sleeveless Tent Dress in Crepe - Mustard / Black Print,30,9,39
Vivo Liora Tiered Maxi Skirt in Crepe - Lilac,20,19,39
Vivo Essi Wide Leg Pants In Satin - Fuschia,31,8,39
Vivo Boat Neck Dress in Ponte - Black,31,7,38
Vivo Tanda V-Neck Top in Stretch Rib - Black,35,3,38
Vivo Basic May Sweater - Light Grey,37,1,38
Vivo Basic Tolani Jersey Dress - Taupe,22,16,38
Vivo Dalia Sleeveless Tie Midi Dress in Print Cotton - Black Multicolor Print,28,10,38
Safari Tiwa Wide Leg Pants - Rust,28,10,38
Vivo Basic Tolani Jersey Dress - Fuschia,20,18,38
Vivo Yumi Off Shoulder Jumpsuit In Crepe - Black,38,0,38
Vivo Kani Wide Leg Pants in Crepe - Chocolate Brown,37,1,38
Vivo Lena Front Slit Knee Length Dress - Green,15,23,38
Vivo Tanda Maxi Skirt - Black,36,2,38
Vivo Liora Front Drawstring Kaftan Dress in Satin - Burgundy Textured Print,26,12,38
Vivo Bana Batwing Top in Jersey - Orange,35,3,38
Vivo Basic Chiffon Cap Sleeve Top (Double Layered) - Mustard,19,18,37
Vivo Everyday Short Waterfall in Jersey - Rust,35,2,37
Vivo Tatili Pinstripe Pants in Medium Crepe - Dark Teal,22,15,37
Vivo Sleeveless Maxi Dress in Cotton - Mint / Green Print,36,1,37
Safari by Vivo Zehra Extra Wide Shirt in Linen - Mustard,1,36,37
Vivo Drop Shoulder Top in Cotton - Navy,30,7,37
Vivo Tie Waist Kimono Maxi Dress in Textured Crepe - Maroon,36,1,37
Vivo Sleeveless Maxi Dress in Cotton - Cream / Orange Print,36,1,37
Shiv Shikie X Safari V-Neck Long Sleeve Sweatshirt in Rib - Mulberry,36,1,37
Vivo Safa Straight Leg Pants - Light Taupe,37,0,37
Vivo Asha Wide Leg Pants in Chiffon - Dark Brown,31,6,37
Vivo Sweatshirt in Scuba - Black,32,5,37
Vivo Lulu Cotton Barrel Pants - Khaki Green,11,26,37
Vivo Nora 3/4 Sleeve Peplum Top - Navy,14,23,37
Vivo Tanda Maxi Skirt - Off White,36,1,37
Vivo Studio Flared Pants In Ponte - Navy,36,1,37
Vivo Naya Bishop Sleeve Shift Dress - Chocolate,24,13,37
Safari by Vivo Zehra Tie Waist Kimono Dress - Olive Textured Print,27,10,37
Vivo Amai Asymmetrical Cape - Beige / Brown Iwa Print,33,4,37
Vivo Dalia Sleeveless Gathered Dress In Cotton - Blue Multicolor Print,18,18,36
Vivo Tie Dolman Kimono in Textured Crepe - Red,29,7,36
Vivo Sleeveless Maxi Dress in Cotton - Cream / Teal Print,36,0,36
Safari by Vivo Pintuck Shirt in Cotton - Rust,30,6,36
Vivo Basic Knee Length Dress In Chiffon - Green / Cream Print,34,2,36
Vivo Studio Strapless Maxi in Crepe- Lilac,18,18,36
Vivo Basic Cap Sleeve Chiffon Maxi Dress - Mustard,33,3,36
Vivo Talia Slim Pants - Navy,20,16,36
Zoya Basic Jersey Bandeau - Sea Green,36,0,36
Vivo Everyday Short Waterfall in Jersey - White,31,5,36
Vivo Basic Double Layered Wrap Poncho (Without Fringe) - Off White,27,9,36
Vivo Samira Cape Dress - Black,27,9,36
Vivo Everyday Side Twist Bodycon in Jersey - Dark Red,36,0,36
Vivo Everyday Short Waterfall in Jersey - Olive,35,1,36
Vivo Sierra Long Sleeve Top in Chiffon (Double Layered) - Pink,20,16,36
Vivo Alma Short Sleeve Mini Bodycon - Black,16,20,36
Safari by Vivo Zehra Barrel Pants - Black / White Print,11,25,36
Vivo Studio Double Layered Tie Bodycon in Jersey - Olive,23,13,36
Safari Solana Bubble Midi Skirt - Orange,15,21,36
Vivo Samira Wide Kimono - Green / Dark Green Print,12,23,35
Safari By Vivo Mens Cotton Short Sleeve Shirt - White / Black Print,23,12,35
Zoya Basic Jersey Bandeau - Dark Olive,35,0,35
Vivo Basic Sleeveless Bodysuit - White,32,3,35
Vivo Basic 3/4 Sleeved Double Layered Bodysuit - Sea Green,24,11,35
Vivo Straight Pants in Scuba - Brown,34,1,35
Vivo Samira Wide Kimono in Rayon - Blue / White Spiral Print,12,23,35
Safari Sizani Strappy Tent Top - Black,15,20,35
Vivo Dua 3/4 Sleeved V Neck Shirt - Navy Blue,25,10,35
Vivo Tanda Maxi Skirt - Olive,32,3,35
Vivo Tie Dolman Kimono in Textured Crepe - Navy,31,4,35
Vivo Samira Cape Dress - Navy,24,11,35
Safari Sizani 2 Way Wrap Top - Himo Print,21,14,35
Safari by Vivo Zehra Tie Waist Kimono Dress - Black Textured Print,19,16,35
Vivo Talia Kimono & Shorts Set - Light Pink / Green Print,10,25,35
Vivo Basic Sienna Waterfall - Dark Green,31,4,35
Vivo Basic Sleeveless Bodysuit - Grey,18,17,35
Vivo Ari Sweater - Dark Green,34,1,35
Vivo Basic Double Layered Wrap Poncho - Light Navy Blue,35,0,35
Vivo Liora Kaftan Tunic Top - Light Taupe,2,33,35
Vivo Sawari Crossed Cuff Batwing Top in Satin - Lilac,31,4,35
Vivo Dalia Sleeveless Tie Midi Dress in Print Cotton - Purple Multicolor Print,22,13,35
Vivo Iyana Knee Length Bubble Dress in Satin - White,32,3,35
Vivo Sweatshirt in Scuba - Brown,34,1,35
Vivo Iyana Knee Length Bubble Dress in Satin - Fuschia / Black Riwa Print,34,1,35
Vivo Studio Striped Pants In Crepe - Navy Striped Print,32,3,35
Vivo Basic Izzy Satin Bishop Sleeve Top - Dark Teal,7,28,35
Vivo Bana Batwing Top in Jersey - Mulberry,32,3,35
Zoya Basic Jersey Bandeau - Yellow,35,0,35
Safari Men's Long Sleeve Shirt - Khaki,20,15,35
Shiv Shikie X Safari V-Neck Long Sleeve Sweatshirt in Rib - Black,27,8,35
Vivo Basic Pencil Skirt - Burgundy,33,2,35
Vivo Lulu Cotton Barrel Pants - Black,23,11,34
Shiv Shikie X Safari V-Neck Long Sleeve Sweatshirt in Rib - Dark Green,24,10,34
Vivo Lindi High Low Dress - Mustard,23,11,34
Shiv & Shikie X Safari Printed Short Sleeve Shirt - Grey / Black Ezi Print,14,20,34
Vivo Val Full Length Leggings - Navy Blue,24,10,34
Vivo Liora Kaftan Tunic Top - Cream,7,27,34
Vivo Mini Butterfly Kimono in Sweater - Mustard,34,0,34
Vivo Zawadi Shift Dress in Chiffon - Beige / Brown Print,32,2,34
Safari by Vivo Wide Kaftan in Cotton - Turquoise Blue,16,18,34
Vivo Safa Sweater - Olive,28,6,34
Vivo Tanda Maxi Dress in Ponte - Green,33,1,34
Vivo Serwa Tent Dress In Crepe - Buttermilk,29,5,34
Vivo Seli Head Wrap - Magenta / Navy Raha Print,11,23,34
Vivo Godet Midi Dress in Crepe - Olive,26,8,34
Vivo Dalia Cap Sleeve Gathered Dress in Crepe - Dark Green Textured Print,29,5,34
Vivo Lulu 3/4 Sleeve Maxi Kaftan - Black / White Print,21,13,34
Vivo Keza V Neck Maxi Kaftan In Satin - Coral / Pink Print,18,16,34
Vivo Basic Cap Sleeve Top In Crepe - Dark Mustard,31,3,34
Vivo Basic Chiffon Cap Sleeve Top (Double Layered) - Hunters Green,13,21,34
Vivo Reversible Poncho Without Fringes - Black / Off White Pepeo Print,28,6,34
Shiv Shikie X Safari V-Neck Long Sleeve Sweatshirt in Rib - Olive,20,14,34
Vivo Anavi Short Sleeve Top - Dark Red,20,14,34
Vivo Dua Shirt In Satin - Navy,29,5,34
Vivo Basic Trench Coat - Navy Blue,30,3,33
Vivo Tie Waist Kimono Maxi Dress in Textured Crepe - White,32,1,33
Vivo Samira Pants - Navy / White Polka Dot Print,21,12,33
Vivo Safa Drop Shoulder Top - Light Taupe,33,0,33
Vivo Sakari Circular Loose Top in Textured Chiffon - Black,33,0,33
Vivo Wastani Drawstring Pants - Olive Green,13,20,33
Vivo Basic Sleeveless Bodysuit - Navy,21,12,33
Vivo Samira Wide Kimono in Rayon - Red / White Polka Dot,12,21,33
Vivo Sakari Cap Sleeve Maxi Dress - Black,30,3,33
Vivo Essi Wide Leg Pants In Satin - Navy,29,4,33
Zoya Basic Jersey Bandeau  -  Teal,33,0,33
Zoya Basic Jersey Bandeau - White,32,1,33
Vivo Lulu Cotton Tent Mini Dress - Lilac,25,8,33
Vivo Liora Drawstring Midi Dress - Mustard / Grey Ziza Print,11,22,33
Vivo Samira Wide Kimono in Rayon - Navy / White Polka Dot,11,22,33
Vivo Iyana Knee Length Bubble Dress in Satin - Lilac / Black Riwa Print,31,1,32
Vivo Sweatshirt in Scuba - Navy,30,2,32
Vivo Dalia Sleeveless Tie Midi Dress in Print Cotton - Olive Multicolor Print,21,11,32
Vivo Iyana Knee Length Bubble Dress in Satin - Light Yellow,26,6,32
Vivo Straight Pants in Scuba - Dark Green,31,1,32
Safari By Vivo Mens Cotton Long Sleeve Shirt - White / Navy Print,20,12,32
Vivo Essi Scalloped Maxi Top in Satin - White / Orange Huwa Print,31,1,32
Vivo Ajani V-Neck Top - Dark Green,26,6,32
Vivo Studio Panelled Mini Dress in Ponte - Burgundy,25,7,32
Vivo Samira Pants - Blue / White Spiral Print,25,7,32
Vivo Tie Waist Kimono Maxi Dress in Textured Crepe - Olive,27,5,32
Vivo Dua Shirt In Satin - Dark Red,28,4,32
Vivo Basic Tank Top - Orange,30,2,32
Vivo Dalia Sleeveless Gathered Tent Dress - Cream / Green Print,17,15,32
Vivo Studio Bodysuit In Jersey - Burgundy,17,15,32
Vivo Sakari Drop Shoulder Jumpsuit in Crepe - Yellow / Black Print,32,0,32
Vivo  X This Is Essential Short Unitard - Navy Blue,10,22,32
Vivo Liora Satin Drawstring Kimono Sleeve Top - Baby Blue Print,23,9,32
Safari Tiwa Wide Leg Pants - Hunters,27,5,32
Vivo Tanda Maxi Dress in Ponte - Red,21,11,32
Vivo Dua 3/4 Sleeved V Neck Shirt - Dark Green / Lime Yani Print,32,0,32
Safari Savannah Men's Short Sleeve Shirt - Beige,22,10,32
Vivo Kaisa Short Sleeve Maxi Bodycon In Polyester Stretch - Chocolate,26,5,31
Vivo Maxi Dress in Stretch Rib - Beige,23,8,31
Vivo Wrap Shawl in Sweater - Dark Green,30,1,31
Shiv Shikie X Safari V-Neck Long Sleeve Sweatshirt in Rib - Light Taupe,20,11,31
Vivo Maisha Strappy Cover Up Jumpsuit In Rayon - Black / Off White Print,18,13,31
Vivo Basic Tank Top - Dark Taupe,31,0,31
Vivo Seli Maxi Dress - Light Green / Pink Yani Print,30,1,31
Vivo Sweatshirt in Scuba - Dark Green,30,1,31
Zoya Sadira Mens' Chino Pants - Black,31,0,31
Vivo Laika Bishop Sleeve Shift Dress - Hunters Green,25,6,31
Vivo Wide Leg Pants in Textured Crepe - Olive,31,0,31
Vivo Dua Shirt In Satin - Dark Olive,24,7,31
Vivo Sierra Cap Sleeve Tent Chiffon Dress - Burgundy Textured Print,29,2,31
Vivo Maxi Kimono in Chiffon - Lilac / Black Print,24,7,31
Vivo Essi Front Slit Maxi Top In Satin - Fuschia,16,15,31
Vivo Sleeveless Maxi Dress in Cotton - Peach / Rust Print,30,1,31
Vivo Nora Front Slit Knee Length Skirt - Red,13,18,31
Vivo Zawadi Shift Dress - Chocolate,15,16,31
Safari by Vivo Zehra Cotton High Low Shirt - Light Olive,21,10,31
Vivo Aleri Wide Leg Pants - Purple,31,0,31
Vivo Anavi Maxi Dress In Jersey - Black,21,9,30
Vivo Niari Tent Dress - Grey,16,14,30
Vivo Sierra Bishop Sleeve Top - Brown / Yellow Lika Print,23,7,30
Vivo Niari Pleated Dress in Crepe - Off White,30,0,30
Vivo Sleeveless Maxi Dress in Cotton - Black / White Print,28,2,30
Vivo Basic Panelled Leisure Pants - Teal,23,7,30
Vivo Basic Escape A-line Dress - White,19,11,30
Vivo Dalia Sleeveless Gathered Dress In Cotton - Maroon Multicolor Print,23,7,30
Vivo Lulu 3/4 Sleeve Maxi Kaftan in Cotton - Cream / Dark Rust Print,27,3,30
Vivo Lena Front Slit Knee Length Dress - Navy,12,18,30
Vivo X This Is Essential Long Unitard - Navy Blue,15,15,30
Vivo Nasinka A-Line Knee Length Dress In Crepe - Olive Green,21,9,30
Vivo Basic Extra Long Lily Waterfall - Olive,18,12,30
Vivo Tanda Loose Sweater - Dark Grey,27,3,30
Vivo Samira Pants - Red / White Polka Dot Print,18,12,30
Vivo Rayon Jersey Slip Dress - White,15,15,30
Zoya  Taani Maxi Dress - Navy,30,0,30
Vivo Basic Chiffon Cap Sleeve Top (Double Layered) - Red,17,13,30
Vivo Basic Knee Length Dress In Chiffon - Black / White Print,29,1,30
Vivo Sierra Cap Sleeve Tent Chiffon Dress - Red Textured Print,26,4,30
Vivo Basic Knee Length Dress In Chiffon - Light Green / Cream Print,30,0,30
Vivo Wrap Shawl - Dark Grey,28,2,30
Safari Sizani Strappy Tent Top - White,16,14,30
Vivo Liora Front Drawstring Kaftan Dress in Satin - Brown Textured Print,14,15,29
Safari Lounge Pants In Jersey - Dark Green,27,2,29
Vivo Basic Val Long Sleeve Top - Sea Green,21,8,29
Vivo Lulu Wide Hem Tent Dress - Navy,24,5,29
Vivo Off Shoulder Maxi Dress in Cotton - Navy Multicolor Print,23,6,29
Vivo Tana Puff Sleeve Bodysuit - Red,16,13,29
Vivo Sierra Maxi Dress in Chiffon - Purple / Black Bori Print,29,0,29
Safari by Vivo Pintuck Shirt in Cotton - Chocolate,25,4,29
Safari by Vivo Zehra Cotton High Low Shirt - White,24,5,29
Vivo Laika 3/4 Sleeve Tent Dress - Black,25,4,29
Vivo X This Is Essential Long Unitard - Black,12,17,29
Vivo Bana Batwing Top - Rust,25,4,29
Vivo Lulu Contrast Stitch Tent Dress in Cotton - Yellow,7,22,29
Vivo Mini Butterfly Sweater - Black,29,0,29
Vivo Amai Hi-Low Top in Satin - White / Taupe Garini Print,11,18,29
Vivo V-Neck Camisole in Satin- Dark Teal,17,12,29
Vivo Off Shoulder Maxi Dress in Cotton - Green Multicolor Print,29,0,29
Safari Chui Lined Jacket - White Cloud,15,14,29
Vivo Bana Batwing Top in Jersey - Chocolate,29,0,29
Vivo Tie Waist Kimono Maxi Dress in Textured Crepe - Black,28,1,29
Vivo Square Neck Camisole in Satin - Orange,25,4,29
Safari Tafari Wrap Top - Songwe Print,6,23,29
Vivo Maisha Strappy Cover Up Jumpsuit In Rayon - White / Blue Print,20,9,29
Vivo Jersey Halter Neck Tank Top - Teal,29,0,29
Safari Bush Drop Shoulder Long Sleeve Top - Mustard,7,22,29
Vivo Zelda Panelled Dress In Crepe - Dark Pink,25,4,29
Vivo Basic Knee Length Dress In Chiffon - Brown / Cream Print,28,0,28
Vivo Anavi Cascade Waterfall - White,13,15,28
Vivo Selah Palazzo Pants in Stretch Rib - Dark Green,16,12,28
Vivo Multiway Poncho in Sweater - Dark Red,0,28,28
Vivo Niari Sleeveless Tent Dress in Crepe - Light Purple,22,6,28
Vivo Samira Wide Kimono in Rayon - Black / White Spiral Print,11,17,28
Vivo Liora Asymmetrical Satin Kaftan Top - Rust Textured Print,14,14,28
Vivo Asha Sleeveless Knee Length Dress In Crepe - Red,28,0,28
Safari Dila Poncho - Black / Mustard,28,0,28
Vivo Basic Kena Tent Maxi Dress - Orange,26,2,28
Vivo Lulu 3/4 Sleeve Maxi Kaftan in Cotton - Cream / Blue Print,18,10,28
Vivo Studio Mini Bubble Skirt in Satin - White,12,16,28
Vivo Talia Slim Pants - Maroon,6,22,28
Vivo Sleeveless Bodycon in Stretch Rib - Black,27,1,28
Safari Long Sleeve Waterfall - Powder Blue,15,13,28
Vivo Kani Tent Shirt Dress - Rust / Cream Print,7,21,28
Vivo Multiway Cover Up in Chiffon - Mint Green,7,21,28
Vivo Amai Hi-Low Top in Satin - Fuschia / Black Garini Print,16,12,28
Vivo Sanali Loose Top - Purple / Olive,26,2,28
Vivo Dalia Flounce Sleeve Knee Length Dress in Chiffon - Light Orange / Black Arah Print,26,2,28
Vivo Dalia Sleeveless Tie Midi Dress in Print Cotton - Light Blue Multicolor Print,18,9,27
Vivo Basic Bishop Sleeve Top In Chiffon (Double Layered) - Mustard,22,5,27
Vivo Thando Mock Neck Maxi Dress - White / Taupe Aria Print,22,5,27
Vivo Chela Sleeveless Waterfall in Jersey - Taupe,23,4,27
Vivo Chidii Tunic Dress With Frills - Rust / Black Print,25,2,27
Vivo Nuru Strappy Top - Dark Green,6,21,27
Vivo Safa Skirt - Fuschia,13,14,27
Vivo Nora Front Slit Knee Length Skirt - Purple,14,13,27
Safari by Vivo Adinkra Tank in Rib - Maroon,20,7,27
Vivo Pendo Cap Sleeve Tent Knee Length Dress - White,25,2,27
Vivo Samira Pants - Black / White Polka Dot Print,23,4,27
Safari Sizani 2 Way Wrap Top - Tafo Print,9,18,27
Safari by Vivo Cotton Wrap Dress - Olive / Peach Print,22,5,27
Safari Lounge Pants In Jersey - White,27,0,27
Vivo Everyday Cap Sleeve Top - Lime,20,7,27
Vivo Sleeveless Maxi Dress in Cotton - Taupe / Olive Print,23,4,27
Vivo Liora Asymmetrical Satin Kaftan Top - Taupe Textured Print,16,11,27
Vivo Pelia Kimono - Maroon / White Meni Print,22,5,27
Safari by Vivo Wide Kaftan in Cotton - Blue,22,5,27
Vivo Isabi Loose Top In Chiffon - Dark Purple,23,4,27
Vivo Everyday Long Sleeve Top In Jersey - Mulberry,21,6,27
Shiv & Shikie X Safari Barrel Pants - Black,10,17,27
Vivo Scoop Neck Bodycon in Jersey - Black,27,0,27
Vivo Bana Batwing Top - Black,27,0,27
Vivo Straight Pants in Scuba - Black,23,4,27
Vivo Wide Leg Pants in Textured Crepe - Navy,25,2,27
Vivo Tie Kimono in Sweater - Taupe,27,0,27
Vivo Kani Wide Leg Pants - Maroon,19,7,26
Vivo Asymmetrical Dolman Dress in Satin - Mustard / Brown Arah Print,22,4,26
Vivo Dua 3/4 Sleeved V Neck Shirt - Black,25,1,26
Zoya Basic Jersey Bandeau - Fuschia,26,0,26
Vivo Studio Bell Sleeve Tunic Top in Rib - Taupe,0,26,26
Vivo Iyana Shirred Waist Jumpsuit - Grey / Black Azari Print,24,2,26
Vivo Zawadi Shift Dress - Navy,24,2,26
Vivo Studio Bell Sleeve Tunic Top in Rib - Olive Green,0,26,26
Vivo Niari Pleated Dress in Crepe - Navy,21,5,26
Vivo Sakari Cap Sleeve Maxi Dress - White / Mustard Reni Print,26,0,26
Vivo Iyana Maxi Cover Up - Navy / Fuschia,14,12,26
Vivo Pelia Round Neck Dress - Dusty Green,20,6,26
Vivo Selah Maxi Dress - Off White,22,4,26
Vivo Multiway Cover Up in Chiffon - Black,26,0,26
Safari Tafari Off Shoulder Crop Top - Dark Navy Asili Print,8,18,26
Vivo Samira Wide Kimono in Rayon - White / Blue Leaf Print,6,20,26
Vivo Studio Bell Sleeve Tunic Top in Rib - Black,0,26,26
Vivo Alma Mini Skirt - Powder Blue,6,20,26
Vivo Studio Sweatshirt in Velvet - Black,24,2,26
Vivo Ruched Maxi Top in Textured Satin - Light Gold / Black Print,21,5,26
Vivo Basic Panelled Leisure Pants - Navy Dotted,25,1,26
Safari Kamari Ribbed Top - Hunters Green,15,11,26
Vivo Sierra Maxi Dress in Chiffon - Off White / Black Bori Print,25,1,26
Vivo Off Shoulder Maxi Dress in Cotton - Blue Multicolor Print,24,2,26
Vivo Cotton High Low Top - Lilac,21,5,26
Vivo Studio Flared Pants in Rib - Taupe,0,26,26
Vivo Studio Flared Pants in Rib - Black,0,26,26
Vivo Aleri Front Slit Sheath Dress - Hunters,11,15,26
Safari Men's Bomber Jacket - Dark Grey,10,16,26
Vivo Basic Cap Sleeve Tent Knee Length Dress in Crepe - White / Black Ula Print,26,0,26
Safari by Vivo Wide Kaftan in Cotton - Gold,18,8,26
Vivo Basic Long Sleeved Bodysuit - White,23,3,26
Vivo Tatili Wide Leg Pants - Lime,18,8,26
Vivo Basic Extra Long Lily Waterfall - Black,26,0,26
Vivo Samira Pants - White / Blue Leaf Print,25,1,26
Vivo Maxi Kimono in Chiffon - Beige / Black Print,26,0,26
Vivo Maisha Strappy Cover Up Jumpsuit In Rayon - Teal / Off White Print,14,12,26
Vivo Sakari Cap Sleeve Maxi Dress - Mustard / Black Reni Print,22,4,26
Vivo Skirts - Sample 15,14,12,26
Vivo Studio Flared Pants in Rib - Olive Green,0,26,26
Vivo Samira Pants - Green / Dark Green Print,12,13,25
Vivo Basic Open Kaftan - Light Green / Dark Green Print,9,16,25
Vivo Kaisa Short Sleeve Maxi Bodycon In Polyester Stretch - Maroon,25,0,25
Vivo Serwa Tent Dress - White,24,1,25
Vivo Studio Bodysuit In Jersey - Dark Mustard,14,11,25
Vivo Drop Shoulder Shirt in Organza - Orange,23,2,25
Vivo Zena Shirred Waist Maxi Shirt Dress in Crepe - Light Blue,23,2,25
Vivo Nora Front Pleat Knee Length Dress - Pink,19,6,25
Vivo Multiway Cover Up in Chiffon - Mustard,21,4,25
Vivo Liora Tiered Maxi Skirt in Crepe - Navy,9,16,25
Safari Sizani Men's Kitenge Tuxedo Shirt - Black,10,15,25
Vivo Amai Hi-Low Top in Satin - Lilac / Maroon Garini Print,22,3,25
Vivo Jersey Drop Shoulder Top - Dark Green,22,3,25
Vivo Talia Maxi Slip Skirt in Satin - Red,6,19,25
Vivo Cotton High Low Top - Navy,22,3,25
Vivo Liora Sleeveless Drawstring Top - Teal,10,15,25
Vivo Straight Pants in Scuba - Navy,23,2,25
Vivo Takali Asymmetrical Midi Length Kaftan In Satin - Black,17,8,25
Vivo Nora Front Slit Knee Length Skirt - Taupe,14,11,25
Vivo Samira Wide Kimono - Olive / White Print,4,21,25
Vivo Isabi Loose Top In Chiffon - Black,17,8,25
Vivo Studio Strapless Maxi in Crepe,12,13,25
Vivo Seli Strappy Tent Top - Black,19,6,25
Vivo Studio Strapless Maxi in Crepe- White,14,11,25
Vivo Basic Crepe Bishop Sleeve Top - Gold / Purple Print,24,0,24
Vivo Ari Sleeveless Straight Maxi Slit Dress - Sea Green,24,0,24
Vivo Liora Drawstring Pants In Satin - Off White / Black Print,16,8,24
Vivo Basic A-line Maxi Skirt - Black,19,5,24
Vivo Liora Scalloped Maxi Top - Navy,12,12,24
Vivo Tatili Wide Leg Pants - Rust,19,5,24
Vivo Talia Front Slit Maxi Top - White / Light Yellow Alia Print,10,14,24
Vivo Yumi Off Shoulder Jumpsuit In Crepe - Navy,6,18,24
Vivo Niari Tent Dress - Lilac,15,9,24
Vivo Basic Chiffon Cap Sleeve Top (Double Layered) - Dark Red,23,1,24
Vivo Samira Wide Kimono in Rayon - Black / White Polka Dot,9,15,24
Vivo Everyday Side Twist Bodycon in Jersey - Dark Mustard,20,4,24
Vivo Safa Skirt - Black,15,9,24
Vivo Basic Cap Sleeve Knee Length Dress - Light Blue / Navy Print,23,1,24
Vivo Wastani Drawstring Pants - Navy,12,12,24
Vivo Basic Cap Sleeve Tent Knee Length Dress in Crepe - Navy,17,7,24
Vivo Basic Sleeveless Midi Jersey Waterfall - Navy Blue,3,21,24
Vivo Rema 3/4 Sleeve Side Slit Tunic Top - Chocolate,6,18,24
Vivo Kaisa Mock Neck Sleeveless Top - Black Hill Texture,10,14,24
Vivo Dalia Sleeveless Tie Midi Dress in Print Cotton - Lilac Multicolor Print,22,2,24
Vivo Sleeveless Vest in Ponte - Dark Purple,22,2,24
Vivo Liora Kaftan Border Maxi Dress - Cream / Coral Ziza Print,11,13,24
Vivo X This Is Essential Raceback Bralette - Navy Blue,0,24,24
Vivo Iyana Maxi Cover Up - Black / Red,9,15,24
Vivo Basic Sleeveless Tent Dress in Crepe - White / Dark Hunters Print,20,4,24
Vivo Sleeveless Maxi Dress in Cotton - White / Black Print,20,4,24
Vivo Double Layered Wrap Poncho - Black,24,0,24
Vivo Anavi Leggings In Jersey - Black,23,1,24
Safari Tafari High Slit Kimono - Rust / Mashi Print,15,9,24
Vivo Multiway Poncho in Sweater - Mustard,1,22,23
Vivo Pelia Round Neck Dress - Dark Red,21,2,23
Vivo Iyana Tank Top - Dark Purple,9,14,23
Vivo liora Satin Midi Dress - Dark Green,21,2,23
Vivo Dalia Sleeveless Gathered Dress In Cotton - Purple Multicolor Print,21,2,23
Vivo Sierra Cap Sleeve Tent Chiffon Dress - Pink Textured Print,19,4,23
Vivo Chela Pants in Jersey - Fuschia,15,8,23
Vivo Selah Mock Neck Top in Stretch Rib - Chocolate,12,11,23
Vivo Basic Leisure Pants - Black,23,0,23
Vivo Dua Shirt In Satin - Rust,22,1,23
Vivo Wrap Shawl in Sweater - Maroon,22,1,23
Vivo Basic Kena Tent Knee Length Dress - Navy,19,4,23
Safari by Vivo Zehra Tie Waist Kimono Dress - Taupe,9,14,23
Vivo Sanali Wide Leg Pants - Orange Animal Print,14,9,23
Vivo Studio Mini Bubble Skirt in Satin - Navy,6,17,23
Vivo Tatili Bishop Long Sleeve Top In Satin - Green  Multicolor,22,1,23
Vivo Talia Kimono & Shorts Set - Olive / Hunters Green Print,6,17,23
Vivo Wrap Poncho in Sweater - Mustard,21,2,23
Vivo Wrap Shawl in Sweater - Mulberry,22,1,23
Vivo Lulu Drawstring Top In Cotton - Navy,22,1,23
Vivo Jersey Drop Shoulder Top - Olive,21,2,23
Vivo Liora Strappy Culotte Jumpsuit - Navy / Tan Print,19,4,23
Vivo Seli Head Wrap - Dark Green,8,15,23
Vivo Nora Front Pleat Knee Length Dress - Orange,22,1,23
Vivo Aleri Trench Coat Dress - Maroon,18,5,23
Vivo Cotton High Low Top - White,18,5,23
Vivo Mini Butterfly Kimono in Sweater - Light Taupe,21,2,23
Vivo Lulu Cotton Barrel Pants - Rust,18,5,23
Vivo Basic 3/4 Sleeve Double Layered Bodycon Dress - Dark Red,14,9,23
Safari Kamari Wide Leg Pants - White,8,15,23
Vivo Essi Front Slit Maxi Top In Satin - Navy,13,10,23
Vivo Basic Double Layered Wrap Poncho - Dark Green,23,0,23
Vivo Talia Slim Pants - Burgundy,15,8,23
Vivo Sakari Drop Shoulder Jumpsuit in Crepe - Orange / Black Print,23,0,23
Vivo Essi Scalloped Maxi Top in Satin - Cream / Olive Huwa Print,20,3,23
Zoya Basic Jersey Bandeau  -  Deep Teal,23,0,23
Vivo Anavi Runched Tank Top - Black,14,9,23
Vivo Merika Satin Wrap Top - Navy,16,6,22
Vivo Basic Val Tank Top - Rust,22,0,22
Vivo Kaisa Maxi Skirt - Taupe Hill Texture,16,6,22
Vivo Chela Sleeveless Waterfall in Jersey - Sea Green,9,13,22
Vivo Sleeveless Maxi Dress in Cotton - Dusty Pink / Burgundy Print,20,2,22
Vivo Thando Mock Neck Maxi Dress - Yellow / Rust Aria Print,18,4,22
Vivo Sakari Drop Shoulder Jumpsuit in Crepe - Navy,22,0,22
Vivo Nuru Strappy Top - Taupe / Chocolate Uri Print,5,17,22
Vivo Maisha Straight Leg Pants in Crepe,20,2,22
Vivo Off Shoulder Maxi Dress in Cotton - Red Multicolor Print,21,1,22
Vivo Takali Asymmetrical Midi Length Kaftan In Satin - Navy,11,11,22
Vivo Chela Sleeveless Waterfall in Jersey - Orange,8,14,22
Vivo Studio Flared Pants in Rib - Mustard,0,22,22
Vivo Lena Front Slit Knee Length Dress - Sea Green,7,15,22
Vivo Imelda Cowl Sweater - Red,22,0,22
Vivo Kelemi 4.0 Kimono - Purple,6,16,22
Vivo Niari Tent Dress - Beige,20,2,22
Vivo Selah Sleeveless Maxi Dress in Stretch Rib - Dark Taupe,22,0,22
Vivo Selah Mock Neck Top in Stretch Rib - Black,14,8,22
Safari Tiwa Shirred Top - Navy,10,12,22
Vivo Wide Leg Pants in Heavy Crepe - Dark Pink,19,3,22
Safari Kamari Front Slit Midi Skirt - Navy,13,9,22
Vivo Kani Tent Top - Navy,14,8,22
Safari by Vivo Zehra Barrel Pants - Black,14,8,22
Vivo Sierra Long Sleeve Top in Chiffon (Double Layered) - Chocolate,19,3,22
Vivo Basic Val Tank Top - Sea Green,22,0,22
Vivo Basic Chiffon Cap Sleeve Top (Double Layered) - Lilac,16,6,22
Vivo Studio Drawstring Pants in Velvet - Black,22,0,22
Vivo Basic Short Sleeve Top - Light Olive,14,8,22
Vivo Basic Drop Shoulder Top - Mustard,4,18,22
Vivo Liora Side Drawstring Kaftan Dress in Satin - Dark Navy,17,5,22
Vivo Studio Crew Neck Tee in Rib - Black,18,4,22
Vivo Studio Bell Sleeve Tunic Top in Rib - Mustard,0,22,22
Shiv Shikie X Safari Drawstring Pants in Rib - Black,21,1,22
Vivo Talia Wide Leg Pants - Lilac,16,6,22
Vivo Chela Sleeveless Waterfall in Jersey - Navy,7,15,22
Vivo Lulu 3/4 Sleeve Maxi Kaftan - Off White / Green Print,21,1,22
Zoya Capri Leggings - Navy Blue,21,1,22
Vivo Iyana Shirred Waist Jumpsuit - White / Lilac Azari Print,22,0,22
Vivo Wrap Shawl in Sweater - Taupe,21,1,22
Vivo Lena Front Slit Knee Length Dress - Red,18,4,22
Vivo X This Is Essential Short Unitard - Black,8,14,22
Safari Tafari Off Shoulder Crop Top - Shan Print,8,14,22
Vivo Wrap Shawl in Sweater - Mustard,20,1,21
Shiv & Shikie X Safari Printed Short Sleeve Shirt - Brown / Black Ezi Print,12,9,21
Vivo Basic Open Kaftan - Yellow / Chocolate Print,9,12,21
Vivo Basic Sienna Waterfall - Dark Red,21,0,21
Vivo Samira Pants - Black / White Spiral Print,16,5,21
Vivo Iyana Tank Top - Lime Yellow,10,11,21
Vivo Basic 3/4 Sleeve Double Layered Bodycon Dress - Teal,17,4,21
Vivo Basic 3/4 Sleeved Double Layered Bodysuit - Orange,17,4,21
Shiv & Shikie X Safari Faux Collar Printed Shirt - Grey/Black Ezi Print,4,17,21
Vivo Sawari Crossed Cuff Batwing Top in Satin - Mustard,21,0,21
Vivo Laika Bishop Sleeve Shift Dress in Crepe - Beige / Brown Loleni Print,21,0,21
Vivo Essi Front Slit Maxi Top In Satin - Orange,9,12,21
Safari Dila Poncho - Chocolate Brown / Tangerine,21,0,21
Vivo Lindi High Low Dress In Ponte - Mustard,21,0,21
Vivo Chidii Tunic Dress With Frills - Tan / Brown Print,19,2,21
Vivo Isabi Loose Top In Chiffon - Lilac,8,13,21
Vivo X This Is Essential  Sleeveless Scooped Neck Bodysuit - Grey,6,15,21
Safari Lounge Pants - Dark Taupe,18,3,21
Vivo Cotton High Low Top - Mustard,17,4,21
Vivo Liora Sleeveless Drawstring Top In Satin - Off White / Black Print,12,9,21
Vivo Basic Sleeveless Bodysuit - Off-White,7,14,21
Vivo Talia Wide Leg Pants - Rose Pink,10,11,21
Vivo Yumi Off Shoulder Jumpsuit In Crepe - Dark Green,18,3,21
Vivo Extended Sleeve Maxi Dress in Jersey - Chocolate,0,21,21
Vivo Extended Sleeve Maxi Dress in Jersey - Dark Olive,0,21,21
Vivo Seli Maxi Dress - Dark Green / Lime Yani Print,20,1,21
Vivo Contrast Stitch Pants in Denim - Dark Blue,18,3,21
Vivo Nuru Maxi Kimono - Brown,6,15,21
Vivo Ava Front Pleat Knee Length Dress In Crepe - Orange,19,2,21
Vivo Liora Side Drawstring Kaftan Dress in Satin - Navy / Off White Print,21,0,21
Vivo Dua Shirt In Satin - Taupe,16,5,21
Vivo Sleeveless Maxi Dress in Cotton - Chocolate / Green Print,16,4,20
Safari Kamari Capri Cargo Pants - White,2,18,20
Vivo Nuru Strappy Maxi Dress - Navy,5,15,20
Vivo Maisha Straight Leg Pants in Crepe - Black / Pink Print,13,7,20
Vivo Double Layered Wrap Poncho - Mustard,20,0,20
Shiv Shikie X Safari Drawstring Pants in Rib - Dark Green,19,1,20
Zoya Sadira Bell Bottom Pants - Grey,20,0,20
Vivo Wrap Shawl in Sweater - Dark Brown,13,7,20
Vivo Anavi Short Sleeve Top - Black,10,10,20
Vivo X This Is Essential Ruched Bodysuit - Red,2,18,20
Safari by Vivo Zehra Tie Waist Kimono Dress - Cream / Black Print,13,7,20
Safari Savannah Chinese Collar Shirt - Chocolate,5,15,20
Safari Tafari High Slit Kimono - Teal / Keta Print,11,9,20
Zoya Jersey Bandeau - Yellow,20,0,20
Vivo Tatili Bishop Long Sleeve Top In Satin - Olive  Multicolor,19,1,20
Vivo Liora Strappy Culotte Jumpsuit - Dark Green / Tan Print,12,8,20
Vivo Nora Front Pleat Knee Length Dress - Taupe,20,0,20
Vivo Waridi Sleeveless Overcoat - Dark Teal,10,10,20
Vivo Kaisa Short Sleeve Maxi Bodycon In Polyester Stretch - Black,19,1,20
Zoya Temo Men's Knee Length Shorts - Camo Brown,20,0,20
Vivo Tatili Bishop Long Sleeve Top In Satin - Off White,17,3,20
Safari Tiwa Wide Leg Pants - White,19,1,20
Vivo Lulu 3/4 Sleeve Maxi Kaftan - Light Olive / White Print,19,1,20
Safari by Vivo Zehra Shirred Midi Dress - Mulberry,10,10,20
Vivo Amai Asymmetrical Cape - Light Blue / Brown Iwa Print,19,1,20
Vivo Sleeveless Vest in Ponte - Rust,18,2,20
Vivo Basic Double Layered Wrap Poncho - Off White,20,0,20
Vivo Lulu Wide Hem Tent Dress - Red,15,5,20
Vivo Zahari 3/4 Sleeve Off-Shoulder Jumpsuit - Navy,18,2,20
Vivo Anavi Short Sleeve Top - Dark Mustard,9,11,20
Vivo Basic A-line Maxi Skirt - Navy Blue,14,5,19
Vivo Multiway Short Kimono in Satin - Burgundy Textured Print,18,1,19
Safari Dila  Poncho - Teal / Black,19,0,19
Vivo Lindi High Low Dress In Ponte - Navy Blue,19,0,19
Vivo Iyana Knee Length Bubble Dress in Satin - Red / Black Riwa Print,15,4,19
Vivo Tatili Wide Leg Pants - Dark Green,15,4,19
Vivo Zahari 3/4 Sleeve Off Shoulder Jumpsuit In Crepe - Lilac,16,3,19
Vivo Seli Maxi Dress - Mulberry / Lilac Yani Print,18,1,19
Shiv Shikie X Safari Drawstring Pants in Rib - Mulberry,18,1,19
Safari Naledi Flounce Tent Dress - Brown / Blue Nale Print,9,10,19
Vivo Nora Front Slit Knee Length Skirt - Hunters,8,11,19
Vivo J.O V-Neck Sheath Dress - Wine Red,3,16,19
Safari Dila Poncho - Raspberry / Light Grey,19,0,19
Vivo Samira Maxi Kimono - Hunters / Red Print,9,10,19
Vivo Basic Dua Jacket - Wine Red,18,1,19
Vivo Multiway Poncho in Sweater - Black,6,13,19
Vivo Nora 3/4 Sleeve Peplum Top - Red,4,15,19
Vivo Chidii Tunic Dress With Frills - Dark Navy Textured Print,17,2,19
Vivo Chela Basic Cap Sleeve Top - Royal Blue,18,1,19
Vivo Sierra Cap Sleeve Tent Chiffon Dress - Red,16,3,19
Vivo Selah Palazzo Pants in Stretch Rib - Maroon,12,7,19
Safari by Vivo Zehra Drawstring Pants - Tan,8,11,19
Vivo Basic Sleeveless Kena Tent Maxi Dress - Black,19,0,19
Vivo Basic 3/4 Sleeved Double Layered Bodysuit - Olive,12,7,19
Vivo Iyana Shirred Waist Jumpsuit - Cream / Yellow Azari Print,15,4,19
Vivo Nandi High Slit Kimono - White / Mint Sinka Print,6,13,19
Vivo Basic Extra Long Lily Waterfall - Dark Tan,7,12,19
Vivo Basic Knee Length Dress In Chiffon - Black / Cream Print,18,1,19
Vivo Basic Round Neck Maxi Dress In Crepe - Purple,19,0,19
Safari by Vivo Adinkra Tank in Rib - Navy,14,5,19
Vivo Liora Drawstring Pants In Satin - Dark Mustard / Black Print,10,9,19
Safari Njano Men's Straight Leg Pants - Obu Print,8,11,19
Shiv & Shikie X Safari Barrel Pants - Olive,7,12,19
Vivo Sanali Loose Top - Purple / Peach,13,6,19
Vivo Wide Leg Pants in Heavy Crepe - Mustard,16,3,19
Vivo Liora Drawstring Pants In Satin - Olive / Purple Print,14,5,19
Vivo Liora Drawstring Pants In Satin - Grey / Black Print,12,7,19
Vivo Maisha Strappy Cover Up Jumpsuit In Rayon - White / Pink Print,13,6,19
Vivo Liora Drawstring Pants - White,16,3,19
Vivo Niari Sleeveless Tent Dress in Crepe - White / Black Print,18,1,19
Vivo Dua 3/4 Sleeved V Neck Shirt - Beige,14,5,19
Safari Naledi Gathered Panel Maxi Skirt - Pink,7,12,19
Vivo Basic Chiffon Cap Sleeve Top (Double Layered) - Purple,12,7,19
Vivo Essentials Tank Top - Yellow,13,6,19
Vivo Essentials Tank Top - Mulberry,16,3,19
Vivo Zuri Cap Sleeve Knee Length Dress - Blue / Black Print,14,4,18
Vivo Dalia Cap Sleeve Gathered Tent Dress - Black,16,2,18
Safari Chui Cropped Jacket - White Cloud,6,12,18
Vivo Samira Wide Kimono in Rayon - Black / Brown Polka Dot,4,14,18
Vivo Nora Front Pleat Knee Length Dress - Dark Red,16,2,18
Vivo Wastani Drawstring Pants - Dusty Green,17,1,18
Vivo Sierra Cap Sleeve Tent Chiffon Dress - Beige Textured Print,18,0,18
Safari Men's Shacket - Dark Grey,8,10,18
Safari Naledi Flounce Tent Dress - Black / White Nale Print,12,6,18
Vivo Leila Short Waterfall - Sea Green,14,4,18
Vivo Kemi Maxi Skirt - Dark Red,8,10,18
Vivo Basic Dua Jacket - Red,18,0,18
Vivo Wrap Shawl in Sweater - Orange,17,1,18
Safari Mali Bishop Sleeve Shirt Dress - Khaki,6,12,18
Safari Long Sleeve Waterfall - Dark Tan,12,6,18
Vivo Sierra Cap Sleeve Tent Chiffon Dress - Black Textured Print ,18,0,18
Safari Men's Chinese Collar Long Sleeve Shirt - Coral,10,8,18
Vivo Studio Flared Pants In Ponte - Burgundy,16,2,18
Vivo Yumi Off Shoulder Jumpsuit In Crepe - Maroon,15,3,18
Vivo Talia Wide Leg Pants - White,12,6,18
Vivo Talia Sleeveless Tank Top - Dark Olive,10,8,18
Vivo Lani Maxi Dress In Satin - Taupe / White Yali Print,13,5,18
Vivo Liora Asymmetrical Satin Kaftan Top - Brown Textured Print,11,7,18
Vivo Liora Drawstring Pants - Olive Green,7,11,18
Safari by Vivo Zehra 3/4 Sleeve Kitenge Maxi Dress - Nara Print,18,0,18
Safari by Vivo Zehra Barrel Pants - Olive / White Print,11,7,18
Vivo Basic Crepe Cap Sleeved Top - Navy Blue,18,0,18
Vivo Lulu Bubble Sleeve Top In Cotton - Lime,12,6,18
Vivo Lulu Bubble Sleeve Top - Fuschia,8,10,18
Safari by Vivo Cotton Wide Drawstring Kaftan - Light Blue / Green Print,15,3,18
Vivo Amai Hi-Low Top - Green / Pink Izza Print,9,9,18
Safari Savannah Men's Drawstring Shorts (Tall) - Black,12,6,18
Vivo Niari Pleated Dress in Crepe - Dark Pink,16,2,18
Vivo Rema Straight Leg Pants - Chocolate,8,10,18
Vivo Keza Satin Border Maxi Kaftan - Teal / Lilac Abstract Print,14,4,18
Vivo Extended Sleeve Maxi Dress in Jersey - Dark Mustard,0,18,18
Vivo Isabi Sleeveless Kimono - Lilac / Purple Pasi Print,17,1,18
Vivo Ari One Shoulder Maxi Dress - Chocolate Brown,16,2,18
Vivo Contrast Stitch Pants in Denim - Black,15,3,18
Vivo Seli Strappy Tent Top - White / Black Esli Print,11,7,18
Vivo Sakari Circular Loose Top in Textured Chiffon - Orange,18,0,18
Vivo Yumi Off Shoulder Jumpsuit In Crepe - Rust / Black Print,16,2,18
Vivo Basic Chiffon Cap Sleeve Top (Double Layered) - Dark Rust,10,8,18
Vivo Liora Drawstring Pants In Satin - Dark Olive / Black Print,5,13,18
Vivo Anavi Cascade Waterfall - Black,14,4,18
Vivo Off Shoulder Jumpsuit in Crepe - Taupe / Black Polka,17,1,18
Vivo Basic Chiffon Cap Sleeve Top (Double Layered) - Burgundy,15,3,18
Vivo Full Length Kimono - Keri,8,9,17
Safari Men's Cargo Pants - Dark Grey,7,10,17
Vivo Sleeveless Vest in Ponte - White,15,2,17
Vivo Essi Scalloped Maxi Top in Satin - Cream / Lilac Huwa Print,10,7,17
Safari by Vivo Zehra Sleeveless Boxy Top - Navy,7,10,17
Vivo Keza V Neck Maxi Kaftan In Satin - Cream / White Print,15,2,17
Vivo Serwa Tent Dress In Crepe - Coral,5,12,17
Vivo Wastani Drawstring Pants - Hunters,9,8,17
Vivo Basic Leila Maxi Waterfall - Navy Blue,10,7,17
Vivo Tatili Wide Leg Pants - Black,13,4,17
Vivo Samira Pants - Mustard / Brown Print,9,8,17
Vivo Basic Kena Tent Knee Length Dress - Red,15,2,17
Vivo Basic Sleeveless Jersey Waterfall - Off White,15,2,17
Vivo Ari Sweater - Grey,17,0,17
Vivo Basic Long Sleeved Bodysuit - Teal,14,3,17
Vivo Basic Cap Sleeved Bodysuit - Dark Teal,17,0,17
Safari By Vivo Mens Cotton Shorts - Dark Grey,11,6,17
Vivo Basic Waterfall - Hunters Green,12,5,17
Vivo Nora 3/4 Sleeve Peplum Top - Purple,8,9,17
Vivo Basic Cap Sleeve Top In Crepe - Light Grey,16,1,17
Safari By Vivo Mens Cotton Shorts - Khaki Tan,11,6,17
Vivo Dalia Sleeveless Gathered Dress In Cotton - Light Blue / Navy Print,12,5,17
Safari Savannah Kitenge Midi Wrap Dress - Sipo Print,9,8,17
Safari by Vivo Wide Kaftan in Cotton - Dusty Green,11,6,17
Vivo Yumi Maxi Shirt Dress - Red,16,1,17
Vivo Zahari Sweatheart Neck Jumpsuit - Taupe / White Print,12,5,17
Vivo Tatili Wide Leg Pants - Hunters Green,13,4,17
Safari Mali Bishop Sleeve Shirt Dress - Black,9,8,17
Vivo X This Is Essential Scooped Neck Bralette - Black / White,6,11,17
Safari Tiwa Wide Leg Pants - Maroon,12,5,17
Vivo Ajani V-Neck Top - Mustard,17,0,17
Vivo Safa Skirt - Taupe,8,9,17
Vivo Basic Ali Jacket - Red,4,13,17
Vivo Samira Cape Dress - Purple Print,12,5,17
Vivo Lulu Wide Hem Tent Dress - Lilac,14,3,17
Vivo X This Is Essential  Sleeveless Scooped Neck Bodysuit - Chocolate,5,12,17
Vivo Liora Drawstring Pants - Coral,3,14,17
Vivo Wastani Drawstring Pants - Olive,13,4,17
Vivo Everyday Short Waterfall in Jersey - Burgundy,16,1,17
Vivo Leila Maxi Waterfall - Fuschia,11,6,17
Vivo Basic Short Sleeve Top - Orange,12,4,16
Zoya Essentials Mini Bodycon - Teal / Brown Print,1,15,16
Safari Tafari High Slit Kimono - Rust / Bito Print,12,4,16
Vivo Ayah Hijab Headwrap - Black,1,15,16
Vivo Chela Pants in Jersey - Dark Red,15,1,16
Vivo Basic Cap Sleeve Chiffon Maxi Dress - Red,12,4,16
Vivo Lulu Cotton Tent Mini Dress - Mustard,13,3,16
Vivo Leila Cap Sleeved Tent Maxi Dress,7,9,16
Shiv & Shikie X Safari Faux Collar Shirt - Black,5,11,16
Vivo Ari Sweater - White,16,0,16
Vivo Talia Kimono & Shorts Set - Light Yellow / Mustard Print,6,10,16
Safari by Vivo Zehra Sleeveless Boxy Top - Black,12,4,16
Zoya Basic Full Length Leggings - Teal,14,2,16
Vivo Wrap Shawl in Sweater - Teal,15,1,16
Vivo Sawari Crossed Cuff Batwing Top in Satin - Light Olive,12,4,16
Vivo Nandi High Slit Kimono - Grey / Black Print,4,12,16
Safari Njano Men's Trench Coat - Obu,6,10,16
Vivo Anavi Runched Tank Top - White,7,9,16
Vivo Basic Kena Tent Knee Length Dress - Black,16,0,16
Vivo Sierra Maxi Chiffon Dress - Rust,14,2,16
Safari by Vivo Zehra Sleeveless Boxy Top - Olive / White Print,10,6,16
Safari Solana Wrap Dress - Dark Turquoise,9,7,16
Vivo Rema Straight Leg Pants - Lilac,5,11,16
Vivo Maisha Straight Leg Pants in Crepe - Grey / Hunters Print,11,5,16
Vivo Liora Drawstring Midi Dress - White / Purple Ziza Print,6,10,16
Vivo Keza V Neck Maxi Kaftan In Satin - Beige / Brown Print,15,1,16
Vivo Isabi Loose Top  in Chiffon - Mustard,15,1,16
Vivo Basic Val Tank Top - Maroon,16,0,16
Vivo Lulu Bubble Sleeve Top - Dark Green,9,7,16
Vivo Niari Sleeveless Top - Black,12,4,16
Safari Njano Men's Knee Length Shorts - Rust,5,11,16
Vivo Cotton High Low Top - Black,12,4,16
Vivo Sakari Drop Shoulder Jumpsuit in Crepe - Dark Hunters,16,0,16
Vivo Chela Sleeveless Waterfall in Jersey - Mustard,12,4,16
Vivo Kani 3/4 Sleeve Knee Length Dress - Red,11,5,16
Vivo Liora Sleeveless Drawstring Top In Satin - Black / White Print,12,4,16
Vivo Liora Shorts - Cream / Coral Ziza Print,9,7,16
Safari by Vivo Wide Kaftan in Cotton - Taupe,15,1,16
Vivo Basic Val Tank Top - Light Olive,12,4,16
Vivo Diella 3/4 Sleeve A-Line Dress - Dark Purple,13,3,16
Vivo Samira Wide Kimono - Black / Green Print,5,11,16
Vivo Talia Maxi Slip Skirt in Satin - Navy,8,8,16
Vivo Iyana Cape Top - Light Blue,14,2,16
Vivo Straight Pants in Scuba - Dark Olive,15,1,16
Vivo Nora Front Pleat Knee Length Dress - Navy,13,3,16
Vivo Talia Sleeveless Tank Top - Maroon,11,5,16
Safari Kitenge Men's Sweat Pants - Grey/ Neba Print,14,2,16
"Vivo Double Layered Wrap Poncho, Rust",16,0,16
Safari Sizani Strappy Tent Top - Navy Blue,12,4,16
Vivo Naya Bishop Sleeve Shift Dress - Mustard,9,7,16
Vivo Chela Pants in Jersey - Navy,6,10,16
Vivo Liora Drawstring Pants - Dark Green,9,7,16
Safari Bush Drop Shoulder Long Sleeve Top - Hunters Green,11,5,16
Vivo Wastani Shirred Sleeve Easy Fit Shirt - Dark Navy Blue,13,2,15
Zoya Yuni Off Shoulder Midriff Top - Buttermilk,11,4,15
Vivo Basic Spaghetti Strap Tank Top - Tan,11,4,15
Vivo Ria Mock Neck Top - Lilac,8,7,15
Vivo Liora Sleeveless Drawstring Top In Satin - Olive / Purple Print,14,1,15
Vivo Basic Sleeveless Tent Dress - Black,14,1,15
Vivo Basic Round Neck Maxi Dress - Navy,15,0,15
Vivo Jersey Spaghetti Tank Top - Olive,15,0,15
Vivo Merika Satin Wrap Top - Black / Cream Animal Print,14,1,15
Safari Tafari Shorts - Shan Print,8,7,15
Safari by Vivo Cotton Wrap Dress - Yellow / Pink Print,15,0,15
Vivo Laika 3/4 Sleeve Tent Dress In Crepe - Mint / Black Laki Print,15,0,15
Vivo Essentials Tank Top - Teal,9,6,15
Vivo Wide Leg Pants in Heavy Crepe - Off White,14,1,15
Vivo Tanda Loose Sweater - Black,15,0,15
Safari by Vivo Naledi Bubble Midi Dress - Beta Print,12,3,15
Vivo Basic 3/4 Sleeved Double Layered Bodysuit - Pink,11,4,15
Safari by Vivo Pintuck Shirt Dress in Cotton - Lilac,0,15,15
Safari by Vivo Zehra Barrel Pants - Navy,7,8,15
Vivo Cotton 3/4 Sleeve Wrap Top - Chocolate,4,11,15
Safari Tafari Highlow Top in Kitenge - Kinra Print,15,0,15
Vivo Basic Cap Sleeve Top In Crepe - Lilac,11,4,15
Shiv & Shikie X Safari Faux Collar Shirt - Lime,8,7,15
Vivo Selah Mock Neck Top in Stretch Rib - Maroon,14,1,15
Safari Kamari Front Slit Midi Skirt - White Cloud,8,7,15
Vivo Basic Imelda Cowl Sweater - Grey,15,0,15
Vivo Talia Sleeveless Tank Top - Burgundy,10,5,15
Safari Naledi Flounce Tent Dress - White / Black Nale Print,12,3,15
Vivo Zahari 3/4 Sleeve Off Shoulder Jumpsuit In Crepe - Olive Green,12,3,15
Vivo Basic Knee Length Dress In Chiffon - Maroon / Beige Print,14,1,15
Vivo Seli Maxi Dress - Orange / Chocolate Yani Print,14,1,15
Shiv Shikie X Safari Drawstring Pants in Rib - Light Taupe,11,4,15
Vivo Basic Cap Sleeve Tent Knee Length Dress - White,15,0,15
Safari Lounge Pants - Black,15,0,15
Vivo Wrap Shawl in Sweater - Rust,15,0,15
Vivo Safa Straight Leg Pants - Dark Olive,15,0,15
Vivo Keza Satin Border Maxi Kaftan - Brown / Cream Abstract Print,13,2,15
Vivo Safa Sweater - Navy,14,1,15
Vivo Niari straight leg Pants - Maroon,5,10,15
Vivo Niari Sleeveless Top - Orange,14,1,15
Vivo Aleri Trench Coat Dress - Rust,7,8,15
Vivo Jersey Drop Shoulder Top - Dark Purple,10,5,15
Vivo Mandla Tent Dress - Black,14,1,15
Zoya Yuni Contrast Stitch Mini Skirt - Black,12,3,15
Vivo Kitenge Strappy Tie Back Top - Obu,4,10,14
Vivo Takali Asymmetrical Midi Length Kaftan - Dark Tan,8,6,14
Vivo Side Slit Midi Waterfall - Off White,7,7,14
Vivo Bana Batwing Top - Dark Olive,3,11,14
Vivo Nora Round Neck Sleeveless Top - Sea Green,8,6,14
Safari Dila Poncho - Dark Sage / Ivory,14,0,14
Safari Mansi Mens Summer Shirt - Green Stripes,14,0,14
Vivo Basic Tank Top - Rust,12,2,14
Vivo Sweatshirt in Scuba - Dark Olive,14,0,14
Vivo Basic Sleeveless Sienna Waterfall - Navy Blue,6,8,14
Vivo Diella 3/4 Sleeve Pleated Dress - Mulberry,11,3,14
Vivo Basic Sleeveless Tent Maxi Dress - Navy,14,0,14
Vivo Diella Pleated Dress - Black,9,5,14
Vivo Takali Asymmetrical Midi Length Kaftan In Satin - Light Taupe,10,4,14
Safari Kamari Drop Shoulder Top - Navy Blue,5,9,14
Vivo Sweatshirt in Scuba - Lilac,13,1,14
Vivo Everyday Sleeveless Jersey Waterfall - Fuschia,14,0,14
Vivo Talia Wide Leg Pants - Dark Olive,10,4,14
Vivo Basic Open Kaftan - Light Green / Rust Print,11,3,14
Safari Dila Poncho - Rust / Black,14,0,14
Vivo Ari One Shoulder Maxi Dress - Red,14,0,14
Safari by Vivo Zehra Drawstring Pants - Coral,10,4,14
Vivo Basic May Sweater - White,13,1,14
Vivo Basic Tank Top - Burnt Orange,13,1,14
Vivo Basic Short Sleeve Top - Mustard,14,0,14
Zoya Sadira Mens' Chino Shorts - Black,14,0,14
Safari by Vivo Zehra Sleeveless Boxy Top - Brown,7,7,14
Vivo Maisha Drop Shoulder Maxi Dress In Rayon - Pink / Light Tan Print,8,6,14
Safari by Vivo Zehra Extra Wide Shirt in Linen - Lilac,10,4,14
Vivo Val Cap Sleeve Top - White,14,0,14
Vivo Laika 3/4 Sleeve Tent Dress - Red,10,4,14
Vivo Tana Puff Sleeve Bodysuit In Jersey - Chocolate Brown,12,2,14
Vivo Tatili Bishop Long Sleeve Top - Fuschia,12,2,14
Safari Savannah Men's Short Sleeve Shirt - White,6,8,14
Vivo Alani High Low Dress - Black Stripes Print,14,0,14
Vivo Laika Bishop Sleeve Shift Dress In Crepe - Dark Mustard / Black Aria Print,13,1,14
Safari Kamari Mini Skirt - White Cloud,6,8,14
Vivo Alani High Low Dress - Black Checkered Print,14,0,14
Vivo Liora Drawstring Kimono Sleeve Top - Olive Green,4,10,14
Vivo Nasinka A-Line Maxi Dress - Dark Mustard,8,6,14
Vivo Basic Val Long Sleeve Top - Chocolate,14,0,14
Safari Savannah Men's Straight Leg Pants - Black,5,9,14
Vivo Lena Front Slit Knee Length Dress - Dark Mustard,8,6,14
Vivo Studio Maxi Bodycon in Jersey - Dark Green,8,6,14
Vivo Drop Shoulder Top in Cotton - Purple Slim Pinstripe Print,11,3,14
Vivo Liora Drawstring Pants - Red,5,9,14
Vivo Liora Scalloped Maxi Top - Lilac,8,6,14
Vivo Iyana Tank Top - Green,13,1,14
Vivo Kaisa Mock Neck Sleeveless Top - Taupe Hill Texture,5,9,14
Vivo Basic Double Layered Capri Skirt - Rust,6,8,14
Safari Tafari Highlow Top in Kitenge - Shera Print,14,0,14
Zoya Temo Mens Zipped  Overshirt - Green Camo,13,1,14
Safari Mansi Bishop Sleeve Shacket - Orange,9,5,14
Vivo Liora Maxi Kimono - Light Grey,10,4,14
Safari Njano Men's Easy Fit Pants - Rust,6,8,14
Vivo Iyana Cape Top In Chiffon - Red,14,0,14
Vivo Ava Front Pleat Knee Length Dress In Crepe - Dark Green,13,0,13
Vivo Maisha 3/4 Sleeve Maxi Dress - Dark Purple,11,2,13
Vivo Seli Wide Top - Navy Blue,4,9,13
Vivo Nora Front Pleat Knee Length Dress - Black,6,7,13
Safari by Vivo Wide Kaftan in Cotton - Dark Pink,11,2,13
Vivo Tatili Bishop Long Sleeve Top - Black,13,0,13
Safari by Vivo Adinkra Tank in Rib - Grey,8,5,13
Vivo Hadiya 3/4 Sleeve Maxi Dress in Chiffon - Dark Brown,9,4,13
Vivo Tie Kimono in Sweater - Chocolate,13,0,13
Safari Tafari Shorts - Light Blue Asili Print,7,6,13
Safari Chui Heavy Shirt - White,7,6,13
Vivo Drop Shoulder Top in Cotton - White,9,4,13
Vivo Leila 3/4 Sleeve Tent Knee Length Dress - Navy,3,10,13
Shiv & Shikie X Safari Barrel Pants - Taupe,6,7,13
Vivo Basic Cap Sleeve Top In Crepe - Dark Green,10,3,13
Vivo Aleri A-Line Pleated Dress - Black,4,9,13
Vivo Iyana Maxi Cover Up - Lilac / Purple Iya Print / Purple,10,3,13
Vivo Cap Sleeve Salma Maxi Dress - Dark Green,9,4,13
Vivo Iyana Cape Top In Chiffon - Navy,13,0,13
Vivo Sleeveless Godet Midi Dress in Jersey - Dark Teal,13,0,13
Vivo Chidii Tunic Dress With Frills - Yellow / Rust Print,12,1,13
Safari Savannah Wrap Top - Hunters,2,11,13
Vivo Tatili Bishop Long Sleeve Top - Mint Green,8,5,13
Vivo X This Is Essentials Long Sleeve Crew Neck Bodysuit - Red,3,10,13
Vivo Basic Sleeveless Kena Tent Maxi Dress - Mustard,13,0,13
Vivo Chidii Tunic Dress With Frills - Black / Blue Print,4,9,13
Vivo Basic Long Sleeved Bodysuit in Jersey - Dark Green,11,2,13
Vivo Basic Maternity Leggings - Navy Blue,10,3,13
Vivo Sierra Cap Sleeve Tent Chiffon Dress - Mint Textured Print,9,4,13
Vivo Iyana Shirred waist Maxi Dress - Maroon,11,2,13
Vivo Keza Satin Border Maxi Kaftan - Olive / Brown Abstract Print,13,0,13
Vivo Wide Leg Pants in Textured Satin - Light Gold / Black Print,10,3,13
Vivo Basic Chiffon Cap Sleeve Top (Double Layered) - Grey,4,9,13
Vivo Chidii Drop Shoulder Kimono - Dark Red,6,7,13
Vivo Niari Sleeveless Top - Buttermilk,8,5,13
Vivo Sawari Crossed Cuff Batwing Top in Satin - Off White,8,5,13
Vivo Iyana Shirred Waist Jumpsuit - Off White / Maroon Azari Print,13,0,13
Safari Spaghetti Tank Top - Dark Taupe,3,10,13
Zoya Sadira Ribbed Top - Light Grey,11,2,13
Safari Dila Poncho - Mustard / Black,13,0,13
Vivo Kelemi 4.0 Sleeveless Top - Lilac / Magenta Nashe Print,12,1,13
Vivo Ajani V-Neck Top - Mint / Green Print,4,9,13
Vivo Studio Flared Pants In Ponte - Black,13,0,13
Safari Spaghetti Tank Top - Light Taupe,5,8,13
Vivo Godet Maxi Dress in Satin - Red / Black Arah Print,13,0,13
Vivo Takali Asymmetrical Midi Length Kaftan In Satin - Rust,8,5,13
Safari by Vivo Cotton Wide Drawstring Kaftan - Mint / Olive Print,9,4,13
Vivo Basic A-line Maxi Skirt -Teal,13,0,13
Vivo 2-Way Wrap Top - Neba Print,4,9,13
Safari Men's Drawstring Shorts - Dark Grey,8,5,13
Safari Solana Wrap Dress - White,11,2,13
Vivo Basic Short Sleeve Top - Fuschia,11,2,13
Vivo Basic Double Layered Long Sleeved Bodysuit - Rust,4,9,13
Zoya Luna Halter Neck Top - Black,13,0,13
Vivo Kitenge Wide Leg Pants - Maroon / Pink Ara Print,2,10,12
Vivo Sarong Skirt - Dark Tan / Lime Print,10,2,12
Vivo Dalia Sleeveless Gathered Dress In Cotton - Orange Multicolor Print,11,1,12
Vivo Leila Maxi Waterfall - Navy,12,0,12
Vivo Liora Kaftan Top - Black,11,1,12
Vivo X This Is Essential Scooped Neck Bralette - Navy Blue / White,1,11,12
Vivo Studio Maxi Bodycon in Jersey - Navy,7,5,12
Vivo Tatili Bishop Long Sleeve Top In Satin - Beige Multicolor Print,11,1,12
Vivo Izzy Satin Bishop Sleeve Top - Dark Teal,4,8,12
Vivo Reba Gathered Dress - Navy / Rust Eba Print,9,3,12
Vivo Basic A-line Maxi Skirt - Dark Maroon,11,1,12
Vivo Off Shoulder Maxi Dress in Cotton - Light Green Multicolor Print,11,1,12
Vivo Keza Circular Loose Top in Satin - White / Olive Mani Print,12,0,12
Vivo Basic Spaghetti Strap Tank Top - Hunters Green,7,5,12
Shiv Shikie X Safari Drawstring Pants in Rib - Olive,12,0,12
Vivo Sawari Crossed Cuff Batwing Top in Satin - Dark Green,7,5,12
Safari Sizani Men's Kitenge Placket Shirt - Keri Print,12,0,12
Safari Bush Cropped Short Sleeve Shacket - Gold,6,6,12
Vivo Lena Sleeveless Top - Dark Mustard,6,6,12
Vivo Basic Sleeveless Sienna Waterfall - Teal,3,9,12
Shiv & Shikie X Safari Printed Short Sleeve Shirt - Taupe  / Black Ezi Print,3,9,12
Vivo Niari Tent Dress - Maroon,10,2,12
Vivo Dua Wide Leg Pants - Navy,12,0,12
Safari Solana Wrap Dress - Red,5,7,12
Zoya Vasha Biker Shorts - Black,12,0,12
Safari Mansi Mens Shorts - Green Stripes,11,1,12
Vivo Chidii Drop Shoulder Kimono - Dark Green,6,6,12
Vivo Wastani Drawstring Pants - Dark Green,11,1,12
Vivo Lulu Drawstring Top - White,10,2,12
Vivo Basic Leila Maxi Waterfall - Chocolate Brown,10,2,12
Safari Kitenge Men's Sweatshirt - Teal/ Tafo Print,8,4,12
Safari Long Sleeve Waterfall - Army Green,8,4,12
Vivo Samira Wide Kimono - Black / Off White Print,5,7,12
Vivo Laika Bishop Sleeve Shift Dress in Crepe - Peach / Rust Loleni Print,11,1,12
Vivo Zahari 3/4 Sleeve Off-Shoulder Jumpsuit - Black,12,0,12
Vivo Maisha Straight Leg Pants in Crepe - Beige / Sea Green Print,7,5,12
Safari Men's Short Sleeve Shirt - Black / Chari Print,8,4,12
Vivo Samira Cape Dress - Mustard Print,8,4,12
Vivo Keza Satin Border Maxi Kaftan - Maroon / Beige Print,11,1,12
Vivo Bana Batwing Top - White,6,6,12
Vivo 2-Way Wrap Top - Obu Print,2,10,12
Vivo Kani 3/4 Sleeve Knee Length Dress - Navy,9,3,12
Safari Tafari Off Shoulder Crop Top - Light Blue Asili Print,5,7,12
Safari Njano Joggers - Green / Tafo Print,9,3,12
Vivo Lulu 3/4 Sleeve Maxi Kaftan - Yellow / Blue Print,11,1,12
Vivo Samira Pants - Olive / White Print,4,8,12
Vivo Studio Crew Neck Tee in Rib - Olive,10,2,12
Vivo Iyana Bubble Midi Skirt - Black,8,4,12
Shiv & Shikie X Safari Drawstring Shorts - Olive,8,4,12
Vivo Ria Panelled Pants - Dark Olive,5,7,12
Vivo Seli Wide Leg Pants - Navy Blue,11,1,12
Vivo Basic Long Sleeved Bodysuit - Hunters Green,6,6,12
Zoya Yuni Men's Long Sleeve T-shirt - Light Blue,11,1,12
Vivo Diella 3/4 Sleeve Pleated Dress - Black,6,6,12
Vivo Dalia Cap Sleeve Gathered Dress in Crepe - Mint / Olive Textured Print,11,1,12
Vivo Samira Wide Kimono - Black / White Print,5,7,12
Safari Njano Men's Knee Length Shorts - Hunters Green,10,2,12
Vivo Off Shoulder Maxi Dress in Cotton - Grey Multicolor Print,8,4,12
Zoya Men's Round Neck T-shirt - Grey,12,0,12
Safari Savannah Men's Drawstring Shorts (Regular) - Black,7,5,12
Safari Anga Puffy Short Sleeve Tie Top - Navy Blue / Yellow Ankara Print,6,6,12
Safari by Vivo Savannah Drawstring Shacket in Linen - White,7,5,12
Zoya Sadira Mini Cargo Skirt - Hunters,12,0,12
X This Is Essential Raceback Bralette - Navy Blue,2,10,12
Vivo Liora Sleeveless Drawstring Top In Satin - Grey / Black Print,12,0,12
Vivo Cotton 3/4 Sleeve Wrap Top - Pink,7,5,12
Vivo Nora Wide Leg Pants - Black,12,0,12
Vivo Basic Kena Tent Knee Length Dress - Green,10,2,12
Vivo Studio Lounge Pants in Rib - Black,10,2,12
Vivo Maisha Straight Leg Pants in Crepe - Grey / Black Print,11,1,12
Vivo Dalia Cap Sleeve Gathered Dress in Crepe - Sea Green Textured Print,10,2,12
Vivo Basic Sleeveless Jersey Waterfall - White,8,4,12
Vivo Serwa Flounce Dress - Sky Blue,7,5,12
Vivo Keza Circular Loose Top in Satin - White / Taupe Mani Print,11,1,12
Safari Tafari Highlow Top in Kitenge - Liza Print,9,3,12
Vivo Chidii Wide Leg Pants - Dark Red,6,6,12
Vivo Safa Straight Leg Pants - White,11,1,12
Vivo Zena Shirred Waist Maxi Shirt Dress in Crepe - Fuschia,11,0,11
Safari Kitenge Men's Sweat Pants - Teal/ Tafo Print,6,5,11
Safari Mali Bishop Sleeve Tent Dress - Teal,4,7,11
Zoya Sitawi Bodycon - Navy blue,11,0,11
Vivo Maisha Drop Shoulder Maxi Dress In Rayon - Off White / Olive Print,11,0,11
Vivo Off Shoulder Maxi Dress in Cotton - Rust Multicolor Print,9,2,11
Vivo Tatili Bishop Long Sleeve Top In Satin - Pink  Multicolor,10,1,11
Vivo Aleri Trench Coat Dress - White,6,5,11
Vivo J.O V-Neck Sheath Dress - Navy Blue,4,7,11
Safari Tiwa Barell Pants - Black,4,7,11
Safari Tafari Off Shoulder Crop Top - Laka Print,7,4,11
Shiv & Shikie X Safari Printed Short Sleeve Shirt - Taupe / Black Ezi Print,4,7,11
Vivo Samira Wide Kimono - Beige / White Print,1,10,11
Safari by Vivo Zehra Embroidered Linen Kimono - Coral,7,4,11
Vivo Chela Jersey Sleeveless Waterfall - Mustard,6,5,11
Vivo Maisha Straight Leg Pants in Crepe - Navy / Brown Print,5,6,11
Safari Tafari High Slit Kimono - Black / Luena Print,8,3,11
Safari By Vivo Mens Cotton Pants - Navy Blue,8,3,11
Safari Tafari Wrap Top - Suma Print,3,8,11
Safari Savannah Men's Jacket - Hunters,9,2,11
Vivo Hari Wide Leg Pants - Dark Purple,10,1,11
Vivo Yumi Maxi Shirt Dress - Light Green,11,0,11
Vivo Iyana Shirred Waist Jumpsuit - Cream / Rust Azari Print,9,2,11
Vivo Laika Bishop Sleeve Shift Dress - Dark Pink,11,0,11
Safari Mansi Mens Summer Shirt - Black Stripes,9,2,11
Safari Savannah Chinese Collar Shirt - White,5,6,11
Vivo Everyday Cap Sleeve Top - Chocolate,11,0,11
Vivo Iyana Wide Leg Pants - Navy,5,6,11
Vivo Full Length Pants - Fs 2,11,0,11
Vivo Chela Pants in Jersey - Chocolate,9,2,11
Safari Chui Jodhpur Pants - White Cloud,3,8,11
Zoya Banda Men's Cargo Pants - Blue,11,0,11
Safari by Vivo Zehra Drawstring Pants - Beige,7,4,11
Safari Tiwa Straight Leg Pants - Rust,11,0,11
Vivo Basic Ali Jacket - Navy Blue,3,8,11
Safari Naledi Gathered Panel Maxi Skirt - Navy,4,7,11
Safari Lounge Pants - Army Green,7,4,11
Vivo Situ Off-Shoulder Tie Maxi Dress - Navy,10,1,11
Vivo Ari One Shoulder Maxi Dress - Dark Green,9,2,11
Vivo Basic Straight Leg Pants - Wine Red,8,3,11
Safari Tafari Wrap Top - Pangani Print,2,9,11
Vivo Basic 3/4 Sleeve Kena Tent Knee Length Dress - Black,11,0,11
Safari Solana Wrap Dress - Brown,7,4,11
Safari Tiwa Shirred Top - Black,8,3,11
Vivo Chela Basic Cap Sleeve Top - Sage,5,6,11
Vivo Kemi Skirt & Top Set - Black,5,6,11
Vivo Basic Crepe Pants - Lime Green,5,6,11
Zoya Yuni Off Shoulder Midriff Top - Navy Blue,9,2,11
Vivo Basic Jeggings - Black,2,9,11
Vivo Liora Maxi Kimono - Teal,5,6,11
Zoya Shani Men's Drawstring Shorts - Dark Grey,11,0,11
Vivo Ajani V-Neck Top - Coral,7,4,11
Vivo Basic Sienna Waterfall - Sea Green,9,2,11
Shiv Shikie X Safari V-Neck Long Sleeve Sweatshirt in Rib - Off White,8,3,11
Zoya Basic Jersey Bandeau  - Burnt Orange,11,0,11
Vivo Talia Front Slit Maxi Top - Lilac,4,7,11
Vivo Liora Side Drawstring Kaftan Dress in Satin - Dark Green,10,1,11
Vivo Nora Wide Leg Pants - Dark Red,10,1,11
Vivo Ajani V-Neck Top - Cream,10,1,11
Safari by Vivo Cotton Wrap Dress - Lilac / Brown Print,8,3,11
Vivo Takali Tunic Top In Satin - Buttermilk,11,0,11
Vivo Wide Leg Pants in Heavy Crepe - Black,7,4,11
Vivo Contrast Stitch Pants in Denim - Grey,11,0,11
Vivo Straight Pants in Scuba - Lilac,9,2,11
Safari Mansi Straight Leg Pants - Black,4,7,11
Safari Tafari Wrap Top - Karanga Print,5,6,11
Vivo Alani High Low Dress - Black Textured Print,8,3,11
Vivo Lulu 3/4 Sleeve Maxi Kaftan - Green / White Print,6,5,11
Vivo Liora Side Drawstring Kaftan Dress in Satin - Grey / Black Print,8,3,11
Vivo Bana Batwing Top - Sea Green,6,5,11
Vivo Isabi Loose Top - White,8,3,11
Vivo Ria Pants & Waterfall Set - Lilac,5,6,11
Vivo Iyana Bubble Midi Skirt - Navy,6,5,11
Vivo Leila Short Waterfall - Dark Olive,8,3,11
Vivo Bana Batwing Top - Lime,7,4,11
Vivo Basic Cap Sleeve Tent Knee Length Dress - Off White / Light Mustard Print,7,4,11
Vivo Maisha Straight Leg Pants in Crepe - Green / Brown Print,5,6,11
Vivo Basic Cap Sleeved Bodysuit - Black,11,0,11
Vivo Wide Leg Pants in Heavy Crepe - Dark Green,11,0,11
Vivo Basic Sleeveless Bodysuit - Black,11,0,11
Safari by Vivo Zehra Kitenge Pants - Pollo Print,10,1,11
Zoya Basic Jersey Bandeau - Burgundy,11,0,11
Vivo Kani Wide Leg Pants - Dusty Pink / Navy Tamra Print,10,1,11
Vivo Talia Kimono & Shorts Set - Cream / Rust Print,10,1,11
Safari Tiwa Shirred Midi Dress - Rust,8,2,10
Safari by Vivo Zehra Shirred Midi Dress - Black,5,5,10
Vivo Basic Tsavo Scalloped Chiffon Top - Black / White Rosa Print,9,1,10
Vivo Yumi Off Shoulder Jumpsuit In Crepe - Dark Pink,10,0,10
Vivo Liora Sleeveless Drawstring Top In Satin - Dark Olive / Black Print,6,4,10
Vivo Basic Satin Cap Sleeve Top - Navy Blue,5,5,10
Vivo Basic Extra Long Lily Waterfall - Dark Green,8,2,10
Vivo Zawadi Shift Dress - Maroon / Peach Print,10,0,10
Vivo X This Is Essentials Long Sleeve Crew Neck Bodysuit - Grey,2,8,10
Vivo Basic Tank Top - Mustard,8,2,10
Safari Tafari Wrap Top - Cheli Print,2,8,10
Vivo Maisha Kimono in Crepe - Light Pink / Black Abstract Print,2,8,10
Vivo Basic Tolani Jersey Dress - Chocolate,10,0,10
Vivo Sleeveless Vest in Ponte - Black,9,1,10
Vivo Liora Asymmetrical Satin Kaftan Top - Olive Textured Print,5,5,10
Vivo Samira Wide Kimono - Mustard / Brown Print,7,3,10
Safari Mens Kitenge Drawstring Shorts - Navy / Blue Print,10,0,10
Vivo Liora Kaftan Border Maxi Dress - Olive Green,8,2,10
Zoya Luna Drape Tie Top - Dark Blue,10,0,10
Vivo Basic V-neck Cap Sleeve Top - Teal,6,4,10
Vivo Keza V Neck Maxi Kaftan In Satin - Grey / White Print,8,2,10
Vivo Lindi High Low Dress In Ponte - Red,10,0,10
Safari Long Sleeve Waterfall - Light Taupe,6,4,10
Vivo Maisha Straight Leg Pants In Crepe - Black / White Abstract Print,6,4,10
Vivo Leila Cap Sleeve Tent Knee Length Dress - Hunters,4,6,10
Safari Njano Mens Short Sleeve Shirt - Black / Black Yellow Print,8,2,10
Safari Mara Shirred Bishop Sleeve Dress - Orange,6,4,10
Safari Nazari Off Shoulder Dress - White / Black Polka Print,10,0,10
Vivo Lulu Drawstring Top - Light Orange,9,1,10
Zoya Banda Bandeau Asymmetrical Crop Top - White,9,1,10
Zoya Party Sleeveless Bodysuit - Navy Blue,7,3,10
Vivo Contrast Stitch Pants in Denim - Light Blue,7,3,10
Vivo Lulu Drawstring Top - Yellow,8,2,10
Vivo Chela Sleeveless Waterfall - Navy,6,4,10
Safari Njano Men's Easy Fit Kitenge Pants - Black / Brown Print,7,3,10
Vivo Essi Wide Leg Pants - Dark Olive,3,7,10
Vivo Liora Asymmetrical Satin Kaftan Top - Baby Blue Textured Print,9,1,10
Safari Tafari Highlow Top in Kitenge - Ariza Print,9,1,10
Vivo Kani Wide Leg Pants - Light Mustard / Navy Tamra Print,9,1,10
Vivo Godet Maxi Dress in Satin - Taupe / Black Arah Print,9,1,10
Vivo Basic Sienna Waterfall - Orange,10,0,10
Vivo Liora Wide Leg Pants - White / Blue Rozi Print,8,2,10
Vivo Sierra Maxi Dress in Chiffon - Yellow / Black Bori Print,9,1,10
Vivo Basic Double Layered Capri Skirt - Black,7,3,10
Safari Nazari Three Tiered Maxi Dress - Blue / Navy Polka Dot Print,7,3,10
Vivo Jersey Halter Neck Tank Top - Chocolate,9,1,10
Safari Long Sleeve Waterfall - Black,10,0,10
Vivo Samira Wide Kimono - White / Black Print,4,6,10
Vivo Essi Wide Leg Pants - White,9,1,10
Safari by Vivo Cotton Wrap Dress - Orange / Green Print,6,4,10
Vivo Solei Shorts(without lining) - Grey / Black Print,7,3,10
Vivo Cotton High Low Top - Orange,6,4,10
Vivo Basic Leila Short Waterfall - Maroon,8,2,10
Safari Sizani Barrel Pants - White,8,2,10
Denim Haven High Rise Skinny Ripped Jeans - Deep Blue,10,0,10
Vivo Dua 3/4 Sleeved V Neck Shirt - Buttermilk,4,6,10
Vivo Ayla Maxi Kimono - Mulberry,6,4,10
Safari Nazari Off Shoulder Dress - Beige / Black Polka Print,10,0,10
Safari Mens Kitenge Drawstring Shorts - Black / Yellow Print,10,0,10
Safari Zene Off Shoulder Top - Rust,3,7,10
Vivo Sierra Long Sleeve Top(Double Layered) - Mustard,7,3,10
Vivo Keza V Neck Maxi Kaftan In Satin - White / Black Print,10,0,10
Vivo Basic Bishop Sleeve Top In Chiffon (Double Layered) - Mustard Old,10,0,10
Vivo Double Layered Wrap Poncho - Pink,10,0,10
Vivo Ria Panelled Pants - Dark Mustard,9,1,10
Safari Kamari Long Sleeve Drawstring Shacket - Hunters Green,4,6,10
Vivo Nasinka A-Line Maxi Dress - Light Blue / Navy Print,10,0,10
Safari by Vivo Zehra Drawstring Pants - Navy,8,2,10
Vivo Essi Wide Leg Pants - Dark Mustard,7,3,10
Safari Tafari Highlow Top in Kitenge - Vuti Print,10,0,10
Vivo Studio Sweatshirt in Velvet - Navy,7,3,10
Vivo Chela Jersey Sleeveless Waterfall - Sea Green,2,8,10
Vivo Basic Sleeveless Tent Kimono - Baby Blue,8,2,10
Vivo Diella 3/4 Sleeve A-Line Dress - Dark Olive,8,2,10
Safari Men's Long Sleeve T-shirt - Navy / Tari Print,7,3,10
Vivo Basic Sleeveless Tent Dress - Pink / Chocolate Print,10,0,10
Vivo Knee length Dress - Fs 4,9,1,10
Vivo Ria Drop Shoulder Top - Dark Mustard,5,5,10
Vivo Basic Nandi High Slit Kimono - Grey / Pink Print,10,0,10
Vivo Upe Wide Leg Pants in Ponte - Hunters Green,10,0,10
Vivo Dua Wide Leg Pants - Burgundy,10,0,10
Vivo Basic Nalia High Low Jersey Top - Mustard,5,5,10
Safari Njano Joggers - Navy Blue / Tana Print,6,4,10
Vivo Basic 3/4 Sleeve Leila Bodycon Dress - Black,10,0,10
Vivo Niari Pleated Dress in Crepe - Red,9,1,10
Vivo Nasinka A-Line Knee Length Dress - Light Pink / Green Fani Print,10,0,10
Vivo Isabi Sleeveless Kimono - White / Tan Pasi Print,3,7,10
Safari Tafari Wrap Top - Umba Print,4,6,10
Vivo Sanali Wide Leg Pants - Dark Mustard Animal Print,9,1,10
Vivo Ari Sleeveless Straight Maxi Slit Dress - Red,6,4,10
Vivo Naya One Shoulder Flounce Top - Tawi,7,3,10
Vivo Yene Front Tie Tunic Top - Mint / Lilac Lora Print,4,6,10
Safari Naledi Flounce Tent Dress - Green / Blue Nale Print,10,0,10
Vivo Kemi Maxi Skirt - Lime Green / Maroon Emi Print,6,4,10
Safari Njano Mens Short Sleeve Shirt - White / Navy Blue Print,8,2,10
Vivo Sakari Drop Shoulder Jumpsuit - Dark Red,4,6,10
Vivo Basic Long Sleeve Bodysuit (Seamless) - Navy Blue,4,6,10
Vivo Basic Chiffon Bishop Sleeve Top (Double Layered) - Yellow,7,3,10
Vivo Basic Julia 3/4 Sleeve Back Pleat Knee Length Dress - Hunters Green,5,5,10
Vivo Tahisa Straight Leg Pants - Blue,4,5,9
Safari Tara Barell Pants - Black / Yellow Fali Print,3,6,9
Vivo Zahari 3/4 Sleeve Off Shoulder Jumpsuit In Crepe - Dark Green,9,0,9
Vivo Lulu Wide Hem Tent Dress In Cotton - Tan,9,0,9
Vivo Rema Straight Leg Pants - Burnt Orange,4,5,9
Safari Njano Men's Easy Fit Pants - Hunters Green,3,6,9
Safari Tawi Off-Shoulder Top - Lime,7,2,9
Vivo Wastani Shirred Sleeve Easy Fit Shirt - Dusty Green,5,4,9
Safari Tafari Shorts - Dark Navy Asili Print,5,4,9
Vivo Wastani Shirred Sleeve Easy Fit Shirt - Hunters,5,4,9
Vivo Sakari Drop Shoulder Jumpsuit - Purple,7,2,9
Zoya Banda Unisex Jorts - Blue,9,0,9
Vivo Basic Double Layered Wrap Poncho - Teal,9,0,9
Safari by Vivo Zehra Shirred Midi Dress - Red,8,1,9
Vivo Ruched Maxi Top in Textured Satin - Taupe / Black Print,9,0,9
Vivo Mistari 3/4 Sleeve V - Neck Collared Tunic Top - Neck Collared Tunic Top - Black Stripes,0,9,9
Vivo Nimali Satin Joggers - Lilac,6,3,9
Vivo Basic Pencil Skirt - Black,8,1,9
Safari Kamari Halter Shirt - Navy Blue,5,4,9
Vivo Kani Tent Shirt Dress - Mustard / Navy Print,4,5,9
Vivo Lena Sleeveless Top - Pink,7,2,9
Vivo Basic A-line Maxi Skirt - Burgundy,7,2,9
Zoya Luna Halter Neck Top -Navy,9,0,9
Vivo Basic Sleeveless Extra Long Lily Waterfall - Yellow,3,6,9
Safari Kaya Long Sleeve Collar Shirt - Light Blue,4,5,9
Vivo Kani Tent Shirt Dress - Dark Green / Cream Print,3,6,9
Safari Mara Shirred Bishop Sleeve Dress - Coral,8,1,9
Vivo Ruched Maxi Top in Textured Satin - Rose Pink / Black Print,8,1,9
Safari Savannah Wrap Top - Beige,4,5,9
Vivo Basic Tolani Dress in Jersey - Taupe,3,6,9
Vivo Basic Short Sleeve Top - White,8,1,9
Safari Njano Men's Easy Fit Kitenge Pants - Black / Dark Teal Print,4,5,9
Zoya Basic Bodycon - White,9,0,9
Vivo Lalani Lounge Pants - Rust,9,0,9
Vivo Basic Chiffon Bishop Sleeve Top (Double Layered) - Black,9,0,9
Vivo Basic Sleeveless Tent Kimono - Pink,5,4,9
Vivo Pendo Cap Sleeve Tent Knee Length Dress - Black,9,0,9
Vivo Zena Shirred Waist Maxi Shirt Dress in Crepe - Cream / Orange Dana Print,9,0,9
Vivo Bana Batwing Top - Fuschia,8,1,9
Vivo Nasinka A-Line Knee Length Dress - Mustard / Dark Red Fani Print,9,0,9
Vivo Dua Satin Bishop Sleeve Top - Dusty Green,3,6,9
Safari Tafari Wrap Top - Wami Print,2,7,9
Vivo Serwa Flounce Dress - Olive,8,1,9
Vivo Ayah Satin Pants - Lilac / Navy Tullu Print,6,3,9
Vivo Sierra Cap Sleeve Tent Chiffon Dress - Mustard,7,2,9
Safari Naledi 3/4 Sleeve Tent Dress - Navy Pinstripes Print,4,5,9
Vivo Lulu Bubble Sleeve Top - Orange,6,3,9
Zoya Yuni Off Shoulder Midriff Top - Orange,4,5,9
Vivo Iyana Knee Length Bubble Dress in Satin - Dark Green / Black Riwa Print,8,1,9
Vivo Nora Wide Leg Pants - Dark Olive,8,1,9
Vivo Safa Straight Leg Pants - Olive,6,3,9
Vivo Dalia Cap Sleeve Gathered Tent Dress - Rose Pink,7,2,9
Safari by Vivo Cotton Wide Drawstring Kaftan - Light Olive / Purple Print,9,0,9
Vivo Aleri Wide Leg Pants - Navy,9,0,9
Safari Njano Men's Straight Leg Pants - Himo,8,1,9
Safari Nazari Three Tiered Maxi Dress - Mustard / Brown Polka Dot Print,5,4,9
Safari by Vivo Zehra Shirred Midi Dress - Chocolate,8,1,9
Safari Kitenge Men's Sweatshirt - Grey/ Neba Print,3,6,9
Safari Men's Kitenge Drawstring Shorts - Tana Print,4,5,9
Vivo Maisha Straight Leg Pants in Crepe - Brown / Blue Print,4,5,9
Safari Kamari Long Sleeve Drawstring Shacket - Black,4,5,9
Vivo Scalloped Kimono in Crepe - Dusty Pink / Olive Print,4,5,9
Vivo Basic Sleeveless Jersey Waterfall - Light Olive,7,2,9
Safari by Vivo Zehra 3/4 Sleeve Kitenge Maxi Dress - Sheri Print,8,1,9
Vivo Aleri Coat - Burgundy,9,0,9
Vivo Diella V-Neck Jumpsuit - Peach / Navy Print,3,6,9
Vivo Basic May Sweater - Navy Blue,9,0,9
Vivo Studio Drawstring Pants in Velvet - Navy,7,2,9
Vivo Ayah Hijab Headwrap - Cream / Chocolate Yana Print,3,6,9
Vivo Basic Crepe Cap Sleeved Top - Navy / Mustard Print,9,0,9
Vivo Basic Long Sleeved Bodysuit - Yellow,6,3,9
Vivo Maisha Straight Leg Pants - Peach / Pink Print,6,3,9
Vivo Basic Short Sleeve Top - Rust,6,3,9
Vivo Basic Sleeveless Jersey Waterfall - Black,9,0,9
Vivo Basic Short Sleeve Top - Dark Green,3,6,9
Vivo Maisha Strappy Cover Up Jumpsuit In Rayon - White / Taupe Print,7,2,9
Safari Kikoy Tie Back Maxi Dress - Frost,4,5,9
Safari Mansi Dolman Top - Navy,9,0,9
Safari Tafari Wrap Top - Weru Print,4,5,9
Vivo Talia Front Slit Maxi Top - Maroon,7,2,9
Vivo Maisha Straight Leg Pants in Crepe - Black / Grey Print,7,2,9
Safari by Vivo Naledi Bubble Midi Dress - Isara Print,3,6,9
Vivo Hanabi Wrap Maxi Dress - Hot Pink,4,5,9
Vivo Essentials Bodycon - Orange,4,5,9
Vivo Basic Sleeveless Kena Tent Maxi Dress - Navy Blue,9,0,9
Vivo Laika 3/4 Sleeve Tent Dress In Crepe - White / Dark Green Laki Print,9,0,9
Vivo Liora Kaftan Border Maxi Dress - Olive,8,1,9
Vivo Basic Bishop Sleeve Top In Chiffon (Double Layered) - White / Green Print,7,2,9
Vivo Basic Dolman Sweater - Sea Green,5,4,9
Vivo Isabi Sleeveless Kimono - Rust,3,6,9
Vivo Niari Shorts - Light Olive / White Stripes,9,0,9
Vivo Yene Front Tie Tunic Top - Grey / Purple Tunu Print,7,2,9
Vivo Diella 3/4 Sleeve A-Line Dress - Black,6,3,9
Vivo Basic Joy Sweater - Grey,9,0,9
Safari Njano Men's Short Sleeve Shirt - White / Black Brown Print,8,1,9
Vivo Basic Crepe Pants - Lime,5,4,9
Vivo Jersey Spaghetti Tank Top - Dark Red,9,0,9
Vivo Nora Round Neck Sleeveless Top - Magenta,6,3,9
Vivo Full Length Kimono - Maya,4,5,9
Vivo Amai Maxi Kaftan - Brown,3,6,9
Safari Naledi 3/4 Sleeve Tent Dress - White Polka Stripes,4,5,9
Vivo Cap Sleeve Salma Maxi Dress - Black,9,0,9
Safari Nazari Three Tiered Maxi Dress - Beige / Mustard Polka Dot Print,4,5,9
Zoya Party Sheer Pants - Buttermilk,9,0,9
Vivo Ruched Maxi Top in Textured Satin - Dusty Green / Black Print,8,1,9
Vivo Wastani Shirred Sleeve Easy Fit Shirt - Chocolate,5,4,9
Vivo Tana Puff Sleeve Bodysuit In Jersey - Dark Green,7,2,9
Vivo Basic Tank Top - Taupe,9,0,9
Vivo Rayon Jersey Slip Dress - Black,8,1,9
Vivo Chela Sleeveless Waterfall in Jersey - Light Olive,3,6,9
Vivo Long Sleeve Blazer - Savannah,4,5,9
Vivo Keza Satin Border Maxi Kaftan - Peach / Lilac Print,8,1,9
Vivo Sierra Cap Sleeve Tent Chiffon Dress - Rust Textured Print,5,4,9
Safari Tara Bishop Sleeve Dress - Peach / Blue Sara Print,5,4,9
Safari by Vivo Zehra 3/4 Sleeve Kitenge Maxi Dress - Misha Print,9,0,9
Vivo Sanali Wide Leg Pants - Rust Animal Print,6,2,8
Vivo Liora Drawstring Midi Dress - Purple / Dark Purple Ziza Print,3,5,8
Safari Solana Wrap Dress - Rust Brown,3,5,8
Vivo Basic Nandi A-Line Kimono - Black / Purple Ane Print,2,6,8
Safari Nimali Bubble Sleeve Top - Red,8,0,8
Zoya Taani Easy Fit Joggers -Navy,8,0,8
Vivo Laika Bishop Sleeve Shift Dress - Mint,5,3,8
Vivo Basic Double Layered Capri Skirt - Teal Green,8,0,8
Safari Hawi Cargo Pants - Light Navy,7,1,8
Vivo Iyana Shirred waist Maxi Dress - Light Olive,8,0,8
Vivo Cotton 3/4 Sleeve Wrap Top - Red,8,0,8
Vivo Tanda Maxi Dress in Ponte - Black,8,0,8
Vivo Kala Long Sleeve Top - White,7,1,8
Safari By Vivo Mens Cotton Pants - Khaki Green,6,2,8
Vivo Basic 3/4 Sleeved Double Layered Bodysuit - Yellow,5,3,8
Vivo Lani Maxi Dress In Satin - Orange / Brown Print,7,1,8
Vivo Maisha Drop Shoulder Maxi Dress In Rayon - Black / White Spiral Print,7,1,8
Vivo Wastani Shirred Sleeve Easy Fit Shirt - Light Blue / Teal Marra Print,6,2,8
Safari Solana Bubble Midi Skirt - Dark Green,7,1,8
Safari Savannah Wrap Top - Mustard,8,0,8
Zoya Nia Off Shoulder Knee Length Dress - Light Pink,8,0,8
Safari Lounge Pants - Powder Blue,7,1,8
Zoya Basic Halter Tie Top - Chocolate,5,3,8
Vivo Basic Kena Tent Maxi Dress - Mustard,7,1,8
Vivo Basic Nandi High Slit Kimono - Blush Pink / White Idu Print,5,3,8
Vivo Merika Satin Wrap Top - Rose Pink / Fuschia Nito Print,3,5,8
Vivo X This Is Essential Leggings - Navy Blue / White,3,5,8
Vivo Basic Panelled Leisure Pants - Hunters Green,8,0,8
Vivo Kani Wide Leg Pants - Mint / Black Dashen Print,3,5,8
Vivo Lalani Lounge Pants - Maroon,8,0,8
Safari Tafari Wrap Top - Mpiji Print,5,3,8
Vivo Everyday Cap Sleeve Top - Light Olive Green,8,0,8
Vivo Samira Wide Kimono - Cream / Black Print,3,5,8
Vivo Side Slit Midi Waterfall - Ivory,5,3,8
Vivo Basic Long Sleeved Bodysuit - Light Taupe,5,3,8
Vivo Alma Drawstring Top - Powder Blue,3,5,8
Vivo Basic V-neck Cap Sleeve Top - Orange,2,6,8
Vivo Samira Pants in Rayon - Black / White Print,7,1,8
Vivo Yumi Maxi Shirt Dress - Dark Navy,6,2,8
Vivo Dua 3/4 Sleeved V Neck Shirt - Orange / Chocolate Yani Print,7,1,8
Safari Savannah Men's Jacket - Black,5,3,8
Vivo Pendo Cap Sleeve Tent Knee Length Dress - Dark Red,7,1,8
Vivo Basic Nandi High Slit Kimono - Navy,3,5,8
Vivo Aleri Trench Coat Dress - Mustard,4,4,8
Safari Savannah Men's Half Placket Shirt - White,6,2,8
Safari Solana Bubble Midi Skirt - Rust,6,2,8
Vivo Lindi High Low Dress In Ponte - Green,8,0,8
Vivo Nora 3/4 Sleeve Peplum Top - Taupe,6,2,8
Vivo Hanabi Satin High Low Top - Fuschia,5,3,8
Zoya Basic Jersey Bandeau  - Red,8,0,8
Zoya Basic Tank Top - Bright Green,5,3,8
Vivo Safiya Gathered Shoulder Maxi Dress - Navy,5,3,8
Vivo Basic Cap Sleeve Chiffon Maxi Dress - Lilac / Purple Sinka Print,7,1,8
Vivo Thando Mock Neck Maxi Dress - White / Rust Aria Print,8,0,8
Vivo Studio Bodysuit In Jersey - Dark Red,7,1,8
Vivo Basic Julia 3/4 Sleeve Back Pleat Knee Length Dress - Mustard,4,4,8
Vivo Basic Spaghetti Strap Tank Top - Navy Blue,7,1,8
Vivo Basic Long Sleeved Bishop Top - Black / White Ifi Print,7,1,8
Vivo X This Is Essential Strappy Bodysuit - White,0,8,8
Vivo Basic Chiffon Dropped Shoulder Top - Blue,4,4,8
Safari Naledi 3/4 Sleeve Tent Dress - White Pinstripes Print,6,2,8
Zoya Party Turtle Neck Midriff Top - Safron,8,0,8
Vivo Isabi Sleeveless Kimono - Light Grey / Blue Pasi Print,6,2,8
Vivo Nala 3/4 Sleeve Tent Dress - Cream / Blue Print,8,0,8
Vivo Kelemi 4.0 Sleeveless Top - Navy,7,1,8
Safari by Vivo Zehra Drawstring Pants - Rust,5,3,8
Vivo Liora Wide Leg Pants - Yellow / Black Rozi Print,7,1,8
Vivo Izzy Satin Bishop Sleeve Top - Sea Green,3,5,8
Vivo Basic Chiffon Cap Sleeve Top (Double Layered) - Orange,4,4,8
Safari Men's Kitenge Drawstring Shorts - Keri Print,4,4,8
Vivo Basic Long Sleeved Bodysuit - Mustard,7,1,8
Vivo Liora Maxi Kimono - White / Red Ziza Print,8,0,8
Vivo Wide Leg Pants in Textured Satin - Rose Pink / Black Print,8,0,8
Vivo Basic Crepe Pants - Lilac,5,3,8
Vivo Liora Front Drawstring Kaftan Dress in Satin - Rust Textured Print,3,5,8
Vivo X This Is Essential Raceback Bralette - Black,3,5,8
Vivo Basic Ali Jacket - Burgundy,2,6,8
Vivo Chiffon Shorts - Navy,5,3,8
Vivo Safa Straight Leg Pants - Fuschia,4,4,8
Safari Tiwa Barell Pants - Rust,4,4,8
Vivo Sierra Maxi Chiffon Dress - Chocolate,7,1,8
Safari by Vivo Naledi Tiered Dress in Cotton - Cream /Mustard Print,8,0,8
Zoya X Metamorphisized 143 Pleated Flannel Mini Skirt - Blue Plaid,7,1,8
Zoya Party Mini Skirt - Buttermilk,8,0,8
Vivo Basic Bishop Sleeve Top In Chiffon (Double Layered) - White / Lilac Print,4,4,8
Vivo Knee Length Kaftan in Satin - Black / White Print,7,1,8
Safari Chui Heavy Shirt - Taupe,4,4,8
Vivo Essentials Sleeveless One Shoulder Crop Top - Black,8,0,8
Vivo Cowl Camisole - Khaki,6,2,8
Safari Njano Front Tie Dress - Tana Print,7,1,8
Vivo Basic Sleeveless Long Lily Waterfall - Mustard,3,5,8
Zoya Vasha Sleeveless Turtleneck Top - Purple / Yellow,8,0,8
Vivo X This Is Essential  Sleeveless Scooped Neck Bodysuit - Red,0,8,8
Vivo Basic Cap Sleeve Chiffon Maxi Dress - Dusty Green / Purple Sinka Print,7,1,8
Vivo Yumi Maxi Shirt Dress - Orange,8,0,8
Vivo Scalloped Kimono in Crepe - Mint / Tan Print,8,0,8
Shiv Shikie X Safari Drawstring Pants in Rib - Off White,7,1,8
Vivo Basic Sleeveless Kena Tent Dress - Orange,8,0,8
Vivo Pendo Cap Sleeve Tent Knee Length Dress - Royal Blue,7,1,8
Vivo Talia Sleeveless Tank Top - White,4,4,8
Vivo Dua wide leg pant-Black,8,0,8
Safari Savannah Midi Wrap Dress - White,5,3,8
Vivo Liora Drawstring Pants In Satin - Green / Teal Print,5,3,8
Vivo Sierra Cap Sleeve Tent Chiffon Dress - Black Textured Print,7,1,8
Vivo Kitenge Wide Leg Pants - Blue / Pink Azizi Print,5,3,8
Vivo Iyana Shirred waist Maxi Dress - Dark Green,7,1,8
Vivo Basic Double Layered Long Sleeved Bodysuit - Green,2,6,8
Vivo Samira Maxi Kimono - Black / Red Print,4,4,8
Safari Nazari Bubble Midi Dress - Beige / Black Print,8,0,8
Zoya Banda Halter Neck Assymetrical Crop Top - Black,8,0,8
Vivo Basic Short Waterfall - Taupe,8,0,8
Vivo Amai Maxi Kaftan In Textured Satin - Navy,8,0,8
Vivo Basic Crepe Bishop Sleeve Top - Lilac,6,2,8
Vivo Samira Wide Satin Kimono - White / Black Print,4,4,8
Vivo Basic Nandi High Slit Kimono - Cream / Blue Print,8,0,8
Vivo Scalloped Kimono in Crepe - Maroon / Sage Print,4,4,8
Safari Tiwa Reversible Tie Kimono - Rust + Ama Print,3,5,8
Zoya Vasha  Sleeveless Turtleneck Top - Purple / Yellow,8,0,8
Vivo Tatili Bishop Long Sleeve Top - Sky Blue,6,2,8
Vivo Thando Mock Neck Maxi Dress - Lime / Green Aria Print,4,4,8
Safari Tafari Shorts - Laka Print,7,1,8
Safari Mara Shirred Bishop Sleeve Dress - Mustard,4,4,8
Vivo Wastani Drawstring Pants - Dark Olive,8,0,8
Vivo Jersey Spaghetti Tank Top - Navy,8,0,8
Vivo Off Shoulder Dress in Print Cotton - Mustard Multicolor Print,8,0,8
Vivo Basic Val Tank Top - Red,8,0,8
Safari Lounge Pants - Dark Tan,7,1,8
Safari Tafari High Slit Kimono - Teal / Lanje Print,5,3,8
Vivo Sanali Loose Top - Orange /Pink,7,1,8
Vivo Sierra Maxi Dress in Chiffon - Red / Black Bori Print,7,1,8
Vivo Basic Long Sleeve Cascade Waterfall - Green,2,6,8
Vivo Safa Sweater - Dark Olive,6,2,8
Vivo Ria Mock Neck Top - Grey,3,5,8
Vivo Sarong Skirt - Burgundy / Tan Print,8,0,8
Vivo Yene Layered Top - Mint Green,4,4,8
Vivo Sawari Crossed Cuff Batwing Top - Olive,6,2,8
Vivo Basic Cap Sleeve Knee Length Dress - White / Turquoise Print,8,0,8
Vivo Essentials Bodycon - White,4,3,7
Vivo Serwa Flounce Dress - Lilac,6,1,7
Vivo Maisha Drop Shoulder Maxi Dress - Navy,7,0,7
Vivo Basic Short Waterfall - Navy Blue,7,0,7
Vivo Studio Crew Neck Tee in Rib - Maroon,6,1,7
Zoya Basic Val Tank Top - Navy Blue,7,0,7
Vivo Maisha Straight Leg Pants in Crepe - Grey / Tan Print,6,1,7
Vivo Dua Wide Leg Pants - White,7,0,7
Vivo Basic Long Sleeved Bodysuit - Navy Blue,4,3,7
Vivo Basic Crepe Cap Sleeve Top - Rust / Black Print,7,0,7
Vivo Short Kimono - Peach / Blue Sara Print,3,4,7
Vivo Kitenge Multi Purpose Wrap - Red / Mustard Ankara Print,6,1,7
Vivo Scalloped Kimono in Crepe - Black / Grey Print,7,0,7
Vivo Chidii Maxi Kaftan - White / Black Print,7,0,7
Safari Tiwa Shirred Midi Dress - Lime,6,1,7
Safari by Vivo Zehra 3/4 Sleeve Kitenge Maxi Dress - Zedani Print,6,1,7
Vivo Chela Sleeveless Waterfall - Light Taupe,3,4,7
Vivo Basic Satin Cap Sleeve Top - Dark Tan / Lime Print,5,2,7
Zoya Yuni Sleeveless Turtle Neck Maxi Top - Black,7,0,7
Vivo Tatili Satin Bishop Long Sleeve Top - Black Textured,4,3,7
Vivo Chela Sleeveless Waterfall in Jersey - Dark Red,6,1,7
Vivo Niari Sleeveless Tent Dress in Crepe - Green / Black Print,7,0,7
Vivo Sakari Cap Sleeve Maxi Dress - Orange,7,0,7
Vivo Studio Crew Neck Tee in Rib - Dark Taupe,6,1,7
Vivo Essentials Strappy Cold Shoulder Top - Black,2,5,7
Safari Kamari Capri Cargo Pants - Green,7,0,7
Vivo Basic Chiffon Cap Sleeve Top (Double Layered) - Coral,4,3,7
Safari Sizani Barrel Pants - Navy Blue,4,3,7
Vivo Maxi Dress in Stretch Rib - White,7,0,7
Safari Tafari High Slit Kimono - Hunters / Lawi Print,5,2,7
Safari Basic Shirt Tent Dress - Taupe,3,4,7
Safari Tafari Highlow Top in Kitenge - Wati Print,5,2,7
Safari Nazari Three Tiered Maxi Dress - White / Black Polka Dot Print,5,2,7
Vivo Sawari Crossed Cuff Batwing Top - White,4,3,7
Vivo Ari Sleeveless Straight Maxi Slit Dress - Chocolate Brown,4,3,7
Vivo Yene Layered Top - Navy,3,4,7
Vivo Basic Panelled Leisure Pants - Grey,5,2,7
Vivo Basic Cap Sleeve Top In Crepe - Dark Olive,4,3,7
Vivo Maisha Straight Leg Pants In Crepe - White / Black Abstract Print,4,3,7
Vivo Laika Bishop Sleeve Shift Dress In Crepe - Red / Black Aria Print,7,0,7
Safari Men's Kitenge Drawstring Shorts - Himo Print,2,5,7
Vivo Basic Straight Skirt - Navy Blue,7,0,7
Safari Tafari Off Shoulder Crop Top - Lusi Print,2,5,7
Safari Zene High Low Shirt Dress - Mustard,7,0,7
Vivo Chidii Wide Leg Pants - Gold,4,3,7
Vivo Reversible Poncho without Fringes - Raspberry / Light Grey Samba Print,7,0,7
Vivo Basic Chiffon Bishop Sleeve Top (Double Layered) - Sea Green,5,2,7
Vivo Basic Val Long Sleeve Top - Lime,2,5,7
Vivo Basic Drop Shoulder Top - Burnt Orange,2,5,7
Safari Savannah Men's Straight Leg Pants - Hunters,5,2,7
Zoya Temo Asymmetric Front Cut Crop Top - Navy,5,2,7
Vivo Studio Flared Pants In Ponte - Hunters,7,0,7
Vivo Basic Tank Top - Red,5,2,7
Safari Savannah Front Slit Midi Skirt - Ashai Print,3,4,7
Safari Naledi 3/4 Sleeve Tent Dress - Pink Polka Stripes,5,2,7
Vivo Basic Tsavo Scalloped Chiffon Top - Black,5,2,7
Vivo Liora Drawstring Pants In Satin - Black / White Print,5,2,7
Vivo Basic Double Layered Wrap Poncho - Pink,7,0,7
Safari by Vivo Zehra Barrel Pants - Brown,6,1,7
Vivo Laika 3/4 Sleeve Tent Dress - White / Dusty Pink Tamra Print,7,0,7
Vivo Maxi Dress - Fs 4,7,0,7
Vivo Maxi Kaftan in Satin - Mustard / Rust Rozi Print,7,0,7
Vivo Nuru Sleeveless Maxi Kimono - Black,5,2,7
Vivo Basic Nandi A-Line Kimono - Coral / Green Esti Print,3,4,7
Safari Mansi Mens Shorts - Black Stripes,5,2,7
Vivo Essentials Tank Top - Orange,4,3,7
Vivo Leila 3/4 Sleeve Tent Knee Length Dress - Teal,3,4,7
Vivo Must Have Shorts - Shama,6,1,7
Vivo Hanabi Satin High Low Top - Mint / Olive Print,1,6,7
Vivo Aleri Trench Coat Dress - Black,5,2,7
Vivo Basic Leisure Pants - Dark Navy Blue,5,2,7
Vivo Essentials Capri Leggings - Teal,7,0,7
Safari Tafari Wrap Top - Semu Print,1,6,7
Vivo Basic Crepe Bishop Sleeve Top - Dark Green,6,1,7
Safari Kikoy Tie Back Maxi Dress - Light Pink,5,2,7
Vivo Alani Pallazo Pants - Black,4,3,7
Vivo Takali Tunic Top In Satin - Magenta,6,1,7
Vivo Wrap Shawl - Black,7,0,7
Vivo Scalloped Kimono in Crepe - Brown / Grey Print,3,4,7
Vivo V-Neck Camisole in Satin - Olive,7,0,7
Vivo Liora Shorts - Chocolate,3,4,7
Zoya Aridi Leggings - Navy,7,0,7
Safari Kikoy Tie Back Maxi Dress - Blue,3,4,7
Vivo Keza V Neck Maxi Kaftan In Satin - Beige / Black Print,7,0,7
Vivo Zena Shirred Waist Maxi Shirt Dress in Crepe - White / Black Dana Print,6,1,7
Vivo Sanali Trench Coat - Black,4,3,7
Zoya Yuni Men's Fleece Sweat Pants - Mint,7,0,7
Safari by Vivo Naledi Bubble Midi Dress - Neli Print,4,3,7
Vivo Iyana Cape Top - White,7,0,7
Safari Njano Joggers - Rust / Himo Print,5,2,7
Safari Tafari Shorts - Dafi Print,0,7,7
Vivo Lulu Bubble Sleeve Top - Off White,5,2,7
Vivo Basic Round Neck Maxi Dress In Crepe - Rust,7,0,7
Safari Mansi Bishop Sleeve Shacket - Black,3,4,7
Vivo Essentials Capri Leggings - White,7,0,7
Vivo Kani Tent Top - Black,4,3,7
Vivo Liora Kaftan Top - Cream / Coral Ziza Print,5,2,7
Safari Njano Men's Short Sleeve Shirt - Taupe / Black Dark Teal Print,7,0,7
Zoya Party Mini Skirt - Safron,7,0,7
Vivo Dua 3/4 Sleeved V Neck Shirt - Mulberry,4,3,7
Vivo Dua Shirt In Satin - Green,6,1,7
Vivo Ayana Wide High Low Top - Black / Cream,6,1,7
Safari Tiwa Shirred Midi Dress - Hunters,4,3,7
Safari Men's Long Sleeve Shirt - Denim Blue,4,3,7
Vivo Ajani V-Neck Top - Rust,5,2,7
Safari Tafari Shorts - Black Brown Shade C,0,7,7
Vivo Bissa Reversible Maxi Dress - Light Beige / Brown Print,6,1,7
Vivo Kemi Side Cowl Maxi Dress - Teal,6,1,7
Vivo Chela Basic Cap Sleeve Top - Lilac,5,2,7
Safari Tafari Shorts - Selvi Print,0,7,7
Safari Dila Poncho - Fuschia / Light Navy Blue,7,0,7
Zoya Basic Jersey Bandeau - Safron,7,0,7
Safari Kamari Halter Shirt - Light Blue,5,2,7
Vivo Kitenge Wrap Skirt - Himo,5,2,7
Vivo Iyana Shirred Waist Jumpsuit - Dark Purple,6,1,7
Safari Zene Tiered Above Knee Dress - White,3,4,7
Vivo Scalloped Kimono in Crepe - Teal / Light Blue Print,5,2,7
Vivo Ayah Bishop Sleeve Mock Neck Top - Lilac / Orange Zani Print,5,2,7
Vivo Basic Ali Jacket - Hunters Green,5,2,7
Vivo Laika Bishop Sleeve Shift Dress - Black,7,0,7
Vivo Basic Nandi High Slit Kimono - Cream / Pink Print,6,1,7
Vivo Basic Val Tank Top - Navy Blue,7,0,7
Vivo Tanda Skirt & Top Set - Olive,7,0,7
Zoya Party Drawstring Hoodie - Buttermilk,7,0,7
Vivo X This Is Essential  Sleeveless High Neck Bodysuit - Chocolate,0,7,7
Safari Men's Short Sleeve Shirt - White / Chari Print,5,2,7
Vivo Fitted Tops - Fs 3,6,1,7
Vivo Alma Drawstring Top - Dark Grey,6,1,7
Vivo Basic Crepe Bishop Sleeve Top - Dark Olive,5,2,7
Safari Savannah Men's Half Placket Shirt - Hunters,4,3,7
Vivo Basic Crepe Pants - Magenta,4,3,7
Safari Tiwa Straight Leg Pants - White,4,3,7
Vivo Upe Wide Leg Pants - Burgundy,7,0,7
Vivo Nimali Satin Joggers - Grey,7,0,7
Vivo Liora Sleeveless Drawstring Top In Satin - Green / Teal Print,2,5,7
Vivo Basic Chiffon Tie Kaftan Top - Orange / Light Blue Nisa Print,4,3,7
Zoya Yuni Halter Midriff Top - Black,7,0,7
Vivo Liora Drawstring Pants - Black,7,0,7
Safari Savannah Men's Drawstring Shorts (Regular) - Hunters,3,4,7
Vivo Lena Waistcoat - Black / White Stripes,4,3,7
Vivo Ajani V-Neck Top - Peach / Tan Print,3,4,7
Vivo Maisha 3/4 Sleeve Maxi Dress - Grey Mural Print,7,0,7
Vivo Liora Multiway Top in Satin - Brown Textured Print,3,4,7
Vivo Wena High Slit Maxi Shirt - Sea Green,7,0,7
Zoya Shani Satin Off Shoulder Crop Top - Burgundy,7,0,7
Vivo Keza V-Neck Maxi Kaftan - White / Lilac Print,1,6,7
Vivo Tahisa Straight Leg Pants -Light Olive,4,3,7
Vivo J.O V-Neck Sheath Dress - Burgundy,1,6,7
Vivo Seli Wide Leg Pants - Lilac / Navy Esli Print,2,5,7
Vivo Safa Straight Leg Pants - Navy,4,3,7
Vivo Nora Front Pleat Knee Length Dress - Chocolate,7,0,7
Vivo Mira Reversible Wrap Top - Peach / Brown Fan Print,7,0,7
Vivo Basic Short Waterfall - Mustard,7,0,7
Safari Kaya Long Sleeve Shirt Dress - Black,3,4,7
Vivo Serwa Tent Dress - Beige,7,0,7
Vivo Basic Bodycon Dress - Off White,6,1,7
Vivo Dua Shirt In Satin - Magenta,5,1,6
Safari by Vivo Cotton Wide Drawstring Kaftan - Green / Purple Print,6,0,6
Zoya Temo Mens Short Sleeve T-shirt - Navy / Blue Camo,6,0,6
Vivo Chela Sleeveless Waterfall - Maroon,3,3,6
Vivo Ayah Drawstring Pants - Lilac,5,1,6
Safari by Vivo Zehra Embroidered Linen Kimono - Maroon,6,0,6
Safari Men's Kitenge Drawstring Shorts - Chari Print,5,1,6
Vivo Kitenge Wide Leg Pants - Juja,5,1,6
Safari by Vivo Zehra 3/4 Sleeve Kitenge Maxi Dress - Avena Print,6,0,6
Vivo Essentials Bodycon - Black,4,2,6
Vivo Ria Mock Neck Top - Rust,4,2,6
Safari by Vivo Zehra Kitenge Short Kimono - Moli Print,5,1,6
Vivo Liora Maxi Kimono - Olive / Green Ziza Print,5,1,6
Vivo Talia Front Slit Maxi Top - White / Lilac Alia Print,4,2,6
Vivo Wide Top in Satin - White / Light Blue  Rozi Print,5,1,6
Safari Savannah Men's Drawstring Shorts (Tall) - Hunters,4,2,6
Vivo Essentials Tank Top - White,5,1,6
Vivo Kemi Skirt & Top Set - White / Lime Emi Print,3,3,6
Zoya Banda Unisex Jorts - Pink,6,0,6
Vivo Serwa Flounce Dress - Mint,5,1,6
Vivo Basic Chiffon Cap Sleeve Top (Double Layered) - Navy,6,0,6
Safari Kamari Halter Shirt - Baby Blue,5,1,6
Vivo Liora Wide Leg Pants - White / Yellow Rozi Print,6,0,6
Safari by Vivo Zene High Low Shirt Dress - Rust,5,1,6
Safari Kaya Long Sleeve Shirt Dress - Taupe,5,1,6
Vivo Safa Straight Leg Pants - Dark Red,6,0,6
Vivo Kaisa Maxi Skirt - Black Hill Texture,5,1,6
Vivo Ayah Satin Pants - Dark Red,5,1,6
Vivo Liora Multiway Top in Satin - Taupe Textured Print,6,0,6
Safari Haya Drop Shoulder Side Tie Top - Red Koi Print,4,2,6
Vivo Reba Drop Shoulder Shirt Dress - Hot Pink / Black Deka Print,6,0,6
Zoya Nia Off Shoulder Knee Length Dress - Lilac,6,0,6
Vivo Samira Pants - White / Black Print,5,1,6
Vivo Maisha Straight Leg Pants In Crepe - Grey / Black Abstract Print,5,1,6
Vivo Ayah Bishop Sleeve Mock Neck Top - Chocolate,5,1,6
Safari Tafari Off Shoulder Crop Top - Dafi Print,5,1,6
Vivo Zena Shirred Waist Maxi Shirt Dress in Crepe - White / Maroon Dana Print,6,0,6
Vivo Chidii Drop Shoulder Kimono - Gold,3,3,6
Vivo Yumi High Low Shirt Dress - Orange,5,1,6
Vivo Basic Dolman Sweater - Black,6,0,6
Vivo Samira Midi Dress - Off White / Purple Print,6,0,6
Vivo Niari Full Length Pants - Grey,2,4,6
Vivo Merika Satin Wrap Top - White / Mustard Nito Print,5,1,6
Vivo Basic Cowl Jersey Top - White,4,2,6
Vivo Basic Crepe Pants - Black,3,3,6
Zoya Sadira Mini Cargo Skirt - Taupe,6,0,6
Vivo Extra Long May Jersey Waterfall - Taupe,3,3,6
Vivo Pesi Basic Long Sleeve Shirt - Lime Stripes,5,1,6
Vivo Keza V Neck Maxi Kaftan - Pink / Off White Print,3,3,6
Vivo Isabi Loose Top - Fuschia,2,4,6
Vivo Selah Palazzo Pants in Stretch Rib - Lilac,4,2,6
Vivo Kitenge Multi Purpose Wrap - Black / Blue Ankara Print,4,2,6
Safari by Vivo Zehra Drawstring Pants - Maroon,6,0,6
Vivo Liora Asymmetrical Satin Kaftan Top - Hunters Textured Print,3,3,6
Vivo Nimali Satin Joggers - Red,6,0,6
Vivo Sierra Long Sleeve Top (Double Layered) - White,5,1,6
Vivo Wastani 3/4 Shirred Sleeve Wide Tunic - Lilac / Dark Purple Lupa Print,6,0,6
Vivo Nandi High Slit Kimono - Black / Blue Print,3,3,6
Vivo Liora Satin Drawstring Kimono Sleeve Top - Burgundy Textured Print,6,0,6
Vivo Ayah Hijab Headwrap - Off White / Rust Yana Print,6,0,6
Vivo Basic Strappy Cowl Top - Champagne,3,3,6
Vivo Yene Wide Leg Pants - Navy Blue,4,2,6
Vivo Basic Imelda Cowl Sweater - Light Grey,3,3,6
Vivo Basic Bodycon Dress in Stretch Reeyon - Grey,5,1,6
Vivo Nandi High Slit Kimono - Black / Red Print,2,4,6
Safari Savannah Wrap Top - White,4,2,6
Zoya Luna Drape Tie Top - Pink,6,0,6
Vivo Basic Nandi A-Line Kimono - Black / White Off-White Nel Print,6,0,6
Vivo Nora 3/4 Sleeve Peplum Top - Hunters,4,2,6
Vivo Knee Length Kaftan in Satin - Teal / Black Print,4,2,6
Vivo Laika Bishop Sleeve Shift Dress In Crepe - Lilac / Black Aria Print,5,1,6
Vivo Wingu Three Tiered Knee Length Dress - Brown / Cream Print,5,1,6
Zoya Sadira Strappy Bodysuit - White,6,0,6
Safari by Vivo Mansi Wide Hem Embroidered Tent Dress - Orange,5,1,6
Vivo Basic Palazzo Pants - Hunters Green,5,1,6
Vivo Samira Wide Satin Kimono - Cream / Black Print,2,4,6
Vivo Keza Satin Border Maxi Kaftan - Brown / Mint Abstract Print,6,0,6
Vivo Basic Cap Sleeve Top in Satin - Cream / Lilac Huwa Print,6,0,6
Safari by Vivo Cotton Wide Drawstring Kaftan - Mint / Red Print,6,0,6
Vivo Basic Double Layered Long Sleeved Bodysuit - Dark Teal,5,1,6
Vivo Lalani Turtle Neck Sweater Dress - Chocolate / Orange Ukwi Print,4,2,6
Vivo Basic 3/4 Sleeved Double Layered Bodysuit - Dark Red,4,2,6
Vivo Maisha Kimono & Pant Set - Grey / Black Print,6,0,6
Safari Mali 3/4 Bishop Sleeve Tie Top - White,5,1,6
Vivo Kitenge Multi Purpose Wrap - Red / Pink Ankara Print,6,0,6
Safari by Vivo Zehra 3/4 Sleeve Kitenge Maxi Dress - Black / White Ana Print,5,1,6
Vivo Nasinka A-Line Maxi Dress - Black,3,3,6
Vivo Chidii Tunic Dress With Frills - Brown Textured Print,5,1,6
Vivo Hamle Side Twist Tie Bodycon - Navy,3,3,6
Vivo Nimali Satin Shorts - Brown,5,1,6
Vivo Keza V Neck Maxi Kaftan In Satin - Black / White Print,6,0,6
Vivo Basic Cap Sleeve Top In Crepe - Mustard,4,2,6
Zoya Shani Sarong Wrap - Burgundy,6,0,6
Vivo Basic Val Long Sleeve Top - Dark Green,5,1,6
Vivo Niari Full Length Pants - Dusty Green,4,2,6
Vivo Sakari Drop Shoulder Jumpsuit - Sea Green / Burgundy Lisi Print,2,4,6
Vivo Basic Crepe Bishop Sleeve Top - Light Grey,5,1,6
Vivo X This Is Essential  Sleeveless High Neck Bodysuit - Red,2,4,6
Safari Savannah Midi Wrap Dress - Mustard,3,3,6
Vivo Essentials Bodycon - Yellow,6,0,6
Safari Tiwa Barell Pants - White,6,0,6
Safari Men's Chinese Collar Long Sleeve Shirt - Grey Stripped,4,2,6
Safari Tiwa Shirred Top - Lime,3,3,6
Vivo Side Slit Midi Waterfall - Dark Red,4,2,6
Vivo Chidii Drop Shoulder Kimono - Light Tan / Navy Tulu Print,4,2,6
Vivo Liora Shorts - Red / Black Ziza Print,4,2,6
Vivo Basic Satin Bishop Sleeved Top - Orange,4,2,6
Vivo Studio Lounge Pants in Rib - Olive,2,4,6
Vivo Alek 3/4 Sleeve A-Line Kimono - Navy / Orange Aber Print,3,3,6
Vivo Liora Drawstring Kimono Sleeve Top - Coral,2,4,6
Safari Tara Barell Pants - Light Blue / Navy Dire Print,3,3,6
Vivo Nuru Strappy Top - Dusty Pink / Navy Uri Print,4,2,6
Vivo Naya One Shoulder Flounce Jumpsuit - Pweza Print,6,0,6
Vivo Everyday Side Twist Bodycon in Jersey - Dark Purple,3,3,6
Vivo Essentials Biker Shorts - Mulberry,5,1,6
Zoya Party Cowl Bare Back Mini Dress - Taupe / Pink Waridi Print,6,0,6
Shiv & Shikie X Safari Cargo Pants - Dark Grey,5,1,6
Vivo Sierra Long Sleeve Top in Chiffon (Double Layered)  - Pink,3,3,6
Vivo Samira Pants - Black / Brown Polka Dot Print,6,0,6
Vivo Kani Bishop Sleeve Top - Maroon,3,3,6
Zoya Temo Mens Camo Shirt - Camo Brown,6,0,6
Zoya Shani Pleated Pants - Navy Blue,6,0,6
Vivo Basic Sienna Waterfall - Chocolate,6,0,6
Vivo Basic Cap Sleeve Chiffon Maxi Dress - Light Blue / Purple Sinka Print,4,2,6
Vivo Chela Tank Top in Stretch Rib - Black,5,1,6
Vivo Basic Crepe Pants - Orange / Black Tiki Print,3,3,6
Vivo Liora Sleeveless Drawstring Top - Red / Black Ziza Print,6,0,6
Vivo Basic Liv Chiffon Top - White / Black Print,4,2,6
Vivo Long Sleeve Maxi Waterfall - Caramel,6,0,6
Vivo Basic Waterfall - White,4,2,6
Vivo Leila Maxi Waterfall - Dark Maroon,6,0,6
Vivo Takali Asymmetrical Midi Length Kaftan In Satin - Dark Green,4,2,6
Vivo Fahari 3/4 Sleeve Shirred Shirt - Dark Mustard,4,2,6
Vivo Ayah Satin Pants - Dark Purple,6,0,6
Safari Haya Drop Shoulder Side Tie Top - Maroon Koi Print,3,3,6
Vivo Iyana Bubble Sleeveless Top - Navy,3,3,6
Vivo Iyana Bubble Sleeveless Top - Maroon,3,3,6
Safari Mansi Hi-Low Shirt - Green Stripes,2,4,6
Vivo Ava Tent Flounce Maxi Dress - Mustard Orange Sella Print,6,0,6
Vivo Keza Satin Border Maxi Kaftan - Light Blue / Teal Abstract Print,5,1,6
Vivo Basic Long Sleeved Double Layered Bodycon - Mustard,5,1,6
Vivo Basic Cap Sleeve Top In Crepe - Buttermilk,5,1,6
Vivo Ari Short Sleeve Top - Teal,5,1,6
Safari Men's Long Sleeve T-shirt - Black / Elmi Print,4,2,6
Vivo Scalloped Kimono in Crepe - Beige / Grey Print,6,0,6
Vivo Maisha Top & Pant Set - White / Blue Print,3,3,6
Vivo Ruched Maxi Top in Textured Satin - Beige / Black Print,5,1,6
Vivo Chidii Drop Shoulder Kimono - White / Mint Tulu Print,5,1,6
Zoya Basic Jersey Bandeau - Red,6,0,6
Vivo Tahisa Straight Leg Pants - Navy,4,2,6
Vivo Maisha Drop Shoulder Maxi Dress In Rayon - Pink / Cream Print,3,3,6
Zoya Basic Jersey Bandeau - Black,6,0,6
Vivo Meli Sleeveless Coat - Black,2,4,6
Vivo Safa Skirt - Dark Taupe,4,2,6
Vivo Zahari 3/4 Sleeve Off-Shoulder Jumpsuit - Chocolate,5,1,6
Safari by Vivo Zehra Embroidered Linen Kimono - Navy,1,5,6
Vivo Diella Pleated Dress - Maroon,6,0,6
Vivo Lulu Drawstring Top In Cotton - Orange,4,2,6
Safari Bush Men's Long Sleeve T-shirt - Grey,5,1,6
Vivo Yumi Off Shoulder Jumpsuit - Dark Green,6,0,6
Safari Tafari Off Shoulder Crop Top - Selvi Print,3,3,6
Safari by Vivo Zehra Kitenge Shorts - Pollo Print,6,0,6
Vivo Dua 3/4 Sleeved V Neck Shirt - Lilac / Black Arisi Print,3,3,6
Vivo Seli Head Wrap - Peach,2,4,6
Vivo Nimali Satin Joggers - Gold,6,0,6
Vivo Ayah Bishop Sleeve Mock Neck Top - Taupe / Orange Zani Print,5,1,6
Vivo Takali Tunic Top In Satin - Olive / Black Arisi Print,6,0,6
Vivo Basic Sleeveless Jersey Waterfall - Brown,4,2,6
Vivo Izzy Satin Bishop Sleeve Top - Lime,2,3,5
Vivo Basic Leisure Pants - Green,3,2,5
Zoya X Metamorphisized 143 Oversized Bowling  Shirt - White / Black,5,0,5
Vivo Knee Length Kaftan in Satin - Pink / Orange Print,4,1,5
Vivo Basic Puff Sleeved Bodycon - Mustard,3,2,5
Zoya Yuni Strappy Midriff Top - Beige,5,0,5
Vivo Sakari Cap Sleeve Maxi Dress - Brown,3,2,5
Vivo Jersey Spaghetti Tank Top - Chocolate,4,1,5
Zoya Temo Straight Leg Pants - Camo Green,5,0,5
Safari Tara Crop Shacket - Navy / Light Blue Sutu Print,3,2,5
Vivo Chidii Tunic Dress With Frills - Black / Burgundy Print,4,1,5
Vivo Niari Boat Neck Dress - Light Olive,5,0,5
Vivo Sierra Cap Sleeve Tent Chiffon Dress - Mustard Textured Print,4,1,5
Vivo Chiffon Shorts - Black,5,0,5
Vivo Ria A-Line Dress - Chocolate,4,1,5
Safari Nazari Bubble Midi Dress - Black / Beige Print,5,0,5
Vivo Scalloped Kimono in Crepe - Mulberry / Cream Print,3,2,5
Vivo Basic Satin Bishop Sleeved Top - Olive,5,0,5
Vivo Cowl Camisole - Black,4,1,5
Safari Tafari High Slit Kimono - Hunters / Lulu Print,3,2,5
Vivo Basic Hooded Kimono - Beige / White Print,2,3,5
Vivo Liora Drawstring Midi Dress - Grey / Mustard Ziza Print,5,0,5
Vivo Aleri Front Slit Sheath Dress - Red,5,0,5
Safari Savannah Wrap Top - Rust,3,2,5
Vivo Everyday Cap Sleeve Top - Dark Olive,5,0,5
Vivo X This Is Essential  Short Sleeve Bodysuit - Red,2,3,5
Zoya Party Turtle Neck Midriff Top - Buttermilk,5,0,5
Vivo Basic Tulip Sweater - Grey,5,0,5
Vivo Tatili Bishop Long Sleeve Top In Satin - Grey Multicolor Print,5,0,5
Vivo Kitenge Wrap Skirt - Tafo,2,3,5
Vivo Waterfalls & Kimonos - FS 4,5,0,5
Vivo Merika Satin Wrap Top - Brown / Black Animal Print,5,0,5
Safari Naledi 3/4 Sleeve Tent Dress - Taupe Puff Stripes,3,2,5
Vivo Kitenge Wide Leg Pants - Navy / Brown Chiku Print,2,3,5
Vivo Maisha Wide High Low Top - White / Lilac Ika Print,5,0,5
Vivo Sanali Trench Coat - Mustard,4,1,5
Vivo Yene Wide Leg Pants - Purple,3,2,5
Vivo Basic Dolman Sweater - Grey,4,1,5
Shiv & Shikie X Safari Drawstring Shorts - Purple,5,0,5
Vivo Chela Wide Leg Pants - Taupe,3,2,5
Safari 3/4 Sleeve Maxi Kimono With Headwrap - Mustard / Cream Print,2,3,5
Vivo Nuru Side Panel Wide Leg Pants - Dusty Pink / Navy Uru Print,4,1,5
Vivo Basic Chiffon Tie Kaftan Top - Light Taupe / Dark Teal Nisa Print,4,1,5
Vivo Ava Tent Flounce Maxi Dress - Navy,5,0,5
Safari Tiwa Wide Leg Pants - Mustard,1,4,5
Safari Mali 3/4 Bishop Sleeve Tie Top - Navy Blue,4,1,5
Vivo Beali Two Way Wrap Top - Cream / Gold Lea Print,4,1,5
Vivo Studio Lounge Pants in Rib - Dark Taupe,4,1,5
Vivo Wila Jumpsuit - Burgundy,4,1,5
Zoya Luna Cargo Pants - Dark Green,5,0,5
Vivo Dalia Cap Sleeve Gathered Dress in Crepe - Black / Beige Textured Print,4,1,5
Safari Zene Off Shoulder Dress - Peach,3,2,5
Vivo Full Length Pants - Fs 4,5,0,5
Vivo Maxi Kaftan in Satin - Grey / Rust Rozi Print,5,0,5
Vivo Basic Long Sleeved Top - Orange,1,4,5
Vivo Wrap Poncho in Sweater - Dark Red,5,0,5
Vivo Basic V-Neck Long Sleeve Top - Navy Blue,3,2,5
Vivo Sanali Wide Leg Pants - Beige / Red Print,5,0,5
Safari Zene Off Shoulder Top - Coral,3,2,5
Vivo Mistari 3/4 Sleeve V - Neck Collared Tunic Top - Neck Collared Tunic Top - Black Textured,1,4,5
Vivo Basic Sleeveless Jersey Waterfall - Mustard,3,2,5
Vivo Reversible Poncho without Fringes - Light Navy Blue / Fuschia Samba Print,5,0,5
Safari Anga Wide Shorts - Black / White Ankara Print,5,0,5
Vivo Basic Cap Sleeve Maxi Dress In Chiffon - Red,5,0,5
Vivo Knee Length Kaftan in Satin - Pink / Sea Green Print,3,2,5
Vivo Niari Sleeveless Top - Light Mustard,5,0,5
Vivo Nimali Satin Joggers - Blue,5,0,5
Vivo Kitenge Multi Purpose Wrap - Orange / Black Ankara Print,4,1,5
Vivo Basic Chiffon Bishop Sleeve Top (Double Layered) - Navy Blue,5,0,5
Zoya Basic Tank Top - Yellow,4,1,5
Vivo Ria Pants & Waterfall Set - Taupe,4,1,5
Vivo Iyana Knee Length Bubble Dress - Fuschia / Green Iya Pint,5,0,5
Vivo Niari Sleeveless Tent Dress in Crepe - Hunters / Black Print,5,0,5
Vivo Everyday Cap Sleeve Top - Mustard,5,0,5
Vivo Nimali Satin Shorts - Lilac,2,3,5
Safari Chui Heavy Shirt - Red,0,5,5
Safari Tara Barell Pants - Olive / Brown Khoi Print,3,2,5
Safari by Vivo Zehra Kitenge Shorts - Kosi Print,5,0,5
Vivo Hadiya Wrap Dress - Dark Green,3,2,5
Vivo Wide Leg Pants in Textured Crepe - White ,5,0,5
Vivo Wastani Shirred Sleeve Easy Fit Shirt - Light Grey,2,3,5
Vivo Niari Boat Neck Dress - Dark Tan,3,2,5
Vivo Ava Tent Flounce Maxi Dress - Dark Green,5,0,5
Vivo Dua 3/4 Sleeved V Neck Shirt - Olive / Black Arisi Print,4,1,5
Vivo Maisha Wide High Low Top - White / Olive Ika Print,5,0,5
Safari Tara Barell Pants - Navy / Light Blue Sutu Print,1,4,5
Vivo Basic Leila Maxi Waterfall - White,4,1,5
Safari by Vivo Zehra Kitenge Short Kimono - Kosi Print,5,0,5
Vivo Basic 3/4 Sleeve Double Layered Bodycon Dress - White,5,0,5
Safari Bush Men's Long Sleeve T-shirt - Hunters Green,5,0,5
Vivo Basic Long Sleeved Top - Pink,4,1,5
Safari Men's Short Sleeve Shirt - Black / Tana Print,4,1,5
Safari Naledi Gathered Panel Maxi Skirt - White,4,1,5
Safari Tafari Highlow Top in Kitenge - Lara Print,3,2,5
Vivo Nimali Satin Shorts - Blue,5,0,5
Shiv & Shikie X Safari Drawstring Shorts - Light Taupe,5,0,5
Vivo Basic Crepe Pants - Rust Orange,3,2,5
Vivo Keza V Neck Maxi Kaftan In Satin - Cream / Rust Print,5,0,5
Zoya Basic Jersey Bandeau - Dark Green,5,0,5
Safari Savannah Men's Long Sleeve Shirt - White,4,1,5
Vivo Hari Flared Sleeve Tunic - Pink,5,0,5
Vivo Loose Tops - Fs 4,4,1,5
Vivo Saida Cap Sleeve Top - Rust,5,0,5
Vivo Tatili Bishop Long Sleeve Top In Satin - Teal ,5,0,5
Vivo Ayah Drawstring Pants - Burnt Orange,5,0,5
Safari Bush Yoga Wrap - Off White,2,3,5
Vivo Basic Long Sleeved Top - Light Grey,3,2,5
Vivo Zena Shirred Waist Maxi Shirt Dress in Crepe - White / Yellow Dana Print,3,2,5
Vivo Ria Drop Shoulder Top - Dark Olive,4,1,5
Vivo Rema High Low Maxi Dress - Sage,4,1,5
Safari Men's Short Sleeve Shirt - Black / Tari Print,5,0,5
Vivo Ajani Long Sleeve Top - Navy Blue,5,0,5
Vivo Basic Round Neck Maxi Dress - Teal,4,1,5
Vivo Yene Jumpsuit - White / Burgundy Shibori Print,4,1,5
Vivo Ria Drop Shoulder Top - Maroon,5,0,5
Vivo Ayana Wide High Low Top - Black / Mint,2,3,5
Vivo Dua 3/4 Sleeved V Neck Shirt - Light Blue,3,2,5
Zoya Shani Off Shoulder Crop Top - Burgundy / Peach Sani Print,5,0,5
Vivo Sakari Cap Sleeve Maxi Dress - Red,3,2,5
Vivo Basic Nalia High Low Jersey Top - Teal,3,2,5
Vivo Niari Pleated Dress in Crepe - Rust,3,2,5
Safari Tafari Wrap Top - Sigi Print,2,3,5
Vivo Ayla Crepe Pants - Mulberry,4,1,5
Vivo Essi Front Slit Maxi Top In Satin - White,4,1,5
Vivo Basic Nandi High Slit Kimono - Black / Rust Print,5,0,5
Vivo Basic Round Neck Maxi Dress - Blue / Black Print,5,0,5
Safari by Vivo Zehra Kitenge Pants - Pena Print,5,0,5
Vivo Off Shoulder Maxi Dress in Cotton - Orange Multicolor Print,5,0,5
Vivo Ava Tent Flounce Maxi Dress - Sage / Navy Sella Print,5,0,5
Vivo Ayah Drawstring Pants - Lilac / Orange Zani Print,5,0,5
Vivo Bodysuits T- Shirts & Tank Tops - Rfs 1,1,4,5
Vivo Basic 3/4 Sleeve Leila Bodycon Dress - Light Taupe,5,0,5
Vivo Sanyu Pleated Pants - Purple,5,0,5
Vivo Chela Jersey Sleeveless Waterfall - Orange,3,2,5
Vivo Basic Dolman Sweater - Dark Green,4,1,5
Vivo Tanda Pant and Top Set - Olive,1,4,5
Vivo Imara 3/4 Sleeve Tent Dress,5,0,5
Vivo Leila Cap Sleeve Tent Maxi Dress - Black,5,0,5
Vivo Nimali Satin Joggers - Pink,5,0,5
Vivo Yene Wide Leg Pants - Olive,5,0,5
Vivo Tatili Bishop Long Sleeve Top In Satin - Brown Multicolor,4,1,5
Safari by Vivo Zehra 3/4 Sleeve Kitenge Maxi Dress - Asheri Print,5,0,5
Vivo Nasinka V-Neck Maxi Dress - Purple,4,1,5
Zoya Yuni Off shoulder Mini Dress - Black,5,0,5
Safari Tafari Wrap Skirt - Songwe Print,5,0,5
Vivo Basic Sleeveless Midi Jersey Waterfall - Mustard,3,2,5
Vivo Basic Destiny Chiffon Top - Green / Pink Print,1,4,5
Vivo X This Is Essential Short Unitard - Navy Blue,0,5,5
Zoya Banda Men's Wide Pants - Blue,5,0,5
Zoya Nia Off Shoulder Knee Length Dress - Navy Blue,5,0,5
Vivo Rema 3/4 Sleeve Side Slit Tunic Top - Lilac,3,2,5
Vivo X This Is Essential  Sleeveless Scooped Neck Bodysuit - Taupe,0,5,5
Vivo Asha Sleeveless Knee Length Dress - Purple / Navy Nola Print,4,1,5
Vivo Talia Wide Leg Pants - Light Grey,3,2,5
Zoya Basic Tank Top - Dark Green,5,0,5
Safari Naledi Wrap Top - Navy,5,0,5
Safari Hawi Peplum Bishop Sleeve Wrap Coat - Cherry,5,0,5
Vivo Wide Top in Satin - White / Red Rozi Print,5,0,5
Vivo Basic Leila Short Waterfall - Hunters,5,0,5
Vivo Chela Sleeveless Waterfall - Buttermilk,3,2,5
Vivo Tahisa Straight Leg Pants -Dark Green,3,2,5
Vivo Cotton High Low Top - Olive,5,0,5
Vivo Basic Waterfall - Light Mustard,4,1,5
Vivo Cotton 3/4 Sleeve Wrap Top - Mulberry,5,0,5
Vivo Reba Drop Shoulder Shirt Dress - Mustard / Navy Deka Print,5,0,5
Vivo Lulu 3/4 Sleeve Maxi Kaftan - Fuschia / Black Print,5,0,5
Vivo Ayah Drawstring Pants - Purple,5,0,5
Vivo Chidii Wide Leg Pants - Dark Red / Black Tulu Print,5,0,5
Vivo Kelemi 4.0 Frilled Wide Top - Mustard,3,2,5
Vivo Maisha Top & Pant Set,5,0,5
Safari Kikoy Tunic High Low Top - Brown,1,4,5
Vivo Lalani Turtle Neck Sweater Dress - Mustard / Black Ukwi Print,4,1,5
Vivo Basic Double Layered Long Sleeved Bodysuit - Dark Mustard,5,0,5
Vivo Tahisa Straight Leg Pants - Orange,3,2,5
Vivo Basic Satin Bishop Sleeved Top - Hot Pink,5,0,5
Vivo Pana Short Waterfall - Olive Green,5,0,5
Vivo Essentials Capri Leggings - Mulberry,5,0,5
Safari Nimali Bubble Sleeve Top - Navy,4,1,5
Safari Naledi Bishop Sleeve Tiered Dress - White / Black Wia Print,4,1,5
Vivo Samira Cape Dress - Coral Print,2,3,5
Safari Tiwa Reversible Tie Kimono - Black +Tayo Print,3,2,5
Vivo Alani Plaid Midi Dress - Black / Tan Plaid,5,0,5
Vivo Hadiya Wrap Dress - Black,4,1,5
Zoya Shani Men's Summer Shirt - Navy / White Sani Print,5,0,5
Vivo Yumi Off Shoulder Jumpsuit - Chocolate,4,1,5
Vivo Ria Mock Neck Top - Taupe,4,1,5
Vivo Tolani Dress - Dark Red,4,1,5
Vivo Amara Sleeveless High Low Top - Tan,2,3,5
Vivo Chela Wide Leg Pants - Lilac,3,2,5
Vivo Safa Straight Leg Pants - Chocolate,5,0,5
Vivo Lani Maxi Dress In Satin - Black / White Yali Print,5,0,5
Vivo Scalloped Kimono in Crepe - Brown / Olive Print,5,0,5
Vivo Basic Escape A-Line Dress - Navy Blue,5,0,5
Vivo Chidii Wide Leg Pants - Light Tan / Navy Tulu Print,5,0,5
Zoya Basic Full Length Leggings - Burgundy,5,0,5
Vivo Dua 3/4 Sleeved V Neck Shirt - Mustard / Red Arisi Print,4,1,5
Vivo Ayah 3/4 Sleeve Jumpsuit - Navy,3,2,5
Vivo Zola V Neck Maxi Dress in Crepe - Green,5,0,5
Safari Savannah Men's Long Sleeve Shirt - Beige,5,0,5
Vivo Basic Satin Bishop Sleeve Top - Dark Mustard,4,1,5
Vivo Studio Strapless Maxi in Crepe- Dark Red,3,2,5
Safari Solana Bubble Midi Skirt - Black,4,1,5
Zoya Yuni Halter Dress - Black,5,0,5
Vivo Talia Front Slit Maxi Top - Rose Pink,4,1,5
Vivo Takali Asymmetrical Midi Length Kaftan - Dark Purple,2,3,5
Vivo Basic Waterfall - Navy Blue,5,0,5
Vivo Waridi Sleeveless Overcoat - Black,3,2,5
Vivo Niari Sleeveless Tent Dress in Crepe - Red / Black Print,3,2,5
Zoya Luna Drawstring Maxi Dress - Black,4,0,4
Vivo Studio Crew Neck Tee in Rib - Teal,3,1,4
Safari Naledi Bishop Sleeve Tiered Dress - Beige / Black Wia Print,3,1,4
Vivo Sakari Circular Loose Top in Chiffon - Brown / Grey Textured Print,2,2,4
Safari by Vivo Savannah Drawstring Shacket - Brown,1,3,4
Vivo Lalani Turtle Neck Sweater Dress - Chocolate / Mustard Samba Print,2,2,4
Vivo Basic Sleeveless Tent Dress in Crepe - White / Olive Print,4,0,4
Vivo Basic Puff Sleeved Bodycon - Dark Teal,3,1,4
Vivo Alek 3/4 Sleeve A-Line Kimono - Teal / Black Umbo Print,3,1,4
Vivo Diella V-Neck Jumpsuit - Cream / Black Print,3,1,4
Vivo Waridi Sleeveless Overcoat - Burgundy,1,3,4
Vivo Everyday Cap Sleeve Top in Jersey - Mustard,4,0,4
Vivo Mandla Tent Dress - Dark Pink,4,0,4
Vivo Basic Double Layered Capri Skirt - Chocolate,3,1,4
Vivo Essentials Biker Shorts - Black,3,1,4
Vivo Basic Cap Sleeve Bodycon - Light Grey,4,0,4
Vivo Samira Cape Dress - Brown Print,3,1,4
Vivo Muna Cap Sleeved Knee Length Dress - Off White,4,0,4
Vivo Scalloped Kimono In Crepe - Lime / Dark Green Print,2,2,4
Vivo Isabi Loose Top In Chiffon,2,2,4
Safari Njano Wide Leg Pants - Shama Print,4,0,4
Vivo Maxi Kaftan in Satin - Olive / Dark Green Rozi Print,4,0,4
Vivo Isabi Cowl Top - Black,2,2,4
Zoya Basic Halter Tie Top - White,4,0,4
Safari Savannah Kitenge Midi Wrap Dress - Lashi Print,3,1,4
Vivo Basic Val Long Sleeve Top - Dark Olive,3,1,4
Vivo Liora Wide Leg Pants - Coral / Navy Ziza Print,3,1,4
Vivo Chela Sleeveless Waterfall - Black,2,2,4
Vivo High Low Top In Crepe - White / Yellow Rozi Print,4,0,4
Safari by Vivo Naledi Tiered Dress in Cotton - Off White / Hunters Print,3,1,4
Vivo Sierra Cap Sleeve Tent Chiffon Dress - Black,4,0,4
Vivo Liora Sleeveless Drawstring Top In Satin - Dark Mustard / Black Print,2,2,4
Vivo X This Is Essential  Short Sleeve Bodysuit - Grey,2,2,4
Zoya Sadira Cargo Shorts - Taupe,4,0,4
Safari Kikoy Shirred Top Maxi Dress - Gold,1,3,4
Safari Kikoy Tie Back Maxi Dress - Firozi,2,2,4
Vivo Basic Cap Sleeve Top In Crepe - Maroon,4,0,4
Vivo Ayla Maxi Kaftan Dress - Red / Black Fani Print,4,0,4
Vivo Liora Side Drawstring Kaftan Dress - Mint Green Print,2,2,4
Vivo Nimali Satin Blouse - Black,2,2,4
Safari Tafari Off Shoulder Crop Top - Black Brown Shade C,3,1,4
Vivo Sierra Maxi Dress in Chiffon - Orange / Black Bori Print,3,1,4
Vivo Chidii Drop Shoulder Kimono - Mustard / Dark Teal Tulu Print,4,0,4
Vivo Reversible Poncho without Fringes - Coffee Brown / Taupe Samba Print,4,0,4
Vivo Analo Wide Leg Pants - Black,3,1,4
Vivo Basic 3/4 Sleeved Double Layered Bodysuit - Hunters,4,0,4
Vivo Ayla Off-Shoulder Dress - Tan / Black Meti Print,2,2,4
Vivo Hanabi Wrap Maxi Dress - Dark Red,3,1,4
Zoya Party Cowl Bare Back Mini Dress - Black,4,0,4
Vivo Basic Cap Sleeve Maxi Tent Dress - Blue / Black Print,3,1,4
Vivo Tanda Skirt & Top Set - Navy,4,0,4
Safari Lira Panelled Camisole Top - Black,4,0,4
Vivo Wastani Drawstring Pants - Light Grey,3,1,4
Vivo Hadiya Flounce Sleeve Maxi Dress - Navy Blue,2,2,4
Vivo Essentials Palazzo Pants - Burgundy,2,2,4
Vivo Sakari Circular Loose Top - Taupe / Grey Print,1,3,4
Vivo Soleil Handkerchief Drape Wide Top - Dark Mustard / Peach,4,0,4
Zoya Taani Mini Dress - Navy,4,0,4
Vivo Maisha Kimono in Crepe - Grey / Black Abstract Print,3,1,4
Vivo Ayla Maxi Kimono - Navy / Peach Alya Print,1,3,4
Shiv & Shikie X Safari Boxy T Shirt - Olive,4,0,4
Safari Savannah Kitenge Chinese Collar Shirt - Shama Print,3,1,4
Safari Mali Bishop Sleeve Tent Dress - Khaki,4,0,4
Zoya Party Drawstring Hoodie - Safron,4,0,4
Vivo Nimali Satin Flounce Kimono - Lilac,2,2,4
Vivo Essi Wide Leg Pants - Black,4,0,4
Vivo Basic Drop Shoulder Top - Yellow,3,1,4
Vivo Merika Satin Wrap Top - Fuschia / Green Iya Print,4,0,4
Vivo Basic Long Sleeved Top - Rust,1,3,4
Vivo Niari Tent Dress - Light Purple,3,1,4
Safari by Vivo Mansi Wide Hem Embroidered Tent Dress - Hunters,3,1,4
Safari by Vivo Zehra Kitenge Short Kimono - Vovi Print,1,3,4
Vivo Ria Mock Neck Top - Fuschia,4,0,4
Vivo Zena Bishop Panel Long Sleeve Round Neck Dress - Light Navy Blue,2,2,4
Zoya Temo Asymmetric Front Cut Crop Top - Black,4,0,4
Vivo Kelemi 4.0 Sleeveless Top - Navy / Mustard Nashe Print,4,0,4
Zoya Yuni Sleeveless Turtle Neck Maxi Top - White,4,0,4
Vivo Niari Sleeveless Top - Rust,3,1,4
Zoya Taani Easy Fit Joggers - Black,4,0,4
Safari Mara Shirred Bishop Sleeve Dress - Taupe,2,2,4
Vivo Wide Leg Pants in Textured Satin - Dusty Green / Black Print,3,1,4
Vivo Basic Long Sleeved Double Layered Bodycon - Hunters Green,4,0,4
Vivo Basic Crepe Bishop Sleeve Top - Navy / Mustard Print,4,0,4
Vivo Lalani Scarf With Fringes - Light Emerald Green / Ivory Samba Print,3,1,4
Safari Kamari Wide Leg Pants - Navy Blue,4,0,4
Vivo Nasinka A-Line Knee Length Dress - Sea Green / Burgundy Print,4,0,4
Vivo Hari Flared Sleeve Tunic - Red,4,0,4
Safari Zene Off Shoulder Top - Yellow,3,1,4
Vivo Saida Cap Sleeve Top - Mustard / Black,4,0,4
Vivo Basic Cap Sleeve Tent Knee Length Dress - Navy / Off White Print,4,0,4
Zoya Men's Cargo Pants - Dark Grey,4,0,4
Vivo Iyana Bubble Midi Skirt - Green / Pink Iya Print,4,0,4
Vivo Tatari Knee Length Coat - Navy Blue,1,3,4
Vivo Maisha Wide High Low Top - White / Orange Ika Print,3,1,4
Vivo Talia Maxi Slip Skirt - White,3,1,4
Vivo Rema Waterfall - Mustard,2,2,4
Vivo Zena Shirred Waist Maxi Shirt Dress in Crepe - Light Olive,4,0,4
Vivo Basic Imelda Top - Hunters,0,4,4
Vivo Kitenge Infinity Jumpsuit - Bukavu,2,2,4
Vivo Basic Cap Sleeve Tent Knee Length Dress in Crepe - White / Dark Green Ula Print,4,0,4
Vivo Selah Mock Neck Top in Stretch Rib - Buttermilk,2,2,4
Vivo Chela Tank Top - Taupe,2,2,4
Zoya Aridi Cropped Jacket - Blue Flannel / Navy,4,0,4
Vivo Izzy Satin Bishop Sleeve Top - Navy Blue,3,1,4
Vivo Liora Scalloped Maxi Top - Red,4,0,4
Zoya Luna High Slit Dress - Navy,4,0,4
Vivo Talia Sleeveless Tank Top - White / Lilac Alia Print,1,3,4
Safari Lira Panelled Camisole Top - Navy Blue,4,0,4
Safari Kikoy Wrap Dress - Red Blue,0,4,4
Vivo Maxi Kaftan in Satin - Mustard / Dark Green Rozi Print,4,0,4
Vivo Wingu Puff Sleeve Knee Length Dress - Light Navy,3,1,4
Vivo Kelemi 4.0 Kimono - Navy / Mustard Nashe Print,2,2,4
Safari by Vivo Mansi Wide Hem Embroidered Tent Dress - Black,4,0,4
Vivo High Low Top In Crepe - Yellow / Black Rozi Print,4,0,4
Vivo Basic Kena Tent Maxi Dress - Navy Blue,3,1,4
Zoya Sadira Mini Bubble Dress - Hunters,4,0,4
Vivo Takali Tunic Top In Satin - Mustard / Red Arisi Print,3,1,4
Safari Naledi Wrap Top - Black,2,2,4
Vivo Dalia Sleeveless Gathered Tent Dress - Beige / Black Print,2,2,4
Vivo Chela Drawstring Shorts - Light Taupe,3,1,4
Vivo Sakari Drop Shoulder Jumpsuit in Crepe - Black / Mustard Print,4,0,4
Zoya Basic Tank Top - Mustard,3,1,4
Vivo Basic Crepe Pants - Blue / White Print,3,1,4
Vivo Basic Satin Bishop Sleeve Top - Chocolate,4,0,4
Safari Naledi Gathered Panel Wrap Dress - White,4,0,4
Vivo Loose Tops - Rfs 3,2,2,4
Vivo Sierra Cap Sleeve Tent Chiffon Dress - Chocolate / Rust Yana Print,3,1,4
Vivo Liora Wide Leg Pants - White / Red Rozi Print,4,0,4
Vivo Basic Sleeveless Tent Kimono - Mint,3,1,4
Vivo Seli Head Wrap - White,2,2,4
Safari by Vivo Zehra Kitenge Pants - Moli Print,3,1,4
Zoya Yuni Strappy Midriff Top - Navy,3,1,4
Vivo Scalloped Kimono in Crepe - Brown / Tan Print,1,3,4
Vivo Basic Crepe Bishop Sleeve Top - Rust / Black Print,3,1,4
Safari Zene High Low Shirt Dress - Teal,4,0,4
Vivo Chela Sleeveless Waterfall - Taupe,3,1,4
Vivo Basic Cap Sleeve Top In Crepe - Rose Pink,4,0,4
Safari by Vivo Adinkra Tank in Rib - Chocolate,3,1,4
Vivo Basic Nalia High-low Chiffon Top - Black / Blue Print,1,3,4
Soko Maxi Cala Earrings - Gold,4,0,4
Vivo Yumi Cap Sleeve Dress - Purple,1,3,4
Zoya Capri Leggings - Hunters,4,0,4
Vivo Laika 3/4 Sleeve Tent Dress In Crepe - Buttermilk / Black Laki Print,4,0,4
Safari by Vivo Zehra Kitenge Short Kimono - Pollo Print,4,0,4
Vivo Merika Satin Wrap Top - Yellow,2,2,4
Shiv & Shikie X Safari Drawstring Shorts - White,2,2,4
Shiv & Shikie X Safari Drawstring Pants - Light Grey,2,2,4
Vivo Wastani Drawstring Pants - Lime / Hunters Marra Print,2,2,4
Vivo Iyana Cape Top - Mustard,4,0,4
Vivo Basic Val Long Sleeve Top - Navy Blue,3,1,4
Zoya Basic Val Tank Top - Forest Green,4,0,4
Vivo Nimali Satin Shorts - Red,4,0,4
Vivo Merika Satin Wrap Top - Grey / Black Animal Print,3,1,4
Vivo Niari Pleated Dress in Crepe - Black,3,1,4
Safari Zene Drop Shoulder Top - Taupe,1,3,4
Vivo Nasinka V-Neck Maxi Dress - Lime,1,3,4
Vivo X This Is Essential  Sleeveless High Neck Bodysuit - Grey,3,1,4
Vivo Basic Sleeveless Long Lily Waterfall - Yellow,2,2,4
Vivo Lani Maxi Dress In Satin - Light Green / Black Print,4,0,4
Vivo Basic Open Kaftan - Navy Blue / Mustard Print,3,1,4
Safari Tafari Highlow Top in Kitenge - Sika Print,3,1,4
Vivo Niari straight leg Pants - Orange,4,0,4
Vivo Selah Mock Neck Top in Stretch Rib - Lilac,3,1,4
Vivo Saida 3/4 Sleeve Top - Lime,3,1,4
Vivo Basic Double Layered Long Sleeved Bodysuit - Red,3,1,4
Vivo Situ Side Slit Midi Kimono - Black,3,1,4
Vivo Niari Full Length Pants - Olive Pinstripes,1,3,4
Vivo Short Kimono - Blue / Pink Azizi Print,2,2,4
Vivo Analo Sleeveless Tie Kimono - Orange,2,2,4
Vivo Liora Side Drawstring Kaftan Dress - Light Pink / Fuschia Print,2,2,4
Zoya Yuni One - Shoulder Crop Top - White,1,3,4
Vivo Basic Joy Sweater - Red,4,0,4
Vivo Basic Escape A-Line Dress - White,4,0,4
Zoya Capri Leggings - Black,4,0,4
Safari by Vivo Zehra 3/4 Sleeve Kitenge Maxi Dress - Isola Print,3,1,4
Vivo Basic Drop Shoulder Top - Navy Blue,2,2,4
Vivo Basic Waterfall - Deep Teal,4,0,4
Vivo Rema High Low Maxi Dress - Peach,4,0,4
Safari Mali Bishop Sleeve Tent Dress - Black,3,1,4
Vivo Kitenge Tie Top - Jura,4,0,4
Vivo High Low Top In Crepe - White / Blue  Rozi Print,4,0,4
Vivo Zawadi Shift Dress - Black / Yellow Print,4,0,4
Zoya Yuni Strappy Midriff Top - Taupe,3,1,4
Safari by Vivo Zehra 3/4 Sleeve Kitenge Maxi Dress - Zuberi Print,3,1,4
Vivo 2-Way Wrap Top - Sipo Print,2,2,4
Vivo Ayla Maxi Kimono - Hunters / Cream Yla Print,3,1,4
Zoya Vasha Raglan Sleeve Playsuit - Green / Yellow,4,0,4
Safari Mali 3/4 Bishop Sleeve Tie Top - Baby Blue,4,0,4
Vivo Lani Maxi Top - Taupe / Green Ruvu Print,4,0,4
Vivo Basic Sleeveless Long Lily Waterfall - Tan,2,2,4
Zoya Banda Men's Cargo Pants - White,4,0,4
Vivo Kelemi 4.0 Frilled Wide Top - White,4,0,4
Vivo Chela Scalloped Sleeveless Top - Lilac,2,2,4
Vivo Samira Maxi Kimono - Teal / Red Print,2,2,4
Vivo Essentials Lounge Pants - Taupe,4,0,4
Vivo Short Kimono - Navy / Red Maya Print,4,0,4
Safari Tafari Highlow Top in Kitenge - Saso Print,4,0,4
Vivo Talia Maxi Slip Skirt - Navy,2,2,4
Vivo Sleeveless Side  Slit Midi  Waterfall - Burgundy,2,2,4
Zawadi Keyhole Dress - Orange,3,1,4
Vivo Ayah Shirred Cuff Loose Top - Dark Purple,4,0,4
Vivo Essi Front Slit Maxi Top - Rust,4,0,4
Vivo Chela Wide Leg Pants - Buttermilk,2,2,4
Vivo Everyday Cap Sleeve Top - Yellow,4,0,4
Vivo Serwa Flounce Dress - Sea Green,4,0,4
Vivo Basic Extra Long Lily Waterfall - Hunters Green,2,2,4
Vivo Alora Shift Dress - Khaki,4,0,4
Safari Men's Kitenge Drawstring Shorts - Tari Print,4,0,4
Safari by Vivo Zehra Kitenge Pants - Pambo Print,4,0,4
Vivo Basic Crepe Pants - Yellow / Chocolate Tiki Print,4,0,4
Zoya Shani Off Shoulder Crop Top - Navy / Peach Sani Print,4,0,4
Zoya Sadira Men's Polo T-Shirt  - Grey,4,0,4
Safari by Vivo Zehra Extra Wide Shirt in Linen - Black,4,0,4
Zoya Basic Jersey Bandeau  - Hunters Green,4,0,4
Vivo Zahari Sweatheart Neck Jumpsuit - Maroon / Black Print,3,1,4
Vivo Safa Skirt - Off White,2,2,4
Vivo Long Sleeve Midi Waterfall - Offwhite,3,1,4
Vivo Lulu Cotton Tent Mini Dress - Navy,4,0,4
Vivo Chela Sleeveless Waterfall - Lilac,2,2,4
Safari by Vivo Zehra Kitenge Pants - Vovi Print,4,0,4
Safari Tafari Highlow Top in Kitenge - Raba Print,4,0,4
Safari Anga Wide Shorts - Navy Blue / Orange Ankara Print,1,3,4
Vivo Tatari Panelled Skirt - Black / Olive,3,1,4
Zoya Luna Drawstring Maxi Dress - Navy,4,0,4
Vivo Kitenge Wide Leg Pants - Green / Black Adia Print,2,2,4
Vivo Pelia Round Neck Dress - Mustard,4,0,4
Vivo Ayah Satin Pants - Lilac / Black Ullu Print,4,0,4
Vivo Solei Shorts(without lining) - Black / White Print,2,2,4
Vivo Iyana Cape Top - Lilac,4,0,4
Safari by Vivo Zehra Extra Wide Shirt in Linen - Red,4,0,4
Vivo Basic Tulip Sweater - Mustard,4,0,4
Vivo Short Basic Waterfall - White,4,0,4
Vivo Nimali Satin Shorts - Grey,4,0,4
Zoya X Metamorphisized 143 Cropped Jacket - Blue / Black,4,0,4
Safari Tawi Flounce Tent Dress - Lime Green,2,2,4
Vivo Liora Wide Leg Pants - Teal,3,1,4
Safari by Vivo Zehra 3/4 Sleeve Kitenge Maxi Dress - Avira Print,4,0,4
Vivo Tatili Long Sleeve Bishop Top - Mint / Yellow Kari Print,4,0,4
Safari by Vivo Zehra 3/4 Sleeve Kitenge Maxi Dress - Nira Print,4,0,4
Vivo Basic Crepe Cap Sleeved Top In Crepe - Mustard,2,2,4
Vivo Kaisa Short Sleeve Maxi Bodycon - Mustard,4,0,4
Vivo Chidii Wide Leg Pants - Mustard / Dark Teal Tulu Print,4,0,4
Safari Mansi Straight Leg Pants - Navy,0,4,4
Vivo Basic Lined Capri Skirt - Navy Blue,4,0,4
Zoya Taani Sleeveless Midriff Top - Navy,4,0,4
Vivo Maisha Top & Pant Set - Pink / Chocolate Print,3,1,4
Vivo Nimali Satin Flounce Kimono - Dawn,2,2,4
Vivo Tatili Long Sleeve Bishop Top - Navy / Yellow Kari Print,3,1,4
Vivo Basic Crepe Bishop Sleeve Top - Cream / Olive Print,3,1,4
Vivo Merika Satin Wrap Top - Cream / Black Animal Print,4,0,4
Vivo Kani 3/4 Sleeve Knee Length Dress - Dark Green,4,0,4
Safari by Vivo Zehra Kitenge Short Kimono - Vuga Print,4,0,4
Vivo Basic Straight Leg Pants - Navy,3,1,4
Vivo Everyday Long Sleeve Top In Jersey - Chocolate,4,0,4
Vivo Lalani Scarf Without Fringes - Mustard / Black Ukwi Print,3,1,4
Safari Kamari Halter Shirt - Orange,3,1,4
Vivo Takali 3/4 Sleeve Tie Top - Dark Teal,2,2,4
Vivo Nandi High Slit Kimono - Tan / Gold Print,2,2,4
Safari Kikoy Joggers - Black,1,3,4
Zoya Temo Bubble Mini Skirt - Hunters,4,0,4
Vivo Kelemi 4.0 Kimono - Lilac / Olive Nashe Print,3,1,4
Vivo Basic Long Sleeve Tent Shirt Dress - Navy,4,0,4
Vivo Ayah Bishop Sleeve Mock Neck Top - Green / Peach Zani Print,3,1,4
Vivo Seli Maxi Dress - Off White / Light Blue Amari Print,4,0,4
Zoya Basic Tank Top - Tan,3,1,4
Vivo Basic Sleeveless Tent Dress - Tan/Black Print,3,1,4
Vivo Nandi High Slit Kimono - Light Grey / Black Print,3,1,4
Vivo Zahari Straight Leg Pants - Navy,3,1,4
Vivo Basic Long Sleeved Bishop Top - Navy / Brown Lowa Print,2,2,4
Vivo Rema 3/4 Sleeve Side Slit Tunic Top - Burnt Orange,4,0,4
Safari by Vivo Zehra 3/4 Sleeve Kitenge Maxi Dress - Jelani Print,4,0,4
Vivo Alani Boat Neck Midi Dress - Black Checkered Print,4,0,4
Zoya Nia Wide Leg Shorts - Blue/Lime Green Abstract print,4,0,4
Vivo Iyana Knee Length Bubble Dress - Orange / Black Iya Print,3,1,4
Vivo Dua 3/4 Sleeved V Neck Shirt - Sea Green,3,1,4
Safari Tara Bishop Sleeve Dress - Navy / Red Maya Print,3,1,4
Vivo Liora Wide Leg Pants - Red / Black Ziza Print,4,0,4
Zoya Basic  Raglan Sleeve Midriff Top - Navy,4,0,4
Vivo Liora Drawstring Kimono Sleeve Top - White,4,0,4
Safari Tafari High Slit Kimono - Black / Kala Print,4,0,4
Safari Nimali Bubble Sleeve Top - Teal,4,0,4
Vivo Basic Round Neck Maxi Dress - Mustard / Orange Ika Print,4,0,4
Vivo Basic A-line Maxi Skirt - Teal,0,4,4
Safari Kikoy Tie Back Maxi Dress - Dark Red,3,1,4
Safari by Vivo  Tara Bishop Sleeve Dress - Maroon / Pink Ara Print,3,1,4
Zoya Nia Cargo Shorts - Black,3,1,4
Vivo Yumi Maxi Shirt Dress - Burgundy / Peach Print,4,0,4
Zoya Yuni High Slit Dress - Orange,0,4,4
Safari Kikoy Tie Back Maxi Dress - Dusty Pink,4,0,4
Vivo Basic Crepe Pants - Navy / Orange Aber Print,2,2,4
Vivo Maisha Straight Leg Pants in Crepe - Black / Olive Print,4,0,4
Vivo Basic Strappy Cowl Top - Navy,4,0,4
Vivo Samira Slip Skirt - Dark Green,2,2,4
Vivo Nasinka A-Line Knee Length Dress - Red / Black Fani Print,4,0,4
Vivo Chesi Wide Leg Pants - Mint / Hunters Green Hesi Print,2,2,4
Vivo Bana Batwing Top - Mustard,3,1,4
Shiv & Shikie X Safari V-Neck Long Sleeve T-shirt - Light Grey,1,3,4
Zoya  Taani Maxi Dress - Black,4,0,4
Vivo Short Kimono - Tana Print,2,2,4
Vivo Hoodie High Low Poncho - Mustard,1,3,4
Safari Tafari Wrap Skirt - Wami Print,2,2,4
Vivo Essi Front Slit Maxi Top - Olive,3,1,4
Vivo Dua Satin Bishop Sleeve Top - Dark Mustard / Black Print,3,1,4
Vivo Rema Waterfall - Dark Taupe,2,2,4
Vivo Basic Sleeveless Jersey Waterfall - Hunters Green,4,0,4
Vivo Safa Drop Shoulder Top - Dark Red,4,0,4
Vivo Maxi Kimono in Chiffon - Yellow / Black Print,4,0,4
Vivo Isabi Cowl Top - Orange / Black Tiki Print,1,3,4
Vivo Sleeveless Blazer - Asmara,1,3,4
Vivo Hanabi Wrap Maxi Dress - Dark Rust,2,2,4
Vivo Iyana Cape Top in Chiffon - Black,4,0,4
Safari Tafari Shorts - Lusi Print,3,1,4
Zoya Basic Jersey Bandeau - Hunters Green,4,0,4
Safari Kamari Front Slit Midi Skirt - Black,4,0,4
Vivo Takali Tunic Top In Satin - Lilac / Black Arisi Print,2,1,3
Vivo Nasinka A-Line Maxi Dress - Orange / Black Tilla Print,3,0,3
Vivo Dalia Sleeveless Tie Midi Dress in Print Cotton - Mint Multicolor Print,3,0,3
Vivo Waridi Sleeveless Overcoat - Wine Red,1,2,3
Safari by Vivo Zehra Barrel Pants - White,3,0,3
Safari Men's Cargo Pants - Light Grey,1,2,3
Safari Kamari Wide Leg Pants - Hunters Green,1,2,3
Vivo Nimali Satin Shorts - Pink,3,0,3
Vivo Kelemi 4.0 Halter Maxi Dress - Navy,1,2,3
Vivo Basic Sienna Waterfall -  Dark Taupe,3,0,3
Vivo Leila Short Sleeve Bodycon - White,3,0,3
Vivo Wide-Leg Pants - Asmara,3,0,3
X This Is Essential Scooped Neck Bralette - Navy Blue / White,1,2,3
Zoya Temo Men's Patched Straight Leg Pants - Blue Camo / Blue,3,0,3
Vivo Zahari 3/4 Sleeve Off-Shoulder Jumpsuit - Teal / Mustard Print,2,1,3
Safari Sizani Barrel Pants - Black,3,0,3
Safari Naledi 3/4 Sleeve Tent Dress - Yellow Puff Stripes,2,1,3
Vivo Situ Off-Shoulder Tie Maxi Dress - Sea Green / Dark Teal Lina Print,3,0,3
Vivo Samira High Low Top - Black / Cream Sira Print,3,0,3
Vivo Chela Wide Leg Pants - Black,1,2,3
Vivo Kitenge Multi Purpose Wrap - Green / Orange Ankara Print,1,2,3
Vivo Leila Short Sleeve Bodycon - Burgundy,3,0,3
Safari Zene Off Shoulder Dress - Navy Blue,2,1,3
Vivo Hamle Side Twist Tie Bodycon - Burgundy,2,1,3
Vivo Yene Front Tie Tunic Top - Dark Teal,0,3,3
Vivo Liora Side Drawstring Kaftan Dress - Cream / Brown Print,2,1,3
Vivo Basic Sienna Waterfall - Rust,3,0,3
Vivo Safiya Back Pleat Dress - Burnt Orange,3,0,3
Vivo Yene Wide Leg Pants - Hot Pink,1,2,3
Vivo Maisha Drop Shoulder Maxi Dress - Rust,3,0,3
Vivo Nala Shirt Dress - Navy Blue,2,1,3
Vivo Mock Maxi Dress - Taupe,1,2,3
Vivo Wide Top in Satin - Light Grey / Rust Rozi Print,3,0,3
Vivo Maisha Straight Leg Pants in Crepe - Brown / Grey Print,3,0,3
Zoya Party Cowl Bare Back Mini Dress - Safron / Mustard Waridi Print,2,1,3
Safari by Vivo Zehra Embroidered Linen Kimono - Burgundy,1,2,3
Vivo Zuri Cap Sleeve Knee Length Dress - Dark Green,2,1,3
Vivo Basic Leila Short Waterfall - White,1,2,3
Vivo Basic Cap Sleeve Maxi Tent Dress - Dark Green,3,0,3
Vivo Basic Extra Long Lily Waterfall - Mustard,1,2,3
Vivo Selah Double Layered Coat - Black,3,0,3
Vivo Scalloped Kimono in Crepe - Black / Orange Print,3,0,3
Vivo Ayah Kimono - Orange / Black Tullu Print,2,1,3
Safari by Vivo Zehra Kitenge Shorts - Vuga Print,3,0,3
Safari by Vivo Zehra Kitenge Shorts - Moli Print,3,0,3
Vivo Lena Slim Fit Pants - Black / White Stripes,3,0,3
Vivo Selah Midi Skirt - Buttermilk,2,1,3
Zoya Yuni Off Shoulder Bodysuit - Navy Blue,3,0,3
Vivo Lulu Cotton Tent Mini Dress - Burgundy,1,2,3
Vivo Chidii Off Shoulder Maxi Dress - Green,3,0,3
Vivo Basic Tsavo Scalloped Chiffon Top - Navy Blue,2,1,3
Vivo Basic Long Lily Waterfall - Yellow,2,1,3
Zoya Yuni Short Sleeve Midriff Top - Orange,3,0,3
Vivo Kitenge Wide Leg Pants - Lashi,3,0,3
Vivo Basic Sleeveless Tent Dress - Rust,3,0,3
Zoya Yuni Sleeveless Turtle Neck Maxi Top - Lime Yellow,3,0,3
Vivo Nkasi Asymmetrical Top - Teal / Burgundy Kasi Print,2,1,3
Vivo Kitenge Wide Leg Pants - Ashai,3,0,3
Zoya Basic Tank Top - Orange,3,0,3
Vivo Amai Hi-Low Top - Dark Brown,1,2,3
Vivo Hooded Kimono With Elastic Cuff - Black,3,0,3
Safari Naledi Wrap Top - Purple,3,0,3
Vivo Basic Extra Long Lily Waterfall - Tan,3,0,3
Vivo Bana Batwing Top - Light Olive,2,1,3
Vivo Ari Short Sleeve Top - Black,3,0,3
Vivo Seli Head Wrap - Lilac,1,2,3
Vivo Imara Cap Sleeve Sheath Dress - Navy,3,0,3
Vivo Basic Double Layered Long Sleeved Bodysuit - Deep Teal,0,3,3
Safari Nazari Coat Dress - Navy / Peach Johari Print,2,1,3
Safari Tiwa Straight Leg Pants - Black,2,1,3
Vivo Chela Pants in Jersey - Black,3,0,3
Vivo Rema Straight Leg Pants - Dark Olive,3,0,3
Vivo Dua Satin Bishop Sleeve Top - Beige / Black Ala Print,3,0,3
Safari Kamari Halter Shirt - Rust Orange,2,1,3
Vivo Wastani 3/4 Shirred Sleeve Wide Tunic - Magenta / Black Zia Print,2,1,3
Vivo Isabi Bodysuit - White,2,1,3
Vivo Everyday Cap Sleeve Top - Navy,2,1,3
Vivo Kelemi Ruffle Sleeve Top - Yellow / Green Lana Print,3,0,3
Vivo Basic Tolani Jersey Dress - Hunters Green,3,0,3
Vivo Isabi Sleeveless Kimono - Light Brown / Maroon Pasi Print,3,0,3
Safari by Vivo Zehra Extra Wide Shirt in Linen - Orange,1,2,3
Safari by Vivo Zehra Drawstring Pants - Black,1,2,3
Safari Njano Tie Front Wide Top - White,2,1,3
Safari by Vivo Savannah Drawstring Shacket in Linen - Tan,0,3,3
Vivo Maisha Drop Shoulder Maxi Dress In Rayon - Light Brown / Cream Print,2,1,3
Vivo Niari Tent Dress - Orange,2,1,3
Vivo Ayah Satin Pants - Mustard / Black Ullu Print,3,0,3
Vivo Knee length Dress - Rfs 1,3,0,3
Vivo Vinna Slit Sleeve Top - Hunters / Orange  Nina Print,3,0,3
Zoya Banda Drop Shoulder Unisex Wide Jacket - Pink,3,0,3
Zoya Banda Unisex Shacket - Pink,2,1,3
Vivo Safa Slit Side Top - Mustard,2,1,3
Vivo Ayla Crepe Pants - Pink / Burgundy Hawa Print,3,0,3
Zoya Luna Cargo Pants - Mustard,3,0,3
Vivo Vinna Slit Sleeve Top - White / Black,3,0,3
Zoya Basic Jersey Bandeau  - Safron,3,0,3
Vivo Full Length Pants - Fs 3,3,0,3
Vivo Izzy Satin Bishop Sleeve Top - Light Purple,2,1,3
Vivo Ajani V-Neck Top - Black,3,0,3
Vivo Basic Nandi High Slit Kimono - White,3,0,3
Vivo Maisha 3/4 Sleeve High Low Top - Off White / Black Print,1,2,3
Vivo Chela Drawstring Shorts - Royal Blue,3,0,3
Vivo Ava Front Pleat Maxi Dress - Peach / Navy Print,3,0,3
Safari by Vivo Zehra Kitenge Pants - Kosi Print,3,0,3
Vivo Basic Short Waterfall - Burgundy,3,0,3
Safari Tawi Off-Shoulder Top - Black,3,0,3
Vivo Liora Satin Drawstring Kimono Sleeve Top - Hunters Textured Print,2,1,3
Vivo Dua 3/4 Sleeved V Neck Shirt - Lilac / Eggplant Arisi Print,1,2,3
Vivo Ria Panelled Pants - Maroon,1,2,3
Vivo Sakari Circular Loose Top in Chiffon - White Floral Textured Print,0,3,3
Safari Chui Placket Top - Chui Print,2,1,3
Vivo Boundneck Puff Sleeve Top - Pink,3,0,3
Vivo Sawari Crossed Cuff Batwing Top - White / Black Polka,2,1,3
Vivo Ayla Maxi Kaftan Dress - Orange / Black Fani Print,3,0,3
Safari Kamari Halter Shirt - Beige,2,1,3
Vivo Seli Wide Leg Pants - Black,2,1,3
Vivo Mandla High Neck A-Line Dress - Navy,2,1,3
Vivo Nimali Satin Shorts - Gold,3,0,3
Safari Tafari Shorts - Black Brown Shade A,3,0,3
Vivo Basic Crepe Bishop Sleeve Top - Light Mustard,2,1,3
Vivo Wide-Leg PantsÂ - Manda Old,2,1,3
Safari by Vivo Naledi Bubble Midi Dress - Voni Print,3,0,3
Safari Lira Front Panelled Shirt Dress - Black / White,2,1,3
Vivo Wastani  Drawstring Pants - Chocolate,3,0,3
Vivo Lani Maxi Dress In Satin - Light Blue / Navy Print,3,0,3
Vivo Basic Round Neck Maxi Dress - Olive / White Ewale Print,3,0,3
Safari Naledi Wrap Top - Mustard,1,2,3
Vivo Zola V Neck Maxi Dress in Crepe - Dark Green,2,1,3
Vivo Safa Skirt - Burnt Orange,1,2,3
Vivo Iyana Wide Leg Pants - Black,2,1,3
Vivo Basic Double Layered Wrap Poncho - Ivory,3,0,3
Vivo Yumi Maxi Shirt Dress - Dark Red,1,2,3
Vivo Tana Off Shoulder Maxi Dress - White / Purple Dana Print,2,1,3
Vivo Sleeveless Side  Slit Midi  Waterfall - Teal,2,1,3
Safari Mansi Wide Hem Tent Dress - Black,3,0,3
Vivo Talia Maxi Slip Skirt in Satin - White,3,0,3
Vivo Selah Double Layered Coat - Mustard,3,0,3
Vivo Kani Tent Top - White / Mint Dashen Print,1,2,3
Vivo Maisha 3/4 Sleeve Maxi Dress - Sea Green / Dark Rust Iza Print,3,0,3
Vivo Basic Cap Sleeve Tent Knee Length Dress in Crepe - Buttermilk / Yellow Ula Print,3,0,3
Vivo Ari Sweater - Maroon / Chocolate Print,3,0,3
Vivo X This Is Essential  Sleeveless Scooped Neck Bodysuit - White,1,2,3
Safari Kitenge Side Frill Kaftan - Keri,1,2,3
Zoya X Metamorphisized 143 Oversized Bowling Shirt - White / Chocolate,2,1,3
Safari by Vivo Zehra Kitenge Short Kimono - Loom Print,2,1,3
Vivo Asha Sleeveless Maxi Dress - Pink / Burgundy Eta Print,3,0,3
Vivo Laika Long Sleeve Tie Top - White / Black Una Print,2,1,3
Vivo Analo Sleeveless Tie Kimono - Yellow,2,1,3
Vivo Chesi V-neck Jumpsuit - Deep Teal,2,1,3
Vivo Chidii Off Shoulder Maxi Dress - Light Yellow / Dark Brown Rema Print,3,0,3
Vivo Yene Wide Leg Pants - Light Teal,3,0,3
Vivo Wastani Shirred Sleeve Easy Fit Shirt - Rust / Brown Marra Print,3,0,3
Vivo Basic Waterfall - Mustard,3,0,3
Vivo Must Have Shorts - Hawi Print,3,0,3
Zoya Aridi Cropped Jacket - Black / White,3,0,3
Safari by Vivo Zehra 3/4 Sleeve Kitenge Maxi Dress - Ravina Print,3,0,3
Vivo Keza V-Neck Maxi Kaftan - White / Brown Print,2,1,3
Vivo Yumi High Low Shirt Dress - Dark Teal,3,0,3
Vivo Ria Drop Shoulder Top - Teal,1,2,3
Vivo Chidii Tunic Dress With Frills - Red Textured Print,3,0,3
Vivo Sierra Cap Sleeve Tent Chiffon Dress - Dark Orange / Black Mohi Print,3,0,3
Safari Tawi Bishop Sleeve Tiered Dress - Orange,3,0,3
Safari Tafari Off Shoulder Crop Top - Black Brown Shade A,1,2,3
Vivo Sawari Crossed Cuff Batwing Top - Dark Tan,1,2,3
Vivo Situ Off-Shoulder Tie Maxi Dress - Orange / Black Lina Print,3,0,3
Safari Lira Front Panelled Shirt Dress - Black / Pink,3,0,3
Vivo Tatili Wide Leg Pants - Light Purple,3,0,3
Vivo Tiered Shirt Dress - Isiolo,3,0,3
Vivo Knee Length Kaftan in Satin - Dark Purple / Cream Print,2,1,3
Vivo Ari Sweater - Tan / Navy Print,1,2,3
Vivo Wastani  Drawstring Pants - Dark Navy Blue,3,0,3
Vivo Basic Leisure Pants - Taupe,2,1,3
Vivo Yoga Wrap - Yellow,3,0,3
Vivo Kitenge Wide Leg Pants - Navy / Pink Bakari Print,2,1,3
Safari Njano Front Tie Dress - Sai Print,3,0,3
Vivo Keza V Neck Maxi Kaftan In Satin - Mint / Green Print,1,2,3
Vivo Tatili Wide Leg Pants - Orange,2,1,3
Vivo Talia Front Slit Maxi Top - White / Light Olive Alia Print,2,1,3
Vivo Zawadi Keyhole Dress - Orange,3,0,3
Vivo Kelemi 4.0 Frilled Wide Top - Magenta,1,2,3
Safari Nazari Coat Dress - Maroon / Pink Ara Print,1,2,3
Vivo Basic Val Tank Top - Chocolate Brown,3,0,3
Safari Men's Drawstring Shorts - Coral,3,0,3
Vivo Safa Drop Shoulder Top - Chocolate,3,0,3
Vivo Niari Sleeveless Top In Chiffon - Orange,2,1,3
Vivo Basic V-neck Cap Sleeve Top - Burgundy,2,1,3
Vivo Laika 3/4 Sleeve Tent Dress - White / Black Print,3,0,3
Vivo Basic Extra Long Lily Waterfall - Yellow,0,3,3
Vivo Lulu Drawstring Top - Olive,3,0,3
Vivo Luna 3/4 Sleeve High Low Top - Coral / White Floral Print,3,0,3
Zoya Basic Halter Tie Top - Black,1,2,3
Vivo Basic Nandi A-Line Kimono - Off White,2,1,3
Vivo Seli Maxi Dress - Sea Green / Navy Loura Print,3,0,3
Vivo Nala Shirt Dress - Teal,1,2,3
Vivo Seli Wide Leg Pants - Lime / Green Raha Print,3,0,3
Shiv & Shikie X Safari Cargo Pants - Hunters,3,0,3
Vivo Isabi Sleeveless Kimono - Dark Navy / Yellow Pasi Print,3,0,3
Vivo Ayla Maxi Kimono - Navy / Burgundy Hali Print,3,0,3
Safari Kaya Sleeveless Tent Shirt Dress - Black,2,1,3
Vivo Beali Two Way Wrap Top - Cream / Chocolate Lea Print,3,0,3
Vivo Safa Straight Leg Pants - Grey,3,0,3
Safari Naledi Gathered Panel Wrap Dress - Pink,3,0,3
Vivo Knee Length Kaftan in Satin - Grey / Pink Print,1,2,3
Safari by Vivo Mansi Wide Hem Embroidered Tent Dress - Mustard,3,0,3
Vivo Basic Val Long Sleeve Top - Fuschia,3,0,3
Vivo Wila Dolman Tunic - Taupe,1,2,3
Vivo Jersey Drop Shoulder Tank Top - Black,3,0,3
Vivo Zahari Straight Leg Pants - Black,3,0,3
Safari Kamari Wide Leg Pants - Black,3,0,3
Vivo Maisha Straight Leg Pants In Crepe - Light Pink / Black Abstract Print,2,1,3
Safari Naledi 3/4 Sleeve Tent Dress - Navy Puff Stripes,1,2,3
Safari Haya Strappy Tie Back Maxi Dress - Dark Maroon Koi Print,3,0,3
Vivo Dalia Sleeveless Gathered Tent Dress - Red,3,0,3
Vivo Sawari Crossed Cuff Batwing Top - Light Brown,1,2,3
Vivo Isabi Sleeveless Kimono - Lime / White Sabi Print,2,1,3
Vivo Keza Satin Border Maxi Kaftan - Maroon / Rust Abstract Print,3,0,3
Vivo Soleil Handkerchief Drape Wide Top - Peach / Navy,2,1,3
Vivo Maisha Straight Leg Pants in Crepe - Navy / Grey Print,3,0,3
Safari Kikoy Tie Back Maxi Dress - Maroon,2,1,3
Zoya Vasha Hooded Jacket - White / Neon Green,3,0,3
Vivo Knee Length Kaftan in Satin - Grey / White Print,2,1,3
Vivo V-Neck Camisole in Satin - Dark Teal,2,1,3
Vivo Basic Short Waterfall - Black,3,0,3
Vivo Takali 3/4 Sleeve Tie Top - Sea Green,1,2,3
Vivo Tana Puff Sleeve A-Line Dress - Yellow,1,2,3
Vivo Dua Shirt In Satin - Buttermilk,3,0,3
Safari Kamari Drop Shoulder Top - Hunters Green,1,2,3
Vivo Hadiya Wrap Dress - White / Blue Tal Print,0,3,3
Vivo Reba Gathered Dress - Tan / Green Eba Print,3,0,3
Safari Savannah Drawstring Shacket - Dark Olive,3,0,3
Vivo Maisha Wide Kimono - White / Grey Print,2,1,3
Vivo Iyana Knee Length Bubble Dress - White / Teal Iya Print,2,1,3
Zoya Taani Side Slit Hoodie - Red,3,0,3
Vivo Sierra Maxi Dress in Chiffon  - Orange / Black Bori Print  ,3,0,3
Vivo Ayah Drawstring Pants - Chocolate,3,0,3
Safari Chui 3/4 Sleeve A-Line Dress - Taupe,3,0,3
Vivo Nuru Side Panel Wide Leg Pants - Taupe / Chocolate Uru Print,3,0,3
Vivo Keza V Neck Light Maxi Kaftan - Teal / Blue Print,2,1,3
Vivo Kani Bishop Sleeve Top - Mint / Black Dashen Print,3,0,3
Vivo Loose Tops - Fs 2,3,0,3
Zoya Yuni Men's Sweatshirt - Teal Green,3,0,3
Safari Kamari Drop Shoulder Top - Tan,0,3,3
Zoya Banda Halter Neck Assymetrical Crop Top - White,3,0,3
Safari by Vivo Zehra Embroidered Linen Kimono - White,1,2,3
Vivo Sierra Bishop Sleeve Top - Black / Grey Lipi Print,2,1,3
Vivo Lalani Lounge Pants - Beige,3,0,3
Vivo Seli Wide Leg Pants - Dark Green,2,1,3
Vivo Slim Fit Pants in Ponte - Navy,0,3,3
Vivo Takali Tunic Top - Lilac / Eggplant Arisi Print,1,2,3
Vivo Serwa Tent Dress- Dusty Green,2,1,3
Vivo Joggers - Sabie,3,0,3
Vivo Yene One Soulder Kaftan - Hot Pink,0,3,3
Safari Tie Knee Length Dress - Blue,3,0,3
Vivo Tanda Pant and Top Set - White,3,0,3
Vivo Sakari Circular Loose Top - Off-White / Black Crepe Print,2,1,3
Vivo Meli Ruffle Sleeve Top - Brown,2,1,3
Safari Zene Off Shoulder Top - Pink,1,2,3
Vivo Zola V Neck Maxi Dress in Crepe - White / Blue Kai Print,3,0,3
Vivo Tatili Wide Leg Pants - Mustard,1,2,3
Safari Lira Drawstring Knee Length Dress - White + Elmi Print,1,2,3
Vivo Sawari Crossed Cuff Batwing Top - Light Cream / Black Print,3,0,3
Vivo Seli Maxi Dress - Green,3,0,3
Vivo Sawari Crossed Cuff Batwing Top - Teal,2,1,3
Zoya Party Sleeveless Bodysuit - Black,3,0,3
Safari Savannah Kitenge Shacket - Shama Print,2,1,3
Safari Njano Front Drawstring Tunic Top - Hunters Green,1,2,3
Safari by Vivo Bush 3/4 Sleeve Top - Hunters,2,1,3
Vivo Kelemi 4.0 Frilled Wide Top - Lilac,3,0,3
Zoya Shani Men's Drawstring Shorts - Taupe,3,0,3
Vivo Lulu Cotton Tent Mini Dress - Black,3,0,3
Vivo Dua 3/4 Sleeved V Neck Shirt - Red,2,1,3
Vivo Wide Leg Pants in Textured Satin - Taupe / Black Print,3,0,3
Vivo Chela Jersey Sleeveless Waterfall - Light Olive,3,0,3
Vivo Chiffon Wide Kimono - Peach / White Print,2,1,3
Vivo Samira Slip Skirt - Coffee Brown,3,0,3
Vivo Basic Escape A-Line Dress in Ponte - Navy Blue,3,0,3
Vivo Basic Cap Sleeve Maxi Tent Dress - Blue / Pink Print,3,0,3
Safari Men's Shacket - Khaki Grey,2,1,3
Vivo Basic Joy Sweater - Mustard,3,0,3
Vivo Kitenge Wide Leg Pants - Sipo,3,0,3
Zoya Banda Waist Length Zipped Jacket - Blue,3,0,3
Vivo Basic Sleeveless Tent Maxi Dress - Purple / Blue Doret Print,3,0,3
Safari Tara Crop Shacket - Olive / Brown Khoi Print,2,1,3
Vivo Asha Drop Shoulder Knee Length Dress - Black Aku Print,2,1,3
Vivo Essentials Full Length Leggings - White,3,0,3
Vivo Mandla Tent Dress - Orange,2,1,3
Zoya Sadira Strappy Bodysuit - Navy Blue,3,0,3
Vivo Niari Tent Dress - Dark Green,3,0,3
Vivo Cuffed Wide Sweater - White,3,0,3
Safari Spaghetti Tank Top - Hunters,3,0,3
Zoya Taani Mini Dress - Black,3,0,3
Vivo Seli Wide Top - Peach / Black  Esli Print,1,2,3
Safari Mali 3/4 Bishop Sleeve Tie Top MG - Hunters Green,3,0,3
Vivo Hari Flared Sleeve Tunic - Green,3,0,3
Vivo Seli Head Wrap - Peach / Black Esli Print,0,3,3
Vivo Yene Wide Leg Pants - Black,1,2,3
Vivo Mistari 3/4 Sleeve V - Neck Collared Tunic Top - Neck Collared Tunic Top - Black Checkered,1,2,3
Vivo Keza Circular Loose Top - Dark Tan / Lime Print,1,2,3
Vivo Keza Circular Loose Top - White / Purple Ziza Print,1,2,3
Vivo Basic Cap Sleeve Bodycon in Rayon - Black,3,0,3
Vivo Iyana Tank Top - White,1,2,3
Vivo Iyana Bubble Midi Skirt - Yellow / Lilac Iya Print,3,0,3
Vivo Takali Tunic Top In Satin - Orange,3,0,3
Vivo Ponte Back Pleat Maxi Dress - Red,0,3,3
Vivo Keza Satin Border Maxi Kaftan - Mint / Olive Abstract Print,3,0,3
Vivo Imara Puff Sleeve Sheath Dress - Mustard,2,1,3
Vivo Basic Leila Maxi Waterfall - Green,3,0,3
Vivo Basic Crepe Cap Sleeved Top - Light Blue,2,1,3
Vivo Tatili Bishop Long Sleeve Top - Hunters / Beige Print,2,1,3
Vivo Val Strappy Bodycon Dress - White,0,3,3
Vivo Basic Crepe Bishop Sleeve Top - Maroon,2,1,3
Soko Laini Maxi Hoop - Gold,3,0,3
Vivo Lani Maxi Top - Rust / Black Ruvu Print,3,0,3
Vivo Talia Sleeveless Tank Top  - White / Light Yellow Alia Print,3,0,3
Vivo Seli Maxi Dress - Maroon / Olive Print,3,0,3
Safari Mansi Bishop Sleeve Shacket - Navy,2,1,3
Vivo Ava Front Pleat Knee Length Dress - Cream / Purple Print,3,0,3
Safari Tiwa Shorts - Navy,1,2,3
Vivo Ayla Maxi Kimono - Pink / Burgundy Hawa Print,2,1,3
Zoya Sadira Midriff Polo T-Shirt - Light Grey,3,0,3
Zoya Party Low V-Neck Bodysuit - Pink / Taupe,3,0,3
Vivo Rema Straight Leg Pants - Brown,1,2,3
Vivo Basic Chiffon Dropped Shoulder Top - Black / Green Lora Print,2,1,3
Vivo Wastani 3/4 Shirred Sleeve Wide Tunic - Navy,1,2,3
Zoya Party Strappy One Shoulder Midi Dress - Black,1,2,3
Vivo Bodysuits T- Shirts & Tank Tops - Rfs 4,3,0,3
Vivo Ari One Shoulder Maxi Dress - Black,3,0,3
Safari Basic Shirt Tent Dress - Black,3,0,3
Vivo Jira Maxi Skirt - Navy Blue,3,0,3
Safari Kikoy Off Shoulder Crop Top - Light Blue Print,0,3,3
Vivo Hadiya Maxi Dress - Brown / Black Luwe Print,3,0,3
Vivo Serwa Tent Dress - Dark Teal,3,0,3
Vivo Jumpsuit - Rfs 1,3,0,3
Vivo Zahari Sweatheart Neck Jumpsuit - Green / Black Print,1,2,3
Vivo Meli Puff Sleeve Shift Dress - Royal Blue,3,0,3
Vivo Serwa Crepe Pants - Dark Navy,3,0,3
Safari Tawi Off Shoulder Knee Length Dress - Mustard(Plain Belt),1,2,3
Vivo Sierra Tunic Kaftan Top - Green Leaf Print,3,0,3
Vivo Yumi Maxi Shirt Dress - Dark Olive,3,0,3
Vivo Faraji Side Slit Leisure Pants - Hunters Green,3,0,3
Vivo Mock Maxi Dress - Orange,3,0,3
Vivo Bana Batwing Top - Taupe,3,0,3
Zoya X Metamorphisized 143 Cropped Bomber Jacket - Black,3,0,3
Vivo Hanabi Satin High Low Top - Navy / Grey Print,3,0,3
Vivo Knee Length Kaftan in Satin - Cream / Beige Print,3,0,3
Vivo Keza Circular Loose Top - White,3,0,3
Vivo Cuffed Wide Sweater - Fuschia / Light Navy,3,0,3
Vivo Liora Asymmetrical Satin Kaftan Top - Burgundy Textured Print,2,1,3
Vivo Ayla Maxi Kimono - Navy / Brown Alya Print,3,0,3
Vivo Seli Maxi Skirt - Navy Blue,2,1,3
Vivo Reba Hi Low  Dress - Rust / Cream Print,3,0,3
Vivo Nasinka Wrap Dress - Peach / Maroon Naka Print,3,0,3
Zoya X Metamorphisized 143 Cropped Bomber Jacket - Denim Stripes,3,0,3
Vivo Tatili Bishop Long Sleeve Top In Satin - Powder Blue Floral Print,2,1,3
Vivo Asika Kaftan Tunic - Black,1,2,3
Vivo Sanyu Bubble Off - Shoulder Top - Shoulder Top - Pink,2,1,3
Vivo Basic Crepe Bishop Sleeve Top - Black / Peach Print,3,0,3
Vivo Maisha 3/4 Sleeve High Low Top - Maroon / Peach Print,3,0,3
Vivo Reversible Poncho without Fringes - Maroon / Frost Samba Print,3,0,3
Vivo Satin Drawstring Pants - Print Sand,3,0,3
Vivo Serwa Tent Dress - Rust,3,0,3
Safari by Vivo Zehra Kitenge Short Kimono - Taswi Print,3,0,3
Vivo Chidii Tunic Dress With Frills - Black,2,1,3
Vivo Chidii Drop Shoulder Kimono - Dark Red / Black Tulu Print,3,0,3
Safari Kitenge T-Shirt - Black / Chari Print,3,0,3
Vivo Zahari 3/4 Sleeve Off Shoulder Jumpsuit - Dusty Green / Black Ziza Print,3,0,3
Safari Mali 3/4 Bishop Sleeve Tie Top - Pink,3,0,3
Vivo Ayla Crepe Pants - Lilac / Black Hawa Print,3,0,3
Vivo Saida Straight Leg Pants - Rust,3,0,3
Vivo Studio Lounge Pants in Rib - Maroon,2,1,3
Vivo Basic Long Sleeve Cascade Waterfall - Hunters Green,2,1,3
Vivo Zahari 3/4 Sleeve Off Shoulder Jumpsuit In Crepe - Dark Purple,3,0,3
Zoya Aridi Unisex Shacket (Corduroy) - Navy / Blue Flannel,3,0,3
Vivo Basic Satin Bishop Sleeved Top - White,3,0,3
Vivo Chela Basic Cap Sleeve Top - Light Taupe,1,2,3
Vivo Dua 3/4 Sleeved V Neck Shirt - Lime,1,2,3
Vivo Knee Length Kaftan in Satin - Off White / Beige Print,2,1,3
Vivo Dua 3/4 Sleeved V Neck Shirt - Red / Peach Ebu Print,2,1,3
Vivo Basic Waterfall - Orange,2,1,3
Vivo Yene Front Tie Tunic Top - Green,1,2,3
Safari Lira Drawstring Knee Length Dress - Black + Tafo Print,1,2,3
Zoya Capri Leggings - Deep Teal,3,0,3
Vivo Wila Jumpsuit - Navy Blue,1,2,3
Safari Tie Knee Length Dress - Pink,3,0,3
Vivo Laika 3/4 Sleeve Tent Dress - Cream / Rust Print,3,0,3
Vivo Sakari Cap Sleeve Maxi Dress - Dark Purple,2,1,3
Vivo Dua 3/4 Sleeved V Neck Shirt - White / Green Arisi Print,3,0,3
Vivo Faraji Side Slit Leisure Pants - Grey,3,0,3
Vivo Basic Val Tank Top - Dark Green,3,0,3
Zoya Full Length Leggings - Dark Green,3,0,3
Vivo Keza V Neck Light Maxi Kaftan - Dusty Pink / Off White Print,3,0,3
Vivo Pesi Drop Shoulder Tunic - Black / White Una Print,2,1,3
Vivo Basic Sienna Waterfall - Mustard,3,0,3
Vivo Maisha Drop Shoulder Maxi Dress In Rayon - Black / White Print,1,2,3
Zoya Banda High Slit Maxi Skirt - Blue,3,0,3
Vivo Basic Chiffon Bishop Sleeve Top (Double Layered) - Orange,2,1,3
Vivo Iyana Knee Length Bubble Dress - Teal / Beige Iya Print,3,0,3
Vivo Liora Sleeveless Drawstring Top - Rust / Black Ziza Print,2,1,3
Vivo Nora Wide Leg Pants - Dark Green,3,0,3
Vivo Selah Palazzo Pants in Stretch Rib - Chocolate,3,0,3
Vivo Niari Sleeveless Tent Dress in Crepe - Rust / Black Print,2,0,2
Vivo Rema Palazzo Pants - Brown,1,1,2
Vivo Wide-Leg Pants - Asmara Print,2,0,2
Vivo Maisha Kimono & Pant Set - Beige / Black Print,2,0,2
Vivo Basic Hooded Kimono - Purple,2,0,2
Vivo Chidii Maxi Kaftan - Beige / Black Print,2,0,2
Safari Mansi Bishop Sleeve Shacket - Rust,2,0,2
Zoya Nia  Puff Sleeve Off Shoulder Romper - Peach / Blue Floral,2,0,2
Vivo Keza Satin Border Maxi Kaftan - Black / Rust Abstract Print,2,0,2
Safari Nazari Coat Dress - Navy / Pink Bakari Print,2,0,2
Vivo Basic Julia 3/4 Sleeve Back Pleat Maxi Dress - Dark Green,2,0,2
Vivo Kitenge Strappy Tie Back Top - Miale Print,2,0,2
Vivo Amai Maxi Kaftan In Textured Satin - Dusty Green / Black Print,2,0,2
Vivo Yene One Shoulder Kaftan - Black,1,1,2
Vivo Nasinka A-line Knee Length Dress - Dark Green,2,0,2
Zoya Yuni Sleeveless Turtle Neck Maxi Top - Orange,2,0,2
Safari Naledi Kitenge Bubble Maxi Dress - White / Black Print,0,2,2
Vivo Iyana Cape Top - Green,1,1,2
Zoya X Bold Hoodie Print Crop Top - Geometric / Rainbow Print,2,0,2
Vivo Jema High Slit Maxi Kimono - Black / Taupe,1,1,2
Vivo Hanabi High Low Top - Gold / Black Koto Print,1,1,2
Vivo Fitted Tops - Fs 4,2,0,2
Vivo Basic Waterfall - Red,2,0,2
Vivo Everyday Cap Sleeve Top - Navy Blue,2,0,2
Vivo Basic May Jersey Waterfall - Orange,2,0,2
Vivo Shorts - RFS 4,1,1,2
Vivo Joggers - Nile,2,0,2
Vivo Naya Cigarette Pants - Navy Blue,2,0,2
Vivo Basic Chiffon Cap Sleeve Top (Double Layered) - Dark Navy,2,0,2
Vivo Asha Sleeveless Knee Length Dress - Dark Orange / Brown Nola Print,2,0,2
Vivo Safa Sweater - Chocolate,1,1,2
Vivo Tolani Dress - Black,1,1,2
Vivo Hadiya Flounce Sleeve Maxi Dress - Pink,2,0,2
Vivo Keza Circular Loose Top - Dark Green,2,0,2
Vivo Reba Hi Low  Dress - Navy / White Print,1,1,2
Zoya Taani Wide Joggers - Navy,1,1,2
Vivo Joggers - Natal,2,0,2
Vivo Seli Maxi Skirt - Black,2,0,2
Vivo Wide Leg Pants in Textured Satin - Beige / Black Print,2,0,2
Vivo Ayla Crepe Pants - Light Blue / Burgundy Dola Print,2,0,2
Vivo Waterfalls & Kimonos - Fs 1,2,0,2
Safari Naledi Gathered Panel Wrap Dress - Orange,2,0,2
Zoya Kyro Strappy Vest - Grey,2,0,2
Vivo Asha Sleeveless Knee Length Dress - Red / Black Nola Print,2,0,2
Vivo Ayana Wide High Low Top - Black / Yellow,1,1,2
Vivo Basic Sleeveless Tent Dress - White / Coral Ziza Print,2,0,2
Vivo Zahari 3/4 Sleeve Off-Shoulder Jumpsuit - Brown / Dark Mustard Print,2,0,2
Vivo Basic Long Sleeve A-Line Maxi Dress - Burgundy,2,0,2
Safari by Vivo Cotton Wide Drawstring Kaftan - Cream / Lilac Print,2,0,2
Vivo Analo Dress Coat - Navy,2,0,2
Vivo Basic Crepe Pants - Light Blue / Green Print,2,0,2
Vivo Kelemi 4.0 Kimono - Magenta,1,1,2
Vivo Basic Sleeveless Extra Long Lily Waterfall - Burnt Orange,1,1,2
Vivo Hadiya Maxi Dress - Hot Pink / Black Luwe Print,2,0,2
Vivo Nora Round Neck Sleeveless Top - Yellow,2,0,2
Vivo Jamila Halter Neck Knee Length Dress - Black / White Geometric Print,2,0,2
Vivo Kaisa Short Sleeve Maxi Bodycon - Black,2,0,2
Vivo Chela Wide Leg Pants - Dark Taupe,2,0,2
Vivo Alek 3/4 Sleeve A-Line Kimono - Black / White Print,2,0,2
Zoya Nia  Puff Sleeve Off Shoulder Romper - Lilac,2,0,2
Vivo Lani Maxi Top - Olive / Green Ruvu Print,2,0,2
Vivo Basic Short May Jersey Waterfall - Yellow,1,1,2
Vivo Basic Chiffon Dropped Shoulder Top - Masala,2,0,2
Vivo Dua 3/4 Sleeved V Neck Shirt - White / Mint Dashen Print,2,0,2
Vivo Basic Maternity Leggings - Black,2,0,2
Vivo Basic May Jersey Waterfall - Forest Green,2,0,2
Vivo Everyday Cap Sleeve Top - Fuschia,2,0,2
Vivo Amara Back Pleat Dress - Dark Purple,0,2,2
Vivo Dalia Sleeveless Gathered Tent Dress - Taupe / Black Print,2,0,2
Vivo Keza Satin Border Maxi Kaftan - Olive / Dark Green Abstract Print,1,1,2
Zoya Party Sleeveless Side Cut Midi Dress - Purple,2,0,2
Vivo Hooded Kimono With Elastic Cuff - Orange,2,0,2
Vivo Maisha Kimono in Crepe - White / Black Abstract Print,2,0,2
Vivo Waterfalls & Kimonos - Rfs 2,2,0,2
Vivo Kitenge Bubble Sleeve Tent Dress - Lashi Print,2,0,2
Vivo Basic Bodycon - Navy Blue,2,0,2
Vivo Sawari Long Sleeve V-Neck Midriff Top - White,2,0,2
Vivo Nimali Satin Joggers - Dark Green,2,0,2
Vivo Paji 3/4 Sleeve Shift Dress (Tall) - Mustard,2,0,2
Vivo Basic Drop Shoulder Top - Rust,2,0,2
Vivo Analo Wide Leg Pants - White,2,0,2
Safari Tiwa Shirred Top - Orange,2,0,2
Vivo Seli Midi Skirt - Mustard,2,0,2
Safari Zene Drop Shoulder Top - Light Orange,2,0,2
Vivo Nimali Satin Joggers,2,0,2
Vivo Iyana Wide Leg Pants - Maroon,2,0,2
Vivo Lined Capri Skirt - Rust,2,0,2
Vivo Wastani Shirred Sleeve Easy Fit Shirt - Lime / Hunters Marra Print,1,1,2
Vivo Beali Shorts - Beige / Gold Lea Print,2,0,2
Vivo Beali Shorts - Tan / Navy Lea Print,2,0,2
Zoya Yuni Oversized Shirt - Blue,2,0,2
Vivo Upe Wide Leg Pants - Hunters Green,2,0,2
Vivo Basic Short Sleeve Top - Navy Blue,2,0,2
Vivo Iyana Bubble Knee Length Dress in Satin - Lilac / Black Riwa Print,2,0,2
Zoya Basic Raglan Sleeve Midriff Top - Navy,2,0,2
Vivo Yene Wide Leg Pants - White,2,0,2
Vivo Basic Kena Tent Maxi Dress - Black,2,0,2
Vivo Safa Straight Leg Pants - Maroon,2,0,2
Safari by Vivo Zehra Extra Wide Shirt in Linen - Sea Green,2,0,2
Vivo Jumpsuit - Fs 3,2,0,2
Vivo Fitted Tops - Rfs 2,2,0,2
Vivo Takali Frilled Midi Dress - Navy,2,0,2
Vivo Basic Sienna Waterfall - Burgundy,2,0,2
Vivo Iyana Cape Top In Chiffon - Chocolate,2,0,2
Vivo Beali Sarong Skirt - Cream / Taupe Lea Print,2,0,2
Vivo Niari Full Length Pants - Light Blue,0,2,2
Vivo Dua Satin Bishop Sleeve Top - Mole Dusty,1,1,2
Vivo Loose Tops - Rfs 2,2,0,2
Vivo Basic Straight Maxi Dress - Light Taupe,1,1,2
Vivo Merika Knee Length Wrap Dress - Red,1,1,2
Vivo Tiered Shirt Dress - Semliki,2,0,2
Zoya Kyro Strappy Vest - Taupe,2,0,2
Vivo Ayah Drawstring Pants -Green / Peach Zani Print,2,0,2
Vivo Zola V Neck Cap Sleeve Maxi Dress - Black,1,1,2
Vivo Ava 3/4 Sleeve Kimono - Black,2,0,2
Vivo Knee length Dress - Rfs 4,2,0,2
Vivo Amai Knee Length Dresses - Black,2,0,2
Vivo Serwa Crepe Pants - Light Blue / Navy Sera Print,2,0,2
Vivo Keza Satin Border Maxi Kaftan - Lilac / Light Blue Awat Print,2,0,2
Vivo Keza V-Neck Maxi Kaftan - Orange / Brown Print,2,0,2
Zoya Nia Off Shoulder Puff Sleeve Top - Peach,2,0,2
Vivo Basic Cap Sleeve Top In Crepe - Navy Blue,2,0,2
Safari by Vivo Zehra Kitenge Pants - Vuga Print,2,0,2
Vivo Basic 3/4 Sleeve Double Layered Bodycon Dress - Mustard,2,0,2
Vivo Chela Sleeveless Waterfall - Off White,2,0,2
Vivo Joggers - Benue,2,0,2
Zoya Vasha Short Sleeve Mesh Top - Neon Green,2,0,2
Safari Nazari Off Shoulder Top - Green / Cream Stripes,2,0,2
Vivo Dalia Cap Sleeve Gathered Tent Dress - Cream / Green Print,3,-1,2
Vivo Basic Satin Bishop Sleeved Top - Off White / Navy Nita Print,2,0,2
Vivo Yene High Slit Tunic Top - Light Teal,2,0,2
Vivo Liora Sleeveless Drawstring Top - Coral / Navy Ziza Print,2,0,2
Vivo X This Is Essential  Short Sleeve Bodysuit - Taupe,2,0,2
Vivo Analo Sleeveless Tie Kimono - Black,1,1,2
Vivo Nkasi Wide Leg Pants - Teal / Burgundy Kasi Print,1,1,2
Vivo Yene Front Tie Tunic Top - Teal,1,1,2
Safari Tafari Shorts - Jiri Print,2,0,2
Vivo Ayah Shirred Neck Tent Maxi Dress - Black,2,0,2
Vivo Maxi Dress - Fs 3,2,0,2
Zoya Vasha Track Pants - Black,2,0,2
Vivo Long Sleeve Maxi Waterfall - Teal,2,0,2
Safari Tawi Off-Shoulder Top - White,2,0,2
Vivo Rema Slit Tunic Top - Royal Blue,1,1,2
Vivo Nandi High Slit Kimono - Light Taupe / Black Print,2,0,2
Vivo Laika Bishop Sleeve Shift Dress In Crepe - Buttermilk / Black Aria Print,2,0,2
Vivo Basic Leggings - Grey,0,2,2
Zoya X Metamorphisized 143 Raglan Sleeve Crop Top - Black,2,0,2
Vivo Shorts - Moabi,2,0,2
Vivo Tande Boat Neck Dress  - Orange,1,1,2
Vivo Amai Maxi Kaftan In Textured Satin - Cream / Hunters Print,2,0,2
Vivo Knee Length Kaftan in Satin - Brown / Sea Green Print,0,2,2
Vivo Pana Short Waterfall - Plum,2,0,2
Vivo Basic Nalia High-low Chiffon Top - Black / Green Print,1,1,2
Vivo Everyday Cap Sleeve Top in Jersey,2,0,2
Safari Solana Sleeveless Tiered Maxi Dress - Yellow / Navy,2,0,2
Vivo Isabi Sleeveless Kimono - White / Yellow Sabi Print,1,1,2
Vivo Amai Maxi Kaftan In Textured Satin - Beige / Black Print,2,0,2
Vivo Asha Sleeveless Maxi Dress - Black,2,0,2
Vivo Pana Short Waterfall - Mustard,2,0,2
Vivo Sakari Drop Shoulder Jumpsuit - Hot Pink Sari Print,1,1,2
Vivo Safa Skirt - Chocolate,2,0,2
Vivo Hari Wide Leg Pants - Maroon,2,0,2
Vivo Chesi Wide Leg Pants - Rust / Black Hesi Print,2,0,2
Vivo Lindi High Low Dress - Orange,1,1,2
Vivo Extra Long Lily Waterfall - Mustard,2,0,2
Vivo Knee Length Kaftan in Satin - Tan / Maroon Print,1,1,2
Vivo Hanabi Tent Maxi Dress - Dark Rust / Black Lia Print,2,0,2
Safari Men's Shacket - Coral,2,0,2
Safari by Vivo Zehra Kitenge Pants - Taswi Print,1,1,2
Vivo Basic Escape A-Line Dress in Ponte - Burgundy,2,0,2
Shiv & Shikie X Safari Drawstring Pants - Dark Tan,2,0,2
Safari by Vivo Zehra 3/4 Sleeve Kitenge Maxi Dress - Black / Cream Ana Print,2,0,2
Vivo Short Kimono - Navy / Brown Chiku Print,1,1,2
Safari Mali Off Shoulder Ruffle Top - Blue,2,0,2
Vivo Dua Shirt In Satin - Orange,2,0,2
Vivo Alani Boat Neck Maxi Dress - Black,2,0,2
Safari Naledi Gathered Panel Wrap Dress - Navy,2,0,2
Vivo Basic Cap Sleeve Tent Knee Length Dress - Rust,2,0,2
Safari Kaya Sleeveless Tent Shirt Dress - Blue,2,0,2
Vivo Zawadi Crepe Shift Dress - Navy Blue,2,0,2
Vivo Sakari Circular Loose Top in Chiffon - Black / Beige Textured Print,2,0,2
Vivo Chela Basic Cap Sleeve Top - Buttermilk,2,0,2
Safari Mansi Bishop Sleeve Shacket - Taupe,2,0,2
Vivo Basic Sienna Jersey Top - Deep Teal,1,1,2
Vivo Izzy Satin Bishop Sleeve Top - Dark Purple,1,1,2
Vivo Samira Cape Dress - White / Black Print,2,0,2
Vivo Amai Maxi Kaftan - White / Rust  Print,2,0,2
Vivo Tsavo Sleeveless Scalloped Hem Dress Top - Rust,2,0,2
Vivo Diella Pleated Dress - Navy,2,0,2
Vivo Nuru Sleeveless Maxi Kimono - Lime / Black Uru Print,1,1,2
Zoya Full Length Leggings - Mustard,2,0,2
Zoya Banda High Slit Maxi Skirt - Pink,2,0,2
Safari Nazari Coat Dress - Green / Black Adia Print,1,1,2
Safari by Vivo Zehra Drawstring Pants - Hunters Green,1,1,2
Vivo Basic Cap Sleeve Top In Crepe - Red,2,0,2
Vivo Meli Ruffle Sleeve Top - Navy Blue,1,1,2
Vivo Full Length Pants - Rfs 5,2,0,2
Safari by Vivo Zehra Kitenge Shorts - Tuze Print,2,0,2
Vivo Hamle Front Twist Bodysuit - White,2,0,2
Vivo Takali Asymmetrical Midi Length Kaftan - Buttermilk,1,1,2
Vivo Diella Wide Leg Pants - Black,2,0,2
Vivo Basic Satin Cap Sleeve Top - Taupe / Brown Bia Print,1,1,2
Vivo Scalloped Kimono in Crepe - Brown / Teal Print,1,1,2
Vivo Basic Panelled Leisure Pants - Dark Navy Blue,2,0,2
Vivo Ayla Maxi Kimono - Chocolate / Cream Falo Print,2,0,2
Vivo Basic Long Sleeved Double Layered Bodycon - White,2,0,2
Safari by Vivo Naledi Bubble Midi Dress - Candy Print,2,0,2
Vivo Chidii Wide Leg Pants - Teal / Black Ameli Print,1,1,2
Vivo Kitenge Multi Purpose Wrap - Blue / Orange Ankara Print,1,1,2
Vivo J.O V-Neck Sheath Dress - burgundy,2,0,2
Safari Kaya Long Sleeve Collar Shirt - Blue,1,1,2
Vivo Knee length Dress - Fs 3,2,0,2
Vivo Sanali Wide Leg Pants - Green / Mint Flohibi Print,2,0,2
Vivo Pelia Round Neck Dress - Olive,2,0,2
Vivo Studio Lounge Pants in Rib - Teal,1,1,2
Vivo Maisha Straight Leg Pants - Black / Brown Print,1,1,2
Vivo Amai Side Slit Pants - Black,1,1,2
Safari by Vivo Zehra 3/4 Sleeve Kitenge Maxi Dress - Zuberi Print ,2,0,2
Safari Kikoy Shirred Top Maxi Dress - Red Print,1,1,2
Vivo Kelemi Sleeveless Side Tie Top - Lime / Red Waso Print,1,1,2
Safari Kamari Cotton Shorts - Olive Green,1,1,2
Vivo Meli Ruffle Sleeve Top - Grey,1,1,2
Vivo X This Is Essential  Sleeveless High Neck Bodysuit - Taupe,0,2,2
Vivo Bodysuits T- Shirts & Tank Tops - Rfs 2,2,0,2
Vivo Maisha Straight Leg Pants In Crepe - Beige / Black Abstract Print,2,0,2
Safari by Vivo Sizani Strappy Tent Top - White,2,0,2
Vivo Kani Wide Leg Pants - Dusty Pink / Black Dashen Print,2,0,2
Vivo Seli Shorts - Black,2,0,2
Zoya Yuni Tank Top - Navy Blue,2,0,2
Vivo Cowl Camisole - White,2,0,2
Vivo Zuri Cap Sleeve Knee Length Dress - Light Mustard,2,0,2
Vivo Niari straight leg Pants - Green,2,0,2
Safari Tiwa Shirred Top - Hunters,0,2,2
Safari Tawi Shirt Collar Bishop Sleeve Tiered Dress - Khaki,1,1,2
Vivo X Pinky Sleeveless Crossback Fitness Midriff Top - White / Pink Abstract Print,2,0,2
Zoya Banda Unisex Letterman Jacket - Green / Blue Print + Blue,2,0,2
Vivo Ayla Maxi Kimono - Light Blue / Burgundy Dola Print,2,0,2
Safari by Vivo  Tawi Bishop Sleeve Tiered Dress - Orange,2,0,2
Vivo Basic Cap Sleeve Bodysuit (Seamless) - Pink,1,1,2
Vivo Hanabi Satin High Low Top - Light Pink / Olive Print,1,1,2
Vivo Iyana Bow Tie Mini Dress - Green / Pink Iya Print,2,0,2
Vivo Leila Waterfall - Chocolate Brown,2,0,2
Vivo Merika Satin Wrap Top - Peach / Burgundy Print,2,0,2
Zoya Vasha Sleeveless Turtleneck Mini Bodycon - Green / Yellow,2,0,2
Vivo Amai Maxi Kaftan In Textured Satin - Blue / Gold Print,2,0,2
Safari Tiwa Reversible Tie Kimono - Mustard + Zuri Print,0,2,2
Vivo Chela Scalloped Sleeveless Top - Sage,1,1,2
Safari Tara Bishop Sleeve Dress - Maroon / Pink Ara Print,2,0,2
Zoya Basic Bodycon - Black,2,0,2
Vivo Rema High Low Maxi Dress - Royal Blue,2,0,2
Vivo Samira Midi Dress - Grey / Olive Print,2,0,2
Vivo Maisha Drop Shoulder Maxi Dress In Rayon - Yellow / Blue Print,2,0,2
Vivo Ayah Bishop Sleeve Mock Neck Top - Lilac,2,0,2
Zoya Temo Bubble Mini Skirt - Taupe,2,0,2
Vivo Ponte Back Pleat Maxi Dress - Navy Blue,0,2,2
Vivo Seli Maxi Dress - Brown / Chocolate Eli Print,1,1,2
Zoya Banda Crop Hoodie - Burgundy,2,0,2
Zoya Nia Off Shoulder Puff Sleeve Top - Black,2,0,2
Vivo Maisha Straight Leg Pants in Crepe - Grey / Gold Print,2,0,2
Vivo Vinna Escape A-Line Dress - Hunters Green,1,1,2
Vivo Seli Head Wrap - Lilac / Navy Esli Print,1,1,2
Vivo Tanda Palazzo Pants - Rust,1,1,2
Vivo Lalani Turtleneck Sweater Dress - Light Emerald Green / Ivory Samba Print,1,1,2
Vivo Sierra Maxi Dress in Chiffon  - Red / Black Bori Print  ,2,0,2
Vivo Basic Crepe Pants - Rust,2,0,2
Vivo Basic Sleeveless Long Lily Waterfall - Navy Blue,0,2,2
Safari by Vivo Zehra Extra Wide Shirt in Linen - Olive,1,1,2
Vivo Dua Dolman Top - Brown,1,1,2
Safari by Vivo Zehra Drawstring Pants - White,2,0,2
Vivo Amai Hi-Low Top - Black,1,1,2
Vivo Ayah Satin Pants - Orange / Black Ullu Print,2,0,2
Zoya Basic Full Length Leggings - Black,2,0,2
Vivo Sierra Bishop Sleeve Satin Top - Light Green,1,1,2
Vivo Tsavo Sleeveless Scalloped Hem Dress Top - Black,1,1,2
Vivo Bana Batwing Top -  Maroon,2,0,2
Safari Huru Halter Sleeveless High Low Dress - Taupe,2,0,2
Vivo Shorts - Kidal,2,0,2
Vivo Basic Sleeveless Midi Jersey Waterfall - Deep Teal,0,2,2
Vivo Essentials Full Length Leggings - Teal,2,0,2
Vivo Nuru Sleeveless Maxi Kimono - Grey / Navy Uru Print,2,0,2
Vivo Loose Tops - Rfs 5,2,0,2
Safari Mali Off - Shoulder Ruffle Knee Length Dress - Shoulder Ruffle Knee Length Dress - Dark Pink,1,1,2
Vivo Nkasi Wide Top - Teal / Burgundy Kasi Print,2,0,2
Vivo Reba Gathered Dress - Green / Mustard Eba Print,2,0,2
Vivo Basic Satin Bishop Sleeved Top - Yellow,1,1,2
Vivo Lalani Rib Maxi Waterfall - Black,2,0,2
Vivo Kitenge Multi Purpose Wrap - Purple / Red Ankara Print,1,1,2
Safari Tafari Wrap Skirt - Umba Print,1,1,2
Vivo Tiered Shirt Dress - Kasai,2,0,2
Vivo Basic Nandi High Slit Kimono -  Black / Rust Print,2,0,2
Vivo Nimali Satin Joggers - Rust,2,0,2
Safari Savannah Kitenge Midi Wrap Dress - Juja Print,2,0,2
Vivo Basic Long Lily Waterfall - Teal,0,2,2
Vivo Nandi High Slit Kimono - Navy / Grey Print,2,0,2
Vivo Knee length Dress - Rfs 5,2,0,2
Safari Naledi Gathered Panel Wrap Dress - Chocolate,2,0,2
Safari Savannah Drawstring Shacket - Black,1,1,2
Safari Long Sleeve Waterfall - White,2,0,2
Safari by Vivo  Tiwa Shirred Top - White,1,1,2
Vivo Serwa Wide Leg Jumpsuit - Blue / Black Sera Print,1,1,2
Zoya X Metamorphisized 143 Oversized Long Sleeve Shirt - Black / Jungle Green,2,0,2
Safari Mansi Bishop Sleeve Shacket - Mustard,2,0,2
Zoya Yuni Tank Top - Black,1,1,2
Safari 3/4 Sleeve Maxi Kimono With Headwrap - Off White / Navy Print,1,1,2
Safari Tara Crop Shacket - Light Blue / Navy Dire Print,2,0,2
Zoya Athleisure One Shoulder Crop Top - Animal Print,2,0,2
Vivo Wingu Tiered Knee Length Dress - Navy / Taupe Print,0,2,2
Vivo Merika Satin Wrap Top - Dark Orange,1,1,2
Vivo Essentials Bandeau - Black,0,2,2
Vivo Safa Drop Shoulder Top - Grey,2,0,2
Vivo Tatili Long Sleeve Bishop Top - White / Black Kari Print,1,1,2
Vivo Chela Scalloped Sleeveless Top - Royal Blue,1,1,2
Zoya Sadira Men's Long Sleeve T Shirt - Black,2,0,2
Vivo Basic Sleeveless Tent Maxi Dress - White / Blue Doret Print,2,0,2
Vivo Basic May Jersey Waterfall - Dark Green,0,2,2
Zoya Vasha Sleeveless Turtleneck Mini Bodycon - Purple / Yellow,2,0,2
Vivo Nimali Satin Flounce Kimono - Pink,1,1,2
Vivo Short Side Pleat Sweater - Teal,1,1,2
Vivo Reba Tent Shirt Dress - Orange,1,1,2
Vivo Reba Gathered Dress - Red / Navy Eba Print,1,1,2
Vivo Zahari 3/4 Sleeve Off Shoulder Jumpsuit - Green / Mustard Rubi Print,2,0,2
Vivo Kaisa Maxi Skirt - Taupe,2,0,2
Vivo Kitenge Tie Top - Lashi,2,0,2
Vivo Basic V-neck Cap Sleeve Top - White,1,1,2
Zoya Yuni Halter Midriff Top - Navy Blue,0,2,2
Vivo Essi Scalloped Top - White / Dark Mustard Print,2,0,2
Vivo Basic Panelled Leisure Pants - Green,2,0,2
Vivo Knee Length Kaftan in Satin - Teal / Navy Print,2,0,2
Vivo Kitenge Strappy Tie Back Top - Tana,1,1,2
Vivo Maisha Kimono in Crepe - Beige / Black Abstract Print,1,1,2
Vivo Long Sleeve Maxi Waterfall - Olive Green,2,0,2
Vivo Basic Cap Sleeved Leila Dress - Safron,0,2,2
Vivo Merika Knee Length Wrap Dress - Plum,2,0,2
Safari by Vivo Zehra 3/4 Sleeve Kitenge Maxi Dress - Senara Print ,2,0,2
Vivo Asha Drop Shoulder Knee Length Dress - Navy Aku Print,2,0,2
Vivo Keza Circular Loose Top in Satin - White / Rust Mani Print,2,0,2
Safari Kikoy Wrap Dress - Red,2,0,2
Vivo Analo Wide Leg Pants - Yellow,2,0,2
Vivo Liora Side Drawstring Kaftan Dress - Purple / Dark Purple Print,1,1,2
Vivo Basic Boundneck Puff Sleeve Top - Red,0,2,2
Vivo Basic Double Layered Long Sleeved Bodysuit - Mustard,1,1,2
Vivo Maisha Straight Leg Pants in Crepe - Dusty Blue / Brown Print,2,0,2
Safari Haya Front Slit Wide Leg Pants - Red Koi Print,1,1,2
Vivo Basic Dolman Sweater - Rust,2,0,2
Vivo Knee Length Kaftan in Satin - Grey / Light Blue Print,1,1,2
Vivo Asha Drop Shoulder Knee Length Dress - Ocean Depths,2,0,2
Vivo Fitted Tops - Rfs 3,2,0,2
Safari by Vivo Zehra 3/4 Sleeve Kitenge Maxi Dress - Avira Print ,2,0,2
Vivo V-Neck Camisole in Satin- Olive,2,0,2
Safari Tawi Off-Shoulder Top - Yellow,2,0,2
Safari Naledi Gathered Panel Maxi Skirt - Olive,2,0,2
Safari Chui Placket Top - Marara Print,2,0,2
Vivo Basic Waridi Pencil Skirt - Teal,2,0,2
Vivo Basic Sienna Waterfall - Dark Tan,2,0,2
Vivo Basic Waterfall - Grey,2,0,2
Vivo Basic Val Cap Sleeve Top - Yellow,2,0,2
Vivo Basic Leila Short Waterfall - Taupe,2,0,2
Vivo Nimali Satin Blouse - Mustard,2,0,2
Vivo Waterfalls & Kimonos - FS 3,2,0,2
Zoya Banda Men's Wide Pants - Pink,2,0,2
Vivo Waterfalls & Kimonos - FS 2,2,0,2
Vivo Dalia Cap Sleeve Gathered Tent Dress - White / Mustard Nasi Print,2,0,2
Vivo Sienna Waterfall - Orange,2,0,2
Vivo Ava Front Pleat Knee Length Dress - Off White / Black Print,1,1,2
Vivo Niari Sleeveless Top - Magenta,1,1,2
Vivo Cuffed Wide Sweater - Black / Rust,2,0,2
Vivo Nasinka V-Neck Maxi Dress - Fuschia,2,0,2
Vivo Basic Long Sleeved Double Layered Bodycon - Taupe,2,0,2
Vivo Kelemi Sleeveless Side Tie Top,2,0,2
Vivo Basic May Jersey Waterfall - Burgundy,2,0,2
Safari Naledi Gathered Panel Wrap Dress - Olive,2,0,2
Vivo Basic Cap Sleeve Maxi Tent Dress - White / Lilac Sabi Print,2,0,2
Vivo Vinna Slit Sleeve Top - Grey / Navy Nina Print,2,0,2
Zoya Naya One Shoulder Flounce Satin Crop Top - Teal,2,0,2
Vivo Basic Crepe Bishop Sleeve Top - White / Blue Rozi Print,2,0,2
Safari Kamari Long Sleeve Drawstring Shacket - Navy Blue,2,0,2
Vivo Basic Leila Short Waterfall - Navy Blue,2,0,2
Vivo Basic Waridi Pencil Skirt - Wine Red,2,0,2
Vivo Basic Long Sleeved Top - Mustard,1,1,2
Zoya Party Cowl Bare Back Mini Dress - Navy Blue,2,0,2
Vivo Nimali Satin Shorts - Black,2,0,2
Vivo Talia Sleeveless Tank Top  - Lilac,2,0,2
Vivo Seli Maxi Dress - Navy Blue,2,0,2
Vivo Yoga Wrap - Buttermilk,1,1,2
Safari Basic Shirt Tent Dress - Coral,1,1,2
Vivo Yene Layered Top - Off white,2,0,2
Safari Bush 3/4 Sleeve Top - Taupe,1,1,2
Safari Nazari Coat Dress - Navy / Brown Chiku Print,2,0,2
Safari Naledi Bishop Sleeve Tiered Dress - Olive / Black Wia Print,2,0,2
Vivo Reba Hi Low  Dress - Yellow / Navy Print,2,0,2
Vivo X This Is Essentials Long Sleeve Crew Neck Bodysuit - White,1,1,2
Vivo Sarabi Panelled V-Neck Kaftan - Hot Pink,2,0,2
Vivo Essentials Biker Shorts - Teal,2,0,2
Vivo Safa Sweater - Fuschia,2,0,2
Zoya Vasha Short Sleeve Mesh Top - Neon Pink,2,0,2
Safari Tafari Highlow Top in Kitenge - Avena Print,1,1,2
Vivo Basic Tolani Jersey Dress - Tan,2,0,2
Vivo Tana Off Shoulder Maxi Dress - Pink / Green Print,1,1,2
Vivo Ava Shirt Collar Tunic Top - Light Tan,1,1,2
Vivo Basic Drop Shoulder Top - Army Green,2,0,2
Vivo Selah Straight Leg Pants - Navy,2,0,2
Vivo Basic Knee Length Dress In Chiffon - Hunters / Cream Print,2,0,2
Vivo Beali Two Way Wrap Top - Cream / Taupe Lea Print,2,0,2
Vivo Basic Short Waterfall - Yellow,1,1,2
Vivo Amai Maxi Kaftan - Dark Green,2,0,2
Vivo Hanabi Off - Shoulder Top - Shoulder Top - Black,2,0,2
Vivo Dalia Sleeveless Gathered Tent Dress - Taupe,2,0,2
Zoya Yuni Halter Midriff Top - Beige,2,0,2
Vivo Maisha Wide Kimono - Cream / Black Print,1,1,2
Vivo Merika Satin Wrap Top - Lime,2,0,2
Vivo Nala Shirt Dress - Dark Navy Blue,1,1,2
Vivo Chela Drawstring Shorts - Black,2,0,2
Vivo Basic Sleeveless Jersey Waterfall - Rust,2,0,2
Vivo Merika Satin Wrap Top - Red,1,1,2
Safari Haya Strappy Tie Back Maxi Dress - Dark Green Kiki Print,2,0,2
Vivo Yene Jumpsuit - White / Teal Shibori Print,2,0,2
Safari by Vivo Zehra Kitenge Shorts - Loom Print,1,1,2
Vivo Safa Skirt - Rust,1,1,2
Vivo Off Shoulder Maxi Dress in Cotton - Yellow Multicolor Print,2,0,2
Zoya X Metamorphisized 143 Raglan Sleeve Crop Top - Navy Blue,2,0,2
Vivo Yene One Shoulder Maxi Dress - White / Teal Shibori Print,2,0,2
Vivo Basic Midi Pencil Skirt - Dark Green,2,0,2
Vivo Ponte Back Pleat Maxi Dress - Black,0,2,2
Vivo Basic Satin Cap Sleeve Top - White / Orange Ullu Print,2,0,2
Vivo Sleeveless Side  Slit Midi  Waterfall - Mustard,2,0,2
Vivo Kelemi 4.0 Kimono - Orange,1,1,2
Vivo Maxi Dress - Rfs 6,2,0,2
Vivo Alika High Waist Pants - Navy Blue,2,0,2
Vivo Cuffed Wrap Poncho - Fuchsia,2,0,2
Vivo Basic Puff Sleeved Bodycon - Hunters Green,2,0,2
Vivo Zahari 3/4 Sleeve Off-Shoulder Jumpsuit - Cream / Rust Print,2,0,2
Zoya Luna Cargo Pants - Navy Blue,2,0,2
Vivo Vinna 3/4 Sleeve Top - Hunters / Orange Nina Print,2,0,2
Vivo Rema Drawstring Pants - Magenta,2,0,2
Vivo Iyana Knee Length Bubble Dress - Brown / Chocolate Iya Print,2,0,2
Safari Anga Puffy Short Sleeve Tie Top - Lime Green / Black Ankara Print,2,0,2
Vivo Zaria Long Sleeve Coat  - Mvua,1,1,2
Vivo Basic Cuffed Dolman Jersey Dress - Mustard,1,1,2
Vivo Tanda A-Line Maxi Dress - Offwhite,2,0,2
Vivo Basic Neo Waterfall - Pink,0,2,2
Safari Tawi Off-Shoulder Dress - Rust,2,0,2
Vivo Joggers - Lamu,2,0,2
Vivo Kitenge Multipurpose Wrap - Tafo Print,1,1,2
Vivo Samira Slip Skirt - Maroon,2,0,2
Vivo Basic Short May Jersey Waterfall - Dark Green,2,0,2
Vivo Sierra Long Sleeve Top(Double Layered) - Fuschia,2,0,2
Vivo Reba Hi Low  Dress - Orange / Navy Print,2,0,2
Zoya Basic Full Length Leggings - Mustard,0,2,2
Safari Kamari Ribbed Top - Beige,2,0,2
Safari Kikoy Off Shoulder Crop Top - Maroon Print,2,0,2
Vivo Aleri A-Line Pleated Dress - Mustard,2,0,2
Vivo Takali Tunic Top In Satin - Green,2,0,2
Vivo Essentials Biker Shorts - White,2,0,2
Vivo Talia Sleeveless Tank Top - Rose Pink,1,1,2
Vivo Sawari Crossed Cuff Batwing Top - White / Olive Ruvu Print,1,1,2
Vivo Imelda Cowl Sweater - Grey,2,0,2
Vivo Laika Cap Sleeve Shift Dress - Dark Hunters,2,0,2
Vivo Yumi Off Shoulder Jumpsuit - Cream / Rust Rumi Print,1,1,2
Vivo Basic Tulip Sweater - Magenta,1,1,2
Vivo Basic Satin Bishop Sleeved Top - Beige / Green Bai Print,2,0,2
Zoya Sadira Men's Long Sleeve  T Shirt - Light Blue,2,0,2
Zoya Vasha Midriff Jacket - Black / White Mesh,2,0,2
Vivo Basic Open Kaftan - Mustard / Black Print,1,1,2
Vivo Niari Sleeveless Top - Brown,1,1,2
Vivo Wastani Drawstring Pants - Light Blue / Teal Marra Print,2,0,2
Vivo Maisha Straight Leg Pants - Black / Green Print,2,0,2
Vivo Full Length Pants - Rfs 4,2,0,2
Vivo Ayah Kimono - Mustard / Black Tullu Print,2,0,2
Vivo  Tanda A-Line Maxi Dress - Offwhite,2,0,2
Vivo Ayah Drawstring Pants - Green / Peach Zani Print,2,0,2
Zoya Yuni Men's Sweatshirt - Grey,2,0,2
Vivo Kani Bishop Sleeve Top - Dusty Pink / Navy Tamra Print,1,1,2
Safari Sizani Men's Kitenge Placket Shirt - Himo Print,2,0,2
Vivo Ari Sleeveless Straight Maxi Slit Dress - Black,1,1,2
Vivo Ria Waterfall - Grey,2,0,2
Vivo Zuri Cap Sleeve Knee Length Dress - Navy,1,1,2
Vivo Hadiya Wrap Dress - Green / Grey Tal Print,2,0,2
Vivo Basic Nalia High Low Jersey Top - Navy Blue,1,1,2
Vivo Basic Crepe Pants - Purple / Black Tiki Print,2,0,2
Safari Lira Front Panelled Shirt Dress - Pink / Black,2,0,2
Vivo Sanyu Maxi Tent Dress - Lime Green,2,0,2
Vivo Kaisa Mock Neck Sleeveless Top - Taupe,2,0,2
Vivo Arafa Long Sleeve Tie Dress - Taupe / Orange Rafa Print,2,0,2
Safari by Vivo Naledi Bubble Midi Dress - Riza Print,2,0,2
Vivo Paji Dress Coat - Navy,1,1,2
Vivo Sia  Leisure Pants - Hunters Green,2,0,2
Safari Solana Sleeveless Tiered Maxi Dress - White / Black,2,0,2
Safari by Vivo Zehra Kitenge Pants - Ndiwa Print,1,1,2
Vivo Maisha Straight Leg Pants - Pink / Chocolate Print,2,0,2
Safari Tafari Highlow Top in Kitenge - Epha Print,1,1,2
Safari Mansi Dolman Top - White,2,0,2
Vivo Wena High Slit Maxi Shirt - Blue,1,1,2
Vivo Maisha Kimono & Pant Set - White / Black Print,2,0,2
Vivo Shorts - Mvua,2,0,2
Vivo Rema 3/4 Sleeve Side Slit Tunic Top - Dark Olive,2,0,2
Vivo Yumi High Low Shirt Dress - Magenta,1,1,2
Vivo Ajani V-Neck Shift Dress - Gold,2,0,2
Vivo Niari Tent Dress - Navy Blue,2,0,2
Vivo Essentials Tank Top - Mustard,2,0,2
Vivo Raha Waist Tie Top - Mustard/ Black Ameli Print,2,0,2
Vivo  Tanda A-Line Maxi Dress - Grey,2,0,2
Zoya Essentials Mini Bodycon - Pink / Navy Print,2,0,2
Vivo Keza Satin Border Maxi Kaftan - Dark Green / Purple Print,2,0,2
Vivo Zahari Off-Shoulder Maxi Dress - Blue / Grey Print,2,0,2
Vivo Alma Drawstring Top - Gold,1,1,2
Vivo Basic May Jersey Waterfall - Mustard,2,0,2
Vivo Basic Double Layered Capri Skirt - Dark Red,2,0,2
Vivo Maisha Wide High Low Top - Pink / Chocolate Print,2,0,2
Vivo Must Have Shorts  - Chari Print,2,0,2
Safari by Vivo Zehra Embroidered Linen Kimono - Rust,2,0,2
Vivo Sawari Crossed Cuff Batwing Top - Dusty Green,0,2,2
Vivo Essentials Dolman Maxi Dress - Teal,2,0,2
Vivo Yene High Slit Tunic Top - Navy Blue,1,1,2
Vivo Lindi High Low Dress - Green,2,0,2
Vivo Kelemi Flared Sleeve Kimono - Yellow / Green Lana Print,2,0,2
Safari by Vivo Zehra Kitenge Short Kimono - Pambo Print,2,0,2
Zoya Nia Wide Leg Denim Pants - Tickling Stripes Print,2,0,2
Vivo Nasinka V-Neck Maxi Dress - Black,0,2,2
Vivo Knee Length Kaftan in Satin - Lilac / Mint Print,2,0,2
Vivo Samira Cape Dress - Taupe / White Print,1,1,2
Safari Tiwa Reversible Tie Kimono - Navy + Sefa Print,1,1,2
Vivo Iyana Cape Top - Hunters,2,0,2
Vivo Knee length Dress - Rfs 3,2,0,2
Vivo Maisha Drop Shoulder Maxi Dress - Dark Teal / White Mai Print,2,0,2
Vivo Safa Drop Shoulder Top - Maroon,2,0,2
Vivo Dalia Cap Sleeve Gathered Tent Dress - White / Lilac Nasi Print,1,0,1
Vivo Cuffed Wrap Poncho - Rust,1,0,1
Vivo Selah Double Layered Coat - Light Grey,1,0,1
Vivo Izzy Satin Bishop Sleeve Top - Black,1,0,1
Vivo Shorts - Rfs 3,1,0,1
Vivo Rema Straight Leg Pants - Rust,1,0,1
Vivo Kitenge Multipurpose Wrap - Keri Print,1,0,1
Vivo Kelemi Maxi Kaftan - Green / Teal Lemi Print,1,0,1
Vivo Naya Flounce Sleeve Kimono - Johari,1,0,1
Safari Njano Joggers - Hunters Green / Shama Print,1,0,1
Vivo Amai Maxi Kaftan In Textured Satin - Light Grey / Teal Print,1,0,1
Vivo Basic V-neck Cap Sleeve Top - Buttermilk,1,0,1
Vivo Knee Length Kaftan in Satin - Teal / Purple Print,1,0,1
Zoya Aridi Cropped Jacket - Black / Red,1,0,1
Vivo Basic Sleeveless Tent Dress - Peach/Brown Print,1,0,1
Vivo Yumi Cap Sleeve Dress - Rust,1,0,1
Zoya Yuni Men's Sweatshirt - Navy Blue,1,0,1
Vivo Nala Shirt Dress - Olive,1,0,1
Vivo Knee Length Kaftan in Satin - Maroon / Off White Print,1,0,1
Vivo Mandla High Neck A-Line Dress - Grey,0,1,1
Safari Kikoy Tunic High Low Top - Maroon,1,0,1
Safari Lira Sleeveless Coat - Light Taupe,1,0,1
Safari Zene Off Shoulder Dress - Hunters,0,1,1
Vivo Basic Crepe Bishop Sleeve Top - Dark Red,1,0,1
Vivo Maisha Drop Shoulder Maxi Dress In Rayon - Black / Light Tan Print,1,0,1
Vivo Cuffed Wide Sweater - Black,1,0,1
Vivo Beali Wrap Shirt Dress - White / Gold Lea Print,1,0,1
Vivo Ayah Shirred Neck Tent Maxi Dress - Yellow / Chocolate Yana Print,1,0,1
Safari Zene High Low Shirt Dress - Coral,1,0,1
Zoya Yuni Contrast Stitch Mini Skirt - Grey Old,1,0,1
Vivo Knee Length Kaftan in Satin - White / Grey Print,0,1,1
Vivo Keza Circular Loose Top - Purple / Dark Purple Ziza Print,1,0,1
Vivo Short Kimono - Ashai Print,1,0,1
Vivo Must Have Shorts - Anga Print,1,0,1
Vivo Takali Tunic Top - White / Green Arisi Print,1,0,1
Vivo Basic Round Neck Maxi Dress in Crepe - Light Blue / Navy Zela Print,1,0,1
Vivo Safa Straight Leg Pants - Buttermilk,1,0,1
Vivo Leila Asymmetrical Angel Sleeve Top - Yellow,1,0,1
Vivo Ayah Shirred Neck Tent Maxi Dress - Rust / Navy Yana Print,1,0,1
Vivo Fitted Tops - Fs 5,1,0,1
Vivo Zahari Straight Leg Pants - Sample,0,1,1
Safari Njano Wide Leg Pants - Neba Print,1,0,1
Vivo Iyana Shirred Waist Jumpsuit - Navy,1,0,1
Vivo Basic Satin Cap Sleeve Top - Burgundy / Tan Print,1,0,1
Vivo Basic Hooded Kimono - Black / Mint Print,1,0,1
Vivo Serwa Tent Dress - Magenta,0,1,1
Safari by Vivo Sizani Barrel Pants - Navy Blue,1,0,1
Vivo Pesi Drop Shoulder Tunic - Grey / Brown Una Print,1,0,1
Vivo Mandla Tent Dress - Dark Hunters,1,0,1
Zoya Sadira Men's Long Sleeve  T Shirt - Black,1,0,1
Zoya Basic Jersey Bandeau  - Saffron,1,0,1
Vivo Nasinka A-Line Maxi Dress - Rust / Beige Print,1,0,1
Vivo Meli Sleeveless Coat - Olive,1,0,1
Vivo Sawari Crossed Cuff Batwing Top - Navy,1,0,1
Vivo Selah Bishop Sleeve Top - Buttermilk,1,0,1
Vivo Knee length Dress - Rfs 2,1,0,1
Vivo Maisha Strappy Culotte Jumpsuit - Black / Cream Print,1,0,1
Vivo Beali Shirred Midriff Top - Beige / Gold Lea Print,1,0,1
Vivo Ria Mock Neck Top - Black,1,0,1
Zoya Temo Men's Detachable Wide Leg Pants - Blue,1,0,1
Vivo Aleri Wide Leg Pants - Black,1,0,1
Vivo Golf Fly Front Shorts - Dark Taupe,1,0,1
Vivo Basic Cap Sleeve Maxi Tent Dress - Chocolate,1,0,1
Safari Kamari Sleeveless Cropped Jacket - White Cloud,1,0,1
Vivo Samira Midi Dress - Off White / Pink Print,1,0,1
Vivo Dua 3/4 Sleeved V Neck Shirt - Lime / Brown Ebu Print,1,0,1
Vivo Fitted Tops - Fs 1,1,0,1
Safari by Vivo Zehra Kitenge Shorts - Pambo Print,1,0,1
Vivo Yumi High Low Shirt Dress - Navy Blue,1,0,1
Vivo Basic Crepe Cap Sleeve Top - Olive,1,0,1
Vivo Dalia Off Shoulder Jumpsuit - Cream / Orange Alia Print,0,1,1
Vivo Selah Straight Leg Pants - Black,1,0,1
Vivo Kani Cap Sleeve Maxi Dress - Magenta / Navy Sari Print,1,0,1
Vivo Jira Lounge Pants - Navy Blue,1,0,1
Safari Njano Mens Bound Neck Shirt - White,1,0,1
Vivo Ava 3/4 Sleeve Kimono - Yellow,1,0,1
Vivo Basic Cap Sleeve Tent Knee Length Dress - Brown / Cream Print,0,1,1
Vivo Kelemi 4.0 Sleeveless Dress - Lime / Navy Nashe Print,1,0,1
Zoya Basic Tank Top - Green,1,0,1
Double O-ring Cami Dress - Dark Amber,1,0,1
Vivo Ayla Maxi Kaftan Dress - Dark Orange / Brown Nola Print,1,0,1
Safari Kikoy Long Sleeve Shacket - Green,1,0,1
Vivo Serwa Flounce Dress - Black / Pink Print,1,0,1
Vivo Keza Circular Loose Top - Grey / Mustard Ziza Print,1,0,1
Vivo Basic Round Neck Maxi Dress - White / Brown Ika Print,1,0,1
Vivo Asha Sleeveless Knee Length Dress - White / Brown Print,1,0,1
Vivo Isabi Sleeveless Kimono - Yellow,1,0,1
Vivo Basic Leisure Pants - Dark Teal,1,0,1
Zoya Nia Oversized Denim Shirt - Black,1,0,1
Vivo Yene High Slit Tunic Top - Plum,1,0,1
Zoya X Metamorphisized 143 Raglan Sleeve Midriff Top - White,1,0,1
Vivo Zawadi Inverted Pleat Dress - Black,0,1,1
Safari by Vivo Zehra Kitenge Short Kimono - Pena Print,1,0,1
Vivo Dua Long Bishop Sleeve Top - Cream,1,0,1
Vivo Amai Maxi Kaftan In Textured Satin - Rose Pink / Black Print,1,0,1
Vivo Naya One Shoulder Flounce Top - Tausi,1,0,1
Vivo Basic Julia Back Pleat Maxi Dress - Mustard,1,0,1
Vivo Tolani Dress in Jersey - Chocolate,1,0,1
Safari Mali 3/4 Bishop Sleeve Tie Top MG - Taupe,1,0,1
Safari Nazari Coat Dress - Blue / Pink Azizi Print,1,0,1
Vivo Basic Short Waterfall - Orange,1,0,1
Vivo Knee Length Kaftan in Satin - Rust / Pink Print,1,0,1
Safari Lira Drop Shoulder Dress - Orange,1,0,1
Safari Lounge Pants In Jersey - Light Taupe,1,0,1
Vivo Chidii Drop Shoulder Kimono - Chocolate Brown,1,0,1
Vivo Zola V Neck Cap Sleeve Maxi Dress - Mulberry,1,0,1
Vivo  Iyana Bubble Midi Skirt - Yellow / Lilac Iya Print,1,0,1
Zoya Spaghetti strap Midriff Top - White,1,0,1
Vivo Izzy Bishop Sleeve Shift Dress - Navy,1,0,1
Vivo Lero Fitness Leggings - Black + Blue Kiwi Print,1,0,1
Vivo Dila Print Poncho - Raspberry / Light Grey,1,0,1
Vivo Tatili 3/4 Sleeve A Line Dress - Navy / Mustard  Pembe Print,1,0,1
Vivo Scalloped Kimono in Crepe - Blue / Brown Print,1,0,1
Vivo Basic Leisure Pants - Dark Green,1,0,1
Vivo Nimali Satin Short Kimono - Dahlia,1,0,1
Vivo Hanabi Satin High Low Top - Cream / Tan Print,1,0,1
Safari Njano Cowl Top - Green,1,0,1
Vivo Ayla Off-Shoulder Jumpsuit - Orange / Burgundy Umbo Print,1,0,1
Safari Men's Chinese Collar Long Sleeve Shirt - White,1,0,1
Vivo Seli Wide Leg Pants - Magenta / Navy Raha Print,1,0,1
Safari by Vivo  Naledi Wrap Top - Navy,1,0,1
Vivo Basic Sleeveless Tent Maxi Dress - White / Green Doret Print,1,0,1
Vivo Basic Leila Short Waterfall - Teal,1,0,1
Vivo Serwa Crepe Pants - Peach / Rust Sera Print,1,0,1
Vivo Maisha 3/4 Sleeve High Low Top - Off White / Dark Peach Print,1,0,1
Vivo Kani 3/4 Sleeve Knee Length Dress - Mustard / Dusty Pink Dashen Print,1,0,1
Vivo Seli Maxi Dress - Black / Olive Print,1,0,1
Vivo Maxi Dress - Fs 5,1,0,1
Vivo Basic Crepe Scarf - Black / Chocolate Floral Print,1,0,1
Vivo Basic Long Sleeved Top - Yellow,1,0,1
Vivo Sleeveless Blazer - Marula,1,0,1
Safari Tie Back Maxi Dress - Light Pink,1,0,1
Vivo Basic Long Lily Waterfall - Navy Blue,1,0,1
Zoya Nia Puff Sleeve Off Shoulder Romper - White,1,0,1
Zoya Essentials Basic Mini Bodycon - Pink Tie Dye,1,0,1
Vivo Beali Shirred Midriff Top - Tan / Navy Lea Print,1,0,1
Zoya Kyro Straight Leg Pants - Black,1,0,1
Vivo Tande Front Drape Dress  - Hunters,1,0,1
Vivo Chidii Drop Shoulder Kimono - Mustard,1,0,1
Vivo Zuri Cap Sleeve Knee Length Dress - Mustard / Green Umaca Print,1,0,1
Vivo Kelemi 4.0 Kimono - Navy,1,0,1
Zoya Basic V-Neck Short Sleeved Midriff Top - Taupe,1,0,1
Safari Tafari Highlow Top - Shan Print,0,1,1
Safari by Vivo Zehra Tie Waist Kimono Dress - Black / Cream Print,1,0,1
Vivo Loose Tops - Fs 3,1,0,1
Vivo Basic Long Sleeved Bodysuit in Jersey - Mustard,1,0,1
Vivo Kani Bishop Sleeve Top - Dusty Pink / Black Dashen Print,1,0,1
Vivo Paji Dress Coat - Black,1,0,1
Vivo Basic Satin Bishop Sleeved Top - Orange Hibi Print,1,0,1
Vivo Upe Wide Leg Pants - Rust,1,0,1
Vivo Basic Sienna Waterfall - Hunters Green,1,0,1
Vivo Basic 3/4 Sleeve Double Layered Bodycon Dress - Burnt Orange,1,0,1
Vivo Sanali Wide Leg Pants - Dark Mustard / Peach Print,1,0,1
Vivo Safa Pallazo Pants - Olive,1,0,1
Vivo Dalia Sleeveless Gathered Tent Dress - Brown / Black Print,1,0,1
Vivo Reba Dolman Dress  - Tan / Brown Reba Print,1,0,1
Vivo Nimali Satin Wide-Leg Pants - Rubi,1,0,1
Vivo Maisha Top & Pant Set - Peach / Pink Print,1,0,1
Vivo Maisha 3/4 Sleeve Maxi Dress - Olive Green / Chocolate Iza Print,1,0,1
Vivo Nkasi Asymmetrical Top - Burgundy / Orange Kasi Print,0,1,1
Safari Kaya Sleeveless Tent Shirt Dress - Taupe,1,0,1
Vivo Sakari Cap Sleeve Maxi Dress - Mustard / Orange Amari Print,1,0,1
Vivo Chidii Off Shoulder Maxi Dress - Rust / Black  Rema Print,1,0,1
Vivo Basic Destiny Chiffon Top - Black / White Print,1,0,1
Vivo Basic Double Layered Capri Skirt - Mustard,1,0,1
Vivo Maisha Long Sleeve High Low Kimono - Cream / Gold Uwa Print,1,0,1
Vivo Lani Maxi Top - Black / White Print,1,0,1
Vivo Nasinka A-line Maxi Dress - Beige / Black Nama Print,1,0,1
Vivo Maxi Dress - Fs 1,1,0,1
Vivo Lulu Wide Hem Tent Dress In Cotton - Orange,1,0,1
Vivo Ajani V-Neck Top - Black / Yellow Print,1,0,1
Vivo Zuri Cap Sleeve Knee Length Dress - Black,1,0,1
Vivo Trench Coat - Obu,1,0,1
Vivo Basic Leggings - Dark Grey,1,0,1
Vivo Dua Satin Bishop Sleeve Top - White / Grey Print,1,0,1
Safari by Vivo  Naledi Wrap Top - Orange,1,0,1
Vivo Full Length Pants - Fs 1,1,0,1
Vivo Scalloped Kimono in Crepe - Teal / Off White Print,1,0,1
Vivo Basic Nalia High-low Chiffon Top - White Textured,1,0,1
Vivo Tatari Panelled Skirt - Burgundy / Black,1,0,1
Vivo Dua Wide Leg Pants in Ponte - Burgundy,1,0,1
Vivo Satin Drawstring Pants - Capuccino,1,0,1
Vivo Nasinka A-Line Maxi Dress - Grey / Blue Tilla Print,1,0,1
Vivo Amai Knee Length Dresses - Purple / Black,0,1,1
Vivo Ponte Back Pleat High Low Dress - Dark Green,1,0,1
Safari Mali Wrap Lapel Top - Taupe,1,0,1
Zoya Banda Waist Length Zipped Jacket - White,1,0,1
Vivo Basic Sleeveless Midi Jersey Waterfall - Taupe,1,0,1
Vivo Shorts - FS 3,1,0,1
Vivo Ava Front Pleat Maxi Dress - Black / Peach Print,0,1,1
Vivo Analo Side Slit Sleeveless Coat - White,0,1,1
Vivo Chidii Maxi Kaftan - Black / Beige Print,0,1,1
Vivo X This Is Essential One Shoulder Bodysuit - Chocolate,1,0,1
Vivo Basic Hooded Kimono - White / Brown Print,1,0,1
Vivo Kitenge Midi Kimono - Tana Print,1,0,1
Vivo Must Have Shorts - Bukavu,1,0,1
Safari Njano Men's Straight Leg Pants - Jura Print,0,1,1
Vivo Basic Tulip Sweater - Chocolate,1,0,1
Vivo Samira Maxi Kimono - Grey / Black Print,1,0,1
Vivo Kelemi Hooded Kimono - Mustard / Rust Leke Print,1,0,1
Safari Huru Halter Sleeveless High Low Dress - Pink,1,0,1
Vivo Short Kimono - Shama,1,0,1
Vivo Maua Sleeveless Maxi Tent Dress - Black / Beige Print,1,0,1
Vivo Pendo Cap Sleeve Shift Dress - Black,1,0,1
Vivo Dalia Off Shoulder Jumpsuit - Mustard / Navy Abstract Print,1,0,1
Vivo Basic Satin Cap Sleeve Top - White / Orange Tullu Print,1,0,1
Vivo 2 - Orange / Black Zuri Print,1,0,1
Vivo Paji Round Neck Sheath Dress - Black / White Stripes,1,0,1
Vivo Leila Short Waterfall - Fuschia,1,0,1
Vivo Lalani Rib Maxi Waterfall - Burnt Orange,1,0,1
Vivo Yene Asymmetrical Cape Top - Navy,1,0,1
Vivo X This Is Essential Short Unitard - Grey,0,1,1
Vivo Nala Shift Dress - Olive,0,1,1
Vivo Zawadi Shift Dress - Dark Green,1,0,1
Safari by Vivo  Lira Drawstring Knee Length Dress - Black + Bana Print,1,0,1
Vivo Nimali Satin Joggers - Black,1,0,1
Vivo Basic 3/4 Sleeve Leila Bodycon Dress - Hunters Green,1,0,1
Vivo Merika Knee Length Wrap Dress - Royal Blue,1,0,1
Vivo Must Have Shorts - Lira Print Old,1,0,1
Vivo Basic Round Neck Maxi Dress - White / Green Ika Print,0,1,1
Vivo Yene One Shoulder Maxi Dress - White / Burgundy Shibori Print,1,0,1
Vivo Nuru Side Panel Wide Leg Pants - Grey / Navy Uru Print,1,0,1
Vivo Keza Satin Border Maxi Kaftan - Pink / Lime Toco Print,1,0,1
Vivo Dua 3/4 Sleeved V Neck Shirt - Maroon,0,1,1
Vivo Short Kimono - Maroon / Pink Ara Print,1,0,1
Zoya Yuni Strappy Midriff Top - Black,1,0,1
Vivo Ava Front Pleat Maxi Dress - Cypress,1,0,1
Vivo Must Have Shorts in Zena Print,1,0,1
Vivo Ria Waterfall - Rust,1,0,1
Vivo Hadiya Flounce Sleeve Maxi Dress - Olive,1,0,1
Vivo Yene Layered Midi Dress - Black,1,0,1
Safari Tiwa Side Slit Kimono - Black,1,0,1
Vivo Yene One Soulder Kaftan - Royal Blue,1,0,1
Safari by Vivo Zehra Kitenge Pants - Shari Print,1,0,1
Vivo Basic Sleeveless Sienna Waterfall - Tan,1,0,1
Vivo Maisha Drop Shoulder Maxi Dress - Royal Blue/Black Mai Print,1,0,1
Vivo Basic Sleeveless Double Layered Bodycon - Burgundy,1,0,1
Vivo Maisha Long Sleeve High Low Kimono - Mint / Beige Tawi Print,1,0,1
Vivo Tolani Dress - Hunters Green,1,0,1
Safari Mansi Wide Hem Tent Dress - Orange,1,0,1
Zoya Taani Midriff Hoodie - White,1,0,1
Safari Bush 3/4 Sleeve Top - Hunters,1,0,1
Vivo Saida 3/4 Sleeve Top - Cream / Black Sadia Print,1,0,1
Vivo Ria Mock Neck Top - Dark Taupe,1,0,1
Vivo Tande Boat Neck Dress  - Light Navy,1,0,1
Vivo Basic Neo Extra Long Lily Waterfall - Rust,1,0,1
Vivo Side Slit Midi Waterfall - Chocolate Brown,1,0,1
Vivo Wena High Slit Maxi Shirt - Burgundy,1,0,1
Vivo Ayah Bishop Sleeve Mock Neck Top - Rust / Navy Yana Print,1,0,1
Vivo Selah Maxi Dress - Grey,1,0,1
Safari Kaya Long Sleeve Collar Shirt - Black,1,0,1
Vivo Mistari 3/4 Sleeve V - Neck Collared Tunic Top - Neck Collared Tunic Top - Light Olive Checkered,1,0,1
Vivo Sakari Drop Shoulder Jumpsuit in Crepe - White / Navy Print,0,1,1
Vivo Sleeveless Blazer - Manda,1,0,1
Vivo Tahisa Straight Leg Pants - Dark Olive,1,0,1
Zoya Nia Wide Cargo Wide Leg Pants - Lilac,1,0,1
Vivo Serwa Tent Dress - Navy / White Print,1,0,1
Vivo Seli Wide Top - Lime / Green Raha Print,1,0,1
Vivo Short Kimono - Green / Black Adia Print,1,0,1
Vivo Serwa Wide Leg Jumpsuit - Pink /  Rust Sera Print,0,1,1
Vivo Sia  Leisure Pants - Coral,1,0,1
Safari by Vivo Zene High Low Shirt Dress - White,1,0,1
Zoya Sitawi Cropped Jacket - Green / Black Abstract Print,1,0,1
Vivo Seli V-Neck Knee Length Dress - Light Blue,1,0,1
Vivo Zuri Cap Sleeve Knee Length Dress - Hunters / White Berek Print,1,0,1
Safari by Vivo  Tara Bishop Sleeve Dress -Navy / Red Maya Print,1,0,1
Shiv & Shikie X Safari V-Neck Long Sleeve T-shirt - Dark Tan,1,0,1
Vivo Nimali Satin Shorts - Dark Green,1,0,1
Vivo Wide Leg Chiffon Pants - White,1,0,1
Vivo Hamle Drapped Front Bodycon - White,1,0,1
Vivo Nasinka Maxi Shirt Dress - Mustard / Green Sinka Print,1,0,1
Vivo Yene Front Tie Top - Mint Green,1,0,1
Vivo Hadiya Maxi Dress - Light Blue / Black Luwe Print,1,0,1
Vivo Basic Sienna Jersey Top - Black,1,0,1
Vivo Ayla Maxi Kimono - Lilac / Black Hawa Print,0,1,1
Vivo Serwa Tiered Maxi Skirt - Blue / Black Wera Print,0,1,1
Vivo Mira V-Neck Overlap Top - Peach / Brown Fan Print,1,0,1
Vivo Maxi Dress - Rfs 4,1,0,1
Vivo Sawari Crossed Cuff Batwing Top - Dark Teal,1,0,1
Vivo Basic Cap Sleeve Chiffon Maxi Dress - Green  / Black Nitai Print,1,0,1
Vivo Basic Crepe Pants - Navy Blue,1,0,1
Safari Tawi Bishop Sleeve Tiered Dress - Navy,1,0,1
Vivo Tande Camisole - White,1,0,1
Zoya Taani Sleeveless Midriff Top - Black,1,0,1
Vivo Mistari 3/4 Sleeve V - Neck Collared Tunic Top - Neck Collared Tunic Top - White Textured,1,0,1
Vivo Izzy Satin Bishop Sleeve Top - Mint,1,0,1
Vivo Basic Long Sleeve Tent Shirt Dress - Cream / Orange Print,1,0,1
Vivo X This Is Essential Sleeveless Boat Neck Bodysuit - Rust,1,0,1
Vivo Kemi Dolman Top - Black,1,0,1
Vivo Hanabi Satin High Low Top - Fuschia / Navy Kari Print,1,0,1
Zoya Aridi Unisex Shacket (Flannel) - Red/Black,1,0,1
Safari Men's Cargo Shorts - Dark Grey,1,0,1
Vivo Basic Sleeveless Extra Long Lily Waterfall - Black Old,1,0,1
Vivo Nuru Side Panel Wide Leg Pants - Lime / Black Uru Print,1,0,1
Vivo Jersey Halter Neck Tank Top - Black,1,0,1
Zoya Basic Jersey Bandeau  - Buttermilk,1,0,1
Vivo Kitenge Wide Leg Pants - Neba Print Old,1,0,1
Zoya Basic Jersey Bandeau - Light Blue,1,0,1
Vivo Dua Long Bishop Sleeve Top - Black Zoom,1,0,1
Safari Tiwa Reversible Tie Kimono - Hunters + Lulu Print,1,0,1
Vivo Essentials Drop Shoulder Top - Yellow,1,0,1
Vivo Safa Drop Shoulder Top - White,1,0,1
Vivo Dalia Off Shoulder Jumpsuit - Black / Tan Alia Print,1,0,1
Safari by Vivo Zehra Embroidered Linen Kimono - Beige,1,0,1
Vivo Chidii Tunic Dress With Frills - Dark Green,0,1,1
Vivo Pelia Kimono - Black / White Meni Print,1,0,1
Vivo Nkasi Wide Leg Pants - Burgundy / Orange Kasi Print,1,0,1
Vivo Ayana Wide High Low Top - Mustard / Purple,1,0,1
Vivo Shorts - RFS 5,1,0,1
Vivo Sakari Circular Loose Top - Black / Cream Print,1,0,1
Vivo Jamila Halter Neck Knee Length Dress - Cream / Black Geometric Print,1,0,1
Vivo Basic Boundneck Puff Sleeve Top - Lime Green,1,0,1
Safari Mali 3/4 Bishop Sleeve Tie Top - Orange,1,0,1
Vivo X This Is Essential Midi Dress - Black,1,0,1
Zoya Basic Long Sleeve Bodycon - Taupe,1,0,1
Vivo Basic Satin Scarf - White,1,0,1
Vivo Iyana Bubble Sleeveless Top - Dark Green,1,0,1
Vivo Sakari Circular Loose Top in Chiffon - Black / Rust Textured Print,0,1,1
Vivo Nuru Side Panel Wide Leg Pants - Black,1,0,1
Vivo Wastani Shirred Sleeve Easy Fit Shirt - Teal,1,0,1
Vivo Tana Off Shoulder Maxi Dress - White / Green Dana Print,1,0,1
Vivo Keza V-Neck Maxi Kaftan - Grey / Brown Print,1,0,1
Safari by Vivo Lira Panelled Camisole Top - Black,1,0,1
Vivo Aleri Coat - Black,1,0,1
Vivo Ayla Maxi Kimono - Black / Cream Wari Print,1,0,1
Vivo Kaisa Strappy Maxi Dress - Black,1,0,1
Vivo Meli Sleeveless Coat - Navy,0,1,1
Vivo Hadiya Wrap Dress - White / Black Tal Print,1,0,1
Safari by Vivo Savannah Drawstring Shacket in Linen - Rust,1,0,1
Vivo Ava Shirt Collar Tunic Top - Off White,1,0,1
Vivo Saida Cigarrets Pants - Navy,0,1,1
Vivo Sanali Off - Shoulder Top - Shoulder Top - Dark Teal,1,0,1
Vivo Kemi Side Cowl Maxi Dress - White / Lime Emi Print,1,0,1
Safari Kikoy Shirred Top Maxi Dress - Red,1,0,1
Vivo Hanabi Tent Maxi Dress - Rose Pink / Fuschia Lia Print,1,0,1
Vivo Everyday Cap Sleeve Top - Hunters Green,1,0,1
Vivo X This Is Essential  Sleeveless High Neck Bodysuit - White,1,0,1
Vivo Tatili Bishop Long Sleeve Top in Satin - Off White,1,0,1
Vivo Basic Tulip Sweater - Dark Navy,1,0,1
Vivo Samira Pants - Black / Off-White Print,1,0,1
Zoya Yuni Oversized Shirt - Brown,1,0,1
Zoya Basic Val Tank Top - Yellow,1,0,1
Vivo Sakari Drop Shoulder Jumpsuit - Green / Navy Deka Print,1,0,1
Vivo Basic Waridi Pencil Skirt - Dark Grey,1,0,1
Vivo Basic Cap Sleeve Tent Knee Length Dress - Cobalt / Orange Capi Print,1,0,1
Vivo Lero Wide Leg Pants - Pink,1,0,1
Yumi Cap Sleeve Dress - Olive,1,0,1
Vivo Side Slit Midi Waterfall - Black,1,0,1
Vivo Kitenge Wide Leg Pants - Navy / Peach Johari Print,1,0,1
Safari by Vivo Zehra Kitenge Short Kimono - Ndiwa Print,1,0,1
Vivo Cuffed Wide Sweater - Tangerine / Coffee Brown,1,0,1
Vivo Reversible Poncho without Fringes - Black / Off-White Miwa Print,1,0,1
Vivo Essentials Drop Shoulder Top - Blue,0,1,1
Vivo Basic RT Sleeveless Bodysuit - Dark Grey,1,0,1
Vivo Tatili Long Sleeve Bishop Top - Lilac / Pink Kari Print,1,0,1
Vivo Basic Salma Maxi Boat Neck Dress - Mustard,1,0,1
Vivo Basic Cowl Hoodie - Burgundy,1,0,1
Vivo Basic Dolman Sweater - Mustard,1,0,1
Vivo Alek High Slit Kimono - Cream / Brown Print,1,0,1
Vivo Maisha 3/4 Sleeve Maxi Dress - Blueberry / White Print,0,1,1
Vivo Basic Crepe Pants - Brown / Olive Print,1,0,1
Vivo Zahari Straight Leg Pants - Off White,1,0,1
Vivo Merika Satin Wrap Top - Yellow / Lilac Iya Print,1,0,1
Vivo Essentials Full Length Leggings - Black,1,0,1
Shiv & Shikie X Safari Boxy T Shirt - Purple,1,0,1
Vivo Kani Cap Sleeve Maxi Dress - Pink / Navy Sari Print,1,0,1
Vivo Jasiri Bishop Sleeve Shift Dress - Cream / Red Tiwi Print,1,0,1
Vivo Zena Bishop Panel Long Sleeve Round Neck Dress - Buttermilk,1,0,1
Zoya Kyro Pleated Mini Skirt - Taupe,1,0,1
Vivo Knee Length Kaftan in Satin - White / Light Blue Print,0,1,1
Safari by Vivo Zehra Embroidered Linen Kimono - Sea Green,1,0,1
Vivo Basic Kena Tent Knee Length Dress - Navy Blue,1,0,1
Vivo Basic Cap Sleeve Tent Knee Length Dress - Peach / Maroon Print,1,0,1
Vivo Basic Strappy Cullote Jumpsuit - Blue / White Floral Print,1,0,1
Vivo Maisha Strappy Culotte Jumpsuit - Grey / Pink Print,1,0,1
Safari Njano Tie Front Wide Top - Mustard,1,0,1
Vivo Niari straight leg Pants - Black,1,0,1
Vivo Leila Hip Length Waterfall - Teal,1,0,1
Vivo Samira Cape Dress - Black / White Print,1,0,1
Vivo Alora Round Neck Top - Light Taupe,1,0,1
Zoya Luna High Slit Dress - Black,1,0,1
Zoya Nia Off Shoulder Puff Sleeve Top - Light Grey,1,0,1
Safari Zene Cargo Joggers - Lime,1,0,1
Safari Tafari Wrap Skirt - Cheli Print,1,0,1
Vivo 2-Way Wrap Top - Lira Print,0,1,1
Vivo Lani Head Wrap - Green / Black Spiral Print,1,0,1
Vivo Basic Cap Sleeved Leila Dress - Teal,1,0,1
Vivo Takali Jumpsuit - Black,1,0,1
Safari by Vivo Zehra Kitenge Short Kimono - Shari Print,1,0,1
Vivo Must Have Shorts - Tusi Print,1,0,1
Vivo Hanabi Satin High Low Top - Green / Beige Shima Print,1,0,1
Vivo Chidii Wide Leg Pants - Chocolate Brown,1,0,1
Zoya Basic Sleeveless Bodysuit - Dark Green,1,0,1
Vivo Yumi Maxi Shirt Dress - Dark Mustard (cotton),1,0,1
Vivo Basic Double Layered Long Sleeved Bodysuit - Chocolate Brown,1,0,1
Vivo Fasi Strapless Top - Navy Blue,1,0,1
Vivo Basic Crepe Pants - Navy / Orange Liwa Print,1,0,1
Vivo Knee Length Kaftan in Satin - Brown / Black Print,1,0,1
Vivo Zuri Cap Sleeve Knee Length Dress - Pink / Navy Blue Print,1,0,1
Zoya Vasha Midriff Jacket - White / Neon Pink,1,0,1
Vivo Val Strappy Bodycon Dress - Mustard,1,0,1
Vivo Serwa Square Neck Maxi Dress - Coral / Black Sera Print,0,1,1
Vivo Yumi Off Shoulder Jumpsuit - Rust / Black Nisa Print,1,0,1
Vivo Chela Scalloped Sleeveless Top - Buttermilk,1,0,1
Vivo Basic Cap Sleeved Leila Dress - Taupe,1,0,1
Vivo Serwa Tent Dress- Hunters,1,0,1
Vivo Isabi Midi Skirt - Navy Blue,1,0,1
Vivo Kaisa Mock Neck Sleeveless Top - Black,1,0,1
Vivo Bissa Reversible Maxi Dress - Rust / Brown Print,1,0,1
Vivo Tande Front Drape Dress - Lime Green,1,0,1
Vivo Talia Front Slit Maxi Top - White / Dark Olive Alia Print,0,1,1
Vivo Essi Scalloped Top - White / Olive Print,1,0,1
Vivo Imara 3/4 Sleeve Tent Dress - Black,1,0,1
Vivo Sakari Circular Loose Top in Chiffon - Teal / Rust Textured Print,1,0,1
Vivo 2 - Peach / Blue Tana Print,1,0,1
Vivo Yumi Maxi Shirt Dress - Green,1,0,1
Vivo Arusha Dolman Top - Yellow,0,1,1
Vivo Basic 3/4 Sleeve A-Line Wrap Maxi Dress - Hunters Green,1,0,1
Vivo Essi Front Slit Maxi Top - White / Rust Print,1,0,1
Vivo Strappy Sun Dress - Bahari,1,0,1
Zoya Yuni Halter Mini Dress - Black,1,0,1
Vivo Amai Maxi Kaftan In Textured Satin - Taupe / Black Print,1,0,1
Vivo Dua Jacket - Black,1,0,1
Vivo Hanabi Sarong Wrap - Black,1,0,1
Vivo Cuffed Wrap Poncho - Offwhite,1,0,1
Vivo Tsavo Sleeveless Scalloped Hem Dress Top - Navy,1,0,1
Safari by Vivo Mansi Dolman Top - Taupe,0,1,1
Vivo Saida Cigarrets Pants - Beige,1,0,1
Safari Zene Drop Shoulder Above Knee Dress - Light Orange,1,0,1
Zoya Basic Short Sleeve Crop Top - White,1,0,1
Vivo Maisha 3/4 Sleeve Maxi Dress - Teal Mural Print,1,0,1
Vivo Basic Leisure Pants - Hunters Green,1,0,1
Safari Kikoy Wrap Dress - Frost,1,0,1
Vivo Maisha 3/4 Sleeve Maxi Dress - Orange Floral Print,0,1,1
Vivo Full Length Pants - Sample 1,1,0,1
Vivo Basic Cap Sleeved Bodysuit - Light Grey,1,0,1
Zoya Aridi Cropped Jacket - Navy / Blue,1,0,1
Vivo Ari Sweater - Dark Grey,1,0,1
Vivo Hanabi Satin High Low Top - Olive,1,0,1
Vivo Dalia Sleeveless Gathered Tent Dress - Black,1,0,1
Vivo Tana Puff Sleeve Bodysuit - Yellow,1,0,1
Vivo Nimali Satin Blouse - Rust,1,0,1
Vivo Basic Round Neck Maxi Dress - Black,1,0,1
Vivo Sarabi Strappy Flounce Maxi Dress - Orange / Cobalt Print,1,0,1
Vivo Ajani V-Neck Top - White / Black Polka Dot,1,0,1
Vivo Upe Wide Leg Pants in Ponte - Taupe,1,0,1
Vivo Tsavo Scalloped Hem Dress Top - Black,1,0,1
Vivo Zawadi Shift Dress - Cream / Hunters Print,1,0,1
Vivo Ria Pants & Waterfall Set - Rust,1,0,1
Vivo Basic May Sweater - Black,1,0,1
Vivo Safa Drop Shoulder Top - Olive,1,0,1
Vivo Yumi Maxi Shirt Dress - Olive,1,0,1
Vivo Rema Straight Leg Pants - Buttermilk,1,0,1
Vivo Chesi Kimono - Rust / Black Hesi Print,1,0,1
Vivo Basic Sleeveless Leila Bodycon Dress - Hunters Green,1,0,1
Vivo Isabi Cowl Top - Yellow / Chocolate Tiki Print,1,0,1
Vivo Niari straight leg Pants - Navy,1,0,1
Vivo Basic Cap Sleeve Tent Knee Length Dress - White / Light Pink Nisa Print,1,0,1
Vivo Dalia Sleeveless Gathered Tent Dress - Orange,1,0,1
Vivo Sakari Cap Sleeve Maxi Dress - Mustard / Rust Amari Print,1,0,1
Nimali Ruffle Sleeve Short Dress - Black / Red Ankara Print,1,0,1
Safari by Vivo Zehra Kitenge Shorts - Vovi Print,1,0,1
Vivo Maisha Wide High Low Top - Peach / Pink Print,1,0,1
Vivo Wastani 3/4 Shirred Sleeve Wide Tunic - Lilac / Purple Zia Print,1,0,1
Vivo Amai Side Slit Pants - Navy,1,0,1
Vivo Nimali Satin Halter Top - Black,1,0,1
Vivo Merika Midi Wrap Dress - Light Plum,1,0,1
Vivo Izzy Satin Bishop Sleeve Top - Hot Pink,1,0,1
Vivo Jira Lounge Pants - Tan,1,0,1
Vivo Lalea Tulip Hem Pants - Grey/Black Abstract Print,1,0,1
Vivo Ria Panelled Pants - Black,1,0,1
Vivo Hanabi Wrap Maxi Dress - Red,1,0,1
Vivo Analo Wide Leg Pants - Orange,1,0,1
Vivo Ava Tapered Pants - Black,1,0,1
Vivo Bana Batwing Top - Maroon,1,0,1
Vivo Basic Nalia Satin High Low Top - Lime,1,0,1
Vivo Ava Jumpsuit - Olive,0,1,1
Vivo Knee Length Kaftan in Satin - Purple / Pink Print,1,0,1
Vivo Nimali Satin Shorts - Rust,1,0,1
Safari Kikoy Wrap Dress - Parrot,1,0,1
Zoya Yuni Contrast Stitch Mini Skirt - Grey,1,0,1
Safari Chui 3/4 Sleeve A-Line Dress - White,1,0,1
Zoya Temo Cropped Jacket - Green Camo,1,0,1
Vivo Merika Satin Wrap Top - Black,1,0,1
Vivo Tsavo Sleeveless Scalloped Hem Dress Top - Blush Pink,1,0,1
Vivo Reversible Poncho without Fringes - Chocolate Brown / Orange Ukwi Print,1,0,1
Zoya X Metamorphisized X Metamorphisized 143 Oversized Long Sleeve Shirt - Black / White,1,0,1
Vivo Basic Cap Sleeve Maxi Tent Dress - Dark Red,1,0,1
Vivo Nimali Satin Halter Top - Lilac,1,0,1
Vivo Merika Satin Wrap Top - Sea Green,1,0,1
Vivo Meli Satin Pants - Navy,1,0,1
Vivo Maisha 3/4 Sleeve Maxi Dress - Purple / Navy Iza Print,1,0,1
Vivo Basic Crepe Cap Sleeved Top - White,1,0,1
Vivo Leila Cap Sleeve Tent Knee Length Dress - Mustard,1,0,1
Zoya Banda Strappy Playsuit - Grey,1,0,1
Vivo Kala Palazzo Pants - Taupe / Orange Bemba Print,1,0,1
Zoya Yuni Halter Neck Tie Back Top - Black,1,0,1
Vivo Ria Waterfall - Pink,1,0,1
Vivo Basic Sleeveless Extra Long Lily Waterfall - Forest Green,0,1,1
Vivo Samira Pants - Beige / White Print,1,0,1
Vivo Yumi Long Sleeve Shirt Dress - Black / Taupe Print,1,0,1
Vivo Basic Sleeveless Extra Long Lily Waterfall - Tan,1,0,1
Vivo Basic Destiny Chiffon Top - Light Blue,1,0,1
Zoya Sadira Bell Bottom Unitard - Navy Blue,1,0,1
Vivo Maisha Drop Shoulder Maxi Dress - Chocolate / Rust Pasi Print,1,0,1
Zoya Vasha Midriff Jacket - Black / Neon Green,1,0,1
Safari Lira Drawstring Knee Length Dress - Black + Bana Print,0,1,1
Vivo Chari Basic Chiffon Bishop Sleeve Top (Double Layered) - Tan,1,0,1
Vivo Basic Satin Cap Sleeve Top - White / Mustard Tullu Print,1,0,1
Vivo Rema 3/4 Sleeve Side Slit Tunic Top - Black,1,0,1
Vivo Maua Sleeveless Tent Knee Length Dress - Maroon,0,1,1
Vivo Basic Bodycon - Grey,1,0,1
Vivo Yoga Wrap - Taupe,0,1,1
Vivo Sanali Wide Leg Pants - Taupe / Blue Lemi Print,0,1,1
Vivo Cuffed Wrap Poncho - Light Taupe,1,0,1
Safari by Vivo Njano Front Tie Dress - Tana Print,1,0,1
Vivo Amara Back Pleat Dress - Orange / White Ukwi Print,1,0,1
Vivo Basic Satin Cap Sleeve Top - Dark Green / Hunters Print,1,0,1
Vivo Basic Nandi High Slit Kimono - Taupe,1,0,1
Vivo Chidii Tunic Dress With Frills - Black / Taupe Print,1,0,1
Vivo Selah Palazzo Pants in Stretch Rib - Dark Red,1,0,1
Vivo Basic Bodycon Dress - Mulberry,1,0,1
Zoya Nia Wide Leg Shorts - Navy Blue,1,0,1
Vivo Isabi Loose Top - Dark Orange,1,0,1
Vivo Yumi Long Sleeve Tent Shirt Dress - Black,1,0,1
Zoya X Metamorphisized 143 Oversized Long Sleeve Shirt - Black / White,1,0,1
Zoya Fitness Shorts - Black / Green Print,1,0,1
Safari Tiwa Waist Drawstring Coat - Rust,0,1,1
Vivo Yene Layered Top - Dark Teal,1,0,1
Zoya Basic Full Length Leggings - Hunters,1,0,1
Vivo Yumi Off Shoulder Jumpsuit - Light Blue / Navy Nisa Print,1,0,1
Vivo Tahisa Loose Top -  Light Olive,1,0,1
Vivo Basic Faux Pocket Leisure Pants - Dark Green,1,0,1
Vivo Nora Round Neck Sleeveless Top - Rust,1,0,1
Vivo Chidii Wide Leg Pants - White / Mint Tulu Print,1,0,1
Vivo Waterfalls & Kimonos - RFS 7,1,0,1
Zoya Nia Crop Bomber Jacket - Black,0,1,1
Zoya Basic Bodycon - Navy Blue,1,0,1
Vivo Sanali Tent Knee Length Dress - Navy,0,1,1
Safari Men's Drawstring Shorts - Light Green,1,0,1
Vivo Lani Maxi Dress - Dusty Pink / Off White Print,1,0,1
Vivo Nkasi Bubble Sleeve Knee Length Dress - White / Teal Shibori Print,1,0,1
Vivo Sanyu Bubble Sleeve Tent Dress - Pink,0,1,1
Vivo Basic Leila Maxi Waterfall - Tan,1,0,1
Vivo Flirty Crop Jacket - Hawi,1,0,1
Zoya Temo Men's Detachable Wide Leg Pants - Black,1,0,1
Vivo Ayla Bubble Sleeve Maxi Dress - Brown,1,0,1
Vivo Dua 3/4 Sleeved V Neck Shirt - Dak Navy,1,0,1
Zoya Nia Wide Cargo Wide Leg Pants - Beige,1,0,1
Vivo Ayo Tent Dress - Mint Green / Off-White Abstract Print,0,1,1
Vivo Basic Drop Shoulder Top - Dark Green,1,0,1
Taani Easy Fit Joggers -Navy,1,0,1
Vivo Jema High Low Tent Dress - Orange / Black Niger Print,1,0,1
Vivo Long Sleeve Maxi Waterfall - White,1,0,1
Vivo Waterfalls & Kimonos - FS 5,1,0,1
Vivo Lulu Cotton Tent Mini Dress - Pink,1,0,1
Vivo Kani Wide Leg Pants - Dark Mustard Dashen Print,1,0,1
Vivo Nimali Side Flounce Top - Black,1,0,1
Vivo Jumpsuit - Fs 6,1,0,1
Vivo Zahari 3/4 Sleeve Off-Shoulder Jumpsuit - Royal Blue Ari Print,1,0,1
Vivo Basic Nandi A-Line Kimono - Black / White Off-white Ane Print,1,0,1
Vivo Lalani Rib Maxi Waterfall - Rust,1,0,1
Vivo Kelemi 4.0 Halter Maxi Dress - Mustard,1,0,1
Vivo Fitted Tops - Rfs 6,1,0,1
Vivo Basic Cap Sleeve Knee Length Tent Dress - Peach / Maroon Print,1,0,1
Vivo Yumi Off Shoulder Jumpsuit - Mulberry,1,0,1
Vivo Samira Pants - Cream / Black Print,1,0,1
Vivo Sierra Long Sleeve Top (Double Layered) - Dark Mustard,1,0,1
Vivo Basic Open Kaftan - Peach / Maroon,1,0,1
Safari Men's Bomber Jacket - Light Grey,1,0,1
Vivo Dalia Cap Sleeve Gathered Tent Dress - White / Light Blue Nasi Print,0,1,1
Vivo Takali Frilled Midi Dress - Rust / Black Ela Print,1,0,1
Zoya Yuni Halter Neck Tie Back Top - Navy Blue,1,0,1
Zoya Sitawi A-line Mini Skirt - Green / Black Abstract Print,1,0,1
Safari Tawi Off-Shoulder Dress - Green,1,0,1
Vivo Basic Julia Back Pleat Knee Length Dress - Navy Blue,1,0,1
Vivo Wide Top in Satin - Mustard / Dark Green  Rozi Print,1,0,1
Vivo Nimali Satin Flounce Kimono - Purple,1,0,1
Vivo Ari Short Sleeve Top -Mustard,1,0,1
Vivo Basic Crepe Pants With Lining - Green / White Print,1,0,1
Zoya Basic Tank Top - White,0,1,1
Shiv & Shikie X Safari Boxy T Shirt - White,1,0,1
Vivo Basic Leggings - Red,1,0,1
Vivo Tande Boat Neck Dress  - Burgundy,1,0,1
Vivo Yene Front Tie Tunic Top - Taupe / Green Lora Print,1,0,1
Safari by Vivo Tawi Flounce Tent Dress - Lime Green,1,0,1
Vivo Asha Drop Shoulder Knee Length Dress - Tan / Black Print,1,0,1
Vivo Lani Maxi Top - Black / Taupe Print,1,0,1
Safari Kamari Mini Skirt - Sand,1,0,1
Zoya X Metamorphisized 143 Pleated Flannel Mini Skirt - Hunters Plaid,1,0,1
Safari Long Sleeve Waterfall - Dark Taupe,1,0,1
Safari Sizani 2 Way Wrap Top - Sipo,1,0,1
Vivo Yene Layered Midi Dress - White,1,0,1
Vivo Pesi Basic Long Sleeve Shirt - White Stripes,1,0,1
Vivo Alek High Slit Kimono - Light Blue / Turquoise Print,0,1,1
Zoya Essentials Mini Bodycon - Black / Purple Geometric Print,1,0,1
Safari Mali Turn Up Hem Pants - Navy Blue,1,0,1
Zoya Shani Kimono - Navy,1,0,1
Vivo Amai Maxi Kaftan In Textured Satin - Light Gold / Black Print,1,0,1
Vivo Tatili Wide Leg Pants - Dark Mustard,0,1,1
Zoya Basic Jersey Bandeau - Lime Green,1,0,1
Safari Nimali Ruffle Sleeve Top - Jura Print,1,0,1
Vivo Halter Maxi With Lining - Purple / Red Print,1,0,1
Vivo Yene Front Tie Tunic Top - Taupe / Cream Tunu Print,1,0,1
Vivo Chari Shift Dress - White / Black Riah Print,1,0,1
Safari Kitenge 3/4 sleeve Maxi Dress - Sipo Print,1,0,1
Wila Cowl Poncho - Rust,1,0,1
Vivo Essentials Strappy Maxi Dress - Black,0,1,1
Vivo Basic Double Layered Wrap Poncho (Without Fringe) - Pink / Black,0,1,1
Safari Tafari Wrap Skirt - Mpiji Print,1,0,1
Vivo Kitenge Multi Purpose Wrap - Black / Pink Ankara Print,1,0,1
Vivo Aleri Front Slit Sheath Dress - Chocolate,0,1,1
Vivo Asha Sleeveless Maxi Dress - Mint / Olive Eta Print,1,0,1
Vivo Bodysuits T- Shirts & Tank Tops - Rfs 5,1,0,1
Vivo Basic Satin Cap Sleeve Top - Yellow / Black Hini Print,1,0,1
Vivo Basic Short Lily Waterfall - White,1,0,1
Vivo Ari Sweater - Cream / Brown Print,1,0,1
Vivo Yumi Maxi Shirt Dress - Mustard,1,0,1
Vivo Soleil Sleeveless Drape Jumpsuit - Mulberry / Dusty Pink Almasi Print,1,0,1
Vivo Kitenge Multi Purpose Wrap - Navy Blue / Peach Ankara Print,1,0,1
Vivo Golf Sleeveless Zip-up Jacket - Black,1,0,1
Zoya Luna Drape Tie Top - Khaki,1,0,1
Vivo Analo Dress Coat - Black,1,0,1
Vivo Waterfalls & Kimonos - Rfs 5,1,0,1
Vivo Kemi Side Cowl Maxi Dress - Dark Orange / Green Emi Print,1,0,1
Vivo Chidii Tunic Dress With Frills - Grey / White Print,1,0,1
Zoya Sitawi A-line Mini Dress - Pink / Nude Abstract Print,1,0,1
Key Hole Halter with Seamed Body - Black,1,0,1
Vivo Ponte Back Pleat High Low Dress - Dark Orange,1,0,1
Zoya Yuni Wide Leg Pants - Camo Brown,1,0,1
Zoya Vasha Track Pants - Khaki,1,0,1
Vivo Basic Double Layered Capri Skirt - Hunters Green,1,0,1
Vivo Basic Lined Capri Skirt - Rust,1,0,1
Vivo Dua Satin Bishop Sleeve Top - Cream / Light Green Print,1,0,1
Vivo Basic Crepe Scarf - Black / Green Floral Print,1,0,1
Vivo Basic Hooded Kimono - Black / Yellow Print,1,0,1
Vivo Ria A-Line Dress - Red,1,0,1
Vivo Merika Satin Wrap Top - Maroon,1,0,1
Vivo Basic Cap Sleeve Tent Knee Length Dress - Navy / White Print,1,0,1
Vivo Maisha Top & Pant Set-Burgundy / Lime Print,1,0,1
Vivo Hadiya Wrap Dress - Hunters / White Print,1,0,1
Vivo Sanali Off - Shoulder Maxi Dress - Shoulder Maxi Dress - Mustard / Black Lifi Print,0,1,1
Vivo Tatili Wide Leg Pants in Heavy Crepe - Black,1,0,1
Safari by Vivo Zehra 3/4 Sleeve Kitenge Maxi Dress - Elia Print,1,0,1
Vivo Kala Palazzo Pants - White / Orange Ukwi Print,1,0,1
Vivo Pesi Drop Shoulder Tunic - Chocolate / White Una Print,1,0,1
Vivo Ava 3/4 Sleeve Kimono - Dark Green,1,0,1
Shiv & Shikie X Safari Short Sleeve Shirt - White,1,0,1
Vivo Basic Cap Sleeve Chiffon Maxi Dress - Orange / Black Nitai Print,1,0,1
Vivo Chela Wide Leg Pants - Maroon,1,0,1
Vivo Pana Short Waterfall - Ivory,1,0,1
Vivo Dua 3/4 Sleeved V Neck Shirt - Hunters / Lime Ebu Print,1,0,1
Vivo Alani High Low Dress - White Stripes Print,1,0,1
Vivo Sleeveless Sweater Bodycon - Mustard,1,0,1
Vivo Lamu Knee Length Cold Shoulder Dress - Mustard,1,0,1
Vivo Kani Wide Leg Pants - Dark Purple,1,0,1
Vivo Basic Double Layered Wrap Poncho (Without Fringe) - Coral / Grey,0,1,1
Vivo Sarabi Strappy Low Back Maxi Dress - Teal / Hot Pink Kira Print,1,0,1
Vivo Basic 3/4 Sleeve Leila Bodycon Dress - Dark Green,1,0,1
Safari Zene Drop Shoulder Above Knee Dress - Taupe,1,0,1
Vivo Ayah 3/4 Sleeve Jumpsuit - Dark Red,1,0,1
Vivo Tahisa Straight Leg Pants -Midnight Blue,1,0,1
Vivo Reversible Poncho without Fringes - Burgundy / Taupe Miwa Print,1,0,1
Vivo Basic Straight Maxi Dress - Navy Blue,0,1,1
Safari by Vivo Zehra 3/4 Sleeve Kitenge Maxi Dress - Fiora Print,1,0,1
Vivo Basic Sleeveless Long Lily Waterfall - Orange,1,0,1
Vivo Chela Scalloped Sleeveless Top - Light Taupe,1,0,1
Vivo Basic Pencil Skirt - Dark Green,0,1,1
Zoya Basic Racer Back Crop Top - Navy Blue,1,0,1
Vivo Hijab - Print,1,0,1
Vivo Zawadi Inverted Pleat Dress - White,1,0,1
Vivo Basic 3/4 Sleeve Double Layered Bodycon Dress - Yellow,1,0,1
Vivo Safa Slit Side Top - Black,1,0,1
Safari Tafari Wrap Skirt - Suma Print,1,0,1
Vivo Tatili Wide Leg Pants - Burnt Orange,1,0,1
Vivo Pesi Notch Collar Tent Dress - Taupe / White Print,1,0,1
Vivo Dalia Sleeveless Gathered Tent Dress - Dark Navy,1,0,1
Vivo Wila Jumpsuit - Rust,1,0,1
Vivo Vinna 3/4 Seeve A-Line Dress - Navy / White,1,0,1
Safari Anga Puffy Short Sleeve Tie Top - Navy Blue / Orange Ankara Print,1,0,1
Vivo Asha High Low Top - Black,1,0,1
Vivo Leila Short Sleeve Bodycon - Black,1,0,1
Vivo Basic Val Long Sleeve Top - Taupe,1,0,1
Safari Mara Wide Bishop Sleeve Top - Yellow,1,0,1
Vivo Ayah Shirred Neck Tent Maxi Dress - Mustard,1,0,1
Cowl Lined Midi Halter Dress - Fandango Pink,1,0,1
Vivo Kala Maxi Dress - White / Orange Ukwi Print,1,0,1
Vivo Sleeveless Blazer - Asmara Print,1,0,1
Safari Nazari Bubble Midi Dress - Chocolate,1,0,1
Vivo Tatili Wide Leg Pants - Light Olive,1,0,1
Vivo Rema Waterfall - Light Taupe,1,0,1
Vivo Tanda Handkerchief Drape Top - Rust,0,1,1
Vivo Hanabi Satin High Low Top - Off White / Grey Print,1,0,1
Vivo Maisha 3/4 Sleeve High Low Top - Hunters / Beige Print,1,0,1
Vivo Basic May Jersey Waterfall - White,1,0,1
Vivo Ava 3/4 Sleeve Kimono - Navy,1,0,1
Vivo Niari Sleeveless Top In Chiffon - Black,0,1,1
Safari Kaya Long Sleeve Shirt Dress - Peach,1,0,1
Vivo Tana Off Shoulder Maxi Dress - Multicolour Grey Print,1,0,1
Vivo Safa Pallazo Pants - Mustard,0,1,1
Vivo Paji Boat Neck Sheath Dress - Navy Dotted,0,1,1
Vivo Nimali Satin Flounce Kimono - Navy Blue,1,0,1
Vivo Rema Drawstring Pants - Black,1,0,1
Vivo Reba Hi Low Dress - Navy / White Print,1,0,1
Vivo Zawadi Inverted Pleat Dress - Navy,1,0,1
Vivo Basic Palazzo Pants  - Black,1,0,1
Soko Kiota Maxi Hoop Earrings - Gold,1,0,1
Vivo Basic Long Sleeved Bishop Top - Maroon,1,0,1
Vivo Mira Reversible Wrap Top - Lime,1,0,1
Vivo Basic Julia 3/4 Sleeve Back Pleat Maxi Dress - Mustard,0,1,1
Lace-Up Back Spaghetti-Strap Dress - Winsome Orchid,1,0,1
Vivo Nkasi Bubble Sleeve Knee Length Dress - White / Burgundy Shibori Print,1,0,1
Vivo Seli V-Neck Length Dress - Black,1,0,1
Vivo Basic Pencil Skirt - Taupe,1,0,1
Vivo Nuru Strappy Maxi Dress - Rust / Black Uru Print,0,1,1
Vivo Lamu Satin Top - Purple,1,0,1
Vivo Serwa Flounce Dress - White,1,0,1
Vivo X Pinky Long Sleeve Fitness Top - White / Pink Abstract Print,1,0,1
Vivo Malindi Tunic Dress With Frills - Green,1,0,1
Vivo Maisha 3/4 Sleeve High Low Top - Red / Black Print,1,0,1
Shiv & Shikie X Safari Faux Collar Printed Shirt - Taupe/Black Ezi Print,1,0,1
Vivo Selah Double Layered Coat - Rust,1,0,1
Vivo Ayla Maxi Kimono - Olive / Dark Green Dola Print,1,0,1
Zoya Nia  Puff Sleeve Off Shoulder Romper - White,1,0,1
Vivo X This Is Essential Long Sleeve Bodysuit - White,1,0,1
Zoya Shani Scarf Top - Purple,1,0,1
Safari Tara Crop Shacket - Black / Yellow Fali Print,1,0,1
Vivo Dua 3/4 Sleeved V Neck Shirt - Hot Pink / Navy Ebu Print,1,0,1
Vivo Basic Cuffed Dolman Jersey Dress - Black,1,0,1
Vivo Basic Kena Tent Maxi Dress - Chocolate,1,0,1
Vivo Dua Long Bishop Sleeve Top - Red,1,0,1
Vivo Keza Circular Loose Top - Burgundy / Tan Print,1,0,1
Vivo Basic Satin Scarf - Pink / Grey Abstract Print,1,0,1
Vivo Nora Wide Leg Pants - Dark Pink,0,1,1
Vivo Zahari Off-Shoulder Maxi Dress - Navy / Orange Zaha Print,1,0,1
Safari by Vivo Zehra Kitenge Pants - Loom Print,1,0,1
Vivo Nimali Satin Shorts - White,1,0,1
Vivo Basic Sienna Waterfall - Dark Taupe,1,0,1
Safari by Vivo Cotton Wrap Dress - Light Peach / Orange Print,1,0,1
Vivo Kemi Skirt & Top Set - Dark Red,1,0,1
Vivo Zaria Waist Cowl Top - Taupe,0,1,1
Safari Kikoy Bubble Sleeve Crop Wrap Top - Blue,0,1,1
Vivo Kala Gathered Front Top - Orange,1,0,1
Vivo Dali 3/4 Cut Out Sleeve Maxi Dress - Cream / Maroon Print,1,0,1
Vivo Diella Wide Leg Pants - Navy,1,0,1
Vivo Everyday Cap Sleeve Top - Green,1,0,1
Vivo Wila Dolman Tunic - Rust,1,0,1
Vivo Basic Satin Bishop Sleeved Top - Sea Green,1,0,1
Vivo Basic Long Sleeve Straight Maxi Dress - Burgundy,1,0,1
Vivo Basic 3/4 Sleeve A-Line Maxi Dress - Yellow,1,0,1
Safari Njano Mens Bound Neck Shirt - Hunters,1,0,1
Safari Naledi Gathered Panel Maxi Skirt - Chocolate,1,0,1
Safari Kikoy Tie Back Maxi Dress - White,1,0,1
Vivo Dua Long Bishop Sleeve Top - Taupe Textured,0,1,1
Vivo Wila Turn Up Coat - Taupe,1,0,1
Vivo Ayla Maxi Kimono - White / Light Taupe Dola Print,1,0,1
Vivo Vinna Knee Length Piped Skirt - Navy Blue / Grey,1,0,1
Safari Huru Halter Sleeveless High Low Dress - Black,1,0,1
Vivo Nasinka A-line Maxi Dress - Dusty Green,1,0,1
Vivo Nora Round Neck Sleeveless Top - Black,1,0,1
Vivo Ayana Wide High Low Top - Beige/White,1,0,1
Vivo Basic Panelled Leisure Pants - Light Navy Blue,1,0,1
Vivo Rema Straight Leg Pants - Royal Blue,1,0,1
Vivo Lalani Lounge Pants - Black,1,0,1
Vivo Basic Neo Waterfall - Mustard,0,1,1
Vivo Pana Short Waterfall - Rust,1,0,1
Vivo Basic Long Sleeve Tent Shirt Dress - Dark Green,1,0,1
Vivo Tana Off Shoulder Maxi Dress - Pink / Black Dana Print,0,1,1
Zoya Luna Cargo Pants - Black,1,0,1
Vivo Samira Wide Kimono - Maroon / White Print,1,0,1
Safari by Vivo Zehra Kitenge Shorts - Ndiwa Print,1,0,1
Vivo Basic Satin Bishop Sleeve Top - Maroon,1,0,1
Vivo Alora Long Sleeve Top - Chocolate,1,0,1
Vivo Long Sleeve Blazer - Atbara,1,0,1
Vivo Zahari 3/4 Sleeve Off Shoulder Jumpsuit - Mustard / Chocolate Ziza Print,1,0,1
Vivo Meli Satin Pants - Black,1,0,1
Vivo Takali Asymmetrical Midi Length Kaftan - Brown,1,0,1
Vivo Chidii Maxi Kaftan - White / Green Print,0,1,1
Vivo Basic Nandi A-Line Kimono - White / Navy Kito Print,1,0,1
Vivo Sanyu Bubble Sleeve Tent Dress - Lime / White Zazi Print,1,0,1
Zoya Party Low V-Neck Bodysuit - Navy Blue,1,0,1
Zoya X Bold Satin Joggers(Tall) - Burgundy Abstract Print,1,0,1
Vivo Sakari Circular Loose Top in Chiffon - Tan / Navy Textured Print,1,0,1
Vivo Full Length Pants - Rfs 6,1,0,1
Vivo Must Have Shorts in Juba Print,1,0,1
Vivo Val Full Length Leggings - Chocolate,1,0,1
Vivo Hamle Side Twist Tie Top - Navy,1,0,1
Vivo Asha Sleeveless Knee Length Dress - Pink / Black Tori Print,1,0,1
Vivo Basic Waridi Pencil Skirt - Light Navy Blue,1,0,1
Safari Kaya Long Sleeve Shirt Dress - Orange,1,0,1
Vivo Basic Ayo Bishop Sleeve Dress - Navy / White Print,1,0,1
Vivo Basic Cap Sleeve Tent Knee Length Dress - White / Light Blue Nisa Print,1,0,1
Zoya Nia Puff Sleeve Off Shoulder Romper - Lilac,1,0,1
Vivo Reversible Poncho without Fringes - Light Navy / Dark Pink Samba Print,1,0,1
Vivo Kitenge Midi Kimono - Shama Print,1,0,1
Vivo Tatili Drop Shoulder Cowl Top - Black,1,0,1
Zoya Basic Capri Leggings - Navy Blue,1,0,1
Vivo Zuri Cap Sleeve Knee Length Dress - Rust,1,0,1
Zoya Temo Men's Patched Straight Leg Pants - Green Camo / Green,1,0,1
Vivo Sierra Maxi Chiffon Dress - Dark Pink,1,0,1
Safari Anga Wide Shorts - Green / Orange Print,0,1,1
Vivo Nasinka Wrap Dress - Cream / Black Bugendo Print,1,0,1
Safari Lira Front Panelled Shirt Dress - Navy / Blue,1,0,1
Zoya Basic Long Sleeve Top - Navy Blue,0,1,1
Vivo Jira Scoop Neck Jumpsuit - Tan,0,1,1
Vivo Basic Jersey Cascade Waterfall - Rust,1,0,1
Vivo Bodysuits T- Shirts & Tank Tops - Rfs 3,1,0,1
Vivo Tahisa Loose Top - Midnight Blue,1,0,1
Vivo Beali Two Way Wrap Top - White / Taupe Lea Print,0,1,1
Vivo Knee Length Kaftan in Satin - Mint / Green Print,0,1,1
Vivo Basic Drop Shoulder Dolman Dress - Navy Blue,1,0,1
Vivo Selah Dolman Top - Black,1,0,1
Vivo Zuri Cap Sleeved Bodycon Dress - Purple,1,0,1
Vivo Basic Sleeveless Tent Maxi Dress - Dark Red / Black Ewale Print,1,0,1
Vivo Sarong Skirt - Dark Green / Hunters Print,1,0,1
Safari Savannah Midi Wrap Dress - Rust,1,0,1
Vivo Basic Kena Tent Knee Length Dress - Orange,1,0,1
Vivo Nimali Satin Blouse - Orange,1,0,1
Vivo Lani Maxi Dress - Pink Print,1,0,1
Vivo Leila Cap Sleeve Tent Maxi Dress - Deep Teal,1,0,1
Vivo Basic Cap Sleeve Knee Length Tent Dress - Blue / Red Floral Print,1,0,1
Vivo Samira Maxi Kimono - Dark Navy / Gold Print,0,1,1
Vivo Dua 3/4 Sleeved V Neck Shirt - Dark Olive,1,0,1
Soko Tiriko Maxi Molten Drip Hoop - Gold,1,0,1
Safari Haya Front Slit Wide Leg Pants - Maroon Koi Print,1,0,1
Vivo Ava 3/4 Sleeve Kimono - Burnt Orange,1,0,1
Vivo Tunu Long Slit Sleeve Knee Length Shift Dress - Peach / Teal Print,1,0,1
Vivo Ayla Maxi Kimono - White / Black Awari Print,1,0,1
Vivo Tande Boat Neck Dress  - Dark Navy,1,0,1
Zoya Fitness Bra Style # 2 - Black / White,1,0,1
Vivo Wena Wrap Dress - Dark Green,1,0,1
Vivo Imara Cap Sleeve Sheath Dress - Taupe,1,0,1
Vivo Zena Shirred Waist Shirt Dress - Beige / Mustard Print,1,0,1
Vivo Takali Frilled Midi Dress - Black,1,0,1
Vivo Iyana Knee Length Bubble Dress - Dark Magenta,1,0,1
Vivo Keza Satin Border Maxi Kaftan - Navy / Pink Print,1,0,1
Vivo Kani Tent Shirt Dress - Mustard / Black,1,0,1
Vivo Sanali Wide Leg Pants - Taupe Animal Print,1,0,1
Safari Zene Off Shoulder Dress - Pink,0,1,1
Vivo Basic Sleeveless Tent Dress - White / Olive Ziza Print,1,0,1
Shiv & Shikie X Safari Drawstring Pants - Off White,1,0,1
Vivo Pesi Drop Shoulder Tent Dress - Light Tan,1,0,1
Vivo Sarabi Strappy Low Back Maxi Dress - Taupe / Peach Kira Print,1,0,1
Vivo Safa Sweater - Dark Brown,1,0,1
Safari Solana Sleeveless Tiered Maxi Dress - Rust / Chocolate,1,0,1
Vivo Yumi Maxi Shirt Dress - Cream / Navy Rumi Print,1,0,1
Safari Zene High Low Shirt Dress - Black,1,0,1
Zoya Basic Short Sleeve Crop Top - Hunters,1,0,1
Vivo Kitenge Multipurpose Wrap - Maya Print,1,0,1
Vivo Laika Long Sleeve Mandarin Top - Navy Blue,1,0,1
Safari Kikoy Shirred Top Maxi Dress - Red Blue,1,0,1
Vivo Jira Front Overlap Midriff Top - Buttermilk,1,0,1
Vivo Essi Front Slit Maxi Top - White / Black Print,1,0,1
Safari Zene Off Shoulder Top - White,1,0,1
Safari Reversible Shirt Jacket - Grey / Print 2,1,0,1
Vivo Basic Puff Sleeved Bodycon - Teal,1,0,1
Vivo Alek 3/4 Sleeve A-Line Kimono - Navy / Peach Liwa Print,1,0,1
Safari Zene High Low Shirt Dress - Pink,1,0,1
Vivo Chari Basic Pencil Skirt - Black,1,0,1
Zoya Kyro Pleated Mini Skirt - Grey,1,0,1
Vivo Basic Tank Top - Dark Green,1,0,1
Zoya Basic Tank Top - Hunters Green,1,0,1
Vivo Basic Tolani Jersey Dress - Black,1,0,1
Vivo Maisha 3/4 Sleeve Maxi Dress - Mustard / Green Iza Print,1,0,1
Vivo Basic Sleeveless Extra Long Lily Waterfall - Deep Teal,0,1,1
Zoya Vasha Track Pants With Pockets - Black,1,0,1
Vivo Chari Shift Dress - Navy / Orange Riah Print,1,0,1
Vivo Leila Cap Sleeve Tent Knee Length Dress - Teal,1,0,1
Safari by Vivo Zehra Embroidered Linen Kimono,1,0,1
Vivo Zola V Neck Maxi Dress in Crepe - White / Olive Kai Print,1,0,1
Vivo Kelemi 4.0 Sleeveless Top - Lilac / Olive Nashe Print,1,0,1
Safari Mara Shirred Bishop Sleeve Dress - Navy,1,0,1
Safari by Vivo Zehra Kitenge Pants - Tuze Print,1,0,1
Vivo Ava Pleated Wide Leg Pants - Olive Green,1,0,1
Safari Zene Drop Shoulder Top - Mustard,1,0,1
Vivo Basic Tulip Sweater - Red,1,0,1
Vivo Liv Wide Crepe Top - Hunters / Black Mandy Print,1,0,1
Vivo Kemi Skirt & Top Set - Lime Green / Maroon Emi Print,1,0,1
Vivo Zuri Cap Sleeve Knee Length Dress - White,1,0,1
Vivo Maisha Drop Shoulder Maxi Dress In Rayon - Sea Green / Navy Print,1,0,1
Safari Kikoy Tie Back Maxi Dress - Dusty Green,1,0,1
Vivo Basic V-neck Cap Sleeve Top - Hunters Green,1,0,1
Vivo Nasinka A-Line Maxi Dress - Taupe / Chocolate,1,0,1
Vivo Naya One Shoulder Flounce Top - Alizeti,1,0,1
Vivo Val Strappy Bodycon Dress - Chocolate,0,1,1
Vivo Basic Dolman Sweater Dress - Caramel,1,0,1
Safari Kitenge Side Frill Kaftan - Maya,1,0,1
Vivo Tatari Dropped High Neck Top - Burgundy,1,0,1
Vivo Yumi Maxi Shirt Dress - Blue / White Print,1,0,1
Safari Nimali Ruffle Sleeve Top - Shama Print,1,0,1
Vivo Izzy Satin Bishop Sleeve Top - White,1,0,1
Vivo Reba Dolman Dress - Dark Teal,1,0,1
Vivo Sawari Long Sleeve V-Neck Midriff Top - Grey,1,0,1
Vivo Safa Sweater - Rust,1,0,1
Vivo Waterfalls & Kimonos - FS 7,1,0,1
Vivo Talia Sleeveless Tank Top - White / Dark Olive Alia Print,1,0,1
Safari Njano Men's Trench Coat - Red / Yellow,1,0,1
Vivo Basic Waridi Pencil Skirt - Maroon,1,0,1
Vivo Val 3/4 Sleeve Top - Yellow,1,0,1
Vivo Maisha Wide Kimono - Grey / Black Print,1,0,1
Vivo Nimali Satin Joggers - White,1,0,1
Vivo Yene Front Tie Top - Magenta,1,0,1
Vivo Lani Satin High Low Dress - Mustard,1,0,1
Vivo Essentials Wide Loose Top - Yellow,1,0,1
Safari Kaya Long Sleeve Shirt Dress - Mustard,1,0,1
Vivo Paji Round Neck Sheath Dress - Black,1,0,1
Vivo Sierra Long Sleeve Top in Chiffon (Double Layered)  - Chocolate,1,0,1
Vivo Maisha Drop Shoulder Maxi Dress - Olive / Dark Red Pasi Print,1,0,1
Safari by Vivo Zehra 3/4 Sleeve Kitenge Maxi Dress - Senara Print,1,0,1
Vivo Flirty Tent Dress - Lira,0,1,1
Vivo Vinna Escape A-Line Dress - Teal / Black,1,0,1
Vivo Sakari Circular Loose Top in Chiffon - Brown / Pink Textured Print,0,1,1
Shiv & Shikie X Safari Boxy T Shirt - Light Taupe,1,0,1
Vivo Zawadi Inverted Pleat Dress - Mint Green Print,1,0,1
Safari Mansi Wide Hem Tent Dress - Coral,1,0,1
Zoya Nia  Long Sleeved Crop Shacket - Blue / White Floral Print,1,0,1
Vivo Liora Wide Leg Pants - Rust / Black Ziza Print,1,0,1
Vivo Waridi Pencil Skirt - Green,1,0,1
Vivo Basic Leisure Pants - White,1,0,1
Safari Tiwa Side Slit Kimono - Navy,1,0,1
Vivo Tanda Pant and Top Set - Black,1,0,1
Vivo X This Is Essential  Sleeveless Scooped Neck Bodysuit - Black,1,0,1
Safari Tafari Shorts - Mila Print,1,0,1
Vivo Tatari Dropped High Neck Top - Black,1,0,1
Zoya Shani Cropped Tie Top - Navy / Peach Sani Print,1,0,1
Vivo Serwa Flounce Dress - Rose Pink,0,1,1
Vivo Fahari V Neck Sleeveless Top - Black,1,0,1
Vivo Sakari V-Neck Drop Shoulder Top - Buttermilk,1,0,1
Vivo Basic Bodycon Dress - Light Grey,1,0,1
Zoya Essentials Mini Bodycon - Navy / Beige Print,1,0,1
Vivo Lero Capri Leggings - Black + Blue Kiwi Print,1,0,1
Vivo Ria Panelled Pants - Teal,1,0,1
Safari by Vivo Njano Men's Knee Length Shorts - Hunters Green,1,0,1
Vivo X This Is Essential Leggings - Black / White,1,0,1
Vivo Basic Sleeveless Extra Long Lily Waterfall - Burgundy,1,0,1
Safari Tiwa Shirred Top - Chocolate,1,0,1
Vivo Basic Leila Short Waterfall - Black,1,0,1
Vivo Basic Satin Bishop Sleeved Top - Grey / Navy Nina Print,1,0,1
Vivo Maxi Dress - SAMPLE1,1,0,1
Vivo Sana Long Sleeved Maxi cover-Up - White / Brown Animal Stripes Print,1,0,1
Vivo Niari Boat Neck Dress - Black,1,0,1
Zoya Banda Bandeau Asymmetrical Crop Top - Black,1,0,1
Vivo Basic Faux Pocket Leisure Pants - Hunters Green,1,0,1
Vivo Pelia Round Neck Dress - Rust,1,0,1
Vivo Saida 3/4 Sleeve Top - Mustard/Black Gola Print,1,0,1
Vivo X This Is Essential  Short Sleeve Bodysuit - Chocolate,1,0,1
Vivo Asha Sleeveless Maxi Dress - Yelllow / Brown  Ela Print,1,0,1
Vivo Yene One Shoulder Kaftan - Hot Pink,1,0,1
Vivo Tana Puff Sleeve Bodysuit - Black,1,0,1
Vivo Spaghetti Tank Top in Jersey - Chocolate,1,0,1
Vivo Isabi Midi Skirt - Orange,1,0,1
Vivo Basic 3/4 Sleeved Double Layered Bodysuit - Teal,1,0,1
Vivo Basic Satin Bishop Sleeved Top - Lilac,1,0,1
Vivo Basic Hooded Kimono - Mustard / Purple Print,1,0,1
Vivo Faraji Long Sleeve Jacket - Burgundy,1,0,1
Vivo Sana Asymmetrical Angel Sleeve Top - Black / White Print,1,0,1
Vivo Basic Waterfall - Buttermilk,0,1,1
Vivo Kitenge Wide Leg Pants - Obu Print,1,0,1
Vivo Kitenge Strappy Tie Back Top - Neba,1,0,1
Vivo Sierra Bishop Sleeve Tent Dress - Dusty Pink,1,0,1
Vivo Lalani Scarf With Fringes - Chocolate / Orange Samba Print,1,0,1
Safari Zene Off Shoulder Top - Orange,1,0,1
Vivo Jumpsuit - Rfs 2,1,0,1
Vivo Amai Off-Shoulder Maxi Dress - Lilac / Green Biya Print,1,0,1
Vivo Lani Maxi Top - Taupe / White Print,1,0,1
Vivo Keza Circular Loose Top - Lilac / Navy Willow Print,1,0,1
Vivo Eveyday Short Waterfall - Dark Taupe,1,0,1
Vivo Basic Palazzo Pants  - Navy Blue,1,0,1
Vivo Tatili Bishop Long Sleeve Top - Black / Beige Print,1,0,1
Vivo Yumi Off Shoulder Jumpsuit - Cream / Black Rumi Print,0,1,1
Vivo Soleil Shorts - Black / Taupe Almasi Print,1,0,1
Vivo Basic Lined Capri Skirt - Black,1,0,1
Vivo Seli Head Wrap - White / Black Esli Print,1,0,1
Vivo Basic Nalia High Low Jersey Top - Rust,1,0,1
Safari Kikoy Off Shoulder Crop Top - Blue / Red Print,1,0,1
Vivo Serwa Flounce Dress - Dark Red,1,0,1
Zoya Basic Full Length Leggings - White,1,0,1
Vivo Knee length Dress - Fs 9,1,0,1
Vivo Lumi Back Pleat Maxi Dress - Navy,1,0,1
Vivo Long Sleeve Maxi Waterfall - Black,1,0,1
Vivo Nasinka A-line Knee Length Dress - Navy / Tan Sika Print,1,0,1
Vivo Dua Satin Bishop Sleeve Top - Blue / Purple Print,1,0,1
Vivo Mandla Tent Dress - Sage / Dark Green Kile Print,1,0,1
Vivo Ava Pleated Wide Leg Pants - Pink,0,1,1
Vivo Serwa Tent Dress - Olive,1,0,1
Vivo Kemi Side Cowl Maxi Dress - Dark Green,1,0,1
Zoya Nia Off Shoulder Puff Sleeve Top - Light Blue,1,0,1
Vivo Nandi High Slit Kimono - Black / Grey Print,1,0,1
Vivo Maisha Top & Pant Set - Black/ Green Print,0,1,1
Vivo Leila Cap Sleeve Tent Knee Length Dress - Navy Blue,0,1,1
Vivo Seli Wide Top - Dark Green,1,0,1
Zoya Sitawi Square Neck Bodysuit - Taupe,1,0,1
Vivo Lani Maxi Dress - Pink,1,0,1
Vivo Basic Long Sleeved Double Layered Bodycon - Burgundy,1,0,1
Vivo Basic Salma Maxi Boat Neck Dress - Teal,0,1,1
Zoya Sitawi Bodycon - Black,1,0,1
Safari Mansi Dolman Top - Taupe,0,1,1
Vivo Nimali Satin Halter Top - Dark Green,1,0,1
Zoya Luna Cargo Pants - Red,1,0,1
Safari Tafari Highlow Top - Dark Navy Asili Print,1,0,1
Vivo Serwa Square Neck Maxi Dress - Pink / Navy Sera Print,0,1,1
Vivo Selah Mock Neck Top - Dark Red,1,0,1
Vivo Basic Cap Sleeve Tent Knee Length Dress - Sea Green,1,0,1
Vivo Wastani Drawstring Pants - Rust / Brown Marra Print,1,0,1
Zoya X Bold Corduroy Booty Shorts - Navy Blue,1,0,1
Safari Tawi Bishop Sleeve Tiered Dress - Olive,1,0,1
Vivo Kitenge Multi Purpose Wrap - Blue / White Ankara Print,1,0,1
Vivo Basic 3/4 Sleeved Double Layered Bodysuit - Black,1,0,1
Vivo Mandla Side Flap A-Line Dress - Beige / Rust Manla Print,0,1,1
Vivo Kitenge Multi Purpose Wrap - Purple / Pink Ankara Print,1,0,1
Vivo Basic Nandi High Slit Kimono - Light Pink,1,0,1
Vivo Tatari Cap Sleeve Sheath Dress - Navy / Rust,0,1,1
Vivo Basic Crepe Bishop Sleeve Top - Yellow / Black Rozi Print,1,0,1
Safari Huru Halter Sleeveless High Low Dress - Rust,1,0,1
Vivo Basic Crepe Pants - Mustard / Black Umbo Print,1,0,1
Zoya Basic Racer Back Crop Top - Mustard,1,0,1
Zoya Temo Parachute Pants -Dark Grey,1,0,1
Vivo Amai Maxi Kaftan In Textured Satin - Fuschia,1,0,1
Zoya Banda Unisex Shacket - Blue,1,0,1
Vivo Mira Straight Leg Pants - Teal / Black Print,1,0,1
Vivo Samira High Low Top - Black / White Polka Dot Print,1,0,1
Vivo Basic Leggings - Light Grey,1,0,1
Vivo Ava 3/4 Sleeve Kimono - Light Olive,0,1,1
Vivo Basic Wide Liv Chiffon Maxi Dress - Pink / Brown Print,1,0,1
Vivo Knee Length Kaftan in Satin - Navy / Lilac Print,1,0,1
Vivo Basic Sleeveless Tent Dress - Cream / Navy Sinka Print,1,0,1
Safari by Vivo  Tiwa Barell Pants - Black,1,0,1
Vivo Basic Nalia High-low Chiffon Top - Black Textured,1,0,1
Vivo Ayah Shirred Cuff Loose Top - Lilac / Navy Ullu Print,1,0,1
Vivo Takali 3/4 Sleeve Tie Top - Light Brown,0,1,1
Vivo Alek 3/4 Sleeve A-Line Kimono - Mustard / Black Umbo Print,1,0,1
Vivo Bana Batwing Top - Navy Blue,1,0,1
Safari Naledi Gathered Panel Wrap Dress - Lime,0,1,1
Vivo Shorts - Savannah,1,0,1
Vivo Jira Capri Leggings - Navy Blue,1,0,1
Vivo Ava 3/4 Sleeve Kimono - Off White,1,0,1
Vivo Iyana Bubble Sleeveless Top - Fuschia / Green Iya Print,1,0,1
Vivo Basic Cap Sleeved Bodysuit - Dark Green,1,0,1
Safari Tafari Wrap Skirt - Weru Print,1,0,1
Vivo Sleeveless Long Lily Waterfall - Taupe,1,0,1
Vivo Amara Midi Waterfall - Orange,1,0,1
Vivo Chela Tank Top - Brown,1,0,1
Vivo Safa Sweater - Grey,1,0,1
Vivo Must Have Shorts - Sai,1,0,1
Vivo Basic Lined Capri Skirt - Mustard,1,0,1
Vivo Loose Tops - Fs 5,1,0,1
Vivo Aleri Coat - Dark Teal,1,0,1
Vivo Merika Wrap Top - Dark Green,1,0,1
Vivo Basic Nandi High Slit Kimono - Black,1,0,1
Safari by Vivo Zehra 3/4 Sleeve Kitenge Maxi Dress - White / Black Naji Print,1,0,1
Vivo Lamu Knee Length Chiffon Dress - Hunters Green,1,0,1
Safari Tara Barrel Pants - Navy / White Print,0,1,1
Vivo Basic 3/4 Sleeved Double Layered Bodysuit - Navy Blue,0,1,1
