brand,missing,product_name
"Safari","both","Safari Bush Asymmetrical Sweater Poncho  - FS"
"Safari","both","Safari By Vivo Mens Cotton Pants  - FS"
"Safari","both","Safari Full Length Pants - Sample 2"
"Safari","both","Safari Jumpsuit - Sample 1"
"Safari","both","Safari Kamari Sleeveless Cropped Jacket  - FS"
"Safari","both","Safari Kaya Long Sleeve Collar Shirt  - FS"
"Safari","both","Safari Knee Length Dress - SAMPLE 1"
"Safari","both","Safari Long Sleeve Waterfall  - FS"
"Safari","both","Safari Lounge Pants  - FS"
"Safari","both","Safari Lounge Pants  - FS"
"Safari","both","Safari Lounge Pants In Jersey  - FS"
"Safari","both","Safari Midi & Capri Skirts - SAMPLE 1"
"Safari","both","Safari Mini Dress - SAMPLE 1"
"Safari","both","Safari Mini Skirts - Sample1"
"Safari","both","Safari Nazari Bubble Midi Dress  - FS"
"Safari","both","Safari Nazari Coat Dress  - FS"
"Safari","both","Safari Nazari Maxi Shirt Dress  - FS"
"Safari","both","Safari Nazari Three Tiered Maxi Dress  - FS"
"Safari","both","Safari Njano Men's Straight Leg Pants  - FS"
"Safari","both","Safari Savannah Men's Jacket  - FS"
"Safari","both","Safari Solana Bubble Midi Skirt in Cotton  - FS"
"Safari","both","Safari Tafari High Slit Kimono  - FS"
"Safari","both","Safari Tafari Off Shoulder Crop Top  - FS"
"Safari","both","Safari Tiwa Reversible Tie Kimono  - FS"
"Safari","both","Safari by Vivo Cotton Wrap Dress  - FS"
"Safari","both","Safari by Vivo Mansi Wide Hem Embroidered Tent Dress  - FS"
"Safari","both","Safari by Vivo Njano Drawstring Top in Cotton  - FS"
"Safari","both","Safari by Vivo Tiwa Wide Leg Pants in Linen  - FS"
"Safari","both","Safari by Vivo Wide Kaftan in Cotton  - FS"
"Safari","both","Safari by Vivo Zehra Barrel Pants  - FS"
"Safari","both","Safari by Vivo Zehra Cotton High Low Shirt  - FS"
"Safari","both","Safari by Vivo Zehra Drawstring Pants  - FS"
"Safari","both","Safari by Vivo Zehra Embroidered Linen Kimono  - FS"
"Safari","both","Safari by Vivo Zehra Embroidered Linen Kimono - FS"
"Safari","both","Safari by Vivo Zehra Extra Wide Shirt in Linen  - FS"
"Safari","both","Safari by Vivo Zehra Kitenge Pants  - FS"
"Safari","both","Safari by Vivo Zehra Kitenge Short Kimono  - FS"
"Safari","both","Safari by Vivo Zehra Kitenge Shorts  - FS"
"Safari","both","Safari by Vivo Zehra Sleeveless Boxy Top  - FS"
"Safari","both","Safari by Vivo Zehra Tie Waist Kimono Dress  - FS"
"Vivo","both","Vivo Adisa V-Neck Jumpsuit Kaftan  - FS"
"Vivo","both","Vivo Ajani Long Sleeve Top  - FS"
"Vivo","both","Vivo Ajani V-Neck Top  - FS"
"Vivo","both","Vivo Alek Shirred Off Shoulder Jumpsuit in Crepe  - FS"
"Vivo","both","Vivo Alek Shirred Off- Shoulder Jumpsuit In Crepe  - FS"
"Vivo","both","Vivo Aleri Front Slit Sheath Dress In Ponte  - FS"
"Vivo","both","Vivo Alma Mini Skirt - Dark Grey OLD"
"Vivo","both","Vivo Alora Shift Dress  - FS"
"Vivo","both","Vivo Amai Maxi Kaftan  - FS"
"Vivo","both","Vivo Amai Maxi Kaftan  - FS"
"Vivo","both","Vivo Amai Maxi Kaftan In Textured Satin  - FS"
"Vivo","both","Vivo Ari One Shoulder Maxi Dress  - FS"
"Vivo","both","Vivo Asha Sleeveless Knee Length Dress  - FS"
"Vivo","both","Vivo Asha Sleeveless Knee Length Dress  - FS"
"Vivo","both","Vivo Asha Sleeveless Knee Length Dress In Crepe  - FS"
"Vivo","both","Vivo Asha Sleeveless Knee Length Dress in Crepe  - FS"
"Vivo","both","Vivo Asha Wide Leg Pants in Chiffon  - FS"
"Vivo","both","Vivo Asymmetrical Dolman Dress in Satin  - FS"
"Vivo","both","Vivo Ava 3/4 Sleeve Tent Shirt Dress in Crepe  - FS"
"Vivo","both","Vivo Ava Front Pleat Knee Length Dress  - FS"
"Vivo","both","Vivo Ava Shirt Collar Tunic Top  - FS"
"Vivo","both","Vivo Ayah 3/4 Sleeve Jumpsuit  - FS"
"Vivo","both","Vivo Ayah Shirred Cuff Loose Top  - FS"
"Vivo","both","Vivo BFS&S 6"
"Vivo","both","Vivo BFS&S 8"
"Vivo","both","Vivo Bana Batwing Top in Jersey  - FS"
"Vivo","both","Vivo Basic 3/4 Sleeve A-Line Maxi Dress  - FS"
"Vivo","both","Vivo Basic 3/4 Sleeve Escape A-Line Dress - White"
"Vivo","both","Vivo Basic 3/4 Sleeve Kena Tent Knee Length Dress  - FS"
"Vivo","both","Vivo Basic 3/4 Sleeved Double Layered Bodysuit  - FS"
"Vivo","both","Vivo Basic 3/4 Sleeved Double Layered Bodysuit in Jersey  - FS"
"Vivo","both","Vivo Basic Abby Loose Top - Black"
"Vivo","both","Vivo Basic Bishop Sleeve Top In Chiffon (Double Layered)  - FS"
"Vivo","both","Vivo Basic Bodycon Dress in Rayon  - FS"
"Vivo","both","Vivo Basic Cap Sleeve Bodycon in Rayon  - FS"
"Vivo","both","Vivo Basic Cap Sleeve Chiffon Maxi Dress  - FS"
"Vivo","both","Vivo Basic Cap Sleeve Knee Length Dress  - FS"
"Vivo","both","Vivo Basic Cap Sleeve Maxi Dress In Chiffon  - FS"
"Vivo","both","Vivo Basic Cap Sleeve Maxi Tent Dress  - FS"
"Vivo","both","Vivo Basic Cap Sleeve Maxi Tent Dress  - FS"
"Vivo","both","Vivo Basic Cap Sleeve Tent Knee Length Dress  - FS"
"Vivo","both","Vivo Basic Cap Sleeve Tent Knee Length Dress  - FS"
"Vivo","both","Vivo Basic Cap Sleeve Tent Knee Length Dress in Crepe  - FS"
"Vivo","both","Vivo Basic Cap Sleeve Top In Crepe  - FS"
"Vivo","both","Vivo Basic Cap Sleeve Top in Chiffon  - FS"
"Vivo","both","Vivo Basic Cap Sleeved Bodysuit in Rayon  - FS"
"Vivo","both","Vivo Basic Chiffon Cap Sleeve Top (Double Layered)  - FS"
"Vivo","both","Vivo Basic Chiffon Cap Sleeve Top(Double Layered)  - FS"
"Vivo","both","Vivo Basic Chiffon Tie Kaftan Top  - FS"
"Vivo","both","Vivo Basic Chiffon Tie Kaftan Top  - FS"
"Vivo","both","Vivo Basic Crepe Bishop Sleeve Top  - FS"
"Vivo","both","Vivo Basic Crepe Cap Sleeve Top  - FS"
"Vivo","both","Vivo Basic Crepe Cap Sleeve Top  - FS"
"Vivo","both","Vivo Basic Crepe Cap Sleeve Top  - FS"
"Vivo","both","Vivo Basic Crepe Cap Sleeved Top In Crepe  - FS"
"Vivo","both","Vivo Basic Dolman Sweater  - FS"
"Vivo","both","Vivo Basic Double Layered Capri Skirt  - FS"
"Vivo","both","Vivo Basic Double Layered Wrap Poncho  - FS"
"Vivo","both","Vivo Basic Dua Jacket in Ponte  - FS"
"Vivo","both","Vivo Basic Escape A-Line Dress in Ponte  - FS"
"Vivo","both","Vivo Basic Imelda Cowl Sweater  - FS"
"Vivo","both","Vivo Basic Imelda Cowl Sweater  - FS"
"Vivo","both","Vivo Basic Kena Tent Knee Length Dress  - FS"
"Vivo","both","Vivo Basic Kena Tent Knee Length Dress in Ponte  - FS"
"Vivo","both","Vivo Basic Knee Length Dress In Chiffon  - FS"
"Vivo","both","Vivo Basic Leggings  - FS"
"Vivo","both","Vivo Basic Long Sleeved Bodysuit in Jersey  - FS"
"Vivo","both","Vivo Basic Long Sleeved Double Layered Bodycon  - FS"
"Vivo","both","Vivo Basic Long Sleeved Top - Burgundy"
"Vivo","both","Vivo Basic May Sweater  - FS"
"Vivo","both","Vivo Basic Open Kaftan  - FS"
"Vivo","both","Vivo Basic Panelled Leisure Pants  - FS"
"Vivo","both","Vivo Basic Round Neck Maxi Dress  - FS"
"Vivo","both","Vivo Basic Round Neck Maxi Dress In Crepe  - FS"
"Vivo","both","Vivo Basic Satin Bishop Sleeve Top  - FS"
"Vivo","both","Vivo Basic Satin Bishop Sleeve Top  - FS"
"Vivo","both","Vivo Basic Satin Bishop Sleeved Top  - FS"
"Vivo","both","Vivo Basic Satin Cap Sleeve Top  - FS"
"Vivo","both","Vivo Basic Short Sleeve Top  - FS"
"Vivo","both","Vivo Basic Short Sleeve Top  - FS"
"Vivo","both","Vivo Basic Short Sleeve Top in Jersey  - FS"
"Vivo","both","Vivo Basic Sienna Jersey Top  - FS"
"Vivo","both","Vivo Basic Sienna Waterfall  - FS"
"Vivo","both","Vivo Basic Sienna Waterfall In Jersey  - FS"
"Vivo","both","Vivo Basic Sienna Waterfall In Jersey - FS"
"Vivo","both","Vivo Basic Sleeveless Bodysuit in Rayon  - FS"
"Vivo","both","Vivo Basic Sleeveless Bodysuit in Rayon  - FS"
"Vivo","both","Vivo Basic Sleeveless Kena Tent Dress In Ponte  - FS"
"Vivo","both","Vivo Basic Sleeveless Kena Tent Maxi Dress in Ponte  - FS"
"Vivo","both","Vivo Basic Sleeveless Tent Dress  - FS"
"Vivo","both","Vivo Basic Sleeveless Tent Dress  - FS"
"Vivo","both","Vivo Basic Sleeveless Tent Dress in Crepe  - FS"
"Vivo","both","Vivo Basic Tank Top in Jersey  - FS"
"Vivo","both","Vivo Basic Trench Coat  - FS"
"Vivo","both","Vivo Basic V-neck Cap Sleeve Top  - FS"
"Vivo","both","Vivo Basic Val Long Sleeve Top  - FS"
"Vivo","both","Vivo Basic Val Long Sleeve Top  - FS"
"Vivo","both","Vivo Basic Waridi Pencil Skirt  - FS"
"Vivo","both","Vivo Belts FS 1"
"Vivo","both","Vivo Bodysuits, Shirts, T- Shirts & Tank Tops  - FS 2"
"Vivo","both","Vivo Bralette - PB2"
"Vivo","both","Vivo Button Up Shirt in Chiffon  - FS"
"Vivo","both","Vivo Cap Sleeve Salma Maxi Dress  - FS"
"Vivo","both","Vivo Capri/Midi Length Dress - SAMPLE 1"
"Vivo","both","Vivo Capri/Midi Length Dress - SAMPLE 2"
"Vivo","both","Vivo Chela Jersey Pallazo Pants  - FS"
"Vivo","both","Vivo Chela Pants in Jersey  - FS"
"Vivo","both","Vivo Chidii Drop Shoulder Kimono  - FS"
"Vivo","both","Vivo Chidii Maxi Kaftan  - FS"
"Vivo","both","Vivo Chidii Tunic Dress With Frills  - FS"
"Vivo","both","Vivo Chidii Tunic Dress With Frills in Satin  - FS"
"Vivo","both","Vivo Chidii Wide Leg Pants  - FS"
"Vivo","both","Vivo Contrast Stitch Pants in Denim  - FS"
"Vivo","both","Vivo Cotton 3/4 Sleeve Wrap Top  - FS"
"Vivo","both","Vivo Cowl Neck Camisole in Satin  - FS"
"Vivo","both","Vivo Dalia Cap Sleeve Gathered Dress  - FS"
"Vivo","both","Vivo Dalia Cap Sleeve Gathered Dress  - FS"
"Vivo","both","Vivo Dalia Cap Sleeve Gathered Dress in Crepe  - FS"
"Vivo","both","Vivo Dalia Sleeveless Gathered Tent Dress  - FS"
"Vivo","both","Vivo Denim Straight Pants  - FS"
"Vivo","both","Vivo Drop Shoulder Top in Cotton  - FS"
"Vivo","both","Vivo Dua 3/4 Sleeved V Neck Shirt  - FS"
"Vivo","both","Vivo Dua 3/4 Sleeved V Neck Shirt  - FS"
"Vivo","both","Vivo Dua 3/4 Sleeved V Neck Shirt in Crepe  - FS"
"Vivo","both","Vivo Dua Shirt In Satin  - FS"
"Vivo","both","Vivo Dua Shirt in Textured Satin   - FS"
"Vivo","both","Vivo Dua Wide Leg Pants in Ponte  - FS"
"Vivo","both","Vivo Essi Front Slit Maxi Top  - FS"
"Vivo","both","Vivo Essi Front Slit Maxi Top In Satin  - FS"
"Vivo","both","Vivo Essi Scalloped Maxi Top in Satin  - FS"
"Vivo","both","Vivo Essi Scalloped Top  - FS"
"Vivo","both","Vivo Essi Wide Leg Pants - FS"
"Vivo","both","Vivo Essi Wide Leg Pants In Satin  - FS"
"Vivo","both","Vivo Everyday 3/4 Sleeve Double Layered Bodycon Dress  - FS"
"Vivo","both","Vivo Everyday Cap Sleeve Top in Jersey  - FS"
"Vivo","both","Vivo Everyday Long Sleeve Top In Jersey  - FS"
"Vivo","both","Vivo Everyday Short Waterfall  - FS"
"Vivo","both","Vivo Everyday Short Waterfall in Jersey  - FS"
"Vivo","both","Vivo Everyday Side Twist Bodycon in Jersey  - FS"
"Vivo","both","Vivo Everyday Sleeveless Jersey Waterfall  - FS"
"Vivo","both","Vivo Fara Off Shoulder Flounce Sleeve Jumpsuit  - FS"
"Vivo","both","Vivo Fitness Sleeveless High Low Top - Black / White Print"
"Vivo","both","Vivo Flirty Tent Dress  - FS"
"Vivo","both","Vivo Full Length Pants - FS 6"
"Vivo","both","Vivo Full Length Pants - Sample 5"
"Vivo","both","Vivo Godet Maxi Dress in Satin  - FS"
"Vivo","both","Vivo Godet Midi Dress in Crepe  - FS"
"Vivo","both","Vivo Hadiya 3/4 Sleeve Maxi Dress in Chiffon  - FS"
"Vivo","both","Vivo Hanabi Drop Shoulder Dress  - FS"
"Vivo","both","Vivo Hanabi Layered Shift Dress  - FS"
"Vivo","both","Vivo Hanabi Satin High Low Top  - FS"
"Vivo","both","Vivo Hanabi Tent Maxi Dress  - FS"
"Vivo","both","Vivo High Low Top In Crepe  - FS"
"Vivo","both","Vivo High Low Top in Cotton  - FS"
"Vivo","both","Vivo Hoodie/ Sweatshirt - Sample 2"
"Vivo","both","Vivo Imara 3/4 Sleeve Tent Dress In Ponte  - FS"
"Vivo","both","Vivo Isabi Loose Top  - FS"
"Vivo","both","Vivo Isabi Loose Top In Chiffon  - FS"
"Vivo","both","Vivo Iyana Cape Top  - FS"
"Vivo","both","Vivo Iyana Cape Top In Chiffon  - FS"
"Vivo","both","Vivo Iyana Knee Length Bubble Dress  - FS"
"Vivo","both","Vivo Iyana Knee Length Bubble Dress  - FS"
"Vivo","both","Vivo Iyana Knee Length Bubble Dress in Satin  - FS"
"Vivo","both","Vivo Iyana Maxi Cover Up  - FS"
"Vivo","both","Vivo Iyana Shirred Waist Jumpsuit in Crepe  - FS"
"Vivo","both","Vivo Iyana Shirred waist Maxi Dress  - FS"
"Vivo","both","Vivo Iyana Wide Leg Pants  - FS"
"Vivo","both","Vivo Iyana Wide Leg Pants  - FS"
"Vivo","both","Vivo Jacket - FS 5"
"Vivo","both","Vivo Jackets - FS 1"
"Vivo","both","Vivo Jema Off-shoulder Long Sleeve Jumpsuit  - FS"
"Vivo","both","Vivo Jira Front Overlap Midriff Top - Buttermilk"
"Vivo","both","Vivo Jumpsuit - FS 4"
"Vivo","both","Vivo Jumpsuit - Sample 1"
"Vivo","both","Vivo Jumpsuit - Sample 3"
"Vivo","both","Vivo Jumpsuit - Sample 4"
"Vivo","both","Vivo Kaisa Maxi Skirt  - FS"
"Vivo","both","Vivo Kaisa Mock Neck Sleeveless Top  - FS"
"Vivo","both","Vivo Kaisa Short Sleeve Maxi Bodycon In Polyester Stretch  - FS"
"Vivo","both","Vivo Kala Long Sleeve Top  - FS"
"Vivo","both","Vivo Kani Cap Sleeve Maxi Dress  - FS"
"Vivo","both","Vivo Kani Cap Sleeve Maxi Dress  - FS"
"Vivo","both","Vivo Kani Tent Shirt Dress  - FS"
"Vivo","both","Vivo Kani Wide Leg Pants  - FS"
"Vivo","both","Vivo Kemi Maxi Skirt  - FS"
"Vivo","both","Vivo Kemi Side Cowl Maxi Dress  - FS"
"Vivo","both","Vivo Kemi Skirt & Top Set  - FS"
"Vivo","both","Vivo Keza Circular Loose Top  - FS"
"Vivo","both","Vivo Keza Circular Loose Top  - FS"
"Vivo","both","Vivo Keza Circular Loose Top in Satin  - FS"
"Vivo","both","Vivo Keza Satin Border Maxi Kaftan  - FS"
"Vivo","both","Vivo Keza V Neck Maxi Kaftan In Satin  - FS"
"Vivo","both","Vivo Keza V-Neck Maxi Kaftan  - FS"
"Vivo","both","Vivo Knee Length Dress  - FS"
"Vivo","both","Vivo Knee Length Dress - SAMPLE1 B."
"Vivo","both","Vivo Knee Length Dress - SAMPLE2"
"Vivo","both","Vivo Knee Length Kaftan in Satin  - FS"
"Vivo","both","Vivo Knee Length Skirts - FS 1"
"Vivo","both","Vivo Knee length Dress - FS 2"
"Vivo","both","Vivo Knee length Dress - RFS 7"
"Vivo","both","Vivo Laika 3/4 Sleeve Tent Dress  - FS"
"Vivo","both","Vivo Laika 3/4 Sleeve Tent Dress In Crepe  - FS"
"Vivo","both","Vivo Laika Bishop Sleeve Shift Dress in Crepe  - FS"
"Vivo","both","Vivo Lalani Lounge Pants  - FS"
"Vivo","both","Vivo Lani Maxi Dress  - FS"
"Vivo","both","Vivo Lani Maxi Dress  - FS"
"Vivo","both","Vivo Lani Maxi Dress In Satin  - FS"
"Vivo","both","Vivo Lani Maxi Top  - FS"
"Vivo","both","Vivo Lani Maxi Top  - FS"
"Vivo","both","Vivo Leggings - SAMPLE 1"
"Vivo","both","Vivo Leila Cap Sleeve Tent Maxi Dress  - FS"
"Vivo","both","Vivo Lindi High Low Dress In Ponte  - FS"
"Vivo","both","Vivo Liora Asymmetrical Kaftan Top in Satin  - FS"
"Vivo","both","Vivo Liora Asymmetrical Kaftan Top in Satin  - FS"
"Vivo","both","Vivo Liora Drawstring Kimono Sleeve Top  - FS"
"Vivo","both","Vivo Liora Drawstring Midi Dress  - FS"
"Vivo","both","Vivo Liora Drawstring Pants  - FS"
"Vivo","both","Vivo Liora Drawstring Pants In Satin  - FS"
"Vivo","both","Vivo Liora Kaftan Top  - FS"
"Vivo","both","Vivo Liora Kaftan Tunic Top  - FS"
"Vivo","both","Vivo Liora Maxi Kimono  - FS"
"Vivo","both","Vivo Liora Multiway Top in Satin  - FS"
"Vivo","both","Vivo Liora Scalloped Maxi Top  - FS"
"Vivo","both","Vivo Liora Scalloped Maxi Top in Chiffon  - FS"
"Vivo","both","Vivo Liora Scooped Neck Tank Top in Crepe  - FS"
"Vivo","both","Vivo Liora Side Drawstring Kaftan Dress in Satin  - FS"
"Vivo","both","Vivo Liora Sleeveless Drawstring Top  - FS"
"Vivo","both","Vivo Liora Sleeveless Drawstring Top In Satin  - FS"
"Vivo","both","Vivo Liora Tiered Maxi Skirt in Crepe  - FS"
"Vivo","both","Vivo Liora Wide Leg Pants  - FS"
"Vivo","both","Vivo Long Sleeve Waterfall in Sweater  - FS"
"Vivo","both","Vivo Long Sleeve Waterfall in Sweater - Light Grey OLD"
"Vivo","both","Vivo Long Sleeve Waterfall in Sweater - Mustard OLD"
"Vivo","both","Vivo Loose Maxi Top - Sample 1"
"Vivo","both","Vivo Loose Top - Sample 3"
"Vivo","both","Vivo Loose Top - Sample 5"
"Vivo","both","Vivo Loose Tops - FS 1"
"Vivo","both","Vivo Loose Tops - FS 7"
"Vivo","both","Vivo Lulu 3/4 Sleeve Maxi Kaftan  - FS"
"Vivo","both","Vivo Lulu Bubble Sleeve Top  - FS"
"Vivo","both","Vivo Lulu Contrast Stitch Tent Dress in Cotton  - FS"
"Vivo","both","Vivo Lulu Denim Flared Pants  - FS"
"Vivo","both","Vivo Lulu Drawstring Top In Cotton  - FS"
"Vivo","both","Vivo MSD 2"
"Vivo","both","Vivo MSD 3"
"Vivo","both","Vivo MSD 4"
"Vivo","both","Vivo MSD 5"
"Vivo","both","Vivo MSD 7"
"Vivo","both","Vivo Maisha 3/4 Sleeve Maxi Dress  - FS"
"Vivo","both","Vivo Maisha Drop Shoulder Maxi Dress In Rayon  - FS"
"Vivo","both","Vivo Maisha Long Sleeve High Low Kimono  - FS"
"Vivo","both","Vivo Maisha Straight Leg Pants in Crepe  - FS"
"Vivo","both","Vivo Maisha Straight Leg Pants in Crepe - FS"
"Vivo","both","Vivo Maisha Strappy Cover Up Jumpsuit In Rayon  - FS"
"Vivo","both","Vivo Maisha Wide High Low Top  - FS"
"Vivo","both","Vivo Maxi Dress - FS 7"
"Vivo","both","Vivo Maxi Dress - SAMPLE1 B."
"Vivo","both","Vivo Maxi Dress - SAMPLE3"
"Vivo","both","Vivo Maxi Dress in Stretch Rib  - FS"
"Vivo","both","Vivo Maxi Kaftan in Satin  - FS"
"Vivo","both","Vivo Maxi Kimono in Chiffon  - FS"
"Vivo","both","Vivo Maxi Waterfall/ Kimono - Sample 1"
"Vivo","both","Vivo Merika Knee Length Wrap Dress  - FS"
"Vivo","both","Vivo Merika Satin Wrap Top  - FS"
"Vivo","both","Vivo Merika Satin Wrap Top  - FS"
"Vivo","both","Vivo Midi Bodycon in Stretch Rib  - FS"
"Vivo","both","Vivo Mini Butterfly Sweater  - FS"
"Vivo","both","Vivo Mistari 3/4 Sleeve V - Neck Collared Tunic Top  - FS"
"Vivo","both","Vivo Multiway Cover Up in Chiffon  - FS"
"Vivo","both","Vivo Multiway Poncho in Sweater  - FS"
"Vivo","both","Vivo Muna Cap Sleeve Knee Length Dress  - FS"
"Vivo","both","Vivo Muna Side Slit Asymmetric Top - Mulberry"
"Vivo","both","Vivo Nandi High Slit Kimono  - FS"
"Vivo","both","Vivo Nandi High Slit Kimono  - FS"
"Vivo","both","Vivo Nasinka A-Line Knee Length Dress  - FS"
"Vivo","both","Vivo Nasinka A-Line Knee Length Dress  - FS"
"Vivo","both","Vivo Nasinka A-Line Knee Length Dress in Crepe  - FS"
"Vivo","both","Vivo Nasinka A-Line Maxi Dress  - FS"
"Vivo","both","Vivo Nasinka A-Line Maxi Dress  - FS"
"Vivo","both","Vivo Naya Bishop Sleeve Shift Dress  - FS"
"Vivo","both","Vivo Naya One Shoulder Flounce Jumpsuit  - FS"
"Vivo","both","Vivo Niari Pleated Dress in Crepe  - FS"
"Vivo","both","Vivo Niari Sleeveless Tent Dress in Crepe  - FS"
"Vivo","both","Vivo Niari Sleeveless Top  - FS"
"Vivo","both","Vivo Niari Sleeveless Top In Chiffon  - FS"
"Vivo","both","Vivo Niari Tent Dress  - FS"
"Vivo","both","Vivo Nora Round Neck Sleeveless Top  - FS"
"Vivo","both","Vivo Nuru Side Panel Wide Leg Pants  - FS"
"Vivo","both","Vivo Nuru Sleeveless Maxi Kimono  - FS"
"Vivo","both","Vivo Nuru Strappy Maxi Dress  - FS"
"Vivo","both","Vivo Off Shoulder Jumpsuit in Crepe  - FS"
"Vivo","both","Vivo Pelia Round Neck Dress  - FS"
"Vivo","both","Vivo Pendo Cap Sleeve Tent Knee Length Dress  - FS"
"Vivo","both","Vivo Pesi Drop Shoulder Tent Dress  - FS"
"Vivo","both","Vivo Playsuit - Sample 2"
"Vivo","both","Vivo Rema 3/4 Sleeve Side Slit Tunic Top in Rib  - FS"
"Vivo","both","Vivo Rema Straight Leg Pants  - FS"
"Vivo","both","Vivo Ria Drop Shoulder Top  - FS"
"Vivo","both","Vivo Ruched Maxi Top in Textured Satin  - FS"
"Vivo","both","Vivo Safa Drop Shoulder Top  - FS"
"Vivo","both","Vivo Safa Drop Shoulder Top  - FS"
"Vivo","both","Vivo Safa Straight Leg Pants in Stretch Rib  - FS"
"Vivo","both","Vivo Safa Sweater  - FS"
"Vivo","both","Vivo Sakari Cap Sleeve Maxi Dress  - FS"
"Vivo","both","Vivo Sakari Cap Sleeve Maxi Dress in Crepe  - FS"
"Vivo","both","Vivo Sakari Circular Loose Top  - FS"
"Vivo","both","Vivo Sakari Circular Loose Top in Textured Print  - FS"
"Vivo","both","Vivo Sakari Drop Shoulder Jumpsuit  - FS"
"Vivo","both","Vivo Sakari Drop Shoulder Jumpsuit in Crepe  - FS"
"Vivo","both","Vivo Samira Cape Dress  - FS"
"Vivo","both","Vivo Samira Midi Dress in Textured Satin  - FS"
"Vivo","both","Vivo Samira Pants  - FS"
"Vivo","both","Vivo Samira Pants in Rayon  - FS"
"Vivo","both","Vivo Samira Pants in Rayon - FS"
"Vivo","both","Vivo Samira Wide Kimono  - FS"
"Vivo","both","Vivo Samira Wide Kimono in Rayon  - FS"
"Vivo","both","Vivo Sanyu Pleated Pants  - FS"
"Vivo","both","Vivo Satin Drawstring Pants  - FS"
"Vivo","both","Vivo Sawari Crossed Cuff Batwing Top  - FS"
"Vivo","both","Vivo Sawari Crossed Cuff Batwing Top in Satin  - FS"
"Vivo","both","Vivo Scalloped Kimono in Crepe  - FS"
"Vivo","both","Vivo Selah Mock Neck Top in Stretch Rib  - FS"
"Vivo","both","Vivo Selah Mock Neck Top in Stretch Rib - Off - FS"
"Vivo","both","Vivo Selah Palazzo Pants in Stretch Rib  - FS"
"Vivo","both","Vivo Selah Sleeveless Maxi Dress in Stretch Rib  - FS"
"Vivo","both","Vivo Selah Straight Leg Pants  - FS"
"Vivo","both","Vivo Seli Maxi Dress  - FS"
"Vivo","both","Vivo Seli Midi Skirt  - FS"
"Vivo","both","Vivo Serwa Flounce Dress  - FS"
"Vivo","both","Vivo Serwa Flounce Dress  - FS"
"Vivo","both","Vivo Serwa Tent Dress  - FS"
"Vivo","both","Vivo Serwa Tent Dress  - FS"
"Vivo","both","Vivo Serwa Tent Dress In Crepe  - FS"
"Vivo","both","Vivo Short Jacket/ Coat - Sample 2"
"Vivo","both","Vivo Short Waterfall/ Kimono - Sample 1"
"Vivo","both","Vivo Sierra Cap Sleeve Tent Chiffon Dress  - FS"
"Vivo","both","Vivo Sierra Cap Sleeve Tent Chiffon Dress  - FS"
"Vivo","both","Vivo Sierra Long Sleeve Top in Chiffon (Double Layered)  - FS"
"Vivo","both","Vivo Sierra Long Sleeve Top in Chiffon (Double Layered)  - FS"
"Vivo","both","Vivo Sierra Maxi Chiffon Dress  - FS"
"Vivo","both","Vivo Sierra Maxi Dress in Chiffon   - FS"
"Vivo","both","Vivo Situ Off-Shoulder Tie Maxi Dress  - FS"
"Vivo","both","Vivo Sleeveless Bodycon in Stretch Rib  - FS"
"Vivo","both","Vivo Sleeveless Godet Midi Dress in Jersey  - FS"
"Vivo","both","Vivo Spaghetti Tank Top in Jersey  - FS"
"Vivo","both","Vivo Straight Pants in Scuba  - FS"
"Vivo","both","Vivo Studio Bodysuit In Jersey  - FS"
"Vivo","both","Vivo Studio Double Layered Tie Bodycon in Jersey  - FS"
"Vivo","both","Vivo Studio Drawstring Pants in Velvet  - FS"
"Vivo","both","Vivo Studio Flared Pants In Ponte  - FS"
"Vivo","both","Vivo Studio Lounge Pants in Rib  - FS"
"Vivo","both","Vivo Studio Maxi Bodycon in Jersey  - FS"
"Vivo","both","Vivo Studio Mini Bubble Skirt in Satin  - FS"
"Vivo","both","Vivo Studio Shoulder Tie Top in Jersey  - FS"
"Vivo","both","Vivo Studio Strapless Maxi in Crepe  - FS"
"Vivo","both","Vivo Studio Strapless Maxi in Crepe - FS"
"Vivo","both","Vivo Sweatshirt in Scuba  - FS"
"Vivo","both","Vivo Takali Asymmetrical Midi Length Kaftan  - FS"
"Vivo","both","Vivo Takali Asymmetrical Midi Length Kaftan In Satin  - FS"
"Vivo","both","Vivo Takali Tunic Top  - FS"
"Vivo","both","Vivo Takali Tunic Top In Satin  - FS"
"Vivo","both","Vivo Talia Front Slit Maxi Top  - FS"
"Vivo","both","Vivo Talia Front Slit Maxi Top  - FS"
"Vivo","both","Vivo Talia Maxi Slip Skirt in Satin  - FS"
"Vivo","both","Vivo Talia Sleeveless Tank Top   - FS"
"Vivo","both","Vivo Talia Sleeveless Tank Top  - FS"
"Vivo","both","Vivo Talia Slim Pants  - FS"
"Vivo","both","Vivo Talia Wide Leg Pants  - FS"
"Vivo","both","Vivo Tana Off Shoulder Maxi Dress  - FS"
"Vivo","both","Vivo Tanda Cap Sleeve Sheath Dress in Ponte  - FS"
"Vivo","both","Vivo Tanda Loose Sweater  - FS"
"Vivo","both","Vivo Tanda Maxi Dress in Ponte  - FS"
"Vivo","both","Vivo Tanda Maxi Dress in Ponte - White OLD"
"Vivo","both","Vivo Tatili Bishop Long Sleeve Top  - FS"
"Vivo","both","Vivo Tatili Bishop Long Sleeve Top In Satin  - FS"
"Vivo","both","Vivo Tatili Long Sleeve Bishop Top  - FS"
"Vivo","both","Vivo Tatili Pinstripe Pants in Medium Crepe  - FS"
"Vivo","both","Vivo Tatili Wide Leg Pants  - FS"
"Vivo","both","Vivo Thando Mock Neck Maxi Dress  - FS"
"Vivo","both","Vivo Tulia Palazzo Pants"
"Vivo","both","Vivo Tunu Long Sleeve Front Pleat Top - Navy Blue"
"Vivo","both","Vivo Upe Wide Leg Pants in Ponte  - FS"
"Vivo","both","Vivo Upe Wide Leg Pants in Ponte - FS"
"Vivo","both","Vivo V-Neck Camisole in Satin - FS"
"Vivo","both","Vivo V-Neck Dress in Stretch Rib  - FS"
"Vivo","both","Vivo Waridi Pencil Skirt in Ponte  - FS"
"Vivo","both","Vivo Wastani 3/4 Shirred Sleeve Wide Tunic  - FS"
"Vivo","both","Vivo Wastani Drawstring Pants  - FS"
"Vivo","both","Vivo Wastani Shirred Sleeve Easy Fit Shirt  - FS"
"Vivo","both","Vivo Waterfalls & Kimonos - FS 8"
"Vivo","both","Vivo Wena Wrap Dress  - FS"
"Vivo","both","Vivo Wide Leg Pants in Heavy Crepe  - FS"
"Vivo","both","Vivo Wide Top in Satin  - FS"
"Vivo","both","Vivo Wila Cowl Poncho - Rust"
"Vivo","both","Vivo Wrap Shawl in Sweater  - FS"
"Vivo","both","Vivo Wrap Shawl in Sweater  - FS"
"Vivo","both","Vivo Yumi Cap Sleeve Dress  - FS"
"Vivo","both","Vivo Yumi Cap Sleeve Dress  - FS"
"Vivo","both","Vivo Yumi Cap Sleeve Dress In Crepe  - FS"
"Vivo","both","Vivo Yumi Maxi Shirt Dress  - FS"
"Vivo","both","Vivo Yumi Maxi Shirt Dress  - FS"
"Vivo","both","Vivo Yumi Off Shoulder Jumpsuit  - FS"
"Vivo","both","Vivo Yumi Off Shoulder Jumpsuit  - FS"
"Vivo","both","Vivo Yumi Off Shoulder Jumpsuit In Crepe  - FS"
"Vivo","both","Vivo Yumi Off Shoulder Maxi Dress  - FS"
"Vivo","both","Vivo Zahari 3/4 Sleeve Off Shoulder Jumpsuit  - FS"
"Vivo","both","Vivo Zahari 3/4 Sleeve Off Shoulder Jumpsuit  - FS"
"Vivo","both","Vivo Zahari 3/4 Sleeve Off Shoulder Jumpsuit In Crepe  - FS"
"Vivo","both","Vivo Zahari 3/4 Sleeve Off-Shoulder Jumpsuit  - FS"
"Vivo","both","Vivo Zawadi Shift Dress in Chiffon  - FS"
"Vivo","both","Vivo Zelda Panelled Dress In Crepe  - FS"
"Vivo","both","Vivo Zena Shirred Waist Maxi Shirt Dress  - FS"
"Vivo","both","Vivo Zena Shirred Waist Maxi Shirt Dress in Crepe  - FS"
"Vivo","both","Vivo Zena Sleeveless Shawl Collar Overcoat  - FS"
"Vivo","both","Vivo Zola V Neck Cap Sleeve Maxi Dress  - FS"
"Vivo","both","Vivo Zola V Neck Maxi Dress in Crepe  - FS"
"Vivo","both","Vivo Zuri Cap Sleeve Knee Length Dress  - FS"
"Vivo","both","Vivo shopping bags"
"Zoya","both","Zoya Basic Bodycon - Taupe"
"Zoya","both","Zoya Basic Jersey Bandaeu - Rust OLD"
"Zoya","both","Zoya Basic Tank Top - Burgundy"
"Zoya","both","Zoya Fitted Top - Sample 1"
"Zoya","both","Zoya Hoodie/ Sweatshirt - Sample 1"
"Zoya","both","Zoya Jumpsuit - Sample 1"
"Zoya","both","Zoya Loose Tops - Sample 1"
"Zoya","both","Zoya Midi Jackets & Coats - Sample 1"
"Zoya","both","Zoya Playsuit - Sample 3"
"Zoya","both","Zoya Shorts & Skorts - Sample 1"
"Safari","number","Safari Anga Drawstring Cargo Pants - Black"
"Safari","number","Safari Anga Drawstring Cargo Pants - Red"
"Safari","number","Safari Anga Drawstring Cargo Pants - White"
"Safari","number","Safari Basic Bishop Sleeve Top - Burgundy Animal Print"
"Safari","number","Safari Hawi 3/4 Sleeve Reversible Kimono - Blue / Black Ankara Print"
"Safari","number","Safari Hawi 3/4 Sleeve Reversible Kimono - Green / Brown Ankara Print"
"Safari","number","Safari Hawi 3/4 Sleeve Reversible Kimono - Orange / Taupe Ankara Print"
"Safari","number","Safari Hawi Double Breasted Kimono Coat - Khaki Brown"
"Safari","number","Safari Hawi Lapel Poncho - Grey"
"Safari","number","Safari Hawi Lapel Poncho - Hunters Green"
"Safari","number","Safari Hawi Lapel Poncho - Mustard"
"Safari","number","Safari Hawi Off Shoulder Bishop Sleeve Tunic Top - Light Blue"
"Safari","number","Safari Hawi Off Shoulder Bishop Sleeve Tunic Top - Taupe"
"Safari","number","Safari Kaya Tappered Pants - Black"
"Safari","number","Safari Kikoy Tunic High Low Top With Side Slits - Light Blue Print"
"Safari","number","Safari Kikoy Tunic High Low Top With Side Slits - Maroon Print"
"Safari","number","Safari Kikoy Wide Elastic Shorts - Pink Print"
"Safari","number","Safari Kikoy Wide Leg Pants -Black"
"Safari","number","Safari Kitenge 3/4 sleeve Maxi Dress - Neba Print"
"Safari","number","Safari Kitenge T-Shirt - White / Chari Print"
"Safari","number","Safari Kitenge T-Shirt - White / Tari Print"
"Safari","number","Safari Lira Drawstring Jacket - Black"
"Safari","number","Safari Lira Drawstring Jacket - Hunters"
"Safari","number","Safari Lira Sleeveless Coat - Taupe"
"Safari","number","Safari Long Sleeve Waterfall - Hunters"
"Safari","number","Safari Maisha Tunic Top - Black Print"
"Safari","number","Safari Mali Gathered Flounce Sleeve Shirt Dress - Mustard"
"Safari","number","Safari Mali Turn Up Hem Pants - Navy Blue"
"Safari","number","Safari Mali Wrap Lapel Top - Navy Blue"
"Safari","number","Safari Men's Cargo Shorts - Beige"
"Safari","number","Safari Nazari Maxi Shirt Dress - Yellow / Cream Print"
"Safari","number","Safari Njano Joggers - Hunters Green / Shama Print"
"Safari","number","Safari Shorts - Almasi"
"Safari","number","Safari Tawi 3/4 Sleeve Off Shoulder Maxi - Purple"
"Safari","number","Safari Tawi A-Line Long Sleeve Shirt Dress - Purple"
"Safari","number","Safari Tawi Bishop Sleeve Tiered Dress - Chocolate"
"Safari","number","Safari Tawi Bishop Sleeve Tiered Dress - Purple"
"Safari","number","Safari Tawi Denim Shirt Dress - Light Blue"
"Safari","number","Safari Tawi Denim Shirt Dress - Midnight Blue"
"Safari","number","Safari Tawi Flounce Tent Dress - Navy Blue"
"Safari","number","Safari Tawi Off Shoulder Knee Length Dress - Pink(Plain Belt)"
"Safari","number","Safari by Vivo Adinkra Tank in Rib - Grey"
"Safari","number","Safari by Vivo Mansi Wide Hem Embroidered Tent Dress -  Orange"
"Safari","number","Safari by Vivo Mansi Wide Hem Embroidered Tent Dress in Cotton -  Mustard"
"Safari","number","Safari by Vivo Mansi Wide Hem Embroidered Tent Dress in Cotton - Black"
"Safari","number","Safari by Vivo Mansi Wide Hem Embroidered Tent Dress in Cotton - Hunters"
"Safari","number","Safari by Vivo Mansi Wide Hem Embroidered Tent Dress in Cotton - Light Green"
"Safari","number","Safari by Vivo Mansi Wide Hem Embroidered Tent Dress in Cotton - Mulberry"
"Safari","number","Safari by Vivo Mansi Wide Hem Embroidered Tent Dress in Cotton - Navy Blue"
"Safari","number","Safari by Vivo Mansi Wide Hem Embroidered Tent Dress in Cotton - Olive Green"
"Vivo","number","Vivo 3/4 Sleeve J.O Jersey A-line Knee Length Dress - Hunters Green"
"Vivo","number","Vivo Adisa Flounce Sleeve Open Jacket - Purple"
"Vivo","number","Vivo Ajani Blouse - Olive"
"Vivo","number","Vivo Ajani Mandarin V-Neck Collar Top - Gold / Navy Blue"
"Vivo","number","Vivo Ajani Mandarin V-Neck Collar Top - Navy Blue / Gold"
"Vivo","number","Vivo Ajani V-Neck Shift Dress - Beige"
"Vivo","number","Vivo Ajani V-Neck Top - Beige / Brown Print"
"Vivo","number","Vivo Ajani V-Neck Top - Black / Forest Green Print"
"Vivo","number","Vivo Ajani V-Neck Top - Black / Grey Chui Print"
"Vivo","number","Vivo Ajani V-Neck Top - Dark Mustard / Black Print"
"Vivo","number","Vivo Ajani V-Neck Top - Multi-Blue Print"
"Vivo","number","Vivo Ajani V-Neck Top - Mustard / Purple Print"
"Vivo","number","Vivo Ajani V-Neck Top - Sea Green / Orange Print"
"Vivo","number","Vivo Ajani V-Neck Top - White / Grey Print"
"Vivo","number","Vivo Ajani Wide Leg Pants - Burgundy"
"Vivo","number","Vivo Alek 3/4 Sleeve A-Line Maxi Kimono - Blue / White print"
"Vivo","number","Vivo Alek 3/4 Sleeve A-Line Maxi Kimono - Brown / White print"
"Vivo","number","Vivo Alek 3/4 Sleeve A-Line Maxi Kimono - Peach / White print"
"Vivo","number","Vivo Alek Halter Neck Maxi Dress - Black / White Mistari Print"
"Vivo","number","Vivo Alek Halter Neck Maxi Dress - Orange / Black Mistari Print"
"Vivo","number","Vivo Alek Shirred Off- Shoulder Jumpsuit - Brown / White Print"
"Vivo","number","Vivo Alek Shirred Off- Shoulder Jumpsuit - Hunters / White Print"
"Vivo","number","Vivo Alek Shirred Off- Shoulder Jumpsuit - Taupe / Black Haro Print"
"Vivo","number","Vivo Alek Shirred Off- Shoulder Jumpsuit - Taupe Jazah Print"
"Vivo","number","Vivo Alika Layered Dress - Green / Navy Blue Siri Print"
"Vivo","number","Vivo Alora 3/4 Sleeve Shift Dress - Tan"
"Vivo","number","Vivo Alora Long Sleeve Top - Black"
"Vivo","number","Vivo Alora Long Sleeve Top - Cream"
"Vivo","number","Vivo Alora Pleated Pants - Taupe"
"Vivo","number","Vivo Alora Round Neck Top - Chocolate"
"Vivo","number","Vivo Alora Shift Dress - Rose"
"Vivo","number","Vivo Amai Asymmetrical Cape - Pink / Blue Biya Print"
"Vivo","number","Vivo Amai Cape Top - Black"
"Vivo","number","Vivo Amai Hi-Low Top - Buttermilk Wingu Print"
"Vivo","number","Vivo Amai Hi-Low Top - Cream Wingu Print"
"Vivo","number","Vivo Amai Hi-Low Top - Navy / Blue Izza Print"
"Vivo","number","Vivo Amai Hi-Low Top - Navy Wingu Print"
"Vivo","number","Vivo Amai Hi-Low Top - Rust"
"Vivo","number","Vivo Amai Hi-Low Top - Taupe Wingu Print"
"Vivo","number","Vivo Amai Off-Shoulder Maxi Dress - Green / Navy Biya Print"
"Vivo","number","Vivo Amai Off-Shoulder Maxi Dress - Hot Pink / Black Biya Print"
"Vivo","number","Vivo Amai Off-Shoulder Maxi Dress - Navy / Blue Biya Print"
"Vivo","number","Vivo Amai Off-Shoulder Maxi Dress - Purple / Black Biya Print"
"Vivo","number","Vivo Amali 3/4 Sleeve Turtleneck Tent Knee Length Dress - Burgundy / Pink Abstract Print"
"Vivo","number","Vivo Amali Wide Leg Rib Pants - Lilac"
"Vivo","number","Vivo Amara Asymmetric Top - Black / Mustard Sanna Print"
"Vivo","number","Vivo Amara Back Pleat Dress - Burgundy / Hunters Bemba Print"
"Vivo","number","Vivo Amara Back Pleat Dress - Green"
"Vivo","number","Vivo Amara Drawstring Maxi Dress - Hunters Green"
"Vivo","number","Vivo Amara Drawstring Maxi Dress - Navy Blue"
"Vivo","number","Vivo Amara Drop Shoulder Kimono - Navy Blue"
"Vivo","number","Vivo Amara Drop Shoulder Kimono - Safron"
"Vivo","number","Vivo Amara Drop Shoulder Kimono - Tan"
"Vivo","number","Vivo Amara Midi Waterfall - Tan"
"Vivo","number","Vivo Amara Sleeveless High Low Top - Hunters"
"Vivo","number","Vivo Amara Sleeveless High Low Top - Safron"
"Vivo","number","Vivo Amara V-Neck Maxi Dress - Safron"
"Vivo","number","Vivo Analo Wide Hem Tent Dress - Grey"
"Vivo","number","Vivo Analo Wide Hem Tent Dress - Light Purple"
"Vivo","number","Vivo Analo Wide Leg Pants - Navy"
"Vivo","number","Vivo Analo Wide Leg Pants - Olive"
"Vivo","number","Vivo Arafa Long Sleeve Tie Dress - Green / Orange Rafa Print"
"Vivo","number","Vivo Arafa Short Sleeve Shift Dress - Navy Blue"
"Vivo","number","Vivo Arafa Sleeveless Jacket - Dark Green"
"Vivo","number","Vivo Arafa V-Neck Bodycon - Navy Blue"
"Vivo","number","Vivo Arafa V-Neck Bodycon - Navy Blue / White"
"Vivo","number","Vivo Arafa Wrap Dress - Maroon"
"Vivo","number","Vivo Asha Drop Shoulder Knee Length Dress - Black / Yellow Floral Print"
"Vivo","number","Vivo Asha Drop Shoulder Knee Length Dress - Dark Navy / Cream Samara Print"
"Vivo","number","Vivo Asha Drop Shoulder Knee Length Dress - White / Black Floral Print"
"Vivo","number","Vivo Asha Drop Shoulder Maxi Shirt Dress - Beige / Black Print"
"Vivo","number","Vivo Asha Drop Shoulder Maxi Shirt Dress - Blue / Black Weni Print"
"Vivo","number","Vivo Asha Drop Shoulder Maxi Shirt Dress - Dark Green"
"Vivo","number","Vivo Asha Drop Shoulder Maxi Shirt Dress - Dark Mustard / Black Weni Print"
"Vivo","number","Vivo Asha Drop Shoulder Maxi Shirt Dress - Mustard / Black Lala Print"
"Vivo","number","Vivo Asha Drop Shoulder Maxi Shirt Dress - Navy / Cream Bia Print"
"Vivo","number","Vivo Asha Drop Shoulder Maxi Shirt Dress - Tan / Black Bia Print"
"Vivo","number","Vivo Asha Sleeveless Knee Length Dress - Cream / Navy Print"
"Vivo","number","Vivo Asha Sleeveless Knee Length Dress - Grey / Black Print"
"Vivo","number","Vivo Asha Sleeveless Knee Length Dress - White / Black Jilo Print"
"Vivo","number","Vivo Asha Sleeveless Knee Length Dress - White / Navy Print"
"Vivo","number","Vivo Asha Sleeveless Maxi Dress - Burgundy Peli Print"
"Vivo","number","Vivo Asha Sleeveless Maxi Dress - Light Olive / Navy Ela Print"
"Vivo","number","Vivo Asha Sleeveless Maxi Dress - Mustard / Brown Lalo Print"
"Vivo","number","Vivo Asha Sleeveless Maxi Dress - Taupe / Black Tuli Print"
"Vivo","number","Vivo Asha Sleeveless Maxi Dress - White Peli Print"
"Vivo","number","Vivo Ava 3/4 Sleeve Kimono - Off White"
"Vivo","number","Vivo Ava 3/4 Sleeve Kimono -White"
"Vivo","number","Vivo Ava Front Pleat Knee Length Dress - Peach / White Print"
"Vivo","number","Vivo Ava Front Pleat Maxi Dress - Black / Rust Print"
"Vivo","number","Vivo Ava Front Pleat Maxi Dress - Brown"
"Vivo","number","Vivo Ava Front Pleat Maxi Dress - Brown / Black Print"
"Vivo","number","Vivo Ava Front Pleat Maxi Dress - Grey / Rust Print"
"Vivo","number","Vivo Ava Front Pleat Maxi Dress - Navy / Mustard Ama Print"
"Vivo","number","Vivo Ava Front Pleat Maxi Dress - Orange / Black Ala Print"
"Vivo","number","Vivo Ava Front Pleat Maxi Dress - Red"
"Vivo","number","Vivo Ava Tent Flounce Maxi Dress - Beige / White Print"
"Vivo","number","Vivo Ava Tent Knee Length Dress - Grey / Black Print"
"Vivo","number","Vivo Ava Tent Knee Length Dress - Hunters Green / Cream Print"
"Vivo","number","Vivo Ava Tent Knee Length Dress - Lilac / Lime Abasi Print"
"Vivo","number","Vivo Ava Tent Knee Length Dress - Lime / Yellow Abasi Print"
"Vivo","number","Vivo Ava Tent Knee Length Dress - Orange / Lilac Abasi Print"
"Vivo","number","Vivo Ava Tent Knee Length Dress - Pink / Hunters Green Print"
"Vivo","number","Vivo Ava Tent Knee Length Dress - Purple / Black Nurra Print"
"Vivo","number","Vivo Ava Tent Knee Length Dress - Purple / Black Savi Print"
"Vivo","number","Vivo Ava Tent Knee Length Dress - White / Pink Abasi Print"
"Vivo","number","Vivo Ava Tent Maxi Dress - Cream / Orange Print"
"Vivo","number","Vivo Ava Tent Maxi Dress - Mustard / Black Jilo Print"
"Vivo","number","Vivo Ava Tent Maxi Dress - Orange / Off White Print"
"Vivo","number","Vivo Ayah Bishop Sleeve Mock Neck Top - Purple"
"Vivo","number","Vivo Ayah Kimono - Lilac / Black Tullu Print"
"Vivo","number","Vivo Ayana Cap Sleeve High Low Tent Dress - Green Print"
"Vivo","number","Vivo Ayana Cap Sleeve High Low Tent Dress - Mustard / Navy Print"
"Vivo","number","Vivo Ayana Cap Sleeve High Low Tent Dress - Mustard Print"
"Vivo","number","Vivo Ayana Cap Sleeve High Low Tent Dress - Navy / Brown Yana Print"
"Vivo","number","Vivo Ayana Cap Sleeve High Low Tent Dress - Rust / Hunters Print"
"Vivo","number","Vivo Ayla Crepe Pants - Light Dust Pink / Black Lala Print"
"Vivo","number","Vivo Ayla Crepe Pants - Mustard / Black Lala Print"
"Vivo","number","Vivo Ayla Crepe Pants - Navy / Burgundy Hali Print"
"Vivo","number","Vivo Ayla Drop Shoulder Jumpsuit - Navy / Orange Print"
"Vivo","number","Vivo Ayla Drop Shoulder Jumpsuit - Navy/ Cream Print"
"Vivo","number","Vivo Ayla Loose Top - Caramel"
"Vivo","number","Vivo Ayla Loose Top - Rust"
"Vivo","number","Vivo Ayla Off-Shoulder Dress - Blush Pink/ Black Meti Print"
"Vivo","number","Vivo Ayla Off-Shoulder Dress - Cream / Black Meti Print"
"Vivo","number","Vivo Ayla Off-Shoulder Jumpsuit - Light Taupe / Black Lala Print"
"Vivo","number","Vivo Ayla Off-Shoulder Jumpsuit -Black / Taupe Umbo Print"
"Vivo","number","Vivo Ayo Tent Dress - Green / White Print"
"Vivo","number","Vivo Ayo Tent Dress - Mint Green / Black Print"
"Vivo","number","Vivo Ayo Tent Dress - Peach / Off-White Abstract Print"
"Vivo","number","Vivo Ayo Tent Dress - White / Taupe Print"
"Vivo","number","Vivo Ayo Tent Dress - Yellow / Black Print"
"Vivo","number","Vivo Azawi Cap Sleeve Panelled Dress - Black / White"
"Vivo","number","Vivo Azawi Pencil Skirt - Black / White"
"Vivo","number","Vivo Azawi Sleeveless Overcoat - Burgundy"
"Vivo","number","Vivo Azawi Sleeveless Overcoat - Hunters Green"
"Vivo","number","Vivo Bana Batwing Top - Burgundy"
"Vivo","number","Vivo Bana Front Tie Cap Sleeve Bodysuit - Burgundy"
"Vivo","number","Vivo Basic 3/4 Sleeve A-Line Maxi Dress - Burgundy"
"Vivo","number","Vivo Basic 3/4 Sleeve A-Line Maxi Dress - Hunters Green"
"Vivo","number","Vivo Basic 3/4 Sleeve A-Line Wrap Maxi Dress - Burgundy"
"Vivo","number","Vivo Basic 3/4 Sleeve Double Layered Bodycon Dress - Green"
"Vivo","number","Vivo Basic 3/4 Sleeve Double Layered Bodycon Dress - Hunters"
"Vivo","number","Vivo Basic 3/4 Sleeve Double Layered Bodycon Dress - Orange"
"Vivo","number","Vivo Basic 3/4 Sleeve Kim Bodycon Dress - Navy Blue"
"Vivo","number","Vivo Basic 3/4 Sleeve Leila Bodycon Dress - Burgundy"
"Vivo","number","Vivo Basic 3/4 Sleeve Leila Bodycon Dress - Navy Blue"
"Vivo","number","Vivo Basic 3/4 Sleeve Top - Green"
"Vivo","number","Vivo Basic 3/4 Sleeve Top - Navy Blue"
"Vivo","number","Vivo Basic 3/4 Sleeve Top - Orange"
"Vivo","number","Vivo Basic 3/4 Sleeved Double Layered Bodysuit - Buttermilk"
"Vivo","number","Vivo Basic Abby Loose Top - Blue"
"Vivo","number","Vivo Basic Abby Loose Top - Navy Blue"
"Vivo","number","Vivo Basic Abby Loose Top - Orange"
"Vivo","number","Vivo Basic Abby Loose Top - White"
"Vivo","number","Vivo Basic Angela Cowl Loose Top - Dark Teal"
"Vivo","number","Vivo Basic Angela Cowl Loose Top - Yellow"
"Vivo","number","Vivo Basic Ayo Bishop Sleeve Dress - Black / Brown Print"
"Vivo","number","Vivo Basic Ayo Bishop Sleeve Dress - Cream / Navy Print"
"Vivo","number","Vivo Basic Ayo Bishop Sleeve Dress - Navy / Brown Print"
"Vivo","number","Vivo Basic Ayo Bishop Sleeve Dress - Navy / Orange Iyo Print"
"Vivo","number","Vivo Basic Ayo Bishop Sleeve Dress - Navy / Peach Print"
"Vivo","number","Vivo Basic Ayo Bishop Sleeve Dress - Navy / Pink Print"
"Vivo","number","Vivo Basic Aziza Belt - Blue / Yellow Print"
"Vivo","number","Vivo Basic Aziza Belt - Jua Print"
"Vivo","number","Vivo Basic Aziza Belt - Mshale Print"
"Vivo","number","Vivo Basic Bodycon Dress - Light Grey"
"Vivo","number","Vivo Basic Bodycon Dress - White"
"Vivo","number","Vivo Basic Boundneck Puff Sleeve Top - Blue"
"Vivo","number","Vivo Basic Cap Sleeve Knee Length Dress - Beige / Brown Abstract Print"
"Vivo","number","Vivo Basic Cap Sleeve Knee Length Dress - Black / White Floral Print"
"Vivo","number","Vivo Basic Cap Sleeve Knee Length Dress - Dark Navy / Mustard Print"
"Vivo","number","Vivo Basic Cap Sleeve Knee Length Dress - Mint Green / Black Floral Print"
"Vivo","number","Vivo Basic Cap Sleeve Knee Length Dress - White / Black Floral Print"
"Vivo","number","Vivo Basic Cap Sleeve Knee Length Tent Dress - Black / White Biana Print"
"Vivo","number","Vivo Basic Cap Sleeve Knee Length Tent Dress - Blue / Black Capi Print"
"Vivo","number","Vivo Basic Cap Sleeve Knee Length Tent Dress - Hunters / Grey Print"
"Vivo","number","Vivo Basic Cap Sleeve Knee Length Tent Dress - Navy / Mustard Print"
"Vivo","number","Vivo Basic Cap Sleeve Knee Length Tent Dress - White / Red Stawi Print"
"Vivo","number","Vivo Basic Cap Sleeve Knee Length Tent Dress -Olive / Black Capi Print"
"Vivo","number","Vivo Basic Cap Sleeve Knee Length Tent Dress -Tan/ Black Capi Print"
"Vivo","number","Vivo Basic Cap Sleeve Maxi Tent Dress - Black / White Print"
"Vivo","number","Vivo Basic Cap Sleeve Maxi Tent Dress - Dark Green / Black Print"
"Vivo","number","Vivo Basic Cap Sleeve Maxi Tent Dress - Khaki / Black Abeni Print"
"Vivo","number","Vivo Basic Cap Sleeve Maxi Tent Dress - Navy / Mustard Tanta Print"
"Vivo","number","Vivo Basic Cap Sleeve Maxi Tent Dress - Navy Polka Print"
"Vivo","number","Vivo Basic Cap Sleeve Maxi Tent Dress - Pink / Black Abeni Print"
"Vivo","number","Vivo Basic Cap Sleeve Maxi Tent Dress - Rust / Black Abeni Print"
"Vivo","number","Vivo Basic Cap Sleeve Maxi Tent Dress - Taupe Polka Print"
"Vivo","number","Vivo Basic Cap Sleeve Maxi Tent Dress - White / Orange Sabi Print"
"Vivo","number","Vivo Basic Cap Sleeve Maxi Tent Dress - White / Red Print"
"Vivo","number","Vivo Basic Cap Sleeve Maxi Tent Dress - Yellow / Black Diti Print"
"Vivo","number","Vivo Basic Cap Sleeve Tent Knee Length Dress - Black / White Kamai Print"
"Vivo","number","Vivo Basic Cap Sleeve Tent Knee Length Dress - Black / White Print"
"Vivo","number","Vivo Basic Cap Sleeve Tent Knee Length Dress - Buttermilk"
"Vivo","number","Vivo Basic Cap Sleeve Tent Knee Length Dress - Green / White Oken Print"
"Vivo","number","Vivo Basic Cap Sleeved Bodysuit - Grey"
"Vivo","number","Vivo Basic Cap Sleeved Bodysuit - Pink"
"Vivo","number","Vivo Basic Cap Sleeved Bodysuit - Purple"
"Vivo","number","Vivo Basic Cap Sleeved Leila Dress - Burgundy"
"Vivo","number","Vivo Basic Chiffon Bishop Sleeve Top (Double Layered) - Magenta"
"Vivo","number","Vivo Basic Chiffon Cap Sleeve Top (Double Layered) - Dark Tan"
"Vivo","number","Vivo Basic Chiffon Cap Sleeve Top (Double Layered) - Light Navy"
"Vivo","number","Vivo Basic Chiffon Cap Sleeve Top (Double Layered) - Light Taupe"
"Vivo","number","Vivo Basic Chiffon Cap Sleeve Top (Double Layered) - Lilac Lusture"
"Vivo","number","Vivo Basic Chiffon Drop Shoulder Top - Black Textured"
"Vivo","number","Vivo Basic Chiffon Dropped Shoulder Top - Hunters Green"
"Vivo","number","Vivo Basic Chiffon Dropped Shoulder Top - Taupe"
"Vivo","number","Vivo Basic Cowl Jersey Top - Black"
"Vivo","number","Vivo Basic Cowl Jersey Tunic Top - Black"
"Vivo","number","Vivo Basic Crepe Cap Sleeve Top - Jungle Green"
"Vivo","number","Vivo Basic Crepe Cap Sleeved Top - Beige / Brown Print"
"Vivo","number","Vivo Basic Crepe Cap Sleeved Top - Black / White Meni Print"
"Vivo","number","Vivo Basic Crepe Cap Sleeved Top - Dusty Pink / Black Meti print"
"Vivo","number","Vivo Basic Crepe Cap Sleeved Top In Crepe - Mustard"
"Vivo","number","Vivo Basic Crepe Pants - Purple"
"Vivo","number","Vivo Basic Cuffed Dolman Jersey Dress - Burgundy"
"Vivo","number","Vivo Basic Cuffed Dolman Jersey Dress - Safron"
"Vivo","number","Vivo Basic Dolman Maxi Dress - Dark Green"
"Vivo","number","Vivo Basic Dolman Maxi Dress - Light Orange"
"Vivo","number","Vivo Basic Dolman Maxi Dress - Navy Blue"
"Vivo","number","Vivo Basic Dolman Maxi Dress - Tan"
"Vivo","number","Vivo Basic Dolman Maxi Dress - Taupe"
"Vivo","number","Vivo Basic Double Layered Long Sleeved Bodysuit - Dark Green"
"Vivo","number","Vivo Basic Double Layered Long Sleeved Bodysuit - Taupe"
"Vivo","number","Vivo Basic Double Layered Long Sleeved Bodysuit - Yellow"
"Vivo","number","Vivo Basic Drop Shoulder Dolman Dress - Navy Blue"
"Vivo","number","Vivo Basic Escape A-Line Dress - Taupe / Burgundy Esai Print"
"Vivo","number","Vivo Basic Extra Long Lily Waterfall - Taupe"
"Vivo","number","Vivo Basic Extra Long Lily Waterfall - White"
"Vivo","number","Vivo Basic Faux Pocket Leisure Pants - Dark Green"
"Vivo","number","Vivo Basic Imelda Cowl Sweater - White"
"Vivo","number","Vivo Basic Imelda Top - Orange"
"Vivo","number","Vivo Basic Imelda Top - Rust"
"Vivo","number","Vivo Basic Imelda Top - Tan"
"Vivo","number","Vivo Basic Jersey Cascade Waterfall - Green"
"Vivo","number","Vivo Basic Jersey Cascade Waterfall - Rust"
"Vivo","number","Vivo Basic Jersey Cascade Waterfall - Safron"
"Vivo","number","Vivo Basic Julia Back Pleat Knee Length Dress - Black"
"Vivo","number","Vivo Basic Julia Back Pleat Knee Length Dress - Orange"
"Vivo","number","Vivo Basic Julia Back Pleat Maxi Dress - Orange"
"Vivo","number","Vivo Basic Kena Tent Knee Length Dress - Taupe"
"Vivo","number","Vivo Basic Knee Length Shirt Dress - Cream / Navy Print"
"Vivo","number","Vivo Basic Knee Length Shirt Dress - Rust / Navy Print"
"Vivo","number","Vivo Basic Leila Long Sleeve Asymmetrical Waterfall - White"
"Vivo","number","Vivo Basic Leila Maxi Waterfall - Black"
"Vivo","number","Vivo Basic Leila Maxi Waterfall - Buttermilk"
"Vivo","number","Vivo Basic Leila Maxi Waterfall - Taupe"
"Vivo","number","Vivo Basic Leila Short Waterfall - Mustard"
"Vivo","number","Vivo Basic Leisure Pants - Grey"
"Vivo","number","Vivo Basic Leisure Pants - Maroon"
"Vivo","number","Vivo Basic Lined Capri Skirt - Dark Green"
"Vivo","number","Vivo Basic Lined Capri Skirt - Raspberry"
"Vivo","number","Vivo Basic Long Lily Waterfall - Sea Green"
"Vivo","number","Vivo Basic Long Sleeve Bodysuit (Seamless) - Black"
"Vivo","number","Vivo Basic Long Sleeve Bodysuit (Seamless) - Grey"
"Vivo","number","Vivo Basic Long Sleeve Tent Shirt Dress - Beige / Black Print"
"Vivo","number","Vivo Basic Long Sleeve Tent Shirt Dress - Dark Green"
"Vivo","number","Vivo Basic Long Sleeved Bishop Top - Black Textured"
"Vivo","number","Vivo Basic Long Sleeved Bishop Top - Green / White Ifi Print"
"Vivo","number","Vivo Basic Long Sleeved Bishop Top - Mint"
"Vivo","number","Vivo Basic Long Sleeved Bishop Top - Red / White Ifi Print"
"Vivo","number","Vivo Basic Long Sleeved Bodysuit in Jersey - Safron"
"Vivo","number","Vivo Basic Long Sleeved Double Layered Bodycon - Black"
"Vivo","number","Vivo Basic Long Sleeved Double Layered Bodycon - Rust"
"Vivo","number","Vivo Basic Long Sleeved Double Layered Bodycon - Teal"
"Vivo","number","Vivo Basic Long Sleeved Top - Forest Green"
"Vivo","number","Vivo Basic Long Sleeved Top - Sea Green"
"Vivo","number","Vivo Basic Long Sleeved Top - Tan"
"Vivo","number","Vivo Basic Long Sleeved Top - White"
"Vivo","number","Vivo Basic Maxi Butterfly Waterfall - Mulberry"
"Vivo","number","Vivo Basic May Jersey Waterfall - Safron"
"Vivo","number","Vivo Basic May Jersey Waterfall - Tan"
"Vivo","number","Vivo Basic May Sweater - Dark Green"
"Vivo","number","Vivo Basic May Sweater - Dark Rust"
"Vivo","number","Vivo Basic Midi Pencil Skirt - Dark Green"
"Vivo","number","Vivo Basic Midi Pencil Skirt - Maroon"
"Vivo","number","Vivo Basic Mini Butterfly Waterfall - Deep Teal"
"Vivo","number","Vivo Basic Nalia High Low Jersey Top - Taupe"
"Vivo","number","Vivo Basic Nalia High Low Jersey Top - White"
"Vivo","number","Vivo Basic Nalia High Low Jersey Top - Yellow"
"Vivo","number","Vivo Basic Nalia High-low Chiffon Top - Khaki"
"Vivo","number","Vivo Basic Nalia Satin High Low Top - Dust Grey"
"Vivo","number","Vivo Basic Nalia Satin High Low Top - Peach"
"Vivo","number","Vivo Basic Nandi High Slit Kimono - Black / White Print"
"Vivo","number","Vivo Basic Nandi High Slit Kimono - Blue"
"Vivo","number","Vivo Basic Nandi High Slit Kimono - Lime Green / Black Abstract Print"
"Vivo","number","Vivo Basic Neo Extra Long Lily Waterfall - Light Burgundy"
"Vivo","number","Vivo Basic Neo Sienna Waterfall - Red"
"Vivo","number","Vivo Basic Neo Sienna Waterfall - White"
"Vivo","number","Vivo Basic Olivia Bishop Sleeve Top - Green / Black Abstract Print"
"Vivo","number","Vivo Basic Palazzo Pants - Chocolate"
"Vivo","number","Vivo Basic Palazzo Pants - Dark Green"
"Vivo","number","Vivo Basic Pencil Skirt - Dark Grey"
"Vivo","number","Vivo Basic Puff Sleeved Bodycon - Burgundy"
"Vivo","number","Vivo Basic Puff Sleeved Bodycon - Taupe"
"Vivo","number","Vivo Basic Ribbed Turtleneck Top - Grey"
"Vivo","number","Vivo Basic Ribbed Turtleneck Top - Yellow"
"Vivo","number","Vivo Basic Round Neck Maxi Dress - Black / Orange"
"Vivo","number","Vivo Basic Round Neck Maxi Dress - Chocolate / Orange"
"Vivo","number","Vivo Basic Satin Bishop Sleeve Top - Sea Green / Navy Nita Print"
"Vivo","number","Vivo Basic Satin Bishop Sleeved Top - Blue / Rust Floral Print"
"Vivo","number","Vivo Basic Satin Bishop Sleeved Top - Dark Teal"
"Vivo","number","Vivo Basic Satin Bishop Sleeved Top - Navy / Yellow Nina Print"
"Vivo","number","Vivo Basic Satin Bishop Sleeved Top - Navy Blue"
"Vivo","number","Vivo Basic Satin Bishop Sleeved Top - Olive"
"Vivo","number","Vivo Basic Satin Bishop Sleeved Top - Sea Green"
"Vivo","number","Vivo Basic Satin Cap Sleeve Top - Beige / Black Bai Print"
"Vivo","number","Vivo Basic Satin Cap Sleeve Top - Beige / Green Bai Print"
"Vivo","number","Vivo Basic Satin Cap Sleeve Top - Black / Green Bai Print"
"Vivo","number","Vivo Basic Satin Cap Sleeve Top - Brown"
"Vivo","number","Vivo Basic Satin Cap Sleeve Top - Grey"
"Vivo","number","Vivo Basic Satin Cap Sleeve Top - Hot Pink"
"Vivo","number","Vivo Basic Satin Cap Sleeve Top - Light Blue"
"Vivo","number","Vivo Basic Satin Cap Sleeve Top - Lilac / Navy Ullu Print"
"Vivo","number","Vivo Basic Satin Cap Sleeve Top - Olive"
"Vivo","number","Vivo Basic Satin Cap Sleeve Top - Peach"
"Vivo","number","Vivo Basic Satin Cap Sleeve Top - White"
"Vivo","number","Vivo Basic Satin Cap Sleeve Top - White / Grey Bia Print"
"Vivo","number","Vivo Basic Satin Cap Sleeve Top - White / Mustard Ullu Print"
"Vivo","number","Vivo Basic Satin Dropped Shoulder Top - Black / Taupe Deli Print"
"Vivo","number","Vivo Basic Shirred Sleeve Dress Top - Dark Taupe"
"Vivo","number","Vivo Basic Short Lily Waterfall - Light Taupe"
"Vivo","number","Vivo Basic Short Lily Waterfall - Mustard"
"Vivo","number","Vivo Basic Short Lily Waterfall - Navy Blue"
"Vivo","number","Vivo Basic Short Lily Waterfall - Orange"
"Vivo","number","Vivo Basic Short May Jersey Waterfall - Light Taupe"
"Vivo","number","Vivo Basic Short Sleeve Top - Hunters Green"
"Vivo","number","Vivo Basic Short Waterfall - Blue"
"Vivo","number","Vivo Basic Side Twist Knee Length Dress - Safron"
"Vivo","number","Vivo Basic Side Twist Knee Length Dress - Taupe"
"Vivo","number","Vivo Basic Sienna Jersey Top - Green"
"Vivo","number","Vivo Basic Sienna Jersey Top - Orange"
"Vivo","number","Vivo Basic Sienna Jersey Top - Sea Green"
"Vivo","number","Vivo Basic Sienna Jersey Top - Yellow"
"Vivo","number","Vivo Basic Sienna Waterfall - Green"
"Vivo","number","Vivo Basic Sienna Waterfall - Navy Blue"
"Vivo","number","Vivo Basic Sienna Waterfall - Safron"
"Vivo","number","Vivo Basic Sienna Waterfall - Tan"
"Vivo","number","Vivo Basic Sienna Waterfall - White"
"Vivo","number","Vivo Basic Sienna Waterfall - Yellow"
"Vivo","number","Vivo Basic Sleeveless Cowl Sweater Top - Grey"
"Vivo","number","Vivo Basic Sleeveless Double Layered Bodycon - Deep Teal"
"Vivo","number","Vivo Basic Sleeveless Double Layered Bodycon - Mustard"
"Vivo","number","Vivo Basic Sleeveless Double Layered Bodycon - Navy Blue"
"Vivo","number","Vivo Basic Sleeveless Double Layered Coat - Black"
"Vivo","number","Vivo Basic Sleeveless Double Layered Coat - Buttermilk"
"Vivo","number","Vivo Basic Sleeveless Double Layered Coat - Dark Green"
"Vivo","number","Vivo Basic Sleeveless Extra Long Lily Waterfall - Orange"
"Vivo","number","Vivo Basic Sleeveless Jersey Waterfall - Chocolate"
"Vivo","number","Vivo Basic Sleeveless Jersey Waterfall - Off White"
"Vivo","number","Vivo Basic Sleeveless Leila Bodycon Dress - Light Taupe"
"Vivo","number","Vivo Basic Sleeveless Long Lily Waterfall - Dark Green"
"Vivo","number","Vivo Basic Sleeveless Ponte Circular Dress - White"
"Vivo","number","Vivo Basic Sleeveless Tent Dress - Black / White Polka Dot"
"Vivo","number","Vivo Basic Sleeveless Tent Dress - Grey / Black Print"
"Vivo","number","Vivo Basic Sleeveless Tent Dress - Navy / Tan Sika Print"
"Vivo","number","Vivo Basic Sleeveless Tent Maxi Dress - Black / Orange Print"
"Vivo","number","Vivo Basic Sleeveless Tent Maxi Dress - Coral / Black Abstract Print"
"Vivo","number","Vivo Basic Sleeveless Tent Maxi Dress - Cream / Chocolate Doret Print"
"Vivo","number","Vivo Basic Sleeveless Tent Maxi Dress - Cream / Red Print"
"Vivo","number","Vivo Basic Sleeveless Tent Maxi Dress - Orange / Green Print"
"Vivo","number","Vivo Basic Sleeveless Tent Maxi Dress - Tan / Black Fan Print"
"Vivo","number","Vivo Basic Sleeveless Tent Maxi Dress - Yellow / Black Abstract Print"
"Vivo","number","Vivo Basic Straight Skirt - Dark Green"
"Vivo","number","Vivo Basic Straight Skirt - Yellow"
"Vivo","number","Vivo Basic Strappy Cullote Jumpsuit - Blue / White Floral Print"
"Vivo","number","Vivo Basic Tolani Jersey Dress - Forest Green"
"Vivo","number","Vivo Basic Tolani Jersey Dress - Orange"
"Vivo","number","Vivo Basic Tolani Jersey Dress - Teal"
"Vivo","number","Vivo Basic Tsavo Scalloped Chiffon Top - Coral"
"Vivo","number","Vivo Basic Tsavo Scalloped Chiffon Top - Hunters"
"Vivo","number","Vivo Basic Tsavo Scalloped Chiffon Top - Mustard"
"Vivo","number","Vivo Basic Tsavo Scalloped Chiffon Top - White / Hunters Liwi Print"
"Vivo","number","Vivo Basic Tulia Long Sleeved Top - Orange"
"Vivo","number","Vivo Basic Tulip Sweater - Red"
"Vivo","number","Vivo Basic Turtle Neck Top - Red"
"Vivo","number","Vivo Basic V-Neck Long Sleeve Top - Burgundy"
"Vivo","number","Vivo Basic V-Neck Long Sleeve Top - Dark Green"
"Vivo","number","Vivo Basic Val Cap Sleeve Top - Burgundy"
"Vivo","number","Vivo Basic Val Cap Sleeve Top - Burnt Orange"
"Vivo","number","Vivo Basic Val Cap Sleeve Top - Orange"
"Vivo","number","Vivo Basic Val Cap Sleeve Top - Safron"
"Vivo","number","Vivo Basic Val Cap Sleeve Top - Tan"
"Vivo","number","Vivo Basic Val Long Sleeve Top - Deep Teal"
"Vivo","number","Vivo Basic Val Long Sleeve Top - Light Chocolate"
"Vivo","number","Vivo Basic Vanessa Double Layered Bodycon Dress - Orange"
"Vivo","number","Vivo Basic Waridi Pencil Skirt - White"
"Vivo","number","Vivo Basic Waridi Pencil Skirt - Yellow"
"Vivo","number","Vivo Basic Waterfall - Black"
"Vivo","number","Vivo Basic Waterfall - Burgundy"
"Vivo","number","Vivo Basic Waterfall - Dark Mustard"
"Vivo","number","Vivo Basic Wide High Low Jersey Top - Orange"
"Vivo","number","Vivo Basic Wide High Loww Jersey Top - Hunters"
"Vivo","number","Vivo Basic sleeveless jersey waterfall - Yellow"
"Vivo","number","Vivo Beali Baby Doll Dress - Dark Taupe / Navy Lea Print"
"Vivo","number","Vivo Beali Blazer - Beige / Gold Lea Print"
"Vivo","number","Vivo Beali Blazer - Tan / Navy Lea Print"
"Vivo","number","Vivo Beali Shirred Midriff Top - Tan / Navy Lea Print"
"Vivo","number","Vivo Beali Wide Leg Pants - Tan / Navy Lea Print"
"Vivo","number","Vivo Beali Wrap Shirt Dress - White / Chocolate Lea Print"
"Vivo","number","Vivo Bodysuits T- Shirts & Tank Tops - RFS 1"
"Vivo","number","Vivo Bodysuits T- Shirts & Tank Tops - RFS 2"
"Vivo","number","Vivo Bodysuits T- Shirts & Tank Tops - RFS 3"
"Vivo","number","Vivo Bodysuits T- Shirts & Tank Tops - RFS 4"
"Vivo","number","Vivo Bodysuits T- Shirts & Tank Tops - RFS 5"
"Vivo","number","Vivo Bodysuits, Shirts, T- Shirts & Tank Tops  - FS 4"
"Vivo","number","Vivo Bodysuits, Shirts, T- Shirts & Tank Tops  - FS 5"
"Vivo","number","Vivo Chari Basic Chiffon Bishop Sleeve Top (Double Layered) - Chocolate"
"Vivo","number","Vivo Chari Shift Dress - Cream / Navy Print"
"Vivo","number","Vivo Chari Shift Dress - Peach / Navy Print"
"Vivo","number","Vivo Chari Straight Leg Pants - Black"
"Vivo","number","Vivo Chela Basic Cap Sleeve Top - Peach"
"Vivo","number","Vivo Chela Tank Top - Brown"
"Vivo","number","Vivo Chesi Kimono - Aloe / Black Hesi Print"
"Vivo","number","Vivo Chesi Kimono - Mint / Hunters Green Hesi Print"
"Vivo","number","Vivo Chesi V-Neck Dress - Rose / Pink Hesi Print"
"Vivo","number","Vivo Chesi V-Neck Maxi Dress - Carmel / Black Hesi Print"
"Vivo","number","Vivo Chesi V-Neck Maxi Dress - Lilac / Navy Print"
"Vivo","number","Vivo Chesi Wide Leg Pants - Aloe / Black Hesi Print"
"Vivo","number","Vivo Chidii Cape Dress - Red / Black Ameli Print"
"Vivo","number","Vivo Chidii Drop Shoulder Kimono - White / Black Koto Print"
"Vivo","number","Vivo Chidii Maxi Kaftan  - FS"
"Vivo","number","Vivo Chidii Off Shoulder Maxi Dress - Rust"
"Vivo","number","Vivo Cuffed Wide Sweater - Fuschia / Light Navy"
"Vivo","number","Vivo Cuffed Wide Sweater - Raspberry"
"Vivo","number","Vivo Culottes - Aldabra"
"Vivo","number","Vivo Dali 3/4 Cut Out Sleeve Maxi Dress - Burgundy / Peach Print"
"Vivo","number","Vivo Dali 3/4 Cut Out Sleeve Maxi Dress - Green / Orange Print"
"Vivo","number","Vivo Dali Panel Dress - Dark Green"
"Vivo","number","Vivo Dali Strappy Cold Shoulder Top - Black"
"Vivo","number","Vivo Dali Tie Kimono - Grey"
"Vivo","number","Vivo Dalia Cap Sleeve Gathered Tent Dress - Light Brown"
"Vivo","number","Vivo Dalia Cap Sleeve Gathered Tent Dress - Navy Blue"
"Vivo","number","Vivo Dalia Cap Sleeve Gathered Tent Dress - Off White"
"Vivo","number","Vivo Dalia Off Shoulder Jumpsuit - Hunters / White Abstract Print"
"Vivo","number","Vivo Dalia Off Shoulder Jumpsuit - Mustard / Navy Abstract Print"
"Vivo","number","Vivo Dalia Sleeveless Gathered Tent Dress - Grey"
"Vivo","number","Vivo Dalia Sleeveless Gathered Tent Dress - Mustard"
"Vivo","number","Vivo Dalia Sleeveless Gathered Tent Dress - Orange / Green Print"
"Vivo","number","Vivo Dalia Sleeveless Gathered Tent Dress - Orange / Red Print"
"Vivo","number","Vivo Dalia Sleeveless Gathered Tent Dress - Peach / Green Print"
"Vivo","number","Vivo Dalia Sleeveless Gathered Tent Dress - Provincal Blue"
"Vivo","number","Vivo Dalia Sleeveless Gathered Tent Dress - Rust"
"Vivo","number","Vivo Dalia Sleeveless Gathered Tent Dress - Sea Green"
"Vivo","number","Vivo Dalia Sleeveless Gathered Tent Dress - White"
"Vivo","number","Vivo Dayo Off-Shoulder Slit Maxi Dress - Dark Green"
"Vivo","number","Vivo Drawcord Jacket in Satin - Navy Blue"
"Vivo","number","Vivo Dua 3/4 Sleeved V Neck Shirt - Buttermilk / Red Arisi Print"
"Vivo","number","Vivo Dua 3/4 Sleeved V Neck Shirt - Chocolate Brown"
"Vivo","number","Vivo Dua 3/4 Sleeved V Neck Shirt - Light Taupe"
"Vivo","number","Vivo Dua 3/4 Sleeved V Neck Shirt - Taupe"
"Vivo","number","Vivo Dua Long Bishop Sleeve Top - Black"
"Vivo","number","Vivo Dua Long Bishop Sleeve Top - Cream"
"Vivo","number","Vivo Dua Long Bishop Sleeve Top - Hot Pink"
"Vivo","number","Vivo Dua Long Bishop Sleeve Top - Hunters Green"
"Vivo","number","Vivo Dua Long Bishop Sleeve Top - Orange"
"Vivo","number","Vivo Dua Long Bishop Sleeve Top - Rose Pink Textured"
"Vivo","number","Vivo Dua Shirt - Hunters Green"
"Vivo","number","Vivo Fitted Tops - FS 1"
"Vivo","number","Vivo Fitted Tops - FS 2"
"Vivo","number","Vivo Fitted Tops - FS 3"
"Vivo","number","Vivo Fitted Tops - FS 4"
"Vivo","number","Vivo Fitted Tops - FS 5"
"Vivo","number","Vivo Fitted Tops - FS 6"
"Vivo","number","Vivo Fitted Tops - RFS 2"
"Vivo","number","Vivo Fitted Tops - RFS 3"
"Vivo","number","Vivo Fitted Tops - RFS 4"
"Vivo","number","Vivo Fitted Tops - RFS 5"
"Vivo","number","Vivo Fitted Tops - RFS 6"
"Vivo","number","Vivo Full Length Pants - FS 1"
"Vivo","number","Vivo Full Length Pants - FS 2"
"Vivo","number","Vivo Full Length Pants - FS 3"
"Vivo","number","Vivo Full Length Pants - FS 4"
"Vivo","number","Vivo Full Length Pants - FS 5"
"Vivo","number","Vivo Full Length Pants - RFS 1"
"Vivo","number","Vivo Full Length Pants - RFS 2"
"Vivo","number","Vivo Full Length Pants - RFS 3"
"Vivo","number","Vivo Full Length Pants - RFS 4"
"Vivo","number","Vivo Full Length Pants - RFS 5"
"Vivo","number","Vivo Full Length Pants - RFS 6"
"Vivo","number","Vivo Jacket - FS 4"
"Vivo","number","Vivo Jacket - FS 7"
"Vivo","number","Vivo Jacket - FS 8"
"Vivo","number","Vivo Jira Cocoon Waterfall - Yellow"
"Vivo","number","Vivo Jira Hooded Poncho - Black"
"Vivo","number","Vivo Jira Hooded Poncho - Burnt Orange"
"Vivo","number","Vivo Jira Hooded Poncho - Hunters Green"
"Vivo","number","Vivo Jira Hooded Poncho - Navy Blue"
"Vivo","number","Vivo Jira Hooded Poncho - Tan"
"Vivo","number","Vivo Jira Hoodie Jumper - Dark Rust"
"Vivo","number","Vivo Jira Hoodie Jumper - Hunters Green"
"Vivo","number","Vivo Jira Hoodie Jumper - Navy Blue"
"Vivo","number","Vivo Jira Hoodie Jumper - Safron"
"Vivo","number","Vivo Jira Hoodie Jumper - Tan"
"Vivo","number","Vivo Jira Maxi Waterfall - Black"
"Vivo","number","Vivo Jira Maxi Waterfall - Burnt Orange"
"Vivo","number","Vivo Jira Maxi Waterfall - Buttermilk"
"Vivo","number","Vivo Jira Straight Drop Shoulder Maxi - Black"
"Vivo","number","Vivo Jira Straight Drop Shoulder Maxi - Burnt Orange"
"Vivo","number","Vivo Jira Straight Drop Shoulder Maxi - Hunters Green"
"Vivo","number","Vivo Jira Straight Drop Shoulder Maxi - Navy Blue"
"Vivo","number","Vivo Jira Straight Drop Shoulder Maxi - Safron"
"Vivo","number","Vivo Jira Straight Drop Shoulder Maxi - Tan"
"Vivo","number","Vivo Joggers - Benue"
"Vivo","number","Vivo Joggers - Lamu"
"Vivo","number","Vivo Joggers - Natal"
"Vivo","number","Vivo Joggers - Nile"
"Vivo","number","Vivo Joggers - Sabie"
"Vivo","number","Vivo Jumpsuit - FS 2"
"Vivo","number","Vivo Jumpsuit - FS 3"
"Vivo","number","Vivo Jumpsuit - FS 6"
"Vivo","number","Vivo Jumpsuit - RFS 1"
"Vivo","number","Vivo Jumpsuit - RFS 2"
"Vivo","number","Vivo Kala Side Slit Hooded Maxi Dress - Black"
"Vivo","number","Vivo Kelemi Satin Boat Neck Midriff Top - Mustard / Green Leke Print"
"Vivo","number","Vivo Kitenge Bubble Sleeve Tent Dress - Lashi Print"
"Vivo","number","Vivo Kitenge Bubble Sleeve Tent Dress - Obu Print"
"Vivo","number","Vivo Kitenge Bubble Sleeve Tent Dress - Shama Print"
"Vivo","number","Vivo Kitenge Bubble Sleeve Tent Dress - Teal / Navy Blue Ankara Print"
"Vivo","number","Vivo Kitenge Midi Kimono - Shama Print"
"Vivo","number","Vivo Kitenge Midi Kimono - Tana Print"
"Vivo","number","Vivo Kitenge Shirred Waist Maxi Skirt - Tana Print"
"Vivo","number","Vivo Kitenge Strappy Jumpsuit - Alizeti Print"
"Vivo","number","Vivo Kitenge Strappy Tiered Maxi Dress - Dark Mustard / Navy Blue Ankara Print"
"Vivo","number","Vivo Knee Length Skirts - FS 2"
"Vivo","number","Vivo Knee Length Skirts - FS 5"
"Vivo","number","Vivo Knee Length Skirts - RFS 1"
"Vivo","number","Vivo Knee Length Skirts - RFS 2"
"Vivo","number","Vivo Knee Length Skirts - RFS 3"
"Vivo","number","Vivo Knee Length Skirts - RFS 4"
"Vivo","number","Vivo Knee length Dress - FS 3"
"Vivo","number","Vivo Knee length Dress - FS 4"
"Vivo","number","Vivo Knee length Dress - FS 6"
"Vivo","number","Vivo Knee length Dress - FS 7"
"Vivo","number","Vivo Knee length Dress - FS 9"
"Vivo","number","Vivo Knee length Dress - RFS 1"
"Vivo","number","Vivo Knee length Dress - RFS 2"
"Vivo","number","Vivo Knee length Dress - RFS 3"
"Vivo","number","Vivo Knee length Dress - RFS 4"
"Vivo","number","Vivo Knee length Dress - RFS 5"
"Vivo","number","Vivo Knee length Dress - RFS 6"
"Vivo","number","Vivo Laika Cap Sleeve Shift Dress - Dark Hunters"
"Vivo","number","Vivo Lalea Cap Sleeve Hi-Low Top - Black"
"Vivo","number","Vivo Lalea Drawstring Top - Teal / Orange Print"
"Vivo","number","Vivo Lalea Long Sleeve Tulip Back Waterfall - Burgundy"
"Vivo","number","Vivo Lalea Long Sleeve Tulip Back Waterfall - Grey"
"Vivo","number","Vivo Lalea Long Sleeve Tulip Back Waterfall - Navy Blue"
"Vivo","number","Vivo Lalea Tulip Sleeve Top - Multicolor Floral Print"
"Vivo","number","Vivo Lalea Tulip Sleeve Top - Navy/Red Floral Print"
"Vivo","number","Vivo Lamu Slit Sleeve Knee Length Dress - Black"
"Vivo","number","Vivo Lani High Waist Wide Leg Pants - Orange / Navy Print"
"Vivo","number","Vivo Lani High Waist Wide Leg Pants - Teal / Mustard Print"
"Vivo","number","Vivo Leggings - FS1"
"Vivo","number","Vivo Leggings - PB3"
"Vivo","number","Vivo Lena Pleated Wide Pants - Black"
"Vivo","number","Vivo Lesley Top - Purple (Special Offer)"
"Vivo","number","Vivo Liora Front Drawstring Kaftan Dress in Satin  - FS"
"Vivo","number","Vivo Liora Kaftan Border Maxi Dress  - FS"
"Vivo","number","Vivo Liora Multiway Top in Satin  - Hunters Textured Print"
"Vivo","number","Vivo Liora Satin Drawstring Kimono Sleeve Top  - FS"
"Vivo","number","Vivo Liora Side Drawstring Kaftan Dress  - FS"
"Vivo","number","Vivo Lome Shawl Jacket - Blue Print"
"Vivo","number","Vivo Long Sleeve Blazer - Atbara"
"Vivo","number","Vivo Long Sleeve Blazer - Savannah"
"Vivo","number","Vivo Long Sleeve Shirt Dress - Juja Print"
"Vivo","number","Vivo Long Sleeve Shirt Dress - Lira Print"
"Vivo","number","Vivo Long Sleeve Shirt Dress - Sipo Print"
"Vivo","number","Vivo Long Sleeved T-Shirt - Navy Blue"
"Vivo","number","Vivo Loose Tops - FS 2"
"Vivo","number","Vivo Loose Tops - FS 3"
"Vivo","number","Vivo Loose Tops - FS 4"
"Vivo","number","Vivo Loose Tops - FS 5"
"Vivo","number","Vivo Loose Tops - FS 6"
"Vivo","number","Vivo Loose Tops - RFS 2"
"Vivo","number","Vivo Loose Tops - RFS 3"
"Vivo","number","Vivo Loose Tops - RFS 5"
"Vivo","number","Vivo Lorraine Top - Black (Special Offer)"
"Vivo","number","Vivo Lorraine Top - Blue (Special Offer)"
"Vivo","number","Vivo Lorraine Top - Red (Special offer)"
"Vivo","number","Vivo Lulu Cotton Tent Mini Dress  - FS"
"Vivo","number","Vivo Lulu Tunic Top - Pink"
"Vivo","number","Vivo Lumi Drop Shoulder Maxi Dress - Orange / Green Kita Print"
"Vivo","number","Vivo Lumi Drop Shoulder Maxi Dress - Purple / White Lifi Print"
"Vivo","number","Vivo Lumi Drop Shoulder Maxi Dress - Teal / Purple Kita Print"
"Vivo","number","Vivo Maisha Kimono in Crepe  - FS"
"Vivo","number","Vivo Maisha Off Shoulder Jumpsuit - Blue / Black Abstract Print"
"Vivo","number","Vivo Maisha Off Shoulder Jumpsuit - Maroon / Pink Abstract Print"
"Vivo","number","Vivo Maisha Off Shoulder Maxi Dress - Blue / Rust Abstract Print"
"Vivo","number","Vivo Maisha Off Shoulder Maxi Dress - Dark Green / Orange Abstract Print"
"Vivo","number","Vivo Maisha Off Shoulder Maxi Dress - Mustard / Navy Abstract Print"
"Vivo","number","Vivo Maisha Off Shoulder Maxi Dress - Teal / Black Abstract Print"
"Vivo","number","Vivo Maisha Sleeveless Tent Cover Up - Burgundy / Blue Floral Print"
"Vivo","number","Vivo Maisha Strappy Jumpsuit Cover Up - Black / Grey Cheetah Print"
"Vivo","number","Vivo Maisha Strappy Jumpsuit Cover Up - Black / Red Floral Print"
"Vivo","number","Vivo Maisha Strappy Jumpsuit Cover Up - Green / Black Geometric Print"
"Vivo","number","Vivo Maisha Strappy Jumpsuit Cover Up - Taupe / Navy Abstract Print"
"Vivo","number","Vivo Maisha Strappy Jumpsuit Cover Up - Yellow / Navy Abstract Print"
"Vivo","number","Vivo Maisha Tunic Top - Black / Pink Abstract Print"
"Vivo","number","Vivo Mali Tie No Ankara - Pink"
"Vivo","number","Vivo Mali Tie Top No Ankara - Off White"
"Vivo","number","Vivo Malindi Crepe Palazzo Pants - Black / Brown Animal Print"
"Vivo","number","Vivo Malindi Crepe Palazzo Pants - Black / Dark Green Abstract Print"
"Vivo","number","Vivo Malindi Sleeveless Maxi Dress (JK) - Black / White Tropical Floral Print"
"Vivo","number","Vivo Malindi Sleeveless Maxi Dress (JK) - Gold / White Tropical Floral Print"
"Vivo","number","Vivo Malindi Sleeveless Mini Dress (JK) - Dark Green"
"Vivo","number","Vivo Malindi Sleeveless Mini Dress (JK) - Lilac / White Floral Print"
"Vivo","number","Vivo Maua Sleeveless High Low Dress - Brown"
"Vivo","number","Vivo Maua Sleeveless High Low Dress - Coral"
"Vivo","number","Vivo Maua Sleeveless High Low Dress - Olive Green"
"Vivo","number","Vivo Maua Sleeveless High Low Dress - Orange"
"Vivo","number","Vivo Maua Sleeveless High Low Dress - Purple"
"Vivo","number","Vivo Maua Sleeveless High Low Dress - Royal Blue"
"Vivo","number","Vivo Maua Sleeveless High Low Dress - Rust"
"Vivo","number","Vivo Maua Sleeveless Tent Knee Length Dress - Purple"
"Vivo","number","Vivo Maxi Dress - FS 1"
"Vivo","number","Vivo Maxi Dress - FS 3"
"Vivo","number","Vivo Maxi Dress - FS 4"
"Vivo","number","Vivo Maxi Dress - FS 5"
"Vivo","number","Vivo Maxi Dress - FS 6"
"Vivo","number","Vivo Maxi Dress - RFS 3"
"Vivo","number","Vivo Maxi Dress - RFS 4"
"Vivo","number","Vivo Maxi Dress - RFS 5"
"Vivo","number","Vivo Maxi Dress - RFS 6"
"Vivo","number","Vivo Maxi Dress - RFS 7"
"Vivo","number","Vivo Maxi Skirts - FS 2"
"Vivo","number","Vivo Maxi Skirts - FS 3"
"Vivo","number","Vivo Maxi Skirts - FS 5"
"Vivo","number","Vivo Meli Cowl Top - White"
"Vivo","number","Vivo Meli Cowl Top in Satin MG - Black"
"Vivo","number","Vivo Meli Cowl Top in Satin MG - Dark Green"
"Vivo","number","Vivo Midi & Capri Dress - FS 4"
"Vivo","number","Vivo Midi & Capri Skirts - FS 3"
"Vivo","number","Vivo Midi & Capri Skirts - SAMPLE 1"
"Vivo","number","Vivo Mistari Long Sleeved Side Tie Top - Black / White Stripe Print"
"Vivo","number","Vivo Mistari Long Sleeved Side Tie Top - White"
"Vivo","number","Vivo Nala Sleeveless Top - Black"
"Vivo","number","Vivo Nalia Long Sleeve High Low Top - Army Green"
"Vivo","number","Vivo Nalia Long Sleeve High Low Top - Black"
"Vivo","number","Vivo Nalia Long Sleeve High Low Top - White"
"Vivo","number","Vivo Naya 3/4 Sleeve Satin Cover Up - Navy Blue"
"Vivo","number","Vivo Naya Flounce High Low Top - Black"
"Vivo","number","Vivo Naya High Low Flounce Cape - Black / Mshale"
"Vivo","number","Vivo Naya High Low Flounce Cape - Black / Tausi"
"Vivo","number","Vivo Naya High Low Flounce Cape - Dark Teal / Tawi"
"Vivo","number","Vivo Naya High Low Flounce Cape - Navy Blue / Black Red"
"Vivo","number","Vivo Naya High Low Flounce Cape - Rose / Nyota"
"Vivo","number","Vivo Naya High Low Flounce Cape - Teal / Tawi"
"Vivo","number","Vivo Naya Long Sleeve Ruffle Short Jacket - Alizeti"
"Vivo","number","Vivo Naya One Shoulder Flounce Crop Top - Doa"
"Vivo","number","Vivo Naya Strappy Midi Body-Con Dress - Black"
"Vivo","number","Vivo Naya Strappy Midi Body-Con Dress - Navy Blue"
"Vivo","number","Vivo Naya Tiered Sleeve Wrap Top - Jivu"
"Vivo","number","Vivo Naya Tiered Sleeve Wrap Top - Ua"
"Vivo","number","Vivo Naya Wide Leg Pants - Navy Blue"
"Vivo","number","Vivo Neo Faux Suede Jacket (Special Offer) - Black"
"Vivo","number","Vivo Neza Long Sleeve Trench Coat - Taupe / Black Abstract Print"
"Vivo","number","Vivo Niari Sleeveless Pleated Dress - Black"
"Vivo","number","Vivo Niari Sleeveless Pleated Dress - Magenta"
"Vivo","number","Vivo Niari Sleeveless Pleated Dress - White"
"Vivo","number","Vivo Nimali Satin Blouse - Black"
"Vivo","number","Vivo Nimali Satin Blouse - Dark Green"
"Vivo","number","Vivo Nimali Satin Blouse - Mustard"
"Vivo","number","Vivo Nimali Satin Blouse - Navy Blue"
"Vivo","number","Vivo Nimali Satin Blouse - Orange"
"Vivo","number","Vivo Nimali Satin Blouse - Rust"
"Vivo","number","Vivo Nimali Satin Halter Top - Black"
"Vivo","number","Vivo Nimali Satin Halter Top - Dark Green"
"Vivo","number","Vivo Nimali Satin Halter Top - Lilac"
"Vivo","number","Vivo Nimali Satin Halter Top - Navy Blue"
"Vivo","number","Vivo Nimali Satin Halter Top - Purple"
"Vivo","number","Vivo Nimali Satin Halter Top - Red"
"Vivo","number","Vivo Nimali Satin Halter Top - Rubi"
"Vivo","number","Vivo Nimali Satin Halter Top - Slate"
"Vivo","number","Vivo Nimali Satin Halter Top - White"
"Vivo","number","Vivo Nimali Satin Joggers"
"Vivo","number","Vivo Nimali Satin Joggers - Black"
"Vivo","number","Vivo Nimali Satin Joggers - Blue"
"Vivo","number","Vivo Nimali Satin Joggers - Dark Green"
"Vivo","number","Vivo Nimali Satin Joggers - Gold"
"Vivo","number","Vivo Nimali Satin Joggers - Grey"
"Vivo","number","Vivo Nimali Satin Joggers - Lilac"
"Vivo","number","Vivo Nimali Satin Joggers - Pink"
"Vivo","number","Vivo Nimali Satin Joggers - Red"
"Vivo","number","Vivo Nimali Satin Joggers - Rust"
"Vivo","number","Vivo Nimali Satin Joggers - White"
"Vivo","number","Vivo Nimali Satin Short Kimono - Dahlia"
"Vivo","number","Vivo Nimali Satin Short Kimono - Wingu"
"Vivo","number","Vivo Nimali Satin Shorts - Black"
"Vivo","number","Vivo Nimali Satin Shorts - Blue"
"Vivo","number","Vivo Nimali Satin Shorts - Brown"
"Vivo","number","Vivo Nimali Satin Shorts - Dark Green"
"Vivo","number","Vivo Nimali Satin Shorts - Gold"
"Vivo","number","Vivo Nimali Satin Shorts - Grey"
"Vivo","number","Vivo Nimali Satin Shorts - Lilac"
"Vivo","number","Vivo Nimali Satin Shorts - Pink"
"Vivo","number","Vivo Nimali Satin Shorts - Red"
"Vivo","number","Vivo Nimali Satin Shorts - Rust"
"Vivo","number","Vivo Nimali Satin Shorts - White"
"Vivo","number","Vivo Nimali Satin Wide-Leg Pants - Dahlia"
"Vivo","number","Vivo Nimali Satin Wide-Leg Pants - Rubi"
"Vivo","number","Vivo Nimali Satin Wide-Leg Pants - Wingu"
"Vivo","number","Vivo Nimali Side Flounce Top - Black"
"Vivo","number","Vivo Nkasi Bubble Sleeve Maxi Dress - Teal / Burgundy Kasi Print"
"Vivo","number","Vivo Nkasi Maxi Kimono - Burgundy/ Teal shibori Print"
"Vivo","number","Vivo Nkasi Maxi Kimono - Teal / Burgundy Kasi Print"
"Vivo","number","Vivo Nkasi Maxi Kimono - White / Teal Shibori Print"
"Vivo","number","Vivo Nova Double Layered Bodycon Dress - Burgundy"
"Vivo","number","Vivo Paji Pencil Skirt - Black Checkered Print"
"Vivo","number","Vivo Pendo 3/4 Sleeve Knee Length Tent Dress - Taupe / Black Shale Print"
"Vivo","number","Vivo Pendo Sleeveless Tent Knee Length Dress - Mustard / Navy Abstract Print"
"Vivo","number","Vivo Pendo Sleeveless Tent Knee Length Dress - Orange / Beige Abstract Print"
"Vivo","number","Vivo Pesi Drop Shoulder Shift Dress - Navy Esi Print"
"Vivo","number","Vivo Poncho DL FS 1 - Dark Red"
"Vivo","number","Vivo Raha Satin Joggers - Purple"
"Vivo","number","Vivo Raha Satin Trench Coat - Black"
"Vivo","number","Vivo Raha Satin Trench Coat - Navy Blue"
"Vivo","number","Vivo Raha Satin Trench Coat - Sample"
"Vivo","number","Vivo Raha Wide Leg Shorts - Pink"
"Vivo","number","Vivo Raha Wide Leg Shorts - Royal Blue"
"Vivo","number","Vivo Rayon Jersey Bikers - Dark Purple"
"Vivo","number","Vivo Reba Coat Dress - Black"
"Vivo","number","Vivo Reba Coat Dress - Mustard"
"Vivo","number","Vivo Rema Drawstring Turtleneck - Black"
"Vivo","number","Vivo Rema Drawstring Turtleneck - Brown"
"Vivo","number","Vivo Reversible Nandi Top - Black"
"Vivo","number","Vivo Reversible Nandi Top - Print"
"Vivo","number","Vivo Reversible Nandi Top - White"
"Vivo","number","Vivo Ria Drawstring Pants in Stretch Rib - Brown"
"Vivo","number","Vivo Ria Drawstring Pants in Stretch Rib - Grey"
"Vivo","number","Vivo Ria Drawstring Pants in Stretch Rib - Lilac"
"Vivo","number","Vivo Ria Drawstring Pants in Stretch Rib - Off White"
"Vivo","number","Vivo Ria Drawstring Pants in Stretch Rib - Olive"
"Vivo","number","Vivo Ria Drawstring Pants in Stretch Rib - Pink"
"Vivo","number","Vivo Ria Drawstring Pants in Stretch Rib - Taupe"
"Vivo","number","Vivo Ruched Maxi Top in Textured Satin - Taupe / Black Print"
"Vivo","number","Vivo Ruched Maxi Top in Textured Satin -Beige / Black Print"
"Vivo","number","Vivo Ruwa Flounce Sleeve Tent Maxi Dress - Buttermilk / Blue Ua Print"
"Vivo","number","Vivo Ruwa Flounce Sleeve Tent Maxi Dress - Green Abstract Print"
"Vivo","number","Vivo Ruwa Flounce Sleeve Tent Maxi Dress - Mustard / Black Sese Print"
"Vivo","number","Vivo Ruwa Flounce Sleeve Tent Maxi Dress - Orange / Black Sese Print"
"Vivo","number","Vivo Ruwa Flounce Sleeve Tent Maxi Dress - Orange / Black Ua Print"
"Vivo","number","Vivo Ruwa Flounce Sleeve Tent Maxi Dress - Orange / Hunters Nila Print"
"Vivo","number","Vivo Ruwa Pleated Shoulder Top - Sample"
"Vivo","number","Vivo Ruwa Pleated Shoulder Top - Yellow"
"Vivo","number","Vivo Safiya Dolman Top - Buttermilk"
"Vivo","number","Vivo Safiya Dolman Top - Navy"
"Vivo","number","Vivo Safiya Dolman Top - Yellow"
"Vivo","number","Vivo Saida Bishop Sleeve Top - Light cream / Black Gola Print"
"Vivo","number","Vivo Saida Cigarrets Pants - Beige"
"Vivo","number","Vivo Saida Long Sleeve Jacket - Navy"
"Vivo","number","Vivo Saida Ruffle Neck Sheath Dress - Beige / Rust Gola Print"
"Vivo","number","Vivo Saida Sheath Dress - Black / Mustard"
"Vivo","number","Vivo Saida Sheath Dress - Navy / Mustard"
"Vivo","number","Vivo Sakari Cap Sleeve Drape Top - Sari Coral Print"
"Vivo","number","Vivo Sana Long Sleeved Maxi cover-Up - Green / White"
"Vivo","number","Vivo Sana Long Sleeved Maxi cover-Up - White / Brown Animal stripes Print"
"Vivo","number","Vivo Sana Long Sleeved Maxi cover-Up - White /Blue Animal stripes Print"
"Vivo","number","Vivo Sana Long Sleeved Maxi cover-Up - White /Peach Animal stripes Print"
"Vivo","number","Vivo Sana Off shoulder Top - Black Yellow Print"
"Vivo","number","Vivo Sana Off shoulder Top - Pink Floral Print"
"Vivo","number","Vivo Sanali Kaftan Top - Black"
"Vivo","number","Vivo Sanali Kaftan Top - Navy"
"Vivo","number","Vivo Sanali Maxi Kaftan Dress - Green / Orange Flohibi Print"
"Vivo","number","Vivo Sanali Off - Shoulder Maxi Dress - Mustard / Black Lifi Print"
"Vivo","number","Vivo Sanali Off-Shoulder Knee Length Dress - Purple"
"Vivo","number","Vivo Sani Cape Sleeve V-Neck Jumpsuit - Black"
"Vivo","number","Vivo Sani Long Sleeve Ruffle Placket Shirt - Navy Blue"
"Vivo","number","Vivo Sani Long Sleeve Ruffle Shirt - Navy Blue"
"Vivo","number","Vivo Sani Long Sleeve Ruffle Shirt Dress - Dark Taupe"
"Vivo","number","Vivo Sanyu Boat Neck Midriff Top - Navy Blue"
"Vivo","number","Vivo Sanyu Boat Neck Midriff Top - Taupe / Blue Lemi Print"
"Vivo","number","Vivo Sanyu Boat Neck Midriff Top - Taupe / Green Lemi Print"
"Vivo","number","Vivo Sanyu Drop Shoulder Top - Lime Green / White Zazi Print"
"Vivo","number","Vivo Sanyu Drop Shoulder Top - Mustard"
"Vivo","number","Vivo Sanyu Maxi Kimono - Lime Green / White Zazi Print"
"Vivo","number","Vivo Sanyu Maxi Kimono - Purple"
"Vivo","number","Vivo Sanyu Overlap Maxi Cover Up Top - Lilac / White Zazi Print"
"Vivo","number","Vivo Sanyu Overlap Maxi Cover Up Top - Mustard"
"Vivo","number","Vivo Sanyu Overlap Maxi Cover Up Top - Pink / White Zazi Print"
"Vivo","number","Vivo Sanyu Shift Dress - Mustard"
"Vivo","number","Vivo Sarabi Strappy Flounce Maxi Dress - Cream / Dark Green Mtelo Print"
"Vivo","number","Vivo Sarabi Strappy Flounce Maxi Dress - Orange / Black Mali Print"
"Vivo","number","Vivo Sarabi Strappy Flounce Maxi Dress - Orange / Cobalt Print"
"Vivo","number","Vivo Sarabi Strappy Flounce Maxi Dress - White / Brown Print"
"Vivo","number","Vivo Savannah Shawl Jacket - Black"
"Vivo","number","Vivo Savannah Shawl Jacket - Buttermilk"
"Vivo","number","Vivo Savannah Shawl Jacket - Navy Blue"
"Vivo","number","Vivo Savannah Shawl Jacket - Off White"
"Vivo","number","Vivo Savannah Shawl Jacket - Red"
"Vivo","number","Vivo Sawari Crossed Cuff Batwing Top  - FS"
"Vivo","number","Vivo Selah Bishop Sleeve Top - Black"
"Vivo","number","Vivo Selah Bishop Sleeve Top - Buttermilk"
"Vivo","number","Vivo Selah Dolman Top - Dark Olive"
"Vivo","number","Vivo Selah Dolman Top - Navy"
"Vivo","number","Vivo Selah Palazzo Pants in Stretch - White"
"Vivo","number","Vivo Seli Bishop Sleeve Knee Length Dress - Black"
"Vivo","number","Vivo Seli Kimono - Black"
"Vivo","number","Vivo Seli Maxi Dress in Crepe  - FS"
"Vivo","number","Vivo Seli V-Neck Knee Length Dress - Black"
"Vivo","number","Vivo Seli V-Neck Knee Length Dress - Light Blue"
"Vivo","number","Vivo Seli V-Neck Length Dress - Navy Blue"
"Vivo","number","Vivo Seli V-Neck Midi Dress - Black"
"Vivo","number","Vivo Serwa Asymmetric Top - Navy"
"Vivo","number","Vivo Serwa Asymmetric Top - Peach / Rust Sera Print"
"Vivo","number","Vivo Serwa Wide Leg Jumpsuit - Baby Blue / Navy Sera Print"
"Vivo","number","Vivo Serwa Wide Leg Jumpsuit - Blue / Black Sera Print"
"Vivo","number","Vivo Serwa Wide Leg Jumpsuit - Pink / Rust Sera Print"
"Vivo","number","Vivo Shaa Drop Shoulder Knee Length Dress - Black / Orange Print"
"Vivo","number","Vivo Shaa Drop Shoulder Knee Length Dress - Rust / Black Print"
"Vivo","number","Vivo Shaa Drop Shoulder Knee Length Dress - Taupe / Cream Print"
"Vivo","number","Vivo Shaa Drop Shoulder Knee Length Dress - Yellow / Navy Floral Print"
"Vivo","number","Vivo Short Kimono - Ashai"
"Vivo","number","Vivo Short Kimono - Tana Print"
"Vivo","number","Vivo Shorts - Atbara"
"Vivo","number","Vivo Shorts - Kidal"
"Vivo","number","Vivo Shorts - Moabi"
"Vivo","number","Vivo Shorts - Mvua"
"Vivo","number","Vivo Shorts - RFS 3"
"Vivo","number","Vivo Shorts - RFS 4"
"Vivo","number","Vivo Shorts - RFS 5"
"Vivo","number","Vivo Sia 3/4 Bishop Sleeve Shift Dress (Petite) - Beige / Rust Gola Print"
"Vivo","number","Vivo Sierra Tent Knee Length Dress - Yellow"
"Vivo","number","Vivo Situ Off Shoulder Top - Black / Purple Tiri Print"
"Vivo","number","Vivo Situ Off Shoulder Top - Navy"
"Vivo","number","Vivo Situ Ruffle Neck Jumpsuit - Maroon"
"Vivo","number","Vivo Situ Ruffle Neck Jumpsuit - Yellow / Maroon Print Print"
"Vivo","number","Vivo Situ Ruffle Neck Maxi Dress- Black / Blush Manda Print"
"Vivo","number","Vivo Situ Ruffle Neck Top - Blush/Black Tiri Print"
"Vivo","number","Vivo Situ Tulip Pants - Black"
"Vivo","number","Vivo Sleeveless Blazer - Asmara"
"Vivo","number","Vivo Sleeveless Blazer - Manda"
"Vivo","number","Vivo Sleeveless Blazer - Marula"
"Vivo","number","Vivo Sleeveless Sweater Bodycon - Mustard"
"Vivo","number","Vivo Soleil Asymmetrical Hem Tunic Kaftan - Black / Taupe Almasi Print"
"Vivo","number","Vivo Soleil Asymmetrical Hem Tunic Kaftan - Mulberry / Dusty Pink Almasi Print"
"Vivo","number","Vivo Soleil Asymmetrical Hem Tunic Kaftan - Mustard / Hunters Green Almasi Print"
"Vivo","number","Vivo Soleil Sleeveless Drape Top - Black"
"Vivo","number","Vivo Soleil Sleeveless Drape Top - Black / Taupe Almasi Print"
"Vivo","number","Vivo Soleil Sleeveless Drape Top - Burgundy / Dusty Pink Almasi Print"
"Vivo","number","Vivo Soleil Sleeveless Drape Top - Mustard"
"Vivo","number","Vivo Soleil Sleeveless Drape Top - Mustard / Olive Almasi Print"
"Vivo","number","Vivo Soleil Sleeveless Drape Top - White"
"Vivo","number","Vivo Soleil Sleeveless Layered Knee Length Dress - Black"
"Vivo","number","Vivo Soleil Sleeveless Layered Knee Length Dress - Burgundy"
"Vivo","number","Vivo Soleil Sleeveless Layered Knee Length Dress - White"
"Vivo","number","Vivo Soleil Sleeveless Layered Top - Black"
"Vivo","number","Vivo Soleil Sleeveless Layered Top - Pink"
"Vivo","number","Vivo Soleil Sleeveless Layered Top - White"
"Vivo","number","Vivo Soleil Wide leg Pleated Pants - Black / Taupe Nuru Print"
"Vivo","number","Vivo Soleil Wide leg Pleated Pants - Burgundy / Dusty Pink Nuru Print"
"Vivo","number","Vivo Soleil Wide leg Pleated Pants - Dusty Pink / Purple Nuru Print"
"Vivo","number","Vivo Soleil Wide leg Pleated Pants - Mustard / Olive Green Nuru Print"
"Vivo","number","Vivo Soleil Wide leg Pleated Pants - Olive Green / Mustard Nuru Print"
"Vivo","number","Vivo Spandex Bikers - Black"
"Vivo","number","Vivo Spandex Playsuit - Black"
"Vivo","number","Vivo Spandex Slip Dress - Black"
"Vivo","number","Vivo Spandex Tank Top - Black"
"Vivo","number","Vivo Strappy Sun Dress - Bahari"
"Vivo","number","Vivo Strappy Sun Dress - Zanzibar"
"Vivo","number","Vivo Strappy Tiered Maxi Dress - Casablanca"
"Vivo","number","Vivo Studio Bodysuit In Jersey - Teal"
"Vivo","number","Vivo Studio Crew Neck Tee in Rib - Black"
"Vivo","number","Vivo Studio Crew Neck Tee in Rib - Dark Taupe"
"Vivo","number","Vivo Studio Crew Neck Tee in Rib - Maroon"
"Vivo","number","Vivo Studio Crew Neck Tee in Rib - Olive"
"Vivo","number","Vivo Studio Crew Neck Tee in Rib - Teal"
"Vivo","number","Vivo Studio Double Layered Tie Bodycon in Jersey - Chocolate"
"Vivo","number","Vivo Studio Double Layered Tie Bodycon in Jersey - Dark Mustard"
"Vivo","number","Vivo Studio Double Layered Tie Bodycon in Jersey - Dark Purple"
"Vivo","number","Vivo Studio Double Layered Tie Bodycon in Jersey - Dark Red"
"Vivo","number","Vivo Studio Double Layered Tie Bodycon in Jersey - Olive"
"Vivo","number","Vivo Studio Flared Pants In Ponte - Black"
"Vivo","number","Vivo Studio Longline Shorts in Crepe  - FS"
"Vivo","number","Vivo Studio Longline Shorts in Crepe - Black Stripes"
"Vivo","number","Vivo Studio Longline Shorts in Crepe - Lilac Stripes"
"Vivo","number","Vivo Studio Longline Shorts in Crepe - Maroon Stripes"
"Vivo","number","Vivo Studio Longline Shorts in Crepe - Navy Stripes"
"Vivo","number","Vivo Studio Longline Shorts in Crepe - Olive Stripes"
"Vivo","number","Vivo Studio Lounge Pants in Rib - Black"
"Vivo","number","Vivo Studio Lounge Pants in Rib - Dark Taupe"
"Vivo","number","Vivo Studio Lounge Pants in Rib - Maroon"
"Vivo","number","Vivo Studio Lounge Pants in Rib - Olive"
"Vivo","number","Vivo Studio Lounge Pants in Rib - Teal"
"Vivo","number","Vivo Studio Maxi Bodycon in Jersey - Dark Green"
"Vivo","number","Vivo Studio Maxi Bodycon in Jersey - Dark Purple"
"Vivo","number","Vivo Studio Maxi Bodycon in Jersey - Navy"
"Vivo","number","Vivo Studio Shoulder Tie Top in Jersey - Chocolate"
"Vivo","number","Vivo Studio Shoulder Tie Top in Jersey - Dark Purple"
"Vivo","number","Vivo Studio Shoulder Tie Top in Jersey - Lime Green"
"Vivo","number","Vivo Studio Shoulder Tie Top in Jersey - Mustard"
"Vivo","number","Vivo Studio Shoulder Tie Top in Jersey - Orange"
"Vivo","number","Vivo Studio Strapless Maxi in Crepe- Dark Red"
"Vivo","number","Vivo Sweaters & Ponchos - FS 2"
"Vivo","number","Vivo Sweaters & Ponchos - FS 5"
"Vivo","number","Vivo Taji Straight Leg Pants - Navy Blue"
"Vivo","number","Vivo Takali Jumpsuit - Black"
"Vivo","number","Vivo Takali Tunic Top in Textured Satin - Lilac / Black Arisi Print "
"Vivo","number","Vivo Talek Lap - Over Top - Beige / Brown Geometric Print"
"Vivo","number","Vivo Talia Kimono & Shorts Set - Olive / Hunters Green Print"
"Vivo","number","Vivo Tana 3/4 Tulip Sleeve Overlap Maxi Top - Pink Floral Print"
"Vivo","number","Vivo Tana Jersey Tulip Back Waterfall - Forest Green"
"Vivo","number","Vivo Tana Scalloped V-Neck Top - Black / Blue Floral Print"
"Vivo","number","Vivo Tanda A-Line Maxi Dress - Black"
"Vivo","number","Vivo Tanda A-Line Maxi Dress - Dark Red"
"Vivo","number","Vivo Tanda Batwing Top - Navy"
"Vivo","number","Vivo Tanda Batwing Top - Olive"
"Vivo","number","Vivo Tande Cap Sleeve Round Neck Top - White"
"Vivo","number","Vivo Tande Front Drape Skirt - Black"
"Vivo","number","Vivo Tande Front Drape Skirt - Dark Navy"
"Vivo","number","Vivo Tande Front Slit Skirt - Hunters"
"Vivo","number","Vivo Tande Handkerchief Hem Dress - Black"
"Vivo","number","Vivo Tande Handkerchief Hem Dress - Olive"
"Vivo","number","Vivo Tatari Dropped Shoulder Sheath Dress - Burgundy"
"Vivo","number","Vivo Tatari Panelled Sheath Dress - Black / Rust"
"Vivo","number","Vivo Tatari Panelled Sheath Dress - Rust / Black"
"Vivo","number","Vivo Tatari Side Panelled Sheath Dress - Black / Olive"
"Vivo","number","Vivo Tatari Side Panelled Sheath Dress - Olive / Black"
"Vivo","number","Vivo Tatili 3/4 Sleeve Tent Dress - Teal"
"Vivo","number","Vivo Tatili Panelled Pencil Skirt - Mustard / Black Abstract Print"
"Vivo","number","Vivo Thando 3/4 Bishop Sleeve Shirt Dress - Dark Mustad Print"
"Vivo","number","Vivo Thando 3/4 Bishop Sleeve Shirt Dress - Green Floral Print"
"Vivo","number","Vivo Thando Cap Sleeve Tent Dress - Green Leaf Print"
"Vivo","number","Vivo Thando Dolman Knee Length Dress - Navy Blue Print"
"Vivo","number","Vivo Thando Mock Neck Sleeveless Top - Black"
"Vivo","number","Vivo Thando Mock Neck Sleeveless Top - Blue Print"
"Vivo","number","Vivo Thando Mock Neck Sleeveless Top - Green/Yellow Print"
"Vivo","number","Vivo Thando Mock Neck Sleeveless Top - Red"
"Vivo","number","Vivo Thando Mock Neck Sleeveless Top - Yellow/Orange Print"
"Vivo","number","Vivo Tiered Shirt Dress - Isiolo"
"Vivo","number","Vivo Tiered Shirt Dress - Kasai"
"Vivo","number","Vivo Tiered Shirt Dress - Rusizi"
"Vivo","number","Vivo Tiered Shirt Dress - Semliki"
"Vivo","number","Vivo Trench Coat - Benue"
"Vivo","number","Vivo Trench Coat - Natal"
"Vivo","number","Vivo Trench Coat - Neba"
"Vivo","number","Vivo Trench Coat - Obu"
"Vivo","number","Vivo Trench Coat - Sabie"
"Vivo","number","Vivo Trench Coat - Tana Print"
"Vivo","number","Vivo Tulia Travel Jumpsuit - Taupe"
"Vivo","number","Vivo Tuni Side Cowl Maxi Dress - Black / Orange Leaf Print"
"Vivo","number","Vivo Tuni Side Cowl Maxi Dress - Fuschia / Orange Abstract Print"
"Vivo","number","Vivo Tuni Side Cowl Maxi Dress - Mustard / Black Abstract Print"
"Vivo","number","Vivo Tuni Side Cowl Maxi Dress - Mustard / Orange Abstract Print"
"Vivo","number","Vivo Tuni Side Cowl Maxi Dress - Mustard / Pink Abstract Print"
"Vivo","number","Vivo Tuni Side Cowl Maxi Dress - Mustard Abstract Print"
"Vivo","number","Vivo Tuni Side Cowl Maxi Dress - Navy Blue / Red Floral Print"
"Vivo","number","Vivo Tuni Side Cowl Maxi Dress - Pink / Black Abstract Print"
"Vivo","number","Vivo Tuni Side Cowl Maxi Dress - Pink / Purple Leaf Print"
"Vivo","number","Vivo Tuni Side Cowl Maxi Dress - Yelow / Black Floral Print"
"Vivo","number","Vivo Tunu Long Sleeve Front Pleat Top - Navy Blue"
"Vivo","number","Vivo Tunu Pencil Skirt - Grey"
"Vivo","number","Vivo Tunu Wide Leg Pants - Grey"
"Vivo","number","Vivo Upe Mini Pencil Skirt - Black"
"Vivo","number","Vivo Upe Mini Pencil Skirt - White"
"Vivo","number","Vivo Upe Panelled Leisure Pants - Black"
"Vivo","number","Vivo Upe Panelled Leisure Pants - White"
"Vivo","number","Vivo V-Neck Camisole in Satin- Black"
"Vivo","number","Vivo V-Neck Camisole in Satin- White"
"Vivo","number","Vivo Victoria Panelled Jacket - Royal Blue"
"Vivo","number","Vivo Victoria Panelled Jacket - Taupe"
"Vivo","number","Vivo Vinna Belted Top - Grey / Navy Nina Print"
"Vivo","number","Vivo Wastani Bodysuit - Navy Blue / Grey Abstract Print"
"Vivo","number","Vivo Wastani Shirred Cuff Asymmetrical Top - Black"
"Vivo","number","Vivo Waterfalls & Kimonos - FS 1"
"Vivo","number","Vivo Waterfalls & Kimonos - FS 2"
"Vivo","number","Vivo Waterfalls & Kimonos - FS 3"
"Vivo","number","Vivo Waterfalls & Kimonos - FS 4"
"Vivo","number","Vivo Waterfalls & Kimonos - FS 5"
"Vivo","number","Vivo Waterfalls & Kimonos - FS 6"
"Vivo","number","Vivo Waterfalls & Kimonos - FS 7"
"Vivo","number","Vivo Waterfalls & Kimonos - RFS 2"
"Vivo","number","Vivo Waterfalls & Kimonos - RFS 4"
"Vivo","number","Vivo Waterfalls & Kimonos - RFS 5"
"Vivo","number","Vivo Waterfalls & Kimonos - RFS 7"
"Vivo","number","Vivo Wena Maxi Shirt Dress - Navy"
"Vivo","number","Vivo Wena Maxi Shirt Dress - Red"
"Vivo","number","Vivo Wena Wrap Dress - Dark Green"
"Vivo","number","Vivo Wena Wrap Dress - Rose Pink"
"Vivo","number","Vivo Wide Leg Pants With Short Lining - White"
"Vivo","number","Vivo Wide Leg Pants in Crepe - Black"
"Vivo","number","Vivo Wide Leg Pants in Crepe - Dark Green"
"Vivo","number","Vivo Wide Leg Pants in Crepe - Dark Pink"
"Vivo","number","Vivo Wide Leg Pants in Crepe - Mulberry"
"Vivo","number","Vivo Wide Leg Pants in Crepe - Mustard"
"Vivo","number","Vivo Wide Leg Pants in Crepe - Navy"
"Vivo","number","Vivo Wide Leg Pants in Crepe - Off White"
"Vivo","number","Vivo Wide Leg Pants in Textured Satin - Dusty Green / Black Print"
"Vivo","number","Vivo Wide Leg Pants in Textured Satin - Light Gold / Black Print"
"Vivo","number","Vivo Wide-Leg Pants - Asmara"
"Vivo","number","Vivo Wide-Leg Pants - Marula"
"Vivo","number","Vivo Wide-Leg PantsÂ  - Manda"
"Vivo","number","Vivo Wila Cowl Tunic - Rust"
"Vivo","number","Vivo Wila Dolman Top - Taupe"
"Vivo","number","Vivo Wila Wide Leg Pants - Taupe"
"Vivo","number","Vivo Wingu Drop Shoulder Balloon Knee Length Dress - Black Abstract Print"
"Vivo","number","Vivo Wingu Drop Shoulder Balloon Knee Length Dress - Yellow Abstract Print"
"Vivo","number","Vivo Wingu Long Sleeve Balloon Knee Length Dress - Orange Abstract Print"
"Vivo","number","Vivo Wingu Long Sleeve Balloon Knee Length Dress - Teal Abstract Print"
"Vivo","number","Vivo Wingu Long Sleeve Side Drape Knee Length Dress - Teal / Orange Floral"
"Vivo","number","Vivo Wingu Long Sleeve Side Drape Tunic Top - Green"
"Vivo","number","Vivo Wingu Long Sleeve Side Drape Tunic Top- Hunters Green"
"Vivo","number","Vivo Wingu Puff Sleeve Maxi Dress - Black"
"Vivo","number","Vivo Wingu Puff Sleeve Maxi Dress - Mustard"
"Vivo","number","Vivo Wingu Puff Sleeve Top - Peach / Black Floral Print"
"Vivo","number","Vivo Wrap Poncho in Sweater - Dark Red"
"Vivo","number","Vivo X Essence Asha Wide Leg Pants With Short Lining - White / Mustard Manda Print"
"Vivo","number","Vivo X Essence Ruffle Neck Jumpsuit - Dark Mustard / Black Manda Print"
"Vivo","number","Vivo X Pinky Drop Shoulder Cowl Back Top - Black"
"Vivo","number","Vivo X Pinky Drop Shoulder Cowl Back Top - Pink / Dark Pink Abstract Print"
"Vivo","number","Vivo X Pinky Drop Shoulder Cowl Back Top - White / Pink Abstract Print"
"Vivo","number","Vivo X Pinky Full Length Fitness Leggings - Black"
"Vivo","number","Vivo X Pinky Long Sleeve Cross Back Fitness Playsuit - Black"
"Vivo","number","Vivo X Pinky Long Sleeve Fitness Top - Pink / Dark Pink Abstract Print"
"Vivo","number","Vivo X Pinky Long Sleeve Fitness Top - White / Pink Abstract Print"
"Vivo","number","Vivo X Pinky Sleeveless Cross Back Fitness Tank Top - Pink / Dark Pink Abstract Print"
"Vivo","number","Vivo X Pinky Sleeveless Cross Back Fitness Tank Top - White / Pink Abstract Print"
"Vivo","number","Vivo X Pinky Sleeveless Crossback Fitness Catsuit - Black"
"Vivo","number","Vivo Yene V Neck Slip Dress - Black"
"Vivo","number","Vivo Yene V Neck Slip Dress - Light Teal"
"Vivo","number","Vivo Yumi High Waist Pants - Burgundy"
"Vivo","number","Vivo Yumi High Waist Pants - Dark Green"
"Vivo","number","Vivo Yumi High Waist Pants - Navy Blue"
"Vivo","number","Vivo Yumi High Waist Pants - Teal"
"Vivo","number","Vivo Yumi Off Shoulder Jumpsuit In Crepe - Maroon"
"Vivo","number","Vivo Yumi Off Shoulder Maxi Dress - Black / Brown Kigali Print"
"Vivo","number","Vivo Yumi Off Shoulder Maxi Dress - Black / Cream Print"
"Vivo","number","Vivo Yumi Off Shoulder Maxi Dress - Black / Red Floral Print"
"Vivo","number","Vivo Yumi Off Shoulder Maxi Dress - Blue / Navy Kigali Print"
"Vivo","number","Vivo Yumi Off Shoulder Maxi Dress - Blue / Pink Print"
"Vivo","number","Vivo Yumi Off Shoulder Maxi Dress - Brown / Navy Kigali Print"
"Vivo","number","Vivo Yumi Off Shoulder Maxi Dress - Mustard / Navy Blue Floral Print"
"Vivo","number","Vivo Yumi Off Shoulder Maxi Dress - Rust / Brown Kigali Print"
"Vivo","number","Vivo Yumi Off Shoulder Top - Teal"
"Vivo","number","Vivo Yumi Sleeveless Knee Length Dress - Navy Blue"
"Vivo","number","Vivo Zahari Drawstring Wide Leg Pants - Army Green"
"Vivo","number","Vivo Zahari Drawstring Wide Leg Pants - Beige / Black Zari Print"
"Vivo","number","Vivo Zahari Long Sleeve Shirt - Coral"
"Vivo","number","Vivo Zahari Long Sleeve Shirt - Dark Green"
"Vivo","number","Vivo Zahari Off-Shoulder Tie Top - Black / White Batik Abatract Print"
"Vivo","number","Vivo Zahari Off-Shoulder Tie Top - Taupe / Teal Batik Abatract Print"
"Vivo","number","Vivo Zahari Puff Sleeve Tent Dress - Army Green"
"Vivo","number","Vivo Zahari Shift Dress - Maroon"
"Vivo","number","Vivo Zanzi Side Cowl Maxi Dress - Mustard"
"Vivo","number","Vivo Zanzi Side Cowl Maxi Dress - Navy"
"Vivo","number","Vivo Zaria Wide Leg Pants - Black"
"Vivo","number","Vivo Zawadi Shift Dress - Black"
"Vivo","number","Vivo Zawadi Shift Dress - Black / Yellow Print"
"Vivo","number","Vivo Zawadi Shift Dress - Dark Navy "
"Vivo","number","Vivo Zawadi Shift Dress - Dark Red"
"Vivo","number","Vivo Zawadi Shift Dress in Chiffon - Beige / Brown Print"
"Vivo","number","Vivo Zawadi Shift Dress in Chiffon - Lilac / Purple Print"
"Vivo","number","Vivo Zawadi Shift Dress in Chiffon - Sea Green / Navy Print"
"Vivo","number","Vivo Zena Long Sleeve Mandarin Collar Shift Dress - White / Rust Spiral Print"
"Vivo","number","Vivo Zena Long Sleeve V Neck tunic Top - Mint Green"
"Vivo","number","Vivo Zena Shirred Waist Shirt Dress - Beige / Mustard Print"
"Vivo","number","Vivo Zena Shirred Waist Shirt Dress - Green / Navy Print"
"Vivo","number","Vivo Zena Shirred Waist Shirt Dress - Taupe"
"Vivo","number","Vivo Ziwa Long Sleeve Ruffle Cuff Maxi Kimono - Green / Off White Zuri Abstract Print"
"Vivo","number","Vivo Ziwa Long Sleeve Ruffle Midi Kimono - Taupe / Off White Mtende Abstract Print"
"Vivo","number","Vivo Ziwa Ruffle Long Sleeve Shift Dress (Petite) - Black"
"Vivo","number","Vivo Ziwa Ruffle Long Sleeve Shift Dress (Petite) - Mustard / Teal Mtende Abstract Print"
"Vivo","number","Vivo Ziwa Ruffle Long Sleeve Shift Dress (Petite) - Navy Blue"
"Vivo","number","Vivo Zola Drop Shoulder Knee Length Dress - Teal / Peach Amari Print"
"Vivo","number","Vivo Zola Drop Shoulder Shirt Dress - Teal / Mustard Animal Print"
"Vivo","number","Vivo Zola V Neck Maxi Dress in Crepe  - FS"
"Vivo","number","Vivo Zuri Cap Sleeved Maxi Dress - Black / Orange Uri Print"
"Vivo","number","Vivo Zuri Cap Sleeved Maxi Dress - Burgundy / Rust Uri Print"
"Vivo","number","Vivo Zuri Cap Sleeved Maxi Dress - Cream / Teal Spiral Print"
"Vivo","number","Vivo Zuri Cap Sleeved Maxi Dress - Lilac / Lime Abasi Print"
"Vivo","number","Vivo Zuri Cap Sleeved Maxi Dress - Lime / Yellow Abasi Print"
"Vivo","number","Vivo Zuri Cap Sleeved Maxi Dress - Navy / Dark Mustard Uri Print"
"Vivo","number","Vivo Zuri Cap Sleeved Maxi Dress - Navy / Rust Spiral Print"
"Vivo","number","Vivo Zuri Cap Sleeved Maxi Dress - Orange / Lilac Abasi Print"
"Vivo","number","Vivo Zuri Cap Sleeved Maxi Dress - Peach / Teal Spiral Print"
"Vivo","number","Vivo Zuri Cap Sleeved Maxi Dress - Sudan / Black Meki Print"
"Vivo","number","Vivo Zuri Long Sleeved Blouse - Maroon Floral Print"
"Vivo","number","Vivo Zuri Sleeveless Tent Maxi Dress - Navy / White Abstract Print"
"Vivo","number","Vivo liora Satin Midi Dress  - FS"
"Zoya","number","Zoya Aridi Cropped Jacket - Blue Flannel / Navy"
"Zoya","number","Zoya Aridi Mens Straight Leg Pants - Navy"
"Zoya","number","Zoya Athleisure One Shoulder Crop Top - Animal Print"
"Zoya","number","Zoya Athleisure One Shoulder Crop Top - Flamingo Print"
"Zoya","number","Zoya Banda Lantern Pants - Blue"
"Zoya","number","Zoya Banda Lantern Pants - Pink"
"Zoya","number","Zoya Basic Crop Top - Navy"
"Zoya","number","Zoya Basic Jersey Bandaeu - Rust"
"Zoya","number","Zoya Basic Racer Back Crop Top - Burgundy"
"Zoya","number","Zoya Basic Racer Back Crop Top - Hunters"
"Zoya","number","Zoya Basic Racer Back Crop Top - Mustard"
"Zoya","number","Zoya Basic Racer Back Crop Top - Navy Blue"
"Zoya","number","Zoya Basic Racer Back Crop Top - Orange"
"Zoya","number","Zoya Basic Ribbed Cap Sleeved Bodysuit - BURGUNDY"
"Zoya","number","Zoya Basic Ribbed Cap Sleeved Bodysuit - LIME GREEN"
"Zoya","number","Zoya Basic Ribbed Cap Sleeved Bodysuit - Pink"
"Zoya","number","Zoya Basic Ribbed Cap Sleeved Bodysuit - RED"
"Zoya","number","Zoya Basic Ribbed Cap Sleeved Bodysuit - WHITE"
"Zoya","number","Zoya Basic Ribbed Cap Sleeved Bodysuit - Yellow"
"Zoya","number","Zoya Basic Ribbed V-neck Short Sleeved Thong Bodysuit - Burgundy"
"Zoya","number","Zoya Basic Sleeveless Boundneck Bodysuit - Red"
"Zoya","number","Zoya Basic Spaghetti Tank Top - Hunters Green"
"Zoya","number","Zoya Basic Spaghetti Tank Top - Navy Blue"
"Zoya","number","Zoya Basic Strappy Bodysuit - Burgundy"
"Zoya","number","Zoya Basic Strappy Bodysuit - Coral"
"Zoya","number","Zoya Basic Strappy Bodysuit - Rust"
"Zoya","number","Zoya Basic Strappy Bodysuit - TAUPE"
"Zoya","number","Zoya Brave Corduroy Joggers - Navy Blue"
"Zoya","number","Zoya Brave Corduroy Shorts - Navy Blue"
"Zoya","number","Zoya Brave Satin Joggers(Regular) - Blue / Black Abstract Print"
"Zoya","number","Zoya Brave Satin Joggers(Regular) - Green Abstract Print"
"Zoya","number","Zoya Brave Satin Joggers(Regular) - Purple Abstract Print"
"Zoya","number","Zoya Brave Satin Joggers(Tall) - Burgundy Abstract Print"
"Zoya","number","Zoya Brave Satin Long Kaftan - Orange Abstract Print"
"Zoya","number","Zoya Capri Leggings - Black"
"Zoya","number","Zoya Capri Leggings - Deep Teal"
"Zoya","number","Zoya Capri/Midi Length Dress - SAMPLE 1"
"Zoya","number","Zoya Chill Cap Sleeve T-shirt - Blue"
"Zoya","number","Zoya Chill Cap Sleeve T-shirt - Lime"
"Zoya","number","Zoya Chill Cap Sleeve T-shirt - Pink"
"Zoya","number","Zoya Chill Spaghetti Strap Tank Top - Fuschia"
"Zoya","number","Zoya Chill Spaghetti Strap Tank Top - Lime Green"
"Zoya","number","Zoya Chill Spaghetti Strap Tank Top - Orange"
"Zoya","number","Zoya Chill Spaghetti Strap Tank Top - Purple"
"Zoya","number","Zoya Essentials Bandeau - Pink Tie Dye"
"Zoya","number","Zoya Flora Mini Skirt - Black"
"Zoya","number","Zoya Full Length Pants - Sample 1"
"Zoya","number","Zoya Heart Fitness Bra - Black / White"
"Zoya","number","Zoya High Rise Fitness Tights - Black / Animal Print"
"Zoya","number","Zoya Knee Length Dress - SAMPLE 1"
"Zoya","number","Zoya Knee Length Dress - SAMPLE 4"
"Zoya","number","Zoya Kyro Cropped Shirt - Tan"
"Zoya","number","Zoya Kyro Sleeveless Bodysuit - Black"
"Zoya","number","Zoya Kyro Sleeveless Bodysuit - Navy"
"Zoya","number","Zoya Kyro Straight Leg Pants - Beige"
"Zoya","number","Zoya Kyro Straight Leg Pants - Black"
"Zoya","number","Zoya Kyro Straight Leg Pants - Navy"
"Zoya","number","Zoya Kyro Women's Oversized Blazer - Beige"
"Zoya","number","Zoya Kyro Women's Oversized Blazer - Brown"
"Zoya","number","Zoya Kyro Women's Oversized Blazer - Navy"
"Zoya","number","Zoya Long Sleeved Fitness Crop Top - Royal Blue"
"Zoya","number","Zoya Maxi Dress - SAMPLE 1"
"Zoya","number","Zoya Maxi Skirts - SAMPLE 1"
"Zoya","number","Zoya Men's Fleece Bomber Jacket - Navy Blue"
"Zoya","number","Zoya Mock Neck Long Sleeve Fitness Crop Top - Black"
"Zoya","number","Zoya Nia Crop Oversized Jacket - Beige"
"Zoya","number","Zoya Nia Crop Oversized Jacket - Lilac"
"Zoya","number","Zoya Nia Crop Oversized Jacket - White"
"Zoya","number","Zoya Party Crop Top - Purple"
"Zoya","number","Zoya Party Halter Crop Top - Black"
"Zoya","number","Zoya Party One Sleeved Side Cut Dress - Royal Blue"
"Zoya","number","Zoya Party Tie Back Bodycon - Buttermilk"
"Zoya","number","Zoya Party Turtle Neck Maxi Top - Buttermilk"
"Zoya","number","Zoya Ribbed Long Sleeve One Shoulder Bodysuit (Special offer) - Dark Green"
"Zoya","number","Zoya Ribbed Long Sleeve Turtleneck Bodysuit - White"
"Zoya","number","Zoya Ribbed Racerback Mini Bodycon (Special Offer) - Black"
"Zoya","number","Zoya Sadira Halter Neck Vest - Black"
"Zoya","number","Zoya Sadira Halter Neck Vest - Light Grey"
"Zoya","number","Zoya Shani Cropped Tie Top - Burgundy / Peach Sani Print"
"Zoya","number","Zoya Shani Cropped Tie Top - Navy / Peach Sani Print"
"Zoya","number","Zoya Shani Pleated Shorts - Burgundy / Peach Sani Print"
"Zoya","number","Zoya Shani Pleated Shorts - Navy / Peach Sani Print"
"Zoya","number","Zoya Short Jackets & Coats - Sample 1"
"Zoya","number","Zoya Short Jackets & Coats - Sample 2"
"Zoya","number","Zoya Sitawi A-line Mini Dress - Black"
"Zoya","number","Zoya Sitawi A-line Mini Dress - Black / White Abstract Print"
"Zoya","number","Zoya Sitawi A-line Mini Dress - Brown Print"
"Zoya","number","Zoya Sitawi A-line Mini Dress - Green / Grey Houndstooth Print"
"Zoya","number","Zoya Sitawi A-line Mini Dress - Pink / Nude Abstract Print"
"Zoya","number","Zoya Sitawi Cargo Pants - Purple"
"Zoya","number","Zoya Sitawi Round Neck Midriff Top - Black"
"Zoya","number","Zoya Sitawi Shirt Blouse - White"
"Zoya","number","Zoya Sitawi Shirt Dress - Black / White A bstract Print"
"Zoya","number","Zoya Spaghetti strap Midriff Top - White"
"Zoya","number","Zoya Sports Bra - Black/Brown Print"
"Zoya","number","Zoya Sports Bra - Black/Green Print"
"Zoya","number","Zoya Sports Bra - Black/Pink Print"
"Zoya","number","Zoya Taani Midriff Hoodie - Black"
"Zoya","number","Zoya Taani Midriff Hoodie - White"
"Zoya","number","Zoya Taani Wide Joggers - Black"
"Zoya","number","Zoya Taani Wide Joggers - Navy"
"Zoya","number","Zoya Temo Crop T- Shirt - Navy / Green Camo"
"Zoya","number","Zoya Temo Cropped Jacket - Green Camo"
"Zoya","number","Zoya Temo Pleated Skirt - Brown Camo"
"Zoya","number","Zoya Temo Strappy Backless Crop Top - Brown Camo"
"Zoya","number","Zoya Vasha Short Sleeve Mesh Top - Neon Green"
"Zoya","number","Zoya Vasha Short Sleeve Mesh Top - Neon Pink"
"Zoya","number","Zoya Vasha Short Sleeve Mesh Top - White"
"Zoya","number","Zoya X AM Full Length Fitness Tights - Black / White Print"
"Zoya","number","Zoya X Metamorphisized 143 Detachable Pants - Black"
"Zoya","number","Zoya X Metamorphisized 143 Detachable Pants - Hunters"
"Zoya","number","Zoya X Metamorphisized 143 Pleated Mini Skirt - Black"
"Zoya","number","Zoya X Metamorphisized 143 Pleated Mini Skirt - Hot Pink"
"Zoya","number","Zoya X Metamorphisized 143 Pleated Mini Skirt - Hunters"
"Zoya","number","Zoya X Metamorphisized 143 Pleated Mini Skirt - Light Tan"
"Zoya","number","Zoya X Metamorphisized 143 Workman's Jacket - Black"
"Zoya","number","Zoya X Metamorphisized 143 Workman's Jacket - Denim Stripes"
"Zoya","number","Zoya Yuni Cargo Pants - Dusty Pink"
"Zoya","number","Zoya Yuni Contrast Stitch Cargo Pants - Grey"
"Zoya","number","Zoya Yuni Contrast Stitch Crop Jacket - Black"
"Zoya","number","Zoya Yuni Halter Tank Top - Lime Green"
"Zoya","number","Zoya Yuni Halter Tank Top - Orange"
"Zoya","number","Zoya Yuni Wide Leg Pants - Camo Brown"
"Vivo","number","vivo Situ Ruffle Neck Top - White/Purple Tiri Print"
"Safari","name","Safari Lira Front Slit Maxi Skirt - Black"
"Safari","name","Safari Reversible Shirt Jacket - Grey / Print 2"
"Safari","name","Safari Shorts & Skorts - Sample 1"
"Safari","name","Safari Tawi Bishop Sleeve Tiered Dress - White"
"Safari","name","Safari by Vivo 3/4 Sleeve Sweater in Rib - Black"
"Safari","name","Safari by Vivo 3/4 Sleeve Sweater in Rib - Off White"
"Safari","name","Safari by Vivo 3/4 Sleeve Sweater in Rib - Taupe"
"Safari","name","Safari by Vivo Bubble Sleeve Tent Dress in Linen Blend - Dark Green"
"Safari","name","Safari by Vivo Bubble Sleeve Tent Dress in Linen Blend - Navy"
"Safari","name","Safari by Vivo Bubble Sleeve Tent Dress in Linen Blend - White"
"Safari","name","Safari by Vivo Crew Neck Tee in Rib - Black"
"Safari","name","Safari by Vivo Crew Neck Tee in Rib - Off White"
"Safari","name","Safari by Vivo Crew Neck Tee in Rib - Taupe"
"Safari","name","Safari by Vivo Godet Contrast Stitch Midi Skirt in Denim - Navy"
"Safari","name","Safari by Vivo Jacket in Denim - Navy"
"Safari","name","Safari by Vivo Jacket in Denim MG - Navy"
"Safari","name","Safari by Vivo Pintuck Shirt Dress in Cotton - Black"
"Safari","name","Safari by Vivo Pintuck Shirt Dress in Cotton - Hunters"
"Safari","name","Safari by Vivo Pintuck Shirt Dress in Cotton - Lilac"
"Safari","name","Safari by Vivo Pintuck Shirt Dress in Cotton - Yellow"
"Safari","name","Safari by Vivo Samira Maxi Dress in Cotton - Black"
"Safari","name","Safari by Vivo Samira Maxi Dress in Cotton - Khaki Green"
"Safari","name","Safari by Vivo Samira Maxi Dress in Cotton - Lilac"
"Safari","name","Safari by Vivo Samira Maxi Dress in Cotton - Navy"
"Safari","name","Safari by Vivo Short Trench Coat in Kitenge - Kota Print "
"Safari","name","Safari by Vivo Short Trench Coat in Kitenge - Leti Print "
"Safari","name","Safari by Vivo Short Trench Coat in Kitenge - Lili Print"
"Safari","name","Safari by Vivo Short Trench Coat in Kitenge - Lusa Print"
"Safari","name","Safari by Vivo Short Trench Coat in Kitenge - Pamba Print"
"Safari","name","Safari by Vivo Short Trench Coat in Kitenge - Piki Print  "
"Safari","name","Safari by Vivo Short Trench Coat in Kitenge - Taiyo Print"
"Safari","name","Safari by Vivo Short Trench Coat in Kitenge - Taki Print"
"Safari","name","Safari by Vivo Short Trench Coat in Kitenge - Tenza Print "
"Vivo","name","Vivo 2 Tone Geometric Wrap Shawl - Black / Off White Print"
"Vivo","name","Vivo 2 Tone Geometric Wrap Shawl - Black / Orange Print "
"Vivo","name","Vivo 2 Tone Geometric Wrap Shawl - Chocolate Brown / Taupe Print"
"Vivo","name","Vivo 2 Tone Geometric Wrap Shawl - Navy / Cherry Print"
"Vivo","name","Vivo 3/4 Sleeve Crew Neck Top in Rib - Burgundy"
"Vivo","name","Vivo 3/4 Sleeve Crew Neck Top in Rib - Dark Mustard"
"Vivo","name","Vivo 3/4 Sleeve Crew Neck Top in Rib - Maroon"
"Vivo","name","Vivo 3/4 Sleeve Crew Neck Top in Rib - Navy"
"Vivo","name","Vivo 3/4 Sleeve Crew Neck Top in Rib - Olive"
"Vivo","name","Vivo 3/4 Sleeve Crew Neck Top in Rib - Rust"
"Vivo","name","Vivo 3/4 Sleeve Crew Neck Top in Rib - Teal"
"Vivo","name","Vivo 3/4 Sleeve Maxi Dress in Crepe - Beige / Black Loiya Print"
"Vivo","name","Vivo 3/4 Sleeve Maxi Dress in Crepe - Beige / Dark Chocolate Witu Print"
"Vivo","name","Vivo 3/4 Sleeve Maxi Dress in Crepe - Beige / Dark Green Witu Print"
"Vivo","name","Vivo 3/4 Sleeve Maxi Dress in Crepe - Dark Mustard"
"Vivo","name","Vivo 3/4 Sleeve Maxi Dress in Crepe - Mint / Black Loiya Print"
"Vivo","name","Vivo 3/4 Sleeve Maxi Dress in Crepe - Peach / Black Loiya Print "
"Vivo","name","Vivo 3/4 Sleeve Maxi Dress in Crepe - Rose Pink / Brown Witu Print"
"Vivo","name","Vivo 3/4 Sleeve Maxi Dress in Crepe - White / Black Loiya Print"
"Vivo","name","Vivo 3/4 Sleeve Maxi Dress in Crepe - White / Black Witu Print"
"Vivo","name","Vivo 3/4 Sleeve Maxi Dress in Crepe - White / Orange Witu Print"
"Vivo","name","Vivo 3/4 Sleeve Side Slit Top in Crepe - Black / Brown Abstract Print"
"Vivo","name","Vivo 3/4 Sleeve Side Slit Top in Crepe - Black / Grey Abstract Print"
"Vivo","name","Vivo 3/4 Sleeve Side Slit Top in Crepe - White / Chocolate Abstract Print"
"Vivo","name","Vivo 3/4 Sleeve Side Slit Top in Satin - Beige"
"Vivo","name","Vivo 3/4 Sleeve Side Slit Top in Satin - Chocolate"
"Vivo","name","Vivo 3/4 Sleeve Side Slit Top in Satin - Dark Olive"
"Vivo","name","Vivo 3/4 Sleeve Side Slit Top in Satin - Rust"
"Vivo","name","Vivo Amai Round Neck Maxi Kaftan in Satin - Rust / Black Stripes "
"Vivo","name","Vivo Amai Round Neck Maxi Kaftan in Satin - White / Black Stripes "
"Vivo","name","Vivo Asha Drop Shoulder Maxi Shirt Dress - Sample"
"Vivo","name","Vivo Ayla Maxi Kimono - Black / Peach Alya Print"
"Vivo","name","Vivo Bana Batwing Top - Maroon"
"Vivo","name","Vivo Bana Batwing Top - Taupe"
"Vivo","name","Vivo Bana Cap Sleeve Sheath Dress - Green"
"Vivo","name","Vivo Basic 3/4 Sleeve Leila Bodycon Dress - Teal"
"Vivo","name","Vivo Basic Button Down Shirt - White"
"Vivo","name","Vivo Basic Cap Sleeve Bodycon - Off white"
"Vivo","name","Vivo Basic Nandi A-Line Kimono - White / Navy Kito Print"
"Vivo","name","Vivo Basic Open Kaftan - Peach / Maroon"
"Vivo","name","Vivo Basic Tolani Dress in Jersey  - FS"
"Vivo","name","Vivo Basic Tulip Sweater - Fuschia"
"Vivo","name","Vivo Basic Val Cap Sleeve Top - Buttermilk"
"Vivo","name","Vivo Bishop Sleeve Maxi Dress in Crepe - Black Pinstripes"
"Vivo","name","Vivo Bishop Sleeve Maxi Dress in Crepe - Fuschia Pinstripes"
"Vivo","name","Vivo Bishop Sleeve Maxi Dress in Crepe - Red Pinstripes"
"Vivo","name","Vivo Bishop Sleeve Maxi Dress in Crepe - Teal Pinstripes"
"Vivo","name","Vivo Bishop Sleeve Maxi Dress in Crepe - White Pinstripes"
"Vivo","name","Vivo Bottoms - Sample 1"
"Vivo","name","Vivo Bottoms - Sample 10"
"Vivo","name","Vivo Bottoms - Sample 11"
"Vivo","name","Vivo Bottoms - Sample 12"
"Vivo","name","Vivo Bottoms - Sample 13"
"Vivo","name","Vivo Bottoms - Sample 15"
"Vivo","name","Vivo Bottoms - Sample 16"
"Vivo","name","Vivo Bottoms - Sample 17"
"Vivo","name","Vivo Bottoms - Sample 19"
"Vivo","name","Vivo Bottoms - Sample 21"
"Vivo","name","Vivo Bottoms - Sample 22"
"Vivo","name","Vivo Bottoms - Sample 3"
"Vivo","name","Vivo Bottoms - Sample 5"
"Vivo","name","Vivo Bottoms - Sample 7"
"Vivo","name","Vivo Bottoms - Sample 8"
"Vivo","name","Vivo Bottoms - Sample 9"
"Vivo","name","Vivo Chalbi Cap Sleeve A-Line Dress - Hunters"
"Vivo","name","Vivo Cuffed Wrap Poncho - Rust"
"Vivo","name","Vivo Dalia Flounce Sleeve Knee Length Dress in Chiffon - Light Blue / Navy Arah Print"
"Vivo","name","Vivo Dalia Flounce Sleeve Knee Length Dress in Chiffon - Light Green / Hunters Arah Print"
"Vivo","name","Vivo Dalia Flounce Sleeve Knee Length Dress in Chiffon - Light Orange / Black Arah Print"
"Vivo","name","Vivo Dalia Flounce Sleeve Knee Length Dress in Chiffon - Orange / Black Arah Print"
"Vivo","name","Vivo Dalia Flounce Sleeve Knee Length Dress in Chiffon - White / Chocolate Arah Print"
"Vivo","name","Vivo Diella V-Neck Jumpsuit in Crepe - Dark Green"
"Vivo","name","Vivo Diella V-Neck Jumpsuit in Crepe - Dark Mustard"
"Vivo","name","Vivo Diella V-Neck Jumpsuit in Crepe - Maroon"
"Vivo","name","Vivo Diella V-Neck Jumpsuit in Crepe - Navy"
"Vivo","name","Vivo Diella V-Neck Jumpsuit in Crepe - Taupe"
"Vivo","name","Vivo Dresses - SAMPLE 10"
"Vivo","name","Vivo Dresses - SAMPLE 11"
"Vivo","name","Vivo Dresses - SAMPLE 12"
"Vivo","name","Vivo Dresses - SAMPLE 13"
"Vivo","name","Vivo Dresses - SAMPLE 14"
"Vivo","name","Vivo Dresses - SAMPLE 15"
"Vivo","name","Vivo Dresses - SAMPLE 16"
"Vivo","name","Vivo Dresses - SAMPLE 17"
"Vivo","name","Vivo Dresses - SAMPLE 18"
"Vivo","name","Vivo Dresses - SAMPLE 19"
"Vivo","name","Vivo Dresses - SAMPLE 20"
"Vivo","name","Vivo Dresses - SAMPLE 21"
"Vivo","name","Vivo Dresses - SAMPLE 23"
"Vivo","name","Vivo Dresses - SAMPLE 6"
"Vivo","name","Vivo Dresses - SAMPLE 7"
"Vivo","name","Vivo Dresses - SAMPLE 8"
"Vivo","name","Vivo Dresses - SAMPLE 9"
"Vivo","name","Vivo Essentials Dolman Maxi Dress - Teal"
"Vivo","name","Vivo Essentials Sleeveless One Shoulder Crop Top - Taupe"
"Vivo","name","Vivo Extended Sleeve Maxi Dress in Jersey - Chocolate"
"Vivo","name","Vivo Extended Sleeve Maxi Dress in Jersey - Dark Green"
"Vivo","name","Vivo Extended Sleeve Maxi Dress in Jersey - Dark Mustard"
"Vivo","name","Vivo Extended Sleeve Maxi Dress in Jersey - Dark Olive"
"Vivo","name","Vivo Fahari Cowl Drape Bodycon - Black"
"Vivo","name","Vivo Hadiya 3/4 Sleeve Maxi Dress in Chiffon - Black"
"Vivo","name","Vivo Hadiya 3/4 Sleeve Maxi Dress in Chiffon - Dark Brown"
"Vivo","name","Vivo Hadiya 3/4 Sleeve Maxi Dress in Chiffon - Navy"
"Vivo","name","Vivo Hadiya 3/4 Sleeve Maxi Dress in Chiffon - Red"
"Vivo","name","Vivo Hadiya 3/4 Sleeve Maxi Dress in Chiffon - Rust"
"Vivo","name","Vivo Hamle Bias Twist Dress - Sample"
"Vivo","name","Vivo Hanabi Wrap Maxi Dress in Satin - Black"
"Vivo","name","Vivo Hanabi Wrap Maxi Dress in Satin - Chocolate"
"Vivo","name","Vivo Hanabi Wrap Maxi Dress in Satin - Dark Red"
"Vivo","name","Vivo Hanabi Wrap Maxi Dress in Satin - Dusty Green"
"Vivo","name","Vivo Hanabi Wrap Maxi Dress in Satin - Navy"
"Vivo","name","Vivo Hanabi Wrap Maxi Dress in Satin - Olive"
"Vivo","name","Vivo Izzy Bishop Sleeve Top in Textured Satin - Dark Brown"
"Vivo","name","Vivo Izzy Bishop Sleeve Top in Textured Satin - Dark Green"
"Vivo","name","Vivo Izzy Bishop Sleeve Top in Textured Satin - Light Taupe"
"Vivo","name","Vivo Izzy Bishop Sleeve Top in Textured Satin - Mustard"
"Vivo","name","Vivo Izzy Bishop Sleeve Top in Textured Satin - Off White"
"Vivo","name","Vivo Izzy Bishop Sleeve Top in Textured Satin - Olive Green"
"Vivo","name","Vivo Izzy Bishop Sleeve Top in Textured Satin - Rust"
"Vivo","name","Vivo Jamila Slit Sleeve Dress in Crepe - Mulberry"
"Vivo","name","Vivo Jamila Slit Sleeve Dress in Crepe - Olive / Black Ula Print"
"Vivo","name","Vivo Jamila Slit Sleeve Dress in Crepe - Red / Black Ula Print"
"Vivo","name","Vivo Jamila Slit Sleeve Dress in Crepe - Rust"
"Vivo","name","Vivo Jumpsuit - FS 1"
"Vivo","name","Vivo Kaisa 3/4 Sleeve Knee Length Bodycon in Stretch Rib - Black"
"Vivo","name","Vivo Knee Length Skirts - Sample3"
"Vivo","name","Vivo Liora Asymmetrical Kaftan Top in Satin - Black / White Print"
"Vivo","name","Vivo Long Sleeve Maxi Waterfall in Jersey - Dark Tan"
"Vivo","name","Vivo Long Sleeve Maxi Waterfall in Jersey - Mulberry"
"Vivo","name","Vivo Long Sleeve Maxi Waterfall in Jersey - Navy"
"Vivo","name","Vivo Long Sleeve Tie Dress in Crepe - Dark Green"
"Vivo","name","Vivo Long Sleeve Tie Dress in Crepe - Mustard"
"Vivo","name","Vivo Long Sleeve Tie Dress in Crepe - Navy"
"Vivo","name","Vivo Long Sleeve Tie Dress in Crepe - Taupe"
"Vivo","name","Vivo Long Sleeve Wrap Dress in Satin - Black"
"Vivo","name","Vivo Long Sleeve Wrap Dress in Satin - Rust / Black Polka Dot"
"Vivo","name","Vivo Long Sleeve Wrap Dress in Satin - Taupe / Black Polka Dot"
"Vivo","name","Vivo Long Sleeve Wrap Dress in Satin - White / Black Polka Dot"
"Vivo","name","Vivo Lounge Pants in Rib - Black"
"Vivo","name","Vivo Lounge Pants in Rib - Burgundy"
"Vivo","name","Vivo Lounge Pants in Rib - Dark Mustard"
"Vivo","name","Vivo Lounge Pants in Rib - Maroon"
"Vivo","name","Vivo Lounge Pants in Rib - Navy"
"Vivo","name","Vivo Lounge Pants in Rib - Olive"
"Vivo","name","Vivo Lounge Pants in Rib - Rust"
"Vivo","name","Vivo Lounge Pants in Rib - Teal"
"Vivo","name","Vivo MSD 1"
"Vivo","name","Vivo Merika High Low Top in Chiffon MG - Black / Mustard Manda Print"
"Vivo","name","Vivo Mini Butterfly Kimono in Sweater - Black"
"Vivo","name","Vivo Mini Butterfly Kimono in Sweater - Light Taupe"
"Vivo","name","Vivo Mini Butterfly Kimono in Sweater - Mustard"
"Vivo","name","Vivo Mini Butterfly Kimono in Sweater - Navy Blue"
"Vivo","name","Vivo Outerwears - Sample  22"
"Vivo","name","Vivo Outerwears - Sample 1"
"Vivo","name","Vivo Outerwears - Sample 11"
"Vivo","name","Vivo Outerwears - Sample 13"
"Vivo","name","Vivo Outerwears - Sample 15"
"Vivo","name","Vivo Outerwears - Sample 17"
"Vivo","name","Vivo Outerwears - Sample 18"
"Vivo","name","Vivo Outerwears - Sample 19"
"Vivo","name","Vivo Outerwears - Sample 2"
"Vivo","name","Vivo Outerwears - Sample 20"
"Vivo","name","Vivo Outerwears - Sample 21"
"Vivo","name","Vivo Outerwears - Sample 23"
"Vivo","name","Vivo Outerwears - Sample 5"
"Vivo","name","Vivo Outerwears - Sample 9"
"Vivo","name","Vivo Panelled Waist Midi Dress in Ponte - Denim Blue"
"Vivo","name","Vivo Panelled Waist Midi Dress in Ponte - Navy"
"Vivo","name","Vivo Panelled Waist Midi Dress in Ponte - Olive Green"
"Vivo","name","Vivo Panelled Waist Midi Dress in Ponte - Orange"
"Vivo","name","Vivo Panelled Waist Midi Dress in Ponte - Taupe"
"Vivo","name","Vivo Pintuck Waist Pants in Crepe - Black"
"Vivo","name","Vivo Pintuck Waist Pants in Crepe - Navy"
"Vivo","name","Vivo Pintuck Waist Pants in Crepe - Taupe"
"Vivo","name","Vivo Reversible Poncho without Fringes - Light Navy / Dark Pink Samba Print"
"Vivo","name","Vivo Reversible Poncho without Fringes - Maroon / Frost Samba Print"
"Vivo","name","Vivo Sakari Circular Loose Top in Textured Chiffon - Black"
"Vivo","name","Vivo Sakari Circular Loose Top in Textured Chiffon - Orange"
"Vivo","name","Vivo Sakari Circular Loose Top in Textured Chiffon - Yellow"
"Vivo","name","Vivo Scooped Neck Top in Jersey - Black"
"Vivo","name","Vivo Scooped Neck Top in Jersey - Dark Tan"
"Vivo","name","Vivo Scooped Neck Top in Jersey - Fuschia"
"Vivo","name","Vivo Scooped Neck Top in Jersey - Orange"
"Vivo","name","Vivo Scooped Neck Top in Jersey - White"
"Vivo","name","Vivo Selah Dolman Sweatshirt in Rib - Dark Olive"
"Vivo","name","Vivo Shorts - FS 2"
"Vivo","name","Vivo Sierra Bishop Sleeve Tent Dress - Dusty Pink"
"Vivo","name","Vivo Sierra Sleeveless Double Layered Top in Chiffon - Black"
"Vivo","name","Vivo Sierra Sleeveless Double Layered Top in Chiffon - Hunters"
"Vivo","name","Vivo Sierra Sleeveless Double Layered Top in Chiffon - Light Blue / Navy Arah Print"
"Vivo","name","Vivo Sierra Sleeveless Double Layered Top in Chiffon - White / Chocolate Arah Print"
"Vivo","name","Vivo Skirts - Sample 15"
"Vivo","name","Vivo Skirts - Sample 16"
"Vivo","name","Vivo Skirts - Sample 17"
"Vivo","name","Vivo Skirts - Sample 9"
"Vivo","name","Vivo Sleeveless Maxi Dress in Cotton - Black / White Abstract Print"
"Vivo","name","Vivo Sleeveless Maxi Dress in Cotton - Black / White Print"
"Vivo","name","Vivo Sleeveless Maxi Dress in Cotton - Chocolate / Green Print"
"Vivo","name","Vivo Sleeveless Maxi Dress in Cotton - Cream / Orange Print"
"Vivo","name","Vivo Sleeveless Maxi Dress in Cotton - Cream / Teal Print"
"Vivo","name","Vivo Sleeveless Maxi Dress in Cotton - Dusty Pink / Burgundy Print"
"Vivo","name","Vivo Sleeveless Maxi Dress in Cotton - Mint / Green Print"
"Vivo","name","Vivo Sleeveless Maxi Dress in Cotton - Peach / Rust Print"
"Vivo","name","Vivo Sleeveless Maxi Dress in Cotton - Taupe / Olive Print"
"Vivo","name","Vivo Sleeveless Maxi Dress in Cotton - White / Black Print"
"Vivo","name","Vivo Slim Fit Pants in Crepe - Black"
"Vivo","name","Vivo Slim Fit Pants in Crepe - Dark Brown"
"Vivo","name","Vivo Slim Fit Pants in Crepe - Maroon"
"Vivo","name","Vivo Slim Fit Pants in Crepe - Navy"
"Vivo","name","Vivo Slim Fit Pants in Crepe - Rust"
"Vivo","name","Vivo Square Neck Camisole in Satin - Chocolate"
"Vivo","name","Vivo Square Neck Camisole in Satin - Dark Green"
"Vivo","name","Vivo Square Neck Camisole in Satin - Light Mustard"
"Vivo","name","Vivo Square Neck Camisole in Satin - Orange"
"Vivo","name","Vivo Straight Leg Pants in Satin - Beige"
"Vivo","name","Vivo Straight Leg Pants in Satin - Chocolate"
"Vivo","name","Vivo Straight Leg Pants in Satin - Dark Olive"
"Vivo","name","Vivo Straight Leg Pants in Satin - Rust"
"Vivo","name","Vivo Straight Pants in Scuba - Black"
"Vivo","name","Vivo Straight Pants in Scuba - Brown"
"Vivo","name","Vivo Straight Pants in Scuba - Dark Green"
"Vivo","name","Vivo Straight Pants in Scuba - Dark Olive"
"Vivo","name","Vivo Straight Pants in Scuba - Lilac"
"Vivo","name","Vivo Straight Pants in Scuba - Lime Green"
"Vivo","name","Vivo Straight Pants in Scuba - Mulberry"
"Vivo","name","Vivo Straight Pants in Scuba - Navy"
"Vivo","name","Vivo Straight Pants in Scuba - Red"
"Vivo","name","Vivo Studio A-Line Mini Dress in Ponte - Black"
"Vivo","name","Vivo Studio A-Line Mini Dress in Ponte - Dark Green"
"Vivo","name","Vivo Studio A-Line Mini Dress in Ponte - Mustard"
"Vivo","name","Vivo Studio A-Line Mini Dress in Ponte - Red"
"Vivo","name","Vivo Studio Bell Sleeve Tunic Top in Rib - Black"
"Vivo","name","Vivo Studio Bell Sleeve Tunic Top in Rib - Mustard"
"Vivo","name","Vivo Studio Bell Sleeve Tunic Top in Rib - Olive Green"
"Vivo","name","Vivo Studio Bell Sleeve Tunic Top in Rib - Taupe"
"Vivo","name","Vivo Studio Cowl Neck Maxi Dress in Satin - Black"
"Vivo","name","Vivo Studio Cowl Neck Maxi Dress in Satin - Dark Green"
"Vivo","name","Vivo Studio Cowl Neck Maxi Dress in Satin - Olive"
"Vivo","name","Vivo Studio Cowl Neck Maxi Dress in Satin - Purple"
"Vivo","name","Vivo Studio Cowl Neck Maxi Dress in Satin - Red"
"Vivo","name","Vivo Studio Flared Pants in Rib - Black"
"Vivo","name","Vivo Studio Flared Pants in Rib - Mustard"
"Vivo","name","Vivo Studio Flared Pants in Rib - Olive Green"
"Vivo","name","Vivo Studio Flared Pants in Rib - Taupe"
"Vivo","name","Vivo Sweatshirt in Scuba - Black"
"Vivo","name","Vivo Sweatshirt in Scuba - Brown"
"Vivo","name","Vivo Sweatshirt in Scuba - Dark Green"
"Vivo","name","Vivo Sweatshirt in Scuba - Dark Olive"
"Vivo","name","Vivo Sweatshirt in Scuba - Lilac"
"Vivo","name","Vivo Sweatshirt in Scuba - Lime Green"
"Vivo","name","Vivo Sweatshirt in Scuba - Mulberry"
"Vivo","name","Vivo Sweatshirt in Scuba - Navy"
"Vivo","name","Vivo Sweatshirt in Scuba - Red"
"Vivo","name","Vivo Talia Kimono - Cream / Rust Print"
"Vivo","name","Vivo Talia Kimono - Olive / Hunters Green Print"
"Vivo","name","Vivo Tanda V-Neck Top in Stretch Rib - Black"
"Vivo","name","Vivo Tanda V-Neck Top in Stretch Rib - Mulberry"
"Vivo","name","Vivo Tanda V-Neck Top in Stretch Rib - Off White"
"Vivo","name","Vivo Tanda V-Neck Top in Stretch Rib - Olive"
"Vivo","name","Vivo Tatili Pinstripe Pants in Crepe - Dark Purple"
"Vivo","name","Vivo Tatili Pinstripe Pants in Crepe - Dark Red"
"Vivo","name","Vivo Tatili Pinstripe Pants in Crepe - Dark Teal"
"Vivo","name","Vivo Tatili Pinstripe Pants in Crepe - Mustard"
"Vivo","name","Vivo Tie Kimono in Sweater - Chocolate"
"Vivo","name","Vivo Tie Kimono in Sweater - Mustard"
"Vivo","name","Vivo Tie Kimono in Sweater - Taupe"
"Vivo","name","Vivo Tie Kimono in Sweater - Teal"
"Vivo","name","Vivo Tie Top in Jersey - Black"
"Vivo","name","Vivo Tie Top in Jersey - Olive"
"Vivo","name","Vivo Tie Top in Jersey - Rust"
"Vivo","name","Vivo Tie Top in Jersey - White"
"Vivo","name","Vivo Tie Waist Kimono Maxi Dress in Textured Crepe - Black"
"Vivo","name","Vivo Tie Waist Kimono Maxi Dress in Textured Crepe - Maroon"
"Vivo","name","Vivo Tie Waist Kimono Maxi Dress in Textured Crepe - Olive"
"Vivo","name","Vivo Tie Waist Kimono Maxi Dress in Textured Crepe - White"
"Vivo","name","Vivo Tops - Sample 1"
"Vivo","name","Vivo Tops - Sample 10"
"Vivo","name","Vivo Tops - Sample 11"
"Vivo","name","Vivo Tops - Sample 12"
"Vivo","name","Vivo Tops - Sample 14"
"Vivo","name","Vivo Tops - Sample 15"
"Vivo","name","Vivo Tops - Sample 3"
"Vivo","name","Vivo Tops - Sample 4"
"Vivo","name","Vivo Tops - Sample 5"
"Vivo","name","Vivo Tops - Sample 6"
"Vivo","name","Vivo Tops - Sample 7"
"Vivo","name","Vivo Tops - Sample 8"
"Vivo","name","Vivo Tops - Sample 9"
"Vivo","name","Vivo Wide Leg Pants in Textured Crepe - White "
"Vivo","name","Vivo Wide Top in Chiffon - Chocolate"
"Vivo","name","Vivo Wide Top in Chiffon - Hunters"
"Vivo","name","Vivo Wide Top in Chiffon - Light Blue / Navy Arah Print"
"Vivo","name","Vivo Wide Top in Chiffon - Lime Green"
"Vivo","name","Vivo Wide Top in Chiffon - Mustard"
"Vivo","name","Vivo Wide Top in Chiffon - Orange / Black Arah Print"
"Vivo","name","Vivo Wide Top in Chiffon - Rust"
"Vivo","name","Vivo Wide Top in Chiffon - White / Chocolate Arah Print"
"Vivo","name","Vivo Wrap Top in Cotton - Black / White Print"
"Vivo","name","Vivo Wrap Top in Cotton - Olive / Black Print"
"Vivo","name","Vivo Wrap Top in Cotton - Pink / Green Print"
"Vivo","name","Vivo Wrap Top in Crepe - Black"
"Vivo","name","Vivo Wrap Top in Crepe - Dark Mustard"
"Vivo","name","Vivo Wrap Top in Crepe - Dark Orange"
"Vivo","name","Vivo Wrap Top in Crepe - White"
"Vivo","name","Vivo Zena Shirred Waist Knee Length Dress in Crepe - Beige / Black Loiya Print "
"Vivo","name","Vivo Zena Shirred Waist Knee Length Dress in Crepe - Black"
"Vivo","name","Vivo Zena Shirred Waist Knee Length Dress in Crepe - Mint / Black Loiya Print"
"Zoya","name","Zoya Brave Drape T-Shirt - Pink"
"Zoya","name","Zoya Jumpsuit - Sample 2"
"Zoya","name","Zoya Shani Sarong Wrap - Sample"
"Zoya","name","Zoya Sleeveless Jackets & Coats - Sample 1"
"Zoya","name","Zoya shopping bags"
