Style Name,Style Number,Status,Tier
,,Active,
,,,
,,,
,1020122,,
,1120036,,
,121134,,
,,,
,,,
,,,
,,,
,,,
,,,
,,,
,,,
,,,
,,,
,,,
,,,
,,,
,,Active,
,220050,,
,220118,,
,,,
,,,
,,Active,
,,,
,,,
,,,
,,,
,,,
,,,
,,,
,,,
,,,
,,,
,,,
,,,
,,,
,,,
,,,
,,,
,,,
,,,
,422077,,
,,,
,,,
,,,
,,,
,,,
,,,
,,,
,,,
,,,
,821190,,
,,Active,
,,Active,
,,Active,
,,Active,
,,,
,,,
,,,
,,,
,,,
,,,
,,,
,,,
,,,
,,,
,,,
,,,
,,,
,,,
,,,
,,,
,,,
,,,
,,,
,,,
,,,
,,Active,
,,Active,
,,Active,
,,Active,
,,Active,
,,Active,
,,Active,
,,Active,
,,Active,
,,Active,
,,Active,
,,,
,,,
,,Active,
,,Active,
,,Active,
,,Active,
,,Active,
,,Active,
,,Active,
,,,
,,Active,
,,,
,,Active,
,,,
,,Active,
,,Active,
,,,
,,,
,,Active,
,,Active,
,,Active,
,,Active,
,,,
,,Active,
,,Active,
,,Active,
,,Active,
,,Active,
,,Active,
,,Active,
,,Active,
,,Active,
,,,
,,Active,
,,Active,
,,Active,
,,,
,,Active,
,,Active,
,,Active,
,,Active,
,,,
,,Active,
,,Active,
,,,
,,,
,,,
,,,
,,,
,,,
,,,
,,,
,,,
,,,
,,Active,
,,Active,
,,Active,
,,Active,
,,Active,
,,Active,
,,,
,,,
,,Active,
,,Active,
,,,
,,,
,,,
,,Active,
,,,
,,,
,,Active,
,,Active,
,,Active,
,,,
,,,
,,Active,
,,Active,
,,,
,,Active,
,,Active,
,,Active,
,,Active,
,,Active,
,,Active,
,,Active,
,,Active,
,,Active,
,,Active,
,,Active,
,,Active,
,,Active,
,,Active,
,,Active,
,,Active,
,,Active,
,,Active,
,,Active,
,,Active,
,,,
,,,
,,,
,,,
,,,
,,,
,,,
,,,
,,,
,,,
,,Active,
,,Active,
,,Active,
,,Active,
,,Active,
,,Active,
,,Active,
,,Active,
,,Active,
,,Active,
,,Active,
,,Active,
,,Active,
,,Active,
,,Active,
,,Active,
,,Active,
,,Active,
,,Active,
,,Active,
,,Active,
,,Active,
,,,
,,Active,
,,Active,
,,Active,
,,Active,
,,Active,
,,Active,
,,Active,
,,Active,
,,Active,
,,Active,
,,Active,
,,Active,
,,Active,
,,Active,
,,Active,
,,Active,
,,Active,
,,Active,
,,Active,
,,Active,
,,Active,
,,Active,
,,Active,
,,Active,
,,Active,
,,Active,
,,Active,
,,Active,
,,Active,
,,Active,
,,Active,
,,Active,
,,Active,
,,Active,
,,Active,
,,Active,
,,Active,
,,Active,
,,Active,
,,Active,
,,Active,
,,Active,
,,Active,
,,Active,
,,Active,
,,Active,
,,Active,
,,Active,
,,Active,
,,Active,
,,Active,
,,Active,
,,Active,
,,Active,
,,Active,
,,,
,,Active,
,,Active,
,,,
,,,
,,,
,,,
,,,
,,,
,,,
,,,
,,,
,,,
,,,
,,,
,,,
,,Active,
,,,
,,,
,,,
,,,
,,,
,,,
,,,
,,,
,,,
,,,
,,,
,,,
,,,
,,,
,,,
,,,
,,,
,,,
,,,
,,,
,,,
,,,
,,,
,,,
,,,
,,,
,,,
,,,
,,,
,,,
,,,
,,,
,,,
,,Active,
,,Active,
,,Active,
,,,
,,,
,,,
,,,
,,,
,,,
,,,
,,,
,,,
,,,
,,,
,,,
,,,
,,,
,,,
,,,
,,,
,,,
,,,
,,,
,,,
,,,
,,,
,,,
,,,
,,,
Alladin Wrangler Long Sleeve T-Shirt - 100% Polyester,LTZO-1606,Active,
,,,
,,Active,
,,Active,
,,Active,
,,Active,
,,,
,,,
,,Active,
,,Active,
,,,
,,,
,,Active,
,,,
,,,
,,,
,,,
,,,
,,,
,,,
,,,
,,,
,,,
,,Active,
,,Active,
,,,
,,,
,,,
,,,
Anika Assymetrical Thick Strap Top,AN00219,Active,
,,,
,,,
,,,
,,,
,,,
,,,
,,,
,,,
,,,
,,,
Anika Corduroy Side Slit Mini Skirt,AN00268,Active,
,,,
,,,
,,,
Anika Double Layer Tank,,Active,
,,,
,,,
,,,
,,,
Anika Infinity Neck Open Back Maxi Dress,AN00151,Active,
,,,
,,,
,,,
,,,
,,,
,,,
,,,
Anika Long Sleeved Sweater Top With Halter Neck Design,AN00256,Active,
,,,
,,,
,,,
,,,
,,,
,,,
,,,
,,,
,,,
,,,
,,,
Anika Pleated Highwaist Aline Side Zipper Short Skater Skirt,AN00237,Retired,Retired
,,,
,,,
,,,
Anika Ribbed Pencil Skirt,CXSZSX7089-PY,Retired,Retired
Anika Ribbed Pencil Skirt,,Retired,Retired
,,,
,,,
,,,
,,,
,,,
,,,
,,,
,,,
,,,
Anika Straight Cargo Pants With Pockets,,Active,
,,,
,,,
,,,
,,,
,,,
,,,
,,,
Vivo Lani Maxi Top,V1021160,Active,NOOS
,,Active,
,,Active,
,,Active,
,,Active,
,,Active,
,,Active,
,,,
,,Active,
,,Active,
,,,
,,Active,
,,Active,
,,Active,
,,,
,,,
,,Active,
,,Active,
,,Active,
,,Active,
,,,
,,Active,
,,Active,
,,,
,,,
,,,
,,Active,
,,Active,
Backless Strappy Satin Dress With High Side Slit,,Active,
Backless Strappy Satin Dress With High Side Slit,,Active,
Backless Strappy Satin Dress With High Side Slit,,Active,
Backless Strappy Satin Dress With High Side Slit,,Active,
Backless Strappy Satin Dress With High Side Slit,,Active,
Backless Strappy Satin Dress With High Side Slit,,Active,
Backless Strappy Satin Dress With High Side Slit,,Active,
Backless Strappy Satin Dress With High Side Slit,,Active,
,,,
,,Active,
,,,
,,,
,,,
,,,
,,Active,
Black Leopard Print Cut-out One Shoulder Bodycon Dress,,Retired,Retired
,,,
,,,
,,Active,
,,,
,,,
,,,
,,,
,,,
,,,
,,Active,
,,,
,,,
,,,
,,,
,,,
,,,
,,,
,,,
,,,
,,,
,,,
,,,
,,,
,,,
,,,
,,,
,,,
,,,
,,,
,,,
,,,
,,,
,,,
,,,
,,,
,,,
,,,
,,,
,,,
,,,
,,,
,,,
,,,
,,,
,,,
,,,
,,,
,,,
,,,
,,,
,,,
,,,
,,,
,,,
,,,
,,,
,,,
,,,
,,,
,,,
,,,
,,,
,,,
,,,
,,,
,,Active,
,,Active,
,,Active,
,,Active,
,,Active,
,,,
,,Active,
,,,
,,,
,,Active,
,,,
,,,
,,Active,
,,,
,,Active,
,,,
,,Active,
,,,
,,Active,
,,Active,
,,Active,
,,Active,
,,Active,
,,Active,
,,Active,
,,Active,
,,Active,
,,Active,
,,Active,
,,Active,
,,Active,
,,Active,
,,Active,
,,Active,
,,Active,
,,Active,
,,Active,
Classic Flared Miniskirt,,Retired,Retired
,,,
,,,
Cowl Lined Midi Halter Dress,,Retired,Retired
,,,
,,,
Cowl Lined Midi Halter Dress,,Retired,Retired
,,,
,,,
,,,
,,,
,,,
,,Active,
,,Active,
,,Active,
,,Active,
,,Active,
,,Active,
,,Active,
,,Active,
,,Active,
,,,
,,Active,
,,Active,
,,Active,
,,Active,
,,Active,
,,Active,
,,Active,
,,Active,
,,Active,
,,,
,,Active,
,,Active,
,,Active,
,,Active,
,,Active,
,,Active,
,,Active,
,,Active,
,,Active,
,,Active,
,,Active,
,,Active,
,,Active,
,,Active,
,,Active,
,,Active,
,,Active,
,,Active,
,,Active,
,,Active,
,,Active,
,,Active,
,,Active,
,,Active,
,,Active,
,,Active,
,,Active,
,,Active,
,,Active,
,,Active,
,,Active,
,,Active,
,,Active,
,,Active,
,,Active,
,,,
,,,
,,,
,,,
,,,
,,,
,,,
,,,
,,,
,,,
,,,
,,,
,,,
,,,
,,,
,,,
,,Active,
,,,
,,,
,,,
,,,
,,,
,,,
,,,
,,,
,,,
,,,
,,,
,,,
,,,
,,,
,,,
,,,
,,,
,,,
,,,
,,,
,,,
,,,
,,,
,,,
,,,
,,,
,,,
,,,
,,,
,,,
,,,
,,,
,,,
,,,
,,,
,,,
,,,
,,,
,,,
Denim Haven High Rise Skinny Ripped Jeans,DH0001,Retired,Retired
Denim Haven High Rise Skinny Ripped Jeans,,Retired,Retired
Denim Haven High Rise Skinny Ripped Jeans,,Retired,Retired
,,,
,,,
,,,
,,,
,,,
,,,
Double O-ring Cami Dress,,Retired,Retired
Double O-ring Cami Dress,,Retired,Retired
,,,
,,Active,
,,Active,
,,Active,
,,Active,
,,Active,
,,Active,
,,,
,,Active,
,,Active,
,,Active,
,,Active,
,,Active,
,,Active,
,,Active,
,,Active,
,,Active,
,,,
,,,
,,,
,,,
,,,
,,,
,,,
,,,
,,,
,,,
,,,
,,,
,,,
,,,
,,,
,,,
,,,
,,,
,,,
,,,
,,,
,,,
,,,
,,,
,,,
,,Active,
,,Active,
,,Active,
,,Active,
,,Active,
,,Active,
,,Active,
,,Active,
,,Active,
,,Active,
,,Active,
,,Active,
,,Active,
,,Active,
,,Active,
,,,
,,,
,,,
,,,
,,,
,,,
,,,
Vivo Everyday Cap Sleeve Top,V1120036,Active,
,,Active,
,,Active,
,,Active,
,,Active,
,,Active,
,,Active,
,,Active,
,,Active,
,,,
,,Active,
,,Active,
,,Active,
,,Active,
,,Active,
,,Active,
,,Active,
,,Active,
,,Active,
,,Active,
,,Active,
,,Active,
,,Active,
,,Active,
,,Active,
,,Active,
,,,
,,,
,,,
,,,
,,,
,,,
,,,
,,,
,,Active,
,,Active,
,,Active,
,,Active,
,,Active,
,,Active,
,,Active,
,,Active,
,,Active,
,,Active,
,,Active,
,,Active,
,,Active,
,,Active,
,,Active,
,,Active,
,,Active,
,,Active,
,,Active,
,,Active,
,,Active,
,,Active,
,,Active,
,,Active,
,,Active,
,,Active,
,,Active,
,,Active,
,,,
,,,
,,,
,,,
,,Active,
,,Active,
,,Active,
,,Active,
,,Active,
,,Active,
,,Active,
,,,
,,Active,
,,Active,
,,Active,
,,Active,
,,Active,
,,Active,
,,Active,
,,Active,
,,Active,
,,Active,
,,Active,
,,Active,
,,Active,
,,Active,
,,Active,
,,Active,
,,Active,
,,Active,
,,Active,
,,Active,
,,Active,
,,Active,
,,Active,
,,Active,
,,Active,
,,Active,
,,Active,
,,Active,
,,,
,,Active,
,,Active,
,,Active,
,,Active,
,,Active,
,,,
,,,
,,,
,,,
,,,
,,,
,,,
,,,
,,,
,,,
,,,
,,,
,,,
,,,
,,,
,,,
,,,
,,,
,,,
,,,
,,,
,,,
,,,
,,,
,,,
,,,
,,,
,,,
,,,
,,,
,,,
,,,
,,,
,,,
,,,
,,,
,,,
,,,
,,,
,,,
,,,
,,Active,
,,,
,,,
,,,
,,,
,,,
,,,
,,,
,,,
,,,
,,,
,,,
,,,
,,,
,,,
,,,
,,,
,,,
,,,
,,Active,
,,Active,
,,Active,
,,Active,
,,Active,
,,Active,
,,Active,
,,Active,
,,Active,
,,Active,
,,Active,
,,Active,
,,Active,
,,Active,
,,Active,
,,Active,
,,Active,
,,Active,
,,,
,,Active,
,,,
,,,
,,Active,
,,Active,
,,Active,
,,Active,
,,Active,
,,Active,
,,Active,
,,Active,
,,Active,
,,Active,
,,,
,,,
,,,
,,,
,,,
,,,
,,,
,,,
,,,
,,,
,,,
,,,
,,,
,,,
,,,
,,,
,,,
,,,
,,,
,,,
,,,
,,Active,
,,Active,
,,,
,,Active,
,,Active,
,,Active,
,,Active,
,,,
,,Active,
,,Active,
,,Active,
,,Active,
,,Active,
,,Active,
,,Active,
,,Active,
,,Active,
,,Active,
,,Active,
,,Active,
,,Active,
,,Active,
,,Active,
,,Active,
,,Active,
,,,
,,,
,,Active,
,,Active,
,,Active,
,,Active,
,,,
,,Active,
,,,
,,Active,
,,Active,
,,,
,,Active,
,,,
,,Active,
,,Active,
,,Active,
,,Active,
,,Active,
,,Active,
,,Active,
,,Active,
,,Active,
,,Active,
,,Active,
,,Active,
,,Active,
,,Active,
,,Active,
,,Active,
,,Active,
,,Active,
,,Active,
,,Active,
,,Active,
,,Active,
,,Active,
,,,
,,Active,
,,Active,
,,Active,
,,Active,
,,Active,
,,Active,
,,Active,
,,Active,
,,Active,
,,Active,
,,Active,
,,Active,
,,Active,
,,Active,
,,,
,,Active,
,,Active,
,,Active,
,,Active,
,,Active,
,,,
,,,
,,,
,,,
,,,
,,,
,,,
,,,
,,,
,,,
,,,
,,,
,,,
,,,
,,Active,
,,Active,
,,Active,
,,Active,
,,Active,
,,Active,
,,,
,,,
,,Active,
,,Active,
,,Active,
,,,
,,,
,,Active,
,,,
,,,
,,,
,,,
,,,
,,,
,,,
,,,
,,Active,
,,,
,,,
,,,
,,,
,,,
,,,
,,,
,,,
,,,
,,,
,,,
,,,
,,,
,,,
,,,
,,,
,,,
,,,
,,,
,,,
,,,
,,,
,,,
,,,
,,Active,
,,Active,
,,,
,,,
,,,
,,,
,,,
,,,
,,,
,,,
,,,
,,,
,,,
,,,
,,,
,,,
,,,
,,,
,,,
,,Active,
,,Active,
,,Active,
,,Active,
,,Active,
,,Active,
,,Active,
,,Active,
,,Active,
,,Active,
,,Active,
,,,
,,Active,
,,Active,
,,Active,
,,Active,
,,Active,
,,Active,
,,Active,
,,,
,,Active,
,,Active,
,,Active,
,,Active,
,,Active,
,,Active,
,,Active,
,,,
,,,
,,,
,,Active,
,,Active,
,,Active,
,,Active,
,,Active,
,,Active,
,,,
,,,
,,,
,,,
,,,
,,,
,,,
,,,
,,,
,,,
,,,
,,,
,,,
,,,
,,,
,,,
,,,
,,,
,,,
,,,
,,,
,,,
,,,
,,,
,,,
,,,
,,,
,,,
,,,
,,,
,,Active,
,,Active,
Key Hole Halter with Seamed Body,P21TX9411-RB,Retired,Retired
Key Hole Halter with Seamed Body,,Retired,Retired
Key Hole Halter with Seamed Body,,Retired,Retired
,,Active,
King's Collection Unisex Round Neck T-shirt,,Active,
,,,
,,,
,,,
,,,
,,Active,
,,,
,,Active,
,,Active,
,,,
,,Active,
,,,
,,Active,
,,Active,
,,Active,
,,Active,
,,Active,
,,Active,
,,Active,
,,Active,
,,Active,
,,Active,
,,Active,
,,Active,
,,Active,
,,Active,
,,,
,,,
,,Active,
,,,
,,Active,
,,Active,
,,,
,,,
,,,
,,,
,,,
,,,
,,,
,,Active,
,,Active,
,,Active,
,,Active,
,,Active,
,,Active,
,,Active,
Lace-Up Back Spaghetti-Strap Dress,,Retired,Retired
,,,
,,,
,,,
,,,
,,,
,,,
,,,
,,,
,,,
,,,
Lola Front Knot Shoulder Tie Crop Tie,LL0070,Active,
,,,
,,,
,,,
,,,
,,,
Lola Long Sleeved Above Knee Ruched Dress,LL0009,Active,
,,,
,,,
,,,
,,,
,,,
Long Sleeve Bodysuit,SZ0922066,Active,
,,,
Long Strappy Satin Dress with Pleated Bust,,Active,
Long Strappy Satin Dress with Pleated Bust,,Active,
,,,
,,,
,,,
,,,
,,,
,,,
,,,
,,,
,,Active,
,,Active,
,,Active,
,,Active,
,,Active,
,,Active,
,,Active,
,,Active,
,,Active,
,,,
,,,
,,,
,,,
,,,
,,,
,,,
,,,
,,,
,,,
,,,
,,Active,
,,Active,
,,,
,,,
,,Active,
,,,
,,,
,,,
,,,
,,,
,,Active,
,,,
,,,
,,,
,,,
,,,
,,,
,,,
,,,
,,,
,,,
,,,
,,,
,,,
,,,
,,,
,,,
,,,
,,Active,
,,,
,,,
,,,
,,,
,,Active,
,,Active,
,,Active,
,,,
,,,
,,,
,,,
,,,
,,,
,,,
,,,
,,,
,,,
,,,
,,,
,,,
,,,
,,,
,,,
,,,
,,,
,,,
,,,
,,,
,,,
,,,
,,,
,,,
,,,
,,,
,,,
,,,
,,,
,,,
,,Active,
,,,
,,Active,
,,,
,,,
,,,
,,,
,,,
,,,
,,Active,
,,,
,,,
,,Active,
,,,
,,Active,
,,Active,
,,Active,
,,Active,
,,Active,
,,Active,
,,Active,
,,Active,
,,Active,
,,Active,
,,Active,
,,,
,,,
,,,
,,,
,,Active,
,,Active,
,,Active,
,,Active,
,,Active,
,,Active,
,,,
,,,
,,Active,
,,Active,
,,Active,
,,Active,
,,Active,
,,Active,
,,Active,
,,Active,
,,Active,
,,Active,
,,Active,
,,Active,
,,Active,
,,,
,,,
,,,
,,Active,
,,,
,,,
,,Active,
,,Active,
,,Active,
,,Active,
,,,
,,Active,
,,Active,
,,Active,
,,Active,
,,Active,
,,Active,
,,,
,,,
,,,
,,Active,
,,,
,,Active,
,,Active,
,,Active,
,,,
,,,
,,,
Nimali Ruffle Sleeve Short Dress,,Active,
Nimali Ruffle Sleeve Short Dress,,Active,
,,,
,,,
,,,
,,,
,,,
,,,
,,,
,,,
,,,
,,,
,,,
,,,
,,,
,,,
,,,
,,,
,,,
,,,
,,,
,,,
,,,
,,,
,,,
,,,
,,,
,,,
,,,
,,,
,,,
,,,
,,,
,,,
,,,
,,,
,,,
,,,
,,,
,,,
,,,
,,,
,,,
,,,
,,,
,,,
,,,
,,,
,,,
,,,
,,,
,,,
,,,
,,,
,,,
,,,
,,,
,,,
,,,
,,,
,,,
,,,
,,,
,,,
,,,
,,,
,,,
,,,
,,,
,,,
,,,
,,,
,,,
,,,
,,,
,,,
,,,
,,,
,,,
,,,
,,,
,,,
,,,
,,,
,,,
,,,
,,,
,,,
,,,
,,,
,,,
,,,
,,,
,,,
,,,
,,,
,,,
,,,
,,,
,,,
,,,
,,,
,,,
,,,
,,,
,,,
,,,
,,,
,,,
,,,
,,,
,,,
,,,
,,,
,,,
,,,
,,,
,,,
,,,
,,,
,,,
,,,
,,,
,,,
,,,
,,,
,,,
,,,
,,,
,,,
,,,
,,,
,,,
,,,
,,,
,,,
,,,
,,,
,,,
,,,
,,,
,,,
,,,
,,,
,,,
,,,
,,,
,,,
,,,
,,,
,,,
,,,
,,,
,,,
,,,
,,,
,,,
,,,
,,,
,,,
,,,
,,,
,,,
,,,
,,,
,,,
,,,
,,,
,,,
,,,
,,,
,,,
,,,
,,,
,,,
,,,
,,,
,,,
,,,
,,,
,,,
,,,
,,,
,,,
,,,
,,,
,,,
,,,
,,,
,,,
,,,
,,,
,,,
,,,
,,,
PRT-2194702975 MOD 3 Al Sawae,,,
,,,
,,,
,,,
,,,
,,,
,,,
,,,
,,,
,,,
,,,
,,,
,,,
,,,
,,,
,,,
,,,
,,,
,,,
,,,
,,,
,,,
,,,
,,,
,,,
,,,
,,,
,,,
,,,
,,,
,,,
,,,
,,,
,,,
,,,
,,,
,,,
,,,
,,,
,,,
,,,
,,,
,,,
,,,
,,Active,
,,Active,
,,Active,
,,Active,
,,Active,
,,Active,
,,Active,
,,Active,
,,Active,
,,Active,
,,,
,,,
,,,
,,Active,
,,Active,
,,Active,
,,Active,
,,Active,
,,,
,,,
,,,
,,,
,,,
,,,
,,,
,,,
,,,
,,,
,,,
,,,
,,,
,,,
,,,
,,,
,,,
,,,
,,,
,,,
,,,
,,,
,,,
,,,
,,,
,,,
,,,
,,,
,,,
,,,
,,,
,,,
,,,
,,,
,,,
,,,
,,,
,,,
,,,
,,,
,,,
,,,
,,,
,,,
,,,
,,,
,,,
,,,
,,,
,,,
,,,
,,,
,,,
,,,
,,,
,,,
,,,
,,,
,,,
,,,
,,,
,,,
,,,
,,,
,,,
,,,
,,,
,,,
,,,
,,,
,,,
,,,
,,,
,,,
,,,
,,,
,,,
,,,
,,,
,,,
,,,
,,,
,,,
,,,
,,,
,,,
,,,
,,,
,,,
,,,
,,,
,,,
,,,
,,,
,,,
,,,
,,,
,,,
,,,
,,,
,,,
,,,
,,,
,,,
,,,
,,,
,,,
,,,
,,,
,,,
,,,
,,,
,,,
,,,
,,,
,,,
,,,
,,,
,,,
,,,
,,,
,,,
,,,
,,,
,,,
,,,
,,,
,,,
,,,
,,,
,,,
,,,
,,,
,,,
,,,
,,,
,,,
,,,
,,,
,,,
,,,
,,,
,,,
,,,
,,,
,,,
,,,
,,,
,,,
,,,
,,,
,,,
,,,
,,,
,,,
,,,
,,,
,,,
,,,
,,,
,,,
,,,
,,,
,,,
,,,
,,,
,,,
,,,
,,,
,,,
,,,
,,,
,,,
,,,
,,,
,,,
,,,
,,,
,,,
,,,
,,,
,,,
,,,
,,,
,,,
,,,
,,,
,,,
,,,
,,,
,,,
,,,
,,,
,,,
,,,
,,,
,,,
,,,
,,,
,,,
,,Active,
,,,
,,,
,,,
,,,
,,,
,,,
,,,
,,,
,,,
,,,
,,,
,,,
,,,
,,,
,,,
,,,
,,,
,,,
,,,
,,,
,,,
,,,
,,,
,,,
,,,
,,,
,,,
,,,
,,,
,,,
,,,
,,,
,,,
,,,
,,,
,,,
,,,
,,,
,,,
,,,
,,,
,,,
,,,
,,,
,,,
,,,
,,,
,,,
,,,
,,,
,,,
,,Active,
,,,
Popular 21 Ponte Scoop Neck Midi Bodycon Dress,,Active,
Popular 21 Ribbed Long-Sleeve Mini Dress,,Retired,Retired
Popular 21 Sleeveless Square-Neck Dress,,Active,
Popular 21 Thick Strap Rib Dress,,Active,
,,,
,,,
,,,
,,Active,
,,Active,
,,,
,,Active,
,,Active,
,,Active,
,,Active,
,,Active,
,,Active,
,,Active,
,,Active,
,,Active,
,,Active,
,,Active,
,,,
,,Active,
,,Active,
,,Active,
,,Active,
,,Active,
,,Active,
,,Active,
,,Active,
,,,
,,,
,,,
,,Active,
,,,
,,Active,
,,Active,
,,Active,
,,,
,,,
,,,
,,,
,,,
,,,
,,,
,,,
,,,
,,,
,,Active,
,,,
,,,
,,,
,,,
,,Active,
,,Active,
,,Active,
,,Active,
,,Active,
,,Active,
,,Active,
,,Active,
,,Active,
,,Active,
,,Active,
,,Active,
,,Active,
,,,
,,,
,,,
,,,
,,Active,
,,,
,,,
,,,
,,,
,,,
,,Active,
,,Active,
,,Active,
,,Active,
,,Active,
,,Active,
,,Active,
,,Active,
,,Active,
,,Active,
,,Active,
,,Active,
,,Active,
,,Active,
,,Active,
,,Active,
,,Active,
,,Active,
,,Active,
,,Active,
,,Active,
,,Active,
,,Active,
,,Active,
,,Active,
,,Active,
,,Active,
,,Active,
,,Active,
,,Active,
,,,
Racer Front & Back Mini Dress,,Retired,Retired
Racer Front & Back Mini Dress,,Retired,Retired
Racer Front & Back Mini Dress,,Retired,Retired
,,Active,
,,Active,
,,,
,,,
,,,
,,,
,,,
,,,
,,,
,,,
,,,
,,,
,,,
,,,
,,,
,,,
,,,
,,,
,,,
,,,
,,,
,,,
,,,
,,,
,,,
,,,
,,,
,,,
,,,
,,,
,,,
,,,
,,,
,,,
,,,
Ribbed Sleeveless Maxi Dress,,Active,
,,Active,
,,,
,,,
,,,
,,,
,,,
,,,
,,,
,,,
,,,
,,,
,,,
,,,
,,,
,,,
,,,
,,,
,,,
,,,
,,,
,,,
,,,
,,,
,,,
,,,
,,,
,,,
,,,
,,,
,,,
,,,
,,,
,,,
,,,
,,,
,,,
,,,
,,,
,,,
,,,
,,,
,,,
,,,
,,,
,,,
,,,
,,,
,,,
,,,
,,,
,,,
,,Active,
,,,
,,,
,,,
,,,
,,,
,,,
,,,
,,,
,,,
,,Active,
,,Active,
,,Active,
,,Active,
,,Active,
,,Active,
,,Active,
,,,
,,Active,
,,Active,
,,Active,
,,,
,,Active,
,,Active,
,,Active,
,,Active,
,,Active,
,,Active,
,,Active,
,,Active,
,,Active,
,,Active,
,,Active,
,,Active,
,,Active,
,,Active,
,,Active,
,,Active,
,,Active,
,,,
,,,
,,,
,,Active,
,,Active,
,,Active,
,,Active,
,,Active,
,,Active,
,,Active,
,,,
,,Active,
,,,
,,Active,
,,,
,,,
,,Active,
,,,
,,,
,,,
,,,
,,Active,
,,Active,
,,Active,
,,Active,
,,Active,
,,Active,
,,Active,
,,Active,
,,Active,
,,Active,
,,Active,
,,,
,,,
,,,
,,,
,,,
,,,
,,,
,,,
,,,
,,,
,,,
,,,
,,,
,,,
,,,
,,,
,,,
,,,
SHUNHANG-Shunhang,,,
,,,
,,,
,,,
,,,
,,,
,,,
,,,
,,,
,,,
,,,
,,,
,,,
,,,
,,,
,,,
,,,
,,,
,,,
,,Active,
,,Active,
,,Active,
,,Active,
,,Active,
,,Active,
,,Active,
,,Active,
,,Active,
,,Active,
,,Active,
,,Active,
,,Active,
,,,
,,Active,
,,Active,
,,Active,
,,Active,
,,Active,
,,Active,
,,Active,
,,Active,
,,Active,
,,Active,
,,Active,
,,Active,
,,Active,
,,Active,
,,Active,
,,Active,
,,Active,
,,Active,
,,Active,
,,,
,,Active,
,,Active,
,,Active,
,,Active,
,,Active,
,,Active,
,,Active,
,,,
,,,
,,,
,,Active,
,,Active,
Safari 3/4 Sleeve Maxi Kimono With Headwrap,,Retired,Retired
Safari 3/4 Sleeve Maxi Kimono With Headwrap,,Retired,Retired
Safari Anga Drawstring Cargo Pants,,Active,
Safari Anga Drawstring Cargo Pants,,Active,
Safari Anga Drawstring Cargo Pants,,Active,
Safari Anga Puffy Short Sleeve Tie Top,,Retired,Retired
Safari Anga Puffy Short Sleeve Tie Top,,Retired,Retired
Safari Anga Puffy Short Sleeve Tie Top,S0623056,Retired,Retired
,,,
,,,
Safari Anga Puffy Short Sleeve Tie Top,,Retired,Retired
,,,
,,,
Safari Anga Sleeveless Halter A-Line Dress,,Active,
Safari Anga Wide Shorts,S0623073,Retired,Retired
Safari Anga Wide Shorts,,Retired,Retired
,,,
,,,
,,,
,,,
,,,
,,,
,,,
,,,
,,,
,,,
,,,
Safari Basic Bishop Sleeve Top,,Active,
,,,
,,,
,,,
,,,
,,,
,,,
,,,
,,,
,,,
,,,
,,,
,,,
,,,
,,,
,,,
,,,
,,,
,,,
Safari Basic Ribbed Tank Top,S1120077,Retired,Retired
Safari Basic Satin Cap Sleeved Top,S1121018,Active,
Safari Basic Shirt Tent Dress,,Retired,Retired
Safari Basic Shirt Tent Dress,,Retired,Retired
Safari Basic Shirt Tent Dress,,Retired,Retired
,,,
,,,
,,,
,,,
,,,
,,,
,,,
,,,
,,,
,,,
Safari Bush 3/4 Sleeve Top,,Active,
Safari Bush 3/4 Sleeve Top,,Active,
,,,
Safari Bush Asymmetrical Sweater Poncho,S0424050,Retired,Retired
Safari Bush Cropped Short Sleeve Shacket,,Retired,Retired
Safari Bush Drawstring Shorts,,Active,
Safari Bush Drop Shoulder Long Sleeve Top,,Retired,Retired
Safari Bush Drop Shoulder Long Sleeve Top,,Retired,Retired
Safari Bush Men's Long Sleeve T-shirt,,Active,
Safari Bush Men's Long Sleeve T-shirt,,Active,
Safari Bush Sweatshirt,,Retired,Retired
Safari Bush Sweatshirt,S0524187,Retired,Retired
Safari Bush Yoga Wrap,,Active,
,,Active,
,,Active,
Safari By Vivo Mens Cotton Long Sleeve Shirt,S0925062,Retired,Retired
,,,
Safari By Vivo Mens Cotton Pants,S0925061,Retired,Retired
Safari By Vivo Mens Cotton Short Sleeve Shirt,S0925060,Retired,Retired
Safari By Vivo Mens Cotton Shorts,S0925059,Retired,Retired
,,Active,
Safari Chui 3/4 Sleeve A-Line Dress,S1024009,Retired,Retired
Safari Chui Cropped Jacket,S1024007,Retired,Retired
Safari Chui Heavy Shirt,S1024013,Active,
Safari Chui Jodhpur Pants,S1024019,Retired,Retired
Safari Chui Lined Jacket,S1024005,Active,
Safari Chui Placket Top,S1024011,Retired,Retired
Safari Chui Wide Leg Waistband Shorts,S1024014,Active,
Safari Dila  Poncho,S0724017,Active,Core Performer
,,,
,,,
,,,
,,,
,,,
,,,
,,,
,,,
Safari Fitted Top,S,Active,
Safari Hawi 3/4 Sleeve Reversible Kimono,,Active,
Safari Hawi 3/4 Sleeve Reversible Kimono,,Active,
Safari Hawi 3/4 Sleeve Reversible Kimono,,Active,
Safari Hawi Bishop Sleeve Tent Shirt Dress,,Active,
Safari Hawi Cargo Pants,,Retired,Retired
Safari Hawi Cargo Pants,,Retired,Retired
Safari Hawi Cargo Pants,,Retired,Retired
Safari Hawi Cargo Pants,,Retired,Retired
Safari Hawi Double Breasted Kimono Coat,,Active,
Safari Hawi Lapel Poncho,,Active,
Safari Hawi Lapel Poncho,,Active,
Safari Hawi Lapel Poncho,,Active,
Safari Hawi Off Shoulder Bishop Sleeve Tunic Top,,Active,
Safari Hawi Off Shoulder Bishop Sleeve Tunic Top,,Active,
Safari Hawi Peplum Bishop Sleeve Wrap Coat,,Retired,Retired
Safari Hawi Peplum Bishop Sleeve Wrap Coat,,Retired,Retired
Safari Hawi Peplum Bishop Sleeve Wrap Coat,,Retired,Retired
Safari Hawi Peplum Bishop Sleeve Wrap Coat,,Retired,Retired
Safari Haya 0ne Shoulder Asymmetrical Side Tie Top,,Retired,Retired
Safari Haya 0ne Shoulder Asymmetrical Side Tie Top,,Retired,Retired
Safari Haya Drop Shoulder Side Tie Top,,Active,
,,,
Safari Haya Drop Shoulder Side Tie Top,,Active,
Safari Haya Front Slit Wide Leg Pants,,Active,
Safari Haya Front Slit Wide Leg Pants,S0124002,Active,
Safari Haya High Low Dress,,Retired,Retired
Safari Haya Off Shoulder Maxi Dress,,Retired,Retired
Safari Haya Strappy Tie Back Maxi Dress,,Retired,Retired
Safari Haya Strappy Tie Back Maxi Dress,,Retired,Retired
Safari Huru 3/4 Sleeved Loose Top,,Retired,Retired
Safari Huru 3/4 Sleeved Loose Top,,Retired,Retired
Safari Huru Halter Sleeveless High Low Dress,S0424075,Retired,Retired
Safari Huru Halter Sleeveless High Low Dress,,Active,Core Performer
Safari Huru Halter Sleeveless High Low Dress,,Active,Core Performer
Safari Huru Peplum Shacket,,Active,
,,,
,,,
,,,
,,,
Safari Kamari Capri Cargo Pants,,Active,
Safari Kamari Capri Cargo Pants,,Active,
Safari Kamari Cotton Shorts,,Retired,Retired
Safari Kamari Cotton Shorts,,Retired,Retired
Safari Kamari Drop Shoulder Top,,Active,
Safari Kamari Drop Shoulder Top,,Active,
Safari Kamari Drop Shoulder Top,,Active,
Safari Kamari Drop Shoulder Top,,Active,
Safari Kamari Front Slit Midi Skirt,,Active,
Safari Kamari Front Slit Midi Skirt,,Active,
Safari Kamari Front Slit Midi Skirt,,Active,
Safari Kamari Front Slit Midi Skirt,,Active,
Safari Kamari Halter Shirt,,Retired,Retired
Safari Kamari Halter Shirt,,Retired,Retired
Safari Kamari Halter Shirt,,Retired,Retired
Safari Kamari Halter Shirt,,Retired,Retired
Safari Kamari Halter Shirt,,Retired,Retired
Safari Kamari Halter Shirt,,Retired,Retired
Safari Kamari Long Sleeve Drawstring Shacket,,Retired,Retired
Safari Kamari Long Sleeve Drawstring Shacket,,Retired,Retired
Safari Kamari Long Sleeve Drawstring Shacket,,Retired,Retired
Safari Kamari Maxi Dress,,Retired,Retired
Safari Kamari Mini Skirt,,Retired,Retired
Safari Kamari Mini Skirt,,Retired,Retired
Safari Kamari Ribbed Top,,Retired,Retired
Safari Kamari Ribbed Top,,Retired,Retired
,,,
Safari Kamari Sleeveless Cropped Jacket,,Active,
Safari Kamari Wide Leg Pants,,Retired,Retired
Safari Kamari Wide Leg Pants,,Retired,Retired
Safari Kamari Wide Leg Pants,,Retired,Retired
Safari Kamari Wide Leg Pants,,Retired,Retired
,,,
,,,
Safari Kaya Long Sleeve Collar Shirt,,Active,
Safari Kaya Long Sleeve Collar Shirt,,Active,
Safari Kaya Long Sleeve Collar Shirt,,Active,
Safari Kaya Long Sleeve Collar Shirt,,Active,
Safari Kaya Long Sleeve Collar Shirt,,Active,
Safari Kaya Long Sleeve Collar Shirt,S0522015,Retired,Retired
Safari Kaya Long Sleeve Collar Shirt,,Active,
Safari Kaya Long Sleeve Collar Shirt,,Active,
Safari Kaya Long Sleeve Dolman Flounce Shirt Dress,S0622001,Retired,Retired
Safari Kaya Long Sleeve Shirt Dress,,Active,
Safari Kaya Long Sleeve Shirt Dress,,Active,
Safari Kaya Long Sleeve Shirt Dress,S0223186,Retired,Retired
Safari Kaya Long Sleeve Shirt Dress,,Active,
Safari Kaya Long Sleeve Shirt Dress,,Active,
Safari Kaya Long Sleeve Trench Coat Dress,,Active,
Safari Kaya Sleeveless Tent Shirt Dress,,Retired,Retired
Safari Kaya Sleeveless Tent Shirt Dress,S0224135,Retired,Retired
Safari Kaya Sleeveless Tent Shirt Dress,,Retired,Retired
Safari Kaya Tappered Pants,,Active,
Safari Kikoy 3/4 Sleeve Shirt,S0923110,Retired,Retired
Safari Kikoy Bubble Sleeve Crop Wrap Top,S0923074,Active,
Safari Kikoy Joggers,S0923114,Retired,Retired
Safari Kikoy Long Sleeve Shacket,S0923075,Retired,Retired
Safari Kikoy Long Sleeved Shirt Dress,S0923076,Retired,Retired
Safari Kikoy Off Shoulder Crop Top,S0923079,Retired,Retired
Safari Kikoy Shirred Top Maxi Dress,S0923063,Active,
Safari Kikoy Tie Back Maxi Dress,S0923071,Active,
,,,
,,,
,,,
,,,
,,,
,,,
,,,
Safari Kikoy Tunic High Low Top,S1023066,Retired,Retired
,,,
,,,
,,,
,,,
,,,
,,,
Safari Kikoy Tunic High Low Top With Side Slits,,,
Safari Kikoy Tunic High Low Top With Side Slits,,,
,,,
,,,
,,,
Safari Kikoy Wide Elastic Shorts,,,
Safari Kikoy Wide Elastic Shorts,S0923106,Retired,Retired
,,,
Safari Kikoy Wide Leg Pants,,,
Safari Kikoy Wrap Dress,S0923093,Retired,Retired
,,,
,,,
,,,
Safari Kikoy Wrap Kimono,S0923061,Active,
Safari Kitenge 3/4 sleeve Maxi Dress,,,
Safari Kitenge 3/4 sleeve Maxi Dress,S0223033,Retired,Retired
Safari Kitenge Men's Sweat Pants,S0824055,Retired,Retired
,,,
Safari Kitenge Men's Sweatshirt,S0824054,Retired,Retired
,,,
Safari Kitenge Side Frill Kaftan,S0223031,Active,
Safari Kitenge T-Shirt,,Retired,Retired
,,,
,,,
,,,
Safari Kitenge T-Shirt,,,
Safari Kitenge T-Shirt,,,
,,,
,,,
,,,
,,,
,,,
,,,
,,,
,,,
,,,
,,,
,,,
,,,
,,,
,,,
,,,
,,,
,,,
,,,
,,,
,,,
,,,
,,,
,,,
,,,
,,,
,,,
,,,
,,,
,,,
,,,
Safari Lira Criss,S1123100,Retired,Retired
,,,
Safari Lira Drawstring Jacket,,,
Safari Lira Drawstring Jacket,,,
,,,
Safari Lira Drawstring Knee Length Dress,S1123101,Retired,Retired
,,,
,,,
,,Active,
Safari Lira Drop Shoulder Dress,S1123112,Retired,Retired
,,,
,,,
Safari Lira Front Panelled Shirt Dress,S1123111,Retired,Retired
,,,
,,,
,,,
Safari Lira Panelled Camisole Top,S1123109,Retired,Retired
,,,
Safari Lira Sleeveless Coat,S1123094,Active,
,,,
Safari Lira Sleeveless Coat,,,
,,,
,,,
,,,
,,,
,,,
,,,
,,,
,,,
,,,
,,,
,,,
,,,
Safari Long Sleeve Waterfall,,Active,
Safari Long Sleeve Waterfall,,Active,
Safari Long Sleeve Waterfall,S0424052,Active,
Safari Long Sleeve Waterfall,,Active,
Safari Long Sleeve Waterfall,,Active,
Safari Long Sleeve Waterfall,,,
Safari Long Sleeve Waterfall,,Active,
Safari Long Sleeve Waterfall,,Active,
,,,
Safari Long Sleeve Waterfall,,Active,
,,,
,,,
,,,
,,,
,,,
,,,
,,,
,,,
,,,
,,,
,,,
,,,
,,,
,,,
,,,
,,,
,,,
Safari Lounge Pants,,Active,
Safari Lounge Pants,,Active,
Safari Lounge Pants,,Active,
Safari Lounge Pants,,Active,
Safari Lounge Pants,,Active,
,,,
,,,
,,,
Safari Lounge Pants In Jersey,,Active,
,,,
Safari Lounge Pants In Jersey,,Active,
Safari Lounge Pants In Jersey,,Active,
,,,
,,,
,,,
,,,
,,,
,,,
,,,
,,,
,,,
,,,
,,,
,,,
,,,
,,,
,,,
,,,
,,,
,,,
,,,
,,,
,,,
,,,
,,,
,,,
,,,
,,,
,,,
,,,
,,,
,,,
,,,
,,,
,,,
,,,
,,,
,,,
,,,
,,,
,,,
,,,
,,,
,,,
,,,
,,,
,,,
,,,
,,,
,,,
,,,
,,,
,,,
,,,
,,,
,,,
,,,
,,,
,,,
,,,
Safari Maisha Strappy Jumpsuit Cover-Up,S1121071,Active,
,,,
,,,
,,,
Safari Maisha Tunic Top,,,
,,,
,,,
,,,
,,,
,,,
Safari Mali 3/4 Bishop Sleeve Tie Top,,Retired,Retired
Safari Mali 3/4 Bishop Sleeve Tie Top,S0123088,Retired,Retired
Safari Mali 3/4 Bishop Sleeve Tie Top,,Retired,Retired
Safari Mali 3/4 Bishop Sleeve Tie Top,,Retired,Retired
Safari Mali 3/4 Bishop Sleeve Tie Top,,Retired,Retired
Safari Mali 3/4 Bishop Sleeve Tie Top,,Retired,Retired
Safari Mali 3/4 Bishop Sleeve Tie Top,,,
,,,
Safari Mali 3/4 Bishop Sleeve Tie Top,,Retired,Retired
Safari Mali 3/4 Bishop Sleeve Tie Top,,Retired,Retired
Safari Mali 3/4 Bishop Sleeve Tie Top,,Retired,Retired
Safari Mali 3/4 Bishop Sleeve Tie Top MG,,Active,
Safari Mali 3/4 Bishop Sleeve Tie Top MG,,Active,
,,,
,,,
Safari Mali 3/4 Bishop Sleeve Tie Top in Cotton MG,,Active,
Safari Mali 3/4 Bishop Sleeve Tie Top in Cotton MG,,Active,
Safari Mali 3/4 Sleeve Tie Shirt,S0123089,Retired,Retired
,,,
Safari Mali 3/4 Sleeve Tie Shirt,,Active,
Safari Mali Bishop Sleeve Shirt Dress,,Retired,Retired
Safari Mali Bishop Sleeve Shirt Dress,,Retired,Retired
,,,
Safari Mali Bishop Sleeve Shirt Dress,,,
Safari Mali Bishop Sleeve Tent Dress,,Retired,Retired
Safari Mali Bishop Sleeve Tent Dress,,Retired,Retired
,,,
Safari Mali Bishop Sleeve Tent Dress,,Retired,Retired
Safari Bubble Sleeve Tent Dress MG,S0424056,Retired,Retired
,,,
,,,
,,,
Safari Mali Gathered Flounce Sleeve Shirt Dress,S0223171,Retired,Retired
Safari Mali Gathered Flounce Sleeve Shirt Dress,,Retired,Retired
,,,
Safari Mali Gathered Flounce Sleeve Tent Dress,,Retired,Retired
Safari Mali Gathered Flounce Sleeve Tent Dress,,Retired,Retired
,,,
Safari Mali Off - Shoulder Ruffle Knee Length Dress,,Active,
Safari Mali Off - Shoulder Ruffle Knee Length Dress,S0223175,Retired,Retired
,,,
,,,
Safari Mali Off Shoulder Ruffle Top,,Active,
,,,
Safari Mali Turn Up Hem Pants,,,
,,,
,,,
Safari Mali Wrap Lapel Top,,,
,,,
Safari Mali Wrap Lapel Top,S0123091,Retired,Retired
Safari Mansi Bishop Sleeve Shacket,S0924002,Active,
,,,
Safari Mansi Dolman Top,S0924003,Retired,Retired
,,,
Safari Mansi Hi-Low Shirt,S0924007,Active,
,,,
,,,
,,,
Safari Mansi Maxi Shirt Dress,S0924010,Retired,Retired
Safari Mansi Mens Shorts,S0924026,Retired,Retired
Safari Mansi Mens Summer Shirt,S0924024,,
Safari Mansi Straight Leg Pants,S0924017,,
Safari Mara Shirred Bishop Sleeve Dress,S1022008,,
Safari Mansi Wide Hem Tent Dress,S0924011,Active,
,,,
,,,
,,,
,,,
,,,
,,,
Safari Mara 3/4 Sleeve Flounce Tunic Top,S1122050,Retired,Retired
,,,
,,,
Safari Mara Cape Top,S1122042,Retired,Retired
,,,
,,,
,,,
,,,
Safari Mara Shorts,S1120045,Active,
,,,
,,,
,,,
,,,
Safari Mara Wide Bishop Sleeve Top,S1122036,Retired,Retired
,,,
,,,
,,,
Sample & Sale Items,Sample & Sale Items,Active,
,,,
,,,
,,,
,,,
,,,
,,,
,,,
,,,
,,,
,,,
,,,
,,,
,,,
,,,
Safari Men's Bomber Jacket,,Retired,Retired
,,,
Safari Men's Bomber Jacket,,,
,,,
,,,
,,,
,,,
,,,
,,,
Safari Men's Cargo Pants,,Retired,Retired
Safari Men's Cargo Pants,,Retired,Retired
,,,
Safari Men's Cargo Shorts,,,
,,,
,,,
Safari Men's Chinese Collar Long Sleeve Shirt,,Retired,Retired
Safari Men's Chinese Collar Long Sleeve Shirt,,Retired,Retired
,,,
Safari Men's Chinese Collar Long Sleeve Shirt,,Retired,Retired
Safari Men's Drawstring Shorts,,Retired,Retired
Safari Men's Drawstring Shorts,,Retired,Retired
Safari Men's Drawstring Shorts,,Retired,Retired
,,,
,,,
Safari Men's Kitenge Drawstring Shorts,,Retired,Retired
Safari Men's Kitenge Drawstring Shorts,,Retired,Retired
Safari Men's Kitenge Drawstring Shorts,,Retired,Retired
Safari Men's Kitenge Drawstring Shorts,,Retired,Retired
Safari Men's Kitenge Drawstring Shorts,,Retired,Retired
Safari Men's Kitenge Drawstring Shorts,,Retired,Retired
Safari Men's Kitenge Drawstring Shorts,,Retired,Retired
Safari Men's Kitenge Drawstring Shorts,,Retired,Retired
Safari Men's Kitenge Drawstring Shorts,,Retired,Retired
Safari Men's Long Sleeve Shirt,,Retired,Retired
Safari Men's Long Sleeve Shirt,,Retired,Retired
,,,
,,,
,,,
,,,
,,,
,,,
,,,
Safari Men's Long Sleeve T-shirt,S0824053,Retired,Retired
,,,
,,,
Safari Men's Shacket,,Active,
Safari Men's Shacket,,Active,
,,,
Safari Men's Shacket,,Active,
Safari Men's Shacket,S0424037,Retired,Retired
,,,
,,,
Safari Men's Short Sleeve Shirt,,Active,
Safari Men's Short Sleeve Shirt,,Active,
Safari Men's Short Sleeve Shirt,,Active,
,,,
,,,
,,,
,,,
,,,
Safari Men's Short Sleeve Shirt,,Active,
Safari Men's Short Sleeve Shirt,S0424198,Retired,Retired
Safari Men's Short Sleeve Shirt,,,
,,,
Safari Mens Kitenge Drawstring Shorts,,Retired,Retired
Safari Mens Kitenge Drawstring Shorts,,Retired,Retired
,,,
,,,
,,,
,,,
,,,
,,,
,,,
,,,
,,,
,,,
,,,
,,,
,,,
,,,
,,,
,,,
,,,
,,,
,,,
,,,
,,,
,,,
,,,
,,,
,,,
,,,
Safari Nazari Bubble Midi Dress,S0825007,,
Safari Nazari Off Shoulder Top,S0825024,,
Safari Nazari Coat Dress,S0825005,,
Safari Naledi Kitenge Bubble Maxi Dress,S1025003,,
,,,
,,,
,,,
,,,
,,,
,,,
,,,
,,,
,,,
,,,
,,,
,,,
,,,
,,,
,,,
,,,
,,,
,,,
,,,
,,,
,,,
,,,
,,,
,,,
,,,
,,,
,,,
,,,
,,,
,,,
,,,
Safari Naledi 3/4 Sleeve Tent Dress,,Active,
Safari Naledi 3/4 Sleeve Tent Dress,,Active,
Safari Naledi 3/4 Sleeve Tent Dress,,Active,
Safari Naledi 3/4 Sleeve Tent Dress,,Active,
Safari Naledi 3/4 Sleeve Tent Dress,,Active,
Safari Naledi 3/4 Sleeve Tent Dress,,Active,
Safari Naledi 3/4 Sleeve Tent Dress,,Active,
Safari Naledi Bishop Sleeve Tiered Dress,S0525015,Active,
Safari Naledi Bishop Sleeve Tiered Dress,,Active,
Safari Naledi Bishop Sleeve Tiered Dress,,Active,
Safari Naledi Bishop Sleeve Tiered Dress,,Active,
Safari Naledi Flounce Tent Dress,,Active,
Safari Naledi Flounce Tent Dress,,Active,
Safari Naledi Flounce Tent Dress,,Active,
Safari Naledi Flounce Tent Dress,,Active,
Safari Naledi Gathered Panel Maxi Skirt,S0325065,Retired,Retired
Safari Naledi Gathered Panel Maxi Skirt,,Active,
Safari Naledi Gathered Panel Wrap Dress,,Active,
Safari Naledi Gathered Panel Wrap Dress,,Active,
Safari Naledi Gathered Panel Wrap Dress,,Active,
Safari Naledi Gathered Panel Wrap Dress,,Active,
Safari Naledi Gathered Panel Wrap Dress,,Active,
Safari Naledi Gathered Panel Wrap Dress,,Active,
Safari Naledi Gathered Panel Wrap Dress,,Active,
Safari Naledi Gathered Panel Wrap Dress,,Active,
Safari Naledi Gathered Panel Wrap Dress,,Active,
,,,
Safari Naledi Wrap Top,,Active,
Safari Naledi Wrap Top,,Active,
Safari Naledi Wrap Top,,Active,
Safari Naledi Wrap Top,,Active,
Safari Naledi Wrap Top,,Active,
Safari Naledi Wrap Top,,Active,
Safari Naledi Wrap Top,,Active,
Safari Naledi Wrap Top,,Active,
,,,
,,,
,,,
Safari Nazari Maxi Shirt Dress,,Active,
Safari Nazari Maxi Shirt Dress,,Active,
Safari Nazari Maxi Shirt Dress,,Active,
Safari Nazari Maxi Shirt Dress,,Active,
Safari Nazari Off Shoulder Dress,,Active,
Safari Nazari Off Shoulder Dress,,Active,
Safari Nazari Off Shoulder Knee Length Dress,,Active,
,,,
Safari Nazari Three Tiered Maxi Dress,,Active,
Safari Nazari Three Tiered Maxi Dress,,Active,
Safari Nazari Three Tiered Maxi Dress,,Active,
Safari Nazari Three Tiered Maxi Dress,,Active,
,,,
Safari Nazari Three Tiered Maxi Dress,,Active,
Safari Nazari Three Tiered Maxi Dress,S0725040,Active,
Safari Nazari Three Tiered Maxi Dress,,Active,
,,,
Safari Nimali Bubble Sleeve Top,,Active,
Safari Nimali Bubble Sleeve Top,,Active,
Safari Nimali Bubble Sleeve Top,,Active,
,,,
,,,
,,,
,,,
,,,
Safari Nimali Ruffle Sleeve Top,S0223023,Retired,Retired
Safari Nimali Ruffle Sleeve Top,,Retired,Retired
,,,
,,,
Safari Njano Cowl Top,S0824069,Active,
,,,
Safari Njano Front Drawstring Tunic Top,S0724137,Retired,Retired
,,,
Safari Njano Front Tie Dress,,,
Safari Njano Front Tie Dress,,Active,
,,,
Safari Njano Front Tie Dress,,Active,
Safari Njano Joggers,,Active,
Safari Njano Joggers,,,
Safari Njano Joggers,,Active,
Safari Njano Joggers,,Active,
Safari Njano Joggers,S0724143,Retired,Retired
,,,
Safari Njano Men's Easy Fit Kitenge Pants,S0925045,Retired,Retired
Safari Njano Men's Easy Fit Pants,,Retired,Retired
Safari Njano Men's Easy Fit Pants,,Retired,Retired
,,,
Safari Njano Men's Knee Length Shorts,,Retired,Retired
Safari Njano Men's Knee Length Shorts,,Retired,Retired
,,,
Safari Njano Men's Short Sleeve Shirt,S0925041,Retired,Retired
,,,
Safari Njano Men's Straight Leg Pants,,Retired,Retired
Safari Njano Men's Straight Leg Pants,,Retired,Retired
,,,
Safari Njano Men's Straight Leg Pants,,Retired,Retired
,,,
Safari Njano Men's Trench Coat,,Active,
Safari Njano Men's Trench Coat,S0824023,Active,
Safari Njano Mens Bound Neck Shirt,S0824026,Retired,Retired
,,,
,,,
Safari Njano Tie Front Wide Top,S0724130,Retired,Retired
,,,
Safari Njano Tie Front Wide Top,,Retired,Retired
Safari Njano Wide Leg Pants,S0724127,Retired,Retired
,,,
Safari Njano Wide Leg Pants,,Retired,Retired
,,,
,,,
,,,
,,,
,,,
,,,
,,,
,,,
,,,
,,Retired,Retired
,,,
,,,
,,,
,,,
,,,
,,,
,,,
,,,
,,,
,,,
,,,
,,,
,,,
,,,
,,,
,,,
,,,
,,,
,,,
,,,
,,,
,,,
,,,
,,,
,,,
,,,
Safari Side Frill Kaftan MG,S0824091,,
,,,
,,,
,,,
,,,
,,,
,,,
,,,
Safari Savannah Chinese Collar Shirt,,Active,
Safari Savannah Chinese Collar Shirt,,Active,
Safari Savannah Front Slit Midi Skirt,,Retired,Retired
,,,
Safari Savannah Kitenge Midi Wrap Dress,S0824067,Retired,Retired
,,,
Safari Savannah Kitenge Chinese Collar Shirt,,Retired,Retired
,,,
Safari Savannah Kitenge Midi Wrap Dress,,,
,,,
Safari Savannah Kitenge Shacket,S0824068,Retired,Retired
Safari Savannah Men's Drawstring Shorts (Regular),,Retired,Retired
Safari Savannah Men's Drawstring Shorts (Regular),,Retired,Retired
Safari Savannah Men's Drawstring Shorts (Tall),,Retired,Retired
Safari Savannah Men's Drawstring Shorts (Tall),,Retired,Retired
,,,
,,,
Safari Savannah Men's Half Placket Shirt,,Retired,Retired
,,,
Safari Savannah Men's Half Placket Shirt,,Retired,Retired
,,,
,,,
Safari Savannah Men's Jacket,,Retired,Retired
Safari Savannah Men's Jacket,,Retired,Retired
,,,
,,,
Safari Sizani 2 Way Wrap Top,S1124144,Retired,Retired
Safari Savannah Men's Long Sleeve Shirt,,Retired,Retired
Safari Savannah Men's Short Sleeve Shirt,,Retired,Retired
,,,
Safari Savannah Men's Short Sleeve Shirt,,Retired,Retired
,,,
Safari Savannah Men's Straight Leg Pants,,Retired,Retired
Safari Savannah Men's Straight Leg Pants,,Retired,Retired
,,,
Safari Savannah Midi Wrap Dress,,Retired,Retired
Safari Savannah Midi Wrap Dress,,Retired,Retired
Safari Savannah Midi Wrap Dress,,Retired,Retired
Safari Savannah Wrap Top,,Retired,Retired
Safari Savannah Wrap Top,,Retired,Retired
Safari Savannah Wrap Top,,Retired,Retired
Safari Savannah Wrap Top,,Retired,Retired
Safari Savannah Wrap Top,,Retired,Retired
,,,
,,,
,,,
,,,
,,,
,,Active,
,,,
,,,
,,,
,,,
,,,
,,,
,,,
,SS0724013,,
,,,
,,,
,,,
,,,
Safari Shorts,,,
,,,
,,,
,,,
,,,
,,,
,,,
,,,
Safari Sizani Barrel Pants,S1124112,Active,
Safari Sizani Men's Kitenge Placket Shirt,S1124152,Retired,Retired
,,,
,,,
Safari Sizani Men's Kitenge Tuxedo Shirt,S1124151,Retired,Retired
,,,
Safari Sizani Strappy Tent Top,S1124116,Retired,Retired
,,,
,,,
,,,
,,,
,,,
,,,
,,,
,,,
Safari Solana Bubble Midi Skirt,S0825039,Active,
,,,
Safari Solana Sleeveless Tiered Maxi Dress,,Active,
Safari Solana Sleeveless Tiered Maxi Dress,,Active,
Safari Solana Sleeveless Tiered Maxi Dress,,Active,
Safari Solana Sleeveless Tiered Maxi Dress,,Active,
Safari Solana Wrap Dress,S0925064,Active,
Safari Spaghetti Tank Top,,Retired,Retired
Safari Spaghetti Tank Top,,Retired,Retired
Safari Spaghetti Tank Top,,Retired,Retired
,,,
,,,
,,,
,,,
,,,
,,,
,,,
,,,
,,,
,,,
Safari Tafari High Slit Kimono,S0925008,Active,
Safari Tafari Highlow Top in Kitenge,S0925049,Active,Core Performer
,,,
Safari Tafari Off Shoulder Crop Top,S0925043,Active,
Safari Tafari Shorts,S0925046,Retired,Retired
,,,
Safari Tafari Wrap Skirt,S1025030,Active,
Safari Tafari Wrap Top,S1025031,Retired,Retired
,,,
,,,
,,,
Safari Tara Barell Pants,,Active,
Safari Tara Barell Pants,,Active,
Safari Tara Barell Pants,,Active,
Safari Tara Barell Pants,,Active,
Safari Tara Barrel Pants,S0525068,Retired,Retired
Safari Tara Bishop Sleeve Dress,,Retired,Retired
Safari Tara Bishop Sleeve Dress,,Retired,Retired
Safari Tara Bishop Sleeve Dress,,Retired,Retired
Safari Tara Crop Shacket,S0525067,Retired,Retired
Safari Tara Crop Shacket,,Active,
Safari Tara Crop Shacket,,Active,
Safari Tara Crop Shacket,,Active,
Safari Tawi 3/4 Sleeve Off Shoulder Maxi,,,
,,,
Safari Tawi A-Line Long Sleeve Shirt Dress,,,
,,,
Safari Tawi Bishop Sleeve Tiered Dress,,Retired,Retired
Safari Tawi Bishop Sleeve Tiered Dress,,,
Safari Tawi Bishop Sleeve Tiered Dress,,Retired,Retired
Safari Tawi Bishop Sleeve Tiered Dress,,Retired,Retired
Safari Tawi Bishop Sleeve Tiered Dress,,Retired,Retired
Safari Tawi Bishop Sleeve Tiered Dress,,Retired,Retired
Safari Tawi Bishop Sleeve Tiered Dress,,,
Safari Tawi Bishop Sleeve Tiered Dress,,,
,,,
,,,
,,,
Safari Tawi Denim Shirt Dress,,Active,
Safari Tawi Denim Shirt Dress,,Active,
,,,
,,,
,,,
,,,
,,,
Safari Tawi Flounce Tent Dress,,Retired,Retired
Safari Tawi Flounce Tent Dress,,Retired,Retired
Safari Tawi Flounce Tent Dress,,Retired,Retired
Safari Tawi Flounce Tent Dress,,,
,,,
,,,
,,,
,,,
,,,
,,,
,,,
,,,
Safari Tawi Off Shoulder Knee Length Dress,,Retired,Retired
Safari Tawi Off Shoulder Knee Length Dress,,,
,,,
Safari Tawi Off Shoulder Knee Length Dress,S0322128,Retired,Retired
,,,
Safari Tawi Off-Shoulder Dress,,Active,
Safari Tawi Off-Shoulder Dress,S0325015,Retired,Retired
Safari Tawi Off-Shoulder Dress,,Active,
,,,
Safari Tawi Off-Shoulder Top,,Retired,Retired
Safari Tawi Off-Shoulder Top,,Retired,Retired
,,,
Safari Tawi Off-Shoulder Top,S0325016,Retired,Retired
Safari Tawi Off-Shoulder Top,,Retired,Retired
Safari Tawi Shirt Collar Bishop Sleeve Tiered Dress,S0322135,Retired,Retired
Safari Tawi Shirt Collar Bishop Sleeve Tiered Dress,,Retired,Retired
,,,
,,,
,,,
,,,
,,,
,,,
,,,
,,,
,,,
,,,
,,,
,,,
,,,
,,,
,,,
,,,
,,,
,,,
,,,
Safari Tayo Kimono Sleeve Top,S0825047,Active,
Safari Tie Back Maxi Dress,,,
Safari Tie Back Maxi Dress,S0224200,Retired,Retired
,,,
Safari Tie Back Maxi Dress,,,
Safari Tie Knee Length Dress,,Active,
Safari Tie Knee Length Dress,,Active,
Safari Tie Knee Length Dress,S0524182,Retired,Retired
,,,
Safari Tiwa Barell Pants,,Retired,Retired
Safari Tiwa Barell Pants,,Retired,Retired
Safari Tiwa Barell Pants,,Retired,Retired
,,,
Safari Tiwa Reversible Tie Kimono,,Active,
Safari Tiwa Reversible Tie Kimono,,Active,
Safari Tiwa Reversible Tie Kimono,,Active,
Safari Tiwa Reversible Tie Kimono,,Active,
Safari Tiwa Reversible Tie Kimono,,Active,
Safari Tiwa Shirred Midi Dress,,,
Safari Tiwa Shirred Midi Dress,,Retired,Retired
Safari Tiwa Shirred Midi Dress,,Retired,Retired
Safari Tiwa Shirred Midi Dress,,Retired,Retired
,,,
Safari Tiwa Shirred Top,,Active,
Safari Tiwa Shirred Top,S0125049,Retired,Retired
Safari Tiwa Shirred Top,,Active,
Safari Tiwa Shirred Top,,Active,
Safari Tiwa Shirred Top,,Active,
Safari Tiwa Shirred Top,,Active,
Safari Tiwa Shirred Top,,Active,
,,,
Safari Tiwa Shorts,S0125057,Active,
,,,
,,,
Safari Tiwa Side Slit Kimono,S0125050,,
Safari Tiwa Straight Leg Pants,,Retired,Retired
Safari Tiwa Straight Leg Pants,,Retired,Retired
Safari Tiwa Straight Leg Pants,,Retired,Retired
Safari Tiwa Waist Drawstring Coat,S0325028,Active,
,,,
,,,
,,,
,,,
,,,
,,,
,,,
,,,
,,,
,,,
Safari Zehra Drawstring Wide Top,S1125018,Active,
Safari Zehra Straight Leg Pants,S0925021,Active,
Safari by Vivo Zehra Tie Waist Kimono Dress,S0825051,Active,
Safari Zene Cargo Joggers,S1023055,Active,
,,,
Safari Zene Dolman Top,S0324027,Retired,Retired
Safari Zene Drop Shoulder Above Knee Dress,S1023062,Active,
,,,
Safari Zene Drop Shoulder Top,S1023059,Retired,Retired
,,,
Safari Zene High Low Shirt Dress,S1023064,Retired,Retired
,,,
,,,
,,,
,,,
Safari Zene Off Shoulder Dress,S1023065,Retired,Retired
,,,
Safari Zene Off Shoulder Top,S1023060,Active,
Safari Zene Off Shoulder Top,,,
,,,
Safari Zene Tiered Above Knee Dress,,,
Safari Zene Tiered Above Knee Dress,,,
,,,
Safari Zene Tiered Above Knee Dress,S1023063,Retired,Retired
,,,
,,Active,
,,Active,
,,Active,
,,Active,
Safari by Vivo Adinkra Tank in Rib,,Active,
Safari by Vivo Adinkra Tank in Rib,,Active,
Safari by Vivo Adinkra Tank in Rib,,Active,
Safari by Vivo Adinkra Tank in Rib,,Active,
Safari by Vivo Adinkra Tank in Rib,,Active,
Safari by Vivo Barrel Pants in Denim,,Active,
,,Active,
,,Active,
,,Active,
Safari by Vivo Cotton Wide Drawstring Kaftan,S1125037,Active,
,,Active,
,,,
Safari by Vivo Cotton Wrap Dress,S1225004,Active,
,,,
,,Active,
,,Active,
,,Active,
,,Active,
,,Active,New
,,Active,New
,,Active,New
,,Active,New
,,Active,
,,Active,
,,,
,,,
Safari by Vivo Mansi Wide Hem Embroidered Tent Dress,,Active,New
,,,
,,,
Safari by Vivo Mansi Wide Hem Embroidered Tent Dress,,Active,New
Safari by Vivo Mansi Wide Hem Embroidered Tent Dress,,Active,New
Safari by Vivo Mansi Wide Hem Embroidered Tent Dress,,Active,New
Safari by Vivo Mansi Wide Hem Embroidered Tent Dress,,Active,New
Safari by Vivo Mansi Wide Hem Embroidered Tent Dress,,Active,New
Safari by Vivo Mansi Wide Hem Embroidered Tent Dress,,Active,New
Safari by Vivo Mansi Wide Hem Embroidered Tent Dress,,Active,New
,,,
Safari by Vivo Naledi Bubble Midi Dress,S0925040,Retired,Retired
,,,
,,Active,
,,Active,
,,Active,
,,Active,
,,Active,
,,Active,
Safari by Vivo Pintuck Shirt in Cotton,,,
Safari by Vivo Pintuck Shirt in Cotton,,,
Safari by Vivo Pintuck Shirt in Cotton,,,
Safari by Vivo Pintuck Shirt in Cotton,,,
Safari by Vivo Pintuck Shirt in Cotton,,,
Safari by Vivo Pleated Dress in Cotton,,Active,New
Safari by Vivo Pleated Dress in Cotton,,Active,New
Safari by Vivo Pleated Dress in Cotton,,Active,New
Safari by Vivo Pleated Dress in Cotton,,Active,New
,,Active,
,,Active,
,,Active,
,,Active,
Safari by Vivo Savannah Drawstring Shacket,,Active,
Safari by Vivo Savannah Drawstring Shacket,,Active,
Safari by Vivo Savannah Drawstring Shacket,S0724086,Active,
Safari by Vivo Savannah Drawstring Shacket in Linen,,Active,
Safari by Vivo Savannah Drawstring Shacket in Linen,,Active,
Safari by Vivo Savannah Drawstring Shacket in Linen,,Active,
Safari by Vivo Savannah Drawstring Shacket in Linen,,Active,
Safari by Vivo Savannah Drawstring Shacket in Linen,,Active,
Safari by Vivo Savannah Drawstring Shacket in Linen,,Active,
Safari by Vivo Savannah Drawstring Shacket in Linen,,Active,
,,Active,
,,Active,New
,,Active,New
,,Active,New
,,Active,New
,,Active,New
,,Active,New
,,Active,New
,,Active,New
,,Active,New
,,,
Safari Tiwa Wide Leg Pants,S0125059,Active,Core Performer
Safari by Vivo Two Way Wrap Top in Cotton,,Active,New
Safari by Vivo Two Way Wrap Top in Cotton,,Active,New
Safari by Vivo Two Way Wrap Top in Cotton,,Active,New
Safari by Vivo Two Way Wrap Top in Cotton MG,,Active,New
,,,
Safari by Vivo Wide Kaftan in Cotton,,Active,
Safari by Vivo Zehra 3/4 Sleeve Kitenge Maxi Dress,S1025050,Active,
,,,
Safari by Vivo Zehra Barrel Pants,S1125019,Active,
,,,
,,,
,,,
Safari by Vivo Zehra Cotton High Low Shirt,S0825052,Retired,Retired
,,,
Safari by Vivo Zehra Drawstring Pants,S1025026,Active,Core Performer
,,,
,,,
Safari by Vivo Zehra Embroidered Linen Kimono,S1025021,Active,Core Performer
,,,
,,,
Safari by Vivo Zehra Extra Wide Shirt in Linen,S1125031,Active,
,,,
Safari by Vivo Zehra Kitenge Pants,S1025027,Active,
,,,
Safari by Vivo Zehra Kitenge Short Kimono,S1125044,Active,
,,,
Safari by Vivo Zehra Kitenge Shorts,S1125033,Retired,Retired
Safari by Vivo Zehra Shirred Midi Dress,S1125013,Active,
,,,
,,,
Safari by Vivo Zehra Sleeveless Boxy Top,S1125008,Active,
,,,
Safari by Vivo Zehra Sleeveless Boxy Top,,,
,,,
,,,
,,,
Safari by Vivo Zehra Strappy Jumpsuit,S0925005,Active,
,,,
,,,
,,,
,,,
,,Active,Core Performer
,,Active,Core Performer
,,,
,,,
,,,
,,,
,,,
,,,
,,,
,,,
,,,
,,,
,,,
,,,
Satin Crop Shirt,LL00100,Active,
,,,
,,,
,,,
,,,
Shiv & Shikie X Safari Barrel Pants,,Retired,Retired
Shiv & Shikie X Safari Barrel Pants,,Retired,Retired
Shiv & Shikie X Safari Barrel Pants,,Retired,Retired
Shiv & Shikie X Safari Boxy T Shirt,S0425044,Retired,Retired
Shiv & Shikie X Safari Boxy T Shirt,,Active,
Shiv & Shikie X Safari Boxy T Shirt,,Active,
Shiv & Shikie X Safari Boxy T Shirt,,Active,
Shiv & Shikie X Safari Cargo Pants,,Retired,Retired
Shiv & Shikie X Safari Cargo Pants,,Retired,Retired
Shiv & Shikie X Safari Cargo Pants,,Retired,Retired
Shiv & Shikie X Safari Drawstring Pants,,Active,
Shiv & Shikie X Safari Drawstring Pants,,Active,
Shiv & Shikie X Safari Drawstring Shorts,,Retired,Retired
Shiv & Shikie X Safari Drawstring Shorts,,Retired,Retired
Shiv & Shikie X Safari Drawstring Shorts,,Retired,Retired
,,,
Shiv & Shikie X Safari Drawstring Shorts,,Retired,Retired
Shiv & Shikie X Safari Faux Collar Printed Shirt,,Retired,Retired
Shiv & Shikie X Safari Faux Collar Printed Shirt,,Retired,Retired
Shiv & Shikie X Safari Faux Collar Shirt,,Active,
Shiv & Shikie X Safari Faux Collar Shirt,,Active,
Shiv & Shikie X Safari Faux Collar Shirt,S0425045,Retired,Retired
Shiv & Shikie X Safari Printed Short Sleeve Shirt,,Retired,Retired
Shiv & Shikie X Safari Printed Short Sleeve Shirt,,Retired,Retired
Shiv & Shikie X Safari Printed Short Sleeve Shirt,,Retired,Retired
,,,
Shiv & Shikie X Safari Short Sleeve Shirt,,Active,
Shiv & Shikie X Safari Short Sleeve Shirt,,Active,
Shiv & Shikie X Safari Short Sleeve Shirt,,Active,
,,,
Shiv & Shikie X Safari Short Sleeve Shirt,S0625017,Retired,Retired
Shiv & Shikie X Safari Turtleneck Vest,S0425040,Retired,Retired
Shiv & Shikie X Safari V-Neck Long Sleeve T-shirt,S0425042,Active,
Shiv & Shikie X Safari V-Neck Long Sleeve T-shirt,,Active,
Shiv Shikie X Safari Drawstring Pants in Rib,S0425043,Active,
Shiv Shikie X Safari Drawstring Pants in Rib,,Active,
,,,
,,,
,,,
,,,
,,,
,,,
,,,
,,,
,,,
,,,
,,,
,,,
,,,
,,,
,,,
,,,
,,,
,,,
,,,
,,,
,,,
,,,
,,,
,,,
,,,
,,,
,,,
,,,
,,,
,,,
,,,
,,,
,,,
,,,
,,,
,,,
,,,
,,,
,,,
,,,
,,,
,,,
,,,
,,,
,,,
Sleeveless Bodycon Dress With Front Slit,,Active,
,,,
Sleeveless Racer-back Dress,P21DX8336,Retired,Retired
,,,
Soko Amali Chain Threader Earrings,,Active,
,,Active,
Soko Amali Lariat Necklace,JN223016,Active,
,,Active,
Soko Amali Stacking Cuff,,,
,,,
Soko Amali Stacking Rings,,,
,JE223013,,
,,,
Soko Anga Stud Earrings,JE233150,Active,
,JN183006,,
Soko Bahari Square Hoop,JE211010,Active,
,JE224005,,
,,,
,,,
,,Active,
,JE204009,,
Soko Bidu Wave Threader Earring,JE224022,Active,
Soko Bidu Wood Charm Hoops,JE212007,Active,
Soko Bone Rectangle Medallion Necklace,JN211002,Active,
,,Active,
Soko Cala Charm Necklace,JN234017,Active,
Soko Cala Statement Cuff,JB234007,Active,
Soko Capped Quill Dangle Earrings,JE202001,Active,
Soko Capsule Collar Necklace,JN184002,Active,
Soko Chunky Dash Hoop,JE221019,Active,
Soko Code Collar Necklace,JN184001,Active,
Soko Dash Coil Ring (Size 7),JR222001,Active,
Soko Dash Hoops,FW1500015,Active,
Soko Dash Layered Necklace,JN221002,Active,
Soko Dash Ring,FW161001,Active,
,JE181018,,
Soko Delicate Bangle Set,FW150016,Active,
Soko Delicate Bidu Charm Bracelet,JB223002,Active,
Soko Delicate Bidu Dangle Earrings,JE223025,Active,
Soko Delicate Bidu Necklace,JN223006,Active,
Soko Delicate Bidu Chain Threader Earring,JE223001,Active,
Soko Delicate Dash Necklace,,,
Soko Delicate Dash Ring,JR181001,,
,JE243017,Active,
Soko Delicate Mezi Necklace,,,
Soko Delicate Mezi Necklace,,,
,JN182013,,
Soko Dogo Huggie Hoop Earrings,JE203059,Active,
,KH102,Active,
,JB243008,Active,
Soko Eris Stacking Cuffs,JB181019,Active,
Soko Fuliwa Climber Stud,JE214003,Active,
Soko Fuliwa Stacking Cuffs,,,
,,Active,
,,,
,,Active,
Soko Glass Dash Charm(L/Blue) & Mini Ellipse Link Necklace Set,JN224122,Active,
Soko Glass Twisted Dash Cuff (Light Blue),JB224047,Active,
Soko Horn Delicate Dash Ring,JR224029,Active,
Soko Horn Hair Pins (Large),JHR222001,Active,
Soko Horn Pia Threaders,JE182001,Active,
,,Active,
Soko Imara Twist Dangle Earrings,JE193007,Active,
,,Active,
Soko Imba Mini Dangle Earrings,JE234042,Active,
Soko Imba Mini Hoop Earrings,JE234027,Active,
,JN243008,Active,
,JE201014,,
Soko Jenga Pendant,JN203028,Active,
Soko Karamu Collar Necklace,,,
,,,
Soko Karamu Hoop Earrings,JE192018,Active,
Soko Karamu Horn Pendant Necklace,JN192007,Active,
Soko Karamu Statement Bangle,,,
Soko Karibu Link Bracelet,JB224020,Active,
Soko Kaya Open Stud Earrings,JE221005,Active,
Soko Kazuri Lariat,,Active,
Soko Kazuri Lariat,,Active,
Soko Kazuri Lariat,JN201016,Active,
Soko Kazuri Mini Disc Hoop,,Active,
Soko Kazuri Mini Disc Hoop,,,
Soko Kazuri Mini Disc Hoop,JE201033,Active,
,,,
Soko Kazuri Ripple Pendant Necklace,,Active,
Soko Kiota Maxi Hoop Earrings,JE234047,Active,
Soko Kiota Midi Hoop Earrings,JE234033,Active,
,,,
Soko Kiota Mini Hoop Earrings,,,
,JE234031,Active,N/A
Soko Kubwa Bracelet,JB204020,Active,
Soko Laini Dangle Earrings,JE211008,Active,
Soko Laini Maxi Hoop,JE233023,Active,
,JE211005,,
Soko Large Hammered Hoop,,,
,SS170125,,
,,,
,JR213005,Active,
Soko Maji Dangle Earringe,JE213005,Active,
,JE223021,,
,JN201012,Active,
Soko Maxi Cala Earrings,JE182016,Active,
,JN233154,Retired,Retired
Soko Meta Bar Necklace,JN214001,Active,
,,Active,
Soko Meta Stacking Rings (Size 9),JR214001,Active,
,,Active,
,,,
Soko Milima Pendant Necklace,JN221008,Active,
,JE182020,Active,
,,,
,,,
Soko Mini Ellipse Link Bracelet,JB221003,Active,
Soko Mini Ellipse Link Necklace,JN221036,Active,
Soko Mini Kali Textured Hair Pin,JHR222007,Active,
Soko Mini Mezi Boxed Hoop,JE183008,Active,
Soko Mini Mezi Hoops,JE174028,,
Soko Mini Umbo Stud Earrings,JE224031,,
Soko Mini Umbo Stud Earrings,,,
Soko Mixed Material Kumi Lariat,JN184003,Active,
,,Active,
,,Active,
Soko Mixed Shapes Stacking Cuffs,JB174021,Active,
,JE192019,,
Soko Moto Mini Hoops,,Active,
Soko Mpira Bone Hoop Earring,JE212037,,
Soko Mpira Glass Hoop Earring,JE233001,Active,
Soko Mpira Horn Statement Ring,JR203037,Active,
Soko Mpira Threader Earring,JE203003,Active,
,,,
,JN204006,,
,JE201054,Active,
Soko Nene Statement Ring (Size 6),JR201005,Active,
Soko Njia Dangle Hoops,JE233060,Active,
Soko Nyundo Hoops,,,
Soko Nyundo Stacking Cuffs,,,
Soko Obiti Hemisphere Ring (Size 5,JR233363,Active,
,JB233055,Active,
Soko Obiti Medallion Ring (Size 5),JR233250,Active,
,JE233163,Active,
Soko Open Circle Statement Ring,JR173051,Active,
,,,
Soko Open Square Statement Ring,JR183004,Active,
Soko Open Square Statement Ring,,,
,JB244003,Active,
,,Active,
,,Active,
,JE244009,Active,
,JB201045,Active,
Soko Raha Open Link Bracelet( S/M),JB201040,Active,
,JN181011,Active,
,,Active,
,,Active,
Soko Sabi Bangle,SS170026,Active,
Soko Sabi Mixed Material Stacked Rings,JR191010,Active,
Soko Sabi Organic Drop Pendant Necklace,JN173043,Active,
Soko Sabi Statement Ring (Gold Size 7),SS171018,Active,
Soko Safu Herringbone Anklet,JA224003,Active,
,,,
Soko Samburu Ear Cuff,JE211013,Active,
,,Active,
Soko Sana Horn Cuff,JB192002,Active,
Soko Sayo Bracelet,JB201003,Active,
Soko Sayo Hoops,JE201006,,
Soko Scorpio Necklace,,,
Soko Shujaa Cuff (M/L),JB211006,Active,
Soko Shujaa Ring (Size 6),,,
,,,
Soko Shujaa Wood Link Stud Earring,JE211014,Active,
,,Active,
Soko Signet Ring,FW161006,,
,JR243013,Active,
Soko Mini Umbo Stud Earrings,JE193014,,
Soko Split Moon Ring,SS171017,Active,
,,,
,,,
Soko Square Signet Pinky Ring 4.5,JR182037,,
Soko Square Signet Ring,SS171012,Active,
Soko Sura Horn Statement Ring,JR223009,Active,
Soko Tamasha Fringe Cuff Bracelet,JB193004,Active,
Soko Teak Interlocking Bangles (M/L),JB184006,,
Soko Teak Sabi Outline Cuff,JB191014,Active,
,JE184053,Active,
,FW150108,,
Soko Tiriko Maxi Molten Drip Hoop,JE233249,Active,
Soko Tiriko Midi Molten Drip Hoop,JE233232,,
,,Active,
,,Active,
,,Active,
,,Active,
,,Active,
,JE191035,Active,
,JE214004,Active,
Soko Tumba Link Bracelet,JB221001,Active,
Soko Twist Bow Earrings,JE191036,Active,
,JN191015,,
Soko Twisted Dash Cuff,SS160011,Active,
,,,
Soko Twisted Dash Ring,FW161023,,
Soko Umbo Drop Earrings (Poppy),JE224009,,
Soko Umbo Maxi Stud,JE233017,Active,
,,Active,
,JR224011,Active,
Soko Uwepo Necklace,JN223003,Active,
Soko Uzi Cuff,,,
Soko Uzi Mini Hoop Earrings,JE192011,Active,
Soko Uzi Statement Ring,,Active,
,,Active,
Soko Wazi Horn Statement Necklace (GOLD),JN223012,Active,
,,Active,
Soko Isle Studs,,,
Soko malindi charm collar necklace (Gold/White),JN191014,Active,
,,,
,,,
,,,
,,,
,,,
,,,
,,,
,,,
,,,
,,,
,,,
,,,
,,,
,,,
,,,
,,,
,,,
,,,
,,,
,,,
,,,
,,,
,,,
,,,
,,,
,,,
,,,
,,,
,,,
,,,
,,,
,,,
,,,
,,,
,,,
,,,
,,,
,,,
,,,
,,,
,,,
,,,
,,,
,,,
,,,
,,,
,,,
,,,
,,,
,,,
,,,
,,,
,,,
,,,
,,,
,,,
,,,
,,,
,,,
,,,
,,,
,,,
,,,
,,,
,,,
,,,
,,,
,,,
,,,
,,,
,,,
,,,
,,,
,,,
,,,
,,,
,,,
,,,
,,,
,,,
,,,
,,,
,,,
,,,
,,,
Sowairina Zara Off Shoulder Maxi Dress,,Active,
Sowairina Zara Off Shoulder Maxi Dress,,Active,
Square-Back V-Neck Dress,,,
,,,
,,,
,,,
,,,
,,,
,,,
,,,
,,,
,,,
,,,
,,,
,,,
,,,
,,,
,,,
,,,
,,,
,,,
,,,
Alara Satin Button Up Blouse,,Active,Core Performer
,,,
,,,
,,Active,
,,Active,
,,Active,
,,Active,
,,Active,
,,Active,
,,Active,
,,,
,,,
,,,
,,,
,,,
,,,
,,,
,,,
,,,
,,,
,,,
,,,
,,,
,,,
,,,
,,,
,,,
,,,
,,,
,,,
,,,
,,,
,,,
,,,
,,,
,,,
,,,
,,,
,,,
,,,
,,,
,,,
,,,
,,,
,,,
,,,
,,,
,,,
,,,
,,,
,,,
,,,
,,,
,,,
,,,
,,,
,,,
,,,
,,,
,,,
,,,
,,,
,,,
,,,
,,,
,,,
,,,
,,,
,,,
,,,
,,,
,,,
,,,
,,,
,,,
,,,
,,,
,,,
,,Active,
Vivo 3/4 Sleeve Wrap Maxi,,Active,NOOS
,,,
,,,
,,Active,
,,Active,
,,Active,
,,,
,,,
,,,
,,,
,,,
,,,
,,,
,,,
,,,
,,,
,,,
,,,
,,,
,,,
,,,
,,,
Unaku Cape Jumpsuit,0122157,Active,
,,,
,,,
,,,
,,,
,,,
,,,
,,,
,,,
,,,
,,,
,,,
,,,
Unshaped Spaghetti-Strap Dress,,,
,V0224208,,
,,,
,,,
,,,
,,,
,,,
,,Active,
,,,
,,,
,,,
,,,
,,,
,,,
,,,
,,,
,,Active,
,,,
,,,
,,,
,,,
,,,
,,,
,,,
,,,
,,,
,,,
,,,
,,,
,,,
,,,
,,,
,,,
,,,
,,,
,,,
,,,
,,,
,,,
,,,
,,,
,,,
,,,
,,,
,,,
,,,
,,,
,,,
,,,
,,,
,,,
,,,
,,,
VIvo Zuri Sleeveless Tent Maxi Dress,V0221043,Active,
,,,
,,,
Vinyl Sheen Leggings,P21PZ4204,Active,
Vivo X This Is Essential Long Unitard,V0224108,Active,
,,,
Vivo X This Is Essential Short Unitard,V0224109,Retired,Retired
,,,
Vivo 2 Tone Border Wrap Poncho,V,Active,
,,Active,
Vivo 2,V0224239,Active,
Vivo 2-Way Wrap Top,V0224238,Retired,Retired
,,,
,,,
,,,
Vivo 3/4 Sleeve Ayo Top (Special Offer),V0220008,Active,
,,,
,,Active,
,,Active,
,,Active,
,,Active,
,,Active,
,,Active,
,,Active,
,,Active,
,,,
,,,
,,,
,,,
,,,
,,,
,,,
,,,
,,,
,,,
,,,
,,,
,,,
Vivo 3/4 Sleeve J.O Jersey A-line Knee Length Dress,V0321038,Retired,Retired
,,,
Vivo 3/4 Sleeve J.O Jersey A-line Knee Length Dress,,,
,,,
,,,
,,,
,,,
,V0#,Active,New
,,,
,,,
,,,
,,Active,
,,Active,
,,Active,
,,Active,
,,Active,
,,Active,
,,Active,
,,Active,
,,,
,,,
,,,
,,,
,,,
,,,
,,,
,,,
,,,
,,,
,,,
,,,
,,,
,,,
,,,
,,,
Vivo Accessories,,Active,
,,,
,,,
,,,
,,,
,,,
,,,
,,,
,,,
,,,
,,,
,,,
,,,
,,,
,,,
,,,
,,,
,,,
,,,
,,,
,,,
,,,
,,,
,,,
,,,
,,,
,,,
,,,
,,,
,,,
,,,
,,,
,,,
,,,
,,,
Vivo Adisa Cape Shift Dress,V1122105,Active,
,,,
,,,
Vivo Adisa Drop Shoulder Asymmetric Top,V1122118,Active,
,,,
Vivo Adisa Flounce Sleeve Open Jacket,,,
,,,
,,,
,,,
,,,
,,,
,,,
,,,
,,,
,,,
,,,
,,,
,,,
,,,
,,,
,,,
,,,
,,,
,,,
Vivo Adisa V-Neck Jumpsuit Kaftan,V1122096,Active,
,,,
,,,
,,,
,,,
,,,
Vivo Ajani Blouse,V1123062,Retired,Retired
Vivo Ajani Blouse,,,
,,,
,,,
,,,
,,,
,,,
Vivo Ajani Long Sleeve Top,V1123079,Active,
,,,
Vivo Ajani Mandarin V-Neck Collar Top,,,
Vivo Ajani Mandarin V-Neck Collar Top,,,
,,,
,,,
,,,
Vivo Ajani V Neck Top,V1123080,Active,
Vivo Ajani V-Neck Shift Dress,,,
Vivo Ajani V-Neck Shift Dress,V1223022,Retired,Retired
,,,
,,,
Vivo Ajani V-Neck Top,,,
Vivo Ajani V-Neck Top,,,
Vivo Ajani V-Neck Top,,,
,,,
Vivo Ajani V-Neck Top,,,
Vivo Ajani V-Neck Top,,,
Vivo Ajani V-Neck Top,,,
,,,
Vivo Ajani V-Neck Top,,,
Vivo Ajani V-Neck Top,,,
Vivo Ajani Wide Leg Pants,,,
,,,
Vivo Alani Boat Neck Maxi Dress,V0525061,Retired,Retired
Vivo Alani Boat Neck Midi Dress,V0625040,Retired,Retired
Vivo Alani Boat Neck Top,V0625038,Retired,Retired
,,,
,,,
Vivo Alani High Low Dress,V0625018,Retired,Retired
Vivo Alani Pallazo Pants,V0625005,Retired,Retired
Vivo Alani Plaid Midi Dress,V0725004,Retired,Retired
,,,
,,,
Vivo Alek 3/4 Sleeve A-Line Kimono,V0921140,Retired,Retired
Vivo Alek 3/4 Sleeve A-Line Maxi Kimono,,,
Vivo Alek 3/4 Sleeve A-Line Maxi Kimono,,,
Vivo Alek 3/4 Sleeve A-Line Maxi Kimono,,,
,,,
,,,
,,,
,,,
,,,
,,,
,,,
Vivo Alek Halter Neck Maxi Dress,,,
Vivo Alek Halter Neck Maxi Dress,,,
,,,
,,,
,,,
,,,
,,,
,,,
,,,
Vivo Ari Sweater,V0725027,Active,
Vivo Alek High Slit Kimono,V0825041,Active,
,,,
,,,
,,,
,,,
Vivo Alek Off Shoulder High-Low Top,V0921300,Active,
Vivo Alek Off-Shoulder Maxi Dress,V0921145,Active,
,,,
,,,
,,,
,,,
,,,
,,,
,,,
,,,
,,,
,,,
Vivo Alek Shirred Off- Shoulder Jumpsuit,V0921142,Active,
,,,
Vivo Alek Shirred Off- Shoulder Jumpsuit,,,
Vivo Alek Shirred Off- Shoulder Jumpsuit,,,
Vivo Alek Shirred Off- Shoulder Jumpsuit,,,
Vivo Alek Shirred Off- Shoulder Jumpsuit,,,
Vivo Alek Shirred Off- Shoulder Jumpsuit,,,
,,,
,,,
,,,
,,,
,,,
,,,
,,,
,,,
,,,
,,,
,,,
,,,
,,,
Vivo Alek Wide Leg Pants,V0921014,Active,
,,,
,,,
Vivo Aleri A-Line Pleated Dress,V0625032,Retired,Retired
Vivo Aleri Coat,V0625030,Retired,Retired
Vivo Aleri Front Slit Sheath Dress,V0725042,Active,
,,,
,,,
,,,
Vivo Aleri Trench Coat Dress,V0625059,Retired,Retired
Vivo Aleri Wide Leg Pants,V0725039,Active,
,,,
,,,
,,,
,,,
,,,
,,,
,,,
Vivo Alika High Waist Pants,V1223058,Retired,Retired
Vivo Alika High Waist Pants,,,
,,,
Vivo Alika Knee Length Kimono,V1223056,Retired,Retired
Vivo Alika Layered Dress,,,
,,,
,,,
,,,
Vivo Alma Drawstring Top,V0925016,Active,
,,,
Vivo Alma Maxi Dress,V0719056,Active,
Vivo Alma Mini Skirt,V0725046,Retired,Retired
,,,
,,,
,,,
Vivo Alma Short Sleeve Mini Bodycon,V0825060,Retired,Retired
Vivo Alora 3/4 Sleeve Shift Dress,V0624008,Retired,Retired
,,,
Vivo Alora 3/4 Sleeve Shift Dress,,,
Vivo Alora Cap Sleeve A Line Dress,V0624011,Active,
,,,
,,,
,,,
Vivo Alora Long Sleeve Top,,,
Vivo Alora Long Sleeve Top,V0624061,Retired,Retired
Vivo Alora Long Sleeve Top,,,
,,,
Vivo Alora Pleated Pants,V0624080,Active,
,,,
Vivo Alora Pleated Pants,,,
Vivo Alora Round Neck Top,,,
Vivo Alora Round Neck Top,V0624006,Retired,Retired
,,,
,,,
Vivo Alora Shift Dress,V0624064,Active,
Vivo Alora Shift Dress,,,
,,,
Vivo Amai Asymmetrical Cape,,Active,
,,,
Vivo Amai Asymmetrical Cape,V0324028,Retired,Retired
Vivo Amai Cape Top,,,
,,,
Vivo Amai Hi-Low Top,V0724026,Active,
Vivo Amai Hi-Low Top,,,
Vivo Amai Hi-Low Top,,,
Vivo Amai Hi-Low Top,,,
Vivo Amai Hi-Low Top,,,
Vivo Amai Hi-Low Top,,,
,,,
Vivo Amai Hi-Low Top,,,
Vivo Amai Knee Length Dresses,V0824073,Retired,Retired
Vivo Amai Knee Length Dresses,,,
,,,
,,,
,,,
Vivo Amai Maxi Kaftan,V0324039,Active,
,,,
,,,
Vivo Amai Maxi Kaftan In Textured Satin,V0226024,Active,
Vivo Amai Off-Shoulder Maxi Dress,,,
Vivo Amai Off-Shoulder Maxi Dress,,,
Vivo Amai Off-Shoulder Maxi Dress,V0824072,Retired,Retired
Vivo Amai Off-Shoulder Maxi Dress,,,
Vivo Amai Off-Shoulder Maxi Dress,,,
,,,
,,Active,
,,Active,
Vivo Amai Side Slit Pants,V0324043,Retired,Retired
,,,
,,,
Vivo Amali 3/4 Sleeve Turtleneck Tent Knee Length Dress,,,
,,,
,,,
,,,
,,,
,,,
,,,
,,,
Vivo Amali Turtleneck Cape,V0523118,Active,
,,,
,,,
,,,
,,,
Vivo Amali Wide Leg Pants,V0523124,Active,
,,,
Vivo Amali Wide Leg Rib Pants,,,
,,,
,,,
,,,
Vivo Amara Asymmetric Top,,,
,,,
Vivo Amara Back Pleat Dress,,,
Vivo Amara Back Pleat Dress,V1023100,Retired,Retired
Vivo Amara Back Pleat Dress,,,
,,,
Vivo Amara Drawstring Maxi Dress,,,
Vivo Amara Drawstring Maxi Dress,,,
,,,
Vivo Amara Drop Shoulder Kimono,,,
Vivo Amara Drop Shoulder Kimono,,,
,,,
Vivo Amara Drop Shoulder Kimono,,,
Vivo Amara Midi Waterfall,V0124083,Active,
,,,
Vivo Amara Midi Waterfall,,,
,,,
Vivo Amara Sleeveless High Low Top,,,
Vivo Amara Sleeveless High Low Top,V1023097,Retired,Retired
Vivo Amara Sleeveless High Low Top,,,
Vivo Amara V-Neck Maxi Dress,V1023099,Retired,Retired
Vivo Amara V-Neck Maxi Dress,,,
,,,
,,,
,,,
,,,
,,,
,,,
Vivo Analo Dress Coat,V0425047,Active,
Vivo Analo Side Slit Sleeveless Coat,V0325068,Active,
Vivo Analo Sleeveless Tie Kimono,V0425046,Retired,Retired
Vivo Analo Wide Hem Tent Dress,,,
Vivo Analo Wide Hem Tent Dress,,,
,,,
,,,
,,,
,,,
Vivo Analo Wide Leg Pants,V0325069,Retired,Retired
Vivo Analo Wide Leg Pants,,,
Vivo Analo Wide Leg Pants,,,
Vivo Analo Wide Leg Pants,,Retired,Retired
Vivo Anavi Cascade Waterfall,V1025012,Retired,Retired
,,,
Vivo Anavi Leggings In Jersey,V0825024,Active,
,,,
Vivo Anavi Maxi Dress In Jersey,V0825025,Retired,Retired
,,,
,,,
Vivo Anavi Runched Tank Top,V0925030,Active,
Vivo Anavi Short Sleeve Top,V0925031,Retired,Retired
,,,
,,,
,,,
,,,
,,,
,,,
,,,
,,,
,,,
Vivo Arafa Long Sleeve Tie Dress,,,
,,,
Vivo Arafa Long Sleeve Tie Dress,V0124045,Retired,Retired
Vivo Arafa Short Sleeve Shift Dress,,,
,,,
Vivo Arafa Sleeveless Jacket,,,
Vivo Arafa Sleeveless Jacket,V0124038,Active,
,,,
,,,
Vivo Arafa V-Neck Bodycon,V1123064,Retired,Retired
Vivo Arafa V-Neck Bodycon,,,
Vivo Arafa V-Neck Bodycon,,,
,,,
Vivo Arafa Wrap Dress,V0124048,Retired,Retired
Vivo Arafa Wrap Dress,,,
,,,
Vivo Arafa Wrap Top,V0124041,Retired,Retired
,,,
,,,
,,Active,
,,,
,,,
Vivo Ari One Shoulder Maxi Dress,V0725023,Active,
Vivo Ari Short Sleeve Top,V0625008,Retired,Retired
,,,
Vivo Ari Sleeveless Straight Maxi Slit Dress,V0725029,Retired,Retired
,,,
,,,
,,,
,,,
,,,
Vivo Arusha Dolman Top,V1022080,Active,
,,,
,,,
,,,
,,,
Vivo Arusha Wide Drop Shoulder Tunic Top,V0922097,Retired,Retired
Vivo Asha Drop Shoulder Knee Length Dress,,,
Vivo Asha Drop Shoulder Knee Length Dress,V1223033,Active,
Vivo Asha Drop Shoulder Knee Length Dress,,,
,,,
Vivo Asha Drop Shoulder Knee Length Dress,,,
,,,
Vivo Asha Drop Shoulder Maxi Shirt Dress,,,
Vivo Asha Drop Shoulder Maxi Shirt Dress,,,
,,,
Vivo Asha Drop Shoulder Maxi Shirt Dress,,,
Vivo Asha Drop Shoulder Maxi Shirt Dress,,,
Vivo Asha Drop Shoulder Maxi Shirt Dress,V1223031,Active,
Vivo Asha Drop Shoulder Maxi Shirt Dress,,,
Vivo Asha Drop Shoulder Maxi Shirt Dress,,,
,,,
Vivo Asha Drop Shoulder Maxi Shirt Dress,,,
Vivo Asha High Low Top,V1223064,Retired,Retired
,,,
,,,
,,,
,,,
,,,
,,,
,,,
Vivo Asha Sleeveless Knee Length Dress,V1223034,Active,
Vivo Asha Sleeveless Knee Length Dress,,,
,,,
Vivo Asha Sleeveless Knee Length Dress,,,
,,,
Vivo Asha Sleeveless Knee Length Dress,,,
Vivo Asha Sleeveless Knee Length Dress,,,
,,,
,,,
,,,
Vivo Asha Sleeveless Maxi Dress,V1223032,Active,
Vivo Asha Sleeveless Maxi Dress,,,
Vivo Asha Sleeveless Maxi Dress,,,
Vivo Asha Sleeveless Maxi Dress,,,
Vivo Asha Sleeveless Maxi Dress,,,
,,,
Vivo Asha Sleeveless Maxi Dress,,,
,,,
Vivo Asha Sleeveless Maxi Dress,,,
Vivo Asha Sleeveless Maxi Dress,,,
Vivo Asha Sleeveless Maxi Dress,,,
,,,
,,,
,,,
Vivo Asha Wide Leg Pants in Chiffon,V0224136,Active,
Vivo Asha Wide Top,V1223029,Active,
,,,
,,,
,,,
,,,
Vivo Asika Kaftan Tunic,V0323015,Retired,Retired
,,,
,,,
,,,
,,,
,,,
,,,
,,,
,,,
,,,
,,,
Vivo Hoodie High Low Poncho,V0924033,Retired,Retired
,,,
Vivo Asymmetrical Dolman Dress in Satin,,Active,
Vivo Asymmetrical Dolman Dress in Satin,,Active,
Vivo Asymmetrical Dolman Dress in Satin,,Active,
,,,
Vivo Ava 3/4 Sleeve Kimono,V1023042,Retired,Retired
,,,
,,,
,,,
Vivo Ava 3/4 Sleeve Kimono,,,
,,,
Vivo Ava 3/4 Sleeve Kimono,,,
,,,
,,,
Vivo Ava 3/4 Sleeve Tent Shirt Dress in Crepe,V1225001,Active,
,,,
,,,
,,,
,,,
,,,
Vivo Ava Front Pleat Knee Length Dress,V1124142,Active,
Vivo Ava Front Pleat Knee Length Dress,,,
Vivo Ava Front Pleat Knee Length Dress,,,
,,,
,,,
,,Active,
,,,
,,,
Vivo Ava Front Pleat Maxi Dress,V0923049,Active,
Vivo Ava Front Pleat Maxi Dress,,,
,,,
Vivo Ava Front Pleat Maxi Dress,,,
Vivo Ava Front Pleat Maxi Dress,,,
Vivo Ava Front Pleat Maxi Dress,,,
Vivo Ava Front Pleat Maxi Dress,,,
Vivo Ava Front Pleat Maxi Dress,,,
Vivo Ava Front Pleat Maxi Dress,,,
Vivo Ava Front Pleat Maxi Dress,,,
,,,
Vivo Ava Jumpsuit,V0923055,Retired,Retired
,,,
,,,
Vivo Ava Pleated Wide Leg Pants,V0923053,Retired,Retired
,,,
,,,
Vivo Ava Shirt Collar Tunic Top,V0923089,Retired,Retired
,,,
,,,
,,,
,,,
Vivo Ava Tapered Pants,V0923052,Retired,Retired
,,,
Vivo Ava Tent Flounce Maxi Dress,,,
Vivo Ava Tent Flounce Maxi Dress,V0923047,Retired,Retired
,,,
Vivo Ava Tent Knee Length Dress,V1023154,Retired,Retired
Vivo Ava Tent Knee Length Dress,,,
Vivo Ava Tent Knee Length Dress,,,
Vivo Ava Tent Knee Length Dress,,,
Vivo Ava Tent Knee Length Dress,,,
Vivo Ava Tent Knee Length Dress,,,
Vivo Ava Tent Knee Length Dress,,,
Vivo Ava Tent Knee Length Dress,,,
Vivo Ava Tent Knee Length Dress,,,
,,,
Vivo Ava Tent Knee Length Dress,,,
Vivo Ava Tent Maxi Dress,V0923046,Active,
Vivo Ava Tent Maxi Dress,,,
Vivo Ava Tent Maxi Dress,,,
Vivo Ava Tent Maxi Dress,,,
,,,
,,,
,,,
Vivo Ayah 3/4 Sleeve Jumpsuit,V0225007,Retired,Retired
,,,
,,,
Vivo Ayah Bishop Sleeve Mock Neck Top,V0225002,Active,
Vivo Ayah Bishop Sleeve Mock Neck Top,,,
,,,
Vivo Ayah Drawstring Pants,V0225003,Retired,Retired
Vivo Ayah Drawstring Pants,,,
,,,
Vivo Ayah Hijab Headwrap,V0225008,Active,
,,,
Vivo Ayah Kimono,,,
Vivo Ayah Kimono,V0225030,Retired,Retired
,,,
,,,
Vivo Ayah Satin Pants,V0225031,Active,
,,,
,,,
Vivo Ayah Shirred Cuff Loose Top,V0225032,Retired,Retired
,,,
,,,
,,,
,,,
,,,
Vivo Ayah Shirred Neck Tent Maxi Dress,V0225005,Retired,Retired
,,,
,,,
Vivo Ayana Cap Sleeve High Low Tent Dress,V1122066,Retired,Retired
Vivo Ayana Cap Sleeve High Low Tent Dress,,,
Vivo Ayana Cap Sleeve High Low Tent Dress,,,
Vivo Ayana Cap Sleeve High Low Tent Dress,,,
Vivo Ayana Cap Sleeve High Low Tent Dress,,,
Vivo Ayana Cap Sleeve High Low Tent Dress,,,
,,,
,,,
,,,
,,,
,,,
,,,
,,,
,,,
Vivo Ayana Wide High Low Top,V0225029,Retired,Retired
,,,
,,,
Vivo Ayla Bubble Sleeve Maxi Dress,,,
Vivo Ayla Bubble Sleeve Maxi Dress,V0824101,Retired,Retired
,,,
Vivo Ayla Bubble Sleeve Maxi Dress,,,
Vivo Ayla Crepe Pants,V1124074,Active,
Vivo Ayla Crepe Pants,,,
Vivo Ayla Crepe Pants,,,
Vivo Ayla Crepe Pants,,,
Vivo Ayla Drop Shoulder Jumpsuit,,,
Vivo Ayla Drop Shoulder Jumpsuit,,,
,,,
Vivo Ayla Loose Top,,,
Vivo Ayla Loose Top,,,
Vivo Ayla Loose Top,,,
,,,
Vivo Ayla Maxi Kaftan Dress,V0824100,Active,
,,,
,,,
,,,
,,,
Vivo Ayla Maxi Kimono,V0824092,Active,
,,,
,,,
,,,
,,,
Vivo Ayla Off-Shoulder Dress,,,
Vivo Ayla Off-Shoulder Dress,,,
,,,
Vivo Ayla Off-Shoulder Dress,V0824103,Active,
Vivo Ayla Off-Shoulder Jumpsuit,,,
,,,
Vivo Ayla Off-Shoulder Jumpsuit,,,
Vivo Ayla Off-Shoulder Jumpsuit,V0824108,Retired,Retired
,,,
,,,
Vivo Ayo Tent Dress,V0120094,Retired,Retired
,,,
Vivo Ayo Tent Dress,,,
Vivo Ayo Tent Dress,,,
,,,
Vivo Ayo Tent Dress,,,
,,,
,,,
,,,
,,,
,,,
Vivo Ayo Tent Dress,,,
Vivo Ayo Tent Dress,,,
Vivo Ayo Tent Dress,,,
,,,
,,,
,,,
Vivo Azawi 3/4 Sleeve Top,V0324071,Retired,Retired
,,,
Vivo Azawi Cap Sleeve Panelled Dress,,,
,,Retired,Retired
,,,
Vivo Azawi Pencil Skirt,,,
Vivo Azawi Pencil Skirt,V0324076,Retired,Retired
,,,
Vivo Azawi Peplum Top,V0324072,Retired,Retired
,,,
Vivo Azawi Sleeveless Overcoat,,,
Vivo Azawi Sleeveless Overcoat,,,
,,,
,,,
,,,
,,,
,,,
,,,
,,,
,,,
,,,
,,,
,,,
,,Active,
,,,
,,,
Vivo Bana Batwing Top,,,
,,,
Vivo Bana Batwing Top,V0423006,Active,
,,,
,,,
,,,
,,,
,,,
Vivo Bana Front Tie Cap Sleeve Bodysuit,,,
Vivo Bana Ribbed Crop Top,V0423045,Active,
,,Active,
,,,
Vivo Basic 3/4 Sleeve A-Line Maxi Dress,,,
Vivo Basic 3/4 Sleeve A-Line Maxi Dress,V0719006,Retired,Retired
Vivo Basic 3/4 Sleeve A-Line Maxi Dress,,,
,,,
Vivo Basic 3/4 Sleeve A-Line Wrap Maxi Dress,,,
Vivo Basic 3/4 Sleeve A-Line Wrap Maxi Dress,V0719007,Retired,Retired
,,,
,,,
,,,
,,,
,,,
,,,
,,,
,,,
Vivo Basic 3/4 Sleeve Cowl Double Layered Bodycon,V0922061,Retired,Retired
,,,
Vivo Basic 3/4 Sleeve Double Layered Bodycon Dress,V0919035,Active,
,,,
Vivo Basic 3/4 Sleeve Double Layered Bodycon Dress,,,
Vivo Basic 3/4 Sleeve Double Layered Bodycon Dress,,,
Vivo Basic 3/4 Sleeve Double Layered Bodycon Dress,,,
Vivo Basic 3/4 Sleeved Double Layered Bodysuit,V1020048,Active,
,,,
,,Retired,Retired
,,,
,,,
,,,
Vivo Basic 3/4 Sleeve Kena Tent Knee Length Dress,V0120002,Active,
,,,
,,,
,,,
,,,
,,,
,,,
,,,
,,,
Vivo Basic 3/4 Sleeve Kim Bodycon Dress,,,
,,,
,,,
,,,
,,,
Vivo Basic 3/4 Sleeve Leila Bodycon Dress,V0320037,Active,
Vivo Basic 3/4 Sleeve Leila Bodycon Dress,,,
Vivo Basic 3/4 Sleeve Leila Bodycon Dress,,,
,,,
,,,
Vivo Basic 3/4 Sleeve Leila Bodycon Dress,,,
,,,
Vivo Basic 3/4 Sleeve Olivia Bishop Sleeve Top,V0120001,Active,
,,,
Vivo Basic 3/4 Sleeve Ponte Circular Dress,V0719018,Active,
,,,
,,,
,,,
,,,
,,,
,,,
,,,
Vivo Basic 3/4 Sleeve Sheath Dress,V0820002,Retired,Retired
,,,
,,,
,,,
,,,
,,,
,,,
,,,
,,,
,,,
,,,
,,,
,,,
,,,
,,,
,,,
Vivo Basic 3/4 Sleeve Top,,,
,,,
,,,
Vivo Basic 3/4 Sleeve Top,V0220050,Retired,Retired
Vivo Basic 3/4 Sleeve Top,,,
Vivo Basic 3/4 Sleeve Top,,,
,,,
,,,
,,,
,,,
,,,
Vivo Basic 3/4 Sleeved Double Layered Bodysuit,,,
Vivo Basic 3/4 Sleeved Double Layered Bodysuit,,,
,,,
,,,
,,,
,,,
,,,
,,,
,,,
,,,
Vivo Basic 3/4 Sleeved JK Jacket,V0819015,Active,
,,,
,,,
,,,
,,,
,,,
,,,
,,,
,,,
,,,
,,,
Vivo Basic A-Line Maxi Dress,V0719104,Retired,Retired
,,,
Vivo Basic A-line Maxi Skirt,V0719105,Retired,Retired
,,Retired,Retired
Vivo Basic Abby Loose Top,,,
Vivo Basic Abby Loose Top,,,
Vivo Basic Abby Loose Top,,,
,,,
Vivo Basic Abby Loose Top,,,
,,,
Vivo Basic Ali Jacket,V0819124,Retired,Retired
,,,
Vivo Basic Angela Cowl Loose Top,,,
,,,
Vivo Basic Angela Cowl Loose Top,,,
,,,
,,,
,,,
,,,
,,,
,,,
,,,
,,,
,,,
Vivo Basic Ayo Bishop Sleeve Dress,,,
Vivo Basic Ayo Bishop Sleeve Dress,,,
,,,
Vivo Basic Ayo Bishop Sleeve Dress,,,
Vivo Basic Ayo Bishop Sleeve Dress,,,
Vivo Basic Ayo Bishop Sleeve Dress,,,
Vivo Basic Ayo Bishop Sleeve Dress,,,
Vivo Basic Ayo Bishop Sleeve Dress,V0621190,Active,
,,,
,,,
,,,
,,,
,,,
,,,
Vivo Basic Aziza Belt,V1219185,Active,
Vivo Basic Aziza Belt,,,
Vivo Basic Aziza Belt,,,
Vivo Basic Aziza Belt,,,
,,,
,,,
,,,
Vivo Basic Bishop Sleeve Top In Chiffon (Double Layered),V0524179,Active,
,,,
,,,
,,,
,,,
,,,
,,,
,,,
,,,
Vivo Basic Satin Bishop Sleeved Top,V0121119,Active,Core Performer
,,,
,,,
,,,
Vivo Basic Bodycon Dress,,,
,,,
Vivo Basic Bodycon Dress,,,
,,,
Vivo Basic Bodycon,V0819036,Active,NOOS
Vivo Basic Boundneck Puff Sleeve Top,,,
Vivo Basic Boundneck Puff Sleeve Top,V0320040,Retired,Retired
,,Retired,Retired
,,,
,,,
,,,
Vivo Basic Cap Sleeve Bodycon,V0422070,Active,
,,,
Vivo Basic Cap Sleeve Bodysuit (Seamless),V0823135,Active,
,,,
Vivo Basic Cap Sleeved Bodysuit,V0523154,Active,NOOS
Vivo Basic Cap Sleeved Bodysuit,,Active,NOOS
,,,
Vivo Basic Cap Sleeve Chiffon Maxi Dress,V0825017,Active,
,,,
,,,
,,,
,,,
,,,
,,,
,,,
,,,
,,,
,,,
,,,
,,,
Vivo Basic Cap Sleeve Knee Length Dress,,,
Vivo Basic Cap Sleeve Knee Length Dress,,,
Vivo Basic Cap Sleeve Knee Length Dress,,,
Vivo Basic Cap Sleeve Knee Length Dress,V0121168,Active,
Vivo Basic Cap Sleeve Knee Length Dress,,,
Vivo Basic Cap Sleeve Knee Length Dress,,,
Vivo Basic Cap Sleeve Knee Length Dress,,,
,,,
,,,
,,,
,,,
,,,
Vivo Basic Cap Sleeve Knee Length Tent Dress,,,
Vivo Basic Cap Sleeve Knee Length Tent Dress,,,
,,,
,,,
,,,
,,,
,,,
Vivo Basic Cap Sleeve Knee Length Tent Dress,,,
,,,
,,,
Vivo Basic Cap Sleeve Knee Length Tent Dress,,,
,,,
,,,
,,,
,,,
,,,
Vivo Basic Cap Sleeve Knee Length Tent Dress,,,
,,,
Vivo Basic Cap Sleeve Knee Length Tent Dress,,,
Vivo Basic Cap Sleeve Knee Length Tent Dress,,,
,,,
,,,
,,,
Vivo Basic Cap Sleeve Maxi Tent Dress,V0220055,Active,
Vivo Basic Cap Sleeve Maxi Tent Dress,,,
Vivo Basic Cap Sleeve Maxi Tent Dress,,,
Vivo Basic Cap Sleeve Maxi Tent Dress,,,
Vivo Basic Cap Sleeve Maxi Tent Dress,,,
Vivo Basic Cap Sleeve Maxi Tent Dress,,,
Vivo Basic Cap Sleeve Maxi Tent Dress,,,
Vivo Basic Cap Sleeve Maxi Tent Dress,,,
,,,
Vivo Basic Cap Sleeve Maxi Tent Dress,,,
Vivo Basic Cap Sleeve Maxi Tent Dress,,,
Vivo Basic Cap Sleeve Maxi Tent Dress,,,
Vivo Basic Cap Sleeve Maxi Tent Dress,,,
Vivo Basic Cap Sleeve Maxi Tent Dress,,,
,,,
,,,
Vivo Basic Cap Sleeve Tent Knee Length Dress,,,
,,,
Vivo Basic Cap Sleeve Tent Knee Length Dress,,,
Vivo Basic Cap Sleeve Tent Knee Length Dress,,,
,,,
,,,
Vivo Basic Cap Sleeve Tent Knee Length Dress,,,
,,,
,,,
Vivo Basic Cap Sleeve Tent Knee Length Dress,,,
,,,
,,,
,,,
,,,
,,,
Vivo Basic Cap Sleeve Tent Knee Length Dress in Crepe,,,
,,,
,,,
,,,
,,,
,,,
,,,
,,,
,,,
,,,
,,,
,,,
,,,
Vivo Basic Cap Sleeve Top In Crepe,V0821064,Retired,Retired
,,,
Vivo Basic Cap Sleeve Top In Crepe,,Retired,Retired
,,,
,,,
,,,
,,,
,,,
,,,
,,,
,,,
,,,
,,,
,,,
Vivo Basic Cap Sleeve Top In Crepe,,Retired,Retired
,,,
,,,
,,,
Vivo Basic Cap Sleeve Top In Crepe,,Retired,Retired
,,,
,,,
Vivo Basic Cap Sleeve Top In Crepe,,Retired,Retired
Vivo Basic Cap Sleeve Top In Crepe,,Retired,Retired
,,,
,,,
,,,
Vivo Basic Chiffon Cap Sleeve Top (Double Layered),V0524178,Active,
Vivo Basic Cap Sleeve Top in Satin,V1221043,Active,
Vivo Basic Cap Sleeved Bodysuit,,,
Vivo Basic Cap Sleeved Bodysuit,,,
Vivo Basic Cap Sleeved Bodysuit,,,
,,,
,,,
,,,
,,,
Vivo Basic Cap Sleeved Leila Dress,V0819136,Active,
Vivo Basic Cap Sleeved Leila Dress,,,
,,,
Vivo Basic Cap Sleeved Leila Dress,,,
,,,
,,,
,,,
,,,
,,,
,,,
,,,
,,,
,,,
,,,
,,,
,,,
,,,
,,,
,,,
,,,
,,,
,,,
,,,
Vivo Basic Capri Leggings,V1121090,Active,
,,,
,,,
,,,
Vivo Basic Chiffon Bishop Sleeve Top (Double Layered),,,
,,,
,,,
Vivo Basic Chiffon Cap Sleeve Top (Double Layered),,Active,Core Performer
Vivo Basic Chiffon Cap Sleeve Top (Double Layered),,Active,Core Performer
Vivo Basic Chiffon Cap Sleeve Top (Double Layered),,Active,Core Performer
Vivo Basic Chiffon Cap Sleeve Top (Double Layered),,Active,Core Performer
,,,
,,,
Vivo Basic Chiffon Drop Shoulder Top,,,
Vivo Basic Chiffon Drop Shoulder Top,,,
Vivo Basic Chiffon Drop Shoulder Top,,,
Vivo Basic Chiffon Dropped Shoulder Top,V0422075,Retired,Retired
Vivo Basic Chiffon Dropped Shoulder Top,,,
Vivo Basic Chiffon Dropped Shoulder Top,,,
,,,
,,,
,,,
,,,
,,,
,,,
,,,
,,,
,,,
Vivo Basic Chiffon Tie Kaftan Top,V0422076,Active,
,,,
,,,
,,,
,,,
,,,
,,,
,,,
,,,
,,,
,,,
,,,
Vivo Basic Cowl Hoodie,V0819142,Active,
,,,
Vivo Basic Cowl Jersey Top,,,
Vivo Basic Cowl Jersey Top,V0622062,Retired,Retired
,,,
Vivo Basic Cowl Jersey Tunic Top,,,
,,,
,,,
,,,
Vivo Basic Crepe Bishop Sleeve Top,V0925010,Retired,Retired
,,,
,,,
,,,
Vivo Basic Crepe Cap Sleeve Top,,,
Vivo Basic Crepe Cap Sleeve Top,,Retired,Retired
,,,
Vivo Basic Crepe Cap Sleeved Top,,,
,,,
,,,
,,,
Vivo Basic Crepe Cap Sleeved Top,,,
,,,
,,,
,,,
,,,
Vivo Basic Crepe Cap Sleeved Top,,,
,,,
,,,
,,,
,,,
,,,
,,,
,,,
,,,
,,,
,,,
,,,
,,,
,,,
,,,
,,,
,,,
,,,
,,,
,,,
,,,
,,,
,,,
Vivo Basic Crepe Cap Sleeved Top In Crepe,,,
Vivo Basic Crepe Cap Sleeved Top In Crepe,,Retired,Retired
,,,
,,,
,,,
,,,
Vivo Basic Crepe Drop Shoulder Top,V0723031,Active,
Vivo Basic Crepe Pants,V0822019,Active,
,,,
,,,
,,,
,,,
,,,
Vivo Basic Crepe Pants,,,
Vivo Basic Crepe Pants With Lining,V0724131,Active,
,,,
Vivo Basic Crepe Scarf,V1022031,Active,
,,,
,,,
,,,
,,,
Vivo Basic Cuffed Dolman Jersey Dress,V0719222,Active,
Vivo Basic Cuffed Dolman Jersey Dress,,,
Vivo Basic Cuffed Dolman Jersey Dress,,,
,,,
,,,
,,,
,,,
Vivo Basic Dada Poncho,V0819101,Retired,Retired
,,,
,,,
Vivo Basic Destiny Chiffon Top,V0719254,Retired,Retired
,,,
,,,
Vivo Basic Dolman Maxi Dress,,,
Vivo Basic Dolman Maxi Dress,,,
Vivo Basic Dolman Maxi Dress,V0221058,Retired,Retired
Vivo Basic Dolman Maxi Dress,,,
,,,
Vivo Basic Dolman Maxi Dress,,,
Vivo Basic Dolman Maxi Dress,,,
,,,
,,,
Vivo Basic Dolman Sweater,,Active,
Vivo Basic Dolman Sweater,,Active,
Vivo Basic Dolman Sweater,,Active,
Vivo Basic Dolman Sweater,V0819145,Active,
Vivo Basic Dolman Sweater,,,
,,,
,,,
Vivo Basic Dolman Sweater Dress,V0722036,Active,
,,,
,,,
,,,
,,,
,,,
,,,
Vivo Basic Double Layered Capri Skirt,V0819031,Active,
Vivo Basic Double Layered High Cowl Bodycon,V0220052,Retired,Retired
,,,
,,,
Vivo Basic Double Layered Long Sleeved Bodysuit,,,
Vivo Basic Double Layered Long Sleeved Bodysuit,V0220007,Retired,Retired
Vivo Basic Double Layered Long Sleeved Bodysuit,,,
Vivo Basic Double Layered Long Sleeved Bodysuit,,,
,,,
Vivo Basic Double Layered Wrap Poncho (Without Fringe),V0523123,Retired,Retired
Vivo Basic Double Layered Wrap Poncho,V0819102,Active,Core Performer
,,,
Vivo Basic Drawstring High Low Top,V1020055,Active,
Vivo Basic Drop Shoulder Dolman Dress,V0323017,Retired,Retired
Vivo Basic Drop Shoulder Dolman Dress,,,
Vivo Basic Drop Shoulder Top,V0622002,Active,
Vivo Basic Drop Shoulder Top,,,
,,,
Vivo Basic Drop Shoulder Top,,,
Vivo Basic Dua Jacket,V0121065,Active,
,,,
,,,
,,,
,,,
,,,
,,,
,,,
Vivo Basic EW Loose Top,V0819140,Retired,Retired
,,,
Vivo Basic Escape A-line Dress,V1019069,,
,,,
,,,
,,,
Vivo Basic Escape A-Line Dress,,,
,,,
,,,
,,,
,,,
,,,
,,,
,,,
Vivo Basic Extra Long Lily Waterfall,V0719290,Active,
Vivo Basic Extra Long Lily Waterfall,,,
Vivo Basic Extra Long Lily Waterfall,,,
Vivo Basic Extra Long May Sweater,V0919013,Active,
,,,
,,,
,,,
Vivo Basic Faux Pocket Leisure Pants,,,
Vivo Basic Faux Pocket Leisure Pants,V0719293,Retired,Retired
,,,
,,,
,,,
,,,
,,,
,,,
,,,
,,,
,,,
,,,
,,,
,,,
,,,
,,,
Vivo Basic Nandi High Slit Kimono,V1019114,Active,
,,,
,,,
,,,
,,,
,,,
,,,
,,,
Vivo Basic Hooded Kimono,V1024063,Retired,Retired
Vivo Basic Hooded Kimono,,,
Vivo Basic Hooded Kimono,,,
Vivo Basic Hooded Kimono,,,
Vivo Basic Hooded Kimono,,,
,,,
,,,
,,,
Vivo Basic Imelda Cowl Sweater,V0819010,Active,NOOS
,,,
,,,
Vivo Basic Imelda Cowl Sweater,,Active,NOOS
,,,
Vivo Basic Imelda Top,V0719369,Active,
Vivo Basic Imelda Top,,,
Vivo Basic Imelda Top,,,
,,,
Vivo Basic Imelda Top,,,
Vivo Basic Izzy Satin Bishop Sleeve Top,V0223139,Retired,Retired
Vivo Basic Jeggings,V0325021,Retired,Retired
,,,
Vivo Basic Jersey Cascade Waterfall,,,
Vivo Basic Jersey Cascade Waterfall,,,
Vivo Basic Jersey Cascade Waterfall,,,
Vivo Basic Joy Sweater,V0719413,Active,
Vivo Basic Joy Sweater,,,
Vivo Basic Joy Sweater,,,
,,,
Vivo Basic Julia 3/4 Sleeve Back Pleat Knee Length Dress,V0722034,Retired,Retired
,,,
Vivo Basic Julia 3/4 Sleeve Back Pleat Maxi Dress,V0722033,Retired,Retired
Vivo Basic Julia Back Pleat Knee Length Dress,,,
Vivo Basic Julia Back Pleat Knee Length Dress,V0719416,Active,
Vivo Basic Julia Back Pleat Knee Length Dress,,,
,,,
Vivo Basic Julia Back Pleat Maxi Dress,V0719419,Active,
Vivo Basic Julia Back Pleat Maxi Dress,,,
,,,
,,,
Vivo Basic Kena Tent Knee Length Dress,V0819098,Active,
,,,
,,,
Vivo Basic Kena Tent Knee Length Dress,,,
,,,
Vivo Basic Kena Tent Maxi Dress,V1119093,Active,
,,,
,,,
,,,
Vivo Basic Knee Length Dress In Chiffon,V0126037,Retired,Retired
,,,
,,,
Vivo Basic Knee Length Shirt Dress,,,
Vivo Basic Knee Length Shirt Dress,,,
,,,
,,,
Vivo Basic Leggings,V0421160,Active,NOOS
,,,
,,,
,,,
Vivo Basic Leila Long Sleeve Asymmetrical Waterfall,,,
Vivo Basic Leila Maxi Waterfall,,,
Vivo Basic Leila Maxi Waterfall,,,
Vivo Basic Leila Maxi Waterfall,V0620049,Active,
Vivo Basic Leila Maxi Waterfall,,,
,,,
Vivo Basic Leila Short Waterfall,V0423078,Retired,Retired
Vivo Basic Leila Short Waterfall,,,
,,,
Vivo Basic Leisure Pants,V0220059,Active,
Vivo Basic Leisure Pants,,,
Vivo Basic Leisure Pants,,,
,,,
,,,
,,,
Vivo Basic Lined Capri Skirt,,,
Vivo Basic Lined Capri Skirt,,,
,,,
,,,
,,,
,,,
,,,
,,,
,,,
,,,
,,,
,,,
Vivo Basic Liv Chiffon Top,V1019045,Retired,Retired
,,,
Vivo Basic Long Lily Waterfall,V0819064,Retired,Retired
Vivo Basic Long Lily Waterfall,,Retired,Retired
,,,
Vivo Basic Long Lily Waterfall,,Retired,Retired
,,,
Vivo Basic Long Lily Waterfall,,,
,,,
Vivo Basic Long Sleeve A-Line Maxi Dress,V0323020,Retired,Retired
Vivo Basic Long Sleeve Bodysuit (Seamless),,,
Vivo Basic Long Sleeve Bodysuit (Seamless),,,
Vivo Basic Long Sleeve Bodysuit (Seamless),V0823134,Retired,Retired
,,,
Vivo Basic Long Sleeve Bodysuit (Seamless),V0719112,Retired,Retired
Vivo Basic Long Sleeve Cascade Waterfall,V0723033,Retired,Retired
,,,
,,,
,,,
,,,
Vivo Basic Long Sleeve Straight Maxi Dress,V0423038,Active,
,,,
Vivo Basic Long Sleeve Tent Shirt Dress,,,
Vivo Basic Long Sleeve Tent Shirt Dress,V0323058,Retired,Retired
Vivo Basic Long Sleeve Tent Shirt Dress,,,
,,,
,,,
Vivo Basic Long Sleeved Bishop Top,V0120092,Retired,Retired
Vivo Basic Long Sleeved Bishop Top,,,
Vivo Basic Long Sleeved Bishop Top,,,
Vivo Basic Long Sleeved Bishop Top,,,
Vivo Basic Long Sleeved Bishop Top,,,
,,,
,,,
,,,
Vivo Basic Long Sleeved Bodysuit in Jersey,,Active,Core Performer
,,,
,,,
,,,
,,,
Vivo Basic Long Sleeved Double Layered Bodycon,,Retired,Retired
Vivo Basic Long Sleeved Double Layered Bodycon,V0719261,Retired,Retired
Vivo Basic Long Sleeved Double Layered Bodycon,,Retired,Retired
Vivo Basic Long Sleeved Double Layered Bodycon,,,
,,,
Vivo Basic Long Sleeved Top,V0719113,Retired,Retired
Vivo Basic Long Sleeved Top,,,
,,,
Vivo Basic Long Sleeved Top,,,
Vivo Basic Long Sleeved Top,,,
Vivo Basic Long Sleeved Top,,,
,,,
,,,
,,,
Vivo Basic Maternity Leggings,V1022057,Retired,Retired
Vivo Basic Maxi Butterfly Waterfall,,,
,,,
,,,
Vivo Basic May Jersey Waterfall,V0220053,Retired,Retired
,,,
Vivo Basic May Jersey Waterfall,,,
Vivo Basic May Jersey Waterfall,,,
,,,
Vivo Basic May Sweater,V0819022,Active,
Vivo Basic May Sweater,,,
Vivo Basic May Sweater,,,
,,,
,,,
,,,
Vivo Basic May Sweater,,,
,,,
,,,
,,,
,,,
,,,
Vivo Basic Midi Pencil Skirt,,,
Vivo Basic Midi Pencil Skirt,,,
,,,
,,,
Vivo Basic Mini Butterfly Waterfall,,,
,,,
,,,
,,,
Vivo Basic Nala Dolman Cowl Sweater Top,V1120011,Retired,Retired
,,,
,,,
Vivo Basic Nalia High Low Jersey Top,V0121134,Retired,Retired
,,,
Vivo Basic Nalia High Low Jersey Top,,,
Vivo Basic Nalia High Low Jersey Top,,,
Vivo Basic Nalia High Low Jersey Top,,,
Vivo Basic Nalia High-low Chiffon Top,V1119024,Active,
,,,
,,,
Vivo Basic Nalia High-low Chiffon Top,,,
,,,
,,,
,,,
,,,
,,,
,,,
,,,
,,,
Vivo Basic Nalia Satin High Low Top,,,
Vivo Basic Nalia Satin High Low Top,V0223140,Retired,Retired
Vivo Basic Nalia Satin High Low Top,,,
,,,
Vivo Basic Nandi A-Line Kimono,V0120065,Active,
Vivo Basic Nandi High Slit Kimono,,,
Vivo Basic Nandi High Slit Kimono,,,
,,,
,,,
Vivo Basic Nandi High Slit Kimono,,,
,,,
,,,
,,,
,,,
,,,
,,,
Vivo Basic Nandi High Slit Kimono,,,
,,,
,,,
,,,
Vivo Basic Nandi Lined Pants,V0120074,Active,
,,,
,,,
,,,
,,,
Vivo Basic Neo Extra Long Lily Waterfall,,,
Vivo Basic Neo Extra Long Lily Waterfall,V0122114,Retired,Retired
,,,
,,,
,,,
,,,
,,,
,,,
,,,
,,,
,,,
,,,
,,,
,,,
Vivo Basic Neo Sienna Waterfall,,,
,,,
Vivo Basic Neo Sienna Waterfall,,,
,,,
Vivo Basic Neo Waterfall,V0422073,Retired,Retired
Vivo Basic Olivia Bishop Sleeve Top,,,
,,,
Vivo Basic Open Kaftan,V0223225,Retired,Retired
,,,
Vivo Basic Palazzo Pants,V0819137,Active,
,,,
Vivo Basic Palazzo Pants,,,
Vivo Basic Palazzo Pants,,,
,,,
,,,
,,,
,,,
,,,
,,,
,,,
,,,
Vivo Basic Panelled Leisure Pants,V0819003,Active,
,,,
,,,
Vivo Basic Pencil Skirt,V0819034,Active,
Vivo Basic Pencil Skirt,,,
,,,
,,,
Vivo Basic Puff Sleeved Bodycon,,,
Vivo Basic Puff Sleeved Bodycon,V0919039,Retired,Retired
Vivo Basic Puff Sleeved Bodycon,,,
,,,
,,,
,,,
Vivo Basic RT Sleeveless Bodysuit,V0420004,Retired,Retired
,,,
,,,
,,,
,,,
,,,
,,,
,,,
,,,
,,,
,,,
,,,
,,,
Vivo Basic Ribbed Turtleneck Top,,,
,,,
Vivo Basic Ribbed Turtleneck Top,,,
,,,
Vivo Basic Round Neck Maxi Dress,V0525075,Active,
Vivo Basic Round Neck Maxi Dress,,,
Vivo Basic Round Neck Maxi Dress,,,
,,,
,,,
,,,
,,,
,,,
,,,
Vivo Basic Salma Maxi Boat Neck Dress,V0819056,Active,
,,,
,,,
,,,
Vivo Basic Satin Bishop Sleeve Top,,,
,,,
Vivo Basic Satin Bishop Sleeved Top,,,
Vivo Basic Satin Bishop Sleeved Top,,,
,,,
,,,
Vivo Basic Satin Bishop Sleeved Top,,,
,,,
Vivo Basic Satin Bishop Sleeved Top,,,
Vivo Basic Satin Bishop Sleeved Top,,,
Vivo Basic Satin Bishop Sleeved Top,,,
Vivo Basic Satin Bishop Sleeved Top,,,
,,,
Vivo Basic Satin Bishop Sleeved Top,,,
,,,
,,,
,,,
,,,
,,,
,,,
,,,
Vivo Basic Satin Cap Sleeve Top,,,
Vivo Basic Satin Cap Sleeve Top,,,
Vivo Basic Satin Cap Sleeve Top,,,
Vivo Basic Satin Cap Sleeve Top,,,
Vivo Basic Satin Cap Sleeve Top,,,
,,,
Vivo Basic Satin Cap Sleeve Top,,,
Vivo Basic Satin Cap Sleeve Top,,,
Vivo Basic Satin Cap Sleeve Top,,,
Vivo Basic Satin Cap Sleeve Top,,,
Vivo Basic Satin Cap Sleeve Top,,,
Vivo Basic Satin Cap Sleeve Top,,,
Vivo Basic Satin Cap Sleeve Top,,,
Vivo Basic Satin Cap Sleeve Top,,,
Vivo Basic Satin Cap Sleeve Top,,,
Vivo Basic Satin Dropped Shoulder Top,,,
Vivo Basic Satin Dropped Shoulder Top,V0324017,Retired,Retired
,,,
Vivo Basic Satin Scarf,V0922051,Active,
,,,
,,,
,,,
,,,
,,,
,,,
Vivo Basic Shirred Sleeve Dress Top,,,
,,,
,,,
Vivo Basic Short Lily Waterfall,V0719677,Retired,Retired
Vivo Basic Short Lily Waterfall,,,
Vivo Basic Short Lily Waterfall,,,
Vivo Basic Short Lily Waterfall,,,
Vivo Basic Short Lily Waterfall,,,
,,,
,,,
Vivo Basic Short May Jersey Waterfall,V0221013,Active,
Vivo Basic Short May Jersey Waterfall,,,
,,,
,,,
,,,
,,,
Vivo Basic Short Sleeve Top,,,
Vivo Basic Short Sleeve Top,V0524192,Active,
,,,
,,,
,,,
,,,
,,,
,,,
Vivo Basic Short Waterfall,V0719674,Active,
Vivo Basic Short Waterfall,,,
,,,
,,,
,,,
,,,
,,,
Vivo Basic Side Twist Knee Length Dress,,,
,,,
Vivo Basic Side Twist Knee Length Dress,,,
,,,
Vivo Basic Sienna Jersey Top,V0422077,Retired,Retired
Vivo Basic Sienna Jersey Top,,,
Vivo Basic Sienna Jersey Top,,,
Vivo Basic Sienna Jersey Top,,,
Vivo Basic Sienna Jersey Top,,,
,,,
,,,
Vivo Basic Sienna Waterfall,V0819120,Active,NOOS
Vivo Basic Sienna Waterfall,,,
Vivo Basic Sienna Waterfall,,,
Vivo Basic Sienna Waterfall,,,
Vivo Basic Sienna Waterfall,,,
Vivo Basic Sienna Waterfall,,Active,NOOS
,,,
Vivo Basic Sienna Waterfall,,,
Vivo Basic Sienna Waterfall,,,
Vivo Basic Sienna Waterfall,,,
,,,
,,,
,,,
Vivo Basic Sleeveless Bodysuit,V0324069,Active,
,,,
,,,
,,,
,,,
,,,
Vivo Basic Sleeveless Cowl Sweater Top,,,
,,,
,,,
,,,
,,,
,,,
Vivo Basic Sleeveless Double Layered Bodycon,V1119112,Retired,Retired
,,,
Vivo Basic Sleeveless Double Layered Bodycon,,,
Vivo Basic Sleeveless Double Layered Bodycon,,,
Vivo Basic Sleeveless Double Layered Bodycon,,,
,,,
,,,
Vivo Basic Sleeveless Double Layered Coat,,,
Vivo Basic Sleeveless Double Layered Coat,,,
Vivo Basic Sleeveless Double Layered Coat,,,
Vivo Basic Sleeveless Double Layered Coat,V0425049,Retired,Retired
Vivo Basic Sleeveless Extra Long Lily Waterfall,V1122193,Retired,Retired
,,,
Vivo Basic Sleeveless Extra Long Lily Waterfall,,,
,,,
,,,
,,,
,,,
,,,
,,,
Vivo Basic Sleeveless Jersey Waterfall,,,
Vivo Basic Sleeveless Jersey Waterfall,,,
,,,
,,,
Vivo Basic Sleeveless Kena Tent Dress,,,
,,,
Vivo Basic Sleeveless Kena Tent Dress In Ponte,V1121019,Active,
,,,
,,,
Vivo Basic Sleeveless Kena Tent Maxi Dress in Ponte,V1121020,Active,
,,,
Vivo Basic Sleeveless Leila Bodycon Dress,V1019066,Retired,Retired
Vivo Basic Sleeveless Leila Bodycon Dress,,,
,,,
Vivo Basic Sleeveless Long Lily Waterfall,,,
Vivo Basic Sleeveless Long Lily Waterfall,V0719839,Retired,Retired
,,,
,,,
Vivo Basic Sleeveless Midi Jersey Waterfall,V1122192,Retired,Retired
,,,
Vivo Basic Sleeveless Overcoat,V0819141,Active,
,,,
,,,
Vivo Basic Sleeveless Ponte Circular Dress,V0919022,Active,
Vivo Basic Sleeveless Ponte Circular Dress,,,
Vivo Basic Sleeveless Sienna Waterfall,,,
Vivo Basic Sleeveless Sienna Waterfall,,,
Vivo Basic Sleeveless Sienna Waterfall,V0321017,Active,
Vivo Basic Sleeveless Sienna Waterfall,,,
Vivo Basic Sleeveless Sienna Waterfall,,,
Vivo Basic Sleeveless Sienna Waterfall,,,
,,,
,,,
,,Active,
Vivo Basic Sleeveless Tent Dress,V0822022,Retired,Retired
,,,
,,,
Vivo Basic Sleeveless Tent Dress,,,
,,,
,,,
,,,
Vivo Basic Sleeveless Tent Dress,,,
,,,
Vivo Basic Sleeveless Tent Dress,,,
,,,
,,,
,,,
,,,
,,,
Vivo Basic Sleeveless Tent Dress in Crepe,,Retired,Retired
,,,
,,,
,,,
,,,
Vivo Basic Sleeveless Tent Kimono,V1024064,Retired,Retired
,,,
,,,
Vivo Basic Sleeveless Tent Maxi Dress,,,
Vivo Basic Sleeveless Tent Maxi Dress,V0622019,Active,
Vivo Basic Sleeveless Tent Maxi Dress,,,
Vivo Basic Sleeveless Tent Maxi Dress,,,
Vivo Basic Sleeveless Tent Maxi Dress,,,
Vivo Basic Sleeveless Tent Maxi Dress,,,
,,,
Vivo Basic Sleeveless Tent Maxi Dress,,,
Vivo Basic Sleeveless Tent Maxi Dress,,,
,,,
,,,
,,,
,,,
,,,
,,,
Vivo Basic Spaghetti Strap Tank Top,V0623033,Retired,Retired
,,,
,,,
,,,
,,,
,,,
,,,
,,,
,,,
Vivo Basic Straight Leg Pants,V0122078,Active,
Vivo Basic Straight Maxi Dress,V0719121,Retired,Retired
,,,
Vivo Basic Straight Skirt,,,
Vivo Basic Straight Skirt,V0222135,Retired,Retired
,,,
Vivo Basic Straight Skirt,,,
,,,
Vivo Basic Strappy Belt,V0220004,Active,
,,,
Vivo Basic Strappy Cowl Top,V0325044,Retired,Retired
,,,
Vivo Basic Strappy Cullote Jumpsuit,,,
,,,
,,,
,,,
,,,
,,,
Vivo Basic Tank Top,V0724080,Active,
,,,
,,,
,,,
,,,
,,,
,,,
,,,
,,,
,,,
,,,
,,,
,,,
,,,
,,,
,,,
,,,
,,,
,,,
,,,
,VBFS&S112401,Active,Core Performer
,,,
Vivo Basic Tolani Jersey Dress,V0920021,Retired,Retired
,,,
,,,
,,,
,,,
,,,
,,,
,,,
,,,
,,,
Vivo Basic Tolani Jersey Dress,,,
Vivo Basic Tolani Jersey Dress,,,
Vivo Basic Tolani Jersey Dress,,,
,,,
,,,
Vivo Basic Trench Coat,V0620079,Retired,Retired
,,,
Vivo Basic Tsavo Scalloped Chiffon Top,V0422058,Retired,Retired
Vivo Basic Tsavo Scalloped Chiffon Top,,,
Vivo Basic Tsavo Scalloped Chiffon Top,,,
Vivo Basic Tsavo Scalloped Chiffon Top,,,
Vivo Basic Tsavo Scalloped Chiffon Top,,,
Vivo Basic Tulia Long Sleeved Top,V0620004,Active,
,,,
,,,
Vivo Basic Tulia Long Sleeved Top,,,
,,,
,,,
,,,
,,,
Vivo Basic Tulip Sweater,,,
Vivo Basic Tulip Sweater,V0819126,Retired,Retired
,,,
,,,
,,,
,,,
,,,
Vivo Basic Tulip Sweater,,,
,,,
,,,
,,,
,,,
,,,
,,,
,,,
Vivo Basic Turtle Neck Top,,,
,,,
,,,
,,,
,,,
,,,
,,,
,,,
,,,
,,,
,,,
,,,
,,,
,,,
,,,
,,,
,,,
,,,
,,,
,,,
,,,
,,,
,,,
Vivo Basic V-Neck Buttoned Top,V0922058,Active,
,,,
Vivo Basic V-Neck Long Sleeve Top,,,
Vivo Basic V-Neck Long Sleeve Top,,,
Vivo Basic V-Neck Long Sleeve Top,V0423052,Retired,Retired
,,,
,,,
,,,
,,,
,,,
,,,
Vivo Basic V-neck Cap Sleeve Top,V0323019,Retired,Retired
Vivo Basic Val Cap Sleeve Top,,,
Vivo Basic Val Cap Sleeve Top,,,
,,Retired,Retired
,,,
Vivo Basic Val Cap Sleeve Top,,,
Vivo Basic Val Cap Sleeve Top,,,
,,,
Vivo Basic Val Cap Sleeve Top,,,
Vivo Basic Val Chiffon Top,V0120027,Active,
,,,
,,,
,,,
,,,
,,,
Vivo Basic Val Long Sleeve Top,V0723043,Active,
Vivo Basic Val Long Sleeve Top,,,
Vivo Basic Val Long Sleeve Top,,,
,,,
,,,
Vivo Basic Val Tank Top,V0625051,Active,
,,,
,,,
Vivo Basic Vanessa Double Layered Bodycon Dress,,,
,,,
,,,
,,,
,,,
,,,
,,,
,,,
,,,
,,,
Vivo Basic Waridi Pencil Skirt,V1020057,Active,
Vivo Basic Waridi Pencil Skirt,,,
Vivo Basic Waridi Pencil Skirt,,,
Vivo Basic Waterfall,,,
Vivo Basic Waterfall,,,
Vivo Basic Waterfall,V0819106,Active,
Vivo Basic Waterfall,,,
,,,
Vivo Basic Wide High Low Jersey Top,,,
Vivo Basic Wide High Loww Jersey Top,,,
,,,
,,,
Vivo Basic Wide Jersey Top,V1223181,Retired,Retired
,,,
Vivo Basic Wide Liv Chiffon Maxi Dress,V0120033,Retired,Retired
,,,
Vivo Basic Zola Belt,V0121001,Active,
Vivo Basic sleeveless jersey waterfall,,,
Vivo Beali Baby Doll Dress,,,
Vivo Beali Baby Doll Dress,V1024031,Retired,Retired
,,,
Vivo Beali Blazer,,,
,,,
Vivo Beali Blazer,,,
Vivo Beali Sarong Skirt,V1024037,Retired,Retired
,,,
Vivo Beali Shirred Midriff Top,V1024030,Retired,Retired
,,,
Vivo Beali Shirred Midriff Top,,,
,,,
Vivo Beali Shirred Midriff Top,,,
Vivo Beali Shorts,V1024032,Retired,Retired
,,,
Vivo Beali Two Way Wrap Top,V1024043,Retired,Retired
,,,
Vivo Beali Wide Leg Pants,,,
,,,
Vivo Beali Wide Leg Pants,,,
Vivo Beali Wrap Asymmetrical Midi Dress,V1024035,Retired,Retired
,,,
,,,
Vivo Beali Wrap Shirt Dress,,,
Vivo Beali Wrap Shirt Dress,V1024036,Retired,Retired
,,Active,
Vivo Binti High Low Poncho,V0820020,Active,
,,,
,,,
,,Active,
Vivo Bishop Sleeve Shirred Maxi Dress in Crepe,,Active,New
Vivo Bishop Sleeve Shirred Maxi Dress in Crepe,,Active,New
Vivo Bishop Sleeve Shirred Maxi Dress in Crepe,,Active,New
Vivo Bishop Sleeve Shirred Maxi Dress in Crepe,,Active,New
Vivo Bishop Sleeve Shirred Maxi Dress in Crepe,,Active,New
Vivo Bishop Sleeve Shirred Maxi Dress in Crepe,,Active,New
Vivo Bishop Sleeve Shirred Maxi Dress in Crepe,,Active,New
Vivo Bishop Sleeve Shirred Maxi Dress in Crepe,,Active,New
Vivo Bishop Sleeve Shirred Maxi Dress in Crepe,,Active,New
,,,
,,,
,,,
,,,
Vivo Bissa Bishop Long Sleeved Top,V0121035,Active,
,,,
,,,
,,,
,,,
,,,
,,,
,,,
,,,
,,,
,,,
,,,
,,,
,,,
,,,
,,,
,,,
,,,
,,,
,,,
,,,
,,,
,,,
,,,
,,,
,,,
,,,
,,,
,,,
,,,
,,,
,,,
,,,
Vivo Bissa Reversible Maxi Dress,V0221005,Active,
,,,
Vivo Bissa Reversible Maxi Dress,,,
,,,
,,,
,,,
,,,
,,,
,,,
Vivo Boat Neck Dress in Ponte,V0126025,Active,
Vivo Boat Neck Top in Scuba,V0126024,Active,
,,,
Vivo Bodysuit,PB2024001,Active,
,,,
,,,
,,,
,,,
,,,
,,,
,,,
,,,
,,,
,,,
Vivo Bodysuits T- Shirts & Tank Tops,,Active,
,,,
Vivo Bodysuits T- Shirts & Tank Tops,,Active,
Vivo Bodysuits T- Shirts & Tank Tops,,Active,
Vivo Bodysuits T- Shirts & Tank Tops,,Active,
Vivo Bodysuits T- Shirts & Tank Tops,,Active,
,,,
"Vivo Bodysuits, Shirts, T- Shirts & Tank Tops",,Active,
"Vivo Bodysuits, Shirts, T- Shirts & Tank Tops",,Active,
,,,
,,,
,,,
,,,
,,,
,,,
,,Active,
,,,
Vivo Button Up Shirt in Chiffon,V0126009,Active,
,,,
,,,
,,,
,,,
,,,
,,,
,,,
Vivo Cap Sleeve Salma Maxi Dress,V0725025,Active,
,,,
,,,
,,,
,,,
Vivo Cargo Pants,VE0047,Retired,Retired
,,,
,,,
,,,
,,,
,,,
Vivo Chalbi Cap Sleeve A-Line Dress,V0822080,Active,
,,,
Vivo Chari Basic Chiffon Bishop Sleeve Top (Double Layered),,,
Vivo Chari Basic Chiffon Bishop Sleeve Top (Double Layered),V1124153,Retired,Retired
Vivo Chari Basic Pencil Skirt,V1124158,Retired,Retired
Vivo Chari Cap Sleeve Shift Dress,V1124155,Retired,Retired
Vivo Chari Shift Dress,V1124156,Retired,Retired
Vivo Chari Shift Dress,,,
Vivo Chari Shift Dress,,,
,,,
Vivo Chari Straight Leg Pants,,,
Vivo Chari V-Neck Top,V1124154,Retired,Retired
,,,
Vivo Chela Basic Cap Sleeve Top,V0325019,Retired,Retired
Vivo Chela Basic Cap Sleeve Top,,,
,,,
Vivo Chela Drawstring Shorts,V0225025,Retired,Retired
,,,
,,,
Vivo Chela Pants in Jersey,V1025044,Active,
,,,
,,,
,,,
,,,
,,,
Vivo Chela Scalloped Sleeveless Top,V0225023,Retired,Retired
,,,
,,,
,,,
,,,
,,,
,,,
Vivo Chela Sleeveless Waterfall,V0225018,Active,
,,,
Vivo Chela Sleeveless Waterfall in Jersey,V1025015,Active,
Vivo Chela Tank Top,,,
,,,
Vivo Chela Tank Top,V0225026,Retired,Retired
Vivo Chela Wide Leg Pants,V0225024,Active,
Vivo Chela Wide Leg Pants,,,
,,,
,,,
Vivo Chesi Kimono,,,
Vivo Chesi Kimono,,,
Vivo Chesi Kimono,V0424125,Retired,Retired
,,,
Vivo Chesi V-Neck Dress,,,
,,,
Vivo Chesi V-Neck Maxi Dress,,,
Vivo Chesi V-Neck Maxi Dress,,,
,,,
Vivo Chesi V-neck Jumpsuit,V0424130,Active,
,,,
,,,
Vivo Chesi Wide Leg Pants,,,
Vivo Chesi Wide Leg Pants,V0424124,Retired,Retired
,,,
Vivo Chidii Batwing Top,V0824083,Active,
,,,
Vivo Chidii Cape Dress,,,
,,,
,,,
Vivo Chidii Drop Shoulder Kimono,V0824089,Active,
,,,
,,,
Vivo Chidii Drop Shoulder Kimono,,,
,,,
,,,
Vivo Chidii Maxi Kaftan,,Active,NOOS
Vivo Chidii Maxi Kaftan,V0824090,Active,
,,,
Vivo Chidii Off Shoulder Maxi Dress,V0824081,Retired,Retired
Vivo Chidii Off Shoulder Maxi Dress,,,
,,,
,,,
,,,
Vivo Chidii Tunic Dress With Frills,V0824085,Active,
,,,
,,,
,,,
,,,
,,,
Vivo Chidii Wide Leg Pants,V0824086,Active,
,,,
,,,
Vivo Chiffon Shorts,V0325072,Retired,Retired
,,,
,,,
,,,
,,,
,,,
,,,
Vivo Chiffon Wide Kimono,V0424168,Retired,Retired
,,,
,,,
,,,
,,,
,,,
,,,
,,,
,,,
,,,
,,Active,
,,Active,
,,,
Vivo Contrast Stitch Pants in Denim,V0126033,Active,New
,,Active,
,,,
,,,
,,,
,,,
,,,
,,,
,,,
,,,
,,,
Vivo Cotton 3/4 Sleeve Wrap Top,V0925065,Active,
,,,
,,,
,,,
,,,
,,,
,,,
,,,
,,,
Vivo Cowl Camisole,V0424158,Retired,Retired
,,,
,,,
Vivo Cowl Neck Camisole in Satin,,Active,
Vivo Cowl Neck Camisole in Satin,,Active,
Vivo Cowl Neck Camisole in Satin,,Active,
Vivo Cowl Neck Camisole in Satin,,Active,
Vivo Cowl Neck Knit Sweater,V0623042,Retired,Retired
,,,
,,,
,,,
,,,
,,,
,,,
,,,
,,,
,,,
,,,
,,,
,,,
,,,
,,,
Vivo Cuffed Wide Sweater,V0524194,Retired,Retired
Vivo Cuffed Wide Sweater,,,
Vivo Cuffed Wide Sweater,,,
,,,
,,,
Vivo Cuffed Wrap Poncho,V0324064,Active,
,,,
,,,
,,,
,,,
,,,
,,,
Vivo Culottes,VE0036,Retired,Retired
Vivo Culottes,,,
,,,
,,,
,,,
,,,
Vivo Dali 3/4 Cut Out Sleeve Maxi Dress,,,
Vivo Dali 3/4 Cut Out Sleeve Maxi Dress,V1222304,Retired,Retired
Vivo Dali 3/4 Cut Out Sleeve Maxi Dress,,,
,,,
,,,
,,,
,,,
,,,
,,,
,,,
,,,
,,,
,,,
,,,
,,,
,,,
,,,
,,,
,,,
,,,
,,,
,,,
,,,
,,,
,,,
,,,
,,,
Vivo Dali Panel Dress,,,
,,,
,,,
,,,
Vivo Dali Strappy Cold Shoulder Top,,,
,,,
,,,
Vivo Dali Tie Kimono,,,
,,,
,,,
,,,
,,,
,,,
Vivo Dalia Bishop Sleeve Tie Top,V0422056,Active,
,,,
,,,
Vivo Dalia Cap Sleeve Gathered Tent Dress,V1024065,Active,
,,,
Vivo Dalia Cap Sleeve Gathered Tent Dress,,,
Vivo Dalia Cap Sleeve Gathered Tent Dress,,,
Vivo Dalia Cap Sleeve Gathered Tent Dress,,,
Vivo Dalia Cap Sleeve Gathered Tent Dress,,,
Vivo Dalia Cap Sleeve Gathered Tent Dress,,,
,,,
,,Active,
,,Active,
,,Active,
,,Active,
,,Active,
,,,
,,,
,,,
,,,
Vivo Dalia Off Shoulder Jumpsuit,V0322047,Retired,Retired
Vivo Dalia Off Shoulder Jumpsuit,,,
Vivo Dalia Off Shoulder Jumpsuit,,,
Vivo Dalia Sleeveless Gathered Dress In Cotton,V0226020,Active,
,,,
Vivo Dalia Sleeveless Gathered Dress In Cotton,,,
Vivo Dalia Sleeveless Gathered Dress In Cotton,,,
,,,
,,,
Vivo Dalia Sleeveless Gathered Dress In Cotton,,,
Vivo Dalia Sleeveless Gathered Dress In Cotton,,,
,,,
Vivo Dalia Sleeveless Gathered Dress In Cotton,,,
,,,
Vivo Dalia Sleeveless Gathered Dress In Cotton,,,
,,,
,,,
Vivo Dalia Sleeveless Gathered Tent Dress,V0322110,Active,
Vivo Dalia Sleeveless Gathered Tent Dress,,,
Vivo Dalia Sleeveless Gathered Tent Dress,,,
Vivo Dalia Sleeveless Gathered Tent Dress,,,
Vivo Dalia Sleeveless Gathered Tent Dress,,,
Vivo Dalia Sleeveless Gathered Tent Dress,,,
Vivo Dalia Sleeveless Gathered Tent Dress,,,
Vivo Dalia Sleeveless Gathered Tent Dress,,,
Vivo Dalia Sleeveless Gathered Tent Dress,,,
,,,
Vivo Dalia Sleeveless Gathered Tent Dress,,,
,,,
Vivo Dalia Sleeveless Gathered Tent Dress,,,
Vivo Dalia Sleeveless Tie Midi Dress in Print Cotton,V0226035,Active,
Vivo Dalia Sleeveless Tie Midi Dress in Print Cotton,,Active,
Vivo Dalia Sleeveless Tie Midi Dress in Print Cotton,,Active,
,,,
,,,
,,,
,,,
,,,
,,,
,,,
,,,
,,,
,,,
,,,
,,,
,,,
,,,
,,,
,,,
,,,
,,,
,,,
Vivo Dayo Off-Shoulder Slit Maxi Dress,,,
Vivo Denim Straight Pants,V0525064,Active,
,,,
,,,
,,,
,,,
,,,
,,,
,,,
,,,
,,,
,,,
,,,
,,,
,,,
,,,
,,,
,,,
,,,
,,,
,,,
,,,
,,,
,,,
,,,
,,,
,,,
,,,
,,,
,,,
,,,
,,,
,,,
,,,
,,,
,,,
,,,
,,,
,,,
,,,
,,,
,,,
,,,
,,,
Vivo Diella 3/4 Sleeve A-Line Dress,V0425056,Retired,Retired
Vivo Diella 3/4 Sleeve Pleated Dress,V0625028,Active,
Vivo Diella Pleated Dress,V0525049,Active,
Vivo Diella Pleated Dress,,,
,,,
Vivo Diella V-Neck Jumpsuit,V0525076,Retired,Retired
,,Active,
,,Active,
,,Active,
,,Active,
,,Active,
Vivo Diella Wide Leg Pants,V0625016,Retired,Retired
,,,
,,,
,,,
,,,
,,,
,,,
,,,
,,,
,,,
,,,
Vivo Dolman Sweater in Rib,,Active,
Vivo Dolman Sweater in Rib,,Active,
Vivo Dolman Sweater in Rib,,Active,New
Vivo Dolman Sweater in Rib,,Active,
,,Active,
Vivo Dotted Panelled Leisure Pants in Ponte,,Active,New
,,,
,,,
Vivo Double Layered Tank Top,V1124071,Active,
,,Active,
,,Active,
,,Active,
,,,
,,Active,
,,,
Vivo Drop Shoulder Top in Cotton,V0126043,Active,
,,,
,,,
Vivo Dua 3/4 Sleeved V Neck Shirt,V0121167,Active,
Vivo Dua 3/4 Sleeved V Neck Shirt,,,
Vivo Dua 3/4 Sleeved V Neck Shirt,,,
,,,
,,,
Vivo Dua 3/4 Sleeved V Neck Shirt,,,
Vivo Dua 3/4 Sleeved V Neck Shirt,,,
,,,
,,,
Vivo Dua 3/4 Sleeved V Neck Shirt,,,
,,,
,,,
,,,
,,,
Vivo Dua Dolman Top,V0424127,Retired,Retired
,,,
,,,
,,,
Vivo Dua High Low Top,V0221090,Active,
,,,
Vivo Dua Long Bishop Sleeve Top,,,
Vivo Dua Long Bishop Sleeve Top,,,
Vivo Dua Long Bishop Sleeve Top,,,
Vivo Dua Long Bishop Sleeve Top,,,
Vivo Dua Long Bishop Sleeve Top,,,
Vivo Dua Long Bishop Sleeve Top,V0523147,Retired,Retired
Vivo Dua Long Bishop Sleeve Top,,,
,,,
Vivo Dua Satin Bishop Sleeve Top,V1223014,Retired,Retired
,,,
,,,
,,,
,,,
,,,
Vivo Dua Shirt,,,
,,,
,,,
,,,
Vivo Dua Shirt In Satin,V0126027,Active,
,,,
,,,
Vivo Dua Wide Leg Pants,V0121066,Active,
,,,
,,,
,,,
,,,
,,,
,,,
,,,
,,Active,
,,Active,
,,,
,,,
,,,
,,,
,,,
Vivo Escape Sheath Dress (Special Offer),V0819135,Active,
,,,
,,,
,,,
,,Active,
,,,
,,,
,,,
Vivo Esna Drop Shoulder High Low Dress,V0124023,Retired,Retired
,,,
Vivo Esna Puff Sleeve Tent Dress,V0124022,Retired,Retired
,,,
Vivo Essentials Bandeau,VE0017,Retired,Retired
Vivo Essentials Biker Shorts,VE0002,Retired,Retired
Vivo Essentials Bodycon,VE0008,Retired,Retired
Vivo Essentials Capri Leggings,VE0003,Retired,Retired
,,,
,,,
,,,
,,,
,,,
,,,
,,,
,,,
,,,
,,,
,,,
,,,
,,,
,,,
,,,
,,,
,,,
Vivo Essentials Drop Shoulder Top,VE0078,Retired,Retired
,,,
Vivo Essentials Full Length Leggings,VE0006,Retired,Retired
,,,
,,,
,,,
Vivo Essentials High Neck Midriff Top,VE0007,Retired,Retired
Vivo Essentials Jersey Top,VE0072,Retired,Retired
Vivo Essentials Lounge Jumpsuit with Slits,VE0012,Active,
Vivo Essentials Lounge Pants,VE0020,Retired,Retired
,,,
,,,
,,,
,,,
,,,
,,,
,,,
,,,
,,,
,,,
,,,
,,,
,,,
,,,
,,,
,,,
,,,
,,,
,,,
,,,
,,,
,,,
,,,
,,,
,,,
,,,
,,,
,,,
,,,
,,,
,,,
,,,
,,,
,,,
,,,
,,,
,,,
,,,
,,,
,,,
,,,
,,,
Vivo Essentials Palazzo Pants,VE0071,Active,
,,,
,,,
,,,
,,,
,,,
,,,
,,,
,,,
,,,
,,,
,,,
,,,
,,,
,,,
,,,
,,,
,,,
,,,
,,,
,,,
,,,
,,,
,,,
,,,
,,,
,,,
,,,
,,,
,,,
,,,
Vivo Essentials Sleeveless One Shoulder Crop Top,VE0010,Retired,Retired
,,,
,,,
,,,
,,,
,,,
,,,
,,,
,,,
,,,
,,,
,,,
,,,
,,,
,,,
,,,
,,,
,,,
,,,
,,,
,,,
,,,
,,,
,,,
,,,
Vivo Essentials Strap Maxi Dress,VE0079,Active,
,,,
,,,
,,,
,,,
,,,
,,,
,,,
,,,
,,,
,,,
Vivo Essentials Strappy Cold Shoulder Top,VE0009,Retired,Retired
Vivo Essentials Strappy Maxi Dress,VE0013,Retired,Retired
Vivo Essentials Tank Top,VE0001,Retired,Retired
,,,
,,,
,,,
,,,
,,,
,,,
,,,
,,,
,,,
,,,
,,,
,,,
,,,
,,,
,,,
,,,
,,,
,,,
Vivo Essentials Wide Loose Top,VE0015,Active,
,,,
Vivo Essi Front Slit Maxi Top,V0725016,Active,
,,,
,,,
Vivo Essi Scalloped Maxi Top in Satin,V0725018,Active,
,,,
,,,
Vivo Essi Wide Leg Pants,V0725022,Retired,Retired
,,,
,,,
,,,
,,,
,,,
,,,
,,,
,,,
,,,
,,,
,,,
,,,
,,,
,,,
,,,
,,,
,,,
,,,
Vivo Everyday Side Twist Bodycon in Jersey,V0719693,Retired,Retired
,,,
Vivo Basic Sleeveless Jersey Waterfall,V1119113,Active,
,,Active,
,,Active,
,,Active,
,,Active,
,,,
Vivo Extra Long May Jersey Waterfall,V0621112,Retired,Retired
,,,
,,,
,,,
,,,
,,,
,,,
,,,
,,,
,,,
,,,
,,,
,,,
,,,
,,Active,
,,Active,
,,,
,,,
,,,
,,,
,,,
Vivo Fahari 3/4 Sleeve Shirred Shirt,V1122145,Retired,Retired
,,,
,,,
,,,
,,,
,,,
,,,
,,,
,,,
,,,
,,,
,,,
,,,
,,,
,,,
,,,
,,,
,,,
,,,
,,,
,,,
,,,
,,,
,,,
,,,
,,,
,,,
,,,
,,,
,,,
,,,
,,,
,,,
Vivo Fahari Cowl Drape Bodycon,V1122162,Retired,Retired
,,,
,,,
,,,
,,,
,,,
,,,
,,,
,,,
,,,
,,,
,,,
,,,
,,,
Vivo Fahari Drop Shoulder Cowl Top,V1122143,Retired,Retired
,,,
,,,
,,,
,,,
,,,
,,,
,,,
,,,
,,,
,,,
,,,
,,,
,,,
,,,
,,,
Vivo Fahari Long Sleeve Short Jacket,V1122134,Active,
,,,
,,,
,,,
,,,
,,,
,,,
,,,
,,,
,,,
Vivo Fahari Pencil Skirt,V1122148,Active,
,,,
,,,
,,,
,,,
,,,
,,,
,,,
,,,
,,,
,,,
Vivo Fahari Straight Leg Pants,V1122139,Active,
,,,
,,,
,,,
,,,
,,,
,,,
,,,
,,,
,,,
,,,
,,,
Vivo Fahari Strappy Cowl Top,V1122144,Active,
,,,
Vivo Fahari V Neck Sleeveless Top,V1122142,Active,
,,,
,,,
,,,
,,,
,,,
,,,
,,,
,,,
,,,
,,,
,,,
,,,
,,,
,,,
,,,
Vivo Fahari Wide Leg Pants,V1122138,Active,
,,,
,,,
,,,
,,,
,,,
,,,
,,,
,,,
,,,
,,,
,,,
,,,
,,,
,,,
,,,
,,,
,,,
,,,
,,,
Vivo Fanah Long Sleeved Waterfall,V0621204,Active,
,,,
,,,
,,,
,,,
,,,
,,,
,,,
,,,
,,,
,,,
,,,
,,,
,,,
,,,
,,,
,,,
,,,
,,,
,,,
,,,
,,,
,,,
,,,
,,,
,,,
,,,
,,,
,,,
,,,
,,,
,,,
,,,
,,,
,,,
,,,
,,,
,,,
,,,
,,,
,,,
,,,
,,,
,,,
,,,
,,,
,,,
,,,
,,,
,,,
Vivo Fara High Low Halter Maxi Dress,V0123021,Active,
,,,
,,,
Vivo Fara Multiway Maxi Dress,V0123072,Active,
,,,
,,,
,,,
,,,
,,,
,,,
,,,
,,,
,,,
,,,
,,,
,,,
,,,
,,,
,,,
,,,
,,,
,,,
Vivo Fara Off Shoulder Flounce Sleeve Jumpsuit,V0123047,Retired,Retired
,,,
,,,
,,,
,,,
,,,
,,,
,,,
,,,
,,,
,,,
,,,
,,,
,,,
,,,
,,,
,,,
,,,
,,,
,,,
,,,
,,,
,,,
,,,
,,,
Vivo Fara Sleeveless Halter Neck Top,V0123048,Active,
,,,
,,,
,,,
,,,
,,,
,,,
,,,
,,,
,,,
,,,
,,,
,,,
,,,
,,,
,,,
,,,
,,,
,,,
,,,
,,,
,,,
,,,
,,,
,,,
,,,
,,,
,,,
,,,
,,,
,,,
,,,
,,,
,,,
,,,
,,,
,,,
,,,
,,,
,,,
,,,
,,,
,,,
,,,
,,,
,,,
,,,
Vivo Faraji Long Sleeve Jacket,V0222098,Retired,Retired
,,,
,,,
,,,
,,,
,,,
,,,
,,,
,,,
,,,
,,,
,,,
,,,
,,,
,,,
,,,
,,,
,,,
,,,
,,,
,,,
,,,
,,,
,,,
,,,
,,,
,,,
,,,
Vivo Faraji Side Slit Leisure Pants,V0122102,Retired,Retired
,,,
,,,
,,,
,,,
,,,
,,,
,,,
,,,
,,,
,,,
,,,
,,,
,,,
,,,
,,,
,,,
,,,
,,,
,,,
,,,
,,,
,,,
,,,
,,,
,,,
,,,
,,,
,,,
,,,
,,,
,,,
,,,
,,,
,,,
,,,
,,,
,,,
,,,
,,,
,,,
,,,
,,,
,,,
,,,
,,,
,,,
,,,
,,,
,,,
,,,
,,,
,,,
,,,
,,,
,,,
,,,
,,,
,,,
,,,
Vivo Fasi Strapless Top,V0223222,Retired,Retired
,,,
,,,
,,,
,,,
,,,
,,,
,,,
,,,
,,,
,,,
,,,
,,,
,,,
,,,
,,,
,,,
,,,
,,,
,,,
,,,
,,,
Vivo Fimi Drop Shoulder Maxi Dress,V0624099,Retired,Retired
,,,
,,,
,,,
Vivo Fimi Strappy Jumpsuit,V0724025,Retired,Retired
,,,
,,,
Vivo Fitness Bikers,V1222259,Retired,Retired
,,,
Vivo Fitness Bra Top,V1222176,Active,
,,,
,,,
,,,
Vivo Fitness Capri Leggings,V1222170,Active,
,,,
,,,
,,,
,,,
,,,
,,,
Vivo Fitness Drop Shoulder Top,V1222190,Active,
,,,
,,,
,,,
,,,
,,,
,,,
,,,
,,,
Vivo Fitness Full Length Pants,VF0719298,Active,
,,,
,,,
Vivo Fitness Hoodie,V1222186,Active,
,,,
,,,
,,,
Vivo Fitness Hoodie Tunic,V1222260,Active,
,,,
Vivo Fitness Leggings,V1222169,Retired,Retired
,,,
,,,
Vivo Fitness Long Sleeve Bound Neck Tunic Top,V1222187,Active,
,,,
,,,
,,,
,,,
,,,
,,,
,,,
,,,
Vivo Fitness Long Sleeve V Neck Top,V1222181,Active,
,,,
,,,
,,,
,,,
,,,
,,,
Vivo Fitness Midriff Racer Back Top,V1222172,Active,
,,,
,,,
,,,
,,,
,,,
,,,
,,,
,,,
,,,
,,,
Vivo Fitness Shorts,V1222273,Retired,Retired
,,,
,,,
,,,
Vivo Fitness Sleeveless Fitted Top,V1222178,Active,
,,,
,,,
,,,
,,,
,,,
,,,
Vivo Fitness Sleeveless Midriff Top,V1222183,Active,
,,,
,,,
,,,
Vivo Fitness Spaghetti Strap Tank Top,V1222257,Retired,Retired
,,,
,,,
,,,
,,,
,,,
,,,
,,,
,,,
,,,
,,,
,,,
,,,
,,,
,,,
,,,
,,,
,,,
,,,
,,,
,,,
,,,
,,,
Vivo Fitted Tops,,Active,
Vivo Fitted Tops,,Active,
Vivo Fitted Tops,,Active,
Vivo Fitted Tops,,Active,
Vivo Fitted Tops,,Active,
Vivo Fitted Tops,,Active,
,,,
Vivo Fitted Tops,,Active,
Vivo Fitted Tops,,Active,
Vivo Fitted Tops,,Active,
Vivo Fitted Tops,,Active,
,,,
Vivo Fitted Tops,,Active,
,,,
,,,
Vivo Flirty Crop Jacket,V0224244,Active,
,,,
,,,
,,,
,,,
,,,
Vivo Flirty Tent Dress,V0224243,Active,
,,,
,,,
,,,
,,,
,,,
,,,
,,,
,,,
,,,
,,,
,,,
,,,
,,,
,,,
,,,
,,,
,,,
,,,
,,,
,,,
,,,
,,,
,,,
,,,
,,,
,,,
,,,
,,,
,,,
,,,
,,,
,,,
,,,
,,,
,,,
,,,
,,,
,,,
,,Active,
,,,
,,,
Vivo Full Length Kimono,V0224241,Retired,Retired
,,,
,,,
,,,
,,,
,,,
Vivo Full Length Leggings,V0719335,Active,
,,,
,,,
,,,
,,,
,,,
,,,
,,,
,,,
Vivo Full Length Pants,,Active,
Vivo Full Length Pants,,Active,
Vivo Full Length Pants,,Active,
Vivo Full Length Pants,,Active,
Vivo Full Length Pants,,Active,
Vivo Full Length Pants,,Active,
Vivo Full Length Pants,,Active,
Vivo Full Length Pants,,Active,
Vivo Full Length Pants,,Active,
Vivo Full Length Pants,,Active,
Vivo Full Length Pants,,Active,
,,,
,,,
,,,
,,,
,,,
,,,
,,,
,,,
,,,
,,,
,,,
,,,
,,,
,,,
,,,
,,,
,,,
,,,
,,,
,,,
,,,
,,,
,,,
,,,
,,,
,,,
,,,
,,,
,,,
,,,
,,,
,,,
,,,
,,,
,,,
,,,
,,,
,,,
,,,
,,,
,,,
,,,
,,,
,,,
,,,
,,,
,,,
,,,
,,,
,,,
,,,
,,,
,,,
,,,
,,,
,,,
,,,
,,,
,,,
,,,
,,,
,,,
,,,
,,,
,,,
,,,
,,,
,,,
,,,
,,,
,,,
,,,
,,,
,,,
,,,
,,,
,,,
,,,
,,,
,,,
,,,
,,,
,,,
,,,
,,,
,,,
,,,
,,,
,,,
,,,
,,,
,,,
Vivo Gloria Trumpet Sleeve Top (Special Offer),V0719347,Active,
,,,
,,,
,,,
,,,
,,,
,,,
,,,
Vivo Godet Midi Dress in Crepe,,Active,
Vivo Godet Midi Dress in Crepe,,Active,
Vivo Godet Midi Dress in Crepe,,Active,
Vivo Godet Midi Dress in Crepe,,Active,
Vivo Golf Above Knee Skirt,V0823137,Active,
,,,
,,,
,,,
,,,
,,,
Vivo Golf Capri Pants,V0823140,Active,
Vivo Golf Fly Front Shorts,V0823141,Retired,Retired
,,,
,,,
Vivo Golf Long Sleeve Placket Front Top,V0823169,Active,
Vivo Golf Long Sleeved Zip Up Jacket,V0823168,Retired,Retired
,,,
Vivo Golf Sleeveless Flounce Dress,V0823174,Active,
,,,
,,,
,,,
Vivo Golf Sleeveless Placket Front Top,V0823139,Active,
,,,
,,,
,,,
,,,
Vivo Golf Sleeveless Zip-up Jacket,V0823167,Active,
,,,
,,,
,,,
,,,
,,,
,,,
,,,
,,Active,
,,Active,
,,Active,
,,Active,
,,Active,
Vivo Hadiya Flounce Sleeve Maxi Dress,V0724094,Retired,Retired
,,,
,,,
,,,
,,,
,,,
,,,
,,,
,,,
,,,
,,,
,,,
,,,
Vivo Hadiya Maxi Dress,V0725003,Active,
,,,
,,,
,,,
,,,
,,,
,,,
,,,
,,,
,,,
Vivo Hadiya Tie Maxi Dress,V0724102,Retired,Retired
,,,
Vivo Hadiya Wrap Dress,V0724104,Active,
,,,
,,,
,,,
Vivo Halter Maxi With Lining,V0424155,Retired,Retired
,,,
,,,
,,,
,,,
,,,
,,,
Vivo Hamle Bias Twist Dress,V0624060,Retired,Retired
,,,
,,,
,,,
Vivo Hamle Drapped Front Bodycon,V0624105,Retired,Retired
,,,
,,,
Vivo Hamle Front Twist Body Suit,V0624053,Retired,Retired
,,,
Vivo Hamle Side Twist Tie Bodycon,V0624095,Retired,Retired
,,,
,,,
Vivo Hamle Side Twist Tie Top,V0624047,Retired,Retired
,,,
,,,
,,,
,,,
,,,
,,,
,,,
,,,
,,,
,,,
Vivo Hanabi Drop Shoulder Dress,V1123011,Active,
,,,
,,,
,,,
,,,
Vivo Hanabi High Low Top,V1223038,Retired,Retired
,,,
,,,
,,,
,,,
,,,
,,,
,,,
,,,
,,,
,,,
,,,
,,,
,,,
,,,
Vivo Hanabi Layered Shift Dress,V1023038,Active,
,,,
Vivo Hanabi Off - Shoulder Top,V1123012,Retired,Retired
,,,
,,,
,,,
,,,
,,,
Vivo Hanabi Sarong Wrap,V1123009,Active,
,,,
,,,
,,,
,,,
Vivo Hanabi Satin High Low Top,V1223015,Active,
,,,
,,,
,,,
,,,
,,,
,,,
,,,
,,,
,,,
,,,
,,,
,,,
,,,
,,,
,,,
,,,
,,,
,,,
,,,
Vivo Hanabi Tent Maxi Dress,V1123113,Retired,Retired
,,,
,,,
,,,
,,,
,,,
,,,
,,,
,,,
,,,
,,,
,,,
Vivo Hanabi Wrap Maxi Dress,V1123047,Retired,Retired
,,,
,,,
,,,
,,,
,,Active,New
,,Active,New
,,Active,New
,,Active,New
,,Active,New
,,Active,
,,,
,,,
Vivo Hari Flared Sleeve Tunic,V0924049,Retired,Retired
,,,
Vivo Hari Wide Leg Pants,V0924052,Active,
,,,
,,,
,,,
,,,
,,,
,,,
,,,
,,,
,,,
,,,
,,,
,,,
,,,
,,,
,,,
,,,
,,,
,,,
,,,
,,,
,,,
,,,
,,,
,,,
,,,
,,,
,,,
,,,
,,,
,,,
,,,
,,,
,,,
,,,
,,,
,,,
,,,
,,,
,,,
,,,
,,,
,,,
,,,
,,,
,,,
,,,
,,,
,,,
,,,
,,,
,,,
,,,
,,,
,,,
,,,
,,,
,,,
,,,
,,,
,,,
,,,
,,,
,,,
,,,
,,,
,,,
,,,
,,,
,,,
,,,
,,,
,,,
,,,
,,,
,,,
,,,
,,,
,,,
,,,
,,,
,,,
,,,
,,,
,,,
,,,
,,,
,,,
,,,
,,,
,,,
,,,
,,,
,,,
Vivo Hema Pencil Skirt,V0422066,Retired,Retired
,,,
,,,
,,,
,,,
,,,
,,,
,,,
,,,
,,,
,,,
,,,
,,,
,,,
,,,
,,,
,,,
,,,
,,,
,,,
,,,
,,,
,,,
,,,
,,,
,,,
,,,
,,,
,,,
,,,
,,,
,,,
,,,
,,,
Vivo Hema Sleeveless Side Slit Top,V1221140,Active,
,,,
,,,
,,,
,,,
,,,
,,,
,,,
,,,
,,,
,,,
,,,
,,,
,,,
,,,
,,,
,,,
,,,
,,,
,,,
,,,
,,,
,,,
,,,
,,,
,,,
,,,
,,,
,,,
,,,
,,,
,,,
,,,
,,,
,,,
,,,
,,,
,,,
,,,
,,,
,,,
,,,
,,,
,,,
,,,
,,,
,,,
,,,
,,,
,,,
,,,
,,,
,,,
,,,
Vivo High Low Top In Crepe,V1026039,Retired,Retired
,,,
,,,
,,,
,,,
Vivo Satin High Low Top,V0424162,Retired,Retired
,,,
Vivo Cotton High Low Top,V1025001,Active,
,,Active,
Vivo Hijab,V0520014,Active,
,,,
,,,
,,,
,,,
,,,
,,,
,,,
,,,
,,,
,,,
Vivo Hisi Dolman Knee Length Dress,V1123031,Retired,Retired
,,,
Vivo Hisi Drop Shoulder Maxi Dress,V1123032,Active,
,,,
,,,
,,,
,,,
,,,
,,,
,,,
,,,
Vivo Hooded Kimono With Elastic Cuff,V0424160,Retired,Retired
,,,
,,,
,,,
,,,
,,,
,,,
,,,
,,,
,,,
,,,
,,,
,,,
,,,
,,,
,,,
,,,
,,,
,,,
,,,
,,,
,,,
,,,
,,,
,,,
,,,
Vivo Imali Bishop 3/4 Sleeve High Low Tunic,V0722012,Active,
,,,
,,,
,,,
,,,
,,,
,,,
,,,
,,,
,,,
Vivo Imali Bishop Sleeve High Low Knee Length Dress,V0722013,Active,
,,,
,,,
,,,
,,,
,,,
,,,
,,,
,,,
,,,
,,,
,,,
,,,
,,,
,,,
,,,
,,,
,,,
,,,
,,,
,,,
,,,
,,,
,,,
,,,
,,,
,,,
,,,
,,,
,,,
,,,
,,,
,,,
,,,
,,,
,,,
,,,
Vivo Imali Faux Wrap Dress,V0822018,Active,
,,,
,,,
,,,
,,,
,,,
,,,
,,,
,,,
,,,
,,,
,,,
,,,
,,,
,,,
,,,
,,,
,,,
,,,
,,,
,,,
,,,
,,,
,,,
,,,
,,,
,,,
,,,
,,,
,,,
,,,
,,,
,,,
,,,
,,,
,,,
,,,
,,,
,,,
,,,
,,,
,,,
,,,
,,,
,,,
,,,
,,,
,,,
,,,
,,,
,,,
,,,
,,,
,,,
,,,
,,,
,,,
,,,
,,,
,,,
,,,
,,,
,,,
,,,
,,,
,,,
,,,
,,,
,,,
,,,
,,,
,,,
,,,
,,,
,,,
,,,
,,,
,,,
,,,
,,,
,,,
Vivo Imara 3/4 Sleeve A-Line Dress,V0423115,Active,
,,,
,,,
,,,
,,,
,,,
,,,
,,,
,,,
,,,
,,,
,,,
,,,
,,,
,,,
,,,
,,,
,,,
Vivo Imara 3/4 Sleeve Tent Dress In Ponte,V0123105,Active,
,,,
,,,
,,,
,,,
,,,
Vivo Imara Cap Sleeve A-Line Dress,V0123008,Active,
,,,
,,,
,,,
,,,
,,,
,,,
,,,
,,,
,,,
,,,
,,,
,,,
,,,
,,,
,,,
,,,
,,,
,,,
Vivo Imara Cap Sleeve Sheath Dress,V0123007,Active,
,,,
,,,
,,,
,,,
,,,
,,,
,,,
Vivo Imara Kimono Top,V0123004,Active,
,,,
,,,
,,,
,,,
,,,
,,,
,,,
,,,
,,,
,,,
Vivo Imara Long Sleeve Jacket,V0123006,Active,
,,,
,,,
,,,
,,,
,,,
,,,
,,,
Vivo Imara Pencil Skirt,V0123001,Active,
,,,
,,,
,,,
,,,
Vivo Imara Puff Sleeve Sheath Dress,V0423030,Retired,Retired
,,,
,,,
,,,
,,,
,,,
,,,
,,,
Vivo Imara Sleeveless Front Tie Dress,V0123104,Retired,Retired
,,,
,,,
,,,
,,,
,,,
,,,
,,,
,,,
,,,
,,,
,,,
,,,
,,,
,,,
,,,
,,,
,,,
Vivo Imara Wide Leg Pants,V0123002,Active,
,,,
,,,
,,,
,,,
,,,
,,,
,,,
,,,
,,,
,,,
,,,
,,,
,,,
,,,
,,,
Vivo Isabi Bodysuit,V0125062,Retired,Retired
Vivo Isabi Cowl Top,V0125036,Retired,Retired
,,,
,,,
Vivo Isabi Loose Top  in Chiffon,V0125039,Active,
,,,
,,,
Vivo Isabi Loose Top In Chiffon,,Active,
,,,
Vivo Isabi Midi Skirt,V0325001,Active,
,,,
Vivo Isabi Open Kaftan,V0125045,Active,
,,,
,,,
,,,
,,,
,,,
,,,
,,,
,,,
,,,
,,,
,,,
,,,
,,,
,,,
Vivo Issa Butterfly Sweater Waterfall,V0621196,Active,
,,,
,,,
,,,
,,,
,,,
,,,
,,,
,,,
,,,
,,,
,,,
,,,
,,,
,,,
,,,
,,,
,,,
,,,
,,,
,,,
,,,
,,,
,,,
,,,
Vivo Iyana Bow Tie Mini Dress,V0625045,Retired,Retired
,,,
Vivo Iyana Bubble Midi Skirt,V0625043,Retired,Retired
Vivo Iyana Knee Length Bubble Dress,V0625048,Active,
Vivo Iyana Bubble Sleeveless Top,V0625042,Active,
,,,
,,,
Vivo Iyana Cape Top,V0625049,Retired,Retired
,,,
,,,
,,,
,,,
,,,
,,,
Vivo Iyana Maxi Cover Up,V0625047,Active,
Vivo Iyana Shirred Waist Jumpsuit,V0625050,Active,
,,,
,,Active,Core Performer
,,,
Vivo Iyana Shirred waist Maxi Dress,,Active,
Vivo Iyana Shirred waist Maxi Dress,,Active,
Vivo Iyana Shirred waist Maxi Dress,,Active,
Vivo Iyana Shirred waist Maxi Dress,,Active,
,,,
Vivo Iyana Tank Top,V0625044,Retired,Retired
,,,
,,Active,
Vivo Iyana Wide Leg Pants,V0625041,Retired,Retired
Vivo Izzy Bishop Sleeve Shift Dress,V0925015,Active,
,,,
,,,
,,,
,,,
,,,
,,,
,,,
,,,
,,,
,,,
,,,
,,,
,,,
,,,
,,,
,,,
,,,
,,,
,,,
,,,
,,,
,,,
,,,
,,,
,,,
,,,
,,,
,,,
,,,
,,,
,,,
,,,
,,,
,,,
,,,
,,,
,,,
,,Active,
,,Active,
,,Active,
,,Active,
,,Active,
,,Active,
,,Active,
,,,
,,,
,,,
,,,
,,Retired,Retired
,,,
,,,
,,,
,,,
,,,
,,,
,,,
,,,
,,,
,,,
,,,
,,,
,,,
,,,
,,,
,,,
,,,
,,,
,,,
,,,
,,,
,,,
,,,
,,,
,,,
,,,
,,,
,,,
,,,
,,,
,,,
,,,
,,,
,,,
,,,
,,,
,,,
,,,
,,,
,,,
,,,
,,,
,,,
,,,
,,,
,,,
,,,
,,,
,,,
,,,
,,,
,,,
,,,
,,,
,,,
,,,
,,,
,,,
,,,
,,,
,,,
,,,
,,,
,,,
,,,
Vivo J.O V-Neck Sheath Dress,V0621001,Retired,Retired
,,,
,,,
,,,
,,,
,,,
,,,
,,,
,,,
,,,
,,,
,,,
Vivo Jacket,,,
Vivo Jacket,,Active,
Vivo Jacket,,Active,
,,,
,,,
,,,
,,,
,,,
,,,
,,,
,,,
,,,
,,,
,,,
,,,
,,,
,,,
,,,
,,,
,,,
,,,
,,,
,,,
,,,
,,,
,,,
,,,
,,,
,,,
,,,
,,,
,,,
,,,
,,,
,,,
,,,
,,,
,,,
,,,
,,,
,,,
,,,
,,,
,,,
,,,
,,,
,,,
Vivo Jamila Dolman Drawstring Tunic Top,V0322085,Retired,Retired
,,,
,,,
,,,
,,,
,,,
,,,
,,,
,,,
,,,
Vivo Jamila Drawstring Knee Length Dress,V0222222,Active,
,,,
,,,
,,,
,,,
,,,
,,,
,,,
,,,
,,,
,,,
,,,
,,,
,,,
,,,
,,,
,,,
,,,
,,,
,,,
,,,
Vivo Jamila Halter Neck Knee Length Dress,V0322088,Retired,Retired
,,,
,,,
,,,
,,,
,,,
,,,
,,,
,,,
,,,
,,,
,,,
,,,
,,,
,,,
Vivo Jamila Halter Neck Maxi Dress,V0222237,Retired,Retired
,,,
,,,
,,,
,,,
,,,
,,,
,,,
,,,
,,,
,,,
,,,
,,,
,,,
,,,
,,,
,,,
,,,
,,,
,,,
,,,
,,,
,,,
,,,
,,,
,,,
,,,
,,,
,,,
,,,
,,,
,,,
,,,
,,,
,,,
,,,
,,,
,,,
,,,
,,,
,,,
,,,
,,,
,,,
,,,
,,,
,,,
,,,
,,,
,,,
,,,
,,,
,,,
,,,
,,,
,,,
,,,
,,,
,,,
,,,
Vivo Jamila Side Drape Top,V0322083,Retired,Retired
,,,
,,Active,
,,Active,
,,Active,
,,Active,
,,,
,,,
Vivo Jasiri Bishop Sleeve Layered Top,V0322163,Retired,Retired
Vivo Jasiri Bishop Sleeve Shift Dress,V0322154,Retired,Retired
Vivo Jema Cap Sleeve Tent Dress,V0622010,Retired,Retired
Vivo Jema High Low Tent Dress,V0622008,Retired,Retired
Vivo Jema High Slit Maxi Kimono,V0622009,Retired,Retired
Vivo Jema Off Shoulder Tent Knee Length Dress,V0622006,Retired,Retired
,,,
Vivo Jema Off-shoulder Long Sleeve Jumpsuit,V0622007,Active,
Vivo Jersey Drop Shoulder Tank Top,V1125001,Retired,Retired
Vivo Jersey Halter Neck Tank Top,V1125002,Active,
Vivo Jersey Spaghetti Tank Top,V1025037,Active,
Vivo Jira Batwing Hoodie Top,V0723058,Active,
,,,
Vivo Jira Capri Leggings,V0923010,Retired,Retired
,,,
,,,
Vivo Jira Cocoon Waterfall,V0723067,Retired,Retired
Vivo Jira Cocoon Waterfall,,Active,
,,,
Vivo Jira Cocoon Waterfall,,Active,
Vivo Jira Front Overlap Midriff Top,,Retired,Retired
Vivo Jira Front Overlap Midriff Top,,Retired,Retired
,,,
Vivo Jira Front Overlap Midriff Top,,Retired,Retired
,,,
,,,
Vivo Jira Front Overlap Midriff Top,,Retired,Retired
Vivo Jira Hooded Poncho,,Retired,Retired
Vivo Jira Hooded Poncho,,Retired,Retired
Vivo Jira Hooded Poncho,,Retired,Retired
Vivo Jira Hooded Poncho,,Retired,Retired
Vivo Jira Hooded Poncho,,Retired,Retired
Vivo Jira Hooded Poncho,,Retired,Retired
,,,
Vivo Jira Hoodie Jumper,,Active,
Vivo Jira Hoodie Jumper,,Active,
Vivo Jira Hoodie Jumper,,Active,
Vivo Jira Hoodie Jumper,,Active,
Vivo Jira Hoodie Jumper,,Active,
Vivo Jira Lounge Pants,,Retired,Retired
Vivo Jira Lounge Pants,,Retired,Retired
Vivo Jira Lounge Pants,,Retired,Retired
Vivo Jira Lounge Pants,,Retired,Retired
Vivo Jira Lounge Pants,V0723065,Retired,Retired
,,,
Vivo Jira Maxi Skirt,,Retired,Retired
Vivo Jira Maxi Skirt,,Retired,Retired
Vivo Jira Maxi Skirt,,Retired,Retired
,,,
Vivo Jira Maxi Waterfall,,Active,
Vivo Jira Maxi Waterfall,,Active,
Vivo Jira Maxi Waterfall,,Active,
,,,
,,,
Vivo Jira Scoop Neck Jumpsuit,,Retired,Retired
Vivo Jira Scoop Neck Jumpsuit,,Retired,Retired
Vivo Jira Scoop Neck Jumpsuit,,Retired,Retired
Vivo Jira Scoop Neck Jumpsuit,,Retired,Retired
Vivo Jira Scoop Neck Jumpsuit,,Retired,Retired
Vivo Jira Sleeveless Waterfall,V0923008,Retired,Retired
,,,
Vivo Jira Straight Drop Shoulder Maxi,,Active,
Vivo Jira Straight Drop Shoulder Maxi,,Active,
Vivo Jira Straight Drop Shoulder Maxi,,Active,
Vivo Jira Straight Drop Shoulder Maxi,,Active,
Vivo Jira Straight Drop Shoulder Maxi,,Active,
Vivo Jira Straight Drop Shoulder Maxi,,Active,
Vivo Joggers,,Retired,Retired
Vivo Joggers,,Retired,Retired
Vivo Joggers,,Retired,Retired
Vivo Joggers,,Retired,Retired
Vivo Joggers,,Retired,Retired
Vivo Jumpsuit,,Active,
Vivo Jumpsuit,,Active,
Vivo Jumpsuit,,Active,
Vivo Jumpsuit,,Active,
Vivo Jumpsuit,,Active,
,,Active,
,,,
Vivo Kaisa Maxi Skirt,,Active,
Vivo Kaisa Maxi Skirt,,Active,
Vivo Kaisa Maxi Skirt,,Active,
Vivo Kaisa Maxi Skirt,,Active,
,,,
Vivo Kaisa Mock Neck Sleeveless Top,,Active,
Vivo Kaisa Mock Neck Sleeveless Top,,Active,
Vivo Kaisa Mock Neck Sleeveless Top,,Active,
Vivo Kaisa Mock Neck Sleeveless Top,,Active,
Vivo Kaisa Short Sleeve Maxi Bodycon,,Active,
Vivo Kaisa Short Sleeve Maxi Bodycon,,Active,
Vivo Kaisa Short Sleeve Maxi Bodycon,,Active,
Vivo Kaisa Short Sleeve Maxi Bodycon,,Active,
,,,
,,,
Vivo Kaisa Strappy Maxi Dress,,Retired,Retired
Vivo Kaisa Strappy Maxi Dress,,Retired,Retired
Vivo Kala Gathered Front Top,,Retired,Retired
Vivo Kala Gathered Front Top,,Retired,Retired
,,,
Vivo Kala Gathered Poncho Top,,Active,
Vivo Kala Hooded Poncho,,Retired,Retired
,,,
Vivo Kala Long Sleeve Top,,Active,
Vivo Kala Long Sleeve Top,,Active,
Vivo Kala Long Sleeve Top,,Active,
Vivo Kala Loose Maxi Top,,Active,
Vivo Kala Loose Maxi Top,,Active,
Vivo Kala Maxi Dress,,Retired,Retired
Vivo Kala Palazzo Pants,,Retired,Retired
Vivo Kala Palazzo Pants,,Retired,Retired
Vivo Kala Palazzo Pants,,Retired,Retired
Vivo Kala Palazzo Pants,,Retired,Retired
Vivo Kala Side Slit Hooded Maxi Dress,,Retired,Retired
Vivo Kala Side Slit Hooded Maxi Dress,,Retired,Retired
Vivo Kala Slit Maxi Dress,V0624069,Retired,Retired
Vivo Kala Wide Leg Pants,,Retired,Retired
Vivo Kala Wide Leg Pants,,Retired,Retired
Vivo Kani 3/4 Sleeve Knee Length Dress,,Active,
Vivo Kani 3/4 Sleeve Knee Length Dress,,Active,
Vivo Kani 3/4 Sleeve Knee Length Dress,,Active,
Vivo Kani 3/4 Sleeve Knee Length Dress,,Active,
Vivo Kani 3/4 Sleeve Knee Length Dress,,Active,
Vivo Kani 3/4 Sleeve Knee Length Dress,,Active,
Vivo Kani Bishop Sleeve Top,,Active,
Vivo Kani Bishop Sleeve Top,,Active,
Vivo Kani Bishop Sleeve Top,,Active,
Vivo Kani Bishop Sleeve Top,,Active,
Vivo Kani Bishop Sleeve Top,,Active,
Vivo Kani Bishop Sleeve Top,,Active,
Vivo Kani Bishop Sleeve Top,,Active,
Vivo Kani Bishop Sleeve Top in Crepe,,Active,Core Performer
Vivo Kani Bishop Sleeve Top in Crepe,,Active,Core Performer
Vivo Kani Bishop Sleeve Top in Crepe,,Active,Core Performer
Vivo Kani Bishop Sleeve Top in Crepe,V0725001,Active,Core Performer
Vivo Kani Bishop Sleeve Top in Crepe,,Active,Core Performer
,,,
,,,
Vivo Kani Cap Sleeve Maxi Dress,,Active,
Vivo Kani Cap Sleeve Maxi Dress,,Active,
Vivo Kani Cap Sleeve Maxi Dress,,Active,
Vivo Kani Cap Sleeve Maxi Dress,,Active,
Vivo Kani Cap Sleeve Maxi Dress,,Active,
Vivo Kani Cap Sleeve Maxi Dress,,Active,
Vivo Kani Cap Sleeve Maxi Dress,,Active,
Vivo Kani Cap Sleeve Maxi Dress,,Active,
Vivo Kani Cap Sleeve Maxi Dress,,Active,
Vivo Kani Cap Sleeve Maxi Dress,V0625035,Active,Core Performer
,,,
Vivo Kani Tent Shirt Dress,,Active,
Vivo Kani Tent Shirt Dress,,Active,
Vivo Kani Tent Shirt Dress,,Active,
Vivo Kani Tent Shirt Dress,,Active,
Vivo Kani Tent Shirt Dress,,Active,
Vivo Kani Tent Top,,Active,
Vivo Kani Tent Top,,Active,
Vivo Kani Tent Top,,Active,
,,,
Vivo Kani Wide Leg Pants,,Active,
Vivo Kani Wide Leg Pants,,Active,
Vivo Kani Wide Leg Pants,,Active,
Vivo Kani Wide Leg Pants,,Active,
Vivo Kani Wide Leg Pants,,Active,
Vivo Kani Wide Leg Pants,,Active,
,,,
Vivo Kani Wide Leg Pants,,Active,
Vivo Kani Wide Leg Pants in Crepe,,Active,Core Performer
Vivo Kani Wide Leg Pants in Crepe,,Active,Core Performer
Vivo Kani Wide Leg Pants in Crepe,,Active,Core Performer
Vivo Kani Wide Leg Pants in Crepe,,Active,Core Performer
Vivo Kay Sheath Dress,,Retired,Retired
Vivo Kelemi 4.0 Frilled Wide Top,,Retired,Retired
Vivo Kelemi 4.0 Frilled Wide Top,,Retired,Retired
Vivo Kelemi 4.0 Frilled Wide Top,,Retired,Retired
Vivo Kelemi 4.0 Frilled Wide Top,,Retired,Retired
Vivo Kelemi 4.0 Frilled Wide Top,,Retired,Retired
Vivo Kelemi 4.0 Halter Maxi Dress,,Retired,Retired
Vivo Kelemi 4.0 Halter Maxi Dress,,Retired,Retired
Vivo Kelemi 4.0 Halter Maxi Dress,,Retired,Retired
Vivo Kelemi 4.0 Halter Maxi Dress,,Retired,Retired
,,,
Vivo Kelemi 4.0 Kaftan,,Active,
Vivo Kelemi 4.0 Kaftan,,Active,
Vivo Kelemi 4.0 Kaftan,,Active,
Vivo Kelemi 4.0 Kimono,,Active,
Vivo Kelemi 4.0 Kimono,,Active,
Vivo Kelemi 4.0 Kimono,,Active,
Vivo Kelemi 4.0 Kimono,,Active,
Vivo Kelemi 4.0 Kimono,,Active,
Vivo Kelemi 4.0 Kimono,,Active,
Vivo Kelemi 4.0 Kimono,,Active,
Vivo Kelemi 4.0 Kimono,,Active,
Vivo Kelemi 4.0 Kimono,,Active,
Vivo Kelemi 4.0 Sleeveless Dress,,Active,
Vivo Kelemi 4.0 Sleeveless Dress,,Active,
,,,
Vivo Kelemi 4.0 Sleeveless Top,,Active,
Vivo Kelemi 4.0 Sleeveless Top,,Active,
Vivo Kelemi 4.0 Sleeveless Top,,Active,
Vivo Kelemi 4.0 Sleeveless Top,,Active,
Vivo Kelemi 4.0 Sleeveless Top,,Active,
Vivo Kelemi A-Line Knee Length Dress,,Retired,Retired
,,,
Vivo Kelemi Crepe Wide Leg Pants,,Retired,Retired
Vivo Kelemi Crepe Wide Leg Pants,,Retired,Retired
Vivo Kelemi Flared Sleeve Kimono,,Active,
Vivo Kelemi Flared Sleeve Kimono,,Active,
Vivo Kelemi Flared Sleeve Kimono MG,V0924046,Retired,Retired
Vivo Kelemi Flared Sleeve Kimono MG,,Active,
Vivo Kelemi Halter Maxi Dress,,Retired,Retired
Vivo Kelemi Hooded Kimono,,Retired,Retired
Vivo Kelemi Hooded Kimono,,Retired,Retired
Vivo Kelemi Hooded Kimono,,Retired,Retired
Vivo Kelemi Hooded Kimono,,Retired,Retired
Vivo Kelemi Knee Length Kaftan,,Active,
Vivo Kelemi Layered Maxi Dress,,Retired,Retired
Vivo Kelemi Layered Top,,Retired,Retired
Vivo Kelemi Maxi Kaftan Dress,V0224172,Active,
Vivo Kelemi Ruffle Sleeve Top,,Retired,Retired
Vivo Kelemi Ruffle Sleeve Top,,Retired,Retired
Vivo Kelemi Satin Boat Neck Midriff Top,,Active,
Vivo Kelemi Satin Boat Neck Midriff Top,V0724019,Retired,Retired
,,,
Vivo Kelemi Satin Pants,,Retired,Retired
Vivo Kelemi Satin Pants,,Retired,Retired
Vivo Kelemi Sleeveless Side Tie Top,,Active,
Vivo Kelemi Sleeveless Side Tie Top,,Active,
,,,
,,,
Vivo Kemi Dolman Top,,Active,
Vivo Kemi Dolman Top,,Active,
Vivo Kemi Dolman Top,,Active,
Vivo Kemi Dolman Top,,Active,
,,,
,,,
Vivo Kemi Maxi Skirt,,Active,
,,,
Vivo Kemi Side Cowl Maxi Dress,,Active,
Vivo Kemi Side Cowl Maxi Dress,,Active,
Vivo Kemi Side Cowl Maxi Dress,,Active,
Vivo Kemi Side Cowl Maxi Dress,,Active,
Vivo Kemi Side Cowl Maxi Dress,,Active,
Vivo Kemi Side Cowl Maxi Dress,,Active,
Vivo Kemi Side Cowl Maxi Dress,,Active,
,,,
,,,
Vivo Kemi Skirt & Top Set,,Active,
,,,
Vivo Kemi Skirt & Top Set,V0825032,Retired,Retired
Vivo Kemi Skirt & Top Set,,Active,
Vivo Kemi Skirt & Top Set,,Active,
,,Active,
,,,
Vivo Keza Circular Loose Top,V0525008,Active,
,,,
,,,
Vivo Keza Satin Border Maxi Kaftan,V0525021,Active,
Vivo Keza V Neck Light Maxi Kaftan,V1025010,Active,
Vivo Keza V Neck Maxi Kaftan,V0525028,Active,
,,,
,,,
,,,
,,,
,,,
Vivo Keza V- Neck Maxi Kaftan,V0825023,Active,
,,,
Vivo Keza Wide Satin Kimono,V0525027,Retired,Retired
Vivo Kitenge Bubble Sleeve Tent Dress,,Retired,Retired
Vivo Kitenge Bubble Sleeve Tent Dress,,Retired,Retired
Vivo Kitenge Bubble Sleeve Tent Dress,,Retired,Retired
,,,
Vivo Kitenge Infinity Jumpsuit,,Retired,Retired
Vivo Kitenge Infinity Jumpsuit,,Retired,Retired
Vivo Kitenge Midi Kimono,,Retired,Retired
Vivo Kitenge Midi Kimono,,Retired,Retired
Vivo Kitenge Multi Purpose Wrap,VE0040,Active,
,,,
Vivo Kitenge Shirred Waist Maxi Skirt,VE0039,Active,
Vivo Kitenge Shirred Waist Maxi Skirt,,Active,
Vivo Kitenge Strappy Jumpsuit,,Retired,Retired
Vivo Kitenge Strappy Tie Back Top,,Retired,Retired
Vivo Kitenge Strappy Tie Back Top,,Retired,Retired
Vivo Kitenge Strappy Tie Back Top,,Retired,Retired
Vivo Kitenge Strappy Tie Back Top,,Retired,Retired
Vivo Kitenge Strappy Tie Back Top,,Retired,Retired
Vivo Kitenge Strappy Tie Back Top,,Retired,Retired
Vivo Kitenge Strappy Tie Back Top,,Retired,Retired
Vivo Kitenge Strappy Tie Back Top,,Retired,Retired
Vivo Kitenge Strappy Tiered Maxi Dress,,Retired,Retired
Vivo Kitenge Tie Top,,Retired,Retired
Vivo Kitenge Tie Top,,Retired,Retired
Vivo Kitenge Tie Top,,Retired,Retired
Vivo Kitenge Wide Leg Pants,,Retired,Retired
Vivo Kitenge Wide Leg Pants,,Retired,Retired
Vivo Kitenge Wide Leg Pants,,Retired,Retired
Vivo Kitenge Wide Leg Pants,,Retired,Retired
Vivo Kitenge Wide Leg Pants,,Retired,Retired
,,,
Vivo Kitenge Wide Leg Pants,,Retired,Retired
Vivo Kitenge Wide Leg Pants,,Retired,Retired
Vivo Kitenge Wide Leg Pants,,Retired,Retired
Vivo Kitenge Wide Leg Pants,,Retired,Retired
Vivo Kitenge Wide Leg Pants,,Retired,Retired
Vivo Kitenge Wide Leg Pants,,Retired,Retired
,,,
,,,
Vivo Kitenge Wide Leg Pants,,Retired,Retired
,,,
Vivo Knee Length Dress,V0720039,Active,
,,,
,,,
,,,
,,,
,,,
,,,
,,,
,,,
,,,
,,,
,,,
,,,
,,,
,,,
Vivo Knee Length Skirts,,Active,
Vivo Knee Length Skirts,,Active,
,,,
Vivo Knee Length Skirts,,Active,
Vivo Knee Length Skirts,,Active,
Vivo Knee Length Skirts,,Active,
,,,
Vivo Knee length Dress,,Active,
Vivo Knee length Dress,,Active,
Vivo Knee length Dress,,Active,
Vivo Knee length Dress,,Active,
Vivo Knee length Dress,,Active,
Vivo Knee length Dress,,Active,
Vivo Knee length Dress,,Active,
Vivo Knee length Dress,,Active,
Vivo Knee length Dress,,Active,
Vivo Knee length Dress,,Active,
Vivo Knee length Dress,,Active,
Vivo Laika 3/4 Bishop Sleeve Loose Top,,Active,
,,,
Vivo Laika 3/4 Sleeve Tent Dress,,Active,
Vivo Laika 3/4 Sleeve Tent Dress,,Active,
Vivo Laika 3/4 Sleeve Tent Dress,,Active,
Vivo Laika 3/4 Sleeve Tent Dress,,Active,
Vivo Laika 3/4 Sleeve Tent Dress,,Active,
Vivo Laika 3/4 Sleeve Tent Dress,,Active,
Vivo Laika 3/4 Sleeve Tent Dress,,Active,
Vivo Laika 3/4 Sleeve Tent Dress,,Active,
Vivo Laika 3/4 Sleeve Tent Dress,,Active,
Vivo Laika 3/4 Sleeve Tent Dress,,Active,
,,,
Vivo Laika 3/4 Sleeve Tent Dress In Crepe,,Active,
Vivo Laika 3/4 Sleeve Tent Dress In Crepe,,Active,
Vivo Laika 3/4 Sleeve Tent Dress In Crepe,,Active,
Vivo Laika 3/4 Sleeve Tent Dress,,Active,
Vivo Laika 3/4 Sleeve Tent Dress,,Active,
Vivo Laika 3/4 Sleeve Tent Dress,,Active,
Vivo Laika 3/4 Sleeve Tent Dress,,Active,
Vivo Laika 3/4 Sleeve Tent Dress,,Active,
Vivo Laika Bishop Sleeve Shift Dress,,Active,
Vivo Laika Bishop Sleeve Shift Dress,,Active,
Vivo Laika Bishop Sleeve Shift Dress,,Active,
Vivo Laika Bishop Sleeve Shift Dress,,Active,
,,,
Vivo Laika Bishop Sleeve Shift Dress In Crepe,,Active,
Vivo Laika Bishop Sleeve Shift Dress In Crepe,,Active,
Vivo Laika Bishop Sleeve Shift Dress In Crepe,,Active,
,,,
Vivo Laika Bishop Sleeve Shift Dress In Crepe,,Active,
,,,
Vivo Laika Bishop Sleeve Shift Dress in Crepe,V0523168,Active,
Vivo Laika Cap Sleeve Shift Dress,,Active,
Vivo Laika Cap Sleeve Shift Dress In Crepe,,Active,
Vivo Laika Cap Sleeve Shift Dress In Crepe,,Active,
Vivo Laika Long Sleeve Mandarin Top,,Retired,Retired
Vivo Laika Long Sleeve Mandarin Top,,Retired,Retired
Vivo Laika Long Sleeve Mandarin Top,,Retired,Retired
Vivo Laika Long Sleeve Mandarin Top,,Retired,Retired
Vivo Laika Long Sleeve Tie Top,,Retired,Retired
Vivo Laika Long Sleeve Tie Top,,Retired,Retired
Vivo Laika Long Sleeve Tie Top,,Retired,Retired
Vivo Laika Long Sleeve Tie Top,,Retired,Retired
Vivo Laika Long Sleeve Tie Top,,Retired,Retired
Vivo Laika Long Sleeve Tie Top,,Retired,Retired
Vivo Laika Long Sleeve Tie Top,,Retired,Retired
,,,
Vivo Lalani Lounge Pants,,Retired,Retired
Vivo Lalani Lounge Pants,,Retired,Retired
Vivo Lalani Lounge Pants,,Retired,Retired
Vivo Lalani Lounge Pants,,Retired,Retired
Vivo Lalani Lounge Pants,,Retired,Retired
Vivo Lalani Lounge Pants,,Retired,Retired
Vivo Lalani Rib Maxi Waterfall,,Retired,Retired
Vivo Lalani Rib Maxi Waterfall,,Retired,Retired
Vivo Lalani Rib Maxi Waterfall,,Retired,Retired
Vivo Lalani Rib Maxi Waterfall,,Retired,Retired
Vivo Lalani Rib Maxi Waterfall,,Retired,Retired
Vivo Lalani Rib Maxi Waterfall,,Retired,Retired
Vivo Lalani Scarf With Fringes,V1124085,Active,
,,,
,,,
Vivo Lalani Scarf Without Fringes,V1124084,Active,
Vivo Lalani Turtle Neck Sweater Dress,,Retired,Retired
Vivo Lalani Turtle Neck Sweater Dress,,Retired,Retired
Vivo Lalani Turtle Neck Sweater Dress,,Retired,Retired
Vivo Lalani Turtleneck Sweater Dress,,Retired,Retired
Vivo Lalea Cap Sleeve Hi-Low Top,,Active,
Vivo Lalea Drawstring Top,,Active,
Vivo Lalea Long Sleeve Tulip Back Waterfall,,Active,
Vivo Lalea Long Sleeve Tulip Back Waterfall,,Active,
Vivo Lalea Long Sleeve Tulip Back Waterfall,,Active,
Vivo Lalea Tulip Hem Pants,,Active,
Vivo Lalea Tulip Sleeve Top,,Active,
Vivo Lalea Tulip Sleeve Top,,Active,
Vivo Lamu 3/4 Sleeve Double Layered Bodycon,,Retired,Retired
Vivo Lamu 3/4 Sleeve Double Layered Bodycon,,Retired,Retired
Vivo Lamu 3/4 Sleeve Double Layered Bodycon,,Retired,Retired
Vivo Lamu Knee Length Chiffon Dress,,Retired,Retired
Vivo Lamu Knee Length Chiffon Dress,,Retired,Retired
Vivo Lamu Knee Length Chiffon Dress,,Retired,Retired
Vivo Lamu Knee Length Chiffon Dress,,Retired,Retired
Vivo Lamu Knee Length Chiffon Dress,,Retired,Retired
Vivo Lamu Knee Length Chiffon Dress,,Retired,Retired
Vivo Lamu Knee Length Chiffon Dress,,Retired,Retired
Vivo Lamu Knee Length Chiffon Dress,,Retired,Retired
Vivo Lamu Knee Length Cold Shoulder Dress,,Active,
Vivo Lamu Knee Length Cold Shoulder Dress,,Active,
Vivo Lamu Knee Length Cold Shoulder Dress,,Active,
Vivo Lamu Knee Length Cold Shoulder Dress,,Active,
Vivo Lamu Satin Top,,Active,
Vivo Lamu Slit Sleeve Knee Length Dress,,Active,
Vivo Lani Head Wrap,V1221156,Active,
,,,
Vivo Lani High Waist Wide Leg Pants,,Active,
Vivo Lani High Waist Wide Leg Pants,,Active,
,,,
,,,
,,,
Vivo Lani Maxi Dress,V1021138,Active,
,,,
,,,
,,,
,,,
,,,
Vivo Lani Satin High Low Dress,V1021027,Retired,Retired
Vivo Lani Scarf,V1125015,Active,
Vivo Leggings,,Retired,Retired
Vivo Leggings,,Active,
Vivo Leila 3/4 Sleeve Tent Knee Length Dress,,Active,
Vivo Leila 3/4 Sleeve Tent Knee Length Dress,,Active,
Vivo Leila Asymmetrical Angel Sleeve Top,V0823179,Retired,Retired
,,,
,,,
Vivo Leila Cap Sleeve Tent Knee Length Dress,,Retired,Retired
Vivo Leila Cap Sleeve Tent Knee Length Dress,,Retired,Retired
Vivo Leila Cap Sleeve Tent Knee Length Dress,,Retired,Retired
Vivo Leila Cap Sleeve Tent Knee Length Dress,,Retired,Retired
Vivo Leila Cap Sleeve Tent Knee Length Dress,,Retired,Retired
Vivo Leila Cap Sleeve Tent Knee Length Dress,,Retired,Retired
,,,
Vivo Leila Cap Sleeve Tent Maxi Dress,,Active,
Vivo Leila Cap Sleeve Tent Maxi Dress,,Active,
Vivo Leila Cap Sleeve Tent Maxi Dress,,Active,
Vivo Leila Cap Sleeve Tent Maxi Dress,,Active,
Vivo Leila Cap Sleeve Tent Maxi Dress,,Active,
Vivo Leila Cap Sleeve Tent Maxi Dress,,Active,
Vivo Leila Cap Sleeve Tent Maxi Dress,,Active,
Vivo Leila Cap Sleeve Tent Maxi Dress,,Active,
Vivo Leila Cap Sleeved Tent Maxi Dress,,Active,
Vivo Leila Hip Length Waterfall,,Retired,Retired
Vivo Leila Hip Length Waterfall,,Retired,Retired
Vivo Leila Hip Length Waterfall,,Retired,Retired
Vivo Leila Maxi Waterfall,,Active,
Vivo Leila Maxi Waterfall,,Active,
Vivo Leila Maxi Waterfall,,Active,
Vivo Leila Maxi Waterfall,,Active,
Vivo Leila Short Sleeve A-Line Dress,,Active,
Vivo Leila Short Sleeve A-Line Dress,,Active,
Vivo Leila Short Sleeve Bodycon,,Retired,Retired
Vivo Leila Short Sleeve Bodycon,,Retired,Retired
Vivo Leila Short Sleeve Bodycon,,Retired,Retired
Vivo Leila Short Sleeve Bodycon,,Retired,Retired
Vivo Leila Short Sleeve Tent Dress,,Retired,Retired
Vivo Leila Short Waterfall,,Active,
Vivo Leila Short Waterfall,,Active,
Vivo Leila Short Waterfall,,Active,
Vivo Lena Front Slit Knee Length Dress,,Active,
Vivo Lena Front Slit Knee Length Dress,,Active,
Vivo Lena Front Slit Knee Length Dress,,Active,
Vivo Lena Front Slit Knee Length Dress,,Active,
,,,
Vivo Lena Front Slit Knee Length Dress,,Active,
Vivo Lena Pleated Wide Pants,,Active,
Vivo Lena Sleeveless Top,,Active,
Vivo Lena Sleeveless Top,,Active,
Vivo Lena Sleeveless Top,,Active,
Vivo Lena Sleeveless Top,,Active,
Vivo Lena Slim Fit Pants,,Retired,Retired
Vivo Lena Slim Fit Pants,,Retired,Retired
Vivo Lena Waistcoat,,Active,
Vivo Lero Capri Leggings,,Retired,Retired
Vivo Lero Capri Leggings,,Retired,Retired
Vivo Lero Capri Leggings,,Retired,Retired
Vivo Lero Fitness Leggings,,Retired,Retired
Vivo Lero Fitness Leggings,,Retired,Retired
Vivo Lero Fitness Leggings,,Retired,Retired
Vivo Lero Short Sleeve Drawstring Top,,Active,
Vivo Lero Short Sleeve Top,,Active,
Vivo Lero Wide Leg Pants,,Active,
Vivo Lero Wide Leg Pants,,Active,
Vivo Lesley Top,,Active,
Vivo Lindi High Low Dress,,Active,
Vivo Lindi High Low Dress,,Active,
Vivo Lindi High Low Dress,,Active,
,,,
Vivo Lindi High Low Dress,,Active,
Vivo Lindi High Low Dress,,Active,
,,,
Vivo Lindi High Low Dress,V1120122,Active,
,,,
Vivo Lindi High Low Dress In Ponte,,Active,
,,,
Vivo Lindi High Low Dress In Ponte,,Active,
,,,
Vivo Lindi High Low Dress In Ponte,,Active,
,,,
Vivo Lindi High Low Dress In Ponte,,Active,
,,,
Vivo Lindi High Low Dress In Ponte,,Active,
,,,
,,,
,,,
,,,
Vivo Liora Asymmetrical Satin Kaftan Top,,Active,
,,,
Vivo Liora Drawstring Kimono Sleeve Top,V1025006,Active,
,,,
,,,
,,Active,Core Performer
Vivo Liora Drawstring Pants,,Active,
Vivo Liora Drawstring Pants,,Active,
Vivo Liora Drawstring Pants,,Active,
Vivo Liora Drawstring Pants,,Active,
Vivo Liora Drawstring Pants,,Active,
Vivo Liora Drawstring Pants,,Active,
,,,
Vivo Liora Drawstring Pants In Satin,,Active,Recent Performer
,,,
Vivo Liora Drawstring Pants In Satin,,Active,Recent Performer
,,,
Vivo Liora Drawstring Pants In Satin,,Active,Recent Performer
Vivo Liora Drawstring Pants In Satin,,Active,Recent Performer
,,,
Vivo Liora Drawstring Pants In Satin,,Active,Recent Performer
Vivo Liora Drawstring Pants In Satin,,Active,Recent Performer
,,,
Vivo Liora Drawstring Pants In Satin,,Active,Recent Performer
,,,
,,,
Vivo BFS&S 1,,Active,Core Performer
,,,
Vivo BFS&S 1,,Active,NOOS
,,,
Vivo Liora Kaftan Top,,Active,
Vivo Liora Kaftan Top,,Active,
Vivo Liora Kaftan Top,,Active,
Vivo Liora Kaftan Top,,Active,
,,,
,,,
,,,
,,,
Vivo Liora Maxi Kimono,V1025024,Active,Recent Performer
,,,
,,,
Vivo Liora Multiway Top in Satin,,Active,
Vivo Liora Satin Drawstring Kimono Sleeve Top,,Active,NOOS
,,,
,,,
,,,
Vivo Liora Scalloped Maxi Top in Chiffon,,Active,
,,,
Vivo Liora Scooped Neck Tank Top in Crepe,,Active,
Vivo Liora Scooped Neck Tank Top in Crepe,,Active,
,,,
,,,
Vivo Liora Shorts,,Retired,Retired
Vivo Liora Shorts,,Retired,Retired
Vivo Liora Shorts,,Retired,Retired
Vivo Liora Shorts,,Retired,Retired
Vivo BFS&S 10,,Active,New
,,,
,,,
,,,
Vivo Liora Sleeveless Drawstring Top,,Active,
Vivo Liora Sleeveless Drawstring Top,,Active,
,,,
Vivo Liora Sleeveless Drawstring Top,,Active,
Vivo Liora Sleeveless Drawstring Top,,Active,
,,,
,,,
,,,
,,,
,,,
Vivo Liora Sleeveless Drawstring Top In Satin,,Active,Recent Performer
Vivo Liora Sleeveless Drawstring Top In Satin,,Active,Recent Performer
Vivo Liora Sleeveless Drawstring Top In Satin,,Active,Recent Performer
Vivo Liora Sleeveless Drawstring Top In Satin,,Active,New
Vivo Liora Sleeveless Drawstring Top In Satin,,Active,Recent Performer
Vivo Liora Sleeveless Drawstring Top In Satin,,Active,Recent Performer
Vivo Liora Sleeveless Drawstring Top In Satin,,Active,Recent Performer
Vivo Liora Strappy Culotte Jumpsuit,,Active,
Vivo Liora Strappy Culotte Jumpsuit,,Active,
Vivo Liora Strappy Culotte Jumpsuit,,Active,
Vivo Liora Strappy Culotte Jumpsuit,,Active,
Vivo Liora Strappy Culotte Jumpsuit,,Active,
Vivo Liora Strappy Culotte Jumpsuit,,Active,
Vivo Liora Strappy Culotte Jumpsuit,,Active,
,,,
Vivo Liora Tiered Maxi Skirt in Crepe,,Active,
Vivo Liora Tiered Maxi Skirt in Crepe,,Active,
Vivo Liora Tiered Maxi Skirt in Crepe,,Active,
Vivo Liora Tiered Maxi Skirt in Crepe,,Active,
Vivo Liora Tiered Maxi Skirt in Crepe,,Active,
,,,
Vivo Liora Wide Leg Pants,,Active,
,,,
Vivo Liora Wide Leg Pants,,Retired,Retired
Vivo Liora Wide Leg Pants,V1025009,Retired,Retired
,,,
Vivo Liora Wide Leg Pants,,Retired,Retired
Vivo Liora Wide Leg Pants,,Active,
Vivo Liora Wide Leg Pants,,Active,
Vivo Liora Wide Leg Pants,,Active,
Vivo Liora Wide Leg Pants,,Retired,Retired
,,,
Vivo Liora Wide Leg Pants,,Retired,Retired
Vivo Liora Wide Leg Pants,,Retired,Retired
Vivo Liora Wide Leg Pants,,Retired,Retired
Vivo Liv Wide Crepe Top,V0324083,Retired,Retired
Vivo Lome Shawl Jacket,,Active,
Vivo Long Jacket/ Coat,V0720058,Active,
Vivo Long Sleeve Blazer,,Retired,Retired
Vivo Long Sleeve Blazer,,Retired,Retired
Vivo Long Sleeve Leila Bodycon Dress,,Retired,Retired
Vivo Long Sleeve Leila Bodycon Dress,,Retired,Retired
Vivo Long Sleeve Maxi Waterfall,,Active,
Vivo Long Sleeve Maxi Waterfall,,Active,
Vivo Long Sleeve Maxi Waterfall,,Active,
Vivo Long Sleeve Maxi Waterfall,,Active,
Vivo Long Sleeve Maxi Waterfall,,Active,
Vivo Long Sleeve Maxi Waterfall,,Active,
Vivo Long Sleeve Maxi Waterfall,,Active,
Vivo Long Sleeve Maxi Waterfall,,Active,
Vivo Long Sleeve Maxi Waterfall,,Active,
Vivo Long Sleeve Maxi Waterfall,,Active,
,,Active,
,,Active,
,,Active,
Vivo Long Sleeve Midi Waterfall,,Active,Core Performer
Vivo Long Sleeve Midi Waterfall,,Active,Core Performer
Vivo Long Sleeve Midi Waterfall,,Active,Core Performer
Vivo Long Sleeve Midi Waterfall,,Active,Core Performer
Vivo Long Sleeve Midi Waterfall,,Active,Core Performer
Vivo Long Sleeve Midi Waterfall,,Active,Core Performer
Vivo Long Sleeve Midi Waterfall,,Active,Core Performer
Vivo Long Sleeve Midi Waterfall,,Active,Core Performer
Vivo Long Sleeve Midi Waterfall,,Active,Core Performer
Vivo Long Sleeve Midi Waterfall,,Active,Core Performer
Vivo Long Sleeve Midi Waterfall,,Active,Core Performer
Vivo Long Sleeve Shirt Dress,,Active,
Vivo Long Sleeve Shirt Dress,,Active,
Vivo Long Sleeve Shirt Dress,,Active,
,,Active,
,,Active,
,,Active,
,,Active,
,,,
Vivo Long Sleeve Waterfall in Sweater,,Active,
,,,
,,,
Vivo Long Sleeve Waterfall in Sweater,,Active,
,,,
,,,
Vivo Long Sleeve Waterfall in Sweater,,Active,
,,,
,,,
,,Active,
,,Active,
,,Active,
,,Active,
,,Active,
Vivo Long Sleeved T-Shirt,,Active,
,,Active,
,,,
Vivo Loose Top,V0720064,Active,
Vivo Loose Top,V0720063,Active,
Vivo Loose Tops,,Active,
Vivo Loose Tops,,Active,
Vivo Loose Tops,,Active,
Vivo Loose Tops,,Active,
Vivo Loose Tops,,Active,
Vivo Loose Tops,,Active,
Vivo Loose Tops,,Active,
Vivo Loose Tops,,Active,
Vivo Lorraine Top,,Active,
Vivo Lorraine Top,,Active,
Vivo Lorraine Top,,Active,
,,Active,
,,Active,
,,Active,
,,Active,
,,Active,
,,Active,
,,Active,
,,Active,
,,Active,
,,,
Vivo Lulu 3/4 Sleeve Maxi Kaftan,,Active,
Vivo Lulu 3/4 Sleeve Maxi Kaftan,,Active,
Vivo Lulu 3/4 Sleeve Maxi Kaftan,,Active,
Vivo Lulu 3/4 Sleeve Maxi Kaftan,,Active,
Vivo Lulu 3/4 Sleeve Maxi Kaftan,,Active,
Vivo Lulu 3/4 Sleeve Maxi Kaftan,,Active,
Vivo Lulu 3/4 Sleeve Maxi Kaftan in Cotton,,Active,
Vivo Lulu 3/4 Sleeve Maxi Kaftan in Cotton,,Active,
Vivo Lulu 3/4 Sleeve Maxi Kaftan in Cotton,,Active,
Vivo Lulu 3/4 Sleeve Maxi Kaftan in Cotton,,Active,
,,,
,,,
Vivo Lulu Bubble Sleeve Top,,Active,
Vivo Lulu Bubble Sleeve Top,,Active,
Vivo Lulu Bubble Sleeve Top,,Active,
Vivo Lulu Bubble Sleeve Top,,Active,
Vivo Lulu Bubble Sleeve Top,,Active,
Vivo Lulu Bubble Sleeve Top,,Active,
Vivo Lulu Bubble Sleeve Top In Cotton,,Active,
,,,
Vivo Lulu Contrast Stitch Tent Dress in Cotton,,Active,
Vivo Lulu Contrast Stitch Tent Dress in Cotton,,Active,
Vivo Lulu Contrast Stitch Tent Dress in Cotton,,Active,
Vivo Lulu Contrast Stitch Tent Dress in Cotton,,Active,
Vivo Lulu Cotton Barrel Pants,,Retired,Retired
Vivo Lulu Cotton Barrel Pants,,Retired,Retired
Vivo Lulu Cotton Barrel Pants,,Retired,Retired
Vivo Lulu Cotton Barrel Pants,,Retired,Retired
Vivo Lulu Cotton Bubble Sleeveless Top,,Active,
Vivo Lulu Cotton Bubble Sleeveless Top,,Active,
Vivo Lulu Cotton Bubble Sleeveless Top,,Active,
,,,
Vivo Lulu Cotton Tent Mini Dress,,Active,NOOS
,,,
,,,
,,,
Vivo Lulu Cotton Tent Mini Dress,V1025002,Active,Recent Performer
Vivo Lulu Cotton Tent Mini Dress,,Active,
,,,
,,,
Vivo Lulu Denim Shorts,,Active,
,,,
,,,
Vivo Lulu Drawstring Top,,Active,
Vivo Lulu Drawstring Top,,Active,
Vivo Lulu Drawstring Top In Cotton,,Active,
Vivo Lulu Drawstring Top,,Active,
Vivo Lulu Drawstring Top In Cotton,,Active,
Vivo Lulu Drawstring Top,,Active,
Vivo Lulu Drawstring Top In Cotton,,Active,
Vivo Lulu Drawstring Top,,Active,
Vivo Lulu Drawstring Top,,Active,
Vivo Lulu Denim Flared Pants,V0825059,Active,Core Performer
Vivo Lulu Tunic Top,V0925009,Active,
Vivo Lulu Tunic Top,,Active,
Vivo Lulu Wide Hem Tent Dress,,Active,
Vivo Lulu Wide Hem Tent Dress,,Active,
Vivo Lulu Wide Hem Tent Dress,,Active,
,,,
Vivo Lulu Wide Hem Tent Dress In Cotton,,Active,
Vivo Lulu Wide Hem Tent Dress In Cotton,,Active,
,,,
Vivo Lumi Back Pleat Maxi Dress,,Active,
Vivo Lumi Back Pleat Maxi Dress,,Active,
Vivo Lumi Back Pleat Maxi Dress,,Active,
Vivo Lumi Back Pleat Maxi Dress,V1222332,Retired,Retired
Vivo Lumi Back Pleat Maxi Dress,,Active,
Vivo Lumi Back Pleat Maxi Dress,,Active,
Vivo Lumi Back Pleat Maxi Dress,,Active,
Vivo Lumi Cuffed Dolman Maxi Dress,V1222209,Retired,Retired
Vivo Lumi Drop Shoulder Maxi Dress,,Retired,Retired
Vivo Lumi Drop Shoulder Maxi Dress,,Retired,Retired
Vivo Lumi Drop Shoulder Maxi Dress,,Retired,Retired
Vivo Lumi Drop Shoulder Maxi Dress,,Retired,Retired
Vivo Lumi Drop Shoulder Side Cowl Drape Dress,,Active,
Vivo Luna 3/4 Sleeve High Low Top,,Retired,Retired
Vivo Luna Layered Cowl Top,,Active,
,V0524006,Retired,Retired
,,Active,
,,Active,
,,Active,
,,Active,
Vivo MSD 6,,Active,
,,Active,
Vivo Maisha 3/4 Sleeve High Low Top,,Active,
Vivo Maisha 3/4 Sleeve High Low Top,,Active,
Vivo Maisha 3/4 Sleeve High Low Top,,Active,
Vivo Maisha 3/4 Sleeve High Low Top,,Active,
Vivo Maisha 3/4 Sleeve High Low Top,,Active,
Vivo Maisha 3/4 Sleeve High Low Top,,Active,
Vivo Maisha 3/4 Sleeve High Low Top,,Active,
Vivo Maisha 3/4 Sleeve High Low Top,,Active,
Vivo Maisha 3/4 Sleeve High Low Top,,Active,
,,,
,,,
Vivo Maisha 3/4 Sleeve Maxi Dress,,Active,
Vivo Maisha 3/4 Sleeve Maxi Dress,,Active,
Vivo Maisha 3/4 Sleeve Maxi Dress,,Active,
Vivo Maisha 3/4 Sleeve Maxi Dress,,Active,
Vivo Maisha 3/4 Sleeve Maxi Dress,,Active,
Vivo Maisha 3/4 Sleeve Maxi Dress,,Active,
Vivo Maisha 3/4 Sleeve Maxi Dress,,Active,
Vivo Maisha 3/4 Sleeve Maxi Dress,,Active,
Vivo Maisha 3/4 Sleeve Maxi Dress,,Active,
Vivo Maisha 3/4 Sleeve Maxi Dress,,Active,
Vivo Maisha 3/4 Sleeve Maxi Dress,,Active,
Vivo Maisha 3/4 Sleeve Maxi Dress,,Active,
Vivo Maisha 3/4 Sleeve Maxi Dress,,Active,
Vivo Maisha 3/4 Sleeve Maxi Dress,,Active,
Vivo Maisha 3/4 Sleeve Maxi Dress,,Active,
Vivo Maisha 3/4 Sleeve Maxi Dress,,Active,
Vivo Maisha 3/4 Sleeve Maxi Dress,,Active,
Vivo Maisha 3/4 Sleeve Maxi Dress,,Active,
Vivo Maisha Drop Shoulder Maxi Dress,,Active,
Vivo Maisha Drop Shoulder Maxi Dress,,Active,
Vivo Maisha Drop Shoulder Maxi Dress,,Active,
Vivo Maisha Drop Shoulder Maxi Dress,,Active,
Vivo Maisha Drop Shoulder Maxi Dress,,Active,
Vivo Maisha Drop Shoulder Maxi Dress,,Active,
Vivo Maisha Drop Shoulder Maxi Dress,,Active,
Vivo Maisha Drop Shoulder Maxi Dress,,Active,
Vivo Maisha Drop Shoulder Maxi Dress,,Active,
,,,
Vivo Maisha Drop Shoulder Maxi Dress In Rayon,,Retired,Retired
,,,
Vivo Maisha Drop Shoulder Maxi Dress In Rayon,,Retired,Retired
Vivo Maisha Drop Shoulder Maxi Dress In Rayon,,Retired,Retired
,,,
,,,
Vivo Maisha Drop Shoulder Maxi Dress In Rayon,,Retired,Retired
,,,
Vivo Maisha Drop Shoulder Maxi Dress In Rayon,,Retired,Retired
Vivo Maisha Drop Shoulder Maxi Dress In Rayon,,Retired,Retired
,,,
,,,
Vivo Maisha Drop Shoulder Maxi Dress In Rayon,,Retired,Retired
,,,
Vivo Maisha Drop Shoulder Maxi Dress In Rayon,,Retired,Retired
,,,
Vivo Maisha Drop Shoulder Maxi Dress In Rayon,,Retired,Retired
,,,
Vivo Maisha Drop Shoulder Maxi Dress In Rayon,,Retired,Retired
Vivo Maisha Drop Shoulder Maxi Dress In Rayon,,Retired,Retired
Vivo Maisha High Slit Kimono,,Retired,Retired
Vivo Maisha Kimono & Pant Set,,Retired,Retired
Vivo Maisha Kimono & Pant Set,,Retired,Retired
Vivo Maisha Kimono & Pant Set,,Retired,Retired
Vivo Maisha Kimono & Pant Set,,Retired,Retired
Vivo Maisha Kimono & Pant Set,,Retired,Retired
Vivo BFS&S 1,,Active,New
,,,
Vivo Maisha Long Sleeve High Low Kimono,,Retired,Retired
Vivo Maisha Long Sleeve High Low Kimono,,Retired,Retired
Vivo Maisha Long Sleeve High Low Kimono,,Retired,Retired
Vivo Maisha Long Sleeve High Low Kimono,,Retired,Retired
Vivo Maisha Off Shoulder Jumpsuit,,Active,
Vivo Maisha Off Shoulder Jumpsuit,,Active,
Vivo Maisha Off Shoulder Maxi Dress,,Active,
Vivo Maisha Off Shoulder Maxi Dress,,Active,
Vivo Maisha Off Shoulder Maxi Dress,,Active,
Vivo Maisha Off Shoulder Maxi Dress,,Active,
Vivo Maisha Sleeveless Tent Cover Up,,Active,
Vivo Maisha Straight Leg Pants,,Active,
Vivo Maisha Straight Leg Pants,,Active,
,,,
Vivo Maisha Straight Leg Pants,,Active,
,,,
Vivo Maisha Straight Leg Pants,,Active,
Vivo Maisha Straight Leg Pants,V0525071,Retired,Retired
Vivo Maisha Straight Leg Pants,,Active,
Vivo Maisha Straight Leg Pants In Crepe,,Active,
Vivo Maisha Straight Leg Pants In Crepe,,Active,
Vivo Maisha Straight Leg Pants In Crepe,,Active,
,,,
,,,
Vivo Maisha Straight Leg Pants In Crepe,,Active,
Vivo Maisha Straight Leg Pants In Crepe,,Active,
,,,
Vivo Maisha Straight Leg Pants in Crepe,,Active,
Vivo Maisha Straight Leg Pants in Crepe,,Active,
Vivo Maisha Straight Leg Pants in Crepe,,Retired,Retired
Vivo Maisha Straight Leg Pants in Crepe,,Active,
,,,
Vivo Maisha Straight Leg Pants in Crepe,,Retired,Retired
Vivo Maisha Straight Leg Pants in Crepe,,Retired,Retired
Vivo Maisha Straight Leg Pants in Crepe,,Active,
Vivo Maisha Straight Leg Pants in Crepe,,Retired,Retired
Vivo Maisha Straight Leg Pants in Crepe,,Active,
,,,
Vivo Maisha Straight Leg Pants in Crepe,,Active,
Vivo Maisha Straight Leg Pants in Crepe,,Active,
Vivo Maisha Straight Leg Pants in Crepe,,Active,
Vivo Maisha Straight Leg Pants in Crepe,,Active,
Vivo Maisha Straight Leg Pants in Crepe,,Active,
Vivo Maisha Straight Leg Pants in Crepe,,Retired,Retired
Vivo Maisha Straight Leg Pants in Crepe,,Active,
,,,
Vivo Maisha Strappy Cover Up Jumpsuit In Rayon,,Active,
Vivo Maisha Strappy Cover Up Jumpsuit In Rayon,,Active,
Vivo Maisha Strappy Cover Up Jumpsuit In Rayon,,Active,
Vivo Maisha Strappy Cover Up Jumpsuit In Rayon,,Active,
Vivo Maisha Strappy Cover Up Jumpsuit In Rayon,,Active,
Vivo Maisha Strappy Cover Up Jumpsuit In Rayon,,Active,
Vivo Maisha Strappy Culotte Jumpsuit,,Active,
Vivo Maisha Strappy Culotte Jumpsuit,,Active,
Vivo Maisha Strappy Culotte Jumpsuit,,Active,
Vivo Maisha Strappy Culotte Jumpsuit,,Active,
Vivo Maisha Strappy Culotte Jumpsuit,,Active,
Vivo Maisha Strappy Culotte Jumpsuit,,Active,
Vivo Maisha Strappy Culotte Jumpsuit,,Active,
Vivo Maisha Strappy Culotte Jumpsuit,,Active,
Vivo Maisha Strappy Jumpsuit Cover Up,,Active,
Vivo Maisha Strappy Jumpsuit Cover Up,,Active,
Vivo Maisha Strappy Jumpsuit Cover Up,,Active,
Vivo Maisha Strappy Jumpsuit Cover Up,,Active,
Vivo Maisha Strappy Jumpsuit Cover Up,,Active,
,,,
Vivo Maisha Strappy Jumpsuit In Rayon,,Active,
,,,
Vivo Maisha Top & Pant Set,,Active,
Vivo Maisha Top & Pant Set,,Active,
Vivo Maisha Top & Pant Set,,Active,
Vivo Maisha Top & Pant Set,,Active,
Vivo Maisha Top & Pant Set,,Active,
Vivo Maisha Top & Pant Set,,Active,
Vivo Maisha Top & Pant Set,,Active,
Vivo Maisha Top & Pant Set,V0525079,Retired,Retired
,,,
,,,
Vivo Maisha Tunic Top,,Active,
,,,
,V0525009,,
,,,
,,,
Vivo Maisha Wide Kimono,V0525026,Retired,Retired
Vivo Maisha Wide Leg Pants,,Retired,Retired
Vivo Maisha Wide Leg Pants,,Retired,Retired
,,,
Vivo Mali Tie No Ankara,,Active,
Vivo Mali Tie Top No Ankara,,Active,
Vivo Malindi Crepe Palazzo Pants,,Active,
Vivo Malindi Crepe Palazzo Pants,,Active,
Vivo Malindi Sleeveless Maxi Dress (JK),,Active,
Vivo Malindi Sleeveless Maxi Dress (JK),,Active,
Vivo Malindi Sleeveless Mini Dress (JK),,Active,
Vivo Malindi Sleeveless Mini Dress (JK),,Active,
Vivo Malindi Tunic Dress With Frills,V0723098,Retired,Retired
,,Active,
Vivo Mandla High Neck A-Line Dress,,Retired,Retired
Vivo Mandla High Neck A-Line Dress,,Retired,Retired
Vivo Mandla Side Flap A-Line Dress,,Retired,Retired
Vivo Mandla Side Flap A-Line Dress,,Retired,Retired
Vivo Mandla Side Flap A-Line Dress,,Retired,Retired
Vivo Mandla Side Zipper Dress,,Active,
Vivo Mandla Side Zipper Dress,,Active,
Vivo Mandla Tent Dress,,Active,
Vivo Mandla Tent Dress,,Active,
Vivo Mandla Tent Dress,,Active,
Vivo Mandla Tent Dress,,Active,
Vivo Mandla Tent Dress,,Active,
Vivo Mandla Tent Dress,,Active,
Vivo Mandla Tent Dress,,Active,
Vivo Mandla Tent Dress,,Active,
,,Active,
Vivo Mandla Tent Dress,,Active,
Vivo Mandla Tent Dress,,Active,
Vivo Mandla Tent Dress,,Active,
Vivo Mandla Tent Dress,,Active,
Vivo Mandla Tent Dress,,Active,
Vivo Mandla Tent Dress,V0924038,Active,Core Performer
Vivo Maua Sleeveless High Low Dress,,Active,
Vivo Maua Sleeveless High Low Dress,,Active,
Vivo Maua Sleeveless High Low Dress,,Active,
Vivo Maua Sleeveless High Low Dress,,Active,
Vivo Maua Sleeveless High Low Dress,,Active,
Vivo Maua Sleeveless High Low Dress,,Active,
Vivo Maua Sleeveless High Low Dress,,Active,
Vivo Maua Sleeveless Maxi Tent Dress,,Active,
Vivo Maua Sleeveless Tent Knee Length Dress,,Retired,Retired
Vivo Maua Sleeveless Tent Knee Length Dress,,Retired,Retired
,,,
Vivo Maxi Dress,,Active,
Vivo Maxi Dress,,Active,
Vivo Maxi Dress,,Active,
Vivo Maxi Dress,,Active,
Vivo Maxi Dress,,Active,
Vivo Maxi Dress,,Active,
Vivo Maxi Dress,,Active,
Vivo Maxi Dress,,Active,
Vivo Maxi Dress,,Active,
Vivo Maxi Dress,,Active,
Vivo Maxi Dress,V0720041,Active,
,,,
Vivo Maxi Dress in Stretch Rib,,Active,
Vivo Maxi Dress in Stretch Rib,,Active,
Vivo Maxi Dress in Stretch Rib,,Active,
Vivo Maxi Dress in Stretch Rib,,Active,
Vivo Maxi Dress in Stretch Rib,,Active,
Vivo Maxi Dress in Stretch Rib,,Active,
,,,
Vivo Maxi Kimono,,Retired,Retired
Vivo Maxi Kimono,,Retired,Retired
,,,
Vivo Maxi Kimono in Chiffon,,Active,
Vivo Maxi Kimono in Chiffon,,Active,
Vivo Maxi Kimono in Chiffon,,Active,
Vivo Maxi Kimono in Chiffon,,Active,
Vivo Maxi Kimono in Chiffon,,Active,
Vivo Maxi Skirts,,Active,
Vivo Maxi Wrap Dress in Satin,,Active,New
Vivo Maxi Wrap Dress in Satin,,Active,New
Vivo Maxi Wrap Dress in Satin,,Active,New
,,Active,
Vivo Maxi Wrap Dress in Satin,,Active,New
Vivo Meli Bishop Sleeve Tie Top,,Active,
Vivo Meli Bishop Sleeve Tie Top,,Active,
Vivo Meli Bishop Sleeve Tie Top,,Active,
Vivo Meli Chiffon Pants,,Retired,Retired
Vivo Meli Chiffon Pants,,Retired,Retired
Vivo Meli Cowl Top,,Active,
Vivo Meli Halter Neck Dress,,Retired,Retired
Vivo Meli Puff Sleeve Shift Dress,,Active,
Vivo Meli Puff Sleeve Shift Dress,,Active,
Vivo Meli Puff Sleeve Shift Dress,,Active,
Vivo Meli Ruffle Sleeve Top,,Retired,Retired
Vivo Meli Ruffle Sleeve Top,,Retired,Retired
Vivo Meli Ruffle Sleeve Top,,Retired,Retired
Vivo Meli Satin Pants,,Active,
Vivo Meli Satin Pants,,Active,
Vivo Meli Satin Pants,,Active,
Vivo Meli Satin Pants,,Active,
Vivo Meli Sleeveless Coat,,Retired,Retired
Vivo Meli Sleeveless Coat,,Retired,Retired
Vivo Meli Sleeveless Coat,,Retired,Retired
Vivo Meli Sleeveless Coat,,Retired,Retired
Vivo Meli Sleeveless Coat,,Retired,Retired
,,,
Vivo Merika Knee Length Wrap Dress,,Retired,Retired
Vivo Merika Knee Length Wrap Dress,,Retired,Retired
Vivo Merika Knee Length Wrap Dress,,Retired,Retired
Vivo Merika Knee Length Wrap Dress,,Retired,Retired
Vivo Merika Knee Length Wrap Dress,,Retired,Retired
Vivo Merika Midi Wrap Dress,,Retired,Retired
,,,
,,,
Vivo Merika Satin Wrap Top,,Active,
Vivo Merika Satin Wrap Top,,Active,
Vivo Merika Satin Wrap Top,,Active,
Vivo Merika Satin Wrap Top,,Active,
Vivo Merika Satin Wrap Top,,Active,
Vivo Merika Satin Wrap Top,,Active,
Vivo Merika Satin Wrap Top,,Active,
Vivo Merika Satin Wrap Top,,Active,
Vivo Merika Satin Wrap Top,,Active,
Vivo Merika Satin Wrap Top,,Active,
Vivo Merika Satin Wrap Top,,Active,
Vivo Merika Satin Wrap Top,,Active,
Vivo Merika Satin Wrap Top,,Active,
Vivo Merika Satin Wrap Top,,Active,
Vivo Merika Satin Wrap Top,,Active,
Vivo Merika Satin Wrap Top,,Active,
Vivo Merika Satin Wrap Top,,Active,
Vivo Merika Satin Wrap Top,,Active,
Vivo Merika Satin Wrap Top,,Active,
Vivo Merika Satin Wrap Top,,Active,
Vivo Merika Satin Wrap Top,,Active,
Vivo Merika Satin Wrap Top,,Active,
Vivo Merika Satin Wrap Top,,Active,
Vivo Merika Satin Wrap Top,,Active,
Vivo Merika Satin Wrap Top,,Active,
Vivo Merika Satin Wrap Top,,Active,
Vivo Merika Satin Wrap Top,,Active,
Vivo Merika Satin Wrap Top,,Active,
Vivo Merika Satin Wrap Top MG,,Active,
Vivo Merika Wrap Top,,Active,
Vivo Merika Satin Wrap Top,,Active,
Vivo Merika Satin Wrap Top,,Active,
Vivo Merika Satin Wrap Top,,Active,
Vivo Merika Satin Wrap Top,,Active,
Vivo Merika Satin Wrap Top,,Active,
Vivo Midi & Capri Dress,,Active,
Vivo Midi & Capri Skirts,,Active,
Vivo Midi & Capri Skirts,,Active,
,,,
Vivo Midi Bodycon in Stretch Rib,,Active,
Vivo Midi Bodycon in Stretch Rib,,Active,
,,,
Vivo Midi Bodycon in Stretch Rib,,Active,
Vivo Midi Bodycon in Stretch Rib,,Active,
Vivo Midi Waterfall/ Kimono,V0720055,Active,
,,Active,New
,,Active,New
,,Active,New
,,Active,New
,,,
Vivo Mini Butterfly Sweater,,Active,
Vivo Mini Butterfly Sweater,V0719544,Active,
Vivo Mira Front Drape Pants,,Active,
Vivo Mira Joggers,,Retired,Retired
Vivo Mira Midi Kimono (Petite),,Retired,Retired
Vivo Mira Reversible Wrap Top,,Retired,Retired
Vivo Mira Reversible Wrap Top,,Retired,Retired
Vivo Mira Reversible Wrap Top,,Retired,Retired
Vivo Mira Straight Leg Pants,V1123154,Retired,Retired
Vivo Mira Straight Leg Pants,,Retired,Retired
Vivo Mira V-Neck Overlap Top,,Retired,Retired
Vivo Mira V-Neck Overlap Top,,Retired,Retired
Vivo Mistari 3/4 Sleeve Round Neck Front Tie Top,,Active,
,,,
Vivo Mistari 3/4 Sleeve V - Neck Collared Tunic Top,V0622041,Retired,Retired
Vivo Mistari Gathered Sleeve Top,V0622035,Active,
Vivo Mistari Long Sleeved Side Tie Top,,Active,
Vivo Mistari Long Sleeved Side Tie Top,,Active,
Vivo Mistari Long Sleeved Side Tie Top,,Active,
Vivo Mock Maxi Dress,V0719553,Retired,Retired
,,,
Vivo Mock Maxi Dress,,Retired,Retired
,,,
,,,
Vivo Multiway Short Kimono in Satin,,Active,
Vivo Multiway Short Kimono in Satin,,Active,
Vivo Multiway Short Kimono in Satin,,Active,
,,,
,,,
Vivo Muna Cap Sleeve Knee Length Dress,V0421003,Active,
Vivo Muna Cap Sleeve Knee Length Dress,,Active,
Vivo Muna Cap Sleeve Knee Length Dress,,Active,
Vivo Muna Cap Sleeved Knee Length Dress,,Active,
Vivo Muna Cap Sleeved Knee Length Dress,,Active,
Vivo Muna Cap Sleeved Knee Length Dress,,Active,
Vivo Muna Cap Sleeved Knee Length Dress,,Active,
Vivo Muna Cap Sleeved Knee Length Dress,,Active,
Vivo Muna Chiffon Kimono,V0421070,Active,
,,,
,,,
,,,
,,,
,,,
Vivo Must Have Shorts,,Retired,Retired
Vivo Must Have Shorts,,Retired,Retired
Vivo Must Have Shorts,,Retired,Retired
Vivo Must Have Shorts,,Retired,Retired
Vivo Must Have Shorts,,Retired,Retired
Vivo Must Have Shorts,,Retired,Retired
,,,
Vivo Must Have Shorts,,Retired,Retired
Vivo Must Have Shorts,,Retired,Retired
Vivo Must Have Shorts,,Retired,Retired
Vivo Must Have Shorts,,Retired,Retired
Vivo Must Have Shorts,,Retired,Retired
Vivo Must Have Shorts,,Retired,Retired
Vivo Must Have Shorts,,Retired,Retired
,V0224240,Retired,Retired
,,Active,
Vivo Nala 3/4 Sleeve Tent Dress,,Active,
Vivo Nala 3/4 Sleeve Tent Dress,,Active,
Vivo Nala 3/4 Sleeve Tent Dress,,Active,
Vivo Nala 3/4 Sleeve Tent Dress,,Active,
Vivo Nala Leisure Pants,,Active,
Vivo Nala Shift Dress,,Active,
Vivo Nala Shirt Dress,,Retired,Retired
Vivo Nala Shirt Dress,,Retired,Retired
Vivo Nala Shirt Dress,,Retired,Retired
Vivo Nala Shirt Dress,V0224125,Retired,Retired
Vivo Nala Shirt Dress,,Retired,Retired
Vivo Nala Sleeveless Top,,Active,
Vivo Nalia Long Sleeve High Low Top,,Retired,Retired
Vivo Nalia Long Sleeve High Low Top,,Retired,Retired
Vivo Nalia Long Sleeve High Low Top,,Retired,Retired
Vivo Nalia Long Sleeve High Low Top,,Retired,Retired
Vivo Nalia Long Sleeve High Low Top,,Retired,Retired
Vivo Nalia Long Sleeve High Low Top,,Retired,Retired
,,,
,,,
Vivo Nandi High Slit Kimono,,Active,
Vivo Nandi High Slit Kimono,,Active,
Vivo Nandi High Slit Kimono,,Active,
Vivo Nandi High Slit Kimono,,Active,
Vivo Nandi High Slit Kimono,,Active,
Vivo Nandi High Slit Kimono,,Active,
Vivo Nandi High Slit Kimono,,Active,
Vivo Nandi High Slit Kimono,,Active,
Vivo Nandi High Slit Kimono,,Active,
Vivo Nandi High Slit Kimono,,Active,
Vivo Nandi High Slit Kimono,,Active,
Vivo Nandi High Slit Kimono,,Active,
Vivo Nandi Short Kimono,,Active,
,,,
,,,
Vivo Nasinka A-Line Knee Length Dress,,Active,
Vivo Nasinka A-Line Knee Length Dress,,Active,
Vivo Nasinka A-Line Knee Length Dress,,Active,
Vivo Nasinka A-Line Knee Length Dress,,Active,
Vivo Nasinka A-Line Knee Length Dress In Crepe,,Active,
,,,
,,,
Vivo Nasinka A-line Knee Length Dress,V0624004,Active,
Vivo Nasinka A-Line Knee Length Dress in Crepe,,Active,
Vivo Nasinka A-Line Knee Length Dress in Crepe,,Active,
Vivo Nasinka A-Line Knee Length Dress in Crepe,,Active,
Vivo Nasinka A-Line Knee Length Dress in Crepe,,Active,
,,,
,,,
Vivo Nasinka A-Line Maxi Dress,,Active,
Vivo Nasinka A-Line Maxi Dress,,Active,
Vivo Nasinka A-Line Maxi Dress,,Active,
Vivo Nasinka A-Line Maxi Dress,,Active,
Vivo Nasinka A-Line Maxi Dress,,Active,
Vivo Nasinka A-Line Maxi Dress,,Active,
Vivo Nasinka A-Line Maxi Dress,,Active,
Vivo Nasinka A-Line Maxi Dress,,Active,
Vivo Nasinka A-Line Maxi Dress,,Active,
Vivo Nasinka A-Line Maxi Dress,,Active,
Vivo Nasinka A-Line Maxi Dress,,Active,
Vivo Nasinka A-Line Maxi Dress,,Active,
Vivo Nasinka A-Line Maxi Dress,,Active,
Vivo Nasinka A-Line Maxi Dress,,Active,
Vivo Nasinka A-line Knee Length Dress,,Active,
Vivo Nasinka A-line Knee Length Dress,,Active,
Vivo Nasinka A-line Knee Length Dress,,Active,
Vivo Nasinka A-line Knee Length Dress,,Active,
Vivo Nasinka A-line Knee Length Dress,,Active,
Vivo Nasinka A-line Maxi Dress,,Active,
Vivo Nasinka A-line Maxi Dress,,Active,
Vivo Nasinka A-line Maxi Dress,,Active,
Vivo Nasinka A-line Maxi Dress,,Active,
Vivo Nasinka A-line Maxi Dress,,Active,
Vivo Nasinka A-line Maxi Dress,,Active,
Vivo Nasinka A-line Maxi Dress,,Active,
Vivo Nasinka A-line Maxi Dress,,Active,
Vivo Nasinka Maxi Shirt Dress,,Active,
Vivo Nasinka Maxi Shirt Dress,,Active,
Vivo Nasinka Ruffle Sleeve Jumpsuit,,Retired,Retired
Vivo Nasinka Ruffle Sleeve Jumpsuit,,Retired,Retired
Vivo Nasinka Ruffle Sleeve Jumpsuit,,Retired,Retired
Vivo Nasinka Ruffle Sleeve Jumpsuit,,Retired,Retired
Vivo Nasinka V-Neck Maxi Dress,,Active,
Vivo Nasinka V-Neck Maxi Dress,,Active,
Vivo Nasinka V-Neck Maxi Dress,,Active,
Vivo Nasinka V-Neck Maxi Dress,,Active,
Vivo Nasinka V-Neck Maxi Dress,,Active,
Vivo Nasinka V-Neck Maxi Dress,,Active,
Vivo Nasinka Wrap Dress,,Retired,Retired
Vivo Nasinka Wrap Dress,,Retired,Retired
,,,
Vivo Nasinka Wrap Dress,,Retired,Retired
Vivo Nasinka Wrap Dress,,Retired,Retired
Vivo Nasinka Wrap Dress,,Retired,Retired
Vivo Nasinka Wrap Dress,,Retired,Retired
Vivo Nasinka Wrap Dress,,Retired,Retired
,,,
Vivo Naya 3/4 Sleeve Satin Cover Up,,Active,
,,,
Vivo Naya Bishop Sleeve Shift Dress,,Active,
Vivo Naya Bishop Sleeve Shift Dress,,Active,
Vivo Naya Bishop Sleeve Shift Dress,,Active,
Vivo Naya Bishop Sleeve Shift Dress,,Active,
Vivo Naya Cigarette Pants,,Active,
Vivo Naya Cigarette Pants,V0823120,Retired,Retired
Vivo Naya Cigarette Pants,,Active,
Vivo Naya Flounce High Low Top,,Active,
Vivo Naya Flounce High Low Top,,Active,
Vivo Naya High Low Flounce Cape,,Active,
Vivo Naya High Low Flounce Cape,,Active,
Vivo Naya High Low Flounce Cape,,Active,
Vivo Naya High Low Flounce Cape,,Active,
Vivo Naya High Low Flounce Cape,,Active,
Vivo Naya High Low Flounce Cape,,Active,
Vivo Naya Long Sleeve Ruffle Short Jacket,,Active,
Vivo Naya Long Sleeve Ruffle Short Jacket,,Active,
Vivo Naya One Shoulder Flounce Crop Top,,Active,
,,,
Vivo Naya One Shoulder Flounce Jumpsuit,,Retired,Retired
Vivo Naya One Shoulder Flounce Jumpsuit,,Retired,Retired
Vivo Naya One Shoulder Flounce Satin Crop Top,,Active,
Vivo Naya One Shoulder Flounce Top,,Retired,Retired
Vivo Naya One Shoulder Flounce Top,,Retired,Retired
Vivo Naya One Shoulder Flounce Top,,Retired,Retired
Vivo Naya Strappy Midi Body-Con Dress,,Retired,Retired
Vivo Naya Strappy Midi Body-Con Dress,,Retired,Retired
,,,
,,,
,,,
,,,
,,,
Vivo Naya Tiered Sleeve Wrap Top,,Active,
Vivo Naya Tiered Sleeve Wrap Top,,Active,
Vivo Naya Wide Leg Pants,,Active,
Vivo Neo Faux Suede Jacket (Special Offer),,Active,
Vivo Neza Long Sleeve Trench Coat,,Active,
Vivo Niari Boat Neck Dress,,Retired,Retired
Vivo Niari Boat Neck Dress,,Retired,Retired
Vivo Niari Boat Neck Dress,,Retired,Retired
Vivo Niari Full Length Pants,,Active,
Vivo Niari Full Length Pants,,Active,
Vivo Niari Full Length Pants,,Active,
Vivo Niari Full Length Pants,,Active,
Vivo Niari Full Length Pants,,Active,
Vivo Niari Full Length Pants,,Active,
,,Active,
,,,
Vivo Niari Pleated Dress in Crepe,,Active,Recent Performer
Vivo Niari Pleated Dress in Crepe,,Active,Recent Performer
Vivo Niari Pleated Dress in Crepe,V1025011,Active,Recent Performer
Vivo Niari Pleated Dress in Crepe,,Active,Recent Performer
Vivo Niari Pleated Dress in Crepe,,Active,Recent Performer
Vivo Niari Pleated Dress in Crepe,,Active,Recent Performer
Vivo Niari Pleated Dress in Crepe,,Active,Recent Performer
Vivo Niari Shorts,,Retired,Retired
,,,
Vivo Niari Sleeveless Pleated Dress,,Retired,Retired
Vivo Niari Sleeveless Pleated Dress,,Retired,Retired
Vivo Niari Sleeveless Pleated Dress,,Retired,Retired
,,,
Vivo Niari Sleeveless Tent Dress in Crepe,,Active,
Vivo Niari Sleeveless Tent Dress in Crepe,,Active,
Vivo Niari Sleeveless Tent Dress in Crepe,,Active,
Vivo Niari Sleeveless Tent Dress in Crepe,,Active,
Vivo Niari Sleeveless Tent Dress in Crepe,,Active,
Vivo Niari Sleeveless Tent Dress in Crepe,,Active,
Vivo Niari Sleeveless Tent Dress in Crepe,,Active,
Vivo Niari Sleeveless Tent Dress in Crepe,,Active,Recent Performer
,,,
Vivo Niari Sleeveless Top,,Active,
Vivo Niari Sleeveless Top,,Active,
Vivo Niari Sleeveless Top,,Active,
Vivo Niari Sleeveless Top,,Active,
,,,
Vivo Niari Sleeveless Top,,Active,
Vivo Niari Sleeveless Top,,Active,
Vivo Niari Sleeveless Top,,Active,
Vivo Niari Sleeveless Top,,Active,
Vivo Niari Sleeveless Top,,Active,
,,,
Vivo Niari Sleeveless Top In Chiffon,V0125069,Active,
,,,
,,,
,,,
Vivo Niari Sleeveless Top In Chiffon,,Active,
,,,
,,,
Vivo Niari Sleeveless Top In Chiffon,,Active,
,,,
Vivo Niari Tent Dress,,Active,
,,,
Vivo Niari Tent Dress,,Active,
Vivo Niari Tent Dress,V0125070,Active,
Vivo Niari Tent Dress,,Active,
Vivo Niari Tent Dress,,Active,
Vivo Niari Tent Dress,,Active,
Vivo Niari Tent Dress,,Active,
,,,
Vivo Niari Tent Dress,,Active,
Vivo Niari Tent Dress,,Active,
Vivo Niari Tent Dress,,Active,
Vivo Niari Tent Dress,,Active,
Vivo Niari Tent Dress,,Active,
Vivo Niari straight leg Pants,,Retired,Retired
Vivo Niari straight leg Pants,,Retired,Retired
Vivo Niari straight leg Pants,,Retired,Retired
Vivo Niari straight leg Pants,,Retired,Retired
Vivo Niari straight leg Pants,,Retired,Retired
Vivo Nimali Satin Blouse,,Active,
Vivo Nimali Satin Blouse,,Active,
Vivo Nimali Satin Blouse,,Active,
Vivo Nimali Satin Blouse,,Active,
Vivo Nimali Satin Blouse,,Active,
Vivo Nimali Satin Blouse,,Active,
Vivo Nimali Satin Flounce Kimono,VE0060,Retired,Retired
Vivo Nimali Satin Halter Top,,Retired,Retired
Vivo Nimali Satin Halter Top,,Retired,Retired
Vivo Nimali Satin Halter Top,,Retired,Retired
Vivo Nimali Satin Halter Top,,Retired,Retired
Vivo Nimali Satin Halter Top,,Retired,Retired
Vivo Nimali Satin Halter Top,,Retired,Retired
Vivo Nimali Satin Halter Top,,Retired,Retired
Vivo Nimali Satin Halter Top,,Retired,Retired
Vivo Nimali Satin Halter Top,,Retired,Retired
,,Active,
Vivo Nimali Satin Joggers,,Retired,Retired
Vivo Nimali Satin Joggers,,Retired,Retired
Vivo Nimali Satin Joggers,,Retired,Retired
Vivo Nimali Satin Joggers,,Retired,Retired
Vivo Nimali Satin Joggers,,Retired,Retired
Vivo Nimali Satin Joggers,,Retired,Retired
Vivo Nimali Satin Joggers,,Retired,Retired
Vivo Nimali Satin Joggers,,Retired,Retired
Vivo Nimali Satin Joggers,,Retired,Retired
Vivo Nimali Satin Joggers,,Retired,Retired
Vivo Nimali Satin Short Kimono,,Retired,Retired
Vivo Nimali Satin Short Kimono,,Retired,Retired
Vivo Nimali Satin Shorts,,Active,
Vivo Nimali Satin Shorts,,Active,
Vivo Nimali Satin Shorts,,Active,
Vivo Nimali Satin Shorts,,Active,
Vivo Nimali Satin Shorts,,Active,
Vivo Nimali Satin Shorts,,Active,
Vivo Nimali Satin Shorts,,Active,
Vivo Nimali Satin Shorts,,Active,
Vivo Nimali Satin Shorts,,Active,
Vivo Nimali Satin Shorts,,Active,
Vivo Nimali Satin Shorts,,Active,
Vivo Nimali Satin Wide-Leg Pants,,Active,
Vivo Nimali Satin Wide-Leg Pants,,Active,
Vivo Nimali Satin Wide-Leg Pants,,Active,
Vivo Nimali Side Flounce Top,,Retired,Retired
Vivo Nkasi Asymmetrical Top,,Retired,Retired
Vivo Nkasi Asymmetrical Top,,Retired,Retired
Vivo Nkasi Bubble Sleeve Knee Length Dress,,Active,
Vivo Nkasi Bubble Sleeve Knee Length Dress,,Active,
Vivo Nkasi Bubble Sleeve Maxi Dress,,Retired,Retired
Vivo Nkasi Maxi Kimono,,Retired,Retired
Vivo Nkasi Maxi Kimono,,Retired,Retired
Vivo Nkasi Maxi Kimono,V0724030,Retired,Retired
Vivo Nkasi Maxi Kimono,,Retired,Retired
Vivo Nkasi Wide Leg Pants,,Retired,Retired
Vivo Nkasi Wide Leg Pants,,Retired,Retired
Vivo Nkasi Wide Leg Pants,,Retired,Retired
Vivo Nkasi Wide Top,V0724038,Retired,Retired
Vivo Nora 3/4 Sleeve Peplum Top,,Retired,Retired
Vivo Nora 3/4 Sleeve Peplum Top,,Retired,Retired
Vivo Nora 3/4 Sleeve Peplum Top,,Retired,Retired
Vivo Nora 3/4 Sleeve Peplum Top,,Retired,Retired
Vivo Nora 3/4 Sleeve Peplum Top,,Retired,Retired
Vivo Nora Front Pleat Knee Length Dress,,Active,
Vivo Nora Front Pleat Knee Length Dress,,Active,
Vivo Nora Front Pleat Knee Length Dress,,Active,
Vivo Nora Front Pleat Knee Length Dress,,Active,
Vivo Nora Front Pleat Knee Length Dress,,Active,
Vivo Nora Front Pleat Knee Length Dress,,Active,
Vivo Nora Front Pleat Knee Length Dress,,Active,
Vivo Nora Front Slit Knee Length Skirt,,Retired,Retired
Vivo Nora Front Slit Knee Length Skirt,,Retired,Retired
Vivo Nora Front Slit Knee Length Skirt,,Retired,Retired
Vivo Nora Front Slit Knee Length Skirt,,Retired,Retired
Vivo Nora Front Slit Knee Length Skirt,,Retired,Retired
,,,
Vivo Nora Round Neck Sleeveless Top,,Active,
Vivo Nora Round Neck Sleeveless Top,,Active,
Vivo Nora Round Neck Sleeveless Top,,Active,
Vivo Nora Round Neck Sleeveless Top,,Active,
Vivo Nora Round Neck Sleeveless Top,,Active,
Vivo Nora Wide Leg Pants,,Retired,Retired
Vivo Nora Wide Leg Pants,,Retired,Retired
Vivo Nora Wide Leg Pants,,Retired,Retired
Vivo Nora Wide Leg Pants,,Retired,Retired
Vivo Nora Wide Leg Pants,,Retired,Retired
Vivo Nova Double Layered Bodycon Dress,,Active,
,,,
Vivo Nuru Maxi Kimono,V0725020,Active,
,,,
Vivo Nuru Side Panel Wide Leg Pants,,Active,
Vivo Nuru Side Panel Wide Leg Pants,,Active,
Vivo Nuru Side Panel Wide Leg Pants,,Active,
Vivo Nuru Side Panel Wide Leg Pants,,Active,
Vivo Nuru Side Panel Wide Leg Pants,,Active,
Vivo Nuru Side Panel Wide Leg Pants,,Active,
,,,
Vivo Nuru Sleeveless Maxi Kimono,,Active,
Vivo Nuru Sleeveless Maxi Kimono,,Active,
Vivo Nuru Sleeveless Maxi Kimono,,Active,
Vivo Nuru Sleeveless Maxi Kimono,,Active,
,,,
Vivo Nuru Strappy Maxi Dress,,Active,
Vivo Nuru Strappy Maxi Dress,,Active,
Vivo Nuru Strappy Maxi Dress,,Active,
Vivo Nuru Strappy Top,,Retired,Retired
Vivo Nuru Strappy Top,,Retired,Retired
Vivo Nuru Strappy Top,,Retired,Retired
Vivo Nuru Strappy Top,,Retired,Retired
Vivo Off Shoulder Dress in Print Cotton,,Active,
Vivo Off Shoulder Dress in Print Cotton,,Active,
Vivo Off Shoulder Dress in Print Cotton,,Active,
Vivo Off Shoulder Dress in Print Cotton,,Active,
Vivo Off Shoulder Dress in Print Cotton,,Active,
,,,
Vivo Off Shoulder Jumpsuit in Crepe,,Active,New
Vivo Off Shoulder Jumpsuit in Crepe,,Active,New
Vivo Off Shoulder Jumpsuit in Crepe,,Active,New
Vivo Off Shoulder Jumpsuit in Crepe,,Active,New
Vivo Off Shoulder Jumpsuit in Crepe,,Active,New
Vivo Off Shoulder Jumpsuit in Crepe,,Active,New
Vivo Off Shoulder Jumpsuit in Crepe,,Active,New
Vivo Off Shoulder Maxi Dress in Cotton,,Active,
Vivo Off Shoulder Maxi Dress in Cotton,,Active,
Vivo Off Shoulder Maxi Dress in Cotton,,Active,
Vivo Off Shoulder Maxi Dress in Cotton,,Active,
Vivo Off Shoulder Maxi Dress in Cotton,,Active,
Vivo Off Shoulder Maxi Dress in Cotton,,Active,
Vivo Off Shoulder Maxi Dress in Cotton,,Active,
Vivo Off Shoulder Maxi Dress in Cotton,,Active,
Vivo Off Shoulder Maxi Dress in Cotton,,Active,
,,Active,
Vivo Paji 3/4 Sleeve Shift Dress (Tall),,Active,
Vivo Paji 3/4 Sleeve Shift Dress (Tall),,Active,
Vivo Paji Boat Neck Sheath Dress,,Retired,Retired
Vivo Paji Dress Coat,,Retired,Retired
Vivo Paji Dress Coat,,Retired,Retired
Vivo Paji Pencil Skirt,,Retired,Retired
,,,
Vivo Paji Round Neck Sheath Dress,,Active,
Vivo Paji Round Neck Sheath Dress,,Active,
,,,
Vivo Pana Cascade Waterfall,,Active,
Vivo Pana Cascade Waterfall,,Active,
Vivo Pana Short Waterfall,,Active,
Vivo Pana Short Waterfall,,Active,
Vivo Pana Short Waterfall,,Active,
Vivo Pana Short Waterfall,,Active,
Vivo Pana Short Waterfall,,Active,
Vivo Pana Short Waterfall,,Active,
Vivo Pana Short Waterfall,V1223024,Active,
,,Active,
,,Active,
,,Active,
,,Active,
,,Active,
Vivo Pelia Kimono,V1024045,Retired,Retired
,,,
Vivo Pelia Round Neck Dress,,Active,
Vivo Pelia Round Neck Dress,,Active,
Vivo Pelia Round Neck Dress,V0924104,Active,
Vivo Pelia Round Neck Dress,,Active,
Vivo Pelia Round Neck Dress,,Active,
Vivo Pelia Round Neck Dress,,Active,
Vivo Pelia Round Neck Dress,,Active,
Vivo Pelia Round Neck Dress,,Active,
Vivo Pelia Round Neck Dress,,Active,
Vivo Pelia Round Neck Dress,,Active,
Vivo Pelia Round Neck Dress,,Active,
Vivo Pencil Skirt in Ponte,,,
Vivo Pencil Skirt in Ponte,,,
Vivo Pendo 3/4 Sleeve A Line Dress in Twill,,Active,Recent Performer
Vivo Pendo 3/4 Sleeve A Line Dress in Twill,,Active,Recent Performer
Vivo Pendo 3/4 Sleeve A Line Dress in Twill,,Active,Recent Performer
Vivo Pendo 3/4 Sleeve A Line Dress in Twill,,Active,
Vivo Pendo 3/4 Sleeve Knee Length Tent Dress,,Active,
Vivo Pendo Cap Sleeve High Low Tent Dress,,Active,
Vivo Pendo Cap Sleeve High Low Tent Dress,,Active,
Vivo Pendo Cap Sleeve Shift Dress,,Active,
,,,
,,,
,,,
Vivo Pendo Cap Sleeve Tent Knee Length Dress,,Active,
Vivo Pendo Cap Sleeve Tent Knee Length Dress,,Active,
Vivo Pendo Cap Sleeve Tent Knee Length Dress,,Active,
Vivo Pendo Cap Sleeve Tent Knee Length Dress,,Active,
Vivo Pendo Cap Sleeve Tent Knee Length Dress,V0623045,Active,
Vivo Pendo Cap Sleeve Tent Knee Length Dress,,Active,
Vivo Pendo Cap Sleeve Tent Knee Length Dress,,Active,
,,,
Vivo Pendo Cap Sleeve Tent Knee Length Dress,,Active,
Vivo Pendo Puff Sleeve Shift Dress,,Retired,Retired
Vivo Pendo Sleeveless Tent Knee Length Dress,,Active,
Vivo Pendo Sleeveless Tent Knee Length Dress,,Active,
Vivo Pendo Sleeveless Tent Knee Length Dress,,Active,
Vivo Pesi Basic Long Sleeve Shirt,,Active,
Vivo Pesi Basic Long Sleeve Shirt,,Active,
Vivo Pesi Drop Shoulder Shift Dress,,Retired,Retired
Vivo Pesi Drop Shoulder Shift Dress,,Retired,Retired
,,,
Vivo Pesi Drop Shoulder Tent Dress,,Retired,Retired
Vivo Pesi Drop Shoulder Tent Dress,,Retired,Retired
Vivo Pesi Drop Shoulder Tent Dress,,Retired,Retired
Vivo Pesi Drop Shoulder Tent Dress,,Retired,Retired
Vivo Pesi Drop Shoulder Tent Dress,,Retired,Retired
Vivo Pesi Drop Shoulder Tunic,,Retired,Retired
Vivo Pesi Drop Shoulder Tunic,,Retired,Retired
Vivo Pesi Drop Shoulder Tunic,,Retired,Retired
Vivo Pesi Notch Collar Tent Dress,,Retired,Retired
Vivo Pesi Notch Collar Tent Dress,,Retired,Retired
Vivo Pesi Notch Collar Tent Dress,,Retired,Retired
Vivo Pesi Notch Collar Tent Dress,,Retired,Retired
,,Active,
,,Active,
,,Active,
Vivo Poncho DL FS 1,,Active,
Vivo Ponte Back Pleat High Low Dress,,Active,
Vivo Ponte Back Pleat High Low Dress,,Active,
Vivo Ponte Back Pleat High Low Dress,,Active,
Vivo Ponte Back Pleat High Low Dress,,Active,
Vivo Ponte Back Pleat High Low Dress,,Active,
,,,
Vivo Ponte Back Pleat Maxi Dress,,Active,
Vivo Ponte Back Pleat Maxi Dress,,Active,
Vivo Ponte Back Pleat Maxi Dress,,Active,
,,Active,
Vivo Raha Satin Joggers,,Retired,Retired
Vivo Raha Satin Joggers,,Retired,Retired
Vivo Raha Satin Trench Coat,,Active,
Vivo Raha Satin Trench Coat,,Active,
Vivo Raha Satin Trench Coat,,Active,
Vivo Raha Waist Tie Top,,Active,
Vivo Raha Waist Tie Top,V1022076,Retired,Retired
,,,
Vivo Raha Wide Leg Shorts,,Retired,Retired
Vivo Raha Wide Leg Shorts,,Retired,Retired
Vivo Rayon Jersey Bikers,,Active,
Vivo Rayon Jersey Slip Dress,,Retired,Retired
Vivo Rayon Jersey Slip Dress,,Retired,Retired
Vivo Rayon Jersey Slip Dress,,Retired,Retired
Vivo Rayon Jersey Slip Dress,,Retired,Retired
Vivo Rayon Jersey Slip Dress,,Retired,Retired
Vivo Reba Coat Dress,,Retired,Retired
Vivo Reba Coat Dress,,Retired,Retired
Vivo Reba Coat Dress,,Retired,Retired
Vivo Reba Dolman Dress,,Active,
Vivo Reba Dolman Dress,,,
,,,
Vivo Reba Dolman Dress,V0224229,Retired,Retired
Vivo Reba Drop Shoulder Shirt Dress,,Active,
Vivo Reba Drop Shoulder Shirt Dress,,Active,
Vivo Reba Drop Shoulder Shirt Dress,,Active,
Vivo Reba Drop Shoulder Shirt Dress,,Active,
Vivo Reba Drop Shoulder Shirt Dress,,Active,
Vivo Reba Drop Shoulder Shirt Dress,,Active,
Vivo Reba Drop Shoulder Shirt Dress,,Active,
Vivo Reba Drop Shoulder Shirt Dress,,Active,
Vivo Reba Drop Shoulder Shirt Dress,,Active,
Vivo Reba Drop Shoulder Shirt Dress,,Active,
Vivo Reba Drop Shoulder Shirt Dress,,Active,
Vivo Reba Drop Shoulder Shirt Dress,,Active,
Vivo Reba Drop Shoulder Shirt Dress,,Active,
,,,
Vivo Reba Drop Shoulder Shirt Dress,,Active,
Vivo Reba Gathered Dress,,Active,
Vivo Reba Gathered Dress,,Active,
Vivo Reba Gathered Dress,,Active,
Vivo Reba Gathered Dress,,Active,
Vivo Reba Gathered Dress,,Active,
Vivo Reba Hi - Low Dress,,Active,
Vivo Reba Hi Low  Dress,V0224233,Retired,Retired
Vivo Reba Hi Low  Dress,,Active,
Vivo Reba Hi Low  Dress,,Active,
,,,
,,,
Vivo Reba Tent Shirt Dress,,Active,
Vivo Reba Tent Shirt Dress,,Active,
Vivo Rema 3/4 Sleeve Side Slit Tunic Top,,Active,
Vivo Rema 3/4 Sleeve Side Slit Tunic Top,,Active,
Vivo Rema 3/4 Sleeve Side Slit Tunic Top,,Active,
Vivo Rema 3/4 Sleeve Side Slit Tunic Top,,Active,
Vivo Rema 3/4 Sleeve Side Slit Tunic Top,,Active,
Vivo Rema 3/4 Sleeve Side Slit Tunic Top,,Active,
Vivo Rema 3/4 Sleeve Side Slit Tunic Top,,Active,
Vivo Rema 3/4 Sleeve Side Slit Tunic Top,,Active,
Vivo Rema 3/4 Sleeve Side Slit Tunic Top,,Active,
,,,
Vivo Rema 3/4 Sleeve Side Slit Tunic Top,,Active,
Vivo Rema 3/4 Sleeve Side Slit Tunic Top,,Active,
Vivo Rema 3/4 Sleeve Side Slit Tunic Top,,Active,
Vivo Rema Drawstring Pants,,Retired,Retired
,,,
Vivo Rema Drawstring Pants,,Retired,Retired
Vivo Rema Drawstring Pants,,Retired,Retired
Vivo Rema Drawstring Turtleneck,,Retired,Retired
Vivo Rema Drawstring Turtleneck,,Retired,Retired
Vivo Rema High Low Maxi Dress,,Retired,Retired
Vivo Rema High Low Maxi Dress,,Retired,Retired
Vivo Rema High Low Maxi Dress,,Retired,Retired
Vivo Rema High Low Maxi Dress,,Retired,Retired
Vivo Rema High Low Maxi Dress,,Retired,Retired
Vivo Rema High Low Maxi Dress,,Retired,Retired
Vivo Rema High Low Maxi Dress,,Retired,Retired
Vivo Rema Palazzo Pants,,Retired,Retired
Vivo Rema Palazzo Pants,,Retired,Retired
Vivo Rema Slit Tunic Top,,Active,
Vivo Rema Slit Tunic Top,,Active,
Vivo Rema Slit Tunic Top,,Active,
,,,
Vivo Rema Straight Leg Pants,,Active,
Vivo Rema Straight Leg Pants,,Active,
Vivo Rema Straight Leg Pants,,Active,
Vivo Rema Straight Leg Pants,,Active,
Vivo Rema Straight Leg Pants,,Active,
Vivo Rema Straight Leg Pants,,Active,
Vivo Rema Straight Leg Pants,,Active,
Vivo Rema Straight Leg Pants,,Active,
,,,
Vivo Rema Straight Leg Pants,,Active,
Vivo Rema Straight Leg Pants,,Active,
Vivo Rema Waterfall,,Retired,Retired
Vivo Rema Waterfall,,Retired,Retired
Vivo Rema Waterfall,V0425003,Retired,Retired
,,,
Vivo Rema Waterfall,,Retired,Retired
Vivo Rema Waterfall,,Retired,Retired
,,,
Vivo Reversible Nandi Top,,Active,
Vivo Reversible Nandi Top,,Active,
Vivo Reversible Nandi Top,,Active,
Vivo Reversible Poncho Without Fringes,V0224250,Retired,Retired
Vivo Reversible Poncho without Fringes,V0923059,Active,
,,,
,,,
Vivo Ria A-Line Dress,,Active,
Vivo Ria A-Line Dress,,Active,
Vivo Ria Drawstring Pants,,Active,
Vivo Ria Drawstring Pants,,Active,
Vivo Ria Drawstring Pants,,Active,
Vivo Ria Drawstring Pants,,Active,
Vivo Ria Drawstring Pants,,Active,
Vivo Ria Drawstring Pants,,Active,
Vivo Ria Drawstring Pants,,Active,
Vivo Ria Drawstring Pants,,Active,
Vivo Ria Drawstring Pants,,Active,
,,,
Vivo Ria Drop Shoulder Top,,Active,
Vivo Ria Drop Shoulder Top,,Active,
Vivo Ria Drop Shoulder Top,,Active,
Vivo Ria Drop Shoulder Top,,Active,
Vivo Ria Drop Shoulder Top,,Active,
Vivo Ria Mock Neck Top,,Active,
Vivo Ria Mock Neck Top,,Active,
Vivo Ria Mock Neck Top,,Active,
Vivo Ria Mock Neck Top,,Active,
Vivo Ria Mock Neck Top,,Active,
Vivo Ria Mock Neck Top,,Active,
Vivo Ria Mock Neck Top,,Active,
Vivo Ria Panelled Pants,,Active,
Vivo Ria Panelled Pants,,Active,
Vivo Ria Panelled Pants,,Active,
Vivo Ria Panelled Pants,,Active,
Vivo Ria Panelled Pants,,Active,
Vivo Ria Pants & Waterfall Set,,Retired,Retired
Vivo Ria Pants & Waterfall Set,,Retired,Retired
Vivo Ria Pants & Waterfall Set,,Retired,Retired
Vivo Ria Pants & Waterfall Set,,Retired,Retired
Vivo Ria Pants & Waterfall Set,,Retired,Retired
,,,
,,,
,,,
,,,
Vivo Ria Waterfall,V0925017,Retired,Retired
,,,
,,,
,,,
Vivo Ruched Maxi Top in Textured Satin,,Active,
Vivo Ruched Maxi Top in Textured Satin,,Active,
Vivo Ruched Maxi Top in Textured Satin,,Active,
Vivo Ruched Maxi Top in Textured Satin,,Active,
Vivo Ruched Maxi Top in Textured Satin,,Active,
Vivo Ruched Maxi Top in Textured Satin,,Active,
Vivo Ruched Maxi Top in Textured Satin,,,
,,,
Vivo Ruwa Flounce Sleeve Jumpsuit,,Active,
Vivo Ruwa Flounce Sleeve Tent Maxi Dress,,Active,
Vivo Ruwa Flounce Sleeve Tent Maxi Dress,,Active,
Vivo Ruwa Flounce Sleeve Tent Maxi Dress,,Active,
Vivo Ruwa Flounce Sleeve Tent Maxi Dress,,Active,
Vivo Ruwa Flounce Sleeve Tent Maxi Dress,,Active,
Vivo Ruwa Flounce Sleeve Tent Maxi Dress,,Active,
Vivo Ruwa Flounce Sleeve Tent Maxi Dress,,Active,
Vivo Ruwa Pleated Shoulder Top,,Active,
Vivo Ruwa Pleated Shoulder Top,,Active,
Vivo Safa Drawstring Wide Top,,Retired,Retired
Vivo Safa Drawstring Wide Top,,Retired,Retired
Vivo Safa Drawstring Wide Top,,Retired,Retired
Vivo Safa Drawstring Wide Top,,Retired,Retired
Vivo Safa Drawstring Wide Top,,Retired,Retired
,,,
Vivo Safa Drawstring Wide Top,,Retired,Retired
,,,
,,,
Vivo Safa Drop Shoulder Top,,Active,
Vivo Safa Drop Shoulder Top,,Active,
Vivo Safa Drop Shoulder Top,,Active,
Vivo Safa Drop Shoulder Top,V0325011,Active,
Vivo Safa Drop Shoulder Top,,Active,
Vivo Safa Drop Shoulder Top,,Active,
Vivo Safa Drop Shoulder Top,,Active,
Vivo Safa Drop Shoulder Top,,Active,
Vivo Safa Drop Shoulder Top,,Active,
Vivo Safa Drop Shoulder Top,,Active,
Vivo Safa Drop Shoulder Top,,Active,
Vivo Safa Pallazo Pants,,Retired,Retired
Vivo Safa Pallazo Pants,,Retired,Retired
Vivo Safa Pallazo Pants,,Retired,Retired
Vivo Safa Skirt,,Retired,Retired
Vivo Safa Skirt,,Retired,Retired
Vivo Safa Skirt,,Retired,Retired
Vivo Safa Skirt,,Retired,Retired
Vivo Safa Skirt,,Retired,Retired
Vivo Safa Skirt,,Retired,Retired
Vivo Safa Skirt,,Retired,Retired
Vivo Safa Skirt,,Retired,Retired
Vivo Safa Skirt,,Retired,Retired
Vivo Safa Skirt,,Retired,Retired
Vivo Safa Skirt,,Retired,Retired
Vivo Safa Slit Side Top,,Retired,Retired
Vivo Safa Slit Side Top,,Retired,Retired
Vivo Safa Slit Side Top,,Retired,Retired
,,,
Vivo Safa Straight Leg Pants,V0325053,Active,
,,,
Vivo Safa Sweater,,Active,
Vivo Safa Sweater,,Active,
Vivo Safa Sweater,,Active,
Vivo Safa Sweater,,Active,
Vivo Safa Sweater,,Active,
Vivo Safa Sweater,,Active,
Vivo Safa Sweater,,Active,
Vivo Safa Sweater,,Active,
Vivo Safa Sweater,,Active,
Vivo Safa Sweater,,Active,
Vivo Safa Sweater,,Active,
Vivo Safa Sweater,,Active,
Vivo Safa Sweater,,Active,
Vivo Safiya Back Pleat Dress,,Active,
Vivo Safiya Back Pleat Dress,,Active,
Vivo Safiya Back Pleat Dress,,Active,
Vivo Safiya Back Pleat Dress,,Active,
Vivo Safiya Back Pleat Dress,,Active,
Vivo Safiya Back Pleat Dress,,Active,
Vivo Safiya Dolman Top,,Retired,Retired
Vivo Safiya Dolman Top,,Retired,Retired
Vivo Safiya Dolman Top,,Retired,Retired
Vivo Safiya Gathered Shoulder Maxi Dress,,Retired,Retired
Vivo Safiya Gathered Shoulder Maxi Dress,,Retired,Retired
Vivo Safiya Gathered Shoulder Maxi Dress,,Retired,Retired
Vivo Safiya Gathered Shoulder Maxi Dress,,Retired,Retired
Vivo Safiya Maxi Dress,V0224213,Retired,Retired
,,,
Vivo Safiya Wide Top,V0224211,Retired,Retired
Vivo Saida 3/4 Sleeve Top,,Active,
Vivo Saida 3/4 Sleeve Top,,Active,
Vivo Saida 3/4 Sleeve Top,,Active,
Vivo Saida 3/4 Sleeve Top,,Active,
Vivo Saida 3/4 Sleeve Top,,Active,
Vivo Saida Bishop Sleeve Top,,Retired,Retired
Vivo Saida Cap Sleeve Top,,Active,
Vivo Saida Cap Sleeve Top,,Active,
Vivo Saida Cigarrets Pants,,Retired,Retired
Vivo Saida Cigarrets Pants,,Retired,Retired
Vivo Saida Dress Coat,,Retired,Retired
Vivo Saida Dress Coat,,Retired,Retired
Vivo Saida Dress Coat,,Retired,Retired
Vivo Saida Long Sleeve Jacket,,Retired,Retired
Vivo Saida Ruffle Neck Sheath Dress,,Retired,Retired
Vivo Saida Sheath Dress,,Retired,Retired
Vivo Saida Sheath Dress,,Retired,Retired
,,,
Vivo Saida Straight Leg Pants,,Active,
Vivo Saida Straight Leg Pants,,Active,
Vivo Saida Straight Leg Pants,,Active,
Vivo Sakari Cap Sleeve Drape Top,,Retired,Retired
,,,
Vivo Sakari Cap Sleeve Maxi Dress,,Active,
Vivo Sakari Cap Sleeve Maxi Dress,,Active,
Vivo Sakari Cap Sleeve Maxi Dress,,Active,
Vivo Sakari Cap Sleeve Maxi Dress,,Active,
Vivo Sakari Cap Sleeve Maxi Dress,,Active,
Vivo Sakari Cap Sleeve Maxi Dress,,Active,
Vivo Sakari Cap Sleeve Maxi Dress,,Active,
Vivo Sakari Cap Sleeve Maxi Dress,,Active,
Vivo Sakari Cap Sleeve Maxi Dress,,Active,
Vivo Sakari Cap Sleeve Maxi Dress,,Active,
Vivo Sakari Cap Sleeve Maxi Dress,,Active,
Vivo Sakari Cap Sleeve Maxi Dress,,Active,
Vivo Sakari Cap Sleeve Maxi Dress,,Active,
Vivo Sakari Cap Sleeve Maxi Dress,,Active,
,,,
Vivo Sakari Cap Sleeve Maxi Dress,,Active,Core Performer
Vivo Sakari Cap Sleeve Maxi Dress,,Active,Core Performer
Vivo Sakari Cap Sleeve Maxi Dress,,Active,Core Performer
Vivo Sakari Cap Sleeve Maxi Dress,,Active,Core Performer
Vivo Sakari Cap Sleeve Maxi Dress,,Active,Core Performer
,,,
Vivo Sakari Circular Loose Top,V1123165,Active,
,,Active,
,,,
,,,
Vivo Sakari Drop Shoulder Jumpsuit,,Active,
,,,
Vivo Sakari Drop Shoulder Jumpsuit,,Active,
Vivo Sakari Drop Shoulder Jumpsuit,,Active,
Vivo Sakari Drop Shoulder Jumpsuit,,Active,
Vivo Sakari Drop Shoulder Jumpsuit,,Active,
Vivo Sakari Drop Shoulder Jumpsuit,,Active,
Vivo Sakari Drop Shoulder Jumpsuit,,Active,
Vivo Sakari Drop Shoulder Jumpsuit,,Active,
Vivo Sakari Drop Shoulder Jumpsuit,,Active,
Vivo Sakari Drop Shoulder Jumpsuit,,Active,
,,,
Vivo Sakari Drop Shoulder Jumpsuit in Crepe,,Active,
Vivo Sakari Drop Shoulder Jumpsuit in Crepe,,Active,
Vivo Sakari Drop Shoulder Jumpsuit in Crepe,,Active,
Vivo Sakari Drop Shoulder Jumpsuit in Crepe,,Active,
Vivo Sakari Drop Shoulder Jumpsuit in Crepe,,Active,
Vivo Sakari Drop Shoulder Jumpsuit in Crepe,,Active,
Vivo Sakari Drop Shoulder Jumpsuit in Crepe,,Active,
Vivo Sakari Drop Shoulder Jumpsuit in Crepe,,Active,
Vivo Sakari V-Neck Drop Shoulder Top,,Retired,Retired
Vivo Sakari V-Neck Drop Shoulder Top,,Retired,Retired
,,,
Vivo Samira Cape Dress,V1025014,Active,
,,,
Vivo Samira Drawstring Top,V0525030,Active,
Vivo Samira High Low Top,,Active,
Vivo Samira High Low Top,,Active,
Vivo Samira High Low Top,,Active,
Vivo Samira High Low Top,,Active,
Vivo Samira High Low Top,,Active,
Vivo Samira High Low Top,,Active,
Vivo Samira High Low Top,,Active,
Vivo Samira High Low Top,,Active,
Vivo Samira Maxi Kimono,,Retired,Retired
Vivo Samira Maxi Kimono,,Retired,Retired
Vivo Samira Maxi Kimono,,Retired,Retired
Vivo Samira Maxi Kimono,,Retired,Retired
Vivo Samira Maxi Kimono,,Retired,Retired
Vivo Samira Maxi Kimono,,Retired,Retired
Vivo Samira Maxi Kimono,,Retired,Retired
Vivo Samira Maxi Kimono,,Retired,Retired
Vivo Samira Maxi Kimono,,Retired,Retired
Vivo Samira Maxi Kimono,,Retired,Retired
Vivo Samira Maxi Kimono,,Retired,Retired
Vivo Samira Maxi Kimono,,Retired,Retired
Vivo Samira Midi Dress,,Active,
,,,
,,,
Vivo Samira Midi Dress,,Active,
Vivo Samira Midi Dress,,Active,
Vivo Samira Midi Dress,,Active,
Vivo Samira Midi Dress,,Active,
Vivo Samira Midi Dress,,Active,
Vivo Samira Midi Dress,,Active,
Vivo Samira Midi Dress,,Active,
Vivo Samira Midi Dress,,Active,
Vivo Samira Midi Dress,,Active,
Vivo Samira Midi Dress,,Active,
,,,
Vivo Samira Midi Dress in Textured Satin,V0525048,Active,
,,,
Vivo Samira Pants,,Active,
,,,
,,,
Vivo Samira Pants,,Active,
Vivo Samira Pants,,Active,
Vivo Samira Pants,,Active,
Vivo Samira Pants,,Active,
Vivo Samira Pants,,Active,
Vivo Samira Pants,,Active,
Vivo Samira Pants,V0525015,Active,
,,,
,,,
Vivo Samira Slip Skirt,,Active,Recent Performer
Vivo Samira Slip Skirt,,Active,
Vivo Samira Slip Skirt,,Active,
,,,
Vivo Samira Slip Skirt,,Active,
Vivo Samira Slip Skirt,,Active,
,,,
,,,
Vivo Samira Wide Kimono,V0525029,Active,
,,,
,,,
Vivo Samira Wide Satin Kimono,V0525078,Retired,Retired
Vivo Sana Asymmetrical Angel Sleeve Top,,Retired,Retired
Vivo Sana Asymmetrical Angel Sleeve Top,,Retired,Retired
Vivo Sana Asymmetrical Angel Sleeve Top,,Retired,Retired
Vivo Sana Asymmetrical Angel Sleeve Top,,Retired,Retired
Vivo Sana Asymmetrical Angel Sleeve Top,,Retired,Retired
Vivo Sana Asymmetrical Angel Sleeve Top,,Retired,Retired
Vivo Sana Asymmetrical Angel Sleeve Top,,Retired,Retired
Vivo Sana Asymmetrical Angel Sleeve Top,,Retired,Retired
Vivo Sana Asymmetrical Angel Sleeve Top,,Retired,Retired
Vivo Sana Asymmetrical Angel Sleeve Top,,Retired,Retired
Vivo Sana Long Sleeved Maxi cover-Up,,Retired,Retired
Vivo Sana Long Sleeved Maxi cover-Up,,Retired,Retired
Vivo Sana Long Sleeved Maxi cover-Up,,Retired,Retired
Vivo Sana Long Sleeved Maxi cover-Up,,Retired,Retired
Vivo Sana Off shoulder Top,,Active,
Vivo Sana Off shoulder Top,,Active,
Vivo Sanali Batwing Tie Top,,Active,
Vivo Sanali Batwing Tie Top,,Active,
Vivo Sanali Batwing Tie Top,,Active,
Vivo Sanali Batwing Tie Top,,Active,
Vivo Sanali Batwing Tie Top,,Active,
Vivo Sanali Batwing Tie Top,,Active,
Vivo Sanali Batwing Tie Top,,Active,
Vivo Sanali Kaftan Top,,Retired,Retired
Vivo Sanali Kaftan Top,,Retired,Retired
Vivo Sanali Loose Top,V0725026,Active,
Vivo Sanali Maxi Kaftan Dress,,Active,
Vivo Sanali Off - Shoulder Maxi Dress,,Retired,Retired
Vivo Sanali Off - Shoulder Top,,Retired,Retired
Vivo Sanali Off - Shoulder Top,,Retired,Retired
Vivo Sanali Off-Shoulder Knee Length Dress,,Retired,Retired
Vivo Sanali Tent Knee Length Dress,,Active,
Vivo Sanali Trench Coat,,Active,
Vivo Sanali Trench Coat,,Active,
Vivo Sanali Trench Coat,,Active,
Vivo Sanali Trench Coat,,Active,
Vivo Sanali Wide Leg Pants,,Active,
Vivo Sanali Wide Leg Pants,,Active,
Vivo Sanali Wide Leg Pants,,Active,
Vivo Sanali Wide Leg Pants,,Active,
Vivo Sanali Wide Leg Pants,,Active,
Vivo Sanali Wide Leg Pants,,Active,
Vivo Sanali Wide Leg Pants,,Active,
Vivo Sanali Wide Leg Pants,,Active,
Vivo Sanali Wide Leg Pants,,Active,
Vivo Sanali Wide Leg Pants,,Active,
Vivo Sanali Wide Leg Pants,,Active,
Vivo Sanali Wide Leg Pants,,Active,
Vivo Sanali Wide Leg Pants,,Active,
Vivo Sanali Wide Leg Pants,,Active,
Vivo Sani Cape Sleeve V-Neck Jumpsuit,,Active,
Vivo Sani Long Sleeve Ruffle Placket Shirt,,Retired,Retired
Vivo Sani Long Sleeve Ruffle Shirt,,Active,
Vivo Sani Long Sleeve Ruffle Shirt Dress,,Retired,Retired
,,,
,,,
Vivo Sanyu Boat Neck Midriff Top,,Retired,Retired
Vivo Sanyu Boat Neck Midriff Top,,Retired,Retired
Vivo Sanyu Boat Neck Midriff Top,,Retired,Retired
Vivo Sanyu Bubble Off - Shoulder Top,,Retired,Retired
Vivo Sanyu Bubble Off - Shoulder Top,,Retired,Retired
Vivo Sanyu Bubble Off - Shoulder Top,,Retired,Retired
Vivo Sanyu Bubble Sleeve Tent Dress,,Retired,Retired
Vivo Sanyu Bubble Sleeve Tent Dress,,Retired,Retired
Vivo Sanyu Drop Shoulder Top,,Active,
Vivo Sanyu Drop Shoulder Top,,Active,
Vivo Sanyu Maxi Kimono,,Active,
Vivo Sanyu Maxi Kimono,,Active,
Vivo Sanyu Maxi Tent Dress,V1123036,Retired,Retired
Vivo Sanyu Overlap Maxi Cover Up Top,,Retired,Retired
Vivo Sanyu Overlap Maxi Cover Up Top,,Retired,Retired
Vivo Sanyu Overlap Maxi Cover Up Top,,Retired,Retired
,,,
Vivo Sanyu Pleated Pants,,Retired,Retired
Vivo Sanyu Pleated Pants,,Retired,Retired
Vivo Sanyu Shift Dress,,Retired,Retired
Vivo Sarabi Panelled V-Neck Kaftan,V1023029,Retired,Retired
Vivo Sarabi Strappy Flounce Maxi Dress,,Retired,Retired
Vivo Sarabi Strappy Flounce Maxi Dress,,Retired,Retired
Vivo Sarabi Strappy Flounce Maxi Dress,,Retired,Retired
Vivo Sarabi Strappy Flounce Maxi Dress,,Retired,Retired
Vivo Sarabi Strappy Low Back Dress,,Retired,Retired
Vivo Sarabi Strappy Low Back Maxi Dress,,Retired,Retired
Vivo Sarabi Strappy Low Back Maxi Dress,,Retired,Retired
Vivo Sarabi Strappy Low Back Maxi Dress,,Retired,Retired
Vivo Sarabi Strappy Low Back Maxi Dress,,Retired,Retired
Vivo Sarabi Strappy Low Back Maxi Dress,,Retired,Retired
Vivo Sarabi Strappy Low Back Maxi Dress,,Retired,Retired
,V0424161,Retired,Retired
,,,
Vivo Satin Drawstring Pants,,Retired,Retired
Vivo Satin Drawstring Pants,,Retired,Retired
Vivo Satin Drawstring Pants,,Retired,Retired
,,,
Vivo Savannah Shawl Jacket,,Active,
Vivo Savannah Shawl Jacket,,Active,
Vivo Savannah Shawl Jacket,,Active,
Vivo Savannah Shawl Jacket,,Active,
Vivo Savannah Shawl Jacket,,Active,
,,Active,
Vivo Sawari Crossed Cuff Batwing Top,,Active,Core Performer
Vivo Sawari Crossed Cuff Batwing Top,,Active,
Vivo Sawari Crossed Cuff Batwing Top,,Active,
,,,
Vivo Sawari Crossed Cuff Batwing Top,,Active,
Vivo Sawari Crossed Cuff Batwing Top,,Active,
Vivo Sawari Crossed Cuff Batwing Top,,Active,
,,,
Vivo Sawari Crossed Cuff Batwing Top,,Active,
Vivo Sawari Crossed Cuff Batwing Top,,Active,
,,,
Vivo Sawari Crossed Cuff Batwing Top,,Active,
Vivo Sawari Crossed Cuff Batwing Top,,Active,
,,Active,
,,,
Vivo Sawari Crossed Cuff Batwing Top,,Active,
Vivo Sawari Crossed Cuff Batwing Top,,Active,
,,,
Vivo Sawari Crossed Cuff Batwing Top,,Active,
Vivo Sawari Crossed Cuff Batwing Top,,Active,
Vivo Sawari Crossed Cuff Batwing Top,,Active,
Vivo Sawari Crossed Cuff Batwing Top,,Active,
Vivo Sawari Crossed Cuff Batwing Top,,Active,
Vivo Sawari Crossed Cuff Batwing Top,,Active,
Vivo Sawari Crossed Cuff Batwing Top,,Active,
Vivo Sawari Crossed Cuff Batwing Top,,Active,
Vivo Sawari Crossed Cuff Batwing Top,,Active,
Vivo Sawari Crossed Cuff Batwing Top,,Active,
,,,
Vivo Sawari Crossed Cuff Batwing Top in Satin,V0723045,Active,
Vivo Sawari Long Sleeve V-Neck Midriff Top,,Retired,Retired
Vivo Sawari Long Sleeve V-Neck Midriff Top,,Retired,Retired
,,,
,,,
Vivo Scoop Neck Bodycon in Jersey,,Active,
Vivo Scoop Neck Bodycon in Jersey,,Active,
Vivo Scoop Neck Bodycon in Jersey,,Active,
Vivo Scoop Neck Bodycon in Jersey,,Active,
,,Active,
,,Active,
,,Active,
,,Active,
,,Active,
Vivo Selah Bishop Sleeve Top,,Active,
Vivo Selah Bishop Sleeve Top,,Active,
,,Active,Recent Performer
,,Active,Recent Performer
Vivo Selah Dolman Top,,Active,
Vivo Selah Dolman Top,,Active,
Vivo Selah Dolman Top,,Active,
Vivo Selah Double Layered Coat,,Retired,Retired
Vivo Selah Double Layered Coat,,Retired,Retired
Vivo Selah Double Layered Coat,,Retired,Retired
Vivo Selah Double Layered Coat,,Retired,Retired
Vivo Selah Double Layered Coat,,Retired,Retired
Vivo Selah Double Layered Coat,,Retired,Retired
,,Active,
Vivo Selah Maxi Dress,,Active,
Vivo Selah Maxi Dress,,Active,
Vivo Selah Midi Skirt,,Active,
Vivo Selah Midi Skirt,,Active,
,,,
Vivo Selah Mock Neck Top in Stretch Rib,,Active,
,,,
,,,
,,,
Vivo Selah Mock Neck Top in Stretch Rib,,Active,
Vivo Selah Mock Neck Top in Stretch Rib,,Active,
Vivo Selah Mock Neck Top in Stretch Rib,,Active,
,,,
,,,
Vivo Selah Mock Neck Top in Stretch Rib,,Active,
,,,
Vivo Selah Mock Neck Top in Stretch Rib,,Active,
,,,
,,,
,,,
,,,
Vivo Selah Mock Neck Top in Stretch Rib,,Active,
Vivo Selah Palazzo Pants in Stretch,,Active,
Vivo Selah Palazzo Pants in Stretch Rib,,Active,
,,,
Vivo Selah Palazzo Pants in Stretch Rib,V0525058,Retired,Retired
Vivo Selah Palazzo Pants in Stretch Rib,,Active,
,,,
Vivo Selah Palazzo Pants in Stretch Rib,,Active,
,,,
Vivo Selah Palazzo Pants in Stretch Rib,,Active,
,,,
,,,
Vivo Selah Palazzo Pants in Stretch Rib,,Active,
Vivo Selah Palazzo Pants in Stretch Rib,,Active,
Vivo Selah Palazzo Pants in Stretch Rib,,Active,
,,,
Vivo Selah Palazzo Pants in Stretch Rib,,Active,
,,,
,,,
,,,
,,,
,,,
,,,
Vivo Selah Sleeveless Maxi Dress in Stretch Rib,V0625013,Active,Recent Performer
Vivo Selah Sleeveless Maxi Dress in Stretch Rib,,Active,Recent Performer
Vivo Selah Sleeveless Maxi Dress in Stretch Rib,,Active,Recent Performer
Vivo Selah Maxi Dress,,Active,Recent Performer
,,,
Vivo Selah Straight Leg Pants,,Active,
Vivo Selah Straight Leg Pants,,Active,
Vivo Selah Straight Leg Pants,,Active,
Vivo Seli Bishop Sleeve Knee Length Dress,,Active,
Vivo Seli Head Wrap,V0125084,Active,
Vivo Seli Kimono,,Active,
,,,
,,,
Vivo Seli Maxi Dress,,Active,
Vivo Seli Maxi Dress,,Active,
Vivo Seli Maxi Dress,,Active,
Vivo Seli Maxi Dress,,Active,
Vivo Seli Maxi Dress,,Active,
Vivo Seli Maxi Dress,,Active,
Vivo Seli Maxi Dress,,Active,
Vivo Seli Maxi Dress,,Active,
Vivo Seli Maxi Dress,,Active,
Vivo Seli Maxi Dress,,Active,
Vivo Seli Maxi Dress,,Active,
Vivo Seli Maxi Dress,,Active,
Vivo Seli Maxi Dress,,Active,
Vivo Seli Maxi Dress,,Active,
Vivo Seli Maxi Dress,,Active,
Vivo Seli Maxi Dress,V1124117,Active,
Vivo Seli Maxi Dress,,Active,
Vivo Seli Maxi Dress,,Active,NOOS
,,,
Vivo Seli Maxi Skirt,,Retired,Retired
Vivo Seli Maxi Skirt,,Retired,Retired
Vivo Seli Maxi Skirt,,Retired,Retired
Vivo Seli Maxi Skirt,,Retired,Retired
,,,
Vivo Seli Midi Skirt,,Active,
Vivo Seli Midi Skirt,,Active,
Vivo Seli Midi Skirt,,Active,
Vivo Seli Midi Skirt,,Active,
Vivo Seli Midi Skirt,,Active,
Vivo Seli Midi Skirt,,Active,
,,Retired,Retired
Vivo Seli Shorts,,Retired,Retired
Vivo Seli Shorts,V1124110,Retired,Retired
Vivo Seli Strappy Tent Top,,Retired,Retired
Vivo Seli Strappy Tent Top,,Retired,Retired
Vivo Seli V-Neck Knee Length Dress,,Active,
Vivo Seli V-Neck Knee Length Dress,,Active,
Vivo Seli V-Neck Length Dress,,Retired,Retired
Vivo Seli V-Neck Midi Dress,,Retired,Retired
Vivo Seli Wide Leg Pants,,Active,
Vivo Seli Wide Leg Pants,,Active,
Vivo Seli Wide Leg Pants,,Active,
Vivo Seli Wide Leg Pants,,Active,
Vivo Seli Wide Leg Pants,,Active,
Vivo Seli Wide Leg Pants,,Active,
Vivo Seli Wide Leg Pants,,Active,
Vivo Seli Wide Leg Pants,,Active,
Vivo Seli Wide Leg Pants,,Active,
Vivo Seli Wide Top,,Active,
Vivo Seli Wide Top,,Active,
Vivo Seli Wide Top,,Active,
Vivo Seli Wide Top,,Active,
Vivo Seli Wide Top,,Active,
Vivo Seli Wide Top,,Active,
Vivo Seli Wide Top,,Active,
,,,
Vivo Serwa Asymmetric Top,,Active,
Vivo Serwa Asymmetric Top,,Active,
,,,
Vivo Serwa Crepe Pants,,Retired,Retired
Vivo Serwa Crepe Pants,,Retired,Retired
Vivo Serwa Crepe Pants,,Retired,Retired
,,,
,,,
Vivo Serwa Flounce Dress,,Active,
Vivo Serwa Flounce Dress,,Active,
Vivo Serwa Flounce Dress,,Active,
Vivo Serwa Flounce Dress,,Active,
,,,
Vivo Serwa Flounce Dress,,Active,
Vivo Serwa Flounce Dress,,Active,
Vivo Serwa Flounce Dress,,Active,
Vivo Serwa Flounce Dress,,Active,
Vivo Serwa Flounce Dress,,Active,
Vivo Serwa Flounce Dress,,Active,
Vivo Serwa Flounce Dress,,Active,
Vivo Serwa Flounce Dress,,Active,
Vivo Serwa Square Neck Maxi Dress,,Retired,Retired
Vivo Serwa Square Neck Maxi Dress,,Retired,Retired
Vivo Serwa Square Neck Maxi Dress,,Retired,Retired
Vivo Serwa Square Neck Maxi Dress,,Retired,Retired
Vivo Serwa Square Neck Maxi Dress,,Retired,Retired
,,,
,,,
Vivo Serwa Tent Dress,,Active,
Vivo Serwa Tent Dress,,Active,
Vivo Serwa Tent Dress,,Active,
Vivo Serwa Tent Dress,,Active,
Vivo Serwa Tent Dress,,Active,
Vivo Serwa Tent Dress,,Active,
Vivo Serwa Tent Dress,,Active,
Vivo Serwa Tent Dress,,Active,
Vivo Serwa Tent Dress,,Active,
Vivo Serwa Tent Dress,,Active,
Vivo Serwa Tent Dress,,Active,
Vivo Serwa Tent Dress,,Active,
Vivo Serwa Tent Dress,,Active,
Vivo Serwa Tent Dress,,Active,
Vivo Serwa Tent Dress,,Active,
Vivo Serwa Tent Dress,,Active,
Vivo Serwa Tent Dress,,Active,
Vivo Serwa Tent Dress,,Active,
,,,
,,,
Vivo Serwa Tent Dress In Crepe,,Active,
,,,
Vivo Serwa Tent Dress In Crepe,,Active,
,,,
,,,
Vivo Serwa Tent Dress In Crepe,,Active,
Vivo Serwa Tent Dress In Crepe,,Active,
,,,
Vivo Serwa Tent Dress,,Active,
Vivo Serwa Tent Dress,,Active,
Vivo Serwa Tent Dress,,Active,
Vivo Serwa Tiered Maxi Skirt,,Active,
Vivo Serwa Tiered Maxi Skirt,,Active,
Vivo Serwa Wide Leg Jumpsuit,,Retired,Retired
Vivo Serwa Wide Leg Jumpsuit,,Retired,Retired
Vivo Serwa Wide Leg Jumpsuit,,Retired,Retired
Vivo Shaa Drop Shoulder Knee Length Dress,,Retired,Retired
Vivo Shaa Drop Shoulder Knee Length Dress,,Retired,Retired
Vivo Shaa Drop Shoulder Knee Length Dress,,Retired,Retired
Vivo Shaa Drop Shoulder Knee Length Dress,,Retired,Retired
Vivo Short Jacket/ Coat,V0720056,Active,
Vivo Short Kimono,,Active,
Vivo Short Kimono,,Active,
Vivo Short Kimono,,Active,
,,Active,
Vivo Short Kimono,,Active,
Vivo Short Kimono,,Active,
Vivo Short Kimono,,Active,
Vivo Short Kimono,,Active,
Vivo Short Kimono,,Active,
Vivo Short Kimono,,Active,
Vivo Short Kimono,VE0033,Active,
Vivo Short Kimono,,Active,
Vivo Short Side Pleat Sweater,,Active,
Vivo Short Side Pleat Sweater,,Active,
Vivo Short Side Pleat Sweater,,Active,
Vivo Short Side Pleat Sweater,,Active,
Vivo Short Side Pleat Sweater,,Active,
Vivo Short Side Pleat Sweater,,Active,
Vivo Short Side Pleat Sweater,,Active,
,,Active,
,,,
Vivo Shorts,,Retired,Retired
Vivo Shorts,,Retired,Retired
Vivo Shorts,,Retired,Retired
Vivo Shorts,,Retired,Retired
Vivo Shorts,,Retired,Retired
Vivo Shorts,,Retired,Retired
Vivo Shorts,,Retired,Retired
Vivo Shorts,VE0034,Retired,Retired
Vivo Sia 3/4 Bishop Sleeve Shift Dress (Petite),,Retired,Retired
Vivo Sia Leisure Pants,,Retired,Retired
Vivo Sia Leisure Pants,,Retired,Retired
Vivo Sia Leisure Pants,,Retired,Retired
Vivo Sia Leisure Pants,,Retired,Retired
Vivo Side Slit Midi Waterfall,,Active,
Vivo Side Slit Midi Waterfall,,Active,
Vivo Side Slit Midi Waterfall,,Active,
Vivo Side Slit Midi Waterfall,,Active,
Vivo Side Slit Midi Waterfall,,Active,
Vivo Side Slit Midi Waterfall,,Active,
Vivo Side Slit Midi Waterfall,,Active,
Vivo Side Slit Midi Waterfall,,Active,
Vivo Side Slit Midi Waterfall,,Active,
Vivo Side Slit Midi Waterfall,,Active,
,,Active,
Vivo Sierra Bishop Sleeve Satin Top,,Active,
,,Active,
Vivo Sierra Bishop Sleeve Top,,Active,
Vivo Sierra Bishop Sleeve Top,,Active,
Vivo Sierra Bishop Sleeve Top,,Active,
,,,
,,,
,,,
Vivo Sierra Cap Sleeve Tent Chiffon Dress,,Active,
Vivo Sierra Cap Sleeve Tent Chiffon Dress,,Active,
Vivo Sierra Cap Sleeve Tent Chiffon Dress,V0221084,Active,
Vivo Sierra Cap Sleeve Tent Chiffon Dress,,Active,
Vivo Sierra Cap Sleeve Tent Chiffon Dress,,Active,
Vivo Sierra Cap Sleeve Tent Chiffon Dress,,Active,
Vivo Sierra Cap Sleeve Tent Chiffon Dress,,Active,
Vivo Sierra Cap Sleeve Tent Chiffon Dress,,Active,
Vivo Sierra Cap Sleeve Tent Chiffon Dress,,Active,
Vivo Sierra Cap Sleeve Tent Chiffon Dress,,Active,
Vivo Sierra Cap Sleeve Tent Chiffon Dress,,Active,
Vivo Sierra Cap Sleeve Tent Chiffon Dress,,Active,
Vivo Sierra Cap Sleeve Tent Chiffon Dress,,Active,
Vivo Sierra Cap Sleeve Tent Chiffon Dress,,Active,
Vivo Sierra Cap Sleeve Tent Chiffon Dress,,Active,
Vivo Sierra Cap Sleeve Tent Chiffon Dress,,Active,
Vivo Sierra Cap Sleeve Tent Chiffon Dress,,Active,
Vivo Sierra Cap Sleeve Tent Chiffon Dress,,Active,
Vivo Sierra Cap Sleeve Tent Chiffon Dress,,Active,
Vivo Sierra Cap Sleeve Tent Chiffon Dress,,Active,
Vivo Sierra Cap Sleeve Tent Chiffon Dress,,Active,
Vivo Sierra Cap Sleeve Tent Chiffon Dress,,Active,
Vivo Sierra Cap Sleeve Tent Chiffon Dress,,Active,
Vivo Sierra Cap Sleeve Tent Chiffon Dress,,Active,
Vivo Sierra Cap Sleeve Tent Chiffon Dress,,Active,
,,,
Vivo Sierra Cap Sleeve Tent Chiffon Dress,,Active,
Vivo Sierra Long Sleeve Top (Double Layered),V0925019,Active,
,,,
,,,
,,,
,,,
Vivo Sierra Long Sleeve Top in Chiffon (Double Layered),,Active,
Vivo Sierra Long Sleeve Top in Chiffon (Double Layered),,Active,
Vivo Sierra Long Sleeve Top in Chiffon (Double Layered),,Active,
Vivo Sierra Long Sleeve Top in Chiffon (Double Layered),,Active,
Vivo Sierra Long Sleeve Top in Chiffon (Double Layered),,Active,
Vivo Sierra Long Sleeve Top in Chiffon (Double Layered),,Active,
Vivo Sierra Long Sleeve Top(Double Layered),,Active,
Vivo Sierra Long Sleeve Top(Double Layered),,Active,
,,,
Vivo Sierra Maxi Chiffon Dress,,Active,
,,,
Vivo Sierra Maxi Chiffon Dress,,Active,
Vivo Sierra Maxi Chiffon Dress,,Active,
Vivo Sierra Maxi Chiffon Dress,,Active,
Vivo Sierra Maxi Chiffon Dress,V0425034,Active,
,,,
,,Active,
,,Active,
,,Active,
,,Active,
Vivo Sierra Tent Knee Length Dress,,Active,
Vivo Situ Off Shoulder Top,,Retired,Retired
Vivo Situ Off Shoulder Top,,Retired,Retired
,,,
Vivo Situ Off-Shoulder Tie Maxi Dress,,Retired,Retired
Vivo Situ Off-Shoulder Tie Maxi Dress,,Retired,Retired
Vivo Situ Off-Shoulder Tie Maxi Dress,,Retired,Retired
Vivo Situ Off-Shoulder Tie Maxi Dress,,Retired,Retired
Vivo Situ Off-Shoulder Tie Maxi Dress,,Retired,Retired
Vivo Situ Ruffle Neck Jumpsuit,,Retired,Retired
Vivo Situ Ruffle Neck Jumpsuit,,Retired,Retired
Vivo Situ Ruffle Neck Maxi Dress,,Retired,Retired
Vivo Situ Ruffle Neck Top,,Retired,Retired
Vivo Situ Side Slit Midi Kimono,,Retired,Retired
Vivo Situ Tulip Pants,,Retired,Retired
Vivo Sleeveless Blazer,,Retired,Retired
Vivo Sleeveless Blazer,,Retired,Retired
Vivo Sleeveless Blazer,,Retired,Retired
,,,
Vivo Sleeveless Bodycon in Stretch Rib,,Active,
Vivo Sleeveless Bodycon in Stretch Rib,,Active,
,,,
,,Active,
,,Active,
,,Active,
,,Active,
,,Active,
,,Active,
,,Active,
,,Active,
,,Active,
,,Active,
,,Active,
,,Active,
,,Active,
,,Active,
,,Active,
,,Active,
,,Active,
Vivo Sleeveless Side Slit Midi Waterfall,,Active,
Vivo Sleeveless Side Slit Midi Waterfall,,Active,
Vivo Sleeveless Side Slit Midi Waterfall,,Active,
Vivo Sleeveless Side Slit Midi Waterfall,,Active,
Vivo Sleeveless Side Slit Midi Waterfall,,Active,
Vivo Sleeveless Side Slit Midi Waterfall,,Active,
Vivo Sleeveless Side Slit Midi Waterfall,,Active,
Vivo Sleeveless Sweater Bodycon,,Retired,Retired
,,,
Vivo Sleeveless Vest in Ponte,,Active,
Vivo Sleeveless Vest in Ponte,,Active,
Vivo Sleeveless Vest in Ponte,,Active,
Vivo Sleeveless Vest in Ponte,,Active,
Vivo Sleeveless Vest in Ponte,,Active,
Vivo Sleeveless Vest in Ponte,,Active,
Vivo Sleeveless Vest in Ponte,,Active,
Vivo Sleeveless Vest in Ponte,,Active,
,,Active,Recent Performer
,,Active,Recent Performer
,,Active,Recent Performer
,,Active,Recent Performer
,,Active,Recent Performer
Vivo Solei Shorts(without lining),,Retired,Retired
Vivo Solei Shorts(without lining),,Retired,Retired
Vivo Solei Shorts(without lining),,Retired,Retired
Vivo Soleil Asymmetrical Hem Tunic Kaftan,,Active,
Vivo Soleil Asymmetrical Hem Tunic Kaftan,,Active,
Vivo Soleil Asymmetrical Hem Tunic Kaftan,,Active,
Vivo Soleil Handkerchief Drape Wide Top,,Retired,Retired
Vivo Soleil Handkerchief Drape Wide Top,,Retired,Retired
Vivo Soleil Handkerchief Drape Wide Top,,Retired,Retired
Vivo Soleil Handkerchief Drape Wide Top,,Retired,Retired
Vivo Soleil Handkerchief Drape Wide Top,,Retired,Retired
Vivo Soleil Handkerchief Drape Wide Top,,Retired,Retired
Vivo Soleil Handkerchief Drape Wide Top,,Retired,Retired
Vivo Soleil Handkerchief Drape Wide Top,,Retired,Retired
Vivo Soleil Short Kimono,V0723093,Active,
Vivo Soleil Shorts,,Retired,Retired
Vivo Soleil Shorts,,Retired,Retired
Vivo Soleil Shorts,,Retired,Retired
Vivo Soleil Sleeveless Drape Jumpsuit,,Retired,Retired
,,,
Vivo Soleil Sleeveless Drape Jumpsuit,V0923001,Retired,Retired
Vivo Soleil Sleeveless Drape Jumpsuit,,Retired,Retired
Vivo Soleil Sleeveless Drape Top,,Active,
Vivo Soleil Sleeveless Drape Top,,Active,
Vivo Soleil Sleeveless Drape Top,,Active,
Vivo Soleil Sleeveless Drape Top,,Active,
Vivo Soleil Sleeveless Drape Top,,Active,
Vivo Soleil Sleeveless Drape Top,,Active,
Vivo Soleil Sleeveless Layered Knee Length Dress,,Retired,Retired
Vivo Soleil Sleeveless Layered Knee Length Dress,,Retired,Retired
Vivo Soleil Sleeveless Layered Knee Length Dress,,Retired,Retired
Vivo Soleil Sleeveless Layered Top,,Retired,Retired
Vivo Soleil Sleeveless Layered Top,,Retired,Retired
Vivo Soleil Sleeveless Layered Top,,Retired,Retired
Vivo Soleil Wide leg Pleated Pants,,Active,
Vivo Soleil Wide leg Pleated Pants,,Active,
Vivo Soleil Wide leg Pleated Pants,,Active,
Vivo Soleil Wide leg Pleated Pants,,Active,
Vivo Soleil Wide leg Pleated Pants,,Active,
,,,
Vivo Spandex Bikers,,Active,
Vivo Spandex Playsuit,,Active,
Vivo Spandex Slip Dress,,Active,
Vivo Spandex Tank Top,,Active,
,,Active,
,,Active,
,,Active,
,,Active,
Vivo Maisha Straight Leg Pants In Crepe,,Active,
Vivo Maisha Straight Leg Pants In Crepe,,Active,
Vivo Maisha Straight Leg Pants In Crepe,,Active,
,,Active,
,,Active,
,,Active,
,,Active,
,,,
Vivo Strappy Sun Dress,,Active,
Vivo Strappy Sun Dress,,Active,
Vivo Strappy Tiered Maxi Dress,,Active,
Vivo Strappy Tiered Maxi Dress,VE0044,Active,
,,,
,,,
,,,
,,,
,,Active,
,,Active,
,,Active,
,,Active,
Vivo Studio Bell Sleeve Bodycon in Stretch Rib,,Active,
Vivo Studio Bell Sleeve Bodycon in Stretch Rib,,Active,
,,Active,
,,Active,
,,Active,
,,Active,
,,,
Vivo Studio Bodysuit In Jersey,,Active,
Vivo Studio Bodysuit In Jersey,,Active,
Vivo Studio Bodysuit In Jersey,,Active,
Vivo Studio Bodysuit In Jersey,,Active,
Vivo Studio Bodysuit In Jersey,,Active,
,,Active,
,,Active,
,,Active,
,,Active,
,,Active,
,,Active,
Vivo Studio Crew Neck Tee in Rib,,Active,
Vivo Studio Crew Neck Tee in Rib,,Active,
Vivo Studio Crew Neck Tee in Rib,,Active,
Vivo Studio Crew Neck Tee in Rib,,Active,
Vivo Studio Crew Neck Tee in Rib,,Active,
,,,
Vivo Studio Double Layered Tie Bodycon in Jersey,,Active,
Vivo Studio Double Layered Tie Bodycon in Jersey,,Active,
Vivo Studio Double Layered Tie Bodycon in Jersey,,Active,
Vivo Studio Double Layered Tie Bodycon in Jersey,,Active,
Vivo Studio Double Layered Tie Bodycon in Jersey,,Active,
,,,
Vivo Studio Drawstring Pants in Velvet,,,
Vivo Studio Drawstring Pants in Velvet,,,
,,,
Vivo Studio Flared Pants In Ponte,,Active,
,,,
Vivo Studio Flared Pants In Ponte,,Active,
Vivo Studio Flared Pants In Ponte,,Active,
Vivo Studio Flared Pants In Ponte,,Active,
Vivo Studio Flared Pants In Ponte,,Active,
Vivo Studio Flared Pants In Ponte,,Active,
Vivo Studio Flared Pants In Ponte,,Active,
,,Active,
,,Active,
,,Active,
,,Active,
,,,
Vivo Studio Longline Shorts in Crepe,,Active,
Vivo Studio Longline Shorts in Crepe,,Active,
Vivo Studio Longline Shorts in Crepe,,Active,
Vivo Studio Longline Shorts in Crepe,,Active,
Vivo Studio Longline Shorts in Crepe,,Active,
,,,
Vivo Studio Lounge Pants in Rib,,Active,
Vivo Studio Lounge Pants in Rib,,Active,
Vivo Studio Lounge Pants in Rib,,Active,
Vivo Studio Lounge Pants in Rib,,Active,
Vivo Studio Lounge Pants in Rib,,Active,
,,,
Vivo Studio Maxi Bodycon in Jersey,,Active,
Vivo Studio Maxi Bodycon in Jersey,,Active,
Vivo Studio Maxi Bodycon in Jersey,,Active,
,,,
Vivo Studio Mini Bubble Skirt in Satin,,Active,
Vivo Studio Mini Bubble Skirt in Satin,,Active,
Vivo Studio Mini Bubble Skirt in Satin,,Active,
Vivo Studio Mini Bubble Skirt in Satin,,Active,
Vivo Studio Mini Bubble Skirt in Satin,,Active,
Vivo Studio Mini Pencil Skirt in Ponte,,Retired,Retired
Vivo Studio Mini Pencil Skirt in Ponte,,Retired,Retired
,,Active,
Vivo Studio Panelled Mini Dress in Ponte,,Active,
,,,
Vivo Studio Panelled Mini Dress in Ponte,,Active,
Vivo Studio Panelled Mini Dress in Ponte,,Active,
,,Active,
,,,
Vivo Studio Shoulder Tie Top in Jersey,,Active,
Vivo Studio Shoulder Tie Top in Jersey,,Active,
Vivo Studio Shoulder Tie Top in Jersey,,Active,
Vivo Studio Shoulder Tie Top in Jersey,,Active,
Vivo Studio Shoulder Tie Top in Jersey,,Active,
,,,
Vivo Studio Strapless Maxi in Crepe,,Active,
,,,
,,,
Vivo Studio Strapless Maxi in Crepe,,Active,
Vivo Studio Strapless Maxi in Crepe,,Active,
,,,
Vivo Studio Strapless Maxi in Crepe,,Active,
Vivo Studio Striped Pants In Crepe,,Active,
Vivo Studio Striped Pants In Crepe,,Active,
Vivo Studio Striped Pants In Crepe,,Active,
Vivo Studio Striped Pants In Crepe,,Active,
Vivo Studio Striped Pants In Crepe,,Active,
Vivo Studio Sweatshirt in Velvet,,Active,
Vivo Studio Sweatshirt in Velvet,,Active,
Vivo Sweaters & Ponchos,,Active,
Vivo Sweaters & Ponchos,,Active,
,,,
Vivo Tahisa Loose Top,V0325020,Retired,Retired
Vivo Tahisa Straight Leg Pants,,Active,
Vivo Tahisa Straight Leg Pants,,Active,
Vivo Tahisa Straight Leg Pants,,Active,
Vivo Tahisa Straight Leg Pants,,Active,
Vivo Tahisa Straight Leg Pants,,Active,
Vivo Tahisa Straight Leg Pants,,Active,
Vivo Tahisa Straight Leg Pants,,Active,
Vivo Tahisa Straight Leg Pants,,Active,
Vivo Tahisa Straight Leg Pants,,Active,
Vivo Tahisa Straight Leg Pants,,Active,
Vivo Taji Straight Leg Pants,,Retired,Retired
Vivo Takali 3/4 Sleeve Tie Top,,Active,
Vivo Takali 3/4 Sleeve Tie Top,,Active,
Vivo Takali 3/4 Sleeve Tie Top,,Active,
Vivo Takali 3/4 Sleeve Tie Top,V0425033,Retired,Retired
,,,
Vivo Takali Asymmetrical Midi Length Kaftan,V0425012,Active,
,,,
Vivo Takali Frilled Midi Dress,,Active,
Vivo Takali Frilled Midi Dress,,Active,
Vivo Takali Frilled Midi Dress,,Active,
Vivo Takali Frilled Midi Dress,,Active,
Vivo Takali Frilled Midi Dress,,Active,
Vivo Takali Jumpsuit,,Retired,Retired
Vivo Takali Jumpsuit,V0325078,Retired,Retired
Vivo Takali Jumpsuit,,Retired,Retired
Vivo Takali Jumpsuit,,Retired,Retired
,,,
,,,
Vivo Takali Tunic Top In Satin,,Active,
Vivo Takali Tunic Top In Satin,,Active,
Vivo Takali Tunic Top In Satin,,Active,
Vivo Takali Tunic Top,,Active,
Vivo Takali Tunic Top,,Active,
Vivo Takali Tunic Top In Satin,,Active,
Vivo Takali Tunic Top In Satin,,Active,
Vivo Takali Tunic Top In Satin,,Active,
Vivo Takali Tunic Top In Satin,,Active,
Vivo Takali Tunic Top In Satin,,Active,
Vivo Takali Tunic Top In Satin,,Active,
Vivo Takali Tunic Top,,Active,
Vivo Takali Tunic Top In Satin,,Active,
Vivo Talek Lap - Over Top,,Retired,Retired
,,Active,
,,Active,
,,,
Vivo Talia Front Slit Maxi Top,,Active,
Vivo Talia Front Slit Maxi Top,,Active,
Vivo Talia Front Slit Maxi Top,,Active,
,,,
Vivo Talia Front Slit Maxi Top,,Active,
Vivo Talia Front Slit Maxi Top,,Active,
Vivo Talia Front Slit Maxi Top,,Active,
Vivo Talia Front Slit Maxi Top,,Active,
Vivo Talia Kimono & Shorts Set,,Active,
Vivo Talia Kimono & Shorts Set,,Active,
Vivo Talia Kimono & Shorts Set,,Active,
Vivo Talia Kimono & Shorts Set,,Active,
Vivo Talia Kimono & Shorts Set,,Active,
,,Active,
,,,
Vivo Talia Maxi Slip Skirt in Satin,,Active,
Vivo Talia Maxi Slip Skirt in Satin,,Active,
Vivo Talia Maxi Slip Skirt in Satin,,Active,
Vivo Talia Maxi Slip Skirt in Satin,,Active,
Vivo Talia Maxi Slip Skirt in Satin,,Active,
Vivo Talia Maxi Slip Skirt in Satin,,Active,
,,,
,,,
Vivo Talia Sleeveless Tank Top,V1025056,Active,
Vivo Talia Sleeveless Tank Top,,Active,
Vivo Talia Sleeveless Tank Top,,Active,
Vivo Talia Sleeveless Tank Top,,Active,
Vivo Talia Sleeveless Tank Top,,Active,
,,,
Vivo Talia Slim Pants,,Active,
Vivo Talia Slim Pants,,Active,
Vivo Talia Slim Pants,,Active,
,,,
Vivo Talia Wide Leg Pants,,Active,
Vivo Talia Wide Leg Pants,,Active,
Vivo Talia Wide Leg Pants,,Active,
Vivo Talia Wide Leg Pants,,Active,
Vivo Talia Wide Leg Pants,,Active,
Vivo Tana 3/4 Tulip Sleeve Overlap Maxi Top,,Retired,Retired
Vivo Tana Jersey Tulip Back Waterfall,,Retired,Retired
,,,
Vivo Tana Off Shoulder Maxi Dress,,Retired,Retired
Vivo Tana Off Shoulder Maxi Dress,,Retired,Retired
Vivo Tana Off Shoulder Maxi Dress,,Retired,Retired
Vivo Tana Off Shoulder Maxi Dress,,Retired,Retired
Vivo Tana Off Shoulder Maxi Dress,,Retired,Retired
Vivo Tana Off Shoulder Maxi Dress,,Retired,Retired
Vivo Tana Off Shoulder Maxi Dress,,Retired,Retired
Vivo Tana Off Shoulder Maxi Dress,,Retired,Retired
Vivo Tana Off Shoulder Maxi Dress,,Retired,Retired
Vivo Tana Off Shoulder Maxi Dress,,Retired,Retired
Vivo Tana Off Shoulder Maxi Dress,,Retired,Retired
Vivo Tana Puff Sleeve A-Line Dress,,Retired,Retired
,,,
Vivo Tana Puff Sleeve Bodysuit,,Active,
Vivo Tana Puff Sleeve Bodysuit,,Active,
Vivo Tana Puff Sleeve Bodysuit,,Active,
Vivo Tana Puff Sleeve Bodysuit,,Active,
Vivo Tana Puff Sleeve Bodysuit,,Active,
Vivo Tana Puff Sleeve Bodysuit,,Active,
,,,
Vivo Tana Puff Sleeve Bodysuit In Jersey,V0822077,Retired,Retired
,,,
,,,
,,,
Vivo Tana Puff Sleeve Bodysuit In Jersey,,Active,
Vivo Tana Puff Sleeve Bodysuit In Jersey,,,
,,,
Vivo Tana Scalloped V-Neck Top,,Retired,Retired
Vivo Tanda A-Line Maxi Dress,,,
Vivo Tanda A-Line Maxi Dress,,,
Vivo Tanda A-Line Maxi Dress,,Retired,Retired
Vivo Tanda A-Line Maxi Dress,,Retired,Retired
Vivo Tanda Batwing Top,,Retired,Retired
Vivo Tanda Batwing Top,,Retired,Retired
,,,
Vivo Tanda Cap Sleeve Sheath Dress in Ponte,,Active,
Vivo Tanda Cap Sleeve Sheath Dress in Ponte,,Active,
Vivo Tanda Cap Sleeve Sheath Dress in Ponte,,Active,
Vivo Tanda Cap Sleeve Sheath Dress in Ponte,,Active,
Vivo Tanda Handkerchief Drape Top,V0825002,Retired,Retired
Vivo Tanda Handkerchief Drape Top,,Active,
Vivo Tanda Handkerchief Drape Top,,Active,
,,,
Vivo Tanda Loose Sweater,V0725043,Active,
,,,
Vivo Tanda Maxi Dress in Ponte,,Active,
,,,
,,,
,,,
Vivo Tanda Maxi Dress in Ponte,,Active,
,,,
,,,
,,,
,,,
Vivo Tanda Maxi Dress in Ponte,,Active,
,,,
,,,
Vivo Tanda Maxi Dress in Ponte,,Active,
,,,
,,,
Vivo Tanda Maxi Dress in Ponte,,Active,
,,,
,,,
,,,
Vivo Tanda Maxi Dress in Ponte,,Active,
,,,
Vivo Tanda Maxi Skirt,V0725047,Retired,Retired
Vivo Tanda Maxi Skirt,,Active,Recent Performer
Vivo Tanda Maxi Skirt,,Active,Recent Performer
Vivo Tanda Maxi Skirt,,Active,Recent Performer
Vivo Tanda Maxi Skirt,,Active,Recent Performer
Vivo Tanda Maxi Skirt,,Active,Recent Performer
Vivo Tanda Palazzo Pants,,Active,
Vivo Tanda Palazzo Pants,,Active,
Vivo Tanda Palazzo Pants,,Active,
Vivo Tanda Palazzo Pants,,Active,
Vivo Tanda Palazzo Pants,,Active,
Vivo Tanda Pant and Top Set,,Active,
Vivo Tanda Pant and Top Set,,Active,
Vivo Tanda Pant and Top Set,,Active,
Vivo Tanda Pant and Top Set,,Active,
Vivo Tanda Pant and Top Set,,Active,
Vivo Tanda Skirt & Top Set,,Active,
Vivo Tanda Skirt & Top Set,,Active,
Vivo Tanda Skirt & Top Set,,Active,
,,Active,Recent Performer
,,Active,Recent Performer
,,Active,New
,,Active,Recent Performer
,,Active,New
Vivo Tande Boat Neck Dress,,Retired,Retired
Vivo Tande Boat Neck Dress,,Retired,Retired
Vivo Tande Boat Neck Dress,,Retired,Retired
Vivo Tande Boat Neck Dress,,Retired,Retired
Vivo Tande Camisole,,Active,
Vivo Tande Camisole,,Active,
Vivo Tande Camisole,,Active,
Vivo Tande Cap Sleeve Round Neck Top,,Retired,Retired
Vivo Tande Front Drape Dress,,Active,
Vivo Tande Front Drape Dress,,Active,
Vivo Tande Front Drape Dress,,Active,
Vivo Tande Front Drape Skirt,,Retired,Retired
Vivo Tande Front Drape Skirt,,Retired,Retired
Vivo Tande Front Slit Skirt,,Active,
Vivo Tande Handkerchief Hem Dress,,Active,
Vivo Tande Handkerchief Hem Dress,,Active,
,,,
Vivo Tatari Cap Sleeve Sheath Dress,,Active,
Vivo Tatari Cap Sleeve Sheath Dress,,Active,
Vivo Tatari Dropped High Neck Top,,Retired,Retired
Vivo Tatari Dropped High Neck Top,,Retired,Retired
Vivo Tatari Dropped Shoulder Sheath Dress,,Retired,Retired
Vivo Tatari Knee Length Coat,,Active,
Vivo Tatari Knee Length Coat,,Active,
Vivo Tatari Knee Length Coat,,Active,
Vivo Tatari Panelled Sheath Dress,,Retired,Retired
Vivo Tatari Panelled Sheath Dress,,Retired,Retired
Vivo Tatari Panelled Skirt,,Retired,Retired
Vivo Tatari Panelled Skirt,,Retired,Retired
Vivo Tatari Side Panelled Sheath Dress,,Active,
Vivo Tatari Side Panelled Sheath Dress,,Active,
Vivo Tatili 3/4 Sleeve A Line Dress,,Active,
,,,
Vivo Tatili 3/4 Sleeve A Line Dress,,Active,
Vivo Tatili 3/4 Sleeve A Line Dress,,Active,
Vivo Tatili 3/4 Sleeve A Line Dress,,Active,
,,,
Vivo Tatili 3/4 Sleeve Tent Dress,,Retired,Retired
,,,
Vivo Tatili Bishop Long Sleeve Top,,Active,
Vivo Tatili Bishop Long Sleeve Top,,Active,
Vivo Tatili Bishop Long Sleeve Top,,Active,
Vivo Tatili Bishop Long Sleeve Top,,Active,
Vivo Tatili Bishop Long Sleeve Top,,Active,
Vivo Tatili Bishop Long Sleeve Top,,Active,
Vivo Tatili Bishop Long Sleeve Top,,Active,
Vivo Tatili Bishop Long Sleeve Top,,Active,
Vivo Tatili Bishop Long Sleeve Top,,Active,
Vivo Tatili Bishop Long Sleeve Top,,Active,
Vivo Tatili Bishop Long Sleeve Top,,Active,
Vivo Tatili Bishop Long Sleeve Top,,Active,
,,,
Vivo Tatili Bishop Long Sleeve Top In Satin,V0423023,Active,
Vivo Tatili Bishop Long Sleeve Top In Satin,,Active,
,,,
,,,
Vivo Tatili Bishop Long Sleeve Top In Satin,,Active,
Vivo Tatili Bishop Long Sleeve Top In Satin,,Active,
,,,
Vivo Tatili Bishop Long Sleeve Top In Satin,,Active,
Vivo Tatili Bishop Sleeve Top,,Active,
,,,
Vivo Tatili Drop Shoulder Cowl Top,,Retired,Retired
Vivo Tatili Drop Shoulder Cowl Top,,Retired,Retired
,,,
Vivo Tatili Long Sleeve Bishop Top,,Active,
Vivo Tatili Long Sleeve Bishop Top,,Active,
Vivo Tatili Long Sleeve Bishop Top,,Active,
,,,
Vivo Tatili Long Sleeve Bishop Top,,Active,
Vivo Tatili Panelled Pencil Skirt,,Active,
,,Active,New
,,Active,New
,,Active,
,,Active,New
,,,
Vivo Tatili Satin Bishop Long Sleeve Top,,Active,
Vivo Tatili Satin Bishop Long Sleeve Top,,Active,
Vivo Tatili Satin Bishop Long Sleeve Top,,Active,
Vivo Tatili Satin Bishop Long Sleeve Top,,Active,
,,,
Vivo Tatili Wide Leg Pants,V0423050,Active,
Vivo Tatili Wide Leg Pants,,Active,
Vivo Tatili Wide Leg Pants,,Active,
Vivo Tatili Wide Leg Pants,,Active,
Vivo Tatili Wide Leg Pants,,Active,
Vivo Tatili Wide Leg Pants,,Active,
Vivo Tatili Wide Leg Pants,,Active,
Vivo Tatili Wide Leg Pants,,Active,
Vivo Tatili Wide Leg Pants,,Active,
Vivo Tatili Wide Leg Pants,,Active,
Vivo Tatili Wide Leg Pants,,Active,
Vivo Tatili Wide Leg Pants,,Active,
Vivo Tatili Wide Leg Pants,,Active,
,,,
Vivo Tatili Wide Leg Pants,,Active,
Vivo Thando 3/4 Bishop Sleeve Shirt Dress,,Active,
Vivo Thando 3/4 Bishop Sleeve Shirt Dress,,Active,
Vivo Thando Cap Sleeve Tent Dress,,Active,
Vivo Thando Dolman Knee Length Dress,,Active,
Vivo Thando Kaftan Midi Dress,V0222053,Active,
,,,
Vivo Thando Mock Neck Maxi Dress,,Active,
Vivo Thando Mock Neck Maxi Dress,,Active,
Vivo Thando Mock Neck Maxi Dress,,Active,
Vivo Thando Mock Neck Maxi Dress,,Active,
Vivo Thando Mock Neck Maxi Dress,,Active,
Vivo Thando Mock Neck Maxi Dress,,Active,
Vivo Thando Mock Neck Maxi Dress,,Active,
Vivo Thando Mock Neck Maxi Dress,V0222066,Active,
Vivo Thando Mock Neck Sleeveless Top,,Active,
Vivo Thando Mock Neck Sleeveless Top,,Active,
Vivo Thando Mock Neck Sleeveless Top,,Active,
Vivo Thando Mock Neck Sleeveless Top,,Active,
Vivo Thando Mock Neck Sleeveless Top,,Active,
,,,
Vivo Tie Dolman Kimono in Textured Crepe,,Active,Recent Performer
,,,
,,,
,,,
,,,
,,,
,,Active,New
,,Active,New
,,Active,New
,,Active,New
,,Active,
,,Active,
,,Active,
,,Active,
,,Active,
,,Active,New
,,Active,New
,,Active,New
,,Active,New
,,Active,
,,Active,
Vivo Tiered Shirt Dress,,Retired,Retired
Vivo Tiered Shirt Dress,,Retired,Retired
Vivo Tiered Shirt Dress,,Retired,Retired
Vivo Tiered Shirt Dress,,Retired,Retired
Vivo Tolani Dress,,Active,
Vivo Tote Bag,V0624063,Active,
Vivo Trench Coat,,Retired,Retired
Vivo Trench Coat,,Retired,Retired
Vivo Trench Coat,,Retired,Retired
Vivo Trench Coat,,Retired,Retired
Vivo Trench Coat,,Retired,Retired
Vivo Trench Coat,,Retired,Retired
Vivo Tsavo Scalloped Hem Dress Top,,Retired,Retired
Vivo Tsavo Scalloped Hem Dress Top,,Retired,Retired
Vivo Tsavo Scalloped Hem Dress Top,,Retired,Retired
Vivo Tsavo Sleeveless Scalloped Hem Dress Top,,Retired,Retired
Vivo Tsavo Sleeveless Scalloped Hem Dress Top,,Retired,Retired
Vivo Tsavo Sleeveless Scalloped Hem Dress Top,,Retired,Retired
Vivo Tsavo Sleeveless Scalloped Hem Dress Top,,Retired,Retired
,,Active,
Vivo Tulia Travel Jumpsuit,,Retired,Retired
Vivo Tuni Side Cowl Maxi Dress,,Active,
Vivo Tuni Side Cowl Maxi Dress,,Active,
Vivo Tuni Side Cowl Maxi Dress,,Active,
Vivo Tuni Side Cowl Maxi Dress,,Active,
Vivo Tuni Side Cowl Maxi Dress,,Active,
Vivo Tuni Side Cowl Maxi Dress,,Active,
Vivo Tuni Side Cowl Maxi Dress,,Active,
Vivo Tuni Side Cowl Maxi Dress,,Active,
Vivo Tuni Side Cowl Maxi Dress,,Active,
Vivo Tuni Side Cowl Maxi Dress,,Active,
,,,
Vivo Tunu Long Sleeve Front Pleat Top,,Active,
,,,
,,,
Vivo Tunu Long Slit Sleeve Knee Length Shift Dress,,Active,
,,,
Vivo Tunu Long Slit Sleeve Knee Length Shift Dress,,Active,
Vivo Tunu Long Slit Sleeve Knee Length Shift Dress,,Active,
Vivo Tunu Long Slit Sleeve Knee Length Shift Dress,,Active,
Vivo Tunu Long Slit Sleeve Knee Length Shift Dress,,Active,
Vivo Tunu Pencil Skirt,,Active,
Vivo Tunu Wide Leg Pants,,Active,
Vivo Turtleneck Knit Fringe Poncho,V0523178,Active,
Vivo Upe Mini Pencil Skirt,,Active,
Vivo Upe Mini Pencil Skirt,,Active,
Vivo Upe Panelled Leisure Pants,,Active,
Vivo Upe Panelled Leisure Pants,,Active,
,,,
,,,
,,,
Vivo Upe Wide Leg Pants in Ponte,,Active,
Vivo Upe Wide Leg Pants in Ponte,,Active,
Vivo Upe Wide Leg Pants in Ponte,V0123114,Active,Core Performer
,,,
Vivo Upe Wide Leg Pants in Ponte,,Active,
Vivo Upe Wide Leg Pants in Ponte,,Active,
Vivo Upe Wide Leg Pants in Ponte,,Active,
Vivo Upe Wide Leg Pants in Ponte,,Active,
Vivo Upe Wide Leg Pants in Ponte,,Active,
Vivo Upe Wide Leg Pants in Ponte,,Active,
Vivo Upe Wide Leg Pants in Ponte,,Active,
Vivo Upe Wide Leg Pants in Ponte,,Active,
Vivo Upe Wide Leg Pants in Ponte,,Active,
Vivo Upe Wide Leg Pants in Ponte,,Active,
Vivo Upe Wide Leg Pants in Ponte,,Active,
,,,
Vivo V-Neck Camisole in Satin,,Active,
Vivo V-Neck Camisole in Satin,,Active,
Vivo V-Neck Camisole in Satin,,Active,
Vivo V-Neck Camisole in Satin,,Active,
,,,
Vivo V-Neck Dress in Stretch Rib,,Active,New
Vivo V-Neck Dress in Stretch Rib,,Active,New
Vivo V-Neck Dress in Stretch Rib,,Active,New
Vivo V-Neck Dress in Stretch Rib,,Active,New
Vivo V-Neck Dress in Stretch Rib,,Active,New
,,,
Vivo Val 3/4 Sleeve Top,,Retired,Retired
Vivo Val 3/4 Sleeve Top,,Retired,Retired
Vivo Val 3/4 Sleeve Top,,Retired,Retired
Vivo Val 3/4 Sleeve Top,,Retired,Retired
Vivo Val Full Length Leggings,,Active,
Vivo Val Full Length Leggings,,Active,
Vivo Val Full Length Leggings,,Active,
,,,
,,,
Vivo Val Strappy Bodycon Dress,,Retired,Retired
Vivo Val Strappy Bodycon Dress,,Retired,Retired
Vivo Val Strappy Bodycon Dress,,Retired,Retired
Vivo Victoria Panelled Jacket,,Active,
Vivo Victoria Panelled Jacket,,Active,
Vivo Vinna 3/4 Seeve A-Line Dress,,Active,
Vivo Vinna 3/4 Seeve A-Line Dress,,Active,
Vivo Vinna 3/4 Seeve A-Line Dress,,Active,
Vivo Vinna 3/4 Sleeve Top,,Active,
Vivo Vinna 3/4 Sleeve Top,,Active,
Vivo Vinna Belted Top,,Active,
Vivo Vinna Escape A-Line Dress,,Retired,Retired
Vivo Vinna Escape A-Line Dress,,Retired,Retired
Vivo Vinna Escape A-Line Dress,,Retired,Retired
Vivo Vinna Knee Length Piped Skirt,,Active,
Vivo Vinna Knee Length Piped Skirt,,Active,
Vivo Vinna Slit Sleeve Top,,Retired,Retired
Vivo Vinna Slit Sleeve Top,,Retired,Retired
Vivo Vinna Slit Sleeve Top,,Retired,Retired
,,,
Vivo Waridi Pencil Skirt,,Active,
Vivo Waridi Pencil Skirt,,Active,
Vivo Waridi Pencil Skirt,,Active,
Vivo Waridi Sleeveless Overcoat,,Active,
Vivo Waridi Sleeveless Overcoat,,Active,
Vivo Waridi Sleeveless Overcoat,,Active,
Vivo Waridi Sleeveless Overcoat,,Active,
Vivo Waridi Sleeveless Overcoat,,Active,
Vivo Waridi Sleeveless Overcoat,,Active,
,,,
Vivo Wastani 3/4 Shirred Sleeve Wide Tunic,V0423020,Active,
,,,
Vivo Wastani Bodysuit,V0323051,Active,
Vivo Wastani Bodysuit,,Active,
,,,
Vivo Wastani Drawstring Pants,,Active,
Vivo Wastani Drawstring Pants,,Active,
Vivo Wastani Drawstring Pants,,Active,
Vivo Wastani Drawstring Pants,,Active,
Vivo Wastani Drawstring Pants,,Active,
Vivo Wastani Drawstring Pants,,Active,
Vivo Wastani Drawstring Pants,,Active,
Vivo Wastani Drawstring Pants,,Active,
Vivo Wastani Drawstring Pants,,Active,
Vivo Wastani Drawstring Pants,,Active,
Vivo Wastani Drawstring Pants,,Active,
Vivo Wastani Drawstring Pants,,Active,
Vivo Wastani Drawstring Pants,,Active,
,,,
,,,
Vivo Wastani Drawstring Pants,,Active,
Vivo Wastani Drawstring Pants,,Active,
Vivo Wastani Drawstring Pants,,Active,
Vivo Wastani Drawstring Pants,,Active,
Vivo Wastani Shirred Cuff Asymmetrical Top,,Active,
Vivo Wastani Shirred Neck Kaftan,V0323047,Active,
,,,
Vivo Wastani Shirred Sleeve Easy Fit Shirt,,Active,
Vivo Wastani Shirred Sleeve Easy Fit Shirt,,Active,
Vivo Wastani Shirred Sleeve Easy Fit Shirt,,Active,
Vivo Wastani Shirred Sleeve Easy Fit Shirt,,Active,
Vivo Wastani Shirred Sleeve Easy Fit Shirt,,Active,
Vivo Wastani Shirred Sleeve Easy Fit Shirt,,Active,
Vivo Wastani Shirred Sleeve Easy Fit Shirt,,Active,
Vivo Wastani Shirred Sleeve Easy Fit Shirt,,Active,
Vivo Wastani Shirred Sleeve Easy Fit Shirt,,Active,
Vivo Waterfalls & Kimonos,,Active,
Vivo Waterfalls & Kimonos,,Active,
Vivo Waterfalls & Kimonos,,Active,
Vivo Waterfalls & Kimonos,,Active,
Vivo Waterfalls & Kimonos,,Active,
Vivo Waterfalls & Kimonos,,Active,
Vivo Waterfalls & Kimonos,,Active,
Vivo Waterfalls & Kimonos,,Active,
Vivo Waterfalls & Kimonos,,Active,
Vivo Waterfalls & Kimonos,,Active,
Vivo Waterfalls & Kimonos,,Active,
Vivo Wena High Slit Maxi Shirt,,Retired,Retired
Vivo Wena High Slit Maxi Shirt,,Retired,Retired
Vivo Wena High Slit Maxi Shirt,,Retired,Retired
Vivo Wena Maxi Shirt Dress,,Retired,Retired
Vivo Wena Maxi Shirt Dress,,Retired,Retired
,,,
Vivo Wena Wrap Dress,,Retired,Retired
Vivo Wena Wrap Dress,,Retired,Retired
Vivo Wena Wrap Dress,,Retired,Retired
Vivo Wide Leg Chiffon Pants,,Retired,Retired
Vivo Wide Leg Chiffon Pants,,Retired,Retired
,,,
Vivo Wide Leg Pants With Short Lining,,Retired,Retired
Vivo Wide Leg Pants With Short Lining,,Retired,Retired
Vivo Wide Leg Pants in Heavy Crepe,,Active,
Vivo Wide Leg Pants in Heavy Crepe,,Active,
Vivo Wide Leg Pants in Heavy Crepe,,Active,
Vivo Wide Leg Pants in Heavy Crepe,,Active,
Vivo Wide Leg Pants in Heavy Crepe,,Active,
Vivo Wide Leg Pants in Heavy Crepe,,Active,
Vivo Wide Leg Pants in Heavy Crepe,,Active,
,,,
Vivo Wide Leg Pants in Ponte,,Active,New
Vivo Wide Leg Pants in Ponte,,Active,New
Vivo Wide Leg Pants in Ponte,,Active,New
,,Active,
,,,
Vivo Wide Leg Pants in Textured Crepe,,Active,Recent Performer
,,,
,,,
,,,
,,,
,,,
Vivo Wide Leg Pants in Textured Satin,,Active,
Vivo Wide Leg Pants in Textured Satin,,Active,
Vivo Wide Leg Pants in Textured Satin,,Active,
Vivo Wide Leg Pants in Textured Satin,,Active,
,,,
Vivo Wide Leg Pants in Textured Satin,,,
Vivo Wide Leg Pants in Textured Satin,,Active,
,,,
,,,
,,,
Vivo Wide Leg Pants in Textured Satin,,Active,
Vivo Wide Leg Pants in Textured Satin,,Active,
Vivo Wide Leg Pants in Textured Satin,,Active,
Vivo Wide Leg Pants in Textured Satin,,Active,
Vivo Wide Leg Pants in Textured Satin,,Active,
,,Active,
,,Active,
,,Active,
,,Active,
,,Active,
,,Active,
,,,
Vivo Wide-Leg Pants,,Retired,Retired
Vivo Wide-Leg Pants,,Retired,Retired
Vivo Wide-Leg PantsÂ,,Active,
,,,
,,Retired,Retired
Vivo Wila Cowl Tunic,,Retired,Retired
Vivo Wila Dolman Top,,Retired,Retired
Vivo Wila Dolman Tunic,,Retired,Retired
Vivo Wila Dolman Tunic,,Retired,Retired
Vivo Wila Jumpsuit,,Active,
Vivo Wila Jumpsuit,,Active,
Vivo Wila Jumpsuit,,Active,
Vivo Wila Jumpsuit,,Active,
Vivo Wila Turn Up Coat,,Active,
Vivo Wila Wide Leg Pants,,Active,
Vivo Wingu Drop Shoulder Balloon Knee Length Dress,,Active,
Vivo Wingu Drop Shoulder Balloon Knee Length Dress,,Active,
Vivo Wingu Long Sleeve Balloon Knee Length Dress,,Active,
Vivo Wingu Long Sleeve Balloon Knee Length Dress,,Active,
Vivo Wingu Long Sleeve Side Drape Knee Length Dress,,Active,
Vivo Wingu Long Sleeve Side Drape Tunic Top,,Retired,Retired
Vivo Wingu Long Sleeve Side Drape Tunic Top,,Retired,Retired
Vivo Wingu Puff Sleeve Knee Length Dress,,Retired,Retired
Vivo Wingu Puff Sleeve Knee Length Dress,,Retired,Retired
Vivo Wingu Puff Sleeve Knee Length Dress,,Retired,Retired
Vivo Wingu Puff Sleeve Maxi Dress,,Retired,Retired
Vivo Wingu Puff Sleeve Maxi Dress,,Retired,Retired
Vivo Wingu Puff Sleeve Top,,Active,
Vivo Wingu Three Tiered Knee Length Dress,,Retired,Retired
Vivo Wingu Three Tiered Knee Length Dress,,Retired,Retired
Vivo Wrap Poncho in Sweater,,Active,NOOS
Vivo Wrap Shawl,V1125014,Active,
,,,
,,,
,,Active,
,,Active,
,,Active,
,,Active,
,,Active,
,,Active,
,,Active,
Vivo X Essence Asha Wide Leg Pants With Short Lining,,Retired,Retired
Vivo X Essence Ruffle Neck Jumpsuit,,Retired,Retired
,,,
Vivo X Pinky Drop Shoulder Cowl Back Top,,Active,
Vivo X Pinky Drop Shoulder Cowl Back Top,,Active,
Vivo X Pinky Drop Shoulder Cowl Back Top,,Active,
Vivo X Pinky Full Length Fitness Leggings,,Retired,Retired
Vivo X Pinky Long Sleeve Cross Back Fitness Playsuit,,Retired,Retired
Vivo X Pinky Long Sleeve Fitness Top,,Retired,Retired
Vivo X Pinky Long Sleeve Fitness Top,,Retired,Retired
Vivo X Pinky Sleeveless Cross Back Fitness Bra,,Retired,Retired
Vivo X Pinky Sleeveless Cross Back Fitness Bra,,Retired,Retired
Vivo X Pinky Sleeveless Cross Back Fitness Tank Top,,Retired,Retired
Vivo X Pinky Sleeveless Cross Back Fitness Tank Top,,Retired,Retired
Vivo X Pinky Sleeveless Crossback Fitness Catsuit,,Active,
Vivo X Pinky Sleeveless Crossback Fitness Midriff Top,,Active,
Vivo X Pinky Sleeveless Crossback Fitness Midriff Top,,Active,
Vivo X This Is Essential  Short Sleeve Bodysuit,V0923060,Retired,Retired
,,,
,,,
,,,
,,,
Vivo X This Is Essential  Sleeveless High Neck Bodysuit,V0823154,Active,
,,,
,,,
,,,
,,,
,,,
Vivo X This Is Essential  Sleeveless Scooped Neck Bodysuit,V0823158,Retired,Retired
,,,
,,,
,,,
,,,
,,,
,,,
Vivo X This Is Essential Leggings,,Retired,Retired
Vivo X This Is Essential Leggings,,Retired,Retired
Vivo X This Is Essential Long Sleeve Bodysuit,,Retired,Retired
Vivo X This Is Essential Long Sleeve Bodysuit,,Retired,Retired
Vivo X This Is Essential Long Unitard,,Active,
Vivo X This Is Essential Long Unitard,,Active,
Vivo X This Is Essential Midi Dress,,Retired,Retired
Vivo X This Is Essential Midi Dress,V0524001,Retired,Retired
Vivo X This Is Essential Midi Dress,,Active,
Vivo X This Is Essential Midi Dress,,Active,
Vivo X This Is Essential One Shoulder Bodysuit,,Active,
Vivo X This Is Essential One Shoulder Bodysuit,,Retired,Retired
Vivo X This Is Essential One Shoulder Bodysuit,V0524004,Retired,Retired
Vivo X This Is Essential Raceback Bralette,,Retired,Retired
Vivo X This Is Essential Raceback Bralette,V0424116,Retired,Retired
Vivo X This Is Essential Raceback Bralette,,Retired,Retired
Vivo X This Is Essential Ruched Bodysuit,V0524005,Retired,Retired
Vivo X This Is Essential Ruched Bodysuit,,Retired,Retired
Vivo X This Is Essential Scooped Neck Bralette,V0324021,Retired,Retired
Vivo X This Is Essential Scooped Neck Bralette,,Retired,Retired
,,,
Vivo X This Is Essential Scooped Neck Bralette,,Retired,Retired
,,,
Vivo X This Is Essential Short Sleeve Bodysuit,,Retired,Retired
Vivo X This Is Essential Short Sleeve Bodysuit,,Retired,Retired
Vivo X This Is Essential Short Sleeve Bodysuit,,Retired,Retired
Vivo X This Is Essential Short Sleeve Bodysuit,,Retired,Retired
Vivo X This Is Essential Short Sleeve Bodysuit,,Retired,Retired
Vivo X This Is Essential Short Sleeve Bodysuit,,Retired,Retired
,,,
Vivo X This Is Essential Short Unitard,,Active,
Vivo X This Is Essential Short Unitard,,Active,
Vivo X This Is Essential Short Unitard,,Active,
Vivo X This Is Essential Sleeveless Boat Neck Bodysuit,,Active,
Vivo X This Is Essential Sleeveless Boat Neck Bodysuit,,Active,
Vivo X This Is Essential Sleeveless High Neck Bodysuit,,Active,
Vivo X This Is Essential Sleeveless High Neck Bodysuit,,Active,
Vivo X This Is Essential Sleeveless High Neck Bodysuit,,Active,
Vivo X This Is Essential Sleeveless High Neck Bodysuit,,Active,
Vivo X This Is Essential Sleeveless High Neck Bodysuit,,Active,
Vivo X This Is Essential Sleeveless Scooped Neck Bodysuit,,Retired,Retired
Vivo X This Is Essential Sleeveless Scooped Neck Bodysuit,,Retired,Retired
Vivo X This Is Essential Sleeveless Scooped Neck Bodysuit,,Retired,Retired
Vivo X This Is Essential Sleeveless Scooped Neck Bodysuit,,Retired,Retired
Vivo X This Is Essential Sleeveless Scooped Neck Bodysuit,,Retired,Retired
Vivo X This Is Essential Sleeveless Scooped Neck Bodysuit,,Retired,Retired
Vivo X This Is Essential Strappy Bodysuit,,Retired,Retired
Vivo X This Is Essential Strappy Bodysuit,,Retired,Retired
Vivo X This Is Essential Strappy Bodysuit,V0823155,Retired,Retired
Vivo X This Is Essentials Long Sleeve Crew Neck Bodysuit,,Retired,Retired
Vivo X This Is Essentials Long Sleeve Crew Neck Bodysuit,,Retired,Retired
Vivo X This Is Essentials Long Sleeve Crew Neck Bodysuit,,Retired,Retired
Vivo X This Is Essentials Long Sleeve Crew Neck Bodysuit,,Retired,Retired
Vivo X This Is Essentials Long Sleeve Crew Neck Bodysuit,,Retired,Retired
Vivo Yene Asymmetrical Cape Top,,Retired,Retired
Vivo Yene Asymmetrical Cape Top,,Retired,Retired
Vivo Yene Asymmetrical Cape Top,,Retired,Retired
Vivo Yene Asymmetrical Cape Top,,Retired,Retired
Vivo Yene Front Tie Top,,Active,
Vivo Yene Front Tie Top,,Active,
Vivo Yene Front Tie Top,,Active,
Vivo Yene Front Tie Top,,Active,
Vivo Yene Front Tie Top,,Active,
Vivo Yene Front Tie Top,,Active,
Vivo Yene Front Tie Tunic Top,,Retired,Retired
Vivo Yene Front Tie Tunic Top,,Retired,Retired
Vivo Yene Front Tie Tunic Top,,Retired,Retired
Vivo Yene Front Tie Tunic Top,,Retired,Retired
Vivo Yene Front Tie Tunic Top,,Retired,Retired
Vivo Yene Front Tie Tunic Top,,Retired,Retired
Vivo Yene Front Tie Tunic Top,,Retired,Retired
Vivo Yene Front Tie Tunic Top,,Retired,Retired
Vivo Yene Front Tie Tunic Top,,Retired,Retired
Vivo Yene Front Tie Tunic Top,,Retired,Retired
Vivo Yene High Slit Tunic Top,,Active,
Vivo Yene High Slit Tunic Top,,Active,
Vivo Yene High Slit Tunic Top,,Active,
Vivo Yene High Slit Tunic Top,,Active,
Vivo Yene Jumpsuit,,Retired,Retired
Vivo Yene Jumpsuit,,Retired,Retired
Vivo Yene Layered Midi Dress,,Retired,Retired
Vivo Yene Layered Midi Dress,,Retired,Retired
Vivo Yene Layered Top,,Active,
Vivo Yene Layered Top,,Active,
Vivo Yene Layered Top,,Active,
Vivo Yene Layered Top,,Active,
Vivo Yene One Shoulder Kaftan,,Retired,Retired
Vivo Yene One Shoulder Kaftan,,Retired,Retired
Vivo Yene One Shoulder Maxi Dress,,Retired,Retired
Vivo Yene One Shoulder Maxi Dress,,Retired,Retired
Vivo Yene One Soulder Kaftan,,Retired,Retired
Vivo Yene One Soulder Kaftan,,Retired,Retired
Vivo Yene V Neck Slip Dress,,Retired,Retired
Vivo Yene V Neck Slip Dress,,Retired,Retired
Vivo Yene V Neck Slip Dress,,Retired,Retired
,,,
Vivo Yene Wide Leg Pants,,Retired,Retired
Vivo Yene Wide Leg Pants,,Retired,Retired
Vivo Yene Wide Leg Pants,,Retired,Retired
Vivo Yene Wide Leg Pants,,Retired,Retired
Vivo Yene Wide Leg Pants,,Retired,Retired
Vivo Yene Wide Leg Pants,,Retired,Retired
Vivo Yene Wide Leg Pants,,Retired,Retired
Vivo Yoga Bag,V0221014,Active,
Vivo Yoga Wrap,,Retired,Retired
Vivo Yoga Wrap,,Retired,Retired
Vivo Yoga Wrap,,Retired,Retired
Vivo Yoga Wrap,,Retired,Retired
Vivo Yoga Wrap,,Retired,Retired
,,,
,,,
Vivo Yumi Cap Sleeve Dress,,Active,
,,,
Vivo Yumi Cap Sleeve Dress,,Active,
Vivo Yumi Cap Sleeve Dress,,Active,
Vivo Yumi Cap Sleeve Dress,,Active,
Vivo Yumi Cap Sleeve Dress,,Active,
Vivo Yumi Cap Sleeve Dress,,Active,
Vivo Yumi Cap Sleeve Dress,,Active,
Vivo Yumi Cap Sleeve Dress,,Active,
,,,
Vivo Yumi Cap Sleeve Dress In Crepe,,Active,
,,,
Vivo Yumi Cap Sleeve Dress In Crepe,,Active,
,,,
Vivo Yumi Cap Sleeve Dress In Crepe,,Active,
Vivo Yumi Cap Sleeve Dress,,Active,
Vivo Yumi Cap Sleeve Dress,,Active,
Vivo Yumi Cap Sleeve Dress,,Active,
Vivo Yumi High Low Shirt Dress,,Active,
Vivo Yumi High Low Shirt Dress,,Active,
Vivo Yumi High Low Shirt Dress,,Active,
Vivo Yumi High Low Shirt Dress,,Active,
Vivo Yumi High Low Shirt Dress,,Active,
Vivo Yumi High Low Shirt Dress,,Active,
Vivo Yumi High Low Shirt Dress,,Active,
Vivo Yumi High Low Shirt Dress,,Active,
Vivo Yumi High Waist Pants,,Retired,Retired
Vivo Yumi High Waist Pants,,Retired,Retired
Vivo Yumi High Waist Pants,,Retired,Retired
Vivo Yumi High Waist Pants,,Retired,Retired
Vivo Yumi Long Sleeve Shirt Dress,,Retired,Retired
Vivo Yumi Long Sleeve Shirt Dress,,Retired,Retired
Vivo Yumi Long Sleeve Tent Shirt Dress,,Retired,Retired
Vivo Yumi Long Sleeve Tent Shirt Dress,,Retired,Retired
Vivo Yumi Long Sleeve Tent Shirt Dress,,Retired,Retired
Vivo Yumi Long Sleeve Tent Shirt Dress,,Retired,Retired
,,,
,,,
Vivo Yumi Maxi Shirt Dress,,Active,
Vivo Yumi Maxi Shirt Dress,,Active,
Vivo Yumi Maxi Shirt Dress,,Active,
Vivo Yumi Maxi Shirt Dress,,Active,
Vivo Yumi Maxi Shirt Dress,,Active,
Vivo Yumi Maxi Shirt Dress,,Active,
Vivo Yumi Maxi Shirt Dress,,Active,
Vivo Yumi Maxi Shirt Dress,,Active,
Vivo Yumi Maxi Shirt Dress,,Active,
Vivo Yumi Maxi Shirt Dress,,Active,
,,,
Vivo Yumi Maxi Shirt Dress,V0223153,Active,
,,,
Vivo Yumi Maxi Shirt Dress,,Active,
Vivo Yumi Maxi Shirt Dress,,Active,
Vivo Yumi Maxi Shirt Dress,,Active,
Vivo Yumi Maxi Shirt Dress,,Active,
Vivo Yumi Maxi Shirt Dress,,Active,
Vivo Yumi Maxi Shirt Dress,,Active,
Vivo Yumi Maxi Shirt Dress,,Active,
,,,
Vivo Yumi Maxi Shirt Dress,,Active,
Vivo Yumi Maxi Shirt Dress,,Active,
Vivo Yumi Maxi Shirt Dress,,Active,
Vivo Yumi Maxi Shirt Dress,,Active,
Vivo Yumi Maxi Shirt Dress,,Active,
Vivo Yumi Maxi Shirt Dress,,Active,
Vivo Yumi Maxi Shirt Dress,,Active,
Vivo Yumi Maxi Shirt Dress MG,,Active,
Vivo Yumi Maxi Shirt Dress MG,,Active,
,,,
,,,
,,,
Vivo Yumi Off Shoulder Jumpsuit,,Active,
Vivo Yumi Off Shoulder Jumpsuit,,Active,
Vivo Yumi Off Shoulder Jumpsuit,,Active,
,,,
Vivo Yumi Off Shoulder Jumpsuit,,Active,
Vivo Yumi Off Shoulder Jumpsuit,,Active,
Vivo Yumi Off Shoulder Jumpsuit,,Active,
Vivo Yumi Off Shoulder Jumpsuit,,Active,
Vivo Yumi Off Shoulder Jumpsuit,,Active,
Vivo Yumi Off Shoulder Jumpsuit,,Active,
Vivo Yumi Off Shoulder Jumpsuit,,Active,
Vivo Yumi Off Shoulder Jumpsuit,,Active,
,,,
Vivo Yumi Off Shoulder Jumpsuit,,Active,
Vivo Yumi Off Shoulder Jumpsuit,,Active,
Vivo Yumi Off Shoulder Jumpsuit,,Active,
Vivo Yumi Off Shoulder Jumpsuit,,Active,
Vivo Yumi Off Shoulder Jumpsuit,,Active,
Vivo Yumi Off Shoulder Jumpsuit,,Active,
Vivo Yumi Off Shoulder Jumpsuit,,Active,
Vivo Yumi Off Shoulder Jumpsuit,,Active,
Vivo Yumi Off Shoulder Jumpsuit,,Active,
Vivo Yumi Off Shoulder Jumpsuit,,Active,
Vivo Yumi Off Shoulder Jumpsuit,,Active,
Vivo Yumi Off Shoulder Jumpsuit,,Active,
Vivo Yumi Off Shoulder Jumpsuit,,Active,
,,,
Vivo Yumi Off Shoulder Jumpsuit,,Active,
Vivo Yumi Off Shoulder Jumpsuit,,Active,
Vivo Yumi Off Shoulder Jumpsuit,,Active,
Vivo Yumi Off Shoulder Jumpsuit,,Active,
Vivo Yumi Off Shoulder Jumpsuit,,Active,
Vivo Yumi Off Shoulder Jumpsuit,,Active,
Vivo Yumi Off Shoulder Jumpsuit,,Active,
Vivo Yumi Off Shoulder Jumpsuit,,Active,
Vivo Yumi Off Shoulder Jumpsuit,,Active,
,,,
Vivo Yumi Off Shoulder Jumpsuit In Crepe,,Active,
Vivo Yumi Off Shoulder Jumpsuit In Crepe,,Active,
Vivo Yumi Off Shoulder Jumpsuit In Crepe,,Active,
Vivo Yumi Off Shoulder Jumpsuit In Crepe,,Active,
Vivo Yumi Off Shoulder Jumpsuit In Crepe,,Active,
Vivo Yumi Off Shoulder Jumpsuit In Crepe,,Active,
Vivo Yumi Off Shoulder Jumpsuit In Crepe,,Active,
,,,
Vivo Yumi Off Shoulder Maxi Dress,,Active,
Vivo Yumi Off Shoulder Maxi Dress,,Active,
Vivo Yumi Off Shoulder Maxi Dress,,Active,
Vivo Yumi Off Shoulder Maxi Dress,,Active,
Vivo Yumi Off Shoulder Maxi Dress,,Active,
Vivo Yumi Off Shoulder Maxi Dress,,Active,
Vivo Yumi Off Shoulder Maxi Dress,,Active,
Vivo Yumi Off Shoulder Maxi Dress,,Active,
Vivo Yumi Off Shoulder Maxi Dress,,Active,
Vivo Yumi Off Shoulder Top,,Active,
Vivo Yumi Sleeveless Knee Length Dress,,Active,
,,,
,,,
,,,
,,,
Vivo Zahari 3/4 Sleeve Off Shoulder Jumpsuit,,Active,
,,,
Vivo Zahari 3/4 Sleeve Off Shoulder Jumpsuit,,Active,
Vivo Zahari 3/4 Sleeve Off Shoulder Jumpsuit,V0623011,Active,
Vivo Zahari 3/4 Sleeve Off Shoulder Jumpsuit,,Active,
,,,
,,,
Vivo Zahari 3/4 Sleeve Off Shoulder Jumpsuit In Crepe,,Active,
Vivo Zahari 3/4 Sleeve Off Shoulder Jumpsuit In Crepe,,Active,
,,,
Vivo Zahari 3/4 Sleeve Off Shoulder Jumpsuit In Crepe,,Active,
,,,
Vivo Zahari 3/4 Sleeve Off-Shoulder Jumpsuit,,Active,
,,,
Vivo Zahari 3/4 Sleeve Off-Shoulder Jumpsuit,,Active,
Vivo Zahari 3/4 Sleeve Off-Shoulder Jumpsuit,,Active,
Vivo Zahari 3/4 Sleeve Off-Shoulder Jumpsuit,,Active,
Vivo Zahari 3/4 Sleeve Off-Shoulder Jumpsuit,,Active,
Vivo Zahari 3/4 Sleeve Off-Shoulder Jumpsuit,,Active,
Vivo Zahari 3/4 Sleeve Off-Shoulder Jumpsuit,,Active,
Vivo Zahari 3/4 Sleeve Off-Shoulder Jumpsuit,,Active,
Vivo Zahari 3/4 Sleeve Off-Shoulder Jumpsuit,,Active,
Vivo Zahari 3/4 Sleeve Off-Shoulder Jumpsuit,,Active,
Vivo Zahari 3/4 Sleeve Off-Shoulder Jumpsuit,,Active,
Vivo Zahari 3/4 Sleeve Off-Shoulder Jumpsuit,,Active,
Vivo Zahari 3/4 Sleeve Off-Shoulder Jumpsuit,,Active,
Vivo Zahari 3/4 Sleeve Off-Shoulder Jumpsuit,,Active,
Vivo Zahari Bishop Sleeve Top With Belt,,Active,
Vivo Zahari Bishop Sleeve Top With Belt,,Active,
Vivo Zahari Bishop Sleeve Top With Belt,,Active,
Vivo Zahari Dolman Tie Kimono,,Retired,Retired
Vivo Zahari Dolman Tie Kimono,,Retired,Retired
Vivo Zahari Dolman Tie Kimono,,Retired,Retired
Vivo Zahari Dolman Tie Kimono,,Retired,Retired
Vivo Zahari Dolman Tie Kimono,,Retired,Retired
Vivo Zahari Drawstring Wide Leg Pants,,Retired,Retired
Vivo Zahari Drawstring Wide Leg Pants,,Retired,Retired
Vivo Zahari Drawstring Wide Leg Pants,V0623004,Retired,Retired
,,,
Vivo Zahari Drop Shoulder High Low Dress,,Retired,Retired
Vivo Zahari Long Sleeve Shirt,,Active,
Vivo Zahari Long Sleeve Shirt,,Active,
Vivo Zahari Off-Shoulder Maxi Dress,,Retired,Retired
Vivo Zahari Off-Shoulder Maxi Dress,,Retired,Retired
Vivo Zahari Off-Shoulder Maxi Dress,,Retired,Retired
Vivo Zahari Off-Shoulder Maxi Dress,,Retired,Retired
Vivo Zahari Off-Shoulder Maxi Dress,,Retired,Retired
Vivo Zahari Off-Shoulder Maxi Dress,,Retired,Retired
Vivo Zahari Off-Shoulder Tie Top,,Active,
Vivo Zahari Off-Shoulder Tie Top,,Active,
Vivo Zahari Puff Sleeve Tent Dress,,Retired,Retired
Vivo Zahari Shift Dress,,Retired,Retired
Vivo Zahari Straight Leg Pants,,Retired,Retired
Vivo Zahari Straight Leg Pants,,Retired,Retired
Vivo Zahari Straight Leg Pants,,Retired,Retired
Vivo Zahari Straight Leg Pants,,Retired,Retired
Vivo Zahari Straight Leg Pants,V0524171,Retired,Retired
,,,
Vivo Zahari Sweatheart Neck Jumpsuit,,Retired,Retired
Vivo Zahari Sweatheart Neck Jumpsuit,,Retired,Retired
Vivo Zahari Sweatheart Neck Jumpsuit,,Retired,Retired
Vivo Zahari Sweatheart Neck Jumpsuit,,Retired,Retired
Vivo Zahari Sweatheart Neck Jumpsuit,,Retired,Retired
Vivo Zania Wide Hem Tent Dress,,Retired,Retired
Vivo Zanzi Side Cowl Maxi Dress,,Retired,Retired
Vivo Zanzi Side Cowl Maxi Dress,,Retired,Retired
Vivo Zanzi Wrap Circular Dress,,Retired,Retired
,,,
Vivo Zaria Long Sleeve Coat,,Retired,Retired
Vivo Zaria Long Sleeve Coat,,Retired,Retired
Vivo Zaria Long Sleeve Coat,,Retired,Retired
Vivo Zaria Waist Cowl Top,,Active,
Vivo Zaria Wide Leg Pants,,Active,
Vivo Zawadi Crepe Shift Dress,,Active,
Vivo Zawadi Crepe Shift Dress,,Active,
Vivo Zawadi Inverted Pleat Dress,,Active,
Vivo Zawadi Inverted Pleat Dress,,Active,
Vivo Zawadi Inverted Pleat Dress,,Active,
Vivo Zawadi Inverted Pleat Dress,,Active,
Vivo Zawadi Inverted Pleat Dress,,Active,
Vivo Zawadi Inverted Pleat Dress,,Active,
Vivo Zawadi Inverted Pleat Dress,,Active,
Vivo Zawadi Inverted Pleat Dress,,Active,
Vivo Zawadi Inverted Pleat Dress,,Active,
Vivo Zawadi Inverted Pleat Dress,,Active,
Vivo Zawadi Keyhole Dress,,Active,
Vivo Zawadi Keyhole Dress,,Active,
Vivo Zawadi Keyhole Dress,,Active,
Vivo Zawadi Keyhole Dress,,Active,
Vivo Zawadi Keyhole Dress,,Active,
Vivo Zawadi Keyhole Dress,,Active,
Vivo Zawadi Shift Dress,,Active,
Vivo Zawadi Shift Dress,,Active,
Vivo Zawadi Shift Dress,,Active,
Vivo Zawadi Shift Dress,,Active,
Vivo Zawadi Shift Dress,,Active,
Vivo Zawadi Shift Dress,V0620059,Active,
Vivo Zawadi Shift Dress,,Active,
,,,
Vivo Zawadi Shift Dress,,Active,
Vivo Zawadi Shift Dress,,Active,
Vivo Zawadi Shift Dress,,Active,
Vivo Zawadi Shift Dress,,Active,
Vivo Zawadi Shift Dress,,Active,
Vivo Zawadi Shift Dress,,Active,
Vivo Zawadi Shift Dress,,Active,
,,,
Vivo Zawadi Shift Dress in Chiffon,,Active,
Vivo Zawadi Shift Dress in Chiffon,,Active,
Vivo Zawadi Shift Dress in Chiffon,,Active,
,,,
Vivo Zelda Panelled Dress In Crepe,,Active,
Vivo Zelda Panelled Dress In Crepe,,Active,
Vivo Zelda Panelled Dress In Crepe,,Active,
,,,
Vivo Zelda Panelled Dress In Crepe,,Active,
Vivo Zena Bishop Panel Long Sleeve Round Neck Dress,,Retired,Retired
Vivo Zena Bishop Panel Long Sleeve Round Neck Dress,,Retired,Retired
Vivo Zena Bishop Panel Long Sleeve Round Neck Dress,,Retired,Retired
,,,
Vivo Zena Bishop Panel Long Sleeve Round Neck Dress,,Retired,Retired
Vivo Zena Bishop Panel Long Sleeve Round Neck Dress,,Retired,Retired
Vivo Zena Bishop Panel Long Sleeve Round Neck Dress,,Retired,Retired
Vivo Zena Bishop Panel Long Sleeve Round Neck Dress,,Retired,Retired
Vivo Zena Bishop Panel Long Sleeve Round Neck Dress,,Retired,Retired
Vivo Zena Bishop Panel Long Sleeve Round Neck Dress,,Retired,Retired
,,,
,,,
Vivo Zena Long Sleeve Mandarin Collar Shift Dress,,Retired,Retired
Vivo Zena Long Sleeve Mandarin Collar Shift Dress,,Retired,Retired
Vivo Zena Long Sleeve V Neck tunic Top,,Active,
,,Active,New
,,Active,New
,,Active,
,,Active,New
,,,
Vivo Zena Shirred Waist Maxi Shirt Dress,,Active,
Vivo Zena Shirred Waist Maxi Shirt Dress,,Active,
Vivo Zena Shirred Waist Maxi Shirt Dress,,,
Vivo Zena Shirred Waist Maxi Shirt Dress,,Active,
Vivo Zena Shirred Waist Maxi Shirt Dress,,Active,
Vivo Zena Shirred Waist Maxi Shirt Dress,,Active,
Vivo Zena Shirred Waist Maxi Shirt Dress,,Active,
Vivo Zena Shirred Waist Maxi Shirt Dress,,Active,
Vivo Zena Shirred Waist Maxi Shirt Dress,,Active,
,,,
Vivo Zena Shirred Waist Maxi Shirt Dress,,Active,
Vivo Zena Shirred Waist Maxi Shirt Dress,,Active,Core Performer
Vivo Zena Shirred Waist Maxi Shirt Dress,,Active,
Vivo Zena Shirred Waist Maxi Shirt Dress,,Active,
,,,
Vivo Zena Shirred Waist Maxi Shirt Dress in Crepe,V0924035,Active,
Vivo Zena Shirred Waist Shirt Dress,,Retired,Retired
Vivo Zena Shirred Waist Shirt Dress,,Retired,Retired
Vivo Zena Shirred Waist Shirt Dress,,Retired,Retired
,,,
,,,
Vivo Zena Sleeveless Shawl Collar Overcoat,V0522027,Retired,Retired
Vivo Ziwa Long Sleeve Ruffle Cuff Maxi Kimono,,Active,
Vivo Ziwa Long Sleeve Ruffle Midi Kimono,,Retired,Retired
Vivo Ziwa Ruffle Long Sleeve Shift Dress (Petite),,Active,
Vivo Ziwa Ruffle Long Sleeve Shift Dress (Petite),,Active,
Vivo Ziwa Ruffle Long Sleeve Shift Dress (Petite),,Active,
Vivo Zola Drop Shoulder Knee Length Dress,,Active,
Vivo Zola Drop Shoulder Shirt Dress,,Active,
,,,
Vivo Zola V Neck Cap Sleeve Maxi Dress,,Active,
Vivo Zola V Neck Cap Sleeve Maxi Dress,,Active,
Vivo Zola V Neck Cap Sleeve Maxi Dress,,Active,
Vivo Zola V Neck Cap Sleeve Maxi Dress,,Active,
Vivo Zola V Neck Cap Sleeve Maxi Dress,,Active,
Vivo Zola V Neck Cap Sleeve Maxi Dress,,Active,
Vivo Zola V Neck Cap Sleeve Maxi Dress,,Active,
Vivo Zola V Neck Cap Sleeve Maxi Dress,,Active,
Vivo Zola V Neck Cap Sleeve Maxi Dress,,Active,
Vivo Zola V Neck Cap Sleeve Maxi Dress,,Active,
Vivo Zola V Neck Cap Sleeve Maxi Dress,,Active,
Vivo Zola V Neck Maxi Dress in Crepe,,Active,Core Performer
,,,
,,,
Vivo Zola V Neck Maxi Dress in Crepe,V0822061,Active,
,,,
Vivo Zuri Cap Sleeve Knee Length Dress,,Active,
,,,
Vivo Zuri Cap Sleeve Knee Length Dress,,Active,
Vivo Zuri Cap Sleeve Knee Length Dress,,Active,
Vivo Zuri Cap Sleeve Knee Length Dress,,Active,
Vivo Zuri Cap Sleeve Knee Length Dress,,Active,
Vivo Zuri Cap Sleeve Knee Length Dress,,Active,
Vivo Zuri Cap Sleeve Knee Length Dress,,Active,
Vivo Zuri Cap Sleeve Knee Length Dress,,Active,
Vivo Zuri Cap Sleeve Knee Length Dress,,Active,
Vivo Zuri Cap Sleeve Knee Length Dress,,Active,
Vivo Zuri Cap Sleeve Knee Length Dress,,Active,
Vivo Zuri Cap Sleeve Knee Length Dress,,Active,
Vivo Zuri Cap Sleeve Knee Length Dress,,Active,
Vivo Zuri Cap Sleeve Knee Length Dress,,Active,
Vivo Zuri Cap Sleeve Knee Length Dress,,Active,
Vivo Zuri Cap Sleeve Knee Length Dress,,Active,
Vivo Zuri Cap Sleeve Knee Length Dress,,Active,
Vivo Zuri Cap Sleeve Knee Length Dress,,Active,
Vivo Zuri Cap Sleeved Bodycon Dress,,Active,
Vivo Zuri Cap Sleeved Maxi Dress,,Active,
Vivo Zuri Cap Sleeved Maxi Dress,,Active,
Vivo Zuri Cap Sleeved Maxi Dress,,Active,
Vivo Zuri Cap Sleeved Maxi Dress,,Active,
Vivo Zuri Cap Sleeved Maxi Dress,,Active,
Vivo Zuri Cap Sleeved Maxi Dress,,Active,
Vivo Zuri Cap Sleeved Maxi Dress,,Active,
Vivo Zuri Cap Sleeved Maxi Dress,,Active,
Vivo Zuri Cap Sleeved Maxi Dress,,Active,
Vivo Zuri Cap Sleeved Maxi Dress,,Active,
Vivo Zuri Long Sleeved Blouse,,Retired,Retired
Vivo Zuri Sleeveless Tent Maxi Dress,,Active,
,,,
Vivo liora Satin Midi Dress,,Active,Core Performer
,,Active,
,,,
,,,
,,,
,,,
,,,
,,,
,,,
,,,
,,,
,,,
,,,
,,,
,,,
,,,
,,,
,,,
,,,
,,,
,,,
,,Active,
,,Active,
,,,
,,Active,
,,Active,
,,Active,
,,Active,
,,,
,,Active,
,,Active,
,,Active,
,,,
,,,
,,,
,,,
,,,
,,,
,,,
,,,
,,,
,,,
,,Active,
,,,
,,Active,
Alara Ponte Skirt,1020006,Active,NOOS
,,Active,
,,Active,
,,,
,,,
,,,
,,,
,,Active,
,,Active,
,,Active,
,,Active,
,,Active,
,,Active,
,,Active,
,,Active,
,,Active,
,,Active,
,,Active,
,,Active,
,,Active,
,,,
,,Active,
,,,
,,Active,
,,,
,,Active,
,,Active,
,,Active,
,,Active,
,,Active,
,,Active,
,,Active,
,,Active,
,,Active,
,,Active,
,,Active,
,,Active,
,,,
,,Active,
,,Active,
,,Active,
,,Active,
,,Active,
,,Active,
,,Active,
,,Active,
,,,
,,Active,
,,Active,
,,Active,
,,Active,
,,Active,
,,Active,
,,Active,
,,Active,
,,Active,
,,Active,
,,Active,
,,Active,
,,Active,
,,Active,
,,Active,
,,Active,
,,Active,
,,Active,
,,Active,
,,Active,
,,Active,
,,Active,
,,Active,
,,Active,
,,Active,
,,Active,
,,Active,
,,Active,
,,Active,
,,Active,
,,Active,
,,Active,
,,,
,,,
,,,
,,,
,,,
,,,
,,,
,,,
,,,
,,,
,,,
,,,
,,,
,,,
,,Active,
,,Active,
,,Active,
,,Active,
,,Active,
,,Active,
,,,
,,Active,
,,Active,
,,Active,
,,Active,
,,,
,,,
,,,
,,,
,,Active,
,,,
,,,
,,,
,,,
,,Active,
,,Active,
,,Active,
,,Active,
,,Active,
,,Active,
,,Active,
,,Active,
,,Active,
,,Active,
,,,
,,,
,,,
,,,
,,,
,,,
,,,
,,Active,
,,,
,,,
,,,
,,Active,
,,Active,
,,Active,
,,Active,
,,Active,
,,Active,
,,Active,
,,Active,
,,Active,
,,Active,
,,Active,
,,Active,
,,Active,
,,Active,
,,Active,
,,Active,
,,Active,
,,Active,
,,Active,
,,Active,
,,Active,
,,Active,
,,Active,
,,Active,
,,Active,
,,Active,
,,Active,
,,Active,
,,Active,
,,Active,
,,Active,
,,Active,
,,Active,
,,Active,
,,Active,
,,Active,
,,Active,
,,,
,,,
,,,
,,,
,,,
,,,
,,Active,
,,Active,
,,Active,
,,Active,
,,Active,
,,Active,
,,Active,
,,Active,
,,Active,
,,Active,
,,Active,
,,,
,,Active,
,,Active,
,,Active,
,,Active,
,,Active,
,,Active,
,,Active,
,,Active,
,,Active,
,,Active,
,,Active,
,,Active,
,,,
,,,
,,Active,
,,Active,
,,Active,
,,Active,
,,Active,
,,Active,
,,Active,
,,Active,
,,Active,
,,Active,
,,Active,
,,Active,
,,Active,
,,Active,
,,,
,,,
,,Active,
,,Active,
,,Active,
,,Active,
,,Active,
,,,
,,Active,
,,Active,
,,Active,
,,Active,
,,,
,,Active,
,,Active,
,,Active,
,,Active,
,,Active,
,,Active,
,,Active,
,,Active,
,,Active,
,,Active,
,,Active,
,,Active,
,,Active,
,,Active,
,,Active,
,,Active,
,,Active,
,,Active,
,,Active,
,,Active,
,,,
,,Active,
,,Active,
,,,
,,,
,,,
,,,
,,Active,
,,Active,
,,,
,,Active,
,,,
,,Active,
,,Active,
,,,
,,Active,
,,,
,,Active,
,,Active,
,,Active,
,,Active,
,,,
,,Active,
,,Active,
,,,
,,,
,,,
,,,
,,,
,,Active,
,,Active,
,,Active,
,,Active,
,,Active,
,,Active,
,,Active,
,,Active,
,,Active,
,,Active,
,,Active,
,,Active,
,,Active,
,,Active,
,,Active,
,,Active,
,,Active,
,,Active,
,,Active,
,,Active,
,,Active,
,,Active,
,,Active,
,,,
,,,
,,,
,,,
,,,
,,,
,,,
,,,
,,,
,,,
,,,
,,,
,,,
,,,
,,,
,,,
,,,
,,,
,,,
,,,
,,,
,,,
,,,
,,Active,
,,,
,,,
,,,
,,,
,,,
,,Active,
,,Active,
,,,
,,,
,,,
,,Active,
,,,
,,,
,,,
,,,
,,,
,,,
,,,
,,,
,,,
,,,
,,,
,,,
,,,
,,,
,,,
,,,
,,,
,,,
,,,
,,,
,,,
,,,
,,,
,,,
,,,
,,,
,,,
,,,
,,,
,,,
,,,
,,,
,,,
,,,
,,,
,,,
,,,
,,,
,,,
,,,
,,,
,,,
,,,
,,,
,,,
,,,
,,,
,,,
,,,
,,,
,,,
,,,
,,Active,
,,Active,
,,Active,
,,Active,
,,Active,
,,Active,
,,Active,
,,Active,
,,Active,
,,Active,
,,Active,
,,Active,
,,Active,
,,,
,,Active,
,,Active,
,,Active,
,,Active,
,,Active,
,,Active,
,,,
,,Active,
,,Active,
,,Active,
,,Active,
,,,
,,Active,
,,Active,
,,Active,
,,Active,
,,Active,
,,Active,
,,Active,
,,Active,
,,Active,
,,Active,
,,Active,
,,Active,
,,,
,,Active,
,,Active,
,,Active,
,,Active,
,,Active,
,,Active,
,,Active,
,,Active,
,,Active,
,,Active,
,,Active,
,,Active,
,,Active,
,,Active,
,,Active,
,,Active,
,,Active,
,,Active,
,,Active,
,,,
,,Active,
,,Active,
,,Active,
,,Active,
,,Active,
,,Active,
,,Active,
,,Active,
,,Active,
,,Active,
,,Active,
,,Active,
,,Active,
,,Active,
,,Active,
,,Active,
,,Active,
,,Active,
,,Active,
,,Active,
,,Active,
,,Active,
,,Active,
,,Active,
,,Active,
,,Active,
,,Active,
,,Active,
,,Active,
,,Active,
,,Active,
,,Active,
,,Active,
,,Active,
,,Active,
,,Active,
,,Active,
,,Active,
,,Active,
,,Active,
,,Active,
,,Active,
,,Active,
,,Active,
,,,
,,,
,,,
,,,
,,,
,,,
,,,
,,,
,,,
,,,
,,,
,,,
,,Active,
,,Active,
,,Active,
,,Active,
,,Active,
,,Active,
,,Active,
,,Active,
,,Active,
,,Active,
,,,
,,,
,,,
,,,
,,,
,,,
,,Active,
,,Active,
,,Active,
,,Active,
,,Active,
,,Active,
,,,
,,Active,
,,,
,,Active,
,,Active,
,,,
,,Active,
,,,
,,Active,
,,,
,,,
,,Active,
,,Active,
,,,
,,Active,
,,Active,
,,Active,
,,Active,
,,Active,
,,Active,
,,Active,
,,Active,
,,Active,
,,Active,
,,Active,
,,Active,
,,,
,,Active,
,,Active,
,,,
,,Active,
,,,
,,,
,,,
,,,
,,,
,,,
,,,
,,,
,,,
,,,
,,,
,,,
,,,
,,,
,,,
,,,
,,,
,,,
,,,
,,,
,,,
,,,
,,,
,,,
,,,
,,,
,,,
,,,
,,,
,,,
,,,
,,,
,,,
,,,
,,,
,,,
,,,
,,,
,,,
,,,
,,,
,,,
,,,
,,,
,,,
,,,
,,,
,,,
,,,
,,,
,,,
,,,
,,,
,,,
,,,
,,,
,,,
,,,
,,,
,,,
,,,
,,,
,,,
,,,
,,,
,,,
,,,
,,,
,,,
,,,
,,,
,,Active,
,,,
,,,
,,,
,,,
,,Active,
,,Active,
,,Active,
,,,
,,,
,,,
,,Active,
,,,
,YTHE01024,Active,
,YTHE01026,Active,
,Y1020006,Active,
,Y1020002,Active,
,Y1020003,Active,
,Y1020009,Active,
,YTHE01025,Active,
,YTHE01027,Active,
,YTHE012024,Active,
,Y1020001,Active,
,Y1020004,Active,
,,,
,,,
,,,
,,,
,,,
,,,
,,Active,
,,Active,
,,Active,
,,Active,
,,,
,,Active,
,,Active,
,,Active,
,,Active,
,,Active,
,,Active,
,,,
,,,
,,,
,,,
,,,
,,,
,,,
,,,
,,,
,,,
,,,
,,,
,,,
,,,
,,,
,,,
,,,
,,,
,,,
,,,
,,,
,,,
Zetu Long Sleeve Bodysuit,,Active,
Zetu Men's Chino Shorts,Z,Active,
,,,
Zetu Men's LinenLux Cotton Classic Men's Button Down Shirt,,Active,
Zetu Men's LinenLux Cotton Classic Men's Button Down Shirt,,Active,
,,Active,
Zoya Aridi Cropped Jacket,,Retired,Retired
Zoya Aridi Cropped Jacket,,Retired,Retired
Zoya Aridi Cropped Jacket,,Retired,Retired
Zoya Aridi Cropped Jacket,,Retired,Retired
Zoya Aridi Cropped Jacket,,Retired,Retired
Zoya Aridi Leggings,,Retired,Retired
Zoya Aridi Leggings,,Retired,Retired
Zoya Aridi Mens Straight Leg Pants,,Retired,Retired
Zoya Aridi Unisex Shacket (Corduroy),,Retired,Retired
Zoya Aridi Unisex Shacket (Flannel),,Retired,Retired
Zoya Aridi Unisex Shacket (Flannel),,Retired,Retired
Zoya Aridi Unisex Shacket (Flannel),,Retired,Retired
Zoya Athleisure One Shoulder Crop Top,,Retired,Retired
Zoya Athleisure One Shoulder Crop Top,,Retired,Retired
,,,
Zoya Banda Bandeau Asymmetrical Crop Top,,Retired,Retired
Zoya Banda Bandeau Asymmetrical Crop Top,,Retired,Retired
Zoya Banda Crop Hoodie,,Retired,Retired
Zoya Banda Crop Hoodie,,Retired,Retired
Zoya Banda Drop Shoulder Unisex Wide Jacket,,Retired,Retired
Zoya Banda Drop Shoulder Unisex Wide Jacket,,Retired,Retired
Zoya Banda Halter Neck Assymetrical Crop Top,,Active,
Zoya Banda Halter Neck Assymetrical Crop Top,,Active,
Zoya Banda High Slit Maxi Skirt,,Active,
Zoya Banda High Slit Maxi Skirt,,Active,
Zoya Banda High Slit Maxi Skirt,,Active,
Zoya Banda Lantern Pants,,Retired,Retired
Zoya Banda Lantern Pants,,Retired,Retired
Zoya Banda Men's Cargo Pants,,Retired,Retired
Zoya Banda Men's Cargo Pants,,Retired,Retired
Zoya Banda Men's Wide Pants,,Retired,Retired
Zoya Banda Men's Wide Pants,,Retired,Retired
Zoya Banda Strappy Playsuit,,Retired,Retired
Zoya Banda Strappy Playsuit,,Retired,Retired
Zoya Banda Unisex Jorts,,Retired,Retired
Zoya Banda Unisex Jorts,,Retired,Retired
Zoya Banda Unisex Letterman Jacket,,Retired,Retired
Zoya Banda Unisex Letterman Jacket,,Retired,Retired
Zoya Banda Unisex Shacket,,Retired,Retired
Zoya Banda Unisex Shacket,,Retired,Retired
Zoya Banda Unisex Shacket,,Retired,Retired
Zoya Banda Waist Length Zipped Jacket,,Retired,Retired
Zoya Banda Waist Length Zipped Jacket,,Retired,Retired
Zoya Basic Bodycon,,Retired,Retired
Zoya Basic Bodycon,,Retired,Retired
Zoya Basic Bodycon,,Retired,Retired
Zoya Basic Bodycon,,Retired,Retired
Zoya Basic Bodycon,,Retired,Retired
Zoya Basic Bodycon,,Retired,Retired
,,,
Zoya Basic Bodycon,,Retired,Retired
Zoya Basic Capri Leggings,,Active,
Zoya Basic Crop Top,,Retired,Retired
Zoya Basic Full Length Leggings,,Active,
Zoya Basic Full Length Leggings,,Active,
Zoya Basic Full Length Leggings,,Active,
Zoya Basic Full Length Leggings,,Active,
Zoya Basic Full Length Leggings,,Active,
Zoya Basic Full Length Leggings,,Active,
Zoya Basic Full Length Leggings,,Active,
Zoya Basic Full Length Leggings,,Active,
Zoya Basic Full Length Leggings,,Active,
Zoya Basic Full Length Leggings,,Active,
Zoya Basic Halter Tie Top,,Retired,Retired
Zoya Basic Halter Tie Top,,Retired,Retired
Zoya Basic Halter Tie Top,,Retired,Retired
Zoya Basic Halter Tie Top,,Retired,Retired
Zoya Basic Halter Tie Top,,Retired,Retired
Zoya Basic Halter Tie Top,,Retired,Retired
Zoya Basic Halter Tie Top,,Retired,Retired
Zoya Basic Jersey Bandaeu,,,
,,,
Zoya Basic Jersey Bandeau,,Active,
,,,
Zoya Basic Jersey Bandeau,,Active,
Zoya Basic Jersey Bandeau,,Active,
Zoya Basic Jersey Bandeau,,Active,
Zoya Basic Jersey Bandeau,,Active,
Zoya Basic Jersey Bandeau,,Active,
Zoya Basic Jersey Bandeau,,Active,
Zoya Basic Jersey Bandeau,,Active,
Zoya Basic Jersey Bandeau,,Active,
Zoya Basic Jersey Bandeau,,Active,
Zoya Basic Jersey Bandeau,,Active,
Zoya Basic Jersey Bandeau,,Active,
Zoya Basic Jersey Bandeau,,Active,
Zoya Basic Jersey Bandeau,,Active,
Zoya Basic Jersey Bandeau,,Active,
Zoya Basic Jersey Bandeau,,Active,
Zoya Basic Jersey Bandeau,,Active,
Zoya Basic Jersey Bandeau,Z1019075,Retired,Retired
,,,
Zoya Basic Jersey Bandeau,,Active,
Zoya Basic Jersey Bandeau,,Retired,Retired
,,,
Zoya Basic Jersey Bandeau,,Active,
Zoya Basic Jersey Bandeau,,Active,
Zoya Basic Jersey Bandeau,,Active,
Zoya Basic Jersey Bandeau,,Active,
Zoya Basic Jersey Bandeau,,Active,
Zoya Basic Jersey Bandeau,,Active,
Zoya Basic Jersey Bandeau,,Active,
Zoya Basic Jersey Bandeau,,Active,
Zoya Basic Jersey Bandeau,,Active,
Zoya Basic Jersey Bandeau,,Active,
Zoya Basic Jersey Bandeau,,Active,
Zoya Basic Long Sleeve Bodycon,,Retired,Retired
Zoya Basic Long Sleeve Bodycon,,Retired,Retired
Zoya Basic Long Sleeve Bodycon,,Retired,Retired
Zoya Basic Long Sleeve Bodycon,,Retired,Retired
Zoya Basic Long Sleeve Bodycon,,Retired,Retired
Zoya Basic Long Sleeve Top,,Retired,Retired
Zoya Basic Long Sleeve Top,,Retired,Retired
Zoya Basic Long Sleeve Top,,Retired,Retired
Zoya Basic Long Sleeve Top,,Retired,Retired
Zoya Basic Long Sleeve Top,,Retired,Retired
Zoya Basic Long Sleeve Top,,Retired,Retired
Zoya Basic Long Sleeve Top,,Retired,Retired
Zoya Basic Long Sleeve Top,,Retired,Retired
Zoya Basic Long Sleeve Top,,Retired,Retired
Zoya Basic Long Sleeve Top,,Retired,Retired
Zoya Basic Long Sleeve Top,,Retired,Retired
Zoya Basic Racer Back Crop Top,,Retired,Retired
Zoya Basic Racer Back Crop Top,,Retired,Retired
Zoya Basic Racer Back Crop Top,,Retired,Retired
Zoya Basic Racer Back Crop Top,,Retired,Retired
Zoya Basic Racer Back Crop Top,,Retired,Retired
Zoya Basic Raglan Sleeve Midriff Top,,Active,
Zoya Basic Ribbed Cap Sleeved Bodysuit,,Active,
Zoya Basic Ribbed Cap Sleeved Bodysuit,,Active,
Zoya Basic Ribbed Cap Sleeved Bodysuit,,Active,
Zoya Basic Ribbed Cap Sleeved Bodysuit,,Active,
Zoya Basic Ribbed Cap Sleeved Bodysuit,,Active,
Zoya Basic Ribbed Cap Sleeved Bodysuit,,Active,
Zoya Basic Ribbed V-neck Short Sleeved Thong Bodysuit,,Active,
Zoya Basic Short Sleeve Crop Top,,Retired,Retired
Zoya Basic Short Sleeve Crop Top,,Retired,Retired
Zoya Basic Short Sleeve Crop Top,,Retired,Retired
Zoya Basic Short Sleeve Crop Top,,Retired,Retired
Zoya Basic Short Sleeve Crop Top,,Retired,Retired
Zoya Basic Short Sleeve Crop Top,,Retired,Retired
Zoya Basic Sleeveless Bodysuit,,Active,
Zoya Basic Sleeveless Boundneck Bodysuit,,Active,
Zoya Basic Spaghetti Tank Top,,Retired,Retired
Zoya Basic Spaghetti Tank Top,,Retired,Retired
Zoya Basic Strappy Bodysuit,,Active,
Zoya Basic Strappy Bodysuit,,Active,
Zoya Basic Strappy Bodysuit,,Active,
Zoya Basic Strappy Bodysuit,,Active,
Zoya Basic Tank Top,,Active,
Zoya Basic Tank Top,,Active,
Zoya Basic Tank Top,,Active,
Zoya Basic Tank Top,,Active,
Zoya Basic Tank Top,,Active,
Zoya Basic Tank Top,,Active,
Zoya Basic Tank Top,,Active,
Zoya Basic Tank Top,,Active,
Zoya Basic Tank Top,,Active,
Zoya Basic Tank Top,,Active,
Zoya Basic Tank Top,,Active,
Zoya Basic Tank Top,,Active,
Zoya Basic Tank Top,,Active,
Zoya Basic V-Neck Short Sleeved Midriff Top,,Active,
Zoya Basic Val Tank Top,,Retired,Retired
Zoya Basic Val Tank Top,,Retired,Retired
Zoya Basic Val Tank Top,,Retired,Retired
Zoya Basic Val Tank Top,,Retired,Retired
Zoya Basic Val Tank Top,,Retired,Retired
Zoya Basic Val Tank Top,,Retired,Retired
,,,
Zoya Basic Val Tank Top,,Retired,Retired
Zoya Basic Val Tank Top,,Retired,Retired
Zoya Basic Val Tank Top,,Retired,Retired
Zoya Basic Val Tank Top,,Retired,Retired
Zoya Brave Corduroy Booty Shorts,,Retired,Retired
Zoya Brave Corduroy Joggers,,Active,
Zoya Brave Corduroy Shorts,,Active,
,,,
Zoya Brave Hoodie Print Crop Top,,Active,
Zoya Brave Satin Joggers(Regular),,Retired,Retired
Zoya Brave Satin Joggers(Regular),,Retired,Retired
Zoya Brave Satin Joggers(Regular),,Retired,Retired
Zoya Brave Satin Joggers(Tall),,Retired,Retired
Zoya Brave Satin Long Kaftan,,Active,
Zoya Capri Leggings,,Retired,Retired
Zoya Capri Leggings,,Retired,Retired
Zoya Capri Leggings,,Retired,Retired
Zoya Capri Leggings,,Retired,Retired
Zoya Capri Leggings,,Retired,Retired
Zoya Capri/Midi Length Dress,,Active,
Zoya Chill Cap Sleeve T-shirt,,Active,
Zoya Chill Cap Sleeve T-shirt,,Active,
Zoya Chill Cap Sleeve T-shirt,,Active,
Zoya Chill Spaghetti Strap Tank Top,,Retired,Retired
Zoya Chill Spaghetti Strap Tank Top,,Retired,Retired
Zoya Chill Spaghetti Strap Tank Top,,Retired,Retired
Zoya Chill Spaghetti Strap Tank Top,,Retired,Retired
Zoya Essentials Bandeau,,Active,
Zoya Essentials Basic Mini Bodycon,,Retired,Retired
Zoya Essentials Basic Mini Bodycon,,Retired,Retired
Zoya Essentials Midi Bodycon,,Active,
Zoya Essentials Mini Bodycon,,Retired,Retired
Zoya Essentials Mini Bodycon,,Retired,Retired
Zoya Essentials Mini Bodycon,,Retired,Retired
Zoya Essentials Mini Bodycon,,Retired,Retired
Zoya Essentials Mini Bodycon,,Retired,Retired
Zoya Fitness Bra Style # 2,Z0920129,Retired,Retired
Zoya Fitness Shorts,,Active,
Zoya Fitness Shorts,Z0920119,Retired,Retired
Zoya Flora Mini Skirt,,Active,
Zoya Full Length Pants,,Active,
Zoya Heart Fitness Bra,,Active,
Zoya High Rise Fitness Tights,,Active,
Zoya Knee Length Dress,,Active,
Zoya Knee Length Dress,,Active,
Zoya Kyro Cropped Shirt,,Retired,Retired
Zoya Kyro Pleated Mini Skirt,,Retired,Retired
Zoya Kyro Pleated Mini Skirt,,Retired,Retired
Zoya Kyro Sleeveless Bodysuit,,Active,
Zoya Kyro Sleeveless Bodysuit,,Active,
Zoya Kyro Straight Leg Pants,,Retired,Retired
Zoya Kyro Straight Leg Pants,,Retired,Retired
Zoya Kyro Straight Leg Pants,,Retired,Retired
Zoya Kyro Strappy Vest,,Retired,Retired
Zoya Kyro Strappy Vest,,Retired,Retired
Zoya Kyro Women's Oversized Blazer,,Retired,Retired
Zoya Kyro Women's Oversized Blazer,,Retired,Retired
Zoya Kyro Women's Oversized Blazer,,Retired,Retired
Zoya Long Sleeved Fitness Crop Top,,Retired,Retired
Zoya Luna Cargo Pants,,Retired,Retired
Zoya Luna Cargo Pants,,Retired,Retired
Zoya Luna Cargo Pants,,Retired,Retired
Zoya Luna Cargo Pants,,Retired,Retired
Zoya Luna Cargo Pants,,Retired,Retired
,,,
Zoya Luna Drape Tie Top,,Retired,Retired
Zoya Luna Drape Tie Top,,Retired,Retired
Zoya Luna Drape Tie Top,,Retired,Retired
Zoya Luna Drape Tie Top,,Retired,Retired
Zoya Luna Drape Tie Top,,Retired,Retired
Zoya Luna Drawstring Maxi Dress,,Retired,Retired
Zoya Luna Drawstring Maxi Dress,,Retired,Retired
Zoya Luna Halter Neck Top,,Retired,Retired
Zoya Luna Halter Neck Top,,Retired,Retired
Zoya Luna High Slit Dress,,Retired,Retired
Zoya Luna High Slit Dress,,Retired,Retired
Zoya Maxi Skirts,,Active,
Zoya Men's Cargo Pants,,Retired,Retired
Zoya Men's Cargo Pants,,Retired,Retired
Zoya Men's Round Neck T-shirt,,Retired,Retired
Zoya Men's Round Neck T-shirt,,Retired,Retired
Zoya Mock Neck Long Sleeve Fitness Crop Top,,Active,
Zoya Naya One Shoulder Flounce Satin Crop Top,,Retired,Retired
Zoya Naya One Shoulder Flounce Satin Crop Top,,Retired,Retired
Zoya Nia Cargo Overalls,,Active,
Zoya Nia Cargo Overalls,,Active,
Zoya Nia Cargo Shorts,,Retired,Retired
Zoya Nia Cargo Shorts,,Retired,Retired
Zoya Nia Cargo Shorts,,Retired,Retired
Zoya Nia Crop Bomber Jacket,,Retired,Retired
Zoya Nia Crop Bomber Jacket,,Retired,Retired
Zoya Nia Crop Oversized Jacket,,Retired,Retired
Zoya Nia Crop Oversized Jacket,,Retired,Retired
Zoya Nia Crop Oversized Jacket,,Retired,Retired
Zoya Nia Long Sleeve Oversize Shirt,Z0822095,Active,
Zoya Nia Long Sleeved Crop Shacket,,Active,
Zoya Nia Long Sleeved Crop Shacket,,Active,
Zoya Nia Long Sleeved Crop Shacket,,Active,
Zoya Nia Off Shoulder Knee Length Dress,,Retired,Retired
Zoya Nia Off Shoulder Knee Length Dress,,Retired,Retired
Zoya Nia Off Shoulder Knee Length Dress,,Retired,Retired
Zoya Nia Off Shoulder Knee Length Dress,,Retired,Retired
Zoya Nia Off Shoulder Puff Sleeve Top,,Retired,Retired
Zoya Nia Off Shoulder Puff Sleeve Top,,Retired,Retired
Zoya Nia Off Shoulder Puff Sleeve Top,,Retired,Retired
Zoya Nia Off Shoulder Puff Sleeve Top,,Retired,Retired
Zoya Nia Off Shoulder Puff Sleeve Top,,Retired,Retired
Zoya Nia Oversized Denim Shirt,,Retired,Retired
Zoya Nia Oversized Denim Shirt,,Retired,Retired
Zoya Nia Oversized Denim Shirt,,Retired,Retired
Zoya Nia Puff Sleeve Off Shoulder Romper,,Retired,Retired
Zoya Nia Puff Sleeve Off Shoulder Romper,,Retired,Retired
Zoya Nia Puff Sleeve Off Shoulder Romper,,Retired,Retired
Zoya Nia Wide Cargo Pants,,Active,
Zoya Nia Wide Cargo Pants,,Active,
Zoya Nia Wide Cargo Pants,,Active,
Zoya Nia Wide Cargo Pants,,Active,
Zoya Nia Wide Leg Denim Pants,,Retired,Retired
Zoya Nia Wide Leg Denim Pants,,Retired,Retired
Zoya Nia Wide Leg Denim Pants,,Retired,Retired
Zoya Nia Wide Leg Denim Pants,,Retired,Retired
Zoya Nia Wide Leg Denim Pants,,Retired,Retired
Zoya Nia Wide Leg Shorts,,Retired,Retired
Zoya Nia Wide Leg Shorts,,Retired,Retired
Zoya Nia Wide Leg Shorts,,Retired,Retired
Zoya Nia Wide Leg Shorts,,Retired,Retired
Zoya Party Cowl Bare Back Mini Dress,,Retired,Retired
Zoya Party Cowl Bare Back Mini Dress,,Retired,Retired
Zoya Party Cowl Bare Back Mini Dress,,Retired,Retired
Zoya Party Cowl Bare Back Mini Dress,,Retired,Retired
Zoya Party Crop Top,,Active,
Zoya Party Drawstring Hoodie,,Retired,Retired
Zoya Party Drawstring Hoodie,,Retired,Retired
Zoya Party Halter Crop Top,,Retired,Retired
Zoya Party Low V-Neck Bodysuit,,Retired,Retired
Zoya Party Low V-Neck Bodysuit,,Retired,Retired
Zoya Party Low V-Neck Bodysuit,,Retired,Retired
Zoya Party Mini Skirt,,Active,
Zoya Party Mini Skirt,,Active,
Zoya Party One Sleeved Side Cut Dress,,Retired,Retired
Zoya Party Sheer Pants,,Retired,Retired
Zoya Party Sheer Pants,,Retired,Retired
Zoya Party Sleeveless Bodysuit,,Retired,Retired
Zoya Party Sleeveless Bodysuit,,Retired,Retired
Zoya Party Sleeveless Side Cut Midi Dress,,Retired,Retired
Zoya Party Strappy One Shoulder Midi Dress,,Retired,Retired
Zoya Party Tie Back Bodycon,,Retired,Retired
,,,
Zoya Party Turtle Neck Maxi Top,,Retired,Retired
Zoya Party Turtle Neck Midriff Top,,Active,
Zoya Party Turtle Neck Midriff Top,,Active,
Zoya Ribbed Long Sleeve One Shoulder Bodysuit (Special offer),,Active,
Zoya Ribbed Long Sleeve Turtleneck Bodysuit,,Active,
Zoya Ribbed Racerback Mini Bodycon (Special Offer),,Active,
Zoya Sadira Bell Bottom Pants,,Retired,Retired
Zoya Sadira Bell Bottom Pants,,Retired,Retired
Zoya Sadira Bell Bottom Unitard,,Retired,Retired
Zoya Sadira Bell Bottom Unitard,,Retired,Retired
Zoya Sadira Cargo Shorts,,Retired,Retired
Zoya Sadira Cargo Shorts,,Retired,Retired
,,,
Zoya Sadira Halter Neck Vest,,Retired,Retired
Zoya Sadira Halter Neck Vest,,Retired,Retired
Zoya Sadira Men's Long Sleeve T Shirt,,Retired,Retired
Zoya Sadira Men's Long Sleeve T Shirt,,Retired,Retired
Zoya Sadira Men's Polo T-Shirt,,Retired,Retired
Zoya Sadira Men's Polo T-Shirt,,Retired,Retired
Zoya Sadira Mens' Chino Pants,,Retired,Retired
Zoya Sadira Mens' Chino Shorts,,Retired,Retired
Zoya Sadira Midriff Polo T-Shirt,,Retired,Retired
Zoya Sadira Midriff Polo T-Shirt,,Retired,Retired
Zoya Sadira Midriff Polo T-Shirt,,Retired,Retired
Zoya Sadira Mini Bubble Dress,,Retired,Retired
Zoya Sadira Mini Bubble Dress,,Retired,Retired
Zoya Sadira Mini Cargo Skirt,,Retired,Retired
,,,
Zoya Sadira Mini Cargo Skirt,,Retired,Retired
,,,
Zoya Sadira Ribbed Top,,Retired,Retired
Zoya Sadira Strappy Bodysuit,,Retired,Retired
Zoya Sadira Strappy Bodysuit,,Retired,Retired
Zoya Sadira Strappy Bodysuit,,Retired,Retired
Zoya Shani Cropped Tie Top,,Retired,Retired
Zoya Shani Cropped Tie Top,,Retired,Retired
Zoya Shani Kimono,,Retired,Retired
Zoya Shani Kimono,,Retired,Retired
Zoya Shani Kimono,,Retired,Retired
Zoya Shani Men's Drawstring Shorts,,Retired,Retired
Zoya Shani Men's Drawstring Shorts,,Retired,Retired
Zoya Shani Men's Summer Shirt,,Retired,Retired
Zoya Shani Men's Summer Shirt,,Retired,Retired
Zoya Shani Off Shoulder Crop Top,,Retired,Retired
Zoya Shani Off Shoulder Crop Top,,Retired,Retired
Zoya Shani Pleated Pants,,Active,
Zoya Shani Pleated Shorts,,Retired,Retired
Zoya Shani Pleated Shorts,,Retired,Retired
Zoya Shani Sarong Wrap,Z0624020,Retired,Retired
Zoya Shani Satin Off Shoulder Crop Top,,Active,
Zoya Shani Satin Off Shoulder Crop Top,,Active,
Zoya Shani Scarf Top,Z0624005,Retired,Retired
Zoya Short Jackets & Coats,,Active,
Zoya Short Jackets & Coats,,Active,
Zoya Sitawi A-line Mini Dress,,Active,
Zoya Sitawi A-line Mini Dress,,Active,
Zoya Sitawi A-line Mini Dress,,Active,
Zoya Sitawi A-line Mini Dress,,Active,
Zoya Sitawi A-line Mini Dress,,Active,
Zoya Sitawi A-line Mini Skirt,,Active,
Zoya Sitawi Bodycon,,Retired,Retired
Zoya Sitawi Bodycon,,Retired,Retired
Zoya Sitawi Cargo Pants,,Active,
,,,
Zoya Sitawi Cropped Jacket,,Active,
Zoya Sitawi Round Neck Midriff Top,,Retired,Retired
Zoya Sitawi Shirt Blouse,,Active,
Zoya Sitawi Shirt Dress,,Active,
Zoya Sitawi Square Neck Bodysuit,,Retired,Retired
Zoya Sitawi Square Neck Bodysuit,,Retired,Retired
Zoya Spaghetti strap Midriff Top,,Active,
Zoya Sports Bra,,Active,
Zoya Sports Bra,,Active,
Zoya Sports Bra,,Active,
Zoya Taani Easy Fit Joggers,,Active,
Zoya Taani Easy Fit Joggers,,Active,
Zoya Taani Maxi Dress,,Retired,Retired
Zoya Taani Maxi Dress,,Retired,Retired
Zoya Taani Midriff Hoodie,,Retired,Retired
Zoya Taani Midriff Hoodie,,Retired,Retired
Zoya Taani Mini Dress,,Active,
Zoya Taani Mini Dress,,Active,
Zoya Taani Side Slit Hoodie,,Retired,Retired
Zoya Taani Side Slit Hoodie,,Retired,Retired
Zoya Taani Side Slit Hoodie,,Retired,Retired
Zoya Taani Sleeveless Midriff Top,,Retired,Retired
Zoya Taani Sleeveless Midriff Top,,Retired,Retired
Zoya Taani Wide Joggers,,Retired,Retired
Zoya Taani Wide Joggers,,Retired,Retired
Zoya Temo Asymmetric Front Cut Crop Top,,Retired,Retired
Zoya Temo Asymmetric Front Cut Crop Top,,Retired,Retired
Zoya Temo Bubble Mini Skirt,,Active,
Zoya Temo Bubble Mini Skirt,,Active,
Zoya Temo Crop T- Shirt,,Retired,Retired
Zoya Temo Cropped Jacket,,Retired,Retired
Zoya Temo Men's Detachable Wide Leg Pants,,Active,
Zoya Temo Men's Detachable Wide Leg Pants,,Active,
Zoya Temo Men's Knee Length Shorts,,Retired,Retired
Zoya Temo Men's Patched Straight Leg Pants,,Retired,Retired
Zoya Temo Men's Patched Straight Leg Pants,,Retired,Retired
Zoya Temo Mens Camo Shirt,,Retired,Retired
Zoya Temo Mens Short Sleeve T-shirt,,Retired,Retired
Zoya Temo Mens Short Sleeve T-shirt,,Retired,Retired
Zoya Temo Mens Zipped Overshirt,,Retired,Retired
Zoya Temo Parachute Pants,,Retired,Retired
Zoya Temo Parachute Pants,,Retired,Retired
Zoya Temo Parachute Pants,,Retired,Retired
Zoya Temo Pleated Skirt,,Retired,Retired
Zoya Temo Straight Leg Pants,,Retired,Retired
Zoya Temo Strappy Backless Crop Top,,Active,
Zoya Vasha Biker Shorts,,Retired,Retired
Zoya Vasha Biker Shorts,,Retired,Retired
Zoya Vasha Biker Shorts,,Retired,Retired
Zoya Vasha Hooded Jacket,,Retired,Retired
Zoya Vasha Hooded Jacket,,Retired,Retired
Zoya Vasha Hooded Jacket,,Retired,Retired
Zoya Vasha Midriff Jacket,,Retired,Retired
Zoya Vasha Midriff Jacket,,Retired,Retired
Zoya Vasha Midriff Jacket,,Retired,Retired
Zoya Vasha Midriff Jacket,,Retired,Retired
Zoya Vasha Midriff Jacket,,Retired,Retired
Zoya Vasha Midriff Jacket,,Retired,Retired
Zoya Vasha Raglan Sleeve Playsuit,,Retired,Retired
Zoya Vasha Raglan Sleeve Playsuit,,Retired,Retired
Zoya Vasha Raglan Sleeve Playsuit,,Retired,Retired
Zoya Vasha Short Sleeve Mesh Top,,Retired,Retired
Zoya Vasha Short Sleeve Mesh Top,,Retired,Retired
Zoya Vasha Short Sleeve Mesh Top,,Retired,Retired
Zoya Vasha Sleeveless Turtleneck Mini Bodycon,,Retired,Retired
Zoya Vasha Sleeveless Turtleneck Mini Bodycon,,Retired,Retired
Zoya Vasha Sleeveless Turtleneck Top,,Active,
Zoya Vasha Sleeveless Turtleneck Top,,Active,
Zoya Vasha Track Pants,,Retired,Retired
Zoya Vasha Track Pants,,Retired,Retired
Zoya Vasha Track Pants,,Retired,Retired
Zoya Vasha Track Pants With Pockets,,Retired,Retired
Zoya Vasha Track Pants With Pockets,,Retired,Retired
Zoya Vasha Track Pants With Pockets,,Retired,Retired
Zoya Vasha Track Pants With Pockets,,Retired,Retired
Zoya X AM Full Length Fitness Tights,,Retired,Retired
Zoya X Metamorphisized 143 Cropped Bomber Jacket,,Retired,Retired
Zoya X Metamorphisized 143 Cropped Bomber Jacket,,Retired,Retired
Zoya X Metamorphisized 143 Cropped Jacket,,Retired,Retired
Zoya X Metamorphisized 143 Detachable Pants,,Retired,Retired
Zoya X Metamorphisized 143 Detachable Pants,,Retired,Retired
Zoya X Metamorphisized 143 Oversized Bowling Shirt,,Retired,Retired
Zoya X Metamorphisized 143 Oversized Bowling Shirt,,Retired,Retired
Zoya X Metamorphisized 143 Oversized Long Sleeve Shirt,,Active,
,,,
,,,
Zoya X Metamorphisized 143 Oversized Long Sleeve Shirt,,Active,
Zoya X Metamorphisized 143 Pleated Flannel Mini Skirt,,Retired,Retired
Zoya X Metamorphisized 143 Pleated Flannel Mini Skirt,,Retired,Retired
,,,
Zoya X Metamorphisized 143 Pleated Mini Skirt,,Retired,Retired
Zoya X Metamorphisized 143 Pleated Mini Skirt,,Retired,Retired
Zoya X Metamorphisized 143 Pleated Mini Skirt,,Retired,Retired
Zoya X Metamorphisized 143 Pleated Mini Skirt,,Retired,Retired
Zoya X Metamorphisized 143 Raglan Sleeve Crop Top,,Retired,Retired
Zoya X Metamorphisized 143 Raglan Sleeve Crop Top,,Retired,Retired
Zoya X Metamorphisized 143 Raglan Sleeve Crop Top,Z1024050,Retired,Retired
Zoya X Metamorphisized 143 Raglan Sleeve Midriff Top,,Retired,Retired
Zoya X Metamorphisized 143 Raglan Sleeve Midriff Top,,Retired,Retired
Zoya X Metamorphisized 143 Workman's Jacket,,Retired,Retired
Zoya X Metamorphisized 143 Workman's Jacket,,Retired,Retired
Zoya Yuni Cargo Pants,,Retired,Retired
Zoya Yuni Contrast Stitch Cargo Pants,,Retired,Retired
Zoya Yuni Contrast Stitch Crop Jacket,,Retired,Retired
Zoya Yuni Contrast Stitch Mini Skirt,,Retired,Retired
Zoya Yuni Contrast Stitch Mini Skirt,,Retired,Retired
,,,
Zoya Yuni Halter Dress,,Retired,Retired
Zoya Yuni Halter Midriff Top,,Retired,Retired
Zoya Yuni Halter Midriff Top,,Retired,Retired
Zoya Yuni Halter Midriff Top,,Retired,Retired
Zoya Yuni Halter Midriff Top,,Retired,Retired
Zoya Yuni Halter Mini Dress,Z0324057,Retired,Retired
Zoya Yuni Halter Neck Tie Back Top,,Active,
Zoya Yuni Halter Neck Tie Back Top,,Active,
Zoya Yuni Halter Tank Top,,Retired,Retired
Zoya Yuni Halter Tank Top,,Retired,Retired
Zoya Yuni High Slit Dress,,Retired,Retired
Zoya Yuni High Slit Dress,,Retired,Retired
Zoya Yuni Men's Fleece Sweat Pants,,Retired,Retired
Zoya Yuni Men's Fleece Sweat Pants,,Retired,Retired
Zoya Yuni Men's Fleece Sweat Pants,,Retired,Retired
Zoya Yuni Men's Fleece Sweat Pants,,Retired,Retired
Zoya Yuni Men's Long Sleeve T-shirt,,Retired,Retired
Zoya Yuni Men's Long Sleeve T-shirt,,Retired,Retired
Zoya Yuni Men's Long Sleeve T-shirt,,Retired,Retired
Zoya Yuni Men's Long Sleeve T-shirt,,Retired,Retired
Zoya Yuni Men's Sweatshirt,,Retired,Retired
Zoya Yuni Men's Sweatshirt,,Retired,Retired
Zoya Yuni Men's Sweatshirt,,Retired,Retired
Zoya Yuni Men's Sweatshirt,,Retired,Retired
Zoya Yuni Men's Sweatshirt,,Retired,Retired
Zoya Yuni Men's Sweatshirt,,Retired,Retired
Zoya Yuni Off Shoulder Bodysuit,,Retired,Retired
Zoya Yuni Off Shoulder Bodysuit,,Retired,Retired
Zoya Yuni Off Shoulder Midriff Top,,Active,
Zoya Yuni Off Shoulder Midriff Top,,Active,
Zoya Yuni Off Shoulder Midriff Top,,Active,
Zoya Yuni Off shoulder Mini Dress,,Retired,Retired
Zoya Yuni One - Shoulder Crop Top,,Retired,Retired
Zoya Yuni One - Shoulder Crop Top,,Retired,Retired
Zoya Yuni One - Shoulder Crop Top,,Retired,Retired
Zoya Yuni Oversized Shirt,,Retired,Retired
Zoya Yuni Oversized Shirt,,Retired,Retired
Zoya Yuni Short Sleeve Midriff Top,,Active,
Zoya Yuni Short Sleeve Midriff Top,,Active,
Zoya Yuni Sleeveless Turtle Neck Maxi Top,,Retired,Retired
Zoya Yuni Sleeveless Turtle Neck Maxi Top,,Retired,Retired
Zoya Yuni Sleeveless Turtle Neck Maxi Top,,Retired,Retired
Zoya Yuni Sleeveless Turtle Neck Maxi Top,,Retired,Retired
Zoya Yuni Strappy Midriff Top,,Active,
Zoya Yuni Strappy Midriff Top,,Active,
Zoya Yuni Strappy Midriff Top,,Active,
Zoya Yuni Strappy Midriff Top,,Active,
Zoya Yuni Tank Top,,Active,
Zoya Yuni Tank Top,,Active,
Zoya Yuni Wide Leg Pants,,Active,
,,,
,,,
,,,
,,,
,,Active,
,,Active,
,,Active,
,,Active,
,,Active,
,,Active,
,,Active,
,,Active,
,,Active,
,,Active,
,,Active,
,,Active,
,,Active,
,,Active,
,,Active,
,,Active,
,,Active,
,,Active,
,,Active,
,,Active,
,,Active,
,,Active,
,,Active,
,,Active,
,,Active,
,,Active,
,,Active,
,,Active,
,,Active,
,,Active,
,,Active,
,,Active,
,,Active,
,,Active,
,,Active,
,,Active,
,,Active,
,,Active,
,,Active,
,,Active,
,,Active,
,,Active,
,,Active,
,,Active,
,,Active,
,,Active,
,,Active,
,,Active,
,,Active,
,,Active,
,,Active,
,,Active,
,,Active,
,,Active,
,,Active,
,,Active,
,,Active,
,,Active,
,,Active,
,,Active,
,,Active,
,,Active,
,,Active,
,,Active,
,,Active,
,,Active,
,,Active,
,,Active,
,,Active,
,,Active,
,,Active,
,,Active,
,,Active,
,,Active,
,,Active,
,,Active,
,,Active,
,,Active,
,,Active,
,,Active,
,,Active,
,,Active,
,,Active,
,,Active,
,,Active,
,,Active,
,,Active,
,,Active,
,,Active,
,,Active,
,,Active,
,,Active,
,,Active,
,,Active,
,,Active,
,,Active,
,,Active,
,,Active,
,,Active,
,,Active,
,,Active,
,,Active,
,,Active,
,,Active,
,,Active,
,,Active,
,,Active,
,,Active,
,,Active,
,,Active,
,,Active,
,,Active,
,,Active,
,,Active,
,,Active,
,,Active,
,,Active,
,,Active,
,,Active,
,,Active,
,,Active,
,,Active,
,,,
,,,
,,,
,,,
,,,
,,,
,,,
,,,
,,,
,,,
,,,
,,,
,,,
,,,
Shopsoko Test,1020002,Active,NOOS
vivo Situ Ruffle Neck Top,,Retired,Retired
