POS Location,Product Name,Style Name,Style Number,Barcode,SKU,SOH
Finished Goods Production,Safari Spaghetti Tank Top - Dark Taupe,Safari Spaghetti Tank Top,S0424062,60035313,S0424062DTAUM/L,2
Finished Goods Production,Vivo Basic Hooded Kimono - Beige / White Print,Vivo Basic Hooded Kimono,V1024063,60052186,V1024063PR1S,1
Finished Goods Production,Vivo Mira Reversible Wrap Top - PEACH / BROWN FAN PRINT,Vivo Mira Reversible Wrap Top,V1123158,60030609,V1123158PR1S,1
Finished Goods Production,Vivo Samira Maxi Kimono - Black / Red Print,Vivo Samira Maxi Kimono,V0525043,60056021,V0525043PR11S/M,1
Online - Shop Zetu,Safari Bush Drop Shoulder Long Sleeve Top - Hunters Green,Safari Bush Drop Shoulder Long Sleeve Top,S0424064,60037936,S0424064HGNXS/S,1
Online - Shop Zetu,Safari Bush Drop Shoulder Long Sleeve Top - Hunters Green,Safari Bush Drop Shoulder Long Sleeve Top,S0424064,60037938,S0424064HGN1X/2X,2
Online - Shop Zetu,Safari Bush Drop Shoulder Long Sleeve Top - Hunters Green,Safari Bush Drop Shoulder Long Sleeve Top,S0424064,60037937,S0424064HGNM/L,1
Online - Shop Zetu,Safari Bush Drop Shoulder Long Sleeve Top - Mustard,Safari Bush Drop Shoulder Long Sleeve Top,S0424064,60037941,S0424064MUS1X/2X,2
Online - Shop Zetu,Safari By Vivo Mens Cotton Long Sleeve Shirt - White / Navy Print,Safari By Vivo Mens Cotton Long Sleeve Shirt,S0925062,60060671,S0925062PR1L,1
Online - Shop Zetu,Safari By Vivo Mens Cotton Long Sleeve Shirt - White / Navy Print,Safari By Vivo Mens Cotton Long Sleeve Shirt,S0925062,60060672,S0925062PR11X,1
Online - Shop Zetu,Safari By Vivo Mens Cotton Long Sleeve Shirt - White / Navy Print,Safari By Vivo Mens Cotton Long Sleeve Shirt,S0925062,60060670,S0925062PR1M,1
Online - Shop Zetu,Safari By Vivo Mens Cotton Long Sleeve Shirt - White / Navy Print,Safari By Vivo Mens Cotton Long Sleeve Shirt,S0925062,60060669,S0925062PR1S,1
Online - Shop Zetu,Safari By Vivo Mens Cotton Short Sleeve Shirt - White / Black Print,Safari By Vivo Mens Cotton Short Sleeve Shirt,S0925060,60060532,S0925060PR1L,4
Online - Shop Zetu,Safari By Vivo Mens Cotton Short Sleeve Shirt - White / Black Print,Safari By Vivo Mens Cotton Short Sleeve Shirt,S0925060,60060531,S0925060PR1M,5
Online - Shop Zetu,Safari By Vivo Mens Cotton Short Sleeve Shirt - White / Black Print,Safari By Vivo Mens Cotton Short Sleeve Shirt,S0925060,60060533,S0925060PR11X,2
Online - Shop Zetu,Safari By Vivo Mens Cotton Short Sleeve Shirt - White / Black Print,Safari By Vivo Mens Cotton Short Sleeve Shirt,S0925060,60060530,S0925060PR1S,2
Online - Shop Zetu,Safari Chui Cropped Jacket - White Cloud,Safari Chui Cropped Jacket,S1024007,60047042,S1024007WCLO1X,2
Online - Shop Zetu,Safari Chui Cropped Jacket - White Cloud,Safari Chui Cropped Jacket,S1024007,60047040,S1024007WCLOM,1
Online - Shop Zetu,Safari Chui Cropped Jacket - White Cloud,Safari Chui Cropped Jacket,S1024007,60047041,S1024007WCLOL,2
Online - Shop Zetu,Safari Chui Cropped Jacket - White Cloud,Safari Chui Cropped Jacket,S1024007,60047039,S1024007WCLOS,3
Online - Shop Zetu,Safari Chui Cropped Jacket - White Cloud,Safari Chui Cropped Jacket,S1024007,60048320,S1024007WCLOXS,1
Online - Shop Zetu,Safari Chui Lined Jacket - White Cloud,Safari Chui Lined Jacket,S1024005,60047581,S1024005WHICL,2
Online - Shop Zetu,Safari Chui Lined Jacket - White Cloud,Safari Chui Lined Jacket,S1024005,60047579,S1024005WHICS,3
Online - Shop Zetu,Safari Chui Lined Jacket - White Cloud,Safari Chui Lined Jacket,S1024005,60048361,S1024005WHICXS,1
Online - Shop Zetu,Safari Chui Lined Jacket - White Cloud,Safari Chui Lined Jacket,S1024005,60047582,S1024005WHIC1X,1
Online - Shop Zetu,Safari Chui Lined Jacket - White Cloud,Safari Chui Lined Jacket,S1024005,60047580,S1024005WHICM,1
Online - Shop Zetu,Safari Chui Lined Jacket - White Cloud,Safari Chui Lined Jacket,S1024005,60047581,S1024005WHICL,2
Online - Shop Zetu,Safari Kamari Capri Cargo Pants - Green,Safari Kamari Capri Cargo Pants,S0224195,60035274,S0224195GRE1X,1
Online - Shop Zetu,Safari Kamari Capri Cargo Pants - Green,Safari Kamari Capri Cargo Pants,S0224195,60035277,S0224195GRE4X,1
Online - Shop Zetu,Safari Kamari Capri Cargo Pants - Green,Safari Kamari Capri Cargo Pants,S0224195,60035272,S0224195GREM,1
Online - Shop Zetu,Safari Kamari Capri Cargo Pants - White,Safari Kamari Capri Cargo Pants,S0224195,60035280,S0224195WHIS,3
Online - Shop Zetu,Safari Kamari Capri Cargo Pants - White,Safari Kamari Capri Cargo Pants,S0224195,60035282,S0224195WHIL,2
Online - Shop Zetu,Safari Kamari Capri Cargo Pants - White,Safari Kamari Capri Cargo Pants,S0224195,60035283,S0224195WHI1X,2
Online - Shop Zetu,Safari Kamari Capri Cargo Pants - White,Safari Kamari Capri Cargo Pants,S0224195,60035281,S0224195WHIM,3
Online - Shop Zetu,Safari Kamari Capri Cargo Pants - White,Safari Kamari Capri Cargo Pants,S0224195,60035285,S0224195WHI3X,1
Online - Shop Zetu,Safari Kamari Drop Shoulder Top - Hunters Green,Safari Kamari Drop Shoulder Top,S0224189,60034990,S0224189HGN1X/2X,1
Online - Shop Zetu,Safari Kamari Drop Shoulder Top - Navy Blue,Safari Kamari Drop Shoulder Top,S0224189,60036026,S0224189NAB3X/4X,1
Online - Shop Zetu,Safari Kamari Drop Shoulder Top - Navy Blue,Safari Kamari Drop Shoulder Top,S0224189,60036023,S0224189NABXS/S,3
Online - Shop Zetu,Safari Kamari Drop Shoulder Top - Navy Blue,Safari Kamari Drop Shoulder Top,S0224189,60036024,S0224189NABM/L,3
Online - Shop Zetu,Safari Kamari Drop Shoulder Top - Navy Blue,Safari Kamari Drop Shoulder Top,S0224189,60036025,S0224189NAB1X/2X,1
Online - Shop Zetu,Safari Kamari Drop Shoulder Top - Tan,Safari Kamari Drop Shoulder Top,S0224189,60035988,S0224189TAN1X/2X,2
Online - Shop Zetu,Safari Kamari Drop Shoulder Top - Tan,Safari Kamari Drop Shoulder Top,S0224189,60035986,S0224189TANXS/S,1
Online - Shop Zetu,Safari Kamari Front Slit Midi Skirt - Black,Safari Kamari Front Slit Midi Skirt,S0424080,60035672,S0424080BLA4X,1
Online - Shop Zetu,Safari Kamari Front Slit Midi Skirt - Black,Safari Kamari Front Slit Midi Skirt,S0424080,60035665,S0424080BLAXS,1
Online - Shop Zetu,Safari Kamari Front Slit Midi Skirt - Navy,Safari Kamari Front Slit Midi Skirt,S0424080,60044532,S0424080NAVL,4
Online - Shop Zetu,Safari Kamari Front Slit Midi Skirt - Navy,Safari Kamari Front Slit Midi Skirt,S0424080,60044532,S0424080NAVL,1
Online - Shop Zetu,Safari Kamari Front Slit Midi Skirt - Navy,Safari Kamari Front Slit Midi Skirt,S0424080,60044530,S0424080NAVS,1
Online - Shop Zetu,Safari Kamari Front Slit Midi Skirt - Navy,Safari Kamari Front Slit Midi Skirt,S0424080,60044531,S0424080NAVM,6
Online - Shop Zetu,Safari Kamari Front Slit Midi Skirt - Navy,Safari Kamari Front Slit Midi Skirt,S0424080,60044533,S0424080NAV1X,1
Online - Shop Zetu,Safari Kamari Front Slit Midi Skirt - White Cloud,Safari Kamari Front Slit Midi Skirt,S0424080,60038073,S0424080WHC1X,1
Online - Shop Zetu,Safari Kamari Long Sleeve Drawstring Shacket - Black,Safari Kamari Long Sleeve Drawstring Shacket,S0224181,60034995,S0224181BLA1X/2X,1
Online - Shop Zetu,Safari Kamari Long Sleeve Drawstring Shacket - Black,Safari Kamari Long Sleeve Drawstring Shacket,S0224181,60034993,S0224181BLAXS/S,1
Online - Shop Zetu,Safari Kamari Long Sleeve Drawstring Shacket - Black,Safari Kamari Long Sleeve Drawstring Shacket,S0224181,60034994,S0224181BLAM/L,1
Online - Shop Zetu,Safari Kamari Long Sleeve Drawstring Shacket - Hunters Green,Safari Kamari Long Sleeve Drawstring Shacket,S0224181,60034997,S0224181HGNXS/S,1
Online - Shop Zetu,Safari Kamari Long Sleeve Drawstring Shacket - Hunters Green,Safari Kamari Long Sleeve Drawstring Shacket,S0224181,60034998,S0224181HGNM/L,1
Online - Shop Zetu,Safari Kamari Long Sleeve Drawstring Shacket - Hunters Green,Safari Kamari Long Sleeve Drawstring Shacket,S0224181,60034999,S0224181HGN1X/2X,2
Online - Shop Zetu,Safari Kamari Long Sleeve Drawstring Shacket - Hunters Green,Safari Kamari Long Sleeve Drawstring Shacket,S0224181,60034997,S0224181HGNXS/S,1
Online - Shop Zetu,Safari Kamari Long Sleeve Drawstring Shacket - Navy Blue,Safari Kamari Long Sleeve Drawstring Shacket,S0224181,60035002,S0224181NABM/L,1
Online - Shop Zetu,Safari Kamari Long Sleeve Drawstring Shacket - Navy Blue,Safari Kamari Long Sleeve Drawstring Shacket,S0224181,60035003,S0224181NAB1X/2X,1
Online - Shop Zetu,Safari Bush Cropped Short Sleeve Shacket - Gold,Safari Kamari Ribbed Top,S0424073,60038483,S0424073GOLM/L,1
Online - Shop Zetu,Safari Kamari Ribbed Top - Beige,Safari Kamari Ribbed Top,S0424073,60037654,S0424073BEIL,1
Online - Shop Zetu,Safari Kamari Ribbed Top - Beige,Safari Kamari Ribbed Top,S0424073,60037651,S0424073BEIXS,1
Online - Shop Zetu,Safari Kamari Ribbed Top - Beige,Safari Kamari Ribbed Top,S0424073,60037657,S0424073BEI3X,1
Online - Shop Zetu,Safari Kamari Ribbed Top - Hunters Green,Safari Kamari Ribbed Top,S0424073,60037659,S0424073HGNXS,1
Online - Shop Zetu,Safari Kamari Ribbed Top - Hunters Green,Safari Kamari Ribbed Top,S0424073,60037666,S0424073HGN4X,1
Online - Shop Zetu,Safari Kamari Ribbed Top - Hunters Green,Safari Kamari Ribbed Top,S0424073,60037664,S0424073HGN2X,2
Online - Shop Zetu,Safari Kamari Ribbed Top - Hunters Green,Safari Kamari Ribbed Top,S0424073,60037663,S0424073HGN1X,2
Online - Shop Zetu,Safari Kamari Ribbed Top - Hunters Green,Safari Kamari Ribbed Top,S0424073,60037662,S0424073HGNL,1
Online - Shop Zetu,Safari Mali Bishop Sleeve Shirt Dress - Black,Safari Mali Bishop Sleeve Shirt Dress,S0223180,60039156,S0223180BLAL,1
Online - Shop Zetu,Safari Mali Bishop Sleeve Shirt Dress - Black,Safari Mali Bishop Sleeve Shirt Dress,S0223180,60039157,S0223180BLA1X,1
Online - Shop Zetu,Safari Mali Bishop Sleeve Shirt Dress - Black,Safari Mali Bishop Sleeve Shirt Dress,S0223180,60039155,S0223180BLAM,1
Online - Shop Zetu,Safari Mali Bishop Sleeve Shirt Dress - Black,Safari Mali Bishop Sleeve Shirt Dress,S0223180,60039363,S0223180BLA3X,1
Online - Shop Zetu,Safari Mali Bishop Sleeve Shirt Dress - Black,Safari Mali Bishop Sleeve Shirt Dress,S0223180,60039154,S0223180BLAS,1
Online - Shop Zetu,Safari Mali Bishop Sleeve Shirt Dress - Khaki,Safari Mali Bishop Sleeve Shirt Dress,S0223180,60039417,S0223180KHA3X,1
Online - Shop Zetu,Safari Mali Bishop Sleeve Shirt Dress - Khaki,Safari Mali Bishop Sleeve Shirt Dress,S0223180,60039159,S0223180KHAS,1
Online - Shop Zetu,Safari Mali Bishop Sleeve Shirt Dress - Khaki,Safari Mali Bishop Sleeve Shirt Dress,S0223180,60039160,S0223180KHAM,1
Online - Shop Zetu,Safari Mali Bishop Sleeve Shirt Dress - Khaki,Safari Mali Bishop Sleeve Shirt Dress,S0223180,60039161,S0223180KHAL,1
Online - Shop Zetu,Safari Mali Bishop Sleeve Tent Dress - Black,Safari Mali Bishop Sleeve Tent Dress,S0223179,60029812,S0223179BLAL,1
Online - Shop Zetu,Safari Mali Bishop Sleeve Tent Dress - Black,Safari Mali Bishop Sleeve Tent Dress,S0223179,60029811,S0223179BLAM,1
Online - Shop Zetu,Safari Mali Bishop Sleeve Tent Dress - Teal,Safari Mali Bishop Sleeve Tent Dress,S0223179,60038900,S0223179TEA1X,1
Online - Shop Zetu,Safari Mali Bishop Sleeve Tent Dress - Teal,Safari Mali Bishop Sleeve Tent Dress,S0223179,60038898,S0223179TEAM,1
Online - Shop Zetu,Safari Mara Shirred Bishop Sleeve Dress - Coral,Safari Mara Shirred Bishop Sleeve Dress,S1022008,60053117,S1022008CORM,1
Online - Shop Zetu,Safari Mara Shirred Bishop Sleeve Dress - Coral,Safari Mara Shirred Bishop Sleeve Dress,S1022008,60053119,S1022008COR1X,1
Online - Shop Zetu,Safari Mara Shirred Bishop Sleeve Dress - Mustard,Safari Mara Shirred Bishop Sleeve Dress,S1022008,60026330,S1022008MUSM,1
Online - Shop Zetu,Safari Mara Shirred Bishop Sleeve Dress - Mustard,Safari Mara Shirred Bishop Sleeve Dress,S1022008,60026329,S1022008MUSS,2
Online - Shop Zetu,Safari Mara Shirred Bishop Sleeve Dress - Orange,Safari Mara Shirred Bishop Sleeve Dress,S1022008,60014582,S1022008ORAS,3
Online - Shop Zetu,Safari Mara Shirred Bishop Sleeve Dress - Orange,Safari Mara Shirred Bishop Sleeve Dress,S1022008,60014584,S1022008ORAL,1
Online - Shop Zetu,Safari Mara Shirred Bishop Sleeve Dress - Taupe,Safari Mara Shirred Bishop Sleeve Dress,S1022008,60015786,S1022008TAUM,1
Online - Shop Zetu,Safari Men's Bomber Jacket - Dark Grey,Safari Men's Bomber Jacket,S0424035,60037669,S0424035DGRYM,1
Online - Shop Zetu,Safari Men's Bomber Jacket - Dark Grey,Safari Men's Bomber Jacket,S0424035,60037670,S0424035DGRYL,1
Online - Shop Zetu,Safari Men's Bomber Jacket - Dark Grey,Safari Men's Bomber Jacket,S0424035,60037668,S0424035DGRYS,1
Online - Shop Zetu,Safari Men's Bomber Jacket - Dark Grey,Safari Men's Bomber Jacket,S0424035,60037671,S0424035DGRY1X,1
Online - Shop Zetu,Safari Men's Bomber Jacket - Light Grey,Safari Men's Bomber Jacket,S0424035,60037673,S0424035LGRYM,1
Online - Shop Zetu,Safari Men's Cargo Pants - Dark Grey,Safari Men's Cargo Pants,S0424047,60035967,S0424047DGRY1X,1
Online - Shop Zetu,Safari Men's Cargo Pants - Dark Grey,Safari Men's Cargo Pants,S0424047,60035965,S0424047DGRYM,1
Online - Shop Zetu,Safari Men's Cargo Pants - Dark Grey,Safari Men's Cargo Pants,S0424047,60035964,S0424047DGRYS,1
Online - Shop Zetu,Safari Men's Cargo Pants - Light Grey,Safari Men's Cargo Pants,S0424047,60035970,S0424047LGRYL,2
Online - Shop Zetu,Safari Men's Chinese Collar Long Sleeve Shirt - Coral,Safari Men's Chinese Collar Long Sleeve Shirt,S0424039,60036658,S0424039CORS,1
Online - Shop Zetu,Safari Men's Chinese Collar Long Sleeve Shirt - Coral,Safari Men's Chinese Collar Long Sleeve Shirt,S0424039,60036659,S0424039CORM,2
Online - Shop Zetu,Safari Men's Chinese Collar Long Sleeve Shirt - Coral,Safari Men's Chinese Collar Long Sleeve Shirt,S0424039,60036660,S0424039CORL,1
Online - Shop Zetu,Safari Men's Chinese Collar Long Sleeve Shirt - Grey Stripped,Safari Men's Chinese Collar Long Sleeve Shirt,S0423039,60035683,S0423039GRYM,1
Online - Shop Zetu,Safari Men's Chinese Collar Long Sleeve Shirt - Grey Stripped,Safari Men's Chinese Collar Long Sleeve Shirt,S0423039,60035682,S0423039GRYS,1
Online - Shop Zetu,Safari Men's Chinese Collar Long Sleeve Shirt - Grey Stripped,Safari Men's Chinese Collar Long Sleeve Shirt,S0423039,60035683,S0423039GRYM,1
Online - Shop Zetu,Safari Men's Chinese Collar Long Sleeve Shirt - Grey Stripped,Safari Men's Chinese Collar Long Sleeve Shirt,S0423039,60035685,S0423039GRY1X,1
Online - Shop Zetu,Safari Men's Chinese Collar Long Sleeve Shirt - White,Safari Men's Chinese Collar Long Sleeve Shirt,S0423039,60035690,S0423039WHI1X,1
Online - Shop Zetu,Safari Men's Chinese Collar Long Sleeve Shirt - White,Safari Men's Chinese Collar Long Sleeve Shirt,S0423039,60035687,S0423039WHIS,1
Online - Shop Zetu,Safari Men's Long Sleeve Shirt - Denim Blue,Safari Men's Long Sleeve Shirt,S0424145,60035693,S0424145DMBLUL,1
Online - Shop Zetu,Safari Men's Long Sleeve Shirt - Denim Blue,Safari Men's Long Sleeve Shirt,S0424145,60035694,S0424145DMBLU1X,1
Online - Shop Zetu,Safari Men's Long Sleeve Shirt - Denim Blue,Safari Men's Long Sleeve Shirt,S0424145,60035691,S0424145DMBLUS,1
Online - Shop Zetu,Safari Men's Long Sleeve Shirt - Khaki,Safari Men's Long Sleeve Shirt,S0424145,60035698,S0424145KHA1X,1
Online - Shop Zetu,Safari Men's Long Sleeve Shirt - Khaki,Safari Men's Long Sleeve Shirt,S0424145,60035696,S0424145KHAM,3
Online - Shop Zetu,Safari Men's Long Sleeve Shirt - Khaki,Safari Men's Long Sleeve Shirt,S0424145,60035695,S0424145KHAS,2
Online - Shop Zetu,Safari Men's Long Sleeve Shirt - Khaki,Safari Men's Long Sleeve Shirt,S0424145,60035697,S0424145KHAL,1
Online - Shop Zetu,Safari Men's Shacket - Coral,Safari Men's Shacket,S0424037,60035702,S0424037CORL,1
Online - Shop Zetu,Safari Men's Shacket - Dark Grey,Safari Men's Shacket,S0424037,60035707,S0424037DGRY1X,1
Online - Shop Zetu,Safari Men's Shacket - Dark Grey,Safari Men's Shacket,S0424037,60035704,S0424037DGRYS,3
Online - Shop Zetu,Safari Men's Shacket - Dark Grey,Safari Men's Shacket,S0424037,60035705,S0424037DGRYM,1
Online - Shop Zetu,Safari Men's Shacket - Dark Grey,Safari Men's Shacket,S0424037,60035706,S0424037DGRYL,2
Online - Shop Zetu,Safari Men's Shacket - Dark Grey,Safari Men's Shacket,S0424037,60042810,S0424037DGRY2X,1
Online - Shop Zetu,Safari Men's Shacket - Khaki Grey,Safari Men's Shacket,S0424037,60035708,S0424037KHGRYS,1
Online - Shop Zetu,Safari Men's Shacket - Khaki Grey,Safari Men's Shacket,S0424037,60035711,S0424037KHGRY1X,1
Online - Shop Zetu,Safari Men's Short Sleeve Shirt - Black / Chari Print,Safari Men's Short Sleeve Shirt,S0424198,60037886,S0424198PR62X,1
Online - Shop Zetu,Safari Men's Short Sleeve Shirt - Black / Chari Print,Safari Men's Short Sleeve Shirt,S0424198,60037888,S0424198PR64X,1
Online - Shop Zetu,Safari Men's Short Sleeve Shirt - Black / Chari Print,Safari Men's Short Sleeve Shirt,S0424198,60037887,S0424198PR63X,1
Online - Shop Zetu,Safari Men's Short Sleeve Shirt - Black / Tana Print,Safari Men's Short Sleeve Shirt,S0424198,60037889,S0424198PR5S,1
Online - Shop Zetu,Safari Men's Short Sleeve Shirt - Black / Tana Print,Safari Men's Short Sleeve Shirt,S0424198,60037895,S0424198PR54X,1
Online - Shop Zetu,Safari Men's Short Sleeve Shirt - Black / Tana Print,Safari Men's Short Sleeve Shirt,S0424198,60037894,S0424198PR53X,1
Online - Shop Zetu,Safari Men's Short Sleeve Shirt - Black / Tana Print,Safari Men's Short Sleeve Shirt,S0424198,60037893,S0424198PR52X,1
Online - Shop Zetu,Safari Men's Short Sleeve Shirt - Black / Tari Print,Safari Men's Short Sleeve Shirt,S0424198,60037901,S0424198PR43X,1
Online - Shop Zetu,Safari Men's Short Sleeve Shirt - White / Chari Print,Safari Men's Short Sleeve Shirt,S0424198,60037908,S0424198PR12X,1
Online - Shop Zetu,Safari Men's Short Sleeve Shirt - White / Chari Print,Safari Men's Short Sleeve Shirt,S0424198,60037910,S0424198PR14X,1
Online - Shop Zetu,Safari Men's Short Sleeve Shirt - White / Chari Print,Safari Men's Short Sleeve Shirt,S0424198,60037909,S0424198PR13X,2
Online - Shop Zetu,Safari Naledi Gathered Panel Maxi Skirt - Chocolate,Safari Naledi Gathered Panel Maxi Skirt,S0325065,60055182,S0325065CHOF,1
Online - Shop Zetu,Safari Naledi Gathered Panel Maxi Skirt - Navy,Safari Naledi Gathered Panel Maxi Skirt,S0325065,60055220,S0325065NAVF,1
Online - Shop Zetu,Safari Naledi Gathered Panel Maxi Skirt - Navy,Safari Naledi Gathered Panel Maxi Skirt,S0325065,60055220,S0325065NAVF,1
Online - Shop Zetu,Safari Naledi Gathered Panel Maxi Skirt - Olive,Safari Naledi Gathered Panel Maxi Skirt,S0325065,60055180,S0325065OLIF,2
Online - Shop Zetu,Safari Naledi Gathered Panel Maxi Skirt - Pink,Safari Naledi Gathered Panel Maxi Skirt,S0325065,60055183,S0325065PINF,3
Online - Shop Zetu,Safari Naledi Gathered Panel Maxi Skirt - White,Safari Naledi Gathered Panel Maxi Skirt,S0325065,60055219,S0325065WHIF,1
Online - Shop Zetu,Safari Njano Men's Easy Fit Kitenge Pants - Black / Brown Print,Safari Njano Men's Easy Fit Kitenge Pants,S0925045,60060685,S0925045PR2S,1
Online - Shop Zetu,Safari Njano Men's Easy Fit Kitenge Pants - Black / Brown Print,Safari Njano Men's Easy Fit Kitenge Pants,S0925045,60060686,S0925045PR2M,1
Online - Shop Zetu,Safari Njano Men's Easy Fit Kitenge Pants - Black / Brown Print,Safari Njano Men's Easy Fit Kitenge Pants,S0925045,60060687,S0925045PR2L,1
Online - Shop Zetu,Safari Njano Men's Easy Fit Kitenge Pants - Black / Brown Print,Safari Njano Men's Easy Fit Kitenge Pants,S0925045,60060688,S0925045PR21X,1
Online - Shop Zetu,Safari Njano Men's Easy Fit Kitenge Pants - Black / Dark Teal Print,Safari Njano Men's Easy Fit Kitenge Pants,S0925045,60060682,S0925045PR1M,1
Online - Shop Zetu,Safari Njano Men's Easy Fit Kitenge Pants - Black / Dark Teal Print,Safari Njano Men's Easy Fit Kitenge Pants,S0925045,60060681,S0925045PR1S,1
Online - Shop Zetu,Safari Njano Men's Easy Fit Kitenge Pants - Black / Dark Teal Print,Safari Njano Men's Easy Fit Kitenge Pants,S0925045,60060684,S0925045PR11X,1
Online - Shop Zetu,Safari Njano Men's Easy Fit Kitenge Pants - Black / Dark Teal Print,Safari Njano Men's Easy Fit Kitenge Pants,S0925045,60060683,S0925045PR1L,1
Online - Shop Zetu,Safari Njano Men's Easy Fit Pants - Hunters Green,Safari Njano Men's Easy Fit Pants,S0824028,60044509,S0824028HGNM,1
Online - Shop Zetu,Safari Njano Men's Easy Fit Pants - Hunters Green,Safari Njano Men's Easy Fit Pants,S0824028,60044510,S0824028HGNL,1
Online - Shop Zetu,Safari Njano Men's Easy Fit Pants - Hunters Green,Safari Njano Men's Easy Fit Pants,S0824028,60044508,S0824028HGNS,1
Online - Shop Zetu,Safari Njano Men's Easy Fit Pants - Rust,Safari Njano Men's Easy Fit Pants,S0824028,60044514,S0824028RUSL,1
Online - Shop Zetu,Safari Njano Men's Easy Fit Pants - Rust,Safari Njano Men's Easy Fit Pants,S0824028,60044512,S0824028RUSS,1
Online - Shop Zetu,Safari Njano Men's Easy Fit Pants - Rust,Safari Njano Men's Easy Fit Pants,S0824028,60044515,S0824028RUS1X,1
Online - Shop Zetu,Safari Savannah Kitenge  Midi Wrap Dress - Sipo Print,Safari Savannah Kitenge Midi Wrap Dress,S0824067,60042868,S0824067PR31X,1
Online - Shop Zetu,Safari Savannah Kitenge  Midi Wrap Dress - Sipo Print,Safari Savannah Kitenge Midi Wrap Dress,S0824067,60042911,S0824067PR33X,1
Online - Shop Zetu,Safari Savannah Kitenge  Midi Wrap Dress - Sipo Print,Safari Savannah Kitenge Midi Wrap Dress,S0824067,60042867,S0824067PR3L,1
Online - Shop Zetu,Safari Savannah Kitenge Midi Wrap Dress - Juja Print,Safari Savannah Kitenge Midi Wrap Dress,S0824067,60050116,S0824067JUJM,1
Online - Shop Zetu,Safari Savannah Kitenge Midi Wrap Dress - Juja Print,Safari Savannah Kitenge Midi Wrap Dress,S0824067,60050117,S0824067JUJL,1
Online - Shop Zetu,Safari Savannah Kitenge Midi Wrap Dress - Lashi Print,Safari Savannah Kitenge Midi Wrap Dress,S0824067,60042906,S0824067PR22X,1
Online - Shop Zetu,Safari Savannah Kitenge Midi Wrap Dress - Lashi Print,Safari Savannah Kitenge Midi Wrap Dress,S0824067,60042907,S0824067PR23X,1
Online - Shop Zetu,Safari Savannah Kitenge Midi Wrap Dress - Lashi Print - LASHI / S0824067 / M,Safari Savannah Kitenge Midi Wrap Dress,S0824067,,S0824067PR2M,2
Online - Shop Zetu,Vivo Kitenge Wide Leg Pants - Neba Print OLD,Safari Savannah Kitenge Midi Wrap Dress,S0824067,60042832,S0824067PR2S,1
Online - Shop Zetu,Safari Sizani Men's Kitenge Tuxedo Shirt - Black,Safari Sizani Men's Kitenge Tuxedo Shirt,S1124151,60049595,S1124151PR1S,2
Online - Shop Zetu,Safari Sizani Men's Kitenge Tuxedo Shirt - Black,Safari Sizani Men's Kitenge Tuxedo Shirt,S1124151,60049601,S1124151PR14X,1
Online - Shop Zetu,Safari Sizani Men's Kitenge Tuxedo Shirt - Black,Safari Sizani Men's Kitenge Tuxedo Shirt,S1124151,60049599,S1124151PR12X,1
Online - Shop Zetu,Safari Sizani Men's Kitenge Tuxedo Shirt - Black,Safari Sizani Men's Kitenge Tuxedo Shirt,S1124151,60049598,S1124151PR11X,2
Online - Shop Zetu,Safari Sizani Men's Kitenge Tuxedo Shirt - Black,Safari Sizani Men's Kitenge Tuxedo Shirt,S1124151,60049597,S1124151PR1L,3
Online - Shop Zetu,Safari Sizani Men's Kitenge Tuxedo Shirt - Black,Safari Sizani Men's Kitenge Tuxedo Shirt,S1124151,60049596,S1124151PR1M,3
Online - Shop Zetu,Safari Spaghetti Tank Top - Dark Taupe,Safari Spaghetti Tank Top,S0424062,60035313,S0424062DTAUM/L,1
Online - Shop Zetu,Safari Spaghetti Tank Top - Light Taupe,Safari Spaghetti Tank Top,S0424062,60035317,S0424062LTAUM/L,1
Online - Shop Zetu,Safari Spaghetti Tank Top - Light Taupe,Safari Spaghetti Tank Top,S0424062,60035318,S0424062LTAU1X/2X,1
Online - Shop Zetu,Safari Tafari Shorts - Black Brown Shade A,Safari Tafari Shorts,S0925046,60060956,S0925046PR41X,1
Online - Shop Zetu,Safari Tafari Shorts - Black Brown Shade A,Safari Tafari Shorts,S0925046,60060954,S0925046PR4M,1
Online - Shop Zetu,Safari Tafari Shorts - Black Brown Shade A,Safari Tafari Shorts,S0925046,60060953,S0925046PR4S,1
Online - Shop Zetu,Safari Tafari Shorts - Black Brown Shade C,Safari Tafari Shorts,S0925046,60060959,S0925046PR5L,1
Online - Shop Zetu,Safari Tafari Shorts - Black Brown Shade C,Safari Tafari Shorts,S0925046,60060958,S0925046PR5M,3
Online - Shop Zetu,Safari Tafari Shorts - Black Brown Shade C,Safari Tafari Shorts,S0925046,60060957,S0925046PR5S,2
Online - Shop Zetu,Safari Tafari Shorts - Dafi Print,Safari Tafari Shorts,S0925046,60060974,S0925046PR9M,2
Online - Shop Zetu,Safari Tafari Shorts - Dafi Print,Safari Tafari Shorts,S0925046,60060975,S0925046PR9L,2
Online - Shop Zetu,Safari Tafari Shorts - Dafi Print,Safari Tafari Shorts,S0925046,60060973,S0925046PR9S,2
Online - Shop Zetu,Safari Tafari Shorts - Dark Navy Asili Print,Safari Tafari Shorts,S0925046,60060950,S0925046PR3M,1
Online - Shop Zetu,Safari Tafari Shorts - Dark Navy Asili Print,Safari Tafari Shorts,S0925046,60060949,S0925046PR3S,1
Online - Shop Zetu,Safari Tafari Shorts - Dark Navy Asili Print,Safari Tafari Shorts,S0925046,60060951,S0925046PR3L,1
Online - Shop Zetu,Safari Tafari Shorts - Jiri Print,Safari Tafari Shorts,S0925046,60060962,S0925046PR6M,1
Online - Shop Zetu,Safari Tafari Shorts - Laka Print,Safari Tafari Shorts,S0925046,60060966,S0925046PR7M,1
Online - Shop Zetu,Safari Tafari Shorts - Light Blue Asili Print,Safari Tafari Shorts,S0925046,60060941,S0925046PR1S,3
Online - Shop Zetu,Safari Tafari Shorts - Light Blue Asili Print,Safari Tafari Shorts,S0925046,60060942,S0925046PR1M,1
Online - Shop Zetu,Safari Tafari Shorts - Light Blue Asili Print,Safari Tafari Shorts,S0925046,60060943,S0925046PR1L,2
Online - Shop Zetu,Safari Tafari Shorts - Lusi Print,Safari Tafari Shorts,S0925046,60060946,S0925046PR2M,1
Online - Shop Zetu,Safari Tafari Shorts - Lusi Print,Safari Tafari Shorts,S0925046,60060945,S0925046PR2S,1
Online - Shop Zetu,Safari Tafari Shorts - Lusi Print,Safari Tafari Shorts,S0925046,60060947,S0925046PR2L,1
Online - Shop Zetu,Safari Tafari Shorts - Selvi Print,Safari Tafari Shorts,S0925046,60060972,S0925046PR81X,1
Online - Shop Zetu,Safari Tafari Shorts - Selvi Print,Safari Tafari Shorts,S0925046,60060971,S0925046PR8L,2
Online - Shop Zetu,Safari Tafari Shorts - Selvi Print,Safari Tafari Shorts,S0925046,60060970,S0925046PR8M,2
Online - Shop Zetu,Safari Tafari Shorts - Selvi Print,Safari Tafari Shorts,S0925046,60060969,S0925046PR8S,1
Online - Shop Zetu,Safari Tafari Shorts - Shan Print,Safari Tafari Shorts,S0925046,60060977,S0925046PR10S,1
Online - Shop Zetu,Safari Tafari Shorts - Shan Print,Safari Tafari Shorts,S0925046,60060978,S0925046PR10M,1
Online - Shop Zetu,Safari Tafari Shorts - Shan Print,Safari Tafari Shorts,S0925046,60060979,S0925046PR10L,1
Online - Shop Zetu,Safari Tafari Wrap Top - Cheli Print,Safari Tafari Wrap Top,S1025031,60060636,S1025031PR1S/M,2
Online - Shop Zetu,Safari Tafari Wrap Top - Cheli Print,Safari Tafari Wrap Top,S1025031,60060637,S1025031PR1L/1X,1
Online - Shop Zetu,Safari Tafari Wrap Top - Karanga Print,Safari Tafari Wrap Top,S1025031,60060645,S1025031PR5L/1X,2
Online - Shop Zetu,Safari Tafari Wrap Top - Karanga Print,Safari Tafari Wrap Top,S1025031,60060644,S1025031PR5S/M,2
Online - Shop Zetu,Safari Tafari Wrap Top - Mpiji Print,Safari Tafari Wrap Top,S1025031,60060646,S1025031PR6S/M,1
Online - Shop Zetu,Safari Tafari Wrap Top - Pangani Print,Safari Tafari Wrap Top,S1025031,60060653,S1025031PR9L/1X,1
Online - Shop Zetu,Safari Tafari Wrap Top - Pangani Print,Safari Tafari Wrap Top,S1025031,60060652,S1025031PR9S/M,1
Online - Shop Zetu,Safari Tafari Wrap Top - Semu Print,Safari Tafari Wrap Top,S1025031,60060643,S1025031PR4L/1X,1
Online - Shop Zetu,Safari Tafari Wrap Top - Sigi Print,Safari Tafari Wrap Top,S1025031,60060638,S1025031PR2S/M,1
Online - Shop Zetu,Safari Tafari Wrap Top - Sigi Print,Safari Tafari Wrap Top,S1025031,60060639,S1025031PR2L/1X,1
Online - Shop Zetu,Safari Tafari Wrap Top - Songwe Print,Safari Tafari Wrap Top,S1025031,60060657,S1025031PR11L/1X,2
Online - Shop Zetu,Safari Tafari Wrap Top - Songwe Print,Safari Tafari Wrap Top,S1025031,60060656,S1025031PR11S/M,1
Online - Shop Zetu,Safari Tafari Wrap Top - Suma Print,Safari Tafari Wrap Top,S1025031,60060651,S1025031PR8L/1X,1
Online - Shop Zetu,Safari Tafari Wrap Top - Suma Print,Safari Tafari Wrap Top,S1025031,60060650,S1025031PR8S/M,2
Online - Shop Zetu,Safari Tafari Wrap Top - Umba Print,Safari Tafari Wrap Top,S1025031,60061123,S1025031PR101X/2X,1
Online - Shop Zetu,Safari Tafari Wrap Top - Umba Print,Safari Tafari Wrap Top,S1025031,60060654,S1025031PR10S/M,2
Online - Shop Zetu,Safari Tafari Wrap Top - Umba Print,Safari Tafari Wrap Top,S1025031,60061122,S1025031PR10M/L,1
Online - Shop Zetu,Safari Tafari Wrap Top - Umba Print,Safari Tafari Wrap Top,S1025031,60061632,S1025031PR10XS/S,1
Online - Shop Zetu,Safari Tafari Wrap Top - Wami Print,Safari Tafari Wrap Top,S1025031,60060640,S1025031PR3S/M,2
Online - Shop Zetu,Safari Tafari Wrap Top - Weru Print,Safari Tafari Wrap Top,S1025031,60060648,S1025031PR7S/M,2
Online - Shop Zetu,Safari Tafari Wrap Top - Weru Print,Safari Tafari Wrap Top,S1025031,60060649,S1025031PR7L/1X,1
Online - Shop Zetu,Safari Tiwa Barell Pants - Black,Safari Tiwa Barell Pants,S0325031,60053949,S0325031BLAS,1
Online - Shop Zetu,Safari Tiwa Barell Pants - Rust,Safari Tiwa Barell Pants,S0325031,60053953,S0325031RUSTS,1
Online - Shop Zetu,Safari Tiwa Barell Pants - Rust,Safari Tiwa Barell Pants,S0325031,60053954,S0325031RUSTM,1
Online - Shop Zetu,Safari Tiwa Barell Pants - Rust,Safari Tiwa Barell Pants,S0325031,60053955,S0325031RUSTL,1
Online - Shop Zetu,Safari Tiwa Barell Pants - White,Safari Tiwa Barell Pants,S0325031,60053948,S0325031WHI1X,1
Online - Shop Zetu,Safari Tiwa Barell Pants - White,Safari Tiwa Barell Pants,S0325031,60053945,S0325031WHIS,1
Online - Shop Zetu,Safari Tiwa Barell Pants - White,Safari Tiwa Barell Pants,S0325031,60053946,S0325031WHIM,1
Online - Shop Zetu,Safari Tiwa Shirred Midi Dress - Hunters,Safari Tiwa Shirred Midi Dress,S0125056,60053961,S0125056HUNM/L,1
Online - Shop Zetu,Safari Tiwa Shirred Midi Dress - Lime,Safari Tiwa Shirred Midi Dress,S0125056,60053957,S0125056LIMXS/S,1
Online - Shop Zetu,Safari Tiwa Shirred Midi Dress - Lime,Safari Tiwa Shirred Midi Dress,S0125056,60053958,S0125056LIMM/L,1
Online - Shop Zetu,Safari Tiwa Shirred Midi Dress - Rust,Safari Tiwa Shirred Midi Dress,S0125056,60053963,S0125056RUSTXS/S,2
Online - Shop Zetu,Safari Zene Drop Shoulder Top - Mustard,Safari Zene Drop Shoulder Top,S1023059,60044768,S1023059MUSM,1
Online - Shop Zetu,Safari Zene Drop Shoulder Top - Taupe,Safari Zene Drop Shoulder Top,S1023059,60040882,S1023059TAUM,1
Online - Shop Zetu,Safari Zene Off Shoulder Top - Coral,Safari Zene Off Shoulder Top,S1023060,60036298,S1023060CORM,1
Online - Shop Zetu,Safari Zene Off Shoulder Top - Hunters,Safari Zene Off Shoulder Top,S1023060,60054298,S1023060HUNS,1
Online - Shop Zetu,Safari Zene Off Shoulder Top - Hunters,Safari Zene Off Shoulder Top,S1023060,60054299,S1023060HUNM,3
Online - Shop Zetu,Safari Zene Off Shoulder Top - Rust,Safari Zene Off Shoulder Top,S1023060,60036293,S1023060RUSM,3
Online - Shop Zetu,Safari Zene Off Shoulder Top - White,Safari Zene Off Shoulder Top,S1023060,60027271,S1023060WHI1X,1
Online - Shop Zetu,Safari Zene Off Shoulder Top - Yellow,Safari Zene Off Shoulder Top,S1023060,60027836,S1023060YELL,1
Online - Shop Zetu,Safari Zene Off Shoulder Top - Yellow,Safari Zene Off Shoulder Top,S1023060,60027835,S1023060YELM,3
Online - Shop Zetu,Safari Zene Tiered Above Knee Dress - White,Safari Zene Tiered Above Knee Dress,S1023063,60027399,S1023063WHIM,1
Online - Shop Zetu,Safari Zene Tiered Above Knee Dress - White,Safari Zene Tiered Above Knee Dress,S1023063,60027401,S1023063WHI1X,1
Online - Shop Zetu,Safari by Vivo Naledi Bubble Midi Dress - Beta Print,Safari by Vivo Naledi Bubble Midi Dress,S0925040,60061239,S0925040PR6M,1
Online - Shop Zetu,Safari by Vivo Naledi Bubble Midi Dress - Beta Print,Safari by Vivo Naledi Bubble Midi Dress,S0925040,60061240,S0925040PR6L,1
Online - Shop Zetu,Safari by Vivo Naledi Bubble Midi Dress - Beta Print,Safari by Vivo Naledi Bubble Midi Dress,S0925040,60061238,S0925040PR6S,1
Online - Shop Zetu,Safari by Vivo Naledi Bubble Midi Dress - Isara Print,Safari by Vivo Naledi Bubble Midi Dress,S0925040,60061221,S0925040PR11X,1
Online - Shop Zetu,Safari by Vivo Naledi Bubble Midi Dress - Isara Print,Safari by Vivo Naledi Bubble Midi Dress,S0925040,60061218,S0925040PR1S,1
Online - Shop Zetu,Safari by Vivo Naledi Bubble Midi Dress - Neli Print,Safari by Vivo Naledi Bubble Midi Dress,S0925040,60061229,S0925040PR31X,1
Online - Shop Zetu,Safari by Vivo Naledi Bubble Midi Dress - Neli Print,Safari by Vivo Naledi Bubble Midi Dress,S0925040,60061227,S0925040PR3M,1
Online - Shop Zetu,Safari by Vivo Naledi Bubble Midi Dress - Neli Print,Safari by Vivo Naledi Bubble Midi Dress,S0925040,60061226,S0925040PR3S,1
Online - Shop Zetu,Safari by Vivo Naledi Bubble Midi Dress - Riza Print,Safari by Vivo Naledi Bubble Midi Dress,S0925040,60061225,S0925040PR21X,1
Online - Shop Zetu,Safari by Vivo Naledi Bubble Midi Dress - Riza Print,Safari by Vivo Naledi Bubble Midi Dress,S0925040,60061222,S0925040PR2S,1
Online - Shop Zetu,Safari by Vivo Naledi Bubble Midi Dress - Voni Print,Safari by Vivo Naledi Bubble Midi Dress,S0925040,60061234,S0925040PR5S,1
Online - Shop Zetu,Shiv & Shikie X Safari Barrel Pants - Black,Shiv & Shikie X Safari Barrel Pants,S0425039,60055426,S0425039BLAS,3
Online - Shop Zetu,Shiv & Shikie X Safari Barrel Pants - Black,Shiv & Shikie X Safari Barrel Pants,S0425039,60056214,S0425039BLAXS,3
Online - Shop Zetu,Shiv & Shikie X Safari Barrel Pants - Black,Shiv & Shikie X Safari Barrel Pants,S0425039,60055427,S0425039BLAM,2
Online - Shop Zetu,Shiv & Shikie X Safari Barrel Pants - Olive,Shiv & Shikie X Safari Barrel Pants,S0425039,60055430,S0425039OLIS,1
Online - Shop Zetu,Shiv & Shikie X Safari Barrel Pants - Olive,Shiv & Shikie X Safari Barrel Pants,S0425039,60055431,S0425039OLIM,3
Online - Shop Zetu,Shiv & Shikie X Safari Barrel Pants - Olive,Shiv & Shikie X Safari Barrel Pants,S0425039,60056213,S0425039OLIXS,1
Online - Shop Zetu,Shiv & Shikie X Safari Barrel Pants - Taupe,Shiv & Shikie X Safari Barrel Pants,S0425039,60055423,S0425039TAUM,1
Online - Shop Zetu,Shiv & Shikie X Safari Barrel Pants - Taupe,Shiv & Shikie X Safari Barrel Pants,S0425039,60055422,S0425039TAUS,2
Online - Shop Zetu,Shiv & Shikie X Safari Faux Collar Shirt - Black,Shiv & Shikie X Safari Faux Collar Shirt,S0425045,60055308,S0425045BLAM/L,2
Online - Shop Zetu,Shiv & Shikie X Safari Faux Collar Shirt - Black,Shiv & Shikie X Safari Faux Collar Shirt,S0425045,60055307,S0425045BLAXS/S,1
Online - Shop Zetu,Shiv & Shikie X Safari Faux Collar Shirt - Lime,Shiv & Shikie X Safari Faux Collar Shirt,S0425045,60055301,S0425045LIMXS/S,4
Online - Shop Zetu,Shiv & Shikie X Safari Faux Collar Shirt - Lime,Shiv & Shikie X Safari Faux Collar Shirt,S0425045,60055302,S0425045LIMM/L,3
Online - Shop Zetu,Shiv & Shikie X Safari Printed Short Sleeve Shirt - Brown / Black Ezi Print,Shiv & Shikie X Safari Printed Short Sleeve Shirt,S0425041,60056093,S0425041PR1L,1
Online - Shop Zetu,Shiv & Shikie X Safari Printed Short Sleeve Shirt - Brown / Black Ezi Print,Shiv & Shikie X Safari Printed Short Sleeve Shirt,S0425041,60056091,S0425041PR1S,1
Online - Shop Zetu,Shiv & Shikie X Safari Printed Short Sleeve Shirt - Brown / Black Ezi Print,Shiv & Shikie X Safari Printed Short Sleeve Shirt,S0425041,60056092,S0425041PR1M,1
Online - Shop Zetu,Shiv & Shikie X Safari Printed Short Sleeve Shirt - Grey / Black Ezi Print,Shiv & Shikie X Safari Printed Short Sleeve Shirt,S0425041,60056440,S0425041PR2M,1
Online - Shop Zetu,Shiv & Shikie X Safari Printed Short Sleeve Shirt - Grey / Black Ezi Print,Shiv & Shikie X Safari Printed Short Sleeve Shirt,S0425041,60056439,S0425041PR2S,1
Online - Shop Zetu,Shiv & Shikie X Safari Printed Short Sleeve Shirt - Grey / Black Ezi Print,Shiv & Shikie X Safari Printed Short Sleeve Shirt,S0425041,60056442,S0425041PR21X,1
Online - Shop Zetu,Shiv & Shikie X Safari Printed Short Sleeve Shirt - Taupe / Black Ezi Print,Shiv & Shikie X Safari Printed Short Sleeve Shirt,S0425041,60056446,S0425041PR31X,1
Online - Shop Zetu,Shiv & Shikie X Safari Printed Short Sleeve Shirt - Taupe / Black Ezi Print,Shiv & Shikie X Safari Printed Short Sleeve Shirt,S0425041,60056445,S0425041PR3L,1
Online - Shop Zetu,Shiv & Shikie X Safari Printed Short Sleeve Shirt - Taupe / Black Ezi Print,Shiv & Shikie X Safari Printed Short Sleeve Shirt,S0425041,60056444,S0425041PR3M,2
Online - Shop Zetu,Shiv & Shikie X Safari Printed Short Sleeve Shirt - Taupe / Black Ezi Print,Shiv & Shikie X Safari Printed Short Sleeve Shirt,S0425041,60056443,S0425041PR3S,1
Online - Shop Zetu,Shiv & Shikie X Safari Short Sleeve Shirt - Lime,Shiv & Shikie X Safari Printed Short Sleeve Shirt,S0425041,60055656,S0425041LIMM,1
Online - Shop Zetu,Shiv & Shikie X Safari Short Sleeve Shirt - Lime,Shiv & Shikie X Safari Printed Short Sleeve Shirt,S0425041,60055657,S0425041LIML,1
Online - Shop Zetu,Vivo Alani High Low Dress - Black Checkered Print,Vivo Alani High Low Dress,V0625018,60056573,V0625018PR3L,3
Online - Shop Zetu,Vivo Alani High Low Dress - Black Checkered Print,Vivo Alani High Low Dress,V0625018,60056571,V0625018PR3S,1
Online - Shop Zetu,Vivo Alani High Low Dress - Black Checkered Print,Vivo Alani High Low Dress,V0625018,60056574,V0625018PR31X,1
Online - Shop Zetu,Vivo Alani High Low Dress - Black Checkered Print,Vivo Alani High Low Dress,V0625018,60056571,V0625018PR3S,2
Online - Shop Zetu,Vivo Alani High Low Dress - Black Checkered Print,Vivo Alani High Low Dress,V0625018,60056572,V0625018PR3M,1
Online - Shop Zetu,Vivo Alani High Low Dress - Black Stripes Print,Vivo Alani High Low Dress,V0625018,60056580,V0625018PR5M,1
Online - Shop Zetu,Vivo Alani High Low Dress - Black Stripes Print,Vivo Alani High Low Dress,V0625018,60056579,V0625018PR5S,1
Online - Shop Zetu,Vivo Alani High Low Dress - Black Stripes Print,Vivo Alani High Low Dress,V0625018,60056581,V0625018PR5L,1
Online - Shop Zetu,Vivo Alani High Low Dress - Black Textured Print,Vivo Alani High Low Dress,V0625018,60056578,V0625018PR41X,1
Online - Shop Zetu,Vivo Alani High Low Dress - Black Textured Print,Vivo Alani High Low Dress,V0625018,60056576,V0625018PR4M,1
Online - Shop Zetu,Vivo Alani High Low Dress - Black Textured Print,Vivo Alani High Low Dress,V0625018,60056576,V0625018PR4M,1
Online - Shop Zetu,Vivo Alani High Low Dress - Black Textured Print,Vivo Alani High Low Dress,V0625018,60056575,V0625018PR4S,1
Online - Shop Zetu,Vivo Aleri Trench Coat Dress - Black,Vivo Aleri Trench Coat Dress,V0625059,60057787,V0625059BLA1X,1
Online - Shop Zetu,Vivo Aleri Trench Coat Dress - Maroon,Vivo Aleri Trench Coat Dress,V0625059,60057793,V0625059MARM,2
Online - Shop Zetu,Vivo Aleri Trench Coat Dress - Maroon,Vivo Aleri Trench Coat Dress,V0625059,60057792,V0625059MARS,1
Online - Shop Zetu,Vivo Aleri Trench Coat Dress - Maroon,Vivo Aleri Trench Coat Dress,V0625059,60057795,V0625059MAR1X,1
Online - Shop Zetu,Vivo Aleri Trench Coat Dress - Maroon,Vivo Aleri Trench Coat Dress,V0625059,60057794,V0625059MARL,1
Online - Shop Zetu,Vivo Aleri Trench Coat Dress - Mustard,Vivo Aleri Trench Coat Dress,V0625059,60057797,V0625059MUSM,1
Online - Shop Zetu,Vivo Aleri Trench Coat Dress - Mustard,Vivo Aleri Trench Coat Dress,V0625059,60057799,V0625059MUS1X,1
Online - Shop Zetu,Vivo Aleri Trench Coat Dress - Mustard,Vivo Aleri Trench Coat Dress,V0625059,60057796,V0625059MUSS,1
Online - Shop Zetu,Vivo Aleri Trench Coat Dress - Mustard,Vivo Aleri Trench Coat Dress,V0625059,60057798,V0625059MUSL,1
Online - Shop Zetu,Vivo Aleri Trench Coat Dress - Rust,Vivo Aleri Trench Coat Dress,V0625059,60057789,V0625059RUSM,2
Online - Shop Zetu,Vivo Aleri Trench Coat Dress - Rust,Vivo Aleri Trench Coat Dress,V0625059,60057791,V0625059RUS1X,1
Online - Shop Zetu,Vivo Aleri Trench Coat Dress - Rust,Vivo Aleri Trench Coat Dress,V0625059,60057790,V0625059RUSL,2
Online - Shop Zetu,Vivo Aleri Trench Coat Dress - Rust,Vivo Aleri Trench Coat Dress,V0625059,60057788,V0625059RUSS,1
Online - Shop Zetu,Vivo Aleri Trench Coat Dress - White,Vivo Aleri Trench Coat Dress,V0625059,60057544,V0625059WHI1X,1
Online - Shop Zetu,Vivo Aleri Trench Coat Dress - White,Vivo Aleri Trench Coat Dress,V0625059,60057542,V0625059WHIM,1
Online - Shop Zetu,Vivo Alma Short Sleeve Mini Bodycon - Black,Vivo Alma Short Sleeve Mini Bodycon,V0825060,60060316,V0825060BLAS,1
Online - Shop Zetu,Vivo Alma Short Sleeve Mini Bodycon - Black,Vivo Alma Short Sleeve Mini Bodycon,V0825060,60060317,V0825060BLAM,2
Online - Shop Zetu,Vivo Alma Short Sleeve Mini Bodycon - Black,Vivo Alma Short Sleeve Mini Bodycon,V0825060,60060318,V0825060BLAL,2
Online - Shop Zetu,Vivo Alma Short Sleeve Mini Bodycon - Lime,Vivo Alma Short Sleeve Mini Bodycon,V0825060,60060313,V0825060LIMM,3
Online - Shop Zetu,Vivo Alma Short Sleeve Mini Bodycon - Lime,Vivo Alma Short Sleeve Mini Bodycon,V0825060,60060312,V0825060LIMS,3
Online - Shop Zetu,Vivo Alma Short Sleeve Mini Bodycon - Lime,Vivo Alma Short Sleeve Mini Bodycon,V0825060,60060314,V0825060LIML,6
Online - Shop Zetu,Vivo Alma Short Sleeve Mini Bodycon - Lime,Vivo Alma Short Sleeve Mini Bodycon,V0825060,60060314,V0825060LIML,1
Online - Shop Zetu,Vivo Alma Short Sleeve Mini Bodycon - Lime,Vivo Alma Short Sleeve Mini Bodycon,V0825060,60060315,V0825060LIM1X,1
Online - Shop Zetu,Vivo Ari Sleeveless Straight Maxi Slit Dress - Chocolate Brown,Vivo Ari Sleeveless Straight Maxi Slit Dress,V0725029,60057238,V0725029CHBM,1
Online - Shop Zetu,Vivo Ari Sleeveless Straight Maxi Slit Dress - Chocolate Brown,Vivo Ari Sleeveless Straight Maxi Slit Dress,V0725029,60057237,V0725029CHBS,3
Online - Shop Zetu,Vivo Ari Sleeveless Straight Maxi Slit Dress - Chocolate Brown,Vivo Ari Sleeveless Straight Maxi Slit Dress,V0725029,60057240,V0725029CHB1X,1
Online - Shop Zetu,Vivo Ari Sleeveless Straight Maxi Slit Dress - Red,Vivo Ari Sleeveless Straight Maxi Slit Dress,V0725029,60057246,V0725029REDM,1
Online - Shop Zetu,Vivo Ari Sleeveless Straight Maxi Slit Dress - Red,Vivo Ari Sleeveless Straight Maxi Slit Dress,V0725029,60057248,V0725029RED1X,1
Online - Shop Zetu,Vivo Ari Sleeveless Straight Maxi Slit Dress - Red,Vivo Ari Sleeveless Straight Maxi Slit Dress,V0725029,60057245,V0725029REDS,1
Online - Shop Zetu,Vivo Ari Sleeveless Straight Maxi Slit Dress - Red,Vivo Ari Sleeveless Straight Maxi Slit Dress,V0725029,60057247,V0725029REDL,1
Online - Shop Zetu,Vivo Ari Sleeveless Straight Maxi Slit Dress - Sea Green,Vivo Ari Sleeveless Straight Maxi Slit Dress,V0725029,60057243,V0725029SEGL,2
Online - Shop Zetu,Vivo Ari Sleeveless Straight Maxi Slit Dress - Sea Green,Vivo Ari Sleeveless Straight Maxi Slit Dress,V0725029,60057241,V0725029SEGS,3
Online - Shop Zetu,Vivo Ari Sleeveless Straight Maxi Slit Dress - Sea Green,Vivo Ari Sleeveless Straight Maxi Slit Dress,V0725029,60057244,V0725029SEG1X,2
Online - Shop Zetu,Vivo Ari Sleeveless Straight Maxi Slit Dress - Sea Green,Vivo Ari Sleeveless Straight Maxi Slit Dress,V0725029,60057242,V0725029SEGM,2
Online - Shop Zetu,Vivo Ava Front Pleat Knee Length Dress - Off White / Black Print,Vivo Ava Front Pleat Knee Length Dress,V1124142,60057072,V1124142PR5S,1
Online - Shop Zetu,Vivo Ava Front Pleat Knee Length Dress In Crepe - Dark Green,Vivo Ava Front Pleat Knee Length Dress,V1124142,60063428,V1124142DGRN2X,1
Online - Shop Zetu,Vivo Ava Front Pleat Knee Length Dress In Crepe - Dark Green,Vivo Ava Front Pleat Knee Length Dress,V1124142,60063424,V1124142DGRNS,1
Online - Shop Zetu,Vivo Ava Front Pleat Knee Length Dress In Crepe - Dark Green,Vivo Ava Front Pleat Knee Length Dress,V1124142,60063425,V1124142DGRNM,2
Online - Shop Zetu,Vivo Ava Front Pleat Knee Length Dress In Crepe - Navy,Vivo Ava Front Pleat Knee Length Dress,V1124142,60063429,V1124142NAVS,2
Online - Shop Zetu,Vivo Ava Front Pleat Knee Length Dress In Crepe - Navy,Vivo Ava Front Pleat Knee Length Dress,V1124142,60063431,V1124142NAVL,3
Online - Shop Zetu,Vivo Ava Front Pleat Knee Length Dress In Crepe - Navy,Vivo Ava Front Pleat Knee Length Dress,V1124142,60063430,V1124142NAVM,3
Online - Shop Zetu,Vivo Ava Front Pleat Knee Length Dress In Crepe - Navy,Vivo Ava Front Pleat Knee Length Dress,V1124142,60063432,V1124142NAV1X,1
Online - Shop Zetu,Vivo Ava Front Pleat Knee Length Dress In Crepe - Orange,Vivo Ava Front Pleat Knee Length Dress,V1124142,60063416,V1124142ORAL,2
Online - Shop Zetu,Vivo Ava Front Pleat Knee Length Dress In Crepe - Orange,Vivo Ava Front Pleat Knee Length Dress,V1124142,60063415,V1124142ORAM,1
Online - Shop Zetu,Vivo Ava Front Pleat Knee Length Dress In Crepe - Orange,Vivo Ava Front Pleat Knee Length Dress,V1124142,60063414,V1124142ORAS,1
Online - Shop Zetu,Vivo Ava Front Pleat Knee Length Dress In Crepe - White,Vivo Ava Front Pleat Knee Length Dress,V1124142,60063419,V1124142WHIS,1
Online - Shop Zetu,Vivo Ava Front Pleat Knee Length Dress In Crepe - White,Vivo Ava Front Pleat Knee Length Dress,V1124142,60063420,V1124142WHIM,1
Online - Shop Zetu,Vivo Ava Front Pleat Knee Length Dress In Crepe - White,Vivo Ava Front Pleat Knee Length Dress,V1124142,60063421,V1124142WHIL,1
Online - Shop Zetu,Vivo Ayah Drawstring Pants - Burnt Orange,Vivo Ayah Drawstring Pants,V0225003,60051964,V0225003BOR1X,2
Online - Shop Zetu,Vivo Ayah Drawstring Pants - Burnt Orange,Vivo Ayah Drawstring Pants,V0225003,60051963,V0225003BORL,1
Online - Shop Zetu,Vivo Ayah Drawstring Pants - Burnt Orange,Vivo Ayah Drawstring Pants,V0225003,60051962,V0225003BORM,1
Online - Shop Zetu,Vivo Ayah Drawstring Pants - Chocolate,Vivo Ayah Drawstring Pants,V0225003,60051950,V0225003CHOL,1
Online - Shop Zetu,Vivo Ayah Drawstring Pants - Chocolate,Vivo Ayah Drawstring Pants,V0225003,60051951,V0225003CHO1X,1
Online - Shop Zetu,Vivo Ayah Drawstring Pants - Chocolate,Vivo Ayah Drawstring Pants,V0225003,60051951,V0225003CHO1X,1
Online - Shop Zetu,Vivo Ayah Drawstring Pants - Lilac,Vivo Ayah Drawstring Pants,V0225003,60051953,V0225003LILM,1
Online - Shop Zetu,Vivo Ayah Drawstring Pants - Lilac,Vivo Ayah Drawstring Pants,V0225003,60051955,V0225003LIL1X,1
Online - Shop Zetu,Vivo Ayah Drawstring Pants - Lilac,Vivo Ayah Drawstring Pants,V0225003,60051954,V0225003LILL,1
Online - Shop Zetu,Vivo Ayah Drawstring Pants - Lilac,Vivo Ayah Drawstring Pants,V0225003,60051952,V0225003LILS,2
Online - Shop Zetu,Vivo Ayah Drawstring Pants - Lilac / Orange Zani Print,Vivo Ayah Drawstring Pants,V0225003,60057964,V0225003PR3S,1
Online - Shop Zetu,Vivo Ayah Drawstring Pants - Purple,Vivo Ayah Drawstring Pants,V0225003,60051957,V0225003PURS,1
Online - Shop Zetu,Vivo Ayah Drawstring Pants - Purple,Vivo Ayah Drawstring Pants,V0225003,60051960,V0225003PUR1X,1
Online - Shop Zetu,Vivo Ayah Drawstring Pants - Purple,Vivo Ayah Drawstring Pants,V0225003,60051959,V0225003PURL,3
Online - Shop Zetu,Vivo Ayah Drawstring Pants -Green / Peach Zani Print,Vivo Ayah Drawstring Pants,V0225003,60057970,V0225003PR4L,1
Online - Shop Zetu,Vivo Ayah Satin Pants - Dark Purple,Vivo Ayah Satin Pants,V0225031,60052415,V0225031DAPM,3
Online - Shop Zetu,Vivo Ayah Satin Pants - Dark Purple,Vivo Ayah Satin Pants,V0225031,60052416,V0225031DAPL,1
Online - Shop Zetu,Vivo Ayah Satin Pants - Dark Purple,Vivo Ayah Satin Pants,V0225031,60052417,V0225031DAP1X,2
Online - Shop Zetu,Vivo Ayah Satin Pants - Dark Red,Vivo Ayah Satin Pants,V0225031,60052421,V0225031DARL,1
Online - Shop Zetu,Vivo Ayah Satin Pants - Dark Red,Vivo Ayah Satin Pants,V0225031,60052420,V0225031DARM,3
Online - Shop Zetu,Vivo Ayah Satin Pants - Dark Red,Vivo Ayah Satin Pants,V0225031,60052422,V0225031DAR1X,1
Online - Shop Zetu,Vivo Basic Ali Jacket - Burgundy,Vivo Basic Ali Jacket,V0819124,60042179,V0819124BURM,4
Online - Shop Zetu,Vivo Basic Ali Jacket - Hunters Green - HUNTERS GREEN / 0819124 / M,Vivo Basic Ali Jacket,V0819124,,0819124HGNM,2
Online - Shop Zetu,Vivo Basic Ali Jacket - Hunters Green - HUNTERS GREEN / 0819124 / S,Vivo Basic Ali Jacket,V0819124,,0819124HGNS,2
Online - Shop Zetu,Vivo Basic Ali Jacket - Navy Blue - NAVY BLUE / 819124 / M,Vivo Basic Ali Jacket,V0819124,,0819124NABM,1
Online - Shop Zetu,Vivo Basic Ali Jacket - Navy Blue - NAVY BLUE / 819124 / S,Vivo Basic Ali Jacket,V0819124,,0819124NABS,1
Online - Shop Zetu,Vivo Basic Ali Jacket - Red,Vivo Basic Ali Jacket,V0819124,60056077,V0819124REDM,4
Online - Shop Zetu,Vivo Basic Ali Jacket - Red,Vivo Basic Ali Jacket,V0819124,60056078,V0819124REDL,2
Online - Shop Zetu,Vivo Basic Ali Jacket - Red,Vivo Basic Ali Jacket,V0819124,60056076,V0819124REDS,1
Online - Shop Zetu,Vivo Basic Drop Shoulder Top - Army Green - GREEN / 0622002 / XL,Vivo Basic Drop Shoulder Top,V0622002,,0622002GRNXL,1
Online - Shop Zetu,Vivo Basic Drop Shoulder Top - Burnt Orange,Vivo Basic Drop Shoulder Top,V0622002,60054375,V0622002BUOL,1
Online - Shop Zetu,Vivo Basic Drop Shoulder Top - Burnt Orange,Vivo Basic Drop Shoulder Top,V0622002,60054374,V0622002BUOM,1
Online - Shop Zetu,Vivo Basic Drop Shoulder Top - Dark Green,Vivo Basic Drop Shoulder Top,V0622002,60054371,V0622002DAGL,1
Online - Shop Zetu,Vivo Basic Drop Shoulder Top - Mustard,Vivo Basic Drop Shoulder Top,V0622002,60039833,V0622002MUSS,1
Online - Shop Zetu,Vivo Basic Drop Shoulder Top - Mustard,Vivo Basic Drop Shoulder Top,V0622002,60039837,V0622002MUS2X,1
Online - Shop Zetu,Vivo Basic Drop Shoulder Top - Mustard,Vivo Basic Drop Shoulder Top,V0622002,60039836,V0622002MUSXL,1
Online - Shop Zetu,Vivo Basic Drop Shoulder Top - Mustard,Vivo Basic Drop Shoulder Top,V0622002,60039835,V0622002MUSL,3
Online - Shop Zetu,Vivo Basic Drop Shoulder Top - Mustard,Vivo Basic Drop Shoulder Top,V0622002,60039834,V0622002MUSM,2
Online - Shop Zetu,Vivo Basic Drop Shoulder Top - Navy Blue - NAVY BLUE / 0622002 / XL,Vivo Basic Drop Shoulder Top,V0622002,,0622002NABXL,3
Online - Shop Zetu,Vivo Basic Drop Shoulder Top - Pink,Vivo Basic Drop Shoulder Top,V0622002,60054366,V0622002PINM,1
Online - Shop Zetu,Vivo Basic Drop Shoulder Top - Pink,Vivo Basic Drop Shoulder Top,V0622002,60054367,V0622002PINL,1
Online - Shop Zetu,Vivo Basic Drop Shoulder Top - Pink,Vivo Basic Drop Shoulder Top,V0622002,60054367,V0622002PINL,1
Online - Shop Zetu,Vivo Basic Drop Shoulder Top - Pink,Vivo Basic Drop Shoulder Top,V0622002,60054368,V0622002PIN1X,3
Online - Shop Zetu,Vivo Basic Drop Shoulder Top - Rust,Vivo Basic Drop Shoulder Top,V0622002,60026357,V0622002RUS4X,1
Online - Shop Zetu,Vivo Basic Drop Shoulder Top - Rust,Vivo Basic Drop Shoulder Top,V0622002,60026355,V0622002RUS2X,1
Online - Shop Zetu,Vivo Basic Drop Shoulder Top - Yellow - YELLOW / 0622002 / 4X,Vivo Basic Drop Shoulder Top,V0622002,,0622002YEL4X,2
Online - Shop Zetu,Vivo Basic Hooded Kimono - Beige / White Print,Vivo Basic Hooded Kimono,V1024063,60052186,V1024063PR1S,2
Online - Shop Zetu,Vivo Basic Hooded Kimono - Black / Yellow Print,Vivo Basic Hooded Kimono,V1024063,60052188,V1024063PR3S,1
Online - Shop Zetu,Vivo Basic Hooded Kimono - White / Brown Print,Vivo Basic Hooded Kimono,V1024063,60057020,V1024063PR14S,1
Online - Shop Zetu,Vivo Basic Liv Chiffon Top - Off-white / Black Print,Vivo Basic Liv Chiffon Top,V1019045,60052207,V1019045PR22F,2
Online - Shop Zetu,Vivo Basic Maternity Leggings - Navy Blue,Vivo Basic Maternity Leggings,V1022057,60013552,V1022057NABS,2
Online - Shop Zetu,Vivo Basic Sleeveless Midi Jersey Waterfall - Mustard,Vivo Basic Sleeveless Midi Jersey Waterfall,V1122192,60045344,V1122192MUS1X/2X,2
Online - Shop Zetu,Vivo Basic Sleeveless Midi Jersey Waterfall - Navy Blue,Vivo Basic Sleeveless Midi Jersey Waterfall,V1122192,60026506,V1122192NAB1X/2X,1
Online - Shop Zetu,Vivo Basic Sleeveless Midi Jersey Waterfall - Navy Blue,Vivo Basic Sleeveless Midi Jersey Waterfall,V1122192,60026504,V1122192NABXS/S,1
Online - Shop Zetu,Vivo Basic Sleeveless Midi Jersey Waterfall - Navy Blue,Vivo Basic Sleeveless Midi Jersey Waterfall,V1122192,60025524,V1122192NABL/1X,1
Online - Shop Zetu,Vivo Basic Sleeveless Midi Jersey Waterfall - Navy Blue,Vivo Basic Sleeveless Midi Jersey Waterfall,V1122192,60025523,V1122192NABS/M,1
Online - Shop Zetu,Vivo Basic Sleeveless Midi Jersey Waterfall - Navy Blue,Vivo Basic Sleeveless Midi Jersey Waterfall,V1122192,60026505,V1122192NABM/L,2
Online - Shop Zetu,Vivo Basic Sleeveless Sienna Waterfall - Navy Blue - NAVY BLUE / 0321017 / L,Vivo Basic Sleeveless Sienna Waterfall,V0321017,,0321017NABL,1
Online - Shop Zetu,Vivo Basic Sleeveless Sienna Waterfall - Navy Blue - NAVY BLUE / 0321017 / M,Vivo Basic Sleeveless Sienna Waterfall,V0321017,,0321017NABM,1
Online - Shop Zetu,Vivo Basic Sleeveless Sienna Waterfall - Navy Blue - NAVY BLUE / 0321017 / XL,Vivo Basic Sleeveless Sienna Waterfall,V0321017,,0321017NABXL,1
Online - Shop Zetu,Vivo Basic Sleeveless Sienna Waterfall - Tan - TAN / V0321017 / S,Vivo Basic Sleeveless Sienna Waterfall,V0321017,,V0321017TANS,1
Online - Shop Zetu,Vivo Basic Sleeveless Sienna Waterfall - Teal,Vivo Basic Sleeveless Sienna Waterfall,V0321017,60031673,V0321017TEAL,1
Online - Shop Zetu,Vivo Basic Sleeveless Tent Kimono - Baby Blue,Vivo Basic Sleeveless Tent Kimono,V1024064,60047168,V1024064BBLUF,4
Online - Shop Zetu,Vivo Basic Sleeveless Tent Kimono - Mint,Vivo Basic Sleeveless Tent Kimono,V1024064,60047169,V1024064MINF,1
Online - Shop Zetu,Vivo Basic Sleeveless Tent Kimono - Pink,Vivo Basic Sleeveless Tent Kimono,V1024064,60047170,V1024064PINF,4
Online - Shop Zetu,Vivo Boat Neck Dress in Ponte - Black,Vivo Boat Neck Dress in Ponte,V0126025,60065657,V0126025BLAS,4
Online - Shop Zetu,Vivo Boat Neck Dress in Ponte - Black,Vivo Boat Neck Dress in Ponte,V0126025,60065660,V0126025BLA1X,1
Online - Shop Zetu,Vivo Boat Neck Dress in Ponte - Black,Vivo Boat Neck Dress in Ponte,V0126025,60065659,V0126025BLAL,1
Online - Shop Zetu,Vivo Boat Neck Dress in Ponte - Black,Vivo Boat Neck Dress in Ponte,V0126025,60065658,V0126025BLAM,5
Online - Shop Zetu,Vivo Boat Neck Dress in Ponte - Navy,Vivo Boat Neck Dress in Ponte,V0126025,60065648,V0126025NAVM,2
Online - Shop Zetu,Vivo Boat Neck Dress in Ponte - Navy,Vivo Boat Neck Dress in Ponte,V0126025,60065649,V0126025NAVL,4
Online - Shop Zetu,Vivo Boat Neck Dress in Ponte - Navy,Vivo Boat Neck Dress in Ponte,V0126025,60065650,V0126025NAV1X,2
Online - Shop Zetu,Vivo Boat Neck Dress in Ponte - Navy,Vivo Boat Neck Dress in Ponte,V0126025,60065647,V0126025NAVS,3
Online - Shop Zetu,Vivo Boat Neck Dress in Ponte - Olive,Vivo Boat Neck Dress in Ponte,V0126025,60065652,V0126025OLIS,2
Online - Shop Zetu,Vivo Boat Neck Dress in Ponte - Olive,Vivo Boat Neck Dress in Ponte,V0126025,60065656,V0126025OLI2X,1
Online - Shop Zetu,Vivo Boat Neck Dress in Ponte - Olive,Vivo Boat Neck Dress in Ponte,V0126025,60065655,V0126025OLI1X,2
Online - Shop Zetu,Vivo Boat Neck Dress in Ponte - Olive,Vivo Boat Neck Dress in Ponte,V0126025,60065654,V0126025OLIL,3
Online - Shop Zetu,Vivo Boat Neck Dress in Ponte - Olive,Vivo Boat Neck Dress in Ponte,V0126025,60065653,V0126025OLIM,3
Online - Shop Zetu,Vivo Boat Neck Dress in Ponte - Orange,Vivo Boat Neck Dress in Ponte,V0126025,60065666,V0126025ORA2X,2
Online - Shop Zetu,Vivo Boat Neck Dress in Ponte - Orange,Vivo Boat Neck Dress in Ponte,V0126025,60065662,V0126025ORAS,2
Online - Shop Zetu,Vivo Boat Neck Dress in Ponte - Orange,Vivo Boat Neck Dress in Ponte,V0126025,60065663,V0126025ORAM,3
Online - Shop Zetu,Vivo Boat Neck Dress in Ponte - Orange,Vivo Boat Neck Dress in Ponte,V0126025,60065664,V0126025ORAL,3
Online - Shop Zetu,Vivo Boat Neck Dress in Ponte - Orange,Vivo Boat Neck Dress in Ponte,V0126025,60065665,V0126025ORA1X,3
Online - Shop Zetu,Vivo Boat Neck Top in Scuba - Black,Vivo Boat Neck Top in Scuba,V0126024,60065752,V0126024BLA2X,2
Online - Shop Zetu,Vivo Boat Neck Top in Scuba - Black,Vivo Boat Neck Top in Scuba,V0126024,60065748,V0126024BLAS,1
Online - Shop Zetu,Vivo Boat Neck Top in Scuba - Black,Vivo Boat Neck Top in Scuba,V0126024,60065751,V0126024BLA1X,2
Online - Shop Zetu,Vivo Boat Neck Top in Scuba - Black,Vivo Boat Neck Top in Scuba,V0126024,60065750,V0126024BLAL,2
Online - Shop Zetu,Vivo Boat Neck Top in Scuba - Black,Vivo Boat Neck Top in Scuba,V0126024,60065749,V0126024BLAM,2
Online - Shop Zetu,Vivo Boat Neck Top in Scuba - Black,Vivo Boat Neck Top in Scuba,V0126024,60065748,V0126024BLAS,1
Online - Shop Zetu,Vivo Boat Neck Top in Scuba - Burgundy,Vivo Boat Neck Top in Scuba,V0126024,60065743,V0126024BURS,2
Online - Shop Zetu,Vivo Boat Neck Top in Scuba - Burgundy,Vivo Boat Neck Top in Scuba,V0126024,60065746,V0126024BUR1X,2
Online - Shop Zetu,Vivo Boat Neck Top in Scuba - Burgundy,Vivo Boat Neck Top in Scuba,V0126024,60065745,V0126024BURL,1
Online - Shop Zetu,Vivo Boat Neck Top in Scuba - Burgundy,Vivo Boat Neck Top in Scuba,V0126024,60065747,V0126024BUR2X,1
Online - Shop Zetu,Vivo Boat Neck Top in Scuba - Burgundy,Vivo Boat Neck Top in Scuba,V0126024,60065744,V0126024BURM,2
Online - Shop Zetu,Vivo Boat Neck Top in Scuba - Lilac,Vivo Boat Neck Top in Scuba,V0126024,60065767,V0126024LIL2X,1
Online - Shop Zetu,Vivo Boat Neck Top in Scuba - Lilac,Vivo Boat Neck Top in Scuba,V0126024,60065766,V0126024LIL1X,2
Online - Shop Zetu,Vivo Boat Neck Top in Scuba - Lilac,Vivo Boat Neck Top in Scuba,V0126024,60065765,V0126024LILL,1
Online - Shop Zetu,Vivo Boat Neck Top in Scuba - Lilac,Vivo Boat Neck Top in Scuba,V0126024,60065764,V0126024LILM,1
Online - Shop Zetu,Vivo Boat Neck Top in Scuba - Lilac,Vivo Boat Neck Top in Scuba,V0126024,60065763,V0126024LILS,1
Online - Shop Zetu,Vivo Boat Neck Top in Scuba - Lime Green,Vivo Boat Neck Top in Scuba,V0126024,60065758,V0126024LGRS,2
Online - Shop Zetu,Vivo Boat Neck Top in Scuba - Lime Green,Vivo Boat Neck Top in Scuba,V0126024,60065759,V0126024LGRM,1
Online - Shop Zetu,Vivo Boat Neck Top in Scuba - Lime Green,Vivo Boat Neck Top in Scuba,V0126024,60065760,V0126024LGRL,1
Online - Shop Zetu,Vivo Boat Neck Top in Scuba - Lime Green,Vivo Boat Neck Top in Scuba,V0126024,60065761,V0126024LGR1X,1
Online - Shop Zetu,Vivo Boat Neck Top in Scuba - Lime Green,Vivo Boat Neck Top in Scuba,V0126024,60065762,V0126024LGR2X,1
Online - Shop Zetu,Vivo Boat Neck Top in Scuba - Red,Vivo Boat Neck Top in Scuba,V0126024,60065754,V0126024REDM,2
Online - Shop Zetu,Vivo Boat Neck Top in Scuba - Red,Vivo Boat Neck Top in Scuba,V0126024,60065757,V0126024RED2X,1
Online - Shop Zetu,Vivo Boat Neck Top in Scuba - Red,Vivo Boat Neck Top in Scuba,V0126024,60065756,V0126024RED1X,2
Online - Shop Zetu,Vivo Boat Neck Top in Scuba - Red,Vivo Boat Neck Top in Scuba,V0126024,60065755,V0126024REDL,1
Online - Shop Zetu,Vivo Boat Neck Top in Scuba - Red,Vivo Boat Neck Top in Scuba,V0126024,60065753,V0126024REDS,1
Online - Shop Zetu,Vivo Chiffon Shorts - Black,Vivo Chiffon Shorts,V0325072,60053195,V0325072BLAM,2
Online - Shop Zetu,Vivo Chiffon Shorts - Black,Vivo Chiffon Shorts,V0325072,60053197,V0325072BLA1X,1
Online - Shop Zetu,Vivo Chiffon Shorts - Black,Vivo Chiffon Shorts,V0325072,60053194,V0325072BLAS,2
Online - Shop Zetu,Vivo Chiffon Shorts - Navy,Vivo Chiffon Shorts,V0325072,60053200,V0325072NAVL,1
Online - Shop Zetu,Vivo Chiffon Shorts - Navy,Vivo Chiffon Shorts,V0325072,60053201,V0325072NAV1X,1
Online - Shop Zetu,Vivo Chiffon Shorts - Navy,Vivo Chiffon Shorts,V0325072,60053198,V0325072NAVS,1
Online - Shop Zetu,Vivo Chiffon Shorts - Navy,Vivo Chiffon Shorts,V0325072,60053199,V0325072NAVM,1
Online - Shop Zetu,Vivo Diella 3/4 Sleeve A-Line Dress - Black,Vivo Diella 3/4 Sleeve A-Line Dress,V0425056,60056636,V0425056BLAS,2
Online - Shop Zetu,Vivo Diella 3/4 Sleeve A-Line Dress - Black,Vivo Diella 3/4 Sleeve A-Line Dress,V0425056,60056638,V0425056BLAL,2
Online - Shop Zetu,Vivo Diella 3/4 Sleeve A-Line Dress - Black,Vivo Diella 3/4 Sleeve A-Line Dress,V0425056,60056639,V0425056BLA1X,3
Online - Shop Zetu,Vivo Diella 3/4 Sleeve A-Line Dress - Black,Vivo Diella 3/4 Sleeve A-Line Dress,V0425056,60056637,V0425056BLAM,3
Online - Shop Zetu,Vivo Diella 3/4 Sleeve A-Line Dress - Dark Olive,Vivo Diella 3/4 Sleeve A-Line Dress,V0425056,60056377,V0425056DAO1X,2
Online - Shop Zetu,Vivo Diella 3/4 Sleeve A-Line Dress - Dark Olive,Vivo Diella 3/4 Sleeve A-Line Dress,V0425056,60056375,V0425056DAOM,4
Online - Shop Zetu,Vivo Diella 3/4 Sleeve A-Line Dress - Dark Olive,Vivo Diella 3/4 Sleeve A-Line Dress,V0425056,60056374,V0425056DAOS,1
Online - Shop Zetu,Vivo Diella 3/4 Sleeve A-Line Dress - Dark Olive,Vivo Diella 3/4 Sleeve A-Line Dress,V0425056,60056376,V0425056DAOL,5
Online - Shop Zetu,Vivo Diella 3/4 Sleeve A-Line Dress - Dark Purple,Vivo Diella 3/4 Sleeve A-Line Dress,V0425056,60056641,V0425056DPURM,2
Online - Shop Zetu,Vivo Diella 3/4 Sleeve A-Line Dress - Dark Purple,Vivo Diella 3/4 Sleeve A-Line Dress,V0425056,60056642,V0425056DPURL,5
Online - Shop Zetu,Vivo Diella 3/4 Sleeve A-Line Dress - Dark Purple,Vivo Diella 3/4 Sleeve A-Line Dress,V0425056,60056643,V0425056DPUR1X,1
Online - Shop Zetu,Vivo Diella 3/4 Sleeve A-Line Dress - Dark Purple,Vivo Diella 3/4 Sleeve A-Line Dress,V0425056,60056640,V0425056DPURS,3
Online - Shop Zetu,Vivo Drop Shoulder Shirt in Organza - Black,Vivo Drop Shoulder Shirt in Organza,REO2260,60065789,REO226001BLAM,1
Online - Shop Zetu,Vivo Drop Shoulder Shirt in Organza - Black,Vivo Drop Shoulder Shirt in Organza,REO2260,60065789,REO226001BLAM,2
Online - Shop Zetu,Vivo Drop Shoulder Shirt in Organza - Black,Vivo Drop Shoulder Shirt in Organza,REO2260,60065790,REO226001BLAL,1
Online - Shop Zetu,Vivo Drop Shoulder Shirt in Organza - Black,Vivo Drop Shoulder Shirt in Organza,REO2260,60065791,REO226001BLA1X,1
Online - Shop Zetu,Vivo Drop Shoulder Shirt in Organza - Black,Vivo Drop Shoulder Shirt in Organza,RE02260,60065788,RE0226001BLAS,2
Online - Shop Zetu,Vivo Drop Shoulder Shirt in Organza - Brown,Vivo Drop Shoulder Shirt in Organza,REO2260,60065797,REO226001BRW2X,1
Online - Shop Zetu,Vivo Drop Shoulder Shirt in Organza - Brown,Vivo Drop Shoulder Shirt in Organza,REO2260,60065796,REO226001BRW1X,1
Online - Shop Zetu,Vivo Drop Shoulder Shirt in Organza - Brown,Vivo Drop Shoulder Shirt in Organza,REO2260,60065795,REO226001BRWL,1
Online - Shop Zetu,Vivo Drop Shoulder Shirt in Organza - Brown,Vivo Drop Shoulder Shirt in Organza,REO2260,60065794,REO226001BRWM,1
Online - Shop Zetu,Vivo Drop Shoulder Shirt in Organza - Off White,Vivo Drop Shoulder Shirt in Organza,RE02260,60065785,RE0226001OWHIL,1
Online - Shop Zetu,Vivo Drop Shoulder Shirt in Organza - Off White,Vivo Drop Shoulder Shirt in Organza,RE02260,60065786,RE0226001OWHI1X,1
Online - Shop Zetu,Vivo Drop Shoulder Shirt in Organza - Off White,Vivo Drop Shoulder Shirt in Organza,RE02260,60065785,RE0226001OWHIL,1
Online - Shop Zetu,Vivo Drop Shoulder Shirt in Organza - Off White,Vivo Drop Shoulder Shirt in Organza,RE02260,60065784,RE0226001OWHIM,1
Online - Shop Zetu,Vivo Drop Shoulder Shirt in Organza - Orange,Vivo Drop Shoulder Shirt in Organza,REO2260,60065800,REO226001ORAL,1
Online - Shop Zetu,Vivo Drop Shoulder Shirt in Organza - Orange,Vivo Drop Shoulder Shirt in Organza,REO2260,60065801,REO226001ORA1X,1
Online - Shop Zetu,Vivo Essentials Strappy Cold Shoulder Top - Black,Vivo Essentials Strappy Cold Shoulder Top,VE0009B,90001704,VE0009BLAL/1X,1
Online - Shop Zetu,Vivo Essentials Strappy Cold Shoulder Top - Black,Vivo Essentials Strappy Cold Shoulder Top,VE0009B,90001703,VE0009BLAS/M,1
Online - Shop Zetu,Vivo Full Length Kimono - Keri,Vivo Full Length Kimono,V0224241,60049405,V0224241PR101X/2X,1
Online - Shop Zetu,Vivo Full Length Kimono - Keri,Vivo Full Length Kimono,V0224241,60049403,V0224241PR10XS/S,1
Online - Shop Zetu,Vivo Full Length Kimono - Keri,Vivo Full Length Kimono,V0224241,60049404,V0224241PR10M/L,3
Online - Shop Zetu,Vivo Full Length Kimono - Keri,Vivo Full Length Kimono,V0224241,60049406,V0224241PR103X/4X,1
Online - Shop Zetu,Vivo Full Length Kimono - Maya,Vivo Full Length Kimono,V0224241,60049408,V0224241PR11M/L,1
Online - Shop Zetu,Vivo Full Length Kimono - Maya,Vivo Full Length Kimono,V0224241,60049409,V0224241PR111X/2X,1
Online - Shop Zetu,Vivo Full Length Kimono - Maya,Vivo Full Length Kimono,V0224241,60049410,V0224241PR113X/4X,1
Online - Shop Zetu,Vivo Full Length Kimono - Maya,Vivo Full Length Kimono,V0224241,60049407,V0224241PR11XS/S,1
Online - Shop Zetu,Vivo Imara Cap Sleeve Sheath Dress - Red,Vivo Imara Cap Sleeve Sheath Dress,V0123007,60057736,V0123007REDM,2
Online - Shop Zetu,Vivo Imara Cap Sleeve Sheath Dress - Red,Vivo Imara Cap Sleeve Sheath Dress,V0123007,60057737,V0123007REDL,1
Online - Shop Zetu,Vivo Imara Cap Sleeve Sheath Dress - Red,Vivo Imara Cap Sleeve Sheath Dress,V0123007,60057735,V0123007REDS,2
Online - Shop Zetu,Vivo Imara Cap Sleeve Sheath Dress - Taupe,Vivo Imara Cap Sleeve Sheath Dress,V0123007,60057746,V0123007TAUM,1
Online - Shop Zetu,Vivo Iyana Bubble Midi Skirt - Black,Vivo Iyana Bubble Midi Skirt,V0625043,60057604,V0625043BLAS,1
Online - Shop Zetu,Vivo Iyana Bubble Midi Skirt - Black,Vivo Iyana Bubble Midi Skirt,V0625043,60057607,V0625043BLA1X,1
Online - Shop Zetu,Vivo Iyana Bubble Midi Skirt - Black,Vivo Iyana Bubble Midi Skirt,V0625043,60057605,V0625043BLAM,1
Online - Shop Zetu,Vivo Iyana Bubble Midi Skirt - Black,Vivo Iyana Bubble Midi Skirt,V0625043,60057605,V0625043BLAM,1
Online - Shop Zetu,Vivo Iyana Bubble Midi Skirt - Green / Pink Iya Print,Vivo Iyana Bubble Midi Skirt,V0625043,60057611,V0625043PR11X,1
Online - Shop Zetu,Vivo Iyana Bubble Midi Skirt - Green / Pink Iya Print,Vivo Iyana Bubble Midi Skirt,V0625043,60057609,V0625043PR1M,2
Online - Shop Zetu,Vivo Iyana Bubble Midi Skirt - Green / Pink Iya Print,Vivo Iyana Bubble Midi Skirt,V0625043,60057608,V0625043PR1S,1
Online - Shop Zetu,Vivo Iyana Bubble Midi Skirt - Navy,Vivo Iyana Bubble Midi Skirt,V0625043,60057600,V0625043NAVS,3
Online - Shop Zetu,Vivo Iyana Bubble Midi Skirt - Navy,Vivo Iyana Bubble Midi Skirt,V0625043,60057602,V0625043NAVL,1
Online - Shop Zetu,Vivo Iyana Bubble Midi Skirt - Navy,Vivo Iyana Bubble Midi Skirt,V0625043,60057601,V0625043NAVM,1
Online - Shop Zetu,Vivo Iyana Bubble Midi Skirt - Navy,Vivo Iyana Bubble Midi Skirt,V0625043,60057603,V0625043NAV1X,1
Online - Shop Zetu,Vivo Iyana Bubble Midi Skirt - Yellow / Lilac Iya Print,Vivo Iyana Bubble Midi Skirt,V0625043,60057612,V0625043PR2S,1
Online - Shop Zetu,Vivo Iyana Bubble Midi Skirt - Yellow / Lilac Iya Print,Vivo Iyana Bubble Midi Skirt,V0625043,60057614,V0625043PR2L,1
Online - Shop Zetu,Vivo Iyana Tank Top - Dark Purple,Vivo Iyana Tank Top,V0625044,60057506,V0625044DAPL,1
Online - Shop Zetu,Vivo Iyana Tank Top - Dark Purple,Vivo Iyana Tank Top,V0625044,60057505,V0625044DAPM,1
Online - Shop Zetu,Vivo Iyana Tank Top - Dark Purple,Vivo Iyana Tank Top,V0625044,60057504,V0625044DAPS,1
Online - Shop Zetu,Vivo Iyana Tank Top - Dark Purple,Vivo Iyana Tank Top,V0625044,60057507,V0625044DAP1X,1
Online - Shop Zetu,Vivo Iyana Tank Top - Green,Vivo Iyana Tank Top,V0625044,60057518,V0625044GRNL,1
Online - Shop Zetu,Vivo Iyana Tank Top - Green,Vivo Iyana Tank Top,V0625044,60057517,V0625044GRNM,1
Online - Shop Zetu,Vivo Iyana Tank Top - Green,Vivo Iyana Tank Top,V0625044,60057519,V0625044GRN1X,1
Online - Shop Zetu,Vivo Iyana Tank Top - Green,Vivo Iyana Tank Top,V0625044,60057516,V0625044GRNS,2
Online - Shop Zetu,Vivo Iyana Tank Top - Lime Yellow,Vivo Iyana Tank Top,V0625044,60057513,V0625044LMYM,2
Online - Shop Zetu,Vivo Iyana Tank Top - Lime Yellow,Vivo Iyana Tank Top,V0625044,60057514,V0625044LMYL,1
Online - Shop Zetu,Vivo Iyana Tank Top - Lime Yellow,Vivo Iyana Tank Top,V0625044,60057512,V0625044LMYS,1
Online - Shop Zetu,Vivo Iyana Tank Top - Lime Yellow,Vivo Iyana Tank Top,V0625044,60057515,V0625044LMY1X,1
Online - Shop Zetu,Vivo Iyana Tank Top - White,Vivo Iyana Tank Top,V0625044,60057511,V0625044WHI1X,1
Online - Shop Zetu,Vivo Iyana Tank Top - White,Vivo Iyana Tank Top,V0625044,60057508,V0625044WHIS,1
Online - Shop Zetu,Vivo J.O V-Neck Sheath Dress - Burgundy - BURGUNDY / 0621001 / S,Vivo J.O V-Neck Sheath Dress,V0621001,,0621001BURS,1
Online - Shop Zetu,Vivo J.O V-Neck Sheath Dress - Wine Red - WINE RED / 0621001 / L,Vivo J.O V-Neck Sheath Dress,V0621001,,0621001WIRL,1
Online - Shop Zetu,Vivo J.O V-Neck Sheath Dress - Wine Red - WINE RED / 0621001 / M,Vivo J.O V-Neck Sheath Dress,V0621001,,0621001WIRM,1
Online - Shop Zetu,Vivo J.O V-Neck Sheath Dress - Wine Red - WINE RED / 0621001 / S,Vivo J.O V-Neck Sheath Dress,V0621001,,0621001WIRS,1
Online - Shop Zetu,Vivo J.O V-Neck Sheath Dress - burgundy - BLACK / 0621001 / S,Vivo J.O V-Neck Sheath Dress,V0621001,,0621001BLAS,1
Online - Shop Zetu,Vivo Jersey Drop Shoulder Top - Dark Green,Vivo Jersey Drop Shoulder Top,V1125001,60061468,V1125001DGRNM,1
Online - Shop Zetu,Vivo Jersey Drop Shoulder Top - Dark Green,Vivo Jersey Drop Shoulder Top,V1125001,60061467,V1125001DGRNS,1
Online - Shop Zetu,Vivo Jersey Drop Shoulder Top - Dark Green,Vivo Jersey Drop Shoulder Top,V1125001,60061469,V1125001DGRNL,1
Online - Shop Zetu,Vivo Jersey Drop Shoulder Top - Dark Purple,Vivo Jersey Drop Shoulder Top,V1125001,60061473,V1125001DPURL,1
Online - Shop Zetu,Vivo Jersey Drop Shoulder Top - Dark Purple,Vivo Jersey Drop Shoulder Top,V1125001,60061471,V1125001DPURS,1
Online - Shop Zetu,Vivo Jersey Drop Shoulder Top - Dark Purple,Vivo Jersey Drop Shoulder Top,V1125001,60061472,V1125001DPURM,1
Online - Shop Zetu,Vivo Jersey Drop Shoulder Top - Dark Purple,Vivo Jersey Drop Shoulder Top,V1125001,60061474,V1125001DPUR1X,1
Online - Shop Zetu,Vivo Kelemi 4.0 Kimono - Lilac / Olive Nashe Print,Vivo Kelemi 4.0 Kimono,V0325041,60053662,V0325041PR2M,2
Online - Shop Zetu,Vivo Kelemi 4.0 Kimono - Lilac / Olive Nashe Print,Vivo Kelemi 4.0 Kimono,V0325041,60053664,V0325041PR21X,1
Online - Shop Zetu,Vivo Kelemi 4.0 Kimono - Lilac / Olive Nashe Print,Vivo Kelemi 4.0 Kimono,V0325041,60053663,V0325041PR2L,1
Online - Shop Zetu,Vivo Kelemi 4.0 Kimono - Magenta,Vivo Kelemi 4.0 Kimono,V0325041,60053153,V0325041MAGS,1
Online - Shop Zetu,Vivo Kelemi 4.0 Kimono - Navy,Vivo Kelemi 4.0 Kimono,V0325041,60053164,V0325041NAV1X,1
Online - Shop Zetu,Vivo Kelemi 4.0 Kimono - Navy / Mustard Nashe Print,Vivo Kelemi 4.0 Kimono,V0325041,60053670,V0325041PR4M,2
Online - Shop Zetu,Vivo Kelemi 4.0 Kimono - Navy / Mustard Nashe Print,Vivo Kelemi 4.0 Kimono,V0325041,60053671,V0325041PR4L,2
Online - Shop Zetu,Vivo Kelemi 4.0 Kimono - Orange,Vivo Kelemi 4.0 Kimono,V0325041,60046585,V0325041ORAL,1
Online - Shop Zetu,Vivo Kelemi 4.0 Kimono - Purple,Vivo Kelemi 4.0 Kimono,V0325041,60046589,V0325041PURL,1
Online - Shop Zetu,Vivo Kelemi 4.0 Kimono - Purple,Vivo Kelemi 4.0 Kimono,V0325041,60046590,V0325041PUR1X,1
Online - Shop Zetu,Vivo Kelemi 4.0 Kimono - Purple,Vivo Kelemi 4.0 Kimono,V0325041,60046587,V0325041PURS,1
Online - Shop Zetu,Vivo Kelemi 4.0 Kimono - Purple,Vivo Kelemi 4.0 Kimono,V0325041,60046588,V0325041PURM,1
Online - Shop Zetu,Vivo Kelemi 4.0 Kimono - Purple,Vivo Kelemi 4.0 Kimono,V0325041,60046589,V0325041PURL,2
Online - Shop Zetu,Vivo Kelemi 4.0 Sleeveless Top - Lilac / Magenta Nashe Print,Vivo Kelemi 4.0 Sleeveless Top,V0325043,60053208,V0325043PR1S,2
Online - Shop Zetu,Vivo Kelemi 4.0 Sleeveless Top - Lilac / Magenta Nashe Print,Vivo Kelemi 4.0 Sleeveless Top,V0325043,60053221,V0325043PR11X,1
Online - Shop Zetu,Vivo Kelemi 4.0 Sleeveless Top - Lilac / Magenta Nashe Print,Vivo Kelemi 4.0 Sleeveless Top,V0325043,60053220,V0325043PR1L,4
Online - Shop Zetu,Vivo Kelemi 4.0 Sleeveless Top - Lilac / Olive Nashe Print,Vivo Kelemi 4.0 Sleeveless Top,V0325043,60053673,V0325043PR2S,1
Online - Shop Zetu,Vivo Kelemi 4.0 Sleeveless Top - Navy,Vivo Kelemi 4.0 Sleeveless Top,V0325043,60053226,V0325043NAVL,2
Online - Shop Zetu,Vivo Kelemi 4.0 Sleeveless Top - Navy,Vivo Kelemi 4.0 Sleeveless Top,V0325043,60053225,V0325043NAVM,1
Online - Shop Zetu,Vivo Kelemi 4.0 Sleeveless Top - Navy,Vivo Kelemi 4.0 Sleeveless Top,V0325043,60053206,V0325043NAVS,1
Online - Shop Zetu,Vivo Kelemi 4.0 Sleeveless Top - Navy / Mustard Nashe Print,Vivo Kelemi 4.0 Sleeveless Top,V0325043,60053677,V0325043PR3S,1
Online - Shop Zetu,Vivo Kelemi 4.0 Sleeveless Top - Navy / Mustard Nashe Print,Vivo Kelemi 4.0 Sleeveless Top,V0325043,60053678,V0325043PR3M,3
Online - Shop Zetu,Vivo Kelemi 4.0 Sleeveless Top - Navy / Mustard Nashe Print,Vivo Kelemi 4.0 Sleeveless Top,V0325043,60053680,V0325043PR31X,1
Online - Shop Zetu,Vivo Kitenge Wide Leg Pants - Ashai,Vivo Kitenge Wide Leg Pants,VE0032P,60042931,VE0032PR9PR9M,1
Online - Shop Zetu,Vivo Kitenge Wide Leg Pants - Ashai,Vivo Kitenge Wide Leg Pants,VE0032P,60042934,VE0032PR9PR92X,1
Online - Shop Zetu,Vivo Kitenge Wide Leg Pants - Blue / Pink Azizi Print,Vivo Kitenge Wide Leg Pants,VE0032P,60059230,VE0032PR14M,1
Online - Shop Zetu,Vivo Kitenge Wide Leg Pants - Green / Black Adia Print,Vivo Kitenge Wide Leg Pants,VE0032P,60059234,VE0032PR15M,1
Online - Shop Zetu,Vivo Kitenge Wide Leg Pants - Juja,Vivo Kitenge Wide Leg Pants,VE0032P,60050271,VE0032PR13L,1
Online - Shop Zetu,Vivo Kitenge Wide Leg Pants - Juja,Vivo Kitenge Wide Leg Pants,VE0032P,60050270,VE0032PR13M,2
Online - Shop Zetu,Vivo Kitenge Wide Leg Pants - Juja,Vivo Kitenge Wide Leg Pants,VE0032P,60050269,VE0032PR13S,1
Online - Shop Zetu,Vivo Kitenge Wide Leg Pants - Juja,Vivo Kitenge Wide Leg Pants,VE0032P,60050272,VE0032PR131X,1
Online - Shop Zetu,Vivo Kitenge Wide Leg Pants - Lashi,Vivo Kitenge Wide Leg Pants,VE0032P,60042938,VE0032PR10M,1
Online - Shop Zetu,Vivo Kitenge Wide Leg Pants - Lashi,Vivo Kitenge Wide Leg Pants,VE0032P,60042938,VE0032PR10M,1
Online - Shop Zetu,Vivo Kitenge Wide Leg Pants - Maroon / Pink Ara Print,Vivo Kitenge Wide Leg Pants,VE0032P,60059242,VE0032PR17M,1
Online - Shop Zetu,Vivo Kitenge Wide Leg Pants - Navy / Brown Chiku Print,Vivo Kitenge Wide Leg Pants,VE0032P,60059250,VE0032PR19M,1
Online - Shop Zetu,Vivo Kitenge Wide Leg Pants - Navy / Brown Chiku Print,Vivo Kitenge Wide Leg Pants,VE0032P,60059249,VE0032PR19S,1
Online - Shop Zetu,Vivo Kitenge Wide Leg Pants - Navy / Pink Bakari Print,Vivo Kitenge Wide Leg Pants,VE0032P,60059237,VE0032PR16S,1
Online - Shop Zetu,Vivo Kitenge Wide Leg Pants - Navy / Pink Bakari Print,Vivo Kitenge Wide Leg Pants,VE0032P,60059238,VE0032PR16M,1
Online - Shop Zetu,Vivo Kitenge Wide Leg Pants - Sipo,Vivo Kitenge Wide Leg Pants,VE0032P,60042946,VE0032PR11L,1
Online - Shop Zetu,Vivo Kitenge Wide Leg Pants - Sipo,Vivo Kitenge Wide Leg Pants,VE0032P,60042945,VE0032PR11M,1
Online - Shop Zetu,Vivo Kitenge Wide Leg Pants - Sipo,Vivo Kitenge Wide Leg Pants,VE0032P,60042944,VE0032PR11S,1
Online - Shop Zetu,Vivo Kitenge Wrap Skirt - Himo,Vivo Kitenge Wrap Skirt,VE00301,,VE003014PR8F,7
Online - Shop Zetu,Vivo Kitenge Wrap Skirt - Tafo,Vivo Kitenge Wrap Skirt,VE00301,60049402,VE003014PR9F,1
Online - Shop Zetu,Vivo Leila 3/4 Sleeve Tent Knee Length Dress - Navy,Vivo Leila 3/4 Sleeve Tent Knee Length Dress,V0423056,60044603,V0423056NAVYM,1
Online - Shop Zetu,Vivo Leila 3/4 Sleeve Tent Knee Length Dress - Navy,Vivo Leila 3/4 Sleeve Tent Knee Length Dress,V0423056,60044604,V0423056NAVYL,1
Online - Shop Zetu,Vivo Leila 3/4 Sleeve Tent Knee Length Dress - Teal,Vivo Leila 3/4 Sleeve Tent Knee Length Dress,V0423056,60044607,V0423056TEALM,3
Online - Shop Zetu,Vivo Leila 3/4 Sleeve Tent Knee Length Dress - Teal,Vivo Leila 3/4 Sleeve Tent Knee Length Dress,V0423056,60044609,V0423056TEALXL,2
Online - Shop Zetu,Vivo Leila 3/4 Sleeve Tent Knee Length Dress - Teal,Vivo Leila 3/4 Sleeve Tent Knee Length Dress,V0423056,60044608,V0423056TEALL,1
Online - Shop Zetu,Vivo Leila 3/4 Sleeve Tent Knee Length Dress - Teal,Vivo Leila 3/4 Sleeve Tent Knee Length Dress,V0423056,60044609,V0423056TEALXL,1
Online - Shop Zetu,Vivo Leila Cap Sleeve Tent Knee Length Dress - Hunters,Vivo Leila Cap Sleeve Tent Knee Length Dress,V0423055,60044699,V0423055HUNTL,1
Online - Shop Zetu,Vivo Leila Cap Sleeve Tent Knee Length Dress - Hunters,Vivo Leila Cap Sleeve Tent Knee Length Dress,V0423055,60044816,V0423055HUNT2X,1
Online - Shop Zetu,Vivo Leila Cap Sleeve Tent Knee Length Dress - Hunters,Vivo Leila Cap Sleeve Tent Knee Length Dress,V0423055,60044700,V0423055HUNTXL,1
Online - Shop Zetu,Vivo Leila Cap Sleeve Tent Knee Length Dress - Navy Blue,Vivo Leila Cap Sleeve Tent Knee Length Dress,V0423055,60047308,V0423055NABL,1
Online - Shop Zetu,Vivo Leila Cap Sleeve Tent Knee Length Dress - Teal,Vivo Leila Cap Sleeve Tent Knee Length Dress,V0423055,60047314,V0423055TEA1X,1
Online - Shop Zetu,Vivo Liora Shorts - Black,Vivo Liora Shorts,V0925026,60061668,V0925026BLAL,1
Online - Shop Zetu,Vivo Liora Shorts - Black,Vivo Liora Shorts,V0925026,60061670,V0925026BLA2X,1
Online - Shop Zetu,Vivo Liora Shorts - Black,Vivo Liora Shorts,V0925026,60061667,V0925026BLAM,3
Online - Shop Zetu,Vivo Liora Shorts - Black,Vivo Liora Shorts,V0925026,60061666,V0925026BLAS,2
Online - Shop Zetu,Vivo Liora Shorts - Chocolate,Vivo Liora Shorts,V0925026,60061672,V0925026CHOCM,2
Online - Shop Zetu,Vivo Liora Shorts - Chocolate,Vivo Liora Shorts,V0925026,60061671,V0925026CHOCS,1
Online - Shop Zetu,Vivo Liora Shorts - Cream / Coral Ziza Print,Vivo Liora Shorts,V0925026,60062117,V0925026PR2L,1
Online - Shop Zetu,Vivo Liora Shorts - Cream / Coral Ziza Print,Vivo Liora Shorts,V0925026,60062115,V0925026PR2S,2
Online - Shop Zetu,Vivo Liora Shorts - Cream / Coral Ziza Print,Vivo Liora Shorts,V0925026,60062116,V0925026PR2M,1
Online - Shop Zetu,Vivo Liora Shorts - Red / Black Ziza Print,Vivo Liora Shorts,V0925026,60062111,V0925026PR1M,1
Online - Shop Zetu,Vivo Liora Shorts - Red / Black Ziza Print,Vivo Liora Shorts,V0925026,60062111,V0925026PR1M,2
Online - Shop Zetu,Vivo Long Sleeve Blazer - Atbara,Vivo Long Sleeve Blazer,VE0031A,90000854,VE0031ATBS,1
Online - Shop Zetu,Vivo Long Sleeve Blazer - Savannah,Vivo Long Sleeve Blazer,VE0031S,90000353,VE0031SAVXS,1
Online - Shop Zetu,Vivo Long Sleeve Blazer - Savannah,Vivo Long Sleeve Blazer,VE0031S,90000863,VE0031SAVL,1
Online - Shop Zetu,Vivo Long Sleeve Blazer - Savannah,Vivo Long Sleeve Blazer,VE0031S,90000867,VE0031SAV4X,1
Online - Shop Zetu,Vivo Long Sleeve Blazer - Savannah,Vivo Long Sleeve Blazer,VE0031S,90000861,VE0031SAVS,1
Online - Shop Zetu,Vivo Lulu Cotton Barrel Pants - Black,Vivo Lulu Cotton Barrel Pants,V1125006,60061741,V1125006BLAS,2
Online - Shop Zetu,Vivo Lulu Cotton Barrel Pants - Black,Vivo Lulu Cotton Barrel Pants,V1125006,60061745,V1125006BLA2X,1
Online - Shop Zetu,Vivo Lulu Cotton Barrel Pants - Black,Vivo Lulu Cotton Barrel Pants,V1125006,60061744,V1125006BLA1X,1
Online - Shop Zetu,Vivo Lulu Cotton Barrel Pants - Black,Vivo Lulu Cotton Barrel Pants,V1125006,60061743,V1125006BLAL,1
Online - Shop Zetu,Vivo Lulu Cotton Barrel Pants - Black,Vivo Lulu Cotton Barrel Pants,V1125006,60061742,V1125006BLAM,1
Online - Shop Zetu,Vivo Lulu Cotton Barrel Pants - Khaki Green,Vivo Lulu Cotton Barrel Pants,V1125006,60061734,V1125006KHGRN1X,1
Online - Shop Zetu,Vivo Lulu Cotton Barrel Pants - Khaki Green,Vivo Lulu Cotton Barrel Pants,V1125006,60061732,V1125006KHGRNM,2
Online - Shop Zetu,Vivo Lulu Cotton Barrel Pants - Khaki Green,Vivo Lulu Cotton Barrel Pants,V1125006,60061731,V1125006KHGRNS,2
Online - Shop Zetu,Vivo Lulu Cotton Barrel Pants - Khaki Green,Vivo Lulu Cotton Barrel Pants,V1125006,60061733,V1125006KHGRNL,2
Online - Shop Zetu,Vivo Lulu Cotton Barrel Pants - Khaki Green,Vivo Lulu Cotton Barrel Pants,V1125006,60061735,V1125006KHGRN2X,1
Online - Shop Zetu,Vivo Lulu Cotton Barrel Pants - Maroon,Vivo Lulu Cotton Barrel Pants,V1125006,60061739,V1125006MAR1X,1
Online - Shop Zetu,Vivo Lulu Cotton Barrel Pants - Maroon,Vivo Lulu Cotton Barrel Pants,V1125006,60061736,V1125006MARS,2
Online - Shop Zetu,Vivo Lulu Cotton Barrel Pants - Maroon,Vivo Lulu Cotton Barrel Pants,V1125006,60061737,V1125006MARM,2
Online - Shop Zetu,Vivo Lulu Cotton Barrel Pants - Maroon,Vivo Lulu Cotton Barrel Pants,V1125006,60061738,V1125006MARL,1
Online - Shop Zetu,Vivo Lulu Cotton Barrel Pants - Maroon,Vivo Lulu Cotton Barrel Pants,V1125006,60061740,V1125006MAR2X,1
Online - Shop Zetu,Vivo Lulu Cotton Barrel Pants - Rust,Vivo Lulu Cotton Barrel Pants,V1125006,60061636,V1125006RUSM,2
Online - Shop Zetu,Vivo Lulu Cotton Barrel Pants - Rust,Vivo Lulu Cotton Barrel Pants,V1125006,60061639,V1125006RUS2X,2
Online - Shop Zetu,Vivo Lulu Cotton Barrel Pants - Rust,Vivo Lulu Cotton Barrel Pants,V1125006,60061635,V1125006RUSS,1
Online - Shop Zetu,Vivo Mira Reversible Wrap Top - Lime,Vivo Mira Reversible Wrap Top,V1123158,60030607,V1123158LIML,1
Online - Shop Zetu,Vivo Mira Reversible Wrap Top - PEACH / BROWN FAN PRINT,Vivo Mira Reversible Wrap Top,V1123158,60030610,V1123158PR1M,1
Online - Shop Zetu,Vivo Mira Reversible Wrap Top - PEACH / BROWN FAN PRINT,Vivo Mira Reversible Wrap Top,V1123158,60030609,V1123158PR1S,3
Online - Shop Zetu,Vivo Mistari 3/4 Sleeve V - Neck Collared Tunic Top - Black Checkered,Vivo Mistari 3/4 Sleeve V,V0622041,60052157,V0622041PR9F,1
Online - Shop Zetu,Vivo Mistari 3/4 Sleeve V - Neck Collared Tunic Top - Black Textured,Vivo Mistari 3/4 Sleeve V,V0622041,60052158,V0622041BLTF,2
Online - Shop Zetu,Vivo Mistari 3/4 Sleeve V - Neck Collared Tunic Top - Black stripes,Vivo Mistari 3/4 Sleeve V,V0622041,60052094,V0622041PR7F,3
Online - Shop Zetu,Vivo Mistari 3/4 Sleeve V - Neck Collared Tunic Top - Light Olive Checkered,Vivo Mistari 3/4 Sleeve V,V0622041,60052159,V0622041LTOF,1
Online - Shop Zetu,Vivo Niari straight leg Pants - Black,Vivo Niari straight leg Pants,V0225011,60053013,V0225011BLAS,1
Online - Shop Zetu,Vivo Niari straight leg Pants - Black,Vivo Niari straight leg Pants,V0225011,60053014,V0225011BLAM,1
Online - Shop Zetu,Vivo Niari straight leg Pants - Green,Vivo Niari straight leg Pants,V0225011,60053018,V0225011GREM,1
Online - Shop Zetu,Vivo Niari straight leg Pants - Maroon,Vivo Niari straight leg Pants,V0225011,60053011,V0225011MARL,1
Online - Shop Zetu,Vivo Niari straight leg Pants - Maroon,Vivo Niari straight leg Pants,V0225011,60053012,V0225011MAR1X,1
Online - Shop Zetu,Vivo Niari straight leg Pants - Maroon,Vivo Niari straight leg Pants,V0225011,60053009,V0225011MARS,2
Online - Shop Zetu,Vivo Niari straight leg Pants - Maroon,Vivo Niari straight leg Pants,V0225011,60053010,V0225011MARM,2
Online - Shop Zetu,Vivo Niari straight leg Pants - Navy,Vivo Niari straight leg Pants,V0225011,60053124,V0225011NAVS,1
Online - Shop Zetu,Vivo Nora 3/4 Sleeve Peplum Top - Hunters,Vivo Nora 3/4 Sleeve Peplum Top,V0825009,60058541,V0825009HUNM,3
Online - Shop Zetu,Vivo Nora 3/4 Sleeve Peplum Top - Hunters,Vivo Nora 3/4 Sleeve Peplum Top,V0825009,60058542,V0825009HUNL,1
Online - Shop Zetu,Vivo Nora 3/4 Sleeve Peplum Top - Hunters,Vivo Nora 3/4 Sleeve Peplum Top,V0825009,60058540,V0825009HUNS,1
Online - Shop Zetu,Vivo Nora 3/4 Sleeve Peplum Top - Navy,Vivo Nora 3/4 Sleeve Peplum Top,V0825009,60058554,V0825009NAVL,1
Online - Shop Zetu,Vivo Nora 3/4 Sleeve Peplum Top - Navy,Vivo Nora 3/4 Sleeve Peplum Top,V0825009,60058553,V0825009NAVM,1
Online - Shop Zetu,Vivo Nora 3/4 Sleeve Peplum Top - Navy,Vivo Nora 3/4 Sleeve Peplum Top,V0825009,60058552,V0825009NAVS,3
Online - Shop Zetu,Vivo Nora 3/4 Sleeve Peplum Top - Purple,Vivo Nora 3/4 Sleeve Peplum Top,V0825009,60058556,V0825009PURS,1
Online - Shop Zetu,Vivo Nora 3/4 Sleeve Peplum Top - Purple,Vivo Nora 3/4 Sleeve Peplum Top,V0825009,60058558,V0825009PURL,1
Online - Shop Zetu,Vivo Nora 3/4 Sleeve Peplum Top - Red,Vivo Nora 3/4 Sleeve Peplum Top,V0825009,60058548,V0825009REDS,1
Online - Shop Zetu,Vivo Nora 3/4 Sleeve Peplum Top - Red,Vivo Nora 3/4 Sleeve Peplum Top,V0825009,60058550,V0825009REDL,1
Online - Shop Zetu,Vivo Nora 3/4 Sleeve Peplum Top - Red,Vivo Nora 3/4 Sleeve Peplum Top,V0825009,60058549,V0825009REDM,3
Online - Shop Zetu,Vivo Nora 3/4 Sleeve Peplum Top - Taupe,Vivo Nora 3/4 Sleeve Peplum Top,V0825009,60058545,V0825009TAUM,1
Online - Shop Zetu,Vivo Nora 3/4 Sleeve Peplum Top - Taupe,Vivo Nora 3/4 Sleeve Peplum Top,V0825009,60058546,V0825009TAUL,1
Online - Shop Zetu,Vivo Nora 3/4 Sleeve Peplum Top - Taupe,Vivo Nora 3/4 Sleeve Peplum Top,V0825009,60058544,V0825009TAUS,1
Online - Shop Zetu,Vivo Nora Front Pleat Knee Length Dress - Black,Vivo Nora Front Pleat Knee Length Dress,V0825014,60058866,V0825014BLA1X,1
Online - Shop Zetu,Vivo Nora Front Pleat Knee Length Dress - Black,Vivo Nora Front Pleat Knee Length Dress,V0825014,60058863,V0825014BLAS,3
Online - Shop Zetu,Vivo Nora Front Pleat Knee Length Dress - Black,Vivo Nora Front Pleat Knee Length Dress,V0825014,60058864,V0825014BLAM,3
Online - Shop Zetu,Vivo Nora Front Pleat Knee Length Dress - Black,Vivo Nora Front Pleat Knee Length Dress,V0825014,60058865,V0825014BLAL,2
Online - Shop Zetu,Vivo Nora Front Pleat Knee Length Dress - Chocolate,Vivo Nora Front Pleat Knee Length Dress,V0825014,60058887,V0825014CHOS,1
Online - Shop Zetu,Vivo Nora Front Pleat Knee Length Dress - Chocolate,Vivo Nora Front Pleat Knee Length Dress,V0825014,60058890,V0825014CHO1X,1
Online - Shop Zetu,Vivo Nora Front Pleat Knee Length Dress - Dark Red,Vivo Nora Front Pleat Knee Length Dress,V0825014,60058876,V0825014DREM,4
Online - Shop Zetu,Vivo Nora Front Pleat Knee Length Dress - Navy,Vivo Nora Front Pleat Knee Length Dress,V0825014,60058867,V0825014NAVS,2
Online - Shop Zetu,Vivo Nora Front Pleat Knee Length Dress - Navy,Vivo Nora Front Pleat Knee Length Dress,V0825014,60058869,V0825014NAVL,1
Online - Shop Zetu,Vivo Nora Front Pleat Knee Length Dress - Orange,Vivo Nora Front Pleat Knee Length Dress,V0825014,60058880,V0825014ORAM,3
Online - Shop Zetu,Vivo Nora Front Pleat Knee Length Dress - Pink,Vivo Nora Front Pleat Knee Length Dress,V0825014,60058883,V0825014PINS,2
Online - Shop Zetu,Vivo Nora Front Pleat Knee Length Dress - Pink,Vivo Nora Front Pleat Knee Length Dress,V0825014,60058884,V0825014PINM,1
Online - Shop Zetu,Vivo Nora Front Pleat Knee Length Dress - Pink,Vivo Nora Front Pleat Knee Length Dress,V0825014,60058885,V0825014PINL,4
Online - Shop Zetu,Vivo Nora Front Pleat Knee Length Dress - Pink,Vivo Nora Front Pleat Knee Length Dress,V0825014,60058886,V0825014PIN1X,1
Online - Shop Zetu,Vivo Nora Front Pleat Knee Length Dress - Taupe,Vivo Nora Front Pleat Knee Length Dress,V0825014,60058874,V0825014TAU1X,1
Online - Shop Zetu,Vivo Nora Front Pleat Knee Length Dress - Taupe,Vivo Nora Front Pleat Knee Length Dress,V0825014,60058872,V0825014TAUM,1
Online - Shop Zetu,Vivo Nora Front Slit Knee Length Skirt - Hunters,Vivo Nora Front Slit Knee Length Skirt,V0825012,60058522,V0825012HUNL,3
Online - Shop Zetu,Vivo Nora Front Slit Knee Length Skirt - Hunters,Vivo Nora Front Slit Knee Length Skirt,V0825012,60058521,V0825012HUNM,2
Online - Shop Zetu,Vivo Nora Front Slit Knee Length Skirt - Hunters,Vivo Nora Front Slit Knee Length Skirt,V0825012,60058523,V0825012HUN1X,1
Online - Shop Zetu,Vivo Nora Front Slit Knee Length Skirt - Navy,Vivo Nora Front Slit Knee Length Skirt,V0825012,60058533,V0825012NAVM,3
Online - Shop Zetu,Vivo Nora Front Slit Knee Length Skirt - Navy,Vivo Nora Front Slit Knee Length Skirt,V0825012,60058535,V0825012NAV1X,1
Online - Shop Zetu,Vivo Nora Front Slit Knee Length Skirt - Purple,Vivo Nora Front Slit Knee Length Skirt,V0825012,60058538,V0825012PURL,1
Online - Shop Zetu,Vivo Nora Front Slit Knee Length Skirt - Purple,Vivo Nora Front Slit Knee Length Skirt,V0825012,60058539,V0825012PUR1X,1
Online - Shop Zetu,Vivo Nora Front Slit Knee Length Skirt - Red,Vivo Nora Front Slit Knee Length Skirt,V0825012,60058531,V0825012RED1X,1
Online - Shop Zetu,Vivo Nora Front Slit Knee Length Skirt - Red,Vivo Nora Front Slit Knee Length Skirt,V0825012,60058529,V0825012REDM,4
Online - Shop Zetu,Vivo Nora Front Slit Knee Length Skirt - Red,Vivo Nora Front Slit Knee Length Skirt,V0825012,60058528,V0825012REDS,3
Online - Shop Zetu,Vivo Nora Front Slit Knee Length Skirt - Red,Vivo Nora Front Slit Knee Length Skirt,V0825012,60058530,V0825012REDL,3
Online - Shop Zetu,Vivo Nora Front Slit Knee Length Skirt - Taupe,Vivo Nora Front Slit Knee Length Skirt,V0825012,60058524,V0825012TAUS,4
Online - Shop Zetu,Vivo Nora Front Slit Knee Length Skirt - Taupe,Vivo Nora Front Slit Knee Length Skirt,V0825012,60058526,V0825012TAUL,3
Online - Shop Zetu,Vivo Nora Front Slit Knee Length Skirt - Taupe,Vivo Nora Front Slit Knee Length Skirt,V0825012,60058527,V0825012TAU1X,1
Online - Shop Zetu,Vivo Nuru Maxi Kimono - Black,Vivo Nuru Maxi Kimono,V0725020,60060257,V0725020BLAF,1
Online - Shop Zetu,Vivo Nuru Maxi Kimono - Brown,Vivo Nuru Maxi Kimono,V0725020,60060259,V0725020BRNF,4
Online - Shop Zetu,Vivo Nuru Maxi Kimono - Maroon,Vivo Nuru Maxi Kimono,V0725020,60060258,V0725020MARF,5
Online - Shop Zetu,Vivo Nuru Maxi Kimono - Maroon,Vivo Nuru Maxi Kimono,V0725020,60060258,V0725020MARF,1
Online - Shop Zetu,Vivo Pelia Kimono - Black / White Meni Print,Vivo Pelia Kimono,V1024045,60046396,V1024045PR5F,1
Online - Shop Zetu,Vivo Pelia Kimono - Maroon / White Meni Print,Vivo Pelia Kimono,V1024045,60046397,V1024045PR6F,2
Online - Shop Zetu,Vivo Rayon Jersey Slip Dress - Black,Vivo Rayon Jersey Slip Dress,V1025038,60062022,V1025038BLAM,1
Online - Shop Zetu,Vivo Rayon Jersey Slip Dress - Black,Vivo Rayon Jersey Slip Dress,V1025038,60062023,V1025038BLAL,1
Online - Shop Zetu,Vivo Rayon Jersey Slip Dress - Chocolate,Vivo Rayon Jersey Slip Dress,V1025038,60062036,V1025038CHOS,1
Online - Shop Zetu,Vivo Rayon Jersey Slip Dress - Chocolate,Vivo Rayon Jersey Slip Dress,V1025038,60062038,V1025038CHOL,2
Online - Shop Zetu,Vivo Rayon Jersey Slip Dress - Chocolate,Vivo Rayon Jersey Slip Dress,V1025038,60062040,V1025038CHO2X,1
Online - Shop Zetu,Vivo Rayon Jersey Slip Dress - Chocolate,Vivo Rayon Jersey Slip Dress,V1025038,60062037,V1025038CHOM,2
Online - Shop Zetu,Vivo Rayon Jersey Slip Dress - Navy,Vivo Rayon Jersey Slip Dress,V1025038,60062033,V1025038NAVL,2
Online - Shop Zetu,Vivo Rayon Jersey Slip Dress - Navy,Vivo Rayon Jersey Slip Dress,V1025038,60062031,V1025038NAVS,3
Online - Shop Zetu,Vivo Rayon Jersey Slip Dress - Navy,Vivo Rayon Jersey Slip Dress,V1025038,60062035,V1025038NAV2X,2
Online - Shop Zetu,Vivo Rayon Jersey Slip Dress - Navy,Vivo Rayon Jersey Slip Dress,V1025038,60062034,V1025038NAV1X,1
Online - Shop Zetu,Vivo Rayon Jersey Slip Dress - Navy,Vivo Rayon Jersey Slip Dress,V1025038,60062032,V1025038NAVM,3
Online - Shop Zetu,Vivo Rayon Jersey Slip Dress - White,Vivo Rayon Jersey Slip Dress,V1025038,60062026,V1025038WHIS,2
Online - Shop Zetu,Vivo Rayon Jersey Slip Dress - White,Vivo Rayon Jersey Slip Dress,V1025038,60062030,V1025038WHI2X,1
Online - Shop Zetu,Vivo Rayon Jersey Slip Dress - White,Vivo Rayon Jersey Slip Dress,V1025038,60062029,V1025038WHI1X,1
Online - Shop Zetu,Vivo Rayon Jersey Slip Dress - White,Vivo Rayon Jersey Slip Dress,V1025038,60062028,V1025038WHIL,3
Online - Shop Zetu,Vivo Rayon Jersey Slip Dress - White,Vivo Rayon Jersey Slip Dress,V1025038,60062027,V1025038WHIM,1
Online - Shop Zetu,Vivo Reba Gathered Dress - Green / Mustard Eba Print,Vivo Reba Gathered Dress,V0224221,60048518,V0224221PR4S,1
Online - Shop Zetu,Vivo Reba Gathered Dress - Navy / Rust Eba Print,Vivo Reba Gathered Dress,V0224221,60048483,V0224221PR3L,1
Online - Shop Zetu,Vivo Reba Gathered Dress - Navy / Rust Eba Print,Vivo Reba Gathered Dress,V0224221,60048482,V0224221PR3M,1
Online - Shop Zetu,Vivo Reba Gathered Dress - Navy / Rust Eba Print,Vivo Reba Gathered Dress,V0224221,60048481,V0224221PR3S,1
Online - Shop Zetu,Vivo Reba Gathered Dress - Navy / Rust Eba Print,Vivo Reba Gathered Dress,V0224221,60048522,V0224221PR31X,1
Online - Shop Zetu,Vivo Reba Gathered Dress - Tan / Green Eba Print,Vivo Reba Gathered Dress,V0224221,60048916,V0224221PR8M,1
Online - Shop Zetu,Vivo Ria Mock Neck Top - Dark Taupe,Vivo Ria Mock Neck Top,V0725045,60058730,V0725045DATS,1
Online - Shop Zetu,Vivo Ria Mock Neck Top - Fuschia,Vivo Ria Mock Neck Top,V0725045,60058734,V0725045FUSM,1
Online - Shop Zetu,Vivo Ria Mock Neck Top - Fuschia,Vivo Ria Mock Neck Top,V0725045,60058724,V0725045FUSS,2
Online - Shop Zetu,Vivo Ria Mock Neck Top - Grey,Vivo Ria Mock Neck Top,V0725045,60058674,V0725045GRES,1
Online - Shop Zetu,Vivo Ria Mock Neck Top - Grey,Vivo Ria Mock Neck Top,V0725045,60058677,V0725045GRE1X,1
Online - Shop Zetu,Vivo Ria Mock Neck Top - Grey,Vivo Ria Mock Neck Top,V0725045,60058676,V0725045GREL,2
Online - Shop Zetu,Vivo Ria Mock Neck Top - Grey,Vivo Ria Mock Neck Top,V0725045,60058675,V0725045GREM,1
Online - Shop Zetu,Vivo Ria Mock Neck Top - Lilac,Vivo Ria Mock Neck Top,V0725045,60058679,V0725045LILM,1
Online - Shop Zetu,Vivo Ria Mock Neck Top - Lilac,Vivo Ria Mock Neck Top,V0725045,60058680,V0725045LILL,1
Online - Shop Zetu,Vivo Ria Mock Neck Top - Lilac,Vivo Ria Mock Neck Top,V0725045,60058681,V0725045LIL1X,1
Online - Shop Zetu,Vivo Ria Mock Neck Top - Lilac,Vivo Ria Mock Neck Top,V0725045,60058678,V0725045LILS,2
Online - Shop Zetu,Vivo Ria Mock Neck Top - Rust,Vivo Ria Mock Neck Top,V0725045,60058735,V0725045RUSM,1
Online - Shop Zetu,Vivo Ria Mock Neck Top - Rust,Vivo Ria Mock Neck Top,V0725045,60058729,V0725045RUS1X,1
Online - Shop Zetu,Vivo Ria Mock Neck Top - Rust,Vivo Ria Mock Neck Top,V0725045,60058727,V0725045RUSS,1
Online - Shop Zetu,Vivo Ria Mock Neck Top - Rust,Vivo Ria Mock Neck Top,V0725045,60058728,V0725045RUSL,1
Online - Shop Zetu,Vivo Ria Mock Neck Top - Taupe,Vivo Ria Mock Neck Top,V0725045,60058723,V0725045TAU1X,1
Online - Shop Zetu,Vivo Ria Mock Neck Top - Taupe,Vivo Ria Mock Neck Top,V0725045,60058721,V0725045TAUS,1
Online - Shop Zetu,Vivo Ria Mock Neck Top - Taupe,Vivo Ria Mock Neck Top,V0725045,60058722,V0725045TAUL,2
Online - Shop Zetu,Vivo Safa Skirt - Black,Vivo Safa Skirt,V0325007,60058508,V0325007BLAS,2
Online - Shop Zetu,Vivo Safa Skirt - Black,Vivo Safa Skirt,V0325007,60058509,V0325007BLAM,2
Online - Shop Zetu,Vivo Safa Skirt - Black,Vivo Safa Skirt,V0325007,60058511,V0325007BLA1X,1
Online - Shop Zetu,Vivo Safa Skirt - Black,Vivo Safa Skirt,V0325007,60058508,V0325007BLAS,3
Online - Shop Zetu,Vivo Safa Skirt - Burnt Orange,Vivo Safa Skirt,V0325007,60053322,V0325007BORAL,1
Online - Shop Zetu,Vivo Safa Skirt - Dark Taupe,Vivo Safa Skirt,V0325007,60058516,V0325007DTAUS,1
Online - Shop Zetu,Vivo Safa Skirt - Dark Taupe,Vivo Safa Skirt,V0325007,60058517,V0325007DTAUM,1
Online - Shop Zetu,Vivo Safa Skirt - Dark Taupe,Vivo Safa Skirt,V0325007,60058518,V0325007DTAUL,1
Online - Shop Zetu,Vivo Safa Skirt - Fuschia,Vivo Safa Skirt,V0325007,60053312,V0325007FUSS,3
Online - Shop Zetu,Vivo Safa Skirt - Fuschia,Vivo Safa Skirt,V0325007,60053313,V0325007FUSM,2
Online - Shop Zetu,Vivo Safa Skirt - Fuschia,Vivo Safa Skirt,V0325007,60053315,V0325007FUS1X,1
Online - Shop Zetu,Vivo Safa Skirt - Off White,Vivo Safa Skirt,V0325007,60053309,V0325007OWHIM,2
Online - Shop Zetu,Vivo Safa Skirt - Rust,Vivo Safa Skirt,V0325007,60053324,V0325007RUSS,1
Online - Shop Zetu,Vivo Safa Skirt - Taupe,Vivo Safa Skirt,V0325007,60058512,V0325007TAUS,2
Online - Shop Zetu,Vivo Safa Skirt - Taupe,Vivo Safa Skirt,V0325007,60058513,V0325007TAUM,1
Online - Shop Zetu,Vivo Safa Skirt - Taupe,Vivo Safa Skirt,V0325007,60058514,V0325007TAUL,2
Online - Shop Zetu,Vivo Safa Skirt - Taupe,Vivo Safa Skirt,V0325007,60058515,V0325007TAU1X,1
Online - Shop Zetu,Vivo Samira Maxi Kimono - Black / Red Print,Vivo Samira Maxi Kimono,V0525043,60056022,V0525043PR11L/1X,1
Online - Shop Zetu,Vivo Samira Maxi Kimono - Black / Red Print,Vivo Samira Maxi Kimono,V0525043,60056021,V0525043PR11S/M,1
Online - Shop Zetu,Vivo Samira Maxi Kimono - Dark Navy / Gold Print,Vivo Samira Maxi Kimono,V0525043,60056005,V0525043PR3S/M,1
Online - Shop Zetu,Vivo Samira Maxi Kimono - Hunters / Red Print,Vivo Samira Maxi Kimono,V0525043,60056025,V0525043PR13S/M,4
Online - Shop Zetu,Vivo Samira Maxi Kimono - Hunters / Red Print,Vivo Samira Maxi Kimono,V0525043,60056025,V0525043PR13S/M,1
Online - Shop Zetu,Vivo Samira Maxi Kimono - Hunters / Red Print,Vivo Samira Maxi Kimono,V0525043,60056026,V0525043PR13L/1X,2
Online - Shop Zetu,Vivo Seli Strappy Tent Top - Black,Vivo Seli Strappy Tent Top,V0125047,60051221,V0125047BLAM,2
Online - Shop Zetu,Vivo Seli Strappy Tent Top - Black,Vivo Seli Strappy Tent Top,V0125047,60051223,V0125047BLA1X,1
Online - Shop Zetu,Vivo Seli Strappy Tent Top - Black,Vivo Seli Strappy Tent Top,V0125047,60051222,V0125047BLAL,2
Online - Shop Zetu,Vivo Seli Strappy Tent Top - White / Black Esli Print,Vivo Seli Strappy Tent Top,V0125047,60051225,V0125047PR1M,1
Online - Shop Zetu,Vivo Seli Strappy Tent Top - White / Black Esli Print,Vivo Seli Strappy Tent Top,V0125047,60051227,V0125047PR11X,1
Online - Shop Zetu,Vivo Seli Strappy Tent Top - White / Black Esli Print,Vivo Seli Strappy Tent Top,V0125047,60051226,V0125047PR1L,3
Online - Shop Zetu,Vivo Sierra Bishop Sleeve Top - Black / Grey Lipi Print,Vivo Sierra Bishop Sleeve Top,V0121031,60050360,V0121031PR162X,1
Online - Shop Zetu,Vivo Sierra Bishop Sleeve Top - Brown / Yellow Lika Print,Vivo Sierra Bishop Sleeve Top,V0121031,60050364,V0121031PR171X,2
Online - Shop Zetu,Vivo Sierra Bishop Sleeve Top - Brown / Yellow Lika Print,Vivo Sierra Bishop Sleeve Top,V0121031,60050365,V0121031PR172X,2
Online - Shop Zetu,Vivo Sierra Bishop Sleeve Top - Brown / Yellow Lika Print,Vivo Sierra Bishop Sleeve Top,V0121031,60050361,V0121031PR17S,1
Online - Shop Zetu,Vivo Sierra Bishop Sleeve Top - Brown / Yellow Lika Print,Vivo Sierra Bishop Sleeve Top,V0121031,60050362,V0121031PR17M,2
Online - Shop Zetu,Vivo Sierra Bishop Sleeve Top - Brown / Yellow Lika Print,Vivo Sierra Bishop Sleeve Top,V0121031,60050363,V0121031PR17L,2
Online - Shop Zetu,Vivo Studio 2-piece in Mixed Media - Black,Vivo Studio 2-piece in Mixed Media,V0925053,60062434,V0925053BLA1X,1
Online - Shop Zetu,Vivo Studio 2-piece in Mixed Media - Black,Vivo Studio 2-piece in Mixed Media,V0925053,60062431,V0925053BLAS,1
Online - Shop Zetu,Vivo Studio 2-piece in Mixed Media - Black,Vivo Studio 2-piece in Mixed Media,V0925053,60062432,V0925053BLAM,1
Online - Shop Zetu,Vivo Studio 2-piece in Mixed Media - Black,Vivo Studio 2-piece in Mixed Media,V0925053,60062433,V0925053BLAL,2
Online - Shop Zetu,Vivo Studio 2-piece in Mixed Media - Burgundy,Vivo Studio 2-piece in Mixed Media,V0925053,60062428,V0925053BURL,1
Online - Shop Zetu,Vivo Studio 2-piece in Mixed Media - Burgundy,Vivo Studio 2-piece in Mixed Media,V0925053,60062429,V0925053BUR1X,1
Online - Shop Zetu,Vivo Studio 2-piece in Mixed Media - Burgundy,Vivo Studio 2-piece in Mixed Media,V0925053,60062426,V0925053BURS,1
Online - Shop Zetu,Vivo Studio 2-piece in Mixed Media - Burgundy,Vivo Studio 2-piece in Mixed Media,V0925053,60062429,V0925053BUR1X,1
Online - Shop Zetu,Vivo Studio 2-piece in Mixed Media - Burgundy,Vivo Studio 2-piece in Mixed Media,V0925053,60062427,V0925053BURM,1
Online - Shop Zetu,Vivo Studio 2-piece in Mixed Media - Orange,Vivo Studio 2-piece in Mixed Media,V0925053,60062439,V0925053ORA1X,2
Online - Shop Zetu,Vivo Studio 2-piece in Mixed Media - Orange,Vivo Studio 2-piece in Mixed Media,V0925053,60062436,V0925053ORAS,4
Online - Shop Zetu,Vivo Studio 2-piece in Mixed Media - Orange,Vivo Studio 2-piece in Mixed Media,V0925053,60062438,V0925053ORAL,3
Online - Shop Zetu,Vivo Studio 2-piece in Mixed Media - Orange,Vivo Studio 2-piece in Mixed Media,V0925053,60062439,V0925053ORA1X,1
Online - Shop Zetu,Vivo Studio 2-piece in Mixed Media - Orange,Vivo Studio 2-piece in Mixed Media,V0925053,60062437,V0925053ORAM,2
Online - Shop Zetu,Vivo Studio 2-piece in Mixed Media- Hunters Green,Vivo Studio 2-piece in Mixed Media,V0925053,60062441,V0925053HGRNS,2
Online - Shop Zetu,Vivo Studio 2-piece in Mixed Media- Hunters Green,Vivo Studio 2-piece in Mixed Media,V0925053,60062443,V0925053HGRNL,1
Online - Shop Zetu,Vivo Studio 2-piece in Mixed Media- Hunters Green,Vivo Studio 2-piece in Mixed Media,V0925053,60062444,V0925053HGRN1X,1
Online - Shop Zetu,Vivo Studio 2-piece in Mixed Media- Hunters Green,Vivo Studio 2-piece in Mixed Media,V0925053,60062444,V0925053HGRN1X,1
Online - Shop Zetu,Vivo Studio 2-piece in Mixed Media- Hunters Green,Vivo Studio 2-piece in Mixed Media,V0925053,60062442,V0925053HGRNM,2
Online - Shop Zetu,Vivo Studio Longline Shorts in Crepe - Black Stripes,Vivo Studio Longline Shorts in Crepe,V1225011,60065122,V1225011PR4L,1
Online - Shop Zetu,Vivo Studio Longline Shorts in Crepe - Black Stripes,Vivo Studio Longline Shorts in Crepe,V1225011,60065119,V1225011PR4XS,2
Online - Shop Zetu,Vivo Studio Longline Shorts in Crepe - Black Stripes,Vivo Studio Longline Shorts in Crepe,V1225011,60065120,V1225011PR4S,2
Online - Shop Zetu,Vivo Studio Longline Shorts in Crepe - Black Stripes,Vivo Studio Longline Shorts in Crepe,V1225011,60065121,V1225011PR4M,1
Online - Shop Zetu,Vivo Studio Longline Shorts in Crepe - Black Stripes,Vivo Studio Longline Shorts in Crepe,V1225011,60065122,V1225011PR4L,1
Online - Shop Zetu,Vivo Studio Longline Shorts in Crepe - Black Stripes,Vivo Studio Longline Shorts in Crepe,V1225011,60065123,V1225011PR41X,1
Online - Shop Zetu,Vivo Studio Longline Shorts in Crepe - Lilac Stripes,Vivo Studio Longline Shorts in Crepe,V1225011,60065109,V1225011PR2XS,1
Online - Shop Zetu,Vivo Studio Longline Shorts in Crepe - Lilac Stripes,Vivo Studio Longline Shorts in Crepe,V1225011,60065110,V1225011PR2S,2
Online - Shop Zetu,Vivo Studio Longline Shorts in Crepe - Lilac Stripes,Vivo Studio Longline Shorts in Crepe,V1225011,60065111,V1225011PR2M,2
Online - Shop Zetu,Vivo Studio Longline Shorts in Crepe - Lilac Stripes,Vivo Studio Longline Shorts in Crepe,V1225011,60065112,V1225011PR2L,3
Online - Shop Zetu,Vivo Studio Longline Shorts in Crepe - Lilac Stripes,Vivo Studio Longline Shorts in Crepe,V1225011,60065113,V1225011PR21X,1
Online - Shop Zetu,Vivo Studio Longline Shorts in Crepe - Maroon Stripes,Vivo Studio Longline Shorts in Crepe,V1225011,60065105,V1225011PR1S,1
Online - Shop Zetu,Vivo Studio Longline Shorts in Crepe - Maroon Stripes,Vivo Studio Longline Shorts in Crepe,V1225011,60065104,V1225011PR1XS,1
Online - Shop Zetu,Vivo Studio Longline Shorts in Crepe - Maroon Stripes,Vivo Studio Longline Shorts in Crepe,V1225011,60065108,V1225011PR11X,1
Online - Shop Zetu,Vivo Studio Longline Shorts in Crepe - Maroon Stripes,Vivo Studio Longline Shorts in Crepe,V1225011,60065107,V1225011PR1L,1
Online - Shop Zetu,Vivo Studio Longline Shorts in Crepe - Maroon Stripes,Vivo Studio Longline Shorts in Crepe,V1225011,60065106,V1225011PR1M,2
Online - Shop Zetu,Vivo Studio Longline Shorts in Crepe - Navy Stripes,Vivo Studio Longline Shorts in Crepe,V1225011,60065125,V1225011PR5S,2
Online - Shop Zetu,Vivo Studio Longline Shorts in Crepe - Navy Stripes,Vivo Studio Longline Shorts in Crepe,V1225011,60065124,V1225011PR5XS,2
Online - Shop Zetu,Vivo Studio Longline Shorts in Crepe - Navy Stripes,Vivo Studio Longline Shorts in Crepe,V1225011,60065128,V1225011PR51X,1
Online - Shop Zetu,Vivo Studio Longline Shorts in Crepe - Navy Stripes,Vivo Studio Longline Shorts in Crepe,V1225011,60065127,V1225011PR5L,1
Online - Shop Zetu,Vivo Studio Longline Shorts in Crepe - Navy Stripes,Vivo Studio Longline Shorts in Crepe,V1225011,60065126,V1225011PR5M,1
Online - Shop Zetu,Vivo Studio Longline Shorts in Crepe - Olive Stripes,Vivo Studio Longline Shorts in Crepe,V1225011,60065114,V1225011PR3XS,1
Online - Shop Zetu,Vivo Studio Longline Shorts in Crepe - Olive Stripes,Vivo Studio Longline Shorts in Crepe,V1225011,60065118,V1225011PR31X,1
Online - Shop Zetu,Vivo Studio Longline Shorts in Crepe - Olive Stripes,Vivo Studio Longline Shorts in Crepe,V1225011,60065117,V1225011PR3L,1
Online - Shop Zetu,Vivo Studio Longline Shorts in Crepe - Olive Stripes,Vivo Studio Longline Shorts in Crepe,V1225011,60065116,V1225011PR3M,1
Online - Shop Zetu,Vivo Studio Longline Shorts in Crepe - Olive Stripes,Vivo Studio Longline Shorts in Crepe,V1225011,60065115,V1225011PR3S,1
Online - Shop Zetu,Vivo Tahisa Straight Leg Pants - Blue,Vivo Tahisa Straight Leg Pants,V1124102,60055048,V1124102BLU1X,1
Online - Shop Zetu,Vivo Tahisa Straight Leg Pants - Blue,Vivo Tahisa Straight Leg Pants,V1124102,60055045,V1124102BLUS,2
Online - Shop Zetu,Vivo Tahisa Straight Leg Pants - Blue,Vivo Tahisa Straight Leg Pants,V1124102,60055047,V1124102BLUL,1
Online - Shop Zetu,Vivo Tahisa Straight Leg Pants - Blue,Vivo Tahisa Straight Leg Pants,V1124102,60055046,V1124102BLUM,1
Online - Shop Zetu,Vivo Tahisa Straight Leg Pants - Dark Olive,Vivo Tahisa Straight Leg Pants,V1124102,60052595,V1124102DAOS,1
Online - Shop Zetu,Vivo Tahisa Straight Leg Pants - Navy,Vivo Tahisa Straight Leg Pants,V1124102,60055042,V1124102NAVM,2
Online - Shop Zetu,Vivo Tahisa Straight Leg Pants - Navy,Vivo Tahisa Straight Leg Pants,V1124102,60055044,V1124102NAV1X,1
Online - Shop Zetu,Vivo Tahisa Straight Leg Pants - Navy,Vivo Tahisa Straight Leg Pants,V1124102,60055041,V1124102NAVS,2
Online - Shop Zetu,Vivo Tahisa Straight Leg Pants - Navy,Vivo Tahisa Straight Leg Pants,V1124102,60055043,V1124102NAVL,1
Online - Shop Zetu,Vivo Tahisa Straight Leg Pants - Orange,Vivo Tahisa Straight Leg Pants,V1124102,60052591,V1124102ORAM,1
Online - Shop Zetu,Vivo Tahisa Straight Leg Pants -Dark Green,Vivo Tahisa Straight Leg Pants,V1124102,60052573,V1124102DAG1X,1
Online - Shop Zetu,Vivo Tahisa Straight Leg Pants -Dark Green,Vivo Tahisa Straight Leg Pants,V1124102,60052571,V1124102DAGM,1
Online - Shop Zetu,Vivo Tahisa Straight Leg Pants -Dark Green,Vivo Tahisa Straight Leg Pants,V1124102,60052572,V1124102DAGL,1
Online - Shop Zetu,Vivo Tahisa Straight Leg Pants -Light Olive,Vivo Tahisa Straight Leg Pants,V1124102,60052575,V1124102LIOS,1
Online - Shop Zetu,Vivo Tahisa Straight Leg Pants -Light Olive,Vivo Tahisa Straight Leg Pants,V1124102,60052578,V1124102LIO1X,1
Online - Shop Zetu,Vivo Tahisa Straight Leg Pants -Light Olive,Vivo Tahisa Straight Leg Pants,V1124102,60052576,V1124102LIOM,2
Online - Shop Zetu,Vivo Tahisa Straight Leg Pants -Midnight Blue,Vivo Tahisa Straight Leg Pants,V1124102,60052565,V1124102MIDBS,1
Online - Shop Zetu,Vivo Tana Puff Sleeve Bodysuit - Chocolate Brown,Vivo Tana Puff Sleeve Bodysuit,V0822077,60056902,V0822077CHBM,1
Online - Shop Zetu,Vivo Tana Puff Sleeve Bodysuit - Chocolate Brown,Vivo Tana Puff Sleeve Bodysuit,V0822077,60056905,V0822077CHB2X,1
Online - Shop Zetu,Vivo Tana Puff Sleeve Bodysuit - Chocolate Brown,Vivo Tana Puff Sleeve Bodysuit,V0822077,60056904,V0822077CHB1X,2
Online - Shop Zetu,Vivo Tana Puff Sleeve Bodysuit - Chocolate Brown,Vivo Tana Puff Sleeve Bodysuit,V0822077,60056903,V0822077CHBL,3
Online - Shop Zetu,Vivo Tana Puff Sleeve Bodysuit - Chocolate Brown,Vivo Tana Puff Sleeve Bodysuit,V0822077,60056901,V0822077CHBS,1
Online - Shop Zetu,Vivo Tana Puff Sleeve Bodysuit - Dark Green,Vivo Tana Puff Sleeve Bodysuit,V0822077,60010070,V0822077DGNXL,1
Online - Shop Zetu,Vivo Tana Puff Sleeve Bodysuit - Dark Green,Vivo Tana Puff Sleeve Bodysuit,V0822077,60010067,V0822077DGNS,1
Online - Shop Zetu,Vivo Tana Puff Sleeve Bodysuit - Dark Green,Vivo Tana Puff Sleeve Bodysuit,V0822077,60010069,V0822077DGNL,3
Online - Shop Zetu,Vivo Tana Puff Sleeve Bodysuit - Red,Vivo Tana Puff Sleeve Bodysuit,V0822077,60020987,V0822077REDXL,2
Online - Shop Zetu,Vivo Tana Puff Sleeve Bodysuit - Red,Vivo Tana Puff Sleeve Bodysuit,V0822077,60020984,V0822077REDS,2
Online - Shop Zetu,Vivo Tana Puff Sleeve Bodysuit - Red,Vivo Tana Puff Sleeve Bodysuit,V0822077,60020985,V0822077REDM,1
Online - Shop Zetu,Vivo Tana Puff Sleeve Bodysuit - Red,Vivo Tana Puff Sleeve Bodysuit,V0822077,60020986,V0822077REDL,2
Online - Shop Zetu,Vivo Tana Puff Sleeve Bodysuit - Yellow,Vivo Tana Puff Sleeve Bodysuit,V0822077,60026590,V0822077YEL4X,1
Online - Shop Zetu,Vivo Tana Puff Sleeve Bodysuit In Jersey - Dark Green,Vivo Tana Puff Sleeve Bodysuit,V0822077,60064351,V0822077DGN2X,1
Online - Shop Zetu,Vivo Tana Puff Sleeve Bodysuit In Jersey - Red,Vivo Tana Puff Sleeve Bodysuit,V0822077,60064349,V0822077RED2X,2
Online - Shop Zetu,Vivo Tana Puff Sleeve Bodysuit In Jersey- Navy Blue,Vivo Tana Puff Sleeve Bodysuit,V0822077,60015829,V0822077NABS,2
Online - Shop Zetu,Vivo Tana Puff Sleeve Bodysuit In Jersey- Navy Blue,Vivo Tana Puff Sleeve Bodysuit,V0822077,60015830,V0822077NABM,1
Online - Shop Zetu,Vivo Tana Puff Sleeve Bodysuit In Jersey- Navy Blue,Vivo Tana Puff Sleeve Bodysuit,V0822077,60015831,V0822077NABL,2
Online - Shop Zetu,Vivo Tana Puff Sleeve Bodysuit In Jersey- Navy Blue,Vivo Tana Puff Sleeve Bodysuit,V0822077,60015832,V0822077NABXL,1
Online - Shop Zetu,Vivo Waridi Sleeveless Overcoat - Black,Vivo Waridi Sleeveless Overcoat,V1020056,50012822,V1020056BLAS,2
Online - Shop Zetu,Vivo Waridi Sleeveless Overcoat - Burgundy - BURGUNDY / 1020056 / L,Vivo Waridi Sleeveless Overcoat,V1020056,,1020056BURL,1
Online - Shop Zetu,Vivo Waridi Sleeveless Overcoat - Burgundy - BURGUNDY / 1020056 / M,Vivo Waridi Sleeveless Overcoat,V1020056,,1020056BURM,1
Online - Shop Zetu,Vivo Waridi Sleeveless Overcoat - Dark Teal,Vivo Waridi Sleeveless Overcoat,V1020056,60033880,V1020056DTEAL,1
Online - Shop Zetu,Vivo Waridi Sleeveless Overcoat - Dark Teal,Vivo Waridi Sleeveless Overcoat,V1020056,60056115,V1020056DTEA2X,1
Online - Shop Zetu,Vivo Waridi Sleeveless Overcoat - Dark Teal,Vivo Waridi Sleeveless Overcoat,V1020056,60033879,V1020056DTEAM,1
Online - Shop Zetu,Vivo Waridi Sleeveless Overcoat - Dark Teal,Vivo Waridi Sleeveless Overcoat,V1020056,60033881,V1020056DTEA1X,1
Online - Shop Zetu,Vivo Waridi Sleeveless Overcoat - Navy Blue,Vivo Waridi Sleeveless Overcoat,V1020056,40017073,V1020056NABL,2
Online - Shop Zetu,Vivo Waridi Sleeveless Overcoat - Navy Blue,Vivo Waridi Sleeveless Overcoat,V1020056,40017071,V1020056NABS,1
Online - Shop Zetu,Vivo Waridi Sleeveless Overcoat - Navy Blue,Vivo Waridi Sleeveless Overcoat,V1020056,40017071,V1020056NABS,4
Online - Shop Zetu,Vivo Waridi Sleeveless Overcoat - Navy Blue,Vivo Waridi Sleeveless Overcoat,V1020056,40017072,V1020056NABM,1
Online - Shop Zetu,Vivo Waridi Sleeveless Overcoat - Wine Red,Vivo Waridi Sleeveless Overcoat,V1020056,60052763,V1020056WREDS,1
Online - Shop Zetu,Vivo X This Is Essential Raceback Bralette - Black,Vivo X This Is Essential Raceback Bralette,V0424116,60035802,V0424116BLAXXS,1
Online - Shop Zetu,Vivo X This Is Essential Raceback Bralette - Black,Vivo X This Is Essential Raceback Bralette,V0424116,60035808,V0424116BLA2X,1
Online - Shop Zetu,Vivo X This Is Essential Raceback Bralette - Navy Blue,Vivo X This Is Essential Raceback Bralette,V0424116,60035813,V0424116NABS,1
Online - Shop Zetu,Vivo X This Is Essential Raceback Bralette - Navy Blue,Vivo X This Is Essential Raceback Bralette,V0424116,60035816,V0424116NAB1X,1
Online - Shop Zetu,Vivo Yene Wide Leg Pants - Black,Vivo Yene Wide Leg Pants,V1124138,60051311,V1124138BLAS,2
Online - Shop Zetu,Vivo Yene Wide Leg Pants - Black,Vivo Yene Wide Leg Pants,V1124138,60051313,V1124138BLAL,1
Online - Shop Zetu,Vivo Yene Wide Leg Pants - Hot Pink,Vivo Yene Wide Leg Pants,V1124138,60051182,V1124138HOPM,1
Online - Shop Zetu,Vivo Yene Wide Leg Pants - Hot Pink,Vivo Yene Wide Leg Pants,V1124138,60051182,V1124138HOPM,2
Online - Shop Zetu,Vivo Yene Wide Leg Pants - Light Teal,Vivo Yene Wide Leg Pants,V1124138,60051185,V1124138LIGTS,1
Online - Shop Zetu,Vivo Yene Wide Leg Pants - Light Teal,Vivo Yene Wide Leg Pants,V1124138,60051188,V1124138LIGT1X,1
Online - Shop Zetu,Vivo Yene Wide Leg Pants - Light Teal,Vivo Yene Wide Leg Pants,V1124138,60051185,V1124138LIGTS,3
Online - Shop Zetu,Vivo Yene Wide Leg Pants - Navy Blue,Vivo Yene Wide Leg Pants,V1124138,60051174,V1124138NABM,1
Online - Shop Zetu,Vivo Yene Wide Leg Pants - Navy Blue,Vivo Yene Wide Leg Pants,V1124138,60051173,V1124138NABS,1
Online - Shop Zetu,Vivo Yene Wide Leg Pants - Olive,Vivo Yene Wide Leg Pants,V1124138,60055142,V1124138OLIM,1
Online - Shop Zetu,Vivo Yene Wide Leg Pants - Purple,Vivo Yene Wide Leg Pants,V1124138,60055146,V1124138PURM,1
Online - Shop Zetu,Vivo Yene Wide Leg Pants - Purple,Vivo Yene Wide Leg Pants,V1124138,60055145,V1124138PURS,1
Online - Shop Zetu,Vivo Yene Wide Leg Pants - Purple,Vivo Yene Wide Leg Pants,V1124138,60055147,V1124138PURL,2
Online - Shop Zetu,Vivo Yene Wide Leg Pants - Purple,Vivo Yene Wide Leg Pants,V1124138,60055147,V1124138PURL,1
Online - Shop Zetu,Vivo Yene Wide Leg Pants - White,Vivo Yene Wide Leg Pants,V1124138,60051178,V1124138WHTM,1
Online - Shop Zetu,Vivo Zahari Sweatheart Neck Jumpsuit - Green / Black Print,Vivo Zahari Sweatheart Neck Jumpsuit,V0623013,60056120,V0623013PR31X,1
Online - Shop Zetu,Vivo Zahari Sweatheart Neck Jumpsuit - Maroon / Black Print,Vivo Zahari Sweatheart Neck Jumpsuit,V0623013,60056121,V0623013PR4S,1
Online - Shop Zetu,Vivo Zahari Sweatheart Neck Jumpsuit - Taupe / White Print,Vivo Zahari Sweatheart Neck Jumpsuit,V0623013,60056127,V0623013PR5L,1
Online - Shop Zetu,Vivo Zahari Sweatheart Neck Jumpsuit - Taupe / White Print,Vivo Zahari Sweatheart Neck Jumpsuit,V0623013,60056126,V0623013PR5M,1
Retired Stock,Safari Bush Drop Shoulder Long Sleeve Top - Hunters Green,Safari Bush Drop Shoulder Long Sleeve Top,S0424064,60037938,S0424064HGN1X/2X,4
Retired Stock,Safari Bush Drop Shoulder Long Sleeve Top - Mustard,Safari Bush Drop Shoulder Long Sleeve Top,S0424064,60037940,S0424064MUSM/L,8
Retired Stock,Safari Bush Drop Shoulder Long Sleeve Top - Mustard,Safari Bush Drop Shoulder Long Sleeve Top,S0424064,60037941,S0424064MUS1X/2X,4
Retired Stock,Safari Bush Drop Shoulder Long Sleeve Top - Mustard,Safari Bush Drop Shoulder Long Sleeve Top,S0424064,60037939,S0424064MUSXS/S,5
Retired Stock,Safari By Vivo Mens Cotton Long Sleeve Shirt - White / Navy Print,Safari By Vivo Mens Cotton Long Sleeve Shirt,S0925062,60060670,S0925062PR1M,2
Retired Stock,Safari By Vivo Mens Cotton Long Sleeve Shirt - White / Navy Print,Safari By Vivo Mens Cotton Long Sleeve Shirt,S0925062,60060669,S0925062PR1S,1
Retired Stock,Safari By Vivo Mens Cotton Long Sleeve Shirt - White / Navy Print,Safari By Vivo Mens Cotton Long Sleeve Shirt,S0925062,60060672,S0925062PR11X,1
Retired Stock,Safari By Vivo Mens Cotton Short Sleeve Shirt - White / Black Print,Safari By Vivo Mens Cotton Short Sleeve Shirt,S0925060,60060531,S0925060PR1M,4
Retired Stock,Safari Chui Cropped Jacket - White Cloud,Safari Chui Cropped Jacket,S1024007,60047042,S1024007WCLO1X,2
Retired Stock,Safari Chui Lined Jacket - White Cloud,Safari Chui Lined Jacket,S1024005,60047579,S1024005WHICS,2
Retired Stock,Safari Chui Lined Jacket - White Cloud,Safari Chui Lined Jacket,S1024005,60047582,S1024005WHIC1X,3
Retired Stock,Safari Chui Lined Jacket - White Cloud,Safari Chui Lined Jacket,S1024005,60048361,S1024005WHICXS,1
Retired Stock,Safari Kamari Capri Cargo Pants - White,Safari Kamari Capri Cargo Pants,S0224195,60035281,S0224195WHIM,2
Retired Stock,Safari Kamari Capri Cargo Pants - White,Safari Kamari Capri Cargo Pants,S0224195,60035280,S0224195WHIS,2
Retired Stock,Safari Kamari Drop Shoulder Top - Hunters Green,Safari Kamari Drop Shoulder Top,S0224189,60034990,S0224189HGN1X/2X,3
Retired Stock,Safari Kamari Front Slit Midi Skirt - Navy,Safari Kamari Front Slit Midi Skirt,S0424080,60044532,S0424080NAVL,2
Retired Stock,Safari Kamari Front Slit Midi Skirt - Navy,Safari Kamari Front Slit Midi Skirt,S0424080,60044533,S0424080NAV1X,1
Retired Stock,Safari Kamari Front Slit Midi Skirt - Navy,Safari Kamari Front Slit Midi Skirt,S0424080,60044531,S0424080NAVM,1
Retired Stock,Safari Kamari Front Slit Midi Skirt - White Cloud,Safari Kamari Front Slit Midi Skirt,S0424080,60038071,S0424080WHCM,1
Retired Stock,Safari Kamari Front Slit Midi Skirt - White Cloud,Safari Kamari Front Slit Midi Skirt,S0424080,60038072,S0424080WHCL,5
Retired Stock,Safari Kamari Front Slit Midi Skirt - White Cloud,Safari Kamari Front Slit Midi Skirt,S0424080,60038073,S0424080WHC1X,1
Retired Stock,Safari Kamari Long Sleeve Drawstring Shacket - Black,Safari Kamari Long Sleeve Drawstring Shacket,S0224181,60034993,S0224181BLAXS/S,2
Retired Stock,Safari Kamari Long Sleeve Drawstring Shacket - Hunters Green,Safari Kamari Long Sleeve Drawstring Shacket,S0224181,60034997,S0224181HGNXS/S,6
Retired Stock,Safari Kamari Long Sleeve Drawstring Shacket - Navy Blue,Safari Kamari Long Sleeve Drawstring Shacket,S0224181,60035002,S0224181NABM/L,1
Retired Stock,Safari Bush Cropped Short Sleeve Shacket - Gold,Safari Kamari Ribbed Top,S0424073,60038484,S0424073GOL1X/2X,2
Retired Stock,Safari Kamari Ribbed Top - Beige,Safari Kamari Ribbed Top,S0424073,60037651,S0424073BEIXS,1
Retired Stock,Safari Kamari Ribbed Top - Beige,Safari Kamari Ribbed Top,S0424073,60037657,S0424073BEI3X,2
Retired Stock,Safari Kamari Ribbed Top - Hunters Green,Safari Kamari Ribbed Top,S0424073,60037665,S0424073HGN3X,3
Retired Stock,Safari Kamari Ribbed Top - Hunters Green,Safari Kamari Ribbed Top,S0424073,60037666,S0424073HGN4X,3
Retired Stock,Safari Mali Bishop Sleeve Shirt Dress - Khaki,Safari Mali Bishop Sleeve Shirt Dress,S0223180,60039161,S0223180KHAL,1
Retired Stock,Safari Mali Bishop Sleeve Shirt Dress - Khaki,Safari Mali Bishop Sleeve Shirt Dress,S0223180,60039162,S0223180KHA1X,1
Retired Stock,Safari Mali Bishop Sleeve Shirt Dress - Khaki,Safari Mali Bishop Sleeve Shirt Dress,S0223180,60039160,S0223180KHAM,3
Retired Stock,Safari Mali Bishop Sleeve Tent Dress - Black,Safari Mali Bishop Sleeve Tent Dress,S0223179,60029812,S0223179BLAL,1
Retired Stock,Safari Mali Bishop Sleeve Tent Dress - Teal,Safari Mali Bishop Sleeve Tent Dress,S0223179,60038900,S0223179TEA1X,1
Retired Stock,Safari Mara Shirred Bishop Sleeve Dress - Coral,Safari Mara Shirred Bishop Sleeve Dress,S1022008,60053117,S1022008CORM,1
Retired Stock,Safari Mara Shirred Bishop Sleeve Dress - Mustard,Safari Mara Shirred Bishop Sleeve Dress,S1022008,60026330,S1022008MUSM,2
Retired Stock,Safari Mara Shirred Bishop Sleeve Dress - Mustard,Safari Mara Shirred Bishop Sleeve Dress,S1022008,60026329,S1022008MUSS,2
Retired Stock,Safari Mara Shirred Bishop Sleeve Dress - Taupe,Safari Mara Shirred Bishop Sleeve Dress,S1022008,60015787,S1022008TAUL,1
Retired Stock,Safari Mara Shirred Bishop Sleeve Dress - Taupe,Safari Mara Shirred Bishop Sleeve Dress,S1022008,60015786,S1022008TAUM,1
Retired Stock,Safari Men's Bomber Jacket - Dark Grey,Safari Men's Bomber Jacket,S0424035,60037670,S0424035DGRYL,3
Retired Stock,Safari Men's Bomber Jacket - Dark Grey,Safari Men's Bomber Jacket,S0424035,60037669,S0424035DGRYM,3
Retired Stock,Safari Men's Bomber Jacket - Dark Grey,Safari Men's Bomber Jacket,S0424035,60037671,S0424035DGRY1X,1
Retired Stock,Safari Men's Bomber Jacket - Dark Grey,Safari Men's Bomber Jacket,S0424035,60037668,S0424035DGRYS,1
Retired Stock,Safari Men's Bomber Jacket - Light Grey,Safari Men's Bomber Jacket,S0424035,60037673,S0424035LGRYM,1
Retired Stock,Safari Men's Cargo Pants - Dark Grey,Safari Men's Cargo Pants,S0424047,60035967,S0424047DGRY1X,1
Retired Stock,Safari Men's Cargo Pants - Dark Grey,Safari Men's Cargo Pants,S0424047,60035965,S0424047DGRYM,3
Retired Stock,Safari Men's Chinese Collar Long Sleeve Shirt - Coral,Safari Men's Chinese Collar Long Sleeve Shirt,S0424039,60036659,S0424039CORM,3
Retired Stock,Safari Men's Chinese Collar Long Sleeve Shirt - Grey Stripped,Safari Men's Chinese Collar Long Sleeve Shirt,S0423039,60035683,S0423039GRYM,1
Retired Stock,Safari Men's Chinese Collar Long Sleeve Shirt - Grey Stripped,Safari Men's Chinese Collar Long Sleeve Shirt,S0423039,60035685,S0423039GRY1X,1
Retired Stock,Safari Men's Long Sleeve Shirt - Denim Blue,Safari Men's Long Sleeve Shirt,S0424145,60035691,S0424145DMBLUS,2
Retired Stock,Safari Men's Long Sleeve Shirt - Denim Blue,Safari Men's Long Sleeve Shirt,S0424145,60035693,S0424145DMBLUL,1
Retired Stock,Safari Men's Long Sleeve Shirt - Khaki,Safari Men's Long Sleeve Shirt,S0424145,60035696,S0424145KHAM,1
Retired Stock,Safari Men's Shacket - Khaki Grey,Safari Men's Shacket,S0424037,60035711,S0424037KHGRY1X,1
Retired Stock,Safari Men's Short Sleeve Shirt - Black / Chari Print,Safari Men's Short Sleeve Shirt,S0424198,60037887,S0424198PR63X,1
Retired Stock,Safari Men's Short Sleeve Shirt - Black / Tana Print,Safari Men's Short Sleeve Shirt,S0424198,60037895,S0424198PR54X,1
Retired Stock,Safari Men's Short Sleeve Shirt - White / Chari Print,Safari Men's Short Sleeve Shirt,S0424198,60037909,S0424198PR13X,2
Retired Stock,Safari Naledi Gathered Panel Maxi Skirt - Navy,Safari Naledi Gathered Panel Maxi Skirt,S0325065,60055220,S0325065NAVF,2
Retired Stock,Safari Naledi Gathered Panel Maxi Skirt - Pink,Safari Naledi Gathered Panel Maxi Skirt,S0325065,60055183,S0325065PINF,7
Retired Stock,Safari Njano Men's Easy Fit Kitenge Pants - Black / Brown Print,Safari Njano Men's Easy Fit Kitenge Pants,S0925045,60060685,S0925045PR2S,1
Retired Stock,Safari Njano Men's Easy Fit Kitenge Pants - Black / Brown Print,Safari Njano Men's Easy Fit Kitenge Pants,S0925045,60060686,S0925045PR2M,2
Retired Stock,Safari Njano Men's Easy Fit Kitenge Pants - Black / Dark Teal Print,Safari Njano Men's Easy Fit Kitenge Pants,S0925045,60060681,S0925045PR1S,2
Retired Stock,Safari Njano Men's Easy Fit Kitenge Pants - Black / Dark Teal Print,Safari Njano Men's Easy Fit Kitenge Pants,S0925045,60060683,S0925045PR1L,1
Retired Stock,Safari Njano Men's Easy Fit Kitenge Pants - Black / Dark Teal Print,Safari Njano Men's Easy Fit Kitenge Pants,S0925045,60060682,S0925045PR1M,2
Retired Stock,Safari Njano Men's Easy Fit Pants - Hunters Green,Safari Njano Men's Easy Fit Pants,S0824028,60044509,S0824028HGNM,1
Retired Stock,Safari Njano Men's Easy Fit Pants - Rust,Safari Njano Men's Easy Fit Pants,S0824028,60044513,S0824028RUSM,1
Retired Stock,Safari Njano Men's Easy Fit Pants - Rust,Safari Njano Men's Easy Fit Pants,S0824028,60044515,S0824028RUS1X,1
Retired Stock,Safari Njano Men's Easy Fit Pants - Rust,Safari Njano Men's Easy Fit Pants,S0824028,60044514,S0824028RUSL,1
Retired Stock,Safari Savannah Kitenge  Midi Wrap Dress - Sipo Print,Safari Savannah Kitenge Midi Wrap Dress,S0824067,60042868,S0824067PR31X,1
Retired Stock,Safari Sizani Men's Kitenge Tuxedo Shirt - Black,Safari Sizani Men's Kitenge Tuxedo Shirt,S1124151,60049598,S1124151PR11X,1
Retired Stock,Safari Sizani Men's Kitenge Tuxedo Shirt - Black,Safari Sizani Men's Kitenge Tuxedo Shirt,S1124151,60049595,S1124151PR1S,2
Retired Stock,Safari Spaghetti Tank Top - Dark Taupe,Safari Spaghetti Tank Top,S0424062,60035313,S0424062DTAUM/L,1
Retired Stock,Safari Spaghetti Tank Top - Dark Taupe,Safari Spaghetti Tank Top,S0424062,60035315,S0424062DTAU3X/4X,1
Retired Stock,Safari Spaghetti Tank Top - Dark Taupe,Safari Spaghetti Tank Top,S0424062,60035314,S0424062DTAU1X/2X,3
Retired Stock,Safari Spaghetti Tank Top - Light Taupe,Safari Spaghetti Tank Top,S0424062,60035318,S0424062LTAU1X/2X,6
Retired Stock,Safari Tafari Shorts - Dafi Print,Safari Tafari Shorts,S0925046,60060974,S0925046PR9M,1
Retired Stock,Safari Tafari Shorts - Dark Navy Asili Print,Safari Tafari Shorts,S0925046,60060950,S0925046PR3M,1
Retired Stock,Safari Tafari Shorts - Laka Print,Safari Tafari Shorts,S0925046,60060966,S0925046PR7M,1
Retired Stock,Safari Tafari Shorts - Lusi Print,Safari Tafari Shorts,S0925046,60060947,S0925046PR2L,1
Retired Stock,Safari Tafari Shorts - Selvi Print,Safari Tafari Shorts,S0925046,60060970,S0925046PR8M,1
Retired Stock,Safari Tafari Shorts - Shan Print,Safari Tafari Shorts,S0925046,60060978,S0925046PR10M,2
Retired Stock,Safari Tafari Wrap Top - Cheli Print,Safari Tafari Wrap Top,S1025031,60060637,S1025031PR1L/1X,1
Retired Stock,Safari Tafari Wrap Top - Cheli Print,Safari Tafari Wrap Top,S1025031,60060636,S1025031PR1S/M,2
Retired Stock,Safari Tafari Wrap Top - Karanga Print,Safari Tafari Wrap Top,S1025031,60060644,S1025031PR5S/M,4
Retired Stock,Safari Tafari Wrap Top - Karanga Print,Safari Tafari Wrap Top,S1025031,60060645,S1025031PR5L/1X,2
Retired Stock,Safari Tafari Wrap Top - Mpiji Print,Safari Tafari Wrap Top,S1025031,60060646,S1025031PR6S/M,1
Retired Stock,Safari Tafari Wrap Top - Pangani Print,Safari Tafari Wrap Top,S1025031,60060653,S1025031PR9L/1X,5
Retired Stock,Safari Tafari Wrap Top - Pangani Print,Safari Tafari Wrap Top,S1025031,60060652,S1025031PR9S/M,2
Retired Stock,Safari Tafari Wrap Top - Semu Print,Safari Tafari Wrap Top,S1025031,60060643,S1025031PR4L/1X,3
Retired Stock,Safari Tafari Wrap Top - Songwe Print,Safari Tafari Wrap Top,S1025031,60060656,S1025031PR11S/M,14
Retired Stock,Safari Tafari Wrap Top - Songwe Print,Safari Tafari Wrap Top,S1025031,60060657,S1025031PR11L/1X,6
Retired Stock,Safari Tafari Wrap Top - Suma Print,Safari Tafari Wrap Top,S1025031,60060650,S1025031PR8S/M,1
Retired Stock,Safari Tafari Wrap Top - Suma Print,Safari Tafari Wrap Top,S1025031,60060651,S1025031PR8L/1X,4
Retired Stock,Safari Tafari Wrap Top - Umba Print,Safari Tafari Wrap Top,S1025031,60061632,S1025031PR10XS/S,1
Retired Stock,Safari Tafari Wrap Top - Wami Print,Safari Tafari Wrap Top,S1025031,60060641,S1025031PR3L/1X,3
Retired Stock,Safari Tafari Wrap Top - Wami Print,Safari Tafari Wrap Top,S1025031,60060640,S1025031PR3S/M,3
Retired Stock,Safari Tafari Wrap Top - Weru Print,Safari Tafari Wrap Top,S1025031,60060649,S1025031PR7L/1X,1
Retired Stock,Safari Tafari Wrap Top - Weru Print,Safari Tafari Wrap Top,S1025031,60060648,S1025031PR7S/M,4
Retired Stock,Safari Tiwa Barell Pants - Black,Safari Tiwa Barell Pants,S0325031,60053949,S0325031BLAS,2
Retired Stock,Safari Tiwa Barell Pants - Rust,Safari Tiwa Barell Pants,S0325031,60053953,S0325031RUSTS,1
Retired Stock,Safari Tiwa Shirred Midi Dress - Lime,Safari Tiwa Shirred Midi Dress,S0125056,60053958,S0125056LIMM/L,1
Retired Stock,Safari Tiwa Shirred Midi Dress - Rust,Safari Tiwa Shirred Midi Dress,S0125056,60053963,S0125056RUSTXS/S,1
Retired Stock,Safari Zene Drop Shoulder Top - Light Orange,Safari Zene Drop Shoulder Top,S1023059,60040877,S1023059LORAM,1
Retired Stock,Safari Zene Drop Shoulder Top - Light Orange,Safari Zene Drop Shoulder Top,S1023059,60040876,S1023059LORAS,1
Retired Stock,Safari Zene Off Shoulder Top - Coral,Safari Zene Off Shoulder Top,S1023060,60036298,S1023060CORM,2
Retired Stock,Safari Zene Off Shoulder Top - Hunters,Safari Zene Off Shoulder Top,S1023060,60054299,S1023060HUNM,40
Retired Stock,Safari Zene Off Shoulder Top - Pink,Safari Zene Off Shoulder Top,S1023060,60044174,S1023060PINL,1
Retired Stock,Safari Zene Off Shoulder Top - Rust,Safari Zene Off Shoulder Top,S1023060,60036293,S1023060RUSM,2
Retired Stock,Safari Zene Off Shoulder Top - Yellow,Safari Zene Off Shoulder Top,S1023060,60027836,S1023060YELL,2
Retired Stock,Safari Zene Off Shoulder Top - Yellow,Safari Zene Off Shoulder Top,S1023060,60027835,S1023060YELM,1
Retired Stock,Safari by Vivo Naledi Bubble Midi Dress - Beta Print,Safari by Vivo Naledi Bubble Midi Dress,S0925040,60061239,S0925040PR6M,2
Retired Stock,Shiv & Shikie X Safari Barrel Pants - Black,Shiv & Shikie X Safari Barrel Pants,S0425039,60055426,S0425039BLAS,1
Retired Stock,Shiv & Shikie X Safari Barrel Pants - Black,Shiv & Shikie X Safari Barrel Pants,S0425039,60055427,S0425039BLAM,3
Retired Stock,Shiv & Shikie X Safari Barrel Pants - Taupe,Shiv & Shikie X Safari Barrel Pants,S0425039,60055422,S0425039TAUS,3
Retired Stock,Shiv & Shikie X Safari Faux Collar Shirt - Black,Shiv & Shikie X Safari Faux Collar Shirt,S0425045,60055307,S0425045BLAXS/S,5
Retired Stock,Shiv & Shikie X Safari Faux Collar Shirt - Black,Shiv & Shikie X Safari Faux Collar Shirt,S0425045,60055308,S0425045BLAM/L,1
Retired Stock,Shiv & Shikie X Safari Faux Collar Shirt - Lime,Shiv & Shikie X Safari Faux Collar Shirt,S0425045,60055301,S0425045LIMXS/S,1
Retired Stock,Shiv & Shikie X Safari Printed Short Sleeve Shirt - Brown / Black Ezi Print,Shiv & Shikie X Safari Printed Short Sleeve Shirt,S0425041,60056091,S0425041PR1S,1
Retired Stock,Shiv & Shikie X Safari Printed Short Sleeve Shirt - Brown / Black Ezi Print,Shiv & Shikie X Safari Printed Short Sleeve Shirt,S0425041,60056093,S0425041PR1L,2
Retired Stock,Shiv & Shikie X Safari Printed Short Sleeve Shirt - Grey / Black Ezi Print,Shiv & Shikie X Safari Printed Short Sleeve Shirt,S0425041,60056439,S0425041PR2S,3
Retired Stock,Shiv & Shikie X Safari Printed Short Sleeve Shirt - Grey / Black Ezi Print,Shiv & Shikie X Safari Printed Short Sleeve Shirt,S0425041,60056440,S0425041PR2M,11
Retired Stock,Shiv & Shikie X Safari Printed Short Sleeve Shirt - Taupe / Black Ezi Print,Shiv & Shikie X Safari Printed Short Sleeve Shirt,S0425041,60056444,S0425041PR3M,4
Retired Stock,Shiv & Shikie X Safari Printed Short Sleeve Shirt - Taupe / Black Ezi Print,Shiv & Shikie X Safari Printed Short Sleeve Shirt,S0425041,60056443,S0425041PR3S,3
Retired Stock,Vivo Alani High Low Dress - Black Checkered Print,Vivo Alani High Low Dress,V0625018,60056571,V0625018PR3S,2
Retired Stock,Vivo Alani High Low Dress - Black Checkered Print,Vivo Alani High Low Dress,V0625018,60056572,V0625018PR3M,3
Retired Stock,Vivo Alani High Low Dress - Black Stripes Print,Vivo Alani High Low Dress,V0625018,60056579,V0625018PR5S,7
Retired Stock,Vivo Alani High Low Dress - Black Stripes Print,Vivo Alani High Low Dress,V0625018,60056580,V0625018PR5M,5
Retired Stock,Vivo Alani High Low Dress - Black Stripes Print,Vivo Alani High Low Dress,V0625018,60056581,V0625018PR5L,1
Retired Stock,Vivo Alani High Low Dress - Black Textured Print,Vivo Alani High Low Dress,V0625018,60056576,V0625018PR4M,2
Retired Stock,Vivo Alani High Low Dress - Black Textured Print,Vivo Alani High Low Dress,V0625018,60056575,V0625018PR4S,1
Retired Stock,Vivo Alani High Low Dress - Black Textured Print,Vivo Alani High Low Dress,V0625018,60056578,V0625018PR41X,1
Retired Stock,Vivo Aleri Trench Coat Dress - Maroon,Vivo Aleri Trench Coat Dress,V0625059,60057793,V0625059MARM,4
Retired Stock,Vivo Aleri Trench Coat Dress - Maroon,Vivo Aleri Trench Coat Dress,V0625059,60057794,V0625059MARL,1
Retired Stock,Vivo Aleri Trench Coat Dress - Mustard,Vivo Aleri Trench Coat Dress,V0625059,60057797,V0625059MUSM,1
Retired Stock,Vivo Aleri Trench Coat Dress - Mustard,Vivo Aleri Trench Coat Dress,V0625059,60057799,V0625059MUS1X,1
Retired Stock,Vivo Aleri Trench Coat Dress - Mustard,Vivo Aleri Trench Coat Dress,V0625059,60057796,V0625059MUSS,2
Retired Stock,Vivo Aleri Trench Coat Dress - Rust,Vivo Aleri Trench Coat Dress,V0625059,60057788,V0625059RUSS,4
Retired Stock,Vivo Aleri Trench Coat Dress - Rust,Vivo Aleri Trench Coat Dress,V0625059,60057789,V0625059RUSM,2
Retired Stock,Vivo Aleri Trench Coat Dress - Rust,Vivo Aleri Trench Coat Dress,V0625059,60057791,V0625059RUS1X,2
Retired Stock,Vivo Aleri Trench Coat Dress - White,Vivo Aleri Trench Coat Dress,V0625059,60057542,V0625059WHIM,2
Retired Stock,Vivo Aleri Trench Coat Dress - White,Vivo Aleri Trench Coat Dress,V0625059,60057544,V0625059WHI1X,1
Retired Stock,Vivo Alma Short Sleeve Mini Bodycon - Black,Vivo Alma Short Sleeve Mini Bodycon,V0825060,60060316,V0825060BLAS,3
Retired Stock,Vivo Alma Short Sleeve Mini Bodycon - Black,Vivo Alma Short Sleeve Mini Bodycon,V0825060,60060317,V0825060BLAM,9
Retired Stock,Vivo Alma Short Sleeve Mini Bodycon - Lime,Vivo Alma Short Sleeve Mini Bodycon,V0825060,60060313,V0825060LIMM,26
Retired Stock,Vivo Alma Short Sleeve Mini Bodycon - Lime,Vivo Alma Short Sleeve Mini Bodycon,V0825060,60060312,V0825060LIMS,14
Retired Stock,Vivo Alma Short Sleeve Mini Bodycon - Lime,Vivo Alma Short Sleeve Mini Bodycon,V0825060,60060315,V0825060LIM1X,7
Retired Stock,Vivo Alma Short Sleeve Mini Bodycon - Lime,Vivo Alma Short Sleeve Mini Bodycon,V0825060,60060314,V0825060LIML,10
Retired Stock,Vivo Ari Sleeveless Straight Maxi Slit Dress - Chocolate Brown,Vivo Ari Sleeveless Straight Maxi Slit Dress,V0725029,60057238,V0725029CHBM,4
Retired Stock,Vivo Ari Sleeveless Straight Maxi Slit Dress - Red,Vivo Ari Sleeveless Straight Maxi Slit Dress,V0725029,60057247,V0725029REDL,3
Retired Stock,Vivo Ari Sleeveless Straight Maxi Slit Dress - Red,Vivo Ari Sleeveless Straight Maxi Slit Dress,V0725029,60057246,V0725029REDM,2
Retired Stock,Vivo Ari Sleeveless Straight Maxi Slit Dress - Sea Green,Vivo Ari Sleeveless Straight Maxi Slit Dress,V0725029,60057243,V0725029SEGL,2
Retired Stock,Vivo Ari Sleeveless Straight Maxi Slit Dress - Sea Green,Vivo Ari Sleeveless Straight Maxi Slit Dress,V0725029,60057242,V0725029SEGM,7
Retired Stock,Vivo Ari Sleeveless Straight Maxi Slit Dress - Sea Green,Vivo Ari Sleeveless Straight Maxi Slit Dress,V0725029,60057241,V0725029SEGS,7
Retired Stock,Vivo Ayah Drawstring Pants - Chocolate,Vivo Ayah Drawstring Pants,V0225003,60051951,V0225003CHO1X,1
Retired Stock,Vivo Ayah Drawstring Pants - Lilac,Vivo Ayah Drawstring Pants,V0225003,60051952,V0225003LILS,1
Retired Stock,Vivo Ayah Drawstring Pants - Lilac,Vivo Ayah Drawstring Pants,V0225003,60051953,V0225003LILM,3
Retired Stock,Vivo Ayah Satin Pants - Dark Purple,Vivo Ayah Satin Pants,V0225031,60052409,V0225031DAPS,1
Retired Stock,Vivo Ayah Satin Pants - Dark Purple,Vivo Ayah Satin Pants,V0225031,60052416,V0225031DAPL,1
Retired Stock,Vivo Ayah Satin Pants - Dark Purple,Vivo Ayah Satin Pants,V0225031,60052415,V0225031DAPM,2
Retired Stock,Vivo Ayah Satin Pants - Dark Red,Vivo Ayah Satin Pants,V0225031,60052420,V0225031DARM,2
Retired Stock,Vivo Ayah Satin Pants - Dark Red,Vivo Ayah Satin Pants,V0225031,60052419,V0225031DARS,1
Retired Stock,Vivo Ayah Satin Pants - Dark Red,Vivo Ayah Satin Pants,V0225031,60052421,V0225031DARL,3
Retired Stock,Vivo Ayah Satin Pants - Lilac / Navy Tullu Print,Vivo Ayah Satin Pants,V0225031,60052425,V0225031PR1M,1
Retired Stock,Vivo Ayah Satin Pants - Lilac / Navy Tullu Print,Vivo Ayah Satin Pants,V0225031,60052427,V0225031PR11X,1
Retired Stock,Vivo Ayah Satin Pants - Lilac / Navy Tullu Print,Vivo Ayah Satin Pants,V0225031,60052426,V0225031PR1L,1
Retired Stock,Vivo Basic Ali Jacket - Hunters Green,Vivo Basic Ali Jacket,V0819124,60027999,V0819124HGNS,2
Retired Stock,Vivo Basic Ali Jacket - Navy Blue,Vivo Basic Ali Jacket,V0819124,40008533,V0819124NABS,5
Retired Stock,Vivo Basic Ali Jacket - Red,Vivo Basic Ali Jacket,V0819124,60056078,V0819124REDL,1
Retired Stock,Vivo Basic Drop Shoulder Top - Burnt Orange,Vivo Basic Drop Shoulder Top,V0622002,60054375,V0622002BUOL,2
Retired Stock,Vivo Basic Drop Shoulder Top - Burnt Orange,Vivo Basic Drop Shoulder Top,V0622002,60054374,V0622002BUOM,2
Retired Stock,Vivo Basic Drop Shoulder Top - Mustard,Vivo Basic Drop Shoulder Top,V0622002,60039835,V0622002MUSL,2
Retired Stock,Vivo Basic Drop Shoulder Top - Mustard,Vivo Basic Drop Shoulder Top,V0622002,60039836,V0622002MUSXL,5
Retired Stock,Vivo Basic Drop Shoulder Top - Mustard,Vivo Basic Drop Shoulder Top,V0622002,60039834,V0622002MUSM,1
Retired Stock,Vivo Basic Drop Shoulder Top - Pink,Vivo Basic Drop Shoulder Top,V0622002,60054365,V0622002PINS,30
Retired Stock,Vivo Basic Drop Shoulder Top - Pink,Vivo Basic Drop Shoulder Top,V0622002,60054367,V0622002PINL,37
Retired Stock,Vivo Basic Drop Shoulder Top - Pink,Vivo Basic Drop Shoulder Top,V0622002,60054368,V0622002PIN1X,15
Retired Stock,Vivo Basic Drop Shoulder Top - Pink,Vivo Basic Drop Shoulder Top,V0622002,60054366,V0622002PINM,79
Retired Stock,Vivo Basic Drop Shoulder Top - Yellow,Vivo Basic Drop Shoulder Top,V0622002,60026354,V0622002YEL4X,1
Retired Stock,Vivo Basic Hooded Kimono - Beige / White Print,Vivo Basic Hooded Kimono,V1024063,60052186,V1024063PR1S,3
Retired Stock,Vivo Basic Liv Chiffon Top - Off-white / Black Print,Vivo Basic Liv Chiffon Top,V1019045,60052207,V1019045PR22F,1
Retired Stock,Vivo Basic Maternity Leggings - Navy Blue,Vivo Basic Maternity Leggings,V1022057,60013552,V1022057NABS,5
Retired Stock,Vivo Basic Sleeveless Midi Jersey Waterfall - Mustard,Vivo Basic Sleeveless Midi Jersey Waterfall,V1122192,60045344,V1122192MUS1X/2X,1
Retired Stock,Vivo Basic Sleeveless Midi Jersey Waterfall - Navy Blue,Vivo Basic Sleeveless Midi Jersey Waterfall,V1122192,60025523,V1122192NABS/M,1
Retired Stock,Vivo Basic Sleeveless Midi Jersey Waterfall - Navy Blue,Vivo Basic Sleeveless Midi Jersey Waterfall,V1122192,60025524,V1122192NABL/1X,2
Retired Stock,Vivo Basic Sleeveless Midi Jersey Waterfall - Navy Blue,Vivo Basic Sleeveless Midi Jersey Waterfall,V1122192,60026506,V1122192NAB1X/2X,7
Retired Stock,Vivo Basic Sleeveless Midi Jersey Waterfall - Navy Blue,Vivo Basic Sleeveless Midi Jersey Waterfall,V1122192,60026504,V1122192NABXS/S,1
Retired Stock,Vivo Basic Sleeveless Midi Jersey Waterfall - Navy Blue,Vivo Basic Sleeveless Midi Jersey Waterfall,V1122192,60026505,V1122192NABM/L,3
Retired Stock,Vivo Basic Sleeveless Sienna Waterfall - Navy Blue,Vivo Basic Sleeveless Sienna Waterfall,V0321017,50010432,V0321017NABXL,2
Retired Stock,Vivo Basic Sleeveless Sienna Waterfall - Teal,Vivo Basic Sleeveless Sienna Waterfall,V0321017,60031674,V0321017TEA1X,5
Retired Stock,Vivo Basic Sleeveless Tent Kimono - Baby Blue,Vivo Basic Sleeveless Tent Kimono,V1024064,60047168,V1024064BBLUF,18
Retired Stock,Vivo Basic Sleeveless Tent Kimono - Pink,Vivo Basic Sleeveless Tent Kimono,V1024064,60047170,V1024064PINF,17
Retired Stock,Vivo Boat Neck Dress in Ponte - Olive,Vivo Boat Neck Dress in Ponte,V0126025,60065652,V0126025OLIS,1
Retired Stock,Vivo Boat Neck Dress in Ponte - Olive,Vivo Boat Neck Dress in Ponte,V0126025,60065653,V0126025OLIM,1
Retired Stock,Vivo Boat Neck Dress in Ponte - Olive,Vivo Boat Neck Dress in Ponte,V0126025,60065654,V0126025OLIL,2
Retired Stock,Vivo Boat Neck Dress in Ponte - Olive,Vivo Boat Neck Dress in Ponte,V0126025,60065656,V0126025OLI2X,1
Retired Stock,Vivo Boat Neck Top in Scuba - Black,Vivo Boat Neck Top in Scuba,V0126024,60065751,V0126024BLA1X,1
Retired Stock,Vivo Boat Neck Top in Scuba - Black,Vivo Boat Neck Top in Scuba,V0126024,60065749,V0126024BLAM,1
Retired Stock,Vivo Boat Neck Top in Scuba - Burgundy,Vivo Boat Neck Top in Scuba,V0126024,60065747,V0126024BUR2X,1
Retired Stock,Vivo Boat Neck Top in Scuba - Burgundy,Vivo Boat Neck Top in Scuba,V0126024,60065744,V0126024BURM,2
Retired Stock,Vivo Boat Neck Top in Scuba - Burgundy,Vivo Boat Neck Top in Scuba,V0126024,60065743,V0126024BURS,1
Retired Stock,Vivo Boat Neck Top in Scuba - Burgundy,Vivo Boat Neck Top in Scuba,V0126024,60065746,V0126024BUR1X,2
Retired Stock,Vivo Boat Neck Top in Scuba - Lilac,Vivo Boat Neck Top in Scuba,V0126024,60065763,V0126024LILS,1
Retired Stock,Vivo Boat Neck Top in Scuba - Lilac,Vivo Boat Neck Top in Scuba,V0126024,60065766,V0126024LIL1X,1
Retired Stock,Vivo Boat Neck Top in Scuba - Lilac,Vivo Boat Neck Top in Scuba,V0126024,60065764,V0126024LILM,2
Retired Stock,Vivo Boat Neck Top in Scuba - Lilac,Vivo Boat Neck Top in Scuba,V0126024,60065765,V0126024LILL,1
Retired Stock,Vivo Boat Neck Top in Scuba - Lime Green,Vivo Boat Neck Top in Scuba,V0126024,60065760,V0126024LGRL,1
Retired Stock,Vivo Boat Neck Top in Scuba - Lime Green,Vivo Boat Neck Top in Scuba,V0126024,60065759,V0126024LGRM,2
Retired Stock,Vivo Boat Neck Top in Scuba - Red,Vivo Boat Neck Top in Scuba,V0126024,60065755,V0126024REDL,1
Retired Stock,Vivo Boat Neck Top in Scuba - Red,Vivo Boat Neck Top in Scuba,V0126024,60065753,V0126024REDS,1
Retired Stock,Vivo Boat Neck Top in Scuba - Red,Vivo Boat Neck Top in Scuba,V0126024,60065754,V0126024REDM,2
Retired Stock,Vivo Boat Neck Top in Scuba - Red,Vivo Boat Neck Top in Scuba,V0126024,60065756,V0126024RED1X,1
Retired Stock,Vivo Chiffon Shorts - Black,Vivo Chiffon Shorts,V0325072,60053195,V0325072BLAM,3
Retired Stock,Vivo Chiffon Shorts - Black,Vivo Chiffon Shorts,V0325072,60053194,V0325072BLAS,1
Retired Stock,Vivo Chiffon Shorts - Navy,Vivo Chiffon Shorts,V0325072,60053198,V0325072NAVS,2
Retired Stock,Vivo Chiffon Shorts - Navy,Vivo Chiffon Shorts,V0325072,60053199,V0325072NAVM,3
Retired Stock,Vivo Chiffon Shorts - Navy,Vivo Chiffon Shorts,V0325072,60053200,V0325072NAVL,1
Retired Stock,Vivo Diella 3/4 Sleeve A-Line Dress - Black,Vivo Diella 3/4 Sleeve A-Line Dress,V0425056,60056638,V0425056BLAL,1
Retired Stock,Vivo Diella 3/4 Sleeve A-Line Dress - Black,Vivo Diella 3/4 Sleeve A-Line Dress,V0425056,60056637,V0425056BLAM,9
Retired Stock,Vivo Diella 3/4 Sleeve A-Line Dress - Black,Vivo Diella 3/4 Sleeve A-Line Dress,V0425056,60056636,V0425056BLAS,2
Retired Stock,Vivo Diella 3/4 Sleeve A-Line Dress - Dark Olive,Vivo Diella 3/4 Sleeve A-Line Dress,V0425056,60056374,V0425056DAOS,3
Retired Stock,Vivo Diella 3/4 Sleeve A-Line Dress - Dark Olive,Vivo Diella 3/4 Sleeve A-Line Dress,V0425056,60056376,V0425056DAOL,4
Retired Stock,Vivo Diella 3/4 Sleeve A-Line Dress - Dark Olive,Vivo Diella 3/4 Sleeve A-Line Dress,V0425056,60056377,V0425056DAO1X,1
Retired Stock,Vivo Diella 3/4 Sleeve A-Line Dress - Dark Olive,Vivo Diella 3/4 Sleeve A-Line Dress,V0425056,60056375,V0425056DAOM,2
Retired Stock,Vivo Diella 3/4 Sleeve A-Line Dress - Dark Purple,Vivo Diella 3/4 Sleeve A-Line Dress,V0425056,60056642,V0425056DPURL,6
Retired Stock,Vivo Diella 3/4 Sleeve A-Line Dress - Dark Purple,Vivo Diella 3/4 Sleeve A-Line Dress,V0425056,60056643,V0425056DPUR1X,3
Retired Stock,Vivo Diella 3/4 Sleeve A-Line Dress - Dark Purple,Vivo Diella 3/4 Sleeve A-Line Dress,V0425056,60056640,V0425056DPURS,5
Retired Stock,Vivo Diella 3/4 Sleeve A-Line Dress - Dark Purple,Vivo Diella 3/4 Sleeve A-Line Dress,V0425056,60056641,V0425056DPURM,20
Retired Stock,Vivo Essentials Strappy Cold Shoulder Top - Black,Vivo Essentials Strappy Cold Shoulder Top,VE0009B,90001704,VE0009BLAL/1X,4
Retired Stock,Vivo Full Length Kimono - Keri,Vivo Full Length Kimono,V0224241,60049405,V0224241PR101X/2X,5
Retired Stock,Vivo Full Length Kimono - Maya,Vivo Full Length Kimono,V0224241,60049409,V0224241PR111X/2X,2
Retired Stock,Vivo Imara Cap Sleeve Sheath Dress - Red,Vivo Imara Cap Sleeve Sheath Dress,V0123007,60057735,V0123007REDS,13
Retired Stock,Vivo Imara Cap Sleeve Sheath Dress - Red,Vivo Imara Cap Sleeve Sheath Dress,V0123007,60057736,V0123007REDM,6
Retired Stock,Vivo Iyana Bubble Midi Skirt - Green / Pink Iya Print,Vivo Iyana Bubble Midi Skirt,V0625043,60057608,V0625043PR1S,4
Retired Stock,Vivo Iyana Bubble Midi Skirt - Green / Pink Iya Print,Vivo Iyana Bubble Midi Skirt,V0625043,60057611,V0625043PR11X,1
Retired Stock,Vivo Iyana Bubble Midi Skirt - Navy,Vivo Iyana Bubble Midi Skirt,V0625043,60057601,V0625043NAVM,2
Retired Stock,Vivo Iyana Bubble Midi Skirt - Navy,Vivo Iyana Bubble Midi Skirt,V0625043,60057603,V0625043NAV1X,2
Retired Stock,Vivo Iyana Bubble Midi Skirt - Navy,Vivo Iyana Bubble Midi Skirt,V0625043,60057600,V0625043NAVS,1
Retired Stock,Vivo Iyana Tank Top - Dark Purple,Vivo Iyana Tank Top,V0625044,60057506,V0625044DAPL,1
Retired Stock,Vivo Iyana Tank Top - Dark Purple,Vivo Iyana Tank Top,V0625044,60057505,V0625044DAPM,1
Retired Stock,Vivo Iyana Tank Top - Green,Vivo Iyana Tank Top,V0625044,60057517,V0625044GRNM,5
Retired Stock,Vivo Iyana Tank Top - Lime Yellow,Vivo Iyana Tank Top,V0625044,60057512,V0625044LMYS,4
Retired Stock,Vivo Iyana Tank Top - Lime Yellow,Vivo Iyana Tank Top,V0625044,60057513,V0625044LMYM,6
Retired Stock,Vivo Iyana Tank Top - White,Vivo Iyana Tank Top,V0625044,60057508,V0625044WHIS,1
Retired Stock,Vivo J.O V-Neck Sheath Dress - Black,Vivo J.O V-Neck Sheath Dress,V0621001,50010206,V0621001BLAS,1
Retired Stock,Vivo J.O V-Neck Sheath Dress - Burgundy,Vivo J.O V-Neck Sheath Dress,V0621001,60055823,V0621001BURS,2
Retired Stock,Vivo J.O V-Neck Sheath Dress - Navy Blue,Vivo J.O V-Neck Sheath Dress,V0621001,50014556,V0621001NABS,6
Retired Stock,Vivo J.O V-Neck Sheath Dress - Wine Red,Vivo J.O V-Neck Sheath Dress,V0621001,60055820,V0621001WIRM,6
Retired Stock,Vivo J.O V-Neck Sheath Dress - Wine Red,Vivo J.O V-Neck Sheath Dress,V0621001,60055819,V0621001WIRS,10
Retired Stock,Vivo Jersey Drop Shoulder Top - Dark Purple,Vivo Jersey Drop Shoulder Top,V1125001,60061473,V1125001DPURL,1
Retired Stock,Vivo Kelemi 4.0 Kimono - Purple,Vivo Kelemi 4.0 Kimono,V0325041,60046589,V0325041PURL,5
Retired Stock,Vivo Kelemi 4.0 Kimono - Purple,Vivo Kelemi 4.0 Kimono,V0325041,60046590,V0325041PUR1X,2
Retired Stock,Vivo Kelemi 4.0 Kimono - Purple,Vivo Kelemi 4.0 Kimono,V0325041,60046588,V0325041PURM,2
Retired Stock,Vivo Kelemi 4.0 Sleeveless Top - Lilac / Magenta Nashe Print,Vivo Kelemi 4.0 Sleeveless Top,V0325043,60053219,V0325043PR1M,7
Retired Stock,Vivo Kelemi 4.0 Sleeveless Top - Lilac / Magenta Nashe Print,Vivo Kelemi 4.0 Sleeveless Top,V0325043,60053208,V0325043PR1S,1
Retired Stock,Vivo Kelemi 4.0 Sleeveless Top - Navy,Vivo Kelemi 4.0 Sleeveless Top,V0325043,60053226,V0325043NAVL,4
Retired Stock,Vivo Kelemi 4.0 Sleeveless Top - Navy,Vivo Kelemi 4.0 Sleeveless Top,V0325043,60053206,V0325043NAVS,1
Retired Stock,Vivo Kelemi 4.0 Sleeveless Top - Navy,Vivo Kelemi 4.0 Sleeveless Top,V0325043,60053225,V0325043NAVM,6
Retired Stock,Vivo Kelemi 4.0 Sleeveless Top - Navy / Mustard Nashe Print,Vivo Kelemi 4.0 Sleeveless Top,V0325043,60053678,V0325043PR3M,6
Retired Stock,Vivo Kitenge Wide Leg Pants - Blue / Pink Azizi Print,Vivo Kitenge Wide Leg Pants,VE0032P,60059230,VE0032PR14M,3
Retired Stock,Vivo Kitenge Wide Leg Pants - Green / Black Adia Print,Vivo Kitenge Wide Leg Pants,VE0032P,60059233,VE0032PR15S,2
Retired Stock,Vivo Kitenge Wide Leg Pants - Juja,Vivo Kitenge Wide Leg Pants,VE0032P,60050271,VE0032PR13L,1
Retired Stock,Vivo Kitenge Wide Leg Pants - Maroon / Pink Ara Print,Vivo Kitenge Wide Leg Pants,VE0032P,60059242,VE0032PR17M,5
Retired Stock,Vivo Kitenge Wide Leg Pants - Navy / Brown Chiku Print,Vivo Kitenge Wide Leg Pants,VE0032P,60059250,VE0032PR19M,2
Retired Stock,Vivo Kitenge Wide Leg Pants - Navy / Brown Chiku Print,Vivo Kitenge Wide Leg Pants,VE0032P,60059249,VE0032PR19S,1
Retired Stock,Vivo Kitenge Wide Leg Pants - Navy / Pink Bakari Print,Vivo Kitenge Wide Leg Pants,VE0032P,60059238,VE0032PR16M,1
Retired Stock,Vivo Kitenge Wrap Skirt - Tafo,Vivo Kitenge Wrap Skirt,VE00301,60049402,VE003014PR9F,1
Retired Stock,Vivo Leila 3/4 Sleeve Tent Knee Length Dress - Navy,Vivo Leila 3/4 Sleeve Tent Knee Length Dress,V0423056,60044605,V0423056NAVYXL,2
Retired Stock,Vivo Leila 3/4 Sleeve Tent Knee Length Dress - Navy,Vivo Leila 3/4 Sleeve Tent Knee Length Dress,V0423056,60044603,V0423056NAVYM,5
Retired Stock,Vivo Leila 3/4 Sleeve Tent Knee Length Dress - Navy,Vivo Leila 3/4 Sleeve Tent Knee Length Dress,V0423056,60044604,V0423056NAVYL,2
Retired Stock,Vivo Leila 3/4 Sleeve Tent Knee Length Dress - Teal,Vivo Leila 3/4 Sleeve Tent Knee Length Dress,V0423056,60044608,V0423056TEALL,10
Retired Stock,Vivo Leila 3/4 Sleeve Tent Knee Length Dress - Teal,Vivo Leila 3/4 Sleeve Tent Knee Length Dress,V0423056,60044609,V0423056TEALXL,1
Retired Stock,Vivo Leila Cap Sleeve Tent Knee Length Dress - Hunters,Vivo Leila Cap Sleeve Tent Knee Length Dress,V0423055,60044699,V0423055HUNTL,2
Retired Stock,Vivo Leila Cap Sleeve Tent Knee Length Dress - Hunters,Vivo Leila Cap Sleeve Tent Knee Length Dress,V0423055,60044816,V0423055HUNT2X,1
Retired Stock,Vivo Liora Shorts - Black,Vivo Liora Shorts,V0925026,60061666,V0925026BLAS,9
Retired Stock,Vivo Liora Shorts - Black,Vivo Liora Shorts,V0925026,60061667,V0925026BLAM,8
Retired Stock,Vivo Liora Shorts - Chocolate,Vivo Liora Shorts,V0925026,60061672,V0925026CHOCM,4
Retired Stock,Vivo Liora Shorts - Cream / Coral Ziza Print,Vivo Liora Shorts,V0925026,60062116,V0925026PR2M,5
Retired Stock,Vivo Liora Shorts - Red / Black Ziza Print,Vivo Liora Shorts,V0925026,60062111,V0925026PR1M,2
Retired Stock,Vivo Lulu Cotton Barrel Pants - Khaki Green,Vivo Lulu Cotton Barrel Pants,V1125006,60061731,V1125006KHGRNS,5
Retired Stock,Vivo Lulu Cotton Barrel Pants - Khaki Green,Vivo Lulu Cotton Barrel Pants,V1125006,60061732,V1125006KHGRNM,7
Retired Stock,Vivo Lulu Cotton Barrel Pants - Maroon,Vivo Lulu Cotton Barrel Pants,V1125006,60061736,V1125006MARS,7
Retired Stock,Vivo Lulu Cotton Barrel Pants - Maroon,Vivo Lulu Cotton Barrel Pants,V1125006,60061737,V1125006MARM,9
Retired Stock,Vivo Lulu Cotton Barrel Pants - Rust,Vivo Lulu Cotton Barrel Pants,V1125006,60061635,V1125006RUSS,1
Retired Stock,Vivo Lulu Cotton Barrel Pants - Rust,Vivo Lulu Cotton Barrel Pants,V1125006,60061636,V1125006RUSM,5
Retired Stock,Vivo Mira Reversible Wrap Top - Lime,Vivo Mira Reversible Wrap Top,V1123158,60030607,V1123158LIML,1
Retired Stock,Vivo Mira Reversible Wrap Top - PEACH / BROWN FAN PRINT,Vivo Mira Reversible Wrap Top,V1123158,60030609,V1123158PR1S,1
Retired Stock,Vivo Mira Reversible Wrap Top - PEACH / BROWN FAN PRINT,Vivo Mira Reversible Wrap Top,V1123158,60030610,V1123158PR1M,2
Retired Stock,Vivo Mistari 3/4 Sleeve V - Neck Collared Tunic Top - Black Checkered,Vivo Mistari 3/4 Sleeve V,V0622041,60052157,V0622041PR9F,2
Retired Stock,Vivo Mistari 3/4 Sleeve V - Neck Collared Tunic Top - Black Textured,Vivo Mistari 3/4 Sleeve V,V0622041,60052158,V0622041BLTF,3
Retired Stock,Vivo Mistari 3/4 Sleeve V - Neck Collared Tunic Top - Black stripes,Vivo Mistari 3/4 Sleeve V,V0622041,60052094,V0622041PR7F,2
Retired Stock,Vivo Niari straight leg Pants - Black,Vivo Niari straight leg Pants,V0225011,60053013,V0225011BLAS,2
Retired Stock,Vivo Niari straight leg Pants - Green,Vivo Niari straight leg Pants,V0225011,60053018,V0225011GREM,1
Retired Stock,Vivo Niari straight leg Pants - Maroon,Vivo Niari straight leg Pants,V0225011,60053010,V0225011MARM,2
Retired Stock,Vivo Nora 3/4 Sleeve Peplum Top - Hunters,Vivo Nora 3/4 Sleeve Peplum Top,V0825009,60058541,V0825009HUNM,1
Retired Stock,Vivo Nora 3/4 Sleeve Peplum Top - Hunters,Vivo Nora 3/4 Sleeve Peplum Top,V0825009,60058542,V0825009HUNL,1
Retired Stock,Vivo Nora 3/4 Sleeve Peplum Top - Hunters,Vivo Nora 3/4 Sleeve Peplum Top,V0825009,60058540,V0825009HUNS,1
Retired Stock,Vivo Nora 3/4 Sleeve Peplum Top - Navy,Vivo Nora 3/4 Sleeve Peplum Top,V0825009,60058552,V0825009NAVS,10
Retired Stock,Vivo Nora 3/4 Sleeve Peplum Top - Navy,Vivo Nora 3/4 Sleeve Peplum Top,V0825009,60058555,V0825009NAV1X,1
Retired Stock,Vivo Nora 3/4 Sleeve Peplum Top - Navy,Vivo Nora 3/4 Sleeve Peplum Top,V0825009,60058554,V0825009NAVL,1
Retired Stock,Vivo Nora 3/4 Sleeve Peplum Top - Navy,Vivo Nora 3/4 Sleeve Peplum Top,V0825009,60058553,V0825009NAVM,9
Retired Stock,Vivo Nora 3/4 Sleeve Peplum Top - Purple,Vivo Nora 3/4 Sleeve Peplum Top,V0825009,60058556,V0825009PURS,4
Retired Stock,Vivo Nora 3/4 Sleeve Peplum Top - Purple,Vivo Nora 3/4 Sleeve Peplum Top,V0825009,60058558,V0825009PURL,1
Retired Stock,Vivo Nora 3/4 Sleeve Peplum Top - Purple,Vivo Nora 3/4 Sleeve Peplum Top,V0825009,60058557,V0825009PURM,9
Retired Stock,Vivo Nora 3/4 Sleeve Peplum Top - Red,Vivo Nora 3/4 Sleeve Peplum Top,V0825009,60058549,V0825009REDM,2
Retired Stock,Vivo Nora 3/4 Sleeve Peplum Top - Red,Vivo Nora 3/4 Sleeve Peplum Top,V0825009,60058548,V0825009REDS,4
Retired Stock,Vivo Nora 3/4 Sleeve Peplum Top - Taupe,Vivo Nora 3/4 Sleeve Peplum Top,V0825009,60058545,V0825009TAUM,2
Retired Stock,Vivo Nora 3/4 Sleeve Peplum Top - Taupe,Vivo Nora 3/4 Sleeve Peplum Top,V0825009,60058544,V0825009TAUS,7
Retired Stock,Vivo Nora 3/4 Sleeve Peplum Top - Taupe,Vivo Nora 3/4 Sleeve Peplum Top,V0825009,60058546,V0825009TAUL,1
Retired Stock,Vivo Nora Front Pleat Knee Length Dress - Black,Vivo Nora Front Pleat Knee Length Dress,V0825014,60058864,V0825014BLAM,1
Retired Stock,Vivo Nora Front Pleat Knee Length Dress - Black,Vivo Nora Front Pleat Knee Length Dress,V0825014,60058863,V0825014BLAS,2
Retired Stock,Vivo Nora Front Pleat Knee Length Dress - Dark Red,Vivo Nora Front Pleat Knee Length Dress,V0825014,60058877,V0825014DREL,1
Retired Stock,Vivo Nora Front Pleat Knee Length Dress - Navy,Vivo Nora Front Pleat Knee Length Dress,V0825014,60058867,V0825014NAVS,1
Retired Stock,Vivo Nora Front Pleat Knee Length Dress - Navy,Vivo Nora Front Pleat Knee Length Dress,V0825014,60058869,V0825014NAVL,1
Retired Stock,Vivo Nora Front Pleat Knee Length Dress - Orange,Vivo Nora Front Pleat Knee Length Dress,V0825014,60058880,V0825014ORAM,3
Retired Stock,Vivo Nora Front Pleat Knee Length Dress - Orange,Vivo Nora Front Pleat Knee Length Dress,V0825014,60058881,V0825014ORAL,4
Retired Stock,Vivo Nora Front Pleat Knee Length Dress - Pink,Vivo Nora Front Pleat Knee Length Dress,V0825014,60058886,V0825014PIN1X,1
Retired Stock,Vivo Nora Front Pleat Knee Length Dress - Pink,Vivo Nora Front Pleat Knee Length Dress,V0825014,60058884,V0825014PINM,5
Retired Stock,Vivo Nora Front Pleat Knee Length Dress - Pink,Vivo Nora Front Pleat Knee Length Dress,V0825014,60058883,V0825014PINS,2
Retired Stock,Vivo Nora Front Slit Knee Length Skirt - Hunters,Vivo Nora Front Slit Knee Length Skirt,V0825012,60058521,V0825012HUNM,6
Retired Stock,Vivo Nora Front Slit Knee Length Skirt - Hunters,Vivo Nora Front Slit Knee Length Skirt,V0825012,60058520,V0825012HUNS,7
Retired Stock,Vivo Nora Front Slit Knee Length Skirt - Hunters,Vivo Nora Front Slit Knee Length Skirt,V0825012,60058523,V0825012HUN1X,3
Retired Stock,Vivo Nora Front Slit Knee Length Skirt - Navy,Vivo Nora Front Slit Knee Length Skirt,V0825012,60058532,V0825012NAVS,11
Retired Stock,Vivo Nora Front Slit Knee Length Skirt - Navy,Vivo Nora Front Slit Knee Length Skirt,V0825012,60058535,V0825012NAV1X,2
Retired Stock,Vivo Nora Front Slit Knee Length Skirt - Navy,Vivo Nora Front Slit Knee Length Skirt,V0825012,60058533,V0825012NAVM,14
Retired Stock,Vivo Nora Front Slit Knee Length Skirt - Navy,Vivo Nora Front Slit Knee Length Skirt,V0825012,60058534,V0825012NAVL,7
Retired Stock,Vivo Nora Front Slit Knee Length Skirt - Purple,Vivo Nora Front Slit Knee Length Skirt,V0825012,60058539,V0825012PUR1X,4
Retired Stock,Vivo Nora Front Slit Knee Length Skirt - Purple,Vivo Nora Front Slit Knee Length Skirt,V0825012,60058536,V0825012PURS,12
Retired Stock,Vivo Nora Front Slit Knee Length Skirt - Purple,Vivo Nora Front Slit Knee Length Skirt,V0825012,60058538,V0825012PURL,4
Retired Stock,Vivo Nora Front Slit Knee Length Skirt - Purple,Vivo Nora Front Slit Knee Length Skirt,V0825012,60058537,V0825012PURM,22
Retired Stock,Vivo Nora Front Slit Knee Length Skirt - Red,Vivo Nora Front Slit Knee Length Skirt,V0825012,60058530,V0825012REDL,5
Retired Stock,Vivo Nora Front Slit Knee Length Skirt - Red,Vivo Nora Front Slit Knee Length Skirt,V0825012,60058531,V0825012RED1X,8
Retired Stock,Vivo Nora Front Slit Knee Length Skirt - Red,Vivo Nora Front Slit Knee Length Skirt,V0825012,60058528,V0825012REDS,10
Retired Stock,Vivo Nora Front Slit Knee Length Skirt - Red,Vivo Nora Front Slit Knee Length Skirt,V0825012,60058529,V0825012REDM,11
Retired Stock,Vivo Nora Front Slit Knee Length Skirt - Taupe,Vivo Nora Front Slit Knee Length Skirt,V0825012,60058526,V0825012TAUL,2
Retired Stock,Vivo Nora Front Slit Knee Length Skirt - Taupe,Vivo Nora Front Slit Knee Length Skirt,V0825012,60058524,V0825012TAUS,4
Retired Stock,Vivo Nora Front Slit Knee Length Skirt - Taupe,Vivo Nora Front Slit Knee Length Skirt,V0825012,60058527,V0825012TAU1X,3
Retired Stock,Vivo Nora Front Slit Knee Length Skirt - Taupe,Vivo Nora Front Slit Knee Length Skirt,V0825012,60058525,V0825012TAUM,1
Retired Stock,Vivo Nuru Maxi Kimono - Black,Vivo Nuru Maxi Kimono,V0725020,60060257,V0725020BLAF,53
Retired Stock,Vivo Nuru Maxi Kimono - Brown,Vivo Nuru Maxi Kimono,V0725020,60060259,V0725020BRNF,12
Retired Stock,Vivo Nuru Maxi Kimono - Maroon,Vivo Nuru Maxi Kimono,V0725020,60060258,V0725020MARF,51
Retired Stock,Vivo Pelia Kimono - Black / White Meni Print,Vivo Pelia Kimono,V1024045,60046396,V1024045PR5F,1
Retired Stock,Vivo Pelia Kimono - Maroon / White Meni Print,Vivo Pelia Kimono,V1024045,60046397,V1024045PR6F,2
Retired Stock,Vivo Rayon Jersey Slip Dress - Black,Vivo Rayon Jersey Slip Dress,V1025038,60062023,V1025038BLAL,1
Retired Stock,Vivo Rayon Jersey Slip Dress - Chocolate,Vivo Rayon Jersey Slip Dress,V1025038,60062040,V1025038CHO2X,1
Retired Stock,Vivo Rayon Jersey Slip Dress - Chocolate,Vivo Rayon Jersey Slip Dress,V1025038,60062036,V1025038CHOS,11
Retired Stock,Vivo Rayon Jersey Slip Dress - Chocolate,Vivo Rayon Jersey Slip Dress,V1025038,60062037,V1025038CHOM,13
Retired Stock,Vivo Rayon Jersey Slip Dress - Navy,Vivo Rayon Jersey Slip Dress,V1025038,60062031,V1025038NAVS,9
Retired Stock,Vivo Rayon Jersey Slip Dress - Navy,Vivo Rayon Jersey Slip Dress,V1025038,60062033,V1025038NAVL,8
Retired Stock,Vivo Rayon Jersey Slip Dress - Navy,Vivo Rayon Jersey Slip Dress,V1025038,60062034,V1025038NAV1X,2
Retired Stock,Vivo Rayon Jersey Slip Dress - Navy,Vivo Rayon Jersey Slip Dress,V1025038,60062032,V1025038NAVM,14
Retired Stock,Vivo Rayon Jersey Slip Dress - White,Vivo Rayon Jersey Slip Dress,V1025038,60062030,V1025038WHI2X,1
Retired Stock,Vivo Rayon Jersey Slip Dress - White,Vivo Rayon Jersey Slip Dress,V1025038,60062027,V1025038WHIM,7
Retired Stock,Vivo Rayon Jersey Slip Dress - White,Vivo Rayon Jersey Slip Dress,V1025038,60062026,V1025038WHIS,3
Retired Stock,Vivo Rayon Jersey Slip Dress - White,Vivo Rayon Jersey Slip Dress,V1025038,60062029,V1025038WHI1X,2
Retired Stock,Vivo Rayon Jersey Slip Dress - White,Vivo Rayon Jersey Slip Dress,V1025038,60062028,V1025038WHIL,3
Retired Stock,Vivo Reba Gathered Dress - Navy / Rust Eba Print,Vivo Reba Gathered Dress,V0224221,60048481,V0224221PR3S,1
Retired Stock,Vivo Ria Mock Neck Top - Fuschia,Vivo Ria Mock Neck Top,V0725045,60058724,V0725045FUSS,1
Retired Stock,Vivo Ria Mock Neck Top - Grey,Vivo Ria Mock Neck Top,V0725045,60058675,V0725045GREM,4
Retired Stock,Vivo Ria Mock Neck Top - Grey,Vivo Ria Mock Neck Top,V0725045,60058677,V0725045GRE1X,1
Retired Stock,Vivo Ria Mock Neck Top - Lilac,Vivo Ria Mock Neck Top,V0725045,60058680,V0725045LILL,2
Retired Stock,Vivo Ria Mock Neck Top - Lilac,Vivo Ria Mock Neck Top,V0725045,60058681,V0725045LIL1X,2
Retired Stock,Vivo Ria Mock Neck Top - Lilac,Vivo Ria Mock Neck Top,V0725045,60058678,V0725045LILS,1
Retired Stock,Vivo Ria Mock Neck Top - Rust,Vivo Ria Mock Neck Top,V0725045,60058727,V0725045RUSS,1
Retired Stock,Vivo Ria Mock Neck Top - Rust,Vivo Ria Mock Neck Top,V0725045,60058735,V0725045RUSM,1
Retired Stock,Vivo Ria Mock Neck Top - Taupe,Vivo Ria Mock Neck Top,V0725045,60058721,V0725045TAUS,2
Retired Stock,Vivo Safa Skirt - Black,Vivo Safa Skirt,V0325007,60058509,V0325007BLAM,2
Retired Stock,Vivo Safa Skirt - Black,Vivo Safa Skirt,V0325007,60058508,V0325007BLAS,4
Retired Stock,Vivo Safa Skirt - Dark Taupe,Vivo Safa Skirt,V0325007,60058516,V0325007DTAUS,1
Retired Stock,Vivo Safa Skirt - Dark Taupe,Vivo Safa Skirt,V0325007,60058517,V0325007DTAUM,1
Retired Stock,Vivo Safa Skirt - Dark Taupe,Vivo Safa Skirt,V0325007,60058518,V0325007DTAUL,1
Retired Stock,Vivo Safa Skirt - Fuschia,Vivo Safa Skirt,V0325007,60053315,V0325007FUS1X,3
Retired Stock,Vivo Safa Skirt - Fuschia,Vivo Safa Skirt,V0325007,60053314,V0325007FUSL,2
Retired Stock,Vivo Safa Skirt - Fuschia,Vivo Safa Skirt,V0325007,60053312,V0325007FUSS,2
Retired Stock,Vivo Safa Skirt - Off White,Vivo Safa Skirt,V0325007,60053309,V0325007OWHIM,4
Retired Stock,Vivo Safa Skirt - Rust,Vivo Safa Skirt,V0325007,60053324,V0325007RUSS,1
Retired Stock,Vivo Safa Skirt - Taupe,Vivo Safa Skirt,V0325007,60058514,V0325007TAUL,2
Retired Stock,Vivo Safa Skirt - Taupe,Vivo Safa Skirt,V0325007,60058512,V0325007TAUS,1
Retired Stock,Vivo Safa Skirt - Taupe,Vivo Safa Skirt,V0325007,60058513,V0325007TAUM,2
Retired Stock,Vivo Samira Maxi Kimono - Black / Red Print,Vivo Samira Maxi Kimono,V0525043,60056021,V0525043PR11S/M,3
Retired Stock,Vivo Samira Maxi Kimono - Hunters / Red Print,Vivo Samira Maxi Kimono,V0525043,60056026,V0525043PR13L/1X,3
Retired Stock,Vivo Samira Maxi Kimono - Hunters / Red Print,Vivo Samira Maxi Kimono,V0525043,60056025,V0525043PR13S/M,5
Retired Stock,Vivo Seli Strappy Tent Top - Black,Vivo Seli Strappy Tent Top,V0125047,60051220,V0125047BLAS,5
Retired Stock,Vivo Seli Strappy Tent Top - Black,Vivo Seli Strappy Tent Top,V0125047,60051222,V0125047BLAL,1
Retired Stock,Vivo Seli Strappy Tent Top - Black,Vivo Seli Strappy Tent Top,V0125047,60051221,V0125047BLAM,1
Retired Stock,Vivo Seli Strappy Tent Top - White / Black Esli Print,Vivo Seli Strappy Tent Top,V0125047,60051224,V0125047PR1S,1
Retired Stock,Vivo Sierra Bishop Sleeve Top - Brown / Yellow Lika Print,Vivo Sierra Bishop Sleeve Top,V0121031,60050364,V0121031PR171X,2
Retired Stock,Vivo Sierra Bishop Sleeve Top - Brown / Yellow Lika Print,Vivo Sierra Bishop Sleeve Top,V0121031,60050363,V0121031PR17L,6
Retired Stock,Vivo Sierra Bishop Sleeve Top - Brown / Yellow Lika Print,Vivo Sierra Bishop Sleeve Top,V0121031,60050362,V0121031PR17M,1
Retired Stock,Vivo Studio 2-piece in Mixed Media - Black,Vivo Studio 2-piece in Mixed Media,V0925053,60062432,V0925053BLAM,8
Retired Stock,Vivo Studio 2-piece in Mixed Media - Black,Vivo Studio 2-piece in Mixed Media,V0925053,60062434,V0925053BLA1X,1
Retired Stock,Vivo Studio 2-piece in Mixed Media - Black,Vivo Studio 2-piece in Mixed Media,V0925053,60062433,V0925053BLAL,3
Retired Stock,Vivo Studio 2-piece in Mixed Media- Hunters Green,Vivo Studio 2-piece in Mixed Media,V0925053,60062444,V0925053HGRN1X,3
Retired Stock,Vivo Studio 2-piece in Mixed Media- Hunters Green,Vivo Studio 2-piece in Mixed Media,V0925053,60062442,V0925053HGRNM,1
Retired Stock,Vivo Studio Longline Shorts in Crepe - Maroon Stripes,Vivo Studio Longline Shorts in Crepe,V1225011,60065105,V1225011PR1S,1
Retired Stock,Vivo Studio Longline Shorts in Crepe - Maroon Stripes,Vivo Studio Longline Shorts in Crepe,V1225011,60065107,V1225011PR1L,1
Retired Stock,Vivo Tahisa Straight Leg Pants - Blue,Vivo Tahisa Straight Leg Pants,V1124102,60055045,V1124102BLUS,1
Retired Stock,Vivo Tahisa Straight Leg Pants - Orange,Vivo Tahisa Straight Leg Pants,V1124102,60052590,V1124102ORAS,1
Retired Stock,Vivo Tahisa Straight Leg Pants -Dark Green,Vivo Tahisa Straight Leg Pants,V1124102,60052571,V1124102DAGM,2
Retired Stock,Vivo Tahisa Straight Leg Pants -Light Olive,Vivo Tahisa Straight Leg Pants,V1124102,60052577,V1124102LIOL,2
Retired Stock,Vivo Tahisa Straight Leg Pants -Light Olive,Vivo Tahisa Straight Leg Pants,V1124102,60052575,V1124102LIOS,1
Retired Stock,Vivo Tana Puff Sleeve Bodysuit - Chocolate Brown,Vivo Tana Puff Sleeve Bodysuit,V0822077,60056902,V0822077CHBM,2
Retired Stock,Vivo Tana Puff Sleeve Bodysuit - Chocolate Brown,Vivo Tana Puff Sleeve Bodysuit,V0822077,60056905,V0822077CHB2X,1
Retired Stock,Vivo Tana Puff Sleeve Bodysuit - Chocolate Brown,Vivo Tana Puff Sleeve Bodysuit,V0822077,60056901,V0822077CHBS,3
Retired Stock,Vivo Tana Puff Sleeve Bodysuit - Chocolate Brown,Vivo Tana Puff Sleeve Bodysuit,V0822077,60056904,V0822077CHB1X,2
Retired Stock,Vivo Tana Puff Sleeve Bodysuit - Chocolate Brown,Vivo Tana Puff Sleeve Bodysuit,V0822077,60056903,V0822077CHBL,6
Retired Stock,Vivo Tana Puff Sleeve Bodysuit - Dark Green,Vivo Tana Puff Sleeve Bodysuit,V0822077,60010068,V0822077DGNM,13
Retired Stock,Vivo Tana Puff Sleeve Bodysuit - Dark Green,Vivo Tana Puff Sleeve Bodysuit,V0822077,60010069,V0822077DGNL,9
Retired Stock,Vivo Tana Puff Sleeve Bodysuit - Dark Green,Vivo Tana Puff Sleeve Bodysuit,V0822077,60010070,V0822077DGNXL,7
Retired Stock,Vivo Tana Puff Sleeve Bodysuit - Dark Green,Vivo Tana Puff Sleeve Bodysuit,V0822077,60010067,V0822077DGNS,4
Retired Stock,Vivo Tana Puff Sleeve Bodysuit - Red,Vivo Tana Puff Sleeve Bodysuit,V0822077,60020985,V0822077REDM,11
Retired Stock,Vivo Tana Puff Sleeve Bodysuit - Red,Vivo Tana Puff Sleeve Bodysuit,V0822077,60020984,V0822077REDS,2
Retired Stock,Vivo Tana Puff Sleeve Bodysuit - Red,Vivo Tana Puff Sleeve Bodysuit,V0822077,60020987,V0822077REDXL,9
Retired Stock,Vivo Tana Puff Sleeve Bodysuit - Red,Vivo Tana Puff Sleeve Bodysuit,V0822077,60020986,V0822077REDL,11
Retired Stock,Vivo Tana Puff Sleeve Bodysuit In Jersey - Red,Vivo Tana Puff Sleeve Bodysuit,V0822077,60064349,V0822077RED2X,2
Retired Stock,Vivo Tana Puff Sleeve Bodysuit In Jersey- Navy Blue,Vivo Tana Puff Sleeve Bodysuit,V0822077,60015832,V0822077NABXL,1
Retired Stock,Vivo Waridi Sleeveless Overcoat - Black,Vivo Waridi Sleeveless Overcoat,V1020056,60037074,V1020056BLAS-V2,1
Retired Stock,Vivo Waridi Sleeveless Overcoat - Burgundy,Vivo Waridi Sleeveless Overcoat,V1020056,50012831,V1020056BURM,1
Retired Stock,Vivo Waridi Sleeveless Overcoat - Burgundy,Vivo Waridi Sleeveless Overcoat,V1020056,50012832,V1020056BURL,2
Retired Stock,Vivo Waridi Sleeveless Overcoat - Dark Teal,Vivo Waridi Sleeveless Overcoat,V1020056,60033880,V1020056DTEAL,1
Retired Stock,Vivo Waridi Sleeveless Overcoat - Navy Blue,Vivo Waridi Sleeveless Overcoat,V1020056,40017071,V1020056NABS,20
Retired Stock,Vivo Waridi Sleeveless Overcoat - Navy Blue,Vivo Waridi Sleeveless Overcoat,V1020056,60053092,V1020056NAB2X,3
Retired Stock,Vivo Waridi Sleeveless Overcoat - Navy Blue,Vivo Waridi Sleeveless Overcoat,V1020056,40017073,V1020056NABL,10
Retired Stock,Vivo Waridi Sleeveless Overcoat - Navy Blue,Vivo Waridi Sleeveless Overcoat,V1020056,40017074,V1020056NABXL,1
Retired Stock,Vivo Waridi Sleeveless Overcoat - Wine Red,Vivo Waridi Sleeveless Overcoat,V1020056,60052763,V1020056WREDS,2
Retired Stock,Vivo X This Is Essential Raceback Bralette - Black,Vivo X This Is Essential Raceback Bralette,V0424116,60035803,V0424116BLAXS,5
Retired Stock,Vivo X This Is Essential Raceback Bralette - Navy Blue,Vivo X This Is Essential Raceback Bralette,V0424116,60035817,V0424116NAB2X,5
Retired Stock,Vivo X This Is Essential Raceback Bralette - Navy Blue,Vivo X This Is Essential Raceback Bralette,V0424116,60035812,V0424116NABXS,2
Retired Stock,Vivo X This Is Essential Raceback Bralette - Navy Blue,Vivo X This Is Essential Raceback Bralette,V0424116,60035813,V0424116NABS,6
Retired Stock,Vivo X This Is Essential Raceback Bralette - Navy Blue,Vivo X This Is Essential Raceback Bralette,V0424116,60035814,V0424116NABM,9
Retired Stock,Vivo X This Is Essential Raceback Bralette - Navy Blue,Vivo X This Is Essential Raceback Bralette,V0424116,60035811,V0424116NABXXS,2
Retired Stock,Vivo Yene Wide Leg Pants - Light Teal,Vivo Yene Wide Leg Pants,V1124138,60051188,V1124138LIGT1X,1
Retired Stock,Vivo Yene Wide Leg Pants - Navy Blue,Vivo Yene Wide Leg Pants,V1124138,60051174,V1124138NABM,1
Retired Stock,Vivo Yene Wide Leg Pants - Navy Blue,Vivo Yene Wide Leg Pants,V1124138,60051173,V1124138NABS,2
Retired Stock,Vivo Yene Wide Leg Pants - Olive,Vivo Yene Wide Leg Pants,V1124138,60055143,V1124138OLIL,1
Retired Stock,Vivo Yene Wide Leg Pants - Purple,Vivo Yene Wide Leg Pants,V1124138,60055145,V1124138PURS,2
Retired Stock,Vivo Zahari Sweatheart Neck Jumpsuit - Taupe / White Print,Vivo Zahari Sweatheart Neck Jumpsuit,V0623013,60056126,V0623013PR5M,1
Safari Sarit,Safari By Vivo Mens Cotton Long Sleeve Shirt - White / Navy Print,Safari By Vivo Mens Cotton Long Sleeve Shirt,S0925062,60060669,S0925062PR1S,1
Safari Sarit,Safari By Vivo Mens Cotton Long Sleeve Shirt - White / Navy Print,Safari By Vivo Mens Cotton Long Sleeve Shirt,S0925062,60060670,S0925062PR1M,1
Safari Sarit,Safari Chui Lined Jacket - White Cloud,Safari Chui Lined Jacket,S1024005,60047579,S1024005WHICS,1
Safari Sarit,Safari Chui Lined Jacket - White Cloud,Safari Chui Lined Jacket,S1024005,60048361,S1024005WHICXS,1
Safari Sarit,Safari Chui Lined Jacket - White Cloud,Safari Chui Lined Jacket,S1024005,60047580,S1024005WHICM,1
Safari Sarit,Safari Mara Shirred Bishop Sleeve Dress - Coral,Safari Mara Shirred Bishop Sleeve Dress,S1022008,60053118,S1022008CORL,1
Safari Sarit,Safari Mara Shirred Bishop Sleeve Dress - Coral,Safari Mara Shirred Bishop Sleeve Dress,S1022008,60053117,S1022008CORM,1
Safari Sarit,Safari Men's Short Sleeve Shirt - Black / Tari Print,Safari Men's Short Sleeve Shirt,S0424198,60037902,S0424198PR44X,1
Safari Sarit,Safari Men's Short Sleeve Shirt - Black / Tari Print,Safari Men's Short Sleeve Shirt,S0424198,60037896,S0424198PR4S,1
Safari Sarit,Safari Men's Short Sleeve Shirt - White / Chari Print,Safari Men's Short Sleeve Shirt,S0424198,60037904,S0424198PR1S,1
Safari Sarit,Safari Naledi Gathered Panel Maxi Skirt - White,Safari Naledi Gathered Panel Maxi Skirt,S0325065,60055219,S0325065WHIF,3
Safari Sarit,Safari Njano Men's Easy Fit Kitenge Pants - Black / Brown Print,Safari Njano Men's Easy Fit Kitenge Pants,S0925045,60060687,S0925045PR2L,2
Safari Sarit,Safari Njano Men's Easy Fit Kitenge Pants - Black / Brown Print,Safari Njano Men's Easy Fit Kitenge Pants,S0925045,60060686,S0925045PR2M,1
Safari Sarit,Safari Tiwa Barell Pants - Black,Safari Tiwa Barell Pants,S0325031,60053950,S0325031BLAM,1
Safari Sarit,Safari Tiwa Barell Pants - Black,Safari Tiwa Barell Pants,S0325031,60053949,S0325031BLAS,1
Safari Sarit,Safari Tiwa Barell Pants - White,Safari Tiwa Barell Pants,S0325031,60053945,S0325031WHIS,1
Safari Sarit,Safari Tiwa Barell Pants - White,Safari Tiwa Barell Pants,S0325031,60053948,S0325031WHI1X,1
Safari Sarit,Safari Tiwa Shirred Midi Dress - Lime,Safari Tiwa Shirred Midi Dress,S0125056,60053957,S0125056LIMXS/S,2
Safari Sarit,Safari Tiwa Shirred Midi Dress - Rust,Safari Tiwa Shirred Midi Dress,S0125056,60053963,S0125056RUSTXS/S,2
Safari Sarit,Safari Tiwa Shirred Midi Dress - Rust,Safari Tiwa Shirred Midi Dress,S0125056,60053964,S0125056RUSTM/L,1
Safari Sarit,Safari Zene Off Shoulder Top - Hunters,Safari Zene Off Shoulder Top,S1023060,60054299,S1023060HUNM,2
Safari Sarit,Safari by Vivo Naledi Bubble Midi Dress - Beta Print,Safari by Vivo Naledi Bubble Midi Dress,S0925040,60061239,S0925040PR6M,1
Safari Sarit,Safari by Vivo Naledi Bubble Midi Dress - Beta Print,Safari by Vivo Naledi Bubble Midi Dress,S0925040,60061238,S0925040PR6S,1
Safari Sarit,Safari by Vivo Naledi Bubble Midi Dress - Neli Print,Safari by Vivo Naledi Bubble Midi Dress,S0925040,60061228,S0925040PR3L,1
Safari Sarit,Safari by Vivo Naledi Bubble Midi Dress - Voni Print,Safari by Vivo Naledi Bubble Midi Dress,S0925040,60061235,S0925040PR5M,2
Safari Sarit,Shiv & Shikie X Safari Printed Short Sleeve Shirt - Grey / Black Ezi Print,Shiv & Shikie X Safari Printed Short Sleeve Shirt,S0425041,60056439,S0425041PR2S,1
Safari Sarit,Shiv & Shikie X Safari Short Sleeve Shirt - Lime,Shiv & Shikie X Safari Printed Short Sleeve Shirt,S0425041,60055657,S0425041LIML,1
Staff purchases,Vivo Tahisa Straight Leg Pants - Rust,Vivo Tahisa Straight Leg Pants,V1124102,60052587,V1124102RUSL,1
The Oasis Mall,Safari Kamari Capri Cargo Pants - White,Safari Kamari Capri Cargo Pants,S0224195,60035286,S0224195WHI4X,1
The Oasis Mall,Safari Tafari Shorts - Laka Print,Safari Tafari Shorts,S0925046,60060967,S0925046PR7L,1
The Oasis Mall,Safari Tafari Shorts - Laka Print,Safari Tafari Shorts,S0925046,60060968,S0925046PR71X,1
The Oasis Mall,Safari Tafari Shorts - Laka Print,Safari Tafari Shorts,S0925046,60060965,S0925046PR7S,2
The Oasis Mall,Safari Tafari Shorts - Light Blue Asili Print,Safari Tafari Shorts,S0925046,60060941,S0925046PR1S,1
The Oasis Mall,Safari Tafari Shorts - Shan Print,Safari Tafari Shorts,S0925046,60060977,S0925046PR10S,1
The Oasis Mall,Safari Tafari Wrap Top - Songwe Print,Safari Tafari Wrap Top,S1025031,60060656,S1025031PR11S/M,1
The Oasis Mall,Shiv & Shikie X Safari Printed Short Sleeve Shirt - Brown / Black Ezi Print,Shiv & Shikie X Safari Printed Short Sleeve Shirt,S0425041,60056093,S0425041PR1L,1
The Oasis Mall,Shiv & Shikie X Safari Printed Short Sleeve Shirt - Brown / Black Ezi Print,Shiv & Shikie X Safari Printed Short Sleeve Shirt,S0425041,60056097,S0425041PR11X,1
The Oasis Mall,Shiv & Shikie X Safari Printed Short Sleeve Shirt - Grey / Black Ezi Print,Shiv & Shikie X Safari Printed Short Sleeve Shirt,S0425041,60056441,S0425041PR2L,1
The Oasis Mall,Shiv & Shikie X Safari Printed Short Sleeve Shirt - Taupe / Black Ezi Print,Shiv & Shikie X Safari Printed Short Sleeve Shirt,S0425041,60056444,S0425041PR3M,1
The Oasis Mall,Vivo Alani High Low Dress - Black Checkered Print,Vivo Alani High Low Dress,V0625018,60056572,V0625018PR3M,1
The Oasis Mall,Vivo Alani High Low Dress - Black Stripes Print,Vivo Alani High Low Dress,V0625018,60056580,V0625018PR5M,2
The Oasis Mall,Vivo Alani High Low Dress - Black Stripes Print,Vivo Alani High Low Dress,V0625018,60056579,V0625018PR5S,1
The Oasis Mall,Vivo Alani High Low Dress - Black Stripes Print - PRINT / V0625018 / 1X,Vivo Alani High Low Dress,V0625018,,V0625018PR51X,1
The Oasis Mall,Vivo Aleri Trench Coat Dress - Maroon,Vivo Aleri Trench Coat Dress,V0625059,60057793,V0625059MARM,1
The Oasis Mall,Vivo Ari Sleeveless Straight Maxi Slit Dress - Black - BLACK / V0725029 / S,Vivo Ari Sleeveless Straight Maxi Slit Dress,V0725029,,V0725029BLAS,1
The Oasis Mall,Vivo Ari Sleeveless Straight Maxi Slit Dress - Sea Green,Vivo Ari Sleeveless Straight Maxi Slit Dress,V0725029,60057241,V0725029SEGS,4
The Oasis Mall,Vivo Ari Sleeveless Straight Maxi Slit Dress - Sea Green,Vivo Ari Sleeveless Straight Maxi Slit Dress,V0725029,60057242,V0725029SEGM,4
The Oasis Mall,Vivo Ari Sleeveless Straight Maxi Slit Dress - Sea Green,Vivo Ari Sleeveless Straight Maxi Slit Dress,V0725029,60057243,V0725029SEGL,1
The Oasis Mall,Vivo Ava Front Pleat Knee Length Dress In Crepe - White,Vivo Ava Front Pleat Knee Length Dress,V1124142,60063420,V1124142WHIM,2
The Oasis Mall,Vivo Ava Front Pleat Knee Length Dress In Crepe - White,Vivo Ava Front Pleat Knee Length Dress,V1124142,60063419,V1124142WHIS,2
The Oasis Mall,Vivo Ayah Drawstring Pants - Lilac / Orange Zani Print,Vivo Ayah Drawstring Pants,V0225003,60057967,V0225003PR31X,2
The Oasis Mall,Vivo Ayah Drawstring Pants - Lilac / Orange Zani Print,Vivo Ayah Drawstring Pants,V0225003,60057964,V0225003PR3S,2
The Oasis Mall,Vivo Basic Drop Shoulder Top - Mustard,Vivo Basic Drop Shoulder Top,V0622002,60039835,V0622002MUSL,1
The Oasis Mall,Vivo Basic Drop Shoulder Top - Pink,Vivo Basic Drop Shoulder Top,V0622002,60054367,V0622002PINL,1
The Oasis Mall,Vivo Basic Drop Shoulder Top - Pink,Vivo Basic Drop Shoulder Top,V0622002,60054368,V0622002PIN1X,2
The Oasis Mall,Vivo Basic Drop Shoulder Top - Pink,Vivo Basic Drop Shoulder Top,V0622002,60054366,V0622002PINM,1
The Oasis Mall,Vivo Basic Drop Shoulder Top - Pink,Vivo Basic Drop Shoulder Top,V0622002,60054365,V0622002PINS,3
The Oasis Mall,Vivo Basic Hooded Kimono - Purple - PURPLE / V1024063 / M,Vivo Basic Hooded Kimono,V1024063,,V1024063PURM,1
The Oasis Mall,Vivo Basic Hooded Kimono - Purple - PURPLE / V1024063 / S,Vivo Basic Hooded Kimono,V1024063,,V1024063PURS,1
The Oasis Mall,Vivo Basic Maternity Leggings - Navy Blue,Vivo Basic Maternity Leggings,V1022057,60013552,V1022057NABS,2
The Oasis Mall,Vivo Boat Neck Dress in Ponte - Black,Vivo Boat Neck Dress in Ponte,V0126025,60065661,V0126025BLA2X,1
The Oasis Mall,Vivo Boat Neck Dress in Ponte - Black,Vivo Boat Neck Dress in Ponte,V0126025,60065657,V0126025BLAS,2
The Oasis Mall,Vivo Boat Neck Dress in Ponte - Black,Vivo Boat Neck Dress in Ponte,V0126025,60065658,V0126025BLAM,1
The Oasis Mall,Vivo Boat Neck Dress in Ponte - Black,Vivo Boat Neck Dress in Ponte,V0126025,60065660,V0126025BLA1X,2
The Oasis Mall,Vivo Boat Neck Top in Scuba - Black,Vivo Boat Neck Top in Scuba,V0126024,60065750,V0126024BLAL,1
The Oasis Mall,Vivo Boat Neck Top in Scuba - Red,Vivo Boat Neck Top in Scuba,V0126024,60065756,V0126024RED1X,2
The Oasis Mall,Vivo Boat Neck Top in Scuba - Red,Vivo Boat Neck Top in Scuba,V0126024,60065753,V0126024REDS,1
The Oasis Mall,Vivo Boat Neck Top in Scuba - Red,Vivo Boat Neck Top in Scuba,V0126024,60065754,V0126024REDM,3
The Oasis Mall,Vivo Boat Neck Top in Scuba - Red,Vivo Boat Neck Top in Scuba,V0126024,60065755,V0126024REDL,3
The Oasis Mall,Vivo Diella 3/4 Sleeve A-Line Dress - Dark Purple,Vivo Diella 3/4 Sleeve A-Line Dress,V0425056,60056641,V0425056DPURM,1
The Oasis Mall,Vivo Diella 3/4 Sleeve A-Line Dress - Dark Purple,Vivo Diella 3/4 Sleeve A-Line Dress,V0425056,60056643,V0425056DPUR1X,1
The Oasis Mall,Vivo Drop Shoulder Shirt in Organza - Black,Vivo Drop Shoulder Shirt in Organza,REO2260,60065791,REO226001BLA1X,2
The Oasis Mall,Vivo Drop Shoulder Shirt in Organza - Black,Vivo Drop Shoulder Shirt in Organza,RE02260,60065788,RE0226001BLAS,2
The Oasis Mall,Vivo Drop Shoulder Shirt in Organza - Black,Vivo Drop Shoulder Shirt in Organza,REO2260,60065789,REO226001BLAM,1
The Oasis Mall,Vivo Imara Cap Sleeve Sheath Dress - Navy,Vivo Imara Cap Sleeve Sheath Dress,V0123007,60057740,V0123007NAVS,1
The Oasis Mall,Vivo Imara Cap Sleeve Sheath Dress - Red,Vivo Imara Cap Sleeve Sheath Dress,V0123007,60057736,V0123007REDM,1
The Oasis Mall,Vivo Imara Cap Sleeve Sheath Dress - Red,Vivo Imara Cap Sleeve Sheath Dress,V0123007,60057735,V0123007REDS,2
The Oasis Mall,Vivo  Iyana Bubble Midi Skirt - Yellow / Lilac Iya Print - PRINT / V0625043 / M,Vivo Iyana Bubble Midi Skirt,V0625043,,V0625043PR2M,1
The Oasis Mall,Vivo Iyana Bubble Midi Skirt - Yellow / Lilac Iya Print,Vivo Iyana Bubble Midi Skirt,V0625043,60057614,V0625043PR2L,1
The Oasis Mall,Vivo Iyana Tank Top - Dark Purple,Vivo Iyana Tank Top,V0625044,60057506,V0625044DAPL,1
The Oasis Mall,Vivo Iyana Tank Top - Dark Purple,Vivo Iyana Tank Top,V0625044,60057505,V0625044DAPM,1
The Oasis Mall,Vivo Iyana Tank Top - Dark Purple,Vivo Iyana Tank Top,V0625044,60057504,V0625044DAPS,1
The Oasis Mall,Vivo Iyana Tank Top - Green,Vivo Iyana Tank Top,V0625044,60057517,V0625044GRNM,1
The Oasis Mall,Vivo Iyana Tank Top - Lime Yellow,Vivo Iyana Tank Top,V0625044,60057514,V0625044LMYL,1
The Oasis Mall,Vivo Iyana Tank Top - Lime Yellow,Vivo Iyana Tank Top,V0625044,60057515,V0625044LMY1X,1
The Oasis Mall,Vivo Iyana Tank Top - Lime Yellow,Vivo Iyana Tank Top,V0625044,60057513,V0625044LMYM,1
The Oasis Mall,Vivo J.O V-Neck Sheath Dress - Wine Red - WINE RED / 0621001 / S,Vivo J.O V-Neck Sheath Dress,V0621001,,0621001WIRS,1
The Oasis Mall,Vivo Jersey Drop Shoulder Tank Top - Black,Vivo Jersey Drop Shoulder Top,V1125001,60061403,V1125001BLAS,1
The Oasis Mall,Vivo Jersey Drop Shoulder Top - Olive,Vivo Jersey Drop Shoulder Top,V1125001,60061463,V1125001OLIS,2
The Oasis Mall,Vivo Liora Shorts - Cream / Coral Ziza Print,Vivo Liora Shorts,V0925026,60062115,V0925026PR2S,2
The Oasis Mall,Vivo Liora Shorts - Cream / Coral Ziza Print,Vivo Liora Shorts,V0925026,60062116,V0925026PR2M,3
The Oasis Mall,Vivo Lulu Cotton Barrel Pants - Black,Vivo Lulu Cotton Barrel Pants,V1125006,60061741,V1125006BLAS,1
The Oasis Mall,Vivo Lulu Cotton Barrel Pants - Maroon,Vivo Lulu Cotton Barrel Pants,V1125006,60061737,V1125006MARM,3
The Oasis Mall,Vivo Lulu Cotton Barrel Pants - Maroon,Vivo Lulu Cotton Barrel Pants,V1125006,60061736,V1125006MARS,2
The Oasis Mall,Vivo Niari straight leg Pants - Green,Vivo Niari straight leg Pants,V0225011,60053017,V0225011GRES,1
The Oasis Mall,Vivo Nora 3/4 Sleeve Peplum Top - Taupe,Vivo Nora 3/4 Sleeve Peplum Top,V0825009,60058544,V0825009TAUS,1
The Oasis Mall,Vivo Nora Front Pleat Knee Length Dress - Chocolate,Vivo Nora Front Pleat Knee Length Dress,V0825014,60058887,V0825014CHOS,1
The Oasis Mall,Vivo Nora Front Pleat Knee Length Dress - Dark Red,Vivo Nora Front Pleat Knee Length Dress,V0825014,60058876,V0825014DREM,2
The Oasis Mall,Vivo Nora Front Pleat Knee Length Dress - Dark Red,Vivo Nora Front Pleat Knee Length Dress,V0825014,60058875,V0825014DRES,2
The Oasis Mall,Vivo Nora Front Pleat Knee Length Dress - Orange,Vivo Nora Front Pleat Knee Length Dress,V0825014,60058880,V0825014ORAM,2
The Oasis Mall,Vivo Nora Front Pleat Knee Length Dress - Taupe,Vivo Nora Front Pleat Knee Length Dress,V0825014,60058872,V0825014TAUM,1
The Oasis Mall,Vivo Nora Front Slit Knee Length Skirt - Navy,Vivo Nora Front Slit Knee Length Skirt,V0825012,60058532,V0825012NAVS,2
The Oasis Mall,Vivo Nora Front Slit Knee Length Skirt - Purple,Vivo Nora Front Slit Knee Length Skirt,V0825012,60058537,V0825012PURM,1
The Oasis Mall,Vivo Nora Front Slit Knee Length Skirt - Taupe,Vivo Nora Front Slit Knee Length Skirt,V0825012,60058525,V0825012TAUM,2
The Oasis Mall,Vivo Rayon Jersey Slip Dress - Chocolate,Vivo Rayon Jersey Slip Dress,V1025038,60062036,V1025038CHOS,2
The Oasis Mall,Vivo Rayon Jersey Slip Dress - Chocolate,Vivo Rayon Jersey Slip Dress,V1025038,60062039,V1025038CHO1X,3
The Oasis Mall,Vivo Rayon Jersey Slip Dress - Chocolate,Vivo Rayon Jersey Slip Dress,V1025038,60062038,V1025038CHOL,2
The Oasis Mall,Vivo Rayon Jersey Slip Dress - Chocolate,Vivo Rayon Jersey Slip Dress,V1025038,60062037,V1025038CHOM,3
The Oasis Mall,Vivo Rayon Jersey Slip Dress - Navy,Vivo Rayon Jersey Slip Dress,V1025038,60062032,V1025038NAVM,3
The Oasis Mall,Vivo Rayon Jersey Slip Dress - Navy,Vivo Rayon Jersey Slip Dress,V1025038,60062031,V1025038NAVS,2
The Oasis Mall,Vivo Ria Mock Neck Top - Fuschia,Vivo Ria Mock Neck Top,V0725045,60058724,V0725045FUSS,2
The Oasis Mall,Vivo Safa Skirt - Black,Vivo Safa Skirt,V0325007,60058508,V0325007BLAS,1
The Oasis Mall,Vivo Safa Skirt - Black,Vivo Safa Skirt,V0325007,60058509,V0325007BLAM,3
The Oasis Mall,Vivo Safa Skirt - Fuschia,Vivo Safa Skirt,V0325007,60053312,V0325007FUSS,1
The Oasis Mall,Vivo Studio 2-piece in Mixed Media - Black,Vivo Studio 2-piece in Mixed Media,V0925053,60062432,V0925053BLAM,3
The Oasis Mall,Vivo Studio 2-piece in Mixed Media - Black,Vivo Studio 2-piece in Mixed Media,V0925053,60062434,V0925053BLA1X,1
The Oasis Mall,Vivo Studio 2-piece in Mixed Media - Black,Vivo Studio 2-piece in Mixed Media,V0925053,60062433,V0925053BLAL,2
The Oasis Mall,Vivo Studio 2-piece in Mixed Media - Burgundy,Vivo Studio 2-piece in Mixed Media,V0925053,60062426,V0925053BURS,1
The Oasis Mall,Vivo Studio 2-piece in Mixed Media - Burgundy,Vivo Studio 2-piece in Mixed Media,V0925053,60062427,V0925053BURM,3
The Oasis Mall,Vivo Studio 2-piece in Mixed Media - Orange,Vivo Studio 2-piece in Mixed Media,V0925053,60062436,V0925053ORAS,2
The Oasis Mall,Vivo Studio 2-piece in Mixed Media - Orange,Vivo Studio 2-piece in Mixed Media,V0925053,60062438,V0925053ORAL,2
The Oasis Mall,Vivo Studio 2-piece in Mixed Media - Orange,Vivo Studio 2-piece in Mixed Media,V0925053,60062439,V0925053ORA1X,1
The Oasis Mall,Vivo Studio 2-piece in Mixed Media- Hunters Green,Vivo Studio 2-piece in Mixed Media,V0925053,60062441,V0925053HGRNS,1
The Oasis Mall,Vivo Studio 2-piece in Mixed Media- Hunters Green,Vivo Studio 2-piece in Mixed Media,V0925053,60062442,V0925053HGRNM,2
The Oasis Mall,Vivo Studio Longline Shorts in Crepe - Lilac Stripes,Vivo Studio Longline Shorts in Crepe,V1225011,60065109,V1225011PR2XS,1
The Oasis Mall,Vivo Studio Longline Shorts in Crepe - Lilac Stripes,Vivo Studio Longline Shorts in Crepe,V1225011,60065113,V1225011PR21X,1
The Oasis Mall,Vivo Studio Longline Shorts in Crepe - Lilac Stripes,Vivo Studio Longline Shorts in Crepe,V1225011,60065112,V1225011PR2L,2
The Oasis Mall,Vivo Studio Longline Shorts in Crepe - Lilac Stripes,Vivo Studio Longline Shorts in Crepe,V1225011,60065111,V1225011PR2M,3
The Oasis Mall,Vivo Studio Longline Shorts in Crepe - Lilac Stripes,Vivo Studio Longline Shorts in Crepe,V1225011,60065110,V1225011PR2S,2
The Oasis Mall,Vivo Tahisa Straight Leg Pants - Blue,Vivo Tahisa Straight Leg Pants,V1124102,60055046,V1124102BLUM,1
The Oasis Mall,Vivo Tana Puff Sleeve Bodysuit - Black,Vivo Tana Puff Sleeve Bodysuit,V0822077,60007761,V0822077BLAS,1
The Oasis Mall,Vivo Tana Puff Sleeve Bodysuit - Dark Green,Vivo Tana Puff Sleeve Bodysuit,V0822077,60010067,V0822077DGNS,2
The Oasis Mall,Vivo Tana Puff Sleeve Bodysuit - Dark Green,Vivo Tana Puff Sleeve Bodysuit,V0822077,60010070,V0822077DGNXL,1
The Oasis Mall,Vivo Tana Puff Sleeve Bodysuit - Dark Green,Vivo Tana Puff Sleeve Bodysuit,V0822077,60010069,V0822077DGNL,3
The Oasis Mall,Vivo Tana Puff Sleeve Bodysuit - Dark Green,Vivo Tana Puff Sleeve Bodysuit,V0822077,60010068,V0822077DGNM,2
The Oasis Mall,Vivo Tana Puff Sleeve Bodysuit In Jersey - Dark Green,Vivo Tana Puff Sleeve Bodysuit,V0822077,60064351,V0822077DGN2X,1
The Oasis Mall,Vivo Waridi Sleeveless Overcoat - Dark Teal,Vivo Waridi Sleeveless Overcoat,V1020056,60033879,V1020056DTEAM,1
The Oasis Mall,Vivo Waridi Sleeveless Overcoat - Dark Teal,Vivo Waridi Sleeveless Overcoat,V1020056,60033878,V1020056DTEAS,1
The Oasis Mall,Vivo Waridi Sleeveless Overcoat - Navy Blue,Vivo Waridi Sleeveless Overcoat,V1020056,40017071,V1020056NABS,1
Vivo Acacia,Safari Tafari Shorts - Light Blue Asili Print,Safari Tafari Shorts,S0925046,60060942,S0925046PR1M,3
Vivo Acacia,Safari Tafari Shorts - Shan Print,Safari Tafari Shorts,S0925046,60060978,S0925046PR10M,2
Vivo Acacia,Safari by Vivo Naledi Bubble Midi Dress - Beta Print,Safari by Vivo Naledi Bubble Midi Dress,S0925040,60061239,S0925040PR6M,2
Vivo Acacia,Shiv & Shikie X Safari Barrel Pants - Black,Shiv & Shikie X Safari Barrel Pants,S0425039,60055427,S0425039BLAM,3
Vivo Acacia,Vivo Aleri Trench Coat Dress - Maroon,Vivo Aleri Trench Coat Dress,V0625059,60057792,V0625059MARS,1
Vivo Acacia,Vivo Aleri Trench Coat Dress - Maroon,Vivo Aleri Trench Coat Dress,V0625059,60057795,V0625059MAR1X,3
Vivo Acacia,Vivo Aleri Trench Coat Dress - Maroon,Vivo Aleri Trench Coat Dress,V0625059,60057793,V0625059MARM,2
Vivo Acacia,Vivo Aleri Trench Coat Dress - Maroon,Vivo Aleri Trench Coat Dress,V0625059,60057794,V0625059MARL,2
Vivo Acacia,Vivo Alma Short Sleeve Mini Bodycon - Lime,Vivo Alma Short Sleeve Mini Bodycon,V0825060,60060315,V0825060LIM1X,1
Vivo Acacia,Vivo Alma Short Sleeve Mini Bodycon - Lime,Vivo Alma Short Sleeve Mini Bodycon,V0825060,60060314,V0825060LIML,2
Vivo Acacia,Vivo Alma Short Sleeve Mini Bodycon - Lime,Vivo Alma Short Sleeve Mini Bodycon,V0825060,60060313,V0825060LIMM,1
Vivo Acacia,Vivo Alma Short Sleeve Mini Bodycon - Lime,Vivo Alma Short Sleeve Mini Bodycon,V0825060,60060312,V0825060LIMS,2
Vivo Acacia,Vivo Ari Sleeveless Straight Maxi Slit Dress - Sea Green,Vivo Ari Sleeveless Straight Maxi Slit Dress,V0725029,60057243,V0725029SEGL,2
Vivo Acacia,Vivo Boat Neck Dress in Ponte - Navy,Vivo Boat Neck Dress in Ponte,V0126025,60065649,V0126025NAVL,1
Vivo Acacia,Vivo Boat Neck Dress in Ponte - Navy,Vivo Boat Neck Dress in Ponte,V0126025,60065650,V0126025NAV1X,2
Vivo Acacia,Vivo Boat Neck Dress in Ponte - Navy,Vivo Boat Neck Dress in Ponte,V0126025,60065651,V0126025NAV2X,1
Vivo Acacia,Vivo Boat Neck Dress in Ponte - Navy,Vivo Boat Neck Dress in Ponte,V0126025,60065648,V0126025NAVM,2
Vivo Acacia,Vivo Boat Neck Dress in Ponte - Orange,Vivo Boat Neck Dress in Ponte,V0126025,60065666,V0126025ORA2X,2
Vivo Acacia,Vivo Boat Neck Dress in Ponte - Orange,Vivo Boat Neck Dress in Ponte,V0126025,60065662,V0126025ORAS,2
Vivo Acacia,Vivo Boat Neck Dress in Ponte - Orange,Vivo Boat Neck Dress in Ponte,V0126025,60065663,V0126025ORAM,2
Vivo Acacia,Vivo Boat Neck Dress in Ponte - Orange,Vivo Boat Neck Dress in Ponte,V0126025,60065664,V0126025ORAL,2
Vivo Acacia,Vivo Boat Neck Dress in Ponte - Orange,Vivo Boat Neck Dress in Ponte,V0126025,60065665,V0126025ORA1X,2
Vivo Acacia,Vivo Boat Neck Top in Scuba - Burgundy,Vivo Boat Neck Top in Scuba,V0126024,60065747,V0126024BUR2X,1
Vivo Acacia,Vivo Boat Neck Top in Scuba - Burgundy,Vivo Boat Neck Top in Scuba,V0126024,60065744,V0126024BURM,3
Vivo Acacia,Vivo Boat Neck Top in Scuba - Burgundy,Vivo Boat Neck Top in Scuba,V0126024,60065743,V0126024BURS,2
Vivo Acacia,Vivo Boat Neck Top in Scuba - Burgundy,Vivo Boat Neck Top in Scuba,V0126024,60065746,V0126024BUR1X,2
Vivo Acacia,Vivo Boat Neck Top in Scuba - Burgundy,Vivo Boat Neck Top in Scuba,V0126024,60065745,V0126024BURL,3
Vivo Acacia,Vivo Drop Shoulder Shirt in Organza - Brown,Vivo Drop Shoulder Shirt in Organza,REO2260,60065794,REO226001BRWM,3
Vivo Acacia,Vivo Drop Shoulder Shirt in Organza - Off White,Vivo Drop Shoulder Shirt in Organza,RE02260,60065785,RE0226001OWHIL,1
Vivo Acacia,Vivo Drop Shoulder Shirt in Organza - Off White,Vivo Drop Shoulder Shirt in Organza,RE02260,60065787,RE0226001OWHI2X,1
Vivo Acacia,Vivo Drop Shoulder Shirt in Organza - Orange,Vivo Drop Shoulder Shirt in Organza,REO2260,60065799,REO226001ORAM,3
Vivo Acacia,Vivo Drop Shoulder Shirt in Organza - Orange,Vivo Drop Shoulder Shirt in Organza,REO2260,60065800,REO226001ORAL,3
Vivo Acacia,Vivo Imara Cap Sleeve Sheath Dress - Red,Vivo Imara Cap Sleeve Sheath Dress,V0123007,60057736,V0123007REDM,2
Vivo Acacia,Vivo Iyana Tank Top - Green,Vivo Iyana Tank Top,V0625044,60057516,V0625044GRNS,1
Vivo Acacia,Vivo Iyana Tank Top - Green,Vivo Iyana Tank Top,V0625044,60057519,V0625044GRN1X,2
Vivo Acacia,Vivo Jersey Drop Shoulder Top - Olive,Vivo Jersey Drop Shoulder Top,V1125001,60061466,V1125001OLI1X,1
Vivo Acacia,Vivo Liora Shorts - Black,Vivo Liora Shorts,V0925026,60061668,V0925026BLAL,3
Vivo Acacia,Vivo Liora Shorts - Black,Vivo Liora Shorts,V0925026,60061669,V0925026BLA1X,2
Vivo Acacia,Vivo Liora Shorts - Black,Vivo Liora Shorts,V0925026,60061666,V0925026BLAS,3
Vivo Acacia,Vivo Liora Shorts - Black,Vivo Liora Shorts,V0925026,60061667,V0925026BLAM,3
Vivo Acacia,Vivo Liora Shorts - Red / Black Ziza Print,Vivo Liora Shorts,V0925026,60062112,V0925026PR1L,1
Vivo Acacia,Vivo Lulu Cotton Barrel Pants - Black,Vivo Lulu Cotton Barrel Pants,V1125006,60061742,V1125006BLAM,3
Vivo Acacia,Vivo Lulu Cotton Barrel Pants - Black,Vivo Lulu Cotton Barrel Pants,V1125006,60061745,V1125006BLA2X,1
Vivo Acacia,Vivo Lulu Cotton Barrel Pants - Black,Vivo Lulu Cotton Barrel Pants,V1125006,60061743,V1125006BLAL,1
Vivo Acacia,Vivo Lulu Cotton Barrel Pants - Maroon,Vivo Lulu Cotton Barrel Pants,V1125006,60061738,V1125006MARL,3
Vivo Acacia,Vivo Lulu Cotton Barrel Pants - Maroon,Vivo Lulu Cotton Barrel Pants,V1125006,60061739,V1125006MAR1X,2
Vivo Acacia,Vivo Nora 3/4 Sleeve Peplum Top - Navy,Vivo Nora 3/4 Sleeve Peplum Top,V0825009,60058553,V0825009NAVM,3
Vivo Acacia,Vivo Nora 3/4 Sleeve Peplum Top - Purple,Vivo Nora 3/4 Sleeve Peplum Top,V0825009,60058556,V0825009PURS,2
Vivo Acacia,Vivo Nora Front Pleat Knee Length Dress - Dark Red,Vivo Nora Front Pleat Knee Length Dress,V0825014,60058877,V0825014DREL,2
Vivo Acacia,Vivo Nora Front Pleat Knee Length Dress - Dark Red,Vivo Nora Front Pleat Knee Length Dress,V0825014,60058878,V0825014DRE1X,2
Vivo Acacia,Vivo Nora Front Pleat Knee Length Dress - Orange,Vivo Nora Front Pleat Knee Length Dress,V0825014,60058879,V0825014ORAS,2
Vivo Acacia,Vivo Nora Front Pleat Knee Length Dress - Orange,Vivo Nora Front Pleat Knee Length Dress,V0825014,60058881,V0825014ORAL,2
Vivo Acacia,Vivo Nora Front Pleat Knee Length Dress - Orange,Vivo Nora Front Pleat Knee Length Dress,V0825014,60058882,V0825014ORA1X,1
Vivo Acacia,Vivo Nora Front Pleat Knee Length Dress - Taupe,Vivo Nora Front Pleat Knee Length Dress,V0825014,60058874,V0825014TAU1X,1
Vivo Acacia,Vivo Nora Front Slit Knee Length Skirt - Navy,Vivo Nora Front Slit Knee Length Skirt,V0825012,60058535,V0825012NAV1X,2
Vivo Acacia,Vivo Nora Front Slit Knee Length Skirt - Navy,Vivo Nora Front Slit Knee Length Skirt,V0825012,60058534,V0825012NAVL,1
Vivo Acacia,Vivo Nora Front Slit Knee Length Skirt - Navy,Vivo Nora Front Slit Knee Length Skirt,V0825012,60058533,V0825012NAVM,1
Vivo Acacia,Vivo Nora Front Slit Knee Length Skirt - Purple,Vivo Nora Front Slit Knee Length Skirt,V0825012,60058536,V0825012PURS,2
Vivo Acacia,Vivo Nora Front Slit Knee Length Skirt - Purple,Vivo Nora Front Slit Knee Length Skirt,V0825012,60058539,V0825012PUR1X,1
Vivo Acacia,Vivo Nora Front Slit Knee Length Skirt - Purple,Vivo Nora Front Slit Knee Length Skirt,V0825012,60058538,V0825012PURL,1
Vivo Acacia,Vivo Rayon Jersey Slip Dress - Navy,Vivo Rayon Jersey Slip Dress,V1025038,60062034,V1025038NAV1X,1
Vivo Acacia,Vivo Rayon Jersey Slip Dress - Navy,Vivo Rayon Jersey Slip Dress,V1025038,60062035,V1025038NAV2X,1
Vivo Acacia,Vivo Samira Maxi Kimono - Teal / Red Print,Vivo Samira Maxi Kimono,V0525043,60056023,V0525043PR12S/M,1
Vivo Acacia,Vivo Studio 2-piece in Mixed Media - Black,Vivo Studio 2-piece in Mixed Media,V0925053,60062433,V0925053BLAL,1
Vivo Acacia,Vivo Studio 2-piece in Mixed Media - Burgundy,Vivo Studio 2-piece in Mixed Media,V0925053,60062428,V0925053BURL,2
Vivo Acacia,Vivo Studio 2-piece in Mixed Media - Burgundy,Vivo Studio 2-piece in Mixed Media,V0925053,60062429,V0925053BUR1X,1
Vivo Acacia,Vivo Studio 2-piece in Mixed Media- Hunters Green,Vivo Studio 2-piece in Mixed Media,V0925053,60062443,V0925053HGRNL,2
Vivo Acacia,Vivo Studio Longline Shorts in Crepe - Maroon Stripes,Vivo Studio Longline Shorts in Crepe,V1225011,60065106,V1225011PR1M,3
Vivo Acacia,Vivo Studio Longline Shorts in Crepe - Maroon Stripes,Vivo Studio Longline Shorts in Crepe,V1225011,60065104,V1225011PR1XS,1
Vivo Acacia,Vivo Studio Longline Shorts in Crepe - Maroon Stripes,Vivo Studio Longline Shorts in Crepe,V1225011,60065105,V1225011PR1S,2
Vivo Acacia,Vivo Studio Longline Shorts in Crepe - Maroon Stripes,Vivo Studio Longline Shorts in Crepe,V1225011,60065108,V1225011PR11X,1
Vivo Acacia,Vivo Studio Longline Shorts in Crepe - Maroon Stripes,Vivo Studio Longline Shorts in Crepe,V1225011,60065107,V1225011PR1L,2
Vivo Acacia,Vivo Tana Puff Sleeve Bodysuit - Chocolate Brown,Vivo Tana Puff Sleeve Bodysuit,V0822077,60056902,V0822077CHBM,3
Vivo Acacia,Vivo Tana Puff Sleeve Bodysuit - Chocolate Brown,Vivo Tana Puff Sleeve Bodysuit,V0822077,60056903,V0822077CHBL,3
Vivo Acacia,Vivo Tana Puff Sleeve Bodysuit - Chocolate Brown,Vivo Tana Puff Sleeve Bodysuit,V0822077,60056905,V0822077CHB2X,1
Vivo Acacia,Vivo Tana Puff Sleeve Bodysuit - Chocolate Brown,Vivo Tana Puff Sleeve Bodysuit,V0822077,60056904,V0822077CHB1X,2
Vivo Acacia,Vivo Tana Puff Sleeve Bodysuit - Chocolate Brown,Vivo Tana Puff Sleeve Bodysuit,V0822077,60056901,V0822077CHBS,1
Vivo Acacia,Vivo Tana Puff Sleeve Bodysuit - Dark Green,Vivo Tana Puff Sleeve Bodysuit,V0822077,60010067,V0822077DGNS,3
Vivo Acacia,Vivo Tana Puff Sleeve Bodysuit - Dark Green,Vivo Tana Puff Sleeve Bodysuit,V0822077,60010068,V0822077DGNM,1
Vivo Acacia,Vivo Tana Puff Sleeve Bodysuit - Dark Green,Vivo Tana Puff Sleeve Bodysuit,V0822077,60010069,V0822077DGNL,3
Vivo Acacia,Vivo Tana Puff Sleeve Bodysuit - Dark Green,Vivo Tana Puff Sleeve Bodysuit,V0822077,60010070,V0822077DGNXL,2
Vivo Capital Centre,Vivo Jersey Drop Shoulder Top - Olive,Vivo Jersey Drop Shoulder Top,V1125001,60061463,V1125001OLIS,2
Vivo Capital Centre,Vivo Tana Puff Sleeve Bodysuit - Chocolate Brown,Vivo Tana Puff Sleeve Bodysuit,V0822077,60056904,V0822077CHB1X,1
Vivo Capital Centre,Vivo Tana Puff Sleeve Bodysuit - Chocolate Brown,Vivo Tana Puff Sleeve Bodysuit,V0822077,60056901,V0822077CHBS,1
Vivo Capital Centre,Vivo Tana Puff Sleeve Bodysuit - Chocolate Brown,Vivo Tana Puff Sleeve Bodysuit,V0822077,60056902,V0822077CHBM,1
Vivo Capital Centre,Vivo Tana Puff Sleeve Bodysuit - Dark Green,Vivo Tana Puff Sleeve Bodysuit,V0822077,60010069,V0822077DGNL,1
Vivo Capital Centre,Vivo Tana Puff Sleeve Bodysuit - Dark Green,Vivo Tana Puff Sleeve Bodysuit,V0822077,60010067,V0822077DGNS,1
Vivo Capital Centre,Vivo Tana Puff Sleeve Bodysuit - Dark Green,Vivo Tana Puff Sleeve Bodysuit,V0822077,60010068,V0822077DGNM,1
Vivo Capital Centre,Vivo Tana Puff Sleeve Bodysuit - Dark Green,Vivo Tana Puff Sleeve Bodysuit,V0822077,60010070,V0822077DGNXL,1
Vivo Capital Centre,Vivo Tana Puff Sleeve Bodysuit In Jersey - Dark Green,Vivo Tana Puff Sleeve Bodysuit,V0822077,60064351,V0822077DGN2X,1
Vivo City Mall,Safari Kamari Ribbed Top - Beige,Safari Kamari Ribbed Top,S0424073,60037658,S0424073BEI4X,1
Vivo City Mall,Vivo Alani High Low Dress - Black Stripes Print,Vivo Alani High Low Dress,V0625018,60056581,V0625018PR5L,1
Vivo City Mall,Vivo Ayah Satin Pants - Lilac / Navy Tullu Print,Vivo Ayah Satin Pants,V0225031,60052427,V0225031PR11X,1
Vivo City Mall,Vivo Basic Drop Shoulder Top - Pink,Vivo Basic Drop Shoulder Top,V0622002,60054366,V0622002PINM,1
Vivo City Mall,Vivo Basic Drop Shoulder Top - Pink,Vivo Basic Drop Shoulder Top,V0622002,60054368,V0622002PIN1X,1
Vivo City Mall,Vivo Drop Shoulder Shirt in Organza - Brown,Vivo Drop Shoulder Shirt in Organza,REO2260,60065794,REO226001BRWM,2
Vivo City Mall,Vivo Drop Shoulder Shirt in Organza - Brown,Vivo Drop Shoulder Shirt in Organza,REO2260,60065795,REO226001BRWL,1
Vivo City Mall,Vivo Drop Shoulder Shirt in Organza - Brown,Vivo Drop Shoulder Shirt in Organza,REO2260,60065796,REO226001BRW1X,1
Vivo City Mall,Vivo Drop Shoulder Shirt in Organza - Brown,Vivo Drop Shoulder Shirt in Organza,REO2260,60065797,REO226001BRW2X,1
Vivo City Mall,Vivo Imara Cap Sleeve Sheath Dress - Red,Vivo Imara Cap Sleeve Sheath Dress,V0123007,60057736,V0123007REDM,1
Vivo City Mall,Vivo Imara Cap Sleeve Sheath Dress - Red,Vivo Imara Cap Sleeve Sheath Dress,V0123007,60057737,V0123007REDL,2
Vivo City Mall,Vivo Jersey Drop Shoulder Top - Dark Green,Vivo Jersey Drop Shoulder Top,V1125001,60061469,V1125001DGRNL,1
Vivo City Mall,Vivo Tana Puff Sleeve Bodysuit - Red,Vivo Tana Puff Sleeve Bodysuit,V0822077,60020984,V0822077REDS,2
Vivo City Mall,Vivo Tana Puff Sleeve Bodysuit - Red,Vivo Tana Puff Sleeve Bodysuit,V0822077,60020985,V0822077REDM,1
Vivo City Mall,Vivo Tana Puff Sleeve Bodysuit - Red,Vivo Tana Puff Sleeve Bodysuit,V0822077,60020987,V0822077REDXL,2
Vivo City Mall,Vivo Tana Puff Sleeve Bodysuit - Red,Vivo Tana Puff Sleeve Bodysuit,V0822077,60020986,V0822077REDL,2
Vivo City Mall,Vivo Tana Puff Sleeve Bodysuit In Jersey - Red,Vivo Tana Puff Sleeve Bodysuit,V0822077,60064349,V0822077RED2X,1
Vivo Galleria,Vivo Basic Maternity Leggings - Black,Vivo Basic Maternity Leggings,V1022057,60009915,V1022057BLAS,1
Vivo Galleria,Vivo Basic Maternity Leggings - Navy Blue,Vivo Basic Maternity Leggings,V1022057,60013552,V1022057NABS,2
Vivo Galleria,Vivo Jersey Drop Shoulder Top - Olive,Vivo Jersey Drop Shoulder Top,V1125001,60061463,V1125001OLIS,1
Vivo Galleria,Vivo Tana Puff Sleeve Bodysuit - Chocolate Brown,Vivo Tana Puff Sleeve Bodysuit,V0822077,60056904,V0822077CHB1X,1
Vivo Galleria,Vivo Tana Puff Sleeve Bodysuit - Dark Green,Vivo Tana Puff Sleeve Bodysuit,V0822077,60010068,V0822077DGNM,1
Vivo Galleria,Vivo Tana Puff Sleeve Bodysuit - Dark Green,Vivo Tana Puff Sleeve Bodysuit,V0822077,60010069,V0822077DGNL,1
Vivo Galleria,Vivo Tana Puff Sleeve Bodysuit - Dark Green,Vivo Tana Puff Sleeve Bodysuit,V0822077,60010067,V0822077DGNS,1
Vivo Galleria,Vivo Tana Puff Sleeve Bodysuit In Jersey - Dark Green,Vivo Tana Puff Sleeve Bodysuit,V0822077,60064351,V0822077DGN2X,1
Vivo Garden City,Vivo Ava Front Pleat Knee Length Dress In Crepe - White,Vivo Ava Front Pleat Knee Length Dress,V1124142,60063420,V1124142WHIM,3
Vivo Garden City,Vivo Ava Front Pleat Knee Length Dress In Crepe - White,Vivo Ava Front Pleat Knee Length Dress,V1124142,60063419,V1124142WHIS,1
Vivo Garden City,Vivo Drop Shoulder Shirt in Organza - Orange,Vivo Drop Shoulder Shirt in Organza,REO2260,60065799,REO226001ORAM,1
Vivo Garden City,Vivo Drop Shoulder Shirt in Organza - Orange,Vivo Drop Shoulder Shirt in Organza,RE02260,60065798,RE0226001ORAS,1
Vivo Garden City,Vivo Jersey Drop Shoulder Top - Dark Green,Vivo Jersey Drop Shoulder Top,V1125001,60061468,V1125001DGRNM,1
Vivo Greenspan,Shiv & Shikie X Safari Faux Collar Shirt - Lime,Shiv & Shikie X Safari Faux Collar Shirt,S0425045,60055301,S0425045LIMXS/S,1
Vivo Greenspan,Vivo Ava Front Pleat Knee Length Dress In Crepe - Navy,Vivo Ava Front Pleat Knee Length Dress,V1124142,60063432,V1124142NAV1X,1
Vivo Greenspan,Vivo Ava Front Pleat Knee Length Dress In Crepe - Navy,Vivo Ava Front Pleat Knee Length Dress,V1124142,60063429,V1124142NAVS,2
Vivo Greenspan,Vivo Ava Front Pleat Knee Length Dress In Crepe - Navy,Vivo Ava Front Pleat Knee Length Dress,V1124142,60063430,V1124142NAVM,3
Vivo Greenspan,Vivo Ava Front Pleat Knee Length Dress In Crepe - White,Vivo Ava Front Pleat Knee Length Dress,V1124142,60063419,V1124142WHIS,2
Vivo Greenspan,Vivo Ava Front Pleat Knee Length Dress In Crepe - White,Vivo Ava Front Pleat Knee Length Dress,V1124142,60063420,V1124142WHIM,1
Vivo Greenspan,Vivo Ayah Satin Pants - Lilac / Navy Tullu Print,Vivo Ayah Satin Pants,V0225031,60052425,V0225031PR1M,1
Vivo Greenspan,Vivo Basic Drop Shoulder Top - Pink,Vivo Basic Drop Shoulder Top,V0622002,60054367,V0622002PINL,2
Vivo Greenspan,Vivo Basic Maternity Leggings - Navy Blue,Vivo Basic Maternity Leggings,V1022057,60013552,V1022057NABS,1
Vivo Greenspan,Vivo Jersey Drop Shoulder Tank Top - Black,Vivo Jersey Drop Shoulder Top,V1125001,60061403,V1125001BLAS,1
Vivo Hub,Safari Tafari Wrap Top - Songwe Print,Safari Tafari Wrap Top,S1025031,60060656,S1025031PR11S/M,1
Vivo Imaara,Vivo Alani High Low Dress - Black Checkered Print,Vivo Alani High Low Dress,V0625018,60056571,V0625018PR3S,1
Vivo Imaara,Vivo Ava Front Pleat Knee Length Dress In Crepe - White,Vivo Ava Front Pleat Knee Length Dress,V1124142,60063420,V1124142WHIM,1
Vivo Imaara,Vivo Drop Shoulder Shirt in Organza - Black,Vivo Drop Shoulder Shirt in Organza,REO2260,60065790,REO226001BLAL,1
Vivo Imaara,Vivo Drop Shoulder Shirt in Organza - Black,Vivo Drop Shoulder Shirt in Organza,REO2260,60065789,REO226001BLAM,1
Vivo Imaara,Vivo Drop Shoulder Shirt in Organza - Black,Vivo Drop Shoulder Shirt in Organza,REO2260,60065791,REO226001BLA1X,1
Vivo Imaara,Vivo Drop Shoulder Shirt in Organza - Black,Vivo Drop Shoulder Shirt in Organza,REO2260,60065792,REO226001BLA2X,1
Vivo Imaara,Vivo Jersey Drop Shoulder Top - Olive,Vivo Jersey Drop Shoulder Top,V1125001,60061463,V1125001OLIS,1
Vivo Imaara,Vivo Lulu Cotton Barrel Pants - Black,Vivo Lulu Cotton Barrel Pants,V1125006,60061744,V1125006BLA1X,1
Vivo Imaara,Vivo Lulu Cotton Barrel Pants - Rust,Vivo Lulu Cotton Barrel Pants,V1125006,60061637,V1125006RUSL,1
Vivo Imaara,Vivo Lulu Cotton Barrel Pants - Rust,Vivo Lulu Cotton Barrel Pants,V1125006,60061636,V1125006RUSM,3
Vivo Imaara,Vivo Nora Front Pleat Knee Length Dress - Taupe,Vivo Nora Front Pleat Knee Length Dress,V0825014,60058871,V0825014TAUS,2
Vivo Imaara,Vivo Rayon Jersey Slip Dress - Black,Vivo Rayon Jersey Slip Dress,V1025038,60062022,V1025038BLAM,1
Vivo Imaara,Vivo Sierra Bishop Sleeve Top - Brown / Yellow Lika Print,Vivo Sierra Bishop Sleeve Top,V0121031,60050363,V0121031PR17L,1
Vivo Imaara,Vivo Sierra Bishop Sleeve Top - Brown / Yellow Lika Print,Vivo Sierra Bishop Sleeve Top,V0121031,60050364,V0121031PR171X,2
Vivo Imaara,Vivo Sierra Bishop Sleeve Top - Brown / Yellow Lika Print,Vivo Sierra Bishop Sleeve Top,V0121031,60050365,V0121031PR172X,1
Vivo Imaara,Vivo Tana Puff Sleeve Bodysuit - Chocolate Brown,Vivo Tana Puff Sleeve Bodysuit,V0822077,60056905,V0822077CHB2X,1
Vivo Imaara,Vivo Tana Puff Sleeve Bodysuit - Chocolate Brown,Vivo Tana Puff Sleeve Bodysuit,V0822077,60056904,V0822077CHB1X,2
Vivo Imaara,Vivo Tana Puff Sleeve Bodysuit - Chocolate Brown,Vivo Tana Puff Sleeve Bodysuit,V0822077,60056903,V0822077CHBL,1
Vivo Junction,Vivo Ava Front Pleat Knee Length Dress In Crepe - Navy,Vivo Ava Front Pleat Knee Length Dress,V1124142,60063429,V1124142NAVS,1
Vivo Junction,Vivo Ava Front Pleat Knee Length Dress In Crepe - Navy,Vivo Ava Front Pleat Knee Length Dress,V1124142,60063432,V1124142NAV1X,1
Vivo Junction,Vivo Ava Front Pleat Knee Length Dress In Crepe - Navy,Vivo Ava Front Pleat Knee Length Dress,V1124142,60063430,V1124142NAVM,4
Vivo Junction,Vivo Boat Neck Dress in Ponte - Olive,Vivo Boat Neck Dress in Ponte,V0126025,60065652,V0126025OLIS,1
Vivo Junction,Vivo Drop Shoulder Shirt in Organza - Black,Vivo Drop Shoulder Shirt in Organza,REO2260,60065789,REO226001BLAM,2
Vivo Junction,Vivo Drop Shoulder Shirt in Organza - Black,Vivo Drop Shoulder Shirt in Organza,REO2260,60065790,REO226001BLAL,2
Vivo Junction,Vivo Drop Shoulder Shirt in Organza - Brown,Vivo Drop Shoulder Shirt in Organza,REO2260,60065794,REO226001BRWM,2
Vivo Junction,Vivo Drop Shoulder Shirt in Organza - Brown,Vivo Drop Shoulder Shirt in Organza,RE02260,60065793,RE0226001BRWS,1
Vivo Junction,Vivo Drop Shoulder Shirt in Organza - Brown,Vivo Drop Shoulder Shirt in Organza,REO2260,60065796,REO226001BRW1X,2
Vivo Junction,Vivo Drop Shoulder Shirt in Organza - Brown,Vivo Drop Shoulder Shirt in Organza,REO2260,60065795,REO226001BRWL,2
Vivo Junction,Vivo Drop Shoulder Shirt in Organza - Off White,Vivo Drop Shoulder Shirt in Organza,RE02260,60065786,RE0226001OWHI1X,1
Vivo Junction,Vivo Drop Shoulder Shirt in Organza - Off White,Vivo Drop Shoulder Shirt in Organza,RE02260,60065784,RE0226001OWHIM,1
Vivo Junction,Vivo Drop Shoulder Shirt in Organza - Off White,Vivo Drop Shoulder Shirt in Organza,RE02260,60065785,RE0226001OWHIL,1
Vivo Junction,Vivo Drop Shoulder Shirt in Organza - Orange,Vivo Drop Shoulder Shirt in Organza,RE02260,60065798,RE0226001ORAS,1
Vivo Junction,Vivo Drop Shoulder Shirt in Organza - Orange,Vivo Drop Shoulder Shirt in Organza,REO2260,60065799,REO226001ORAM,1
Vivo Junction,Vivo Jersey Drop Shoulder Top - Dark Green,Vivo Jersey Drop Shoulder Top,V1125001,60061469,V1125001DGRNL,1
Vivo Junction,Vivo Jersey Drop Shoulder Top - Dark Green,Vivo Jersey Drop Shoulder Top,V1125001,60061468,V1125001DGRNM,1
Vivo Junction,Vivo Kitenge Wide Leg Pants - Blue / Pink Azizi Print,Vivo Kitenge Wide Leg Pants,VE0032P,60059229,VE0032PR14S,1
Vivo Junction,Vivo Lulu Cotton Barrel Pants - Black,Vivo Lulu Cotton Barrel Pants,V1125006,60061742,V1125006BLAM,2
Vivo Junction,Vivo Niari straight leg Pants - Orange,Vivo Niari straight leg Pants,V0225011,60053128,V0225011ORAS,1
Vivo Junction,Vivo Niari straight leg Pants - Orange,Vivo Niari straight leg Pants,V0225011,60053129,V0225011ORAM,1
Vivo Junction,Vivo Rayon Jersey Slip Dress - Black,Vivo Rayon Jersey Slip Dress,V1025038,60062025,V1025038BLA2X,1
Vivo Junction,Vivo Rayon Jersey Slip Dress - Black,Vivo Rayon Jersey Slip Dress,V1025038,60062024,V1025038BLA1X,1
Vivo Junction,Vivo Tahisa Straight Leg Pants - Orange,Vivo Tahisa Straight Leg Pants,V1124102,60052590,V1124102ORAS,1
Vivo Junction,Vivo Tana Puff Sleeve Bodysuit - Red,Vivo Tana Puff Sleeve Bodysuit,V0822077,60020986,V0822077REDL,1
Vivo Kigali Heights,Safari Mali Bishop Sleeve Shirt Dress - Black,Safari Mali Bishop Sleeve Shirt Dress,S0223180,60039156,S0223180BLAL,1
Vivo Kigali Heights,Safari Tiwa Barell Pants - Black,Safari Tiwa Barell Pants,S0325031,60053949,S0325031BLAS,1
Vivo Kigali Heights,Safari by Vivo  Tiwa Barell Pants - Black,Safari Tiwa Barell Pants,S0325031,,S0325031BLAL,1
Vivo Kigali Heights,Safari by Vivo Naledi Bubble Midi Dress - Beta Print,Safari by Vivo Naledi Bubble Midi Dress,S0925040,60061241,S0925040PR61X,1
Vivo Kigali Heights,Safari by Vivo Naledi Bubble Midi Dress - Beta Print,Safari by Vivo Naledi Bubble Midi Dress,S0925040,60061238,S0925040PR6S,1
Vivo Kigali Heights,Vivo Alani High Low Dress - Black Stripes Print,Vivo Alani High Low Dress,V0625018,60056579,V0625018PR5S,1
Vivo Kigali Heights,Vivo Alani High Low Dress - White Stripes Print,Vivo Alani High Low Dress,V0625018,60056261,V0625018PR1M,1
Vivo Kigali Heights,Vivo Aleri Trench Coat Dress - White,Vivo Aleri Trench Coat Dress,V0625059,60057543,V0625059WHIL,1
Vivo Kigali Heights,Vivo Aleri Trench Coat Dress - White,Vivo Aleri Trench Coat Dress,V0625059,60057542,V0625059WHIM,3
Vivo Kigali Heights,Vivo Alma Short Sleeve Mini Bodycon - Black,Vivo Alma Short Sleeve Mini Bodycon,V0825060,60060317,V0825060BLAM,1
Vivo Kigali Heights,Vivo Alma Short Sleeve Mini Bodycon - Black,Vivo Alma Short Sleeve Mini Bodycon,V0825060,60060318,V0825060BLAL,1
Vivo Kigali Heights,Vivo Alma Short Sleeve Mini Bodycon - Black,Vivo Alma Short Sleeve Mini Bodycon,V0825060,60060316,V0825060BLAS,2
Vivo Kigali Heights,Vivo Ari Sleeveless Straight Maxi Slit Dress - Chocolate Brown,Vivo Ari Sleeveless Straight Maxi Slit Dress,V0725029,60057238,V0725029CHBM,1
Vivo Kigali Heights,Vivo Ari Sleeveless Straight Maxi Slit Dress - Red,Vivo Ari Sleeveless Straight Maxi Slit Dress,V0725029,60057245,V0725029REDS,1
Vivo Kigali Heights,Vivo Ari Sleeveless Straight Maxi Slit Dress - Red,Vivo Ari Sleeveless Straight Maxi Slit Dress,V0725029,60057248,V0725029RED1X,1
Vivo Kigali Heights,Vivo Ava Front Pleat Knee Length Dress - Cream / Purple Print,Vivo Ava Front Pleat Knee Length Dress,V1124142,60057041,V1124142PR4S,1
Vivo Kigali Heights,Vivo Ava Front Pleat Knee Length Dress In Crepe - Dark Green,Vivo Ava Front Pleat Knee Length Dress,V1124142,60063424,V1124142DGRNS,2
Vivo Kigali Heights,Vivo Ava Front Pleat Knee Length Dress In Crepe - White,Vivo Ava Front Pleat Knee Length Dress,V1124142,60063421,V1124142WHIL,2
Vivo Kigali Heights,Vivo Ava Front Pleat Knee Length Dress In Crepe - White,Vivo Ava Front Pleat Knee Length Dress,V1124142,60063423,V1124142WHI2X,1
Vivo Kigali Heights,Vivo Boat Neck Dress in Ponte - Olive,Vivo Boat Neck Dress in Ponte,V0126025,60065655,V0126025OLI1X,2
Vivo Kigali Heights,Vivo Boat Neck Dress in Ponte - Olive,Vivo Boat Neck Dress in Ponte,V0126025,60065654,V0126025OLIL,3
Vivo Kigali Heights,Vivo Boat Neck Dress in Ponte - Olive,Vivo Boat Neck Dress in Ponte,V0126025,60065653,V0126025OLIM,1
Vivo Kigali Heights,Vivo Boat Neck Dress in Ponte - Olive,Vivo Boat Neck Dress in Ponte,V0126025,60065652,V0126025OLIS,2
Vivo Kigali Heights,Vivo Boat Neck Dress in Ponte - Olive,Vivo Boat Neck Dress in Ponte,V0126025,60065656,V0126025OLI2X,1
Vivo Kigali Heights,Vivo Boat Neck Dress in Ponte - Orange,Vivo Boat Neck Dress in Ponte,V0126025,60065666,V0126025ORA2X,1
Vivo Kigali Heights,Vivo Boat Neck Dress in Ponte - Orange,Vivo Boat Neck Dress in Ponte,V0126025,60065665,V0126025ORA1X,2
Vivo Kigali Heights,Vivo Boat Neck Dress in Ponte - Orange,Vivo Boat Neck Dress in Ponte,V0126025,60065664,V0126025ORAL,3
Vivo Kigali Heights,Vivo Boat Neck Dress in Ponte - Orange,Vivo Boat Neck Dress in Ponte,V0126025,60065663,V0126025ORAM,3
Vivo Kigali Heights,Vivo Boat Neck Dress in Ponte - Orange,Vivo Boat Neck Dress in Ponte,V0126025,60065662,V0126025ORAS,2
Vivo Kigali Heights,Vivo Boat Neck Top in Scuba - Lilac,Vivo Boat Neck Top in Scuba,V0126024,60065766,V0126024LIL1X,2
Vivo Kigali Heights,Vivo Boat Neck Top in Scuba - Lilac,Vivo Boat Neck Top in Scuba,V0126024,60065764,V0126024LILM,3
Vivo Kigali Heights,Vivo Boat Neck Top in Scuba - Lilac,Vivo Boat Neck Top in Scuba,V0126024,60065765,V0126024LILL,3
Vivo Kigali Heights,Vivo Boat Neck Top in Scuba - Lilac,Vivo Boat Neck Top in Scuba,V0126024,60065767,V0126024LIL2X,1
Vivo Kigali Heights,Vivo Boat Neck Top in Scuba - Lilac,Vivo Boat Neck Top in Scuba,V0126024,60065763,V0126024LILS,2
Vivo Kigali Heights,Vivo Boat Neck Top in Scuba - Red,Vivo Boat Neck Top in Scuba,V0126024,60065756,V0126024RED1X,2
Vivo Kigali Heights,Vivo Boat Neck Top in Scuba - Red,Vivo Boat Neck Top in Scuba,V0126024,60065755,V0126024REDL,3
Vivo Kigali Heights,Vivo Boat Neck Top in Scuba - Red,Vivo Boat Neck Top in Scuba,V0126024,60065754,V0126024REDM,3
Vivo Kigali Heights,Vivo Boat Neck Top in Scuba - Red,Vivo Boat Neck Top in Scuba,V0126024,60065753,V0126024REDS,1
Vivo Kigali Heights,Vivo Boat Neck Top in Scuba - Red,Vivo Boat Neck Top in Scuba,V0126024,60065757,V0126024RED2X,1
Vivo Kigali Heights,Vivo Chiffon Shorts - Navy,Vivo Chiffon Shorts,V0325072,60053198,V0325072NAVS,1
Vivo Kigali Heights,Vivo Drop Shoulder Shirt in Organza - Off White,Vivo Drop Shoulder Shirt in Organza,RE02260,60065786,RE0226001OWHI1X,3
Vivo Kigali Heights,Vivo Drop Shoulder Shirt in Organza - Off White,Vivo Drop Shoulder Shirt in Organza,RE02260,60065785,RE0226001OWHIL,2
Vivo Kigali Heights,Vivo Drop Shoulder Shirt in Organza - Off White,Vivo Drop Shoulder Shirt in Organza,RE02260,60065784,RE0226001OWHIM,2
Vivo Kigali Heights,Vivo Iyana Tank Top - Green,Vivo Iyana Tank Top,V0625044,60057517,V0625044GRNM,1
Vivo Kigali Heights,Vivo J.O V-Neck Sheath Dress - Navy Blue - NAVY BLUE / 0621001 / S,Vivo J.O V-Neck Sheath Dress,V0621001,,0621001NABS,1
Vivo Kigali Heights,Vivo J.O V-Neck Sheath Dress - burgundy - BLACK / 0621001 / S,Vivo J.O V-Neck Sheath Dress,V0621001,,0621001BLAS,1
Vivo Kigali Heights,Vivo Leila Cap Sleeve Tent Knee Length Dress - Mustard,Vivo Leila Cap Sleeve Tent Knee Length Dress,V0423055,60044702,V0423055MUSTM,1
Vivo Kigali Heights,Vivo Liora Shorts - Black,Vivo Liora Shorts,V0925026,60061666,V0925026BLAS,1
Vivo Kigali Heights,Vivo Liora Shorts - Black,Vivo Liora Shorts,V0925026,60061667,V0925026BLAM,3
Vivo Kigali Heights,Vivo Lulu Cotton Barrel Pants - Maroon,Vivo Lulu Cotton Barrel Pants,V1125006,60061736,V1125006MARS,2
Vivo Kigali Heights,Vivo Lulu Cotton Barrel Pants - Maroon,Vivo Lulu Cotton Barrel Pants,V1125006,60061739,V1125006MAR1X,1
Vivo Kigali Heights,Vivo Lulu Cotton Barrel Pants - Maroon,Vivo Lulu Cotton Barrel Pants,V1125006,60061738,V1125006MARL,1
Vivo Kigali Heights,Vivo Lulu Cotton Barrel Pants - Maroon,Vivo Lulu Cotton Barrel Pants,V1125006,60061737,V1125006MARM,1
Vivo Kigali Heights,Vivo Lulu Cotton Barrel Pants - Rust,Vivo Lulu Cotton Barrel Pants,V1125006,60061637,V1125006RUSL,1
Vivo Kigali Heights,Vivo Lulu Cotton Barrel Pants - Rust,Vivo Lulu Cotton Barrel Pants,V1125006,60061639,V1125006RUS2X,1
Vivo Kigali Heights,Vivo Nora 3/4 Sleeve Peplum Top - Navy,Vivo Nora 3/4 Sleeve Peplum Top,V0825009,60058555,V0825009NAV1X,1
Vivo Kigali Heights,Vivo Nora 3/4 Sleeve Peplum Top - Navy,Vivo Nora 3/4 Sleeve Peplum Top,V0825009,60058553,V0825009NAVM,1
Vivo Kigali Heights,Vivo Nora 3/4 Sleeve Peplum Top - Navy,Vivo Nora 3/4 Sleeve Peplum Top,V0825009,60058554,V0825009NAVL,1
Vivo Kigali Heights,Vivo Nora Front Pleat Knee Length Dress - Chocolate,Vivo Nora Front Pleat Knee Length Dress,V0825014,60058889,V0825014CHOL,1
Vivo Kigali Heights,Vivo Nora Front Slit Knee Length Skirt - Navy,Vivo Nora Front Slit Knee Length Skirt,V0825012,60058535,V0825012NAV1X,2
Vivo Kigali Heights,Vivo Nora Front Slit Knee Length Skirt - Navy,Vivo Nora Front Slit Knee Length Skirt,V0825012,60058532,V0825012NAVS,1
Vivo Kigali Heights,Vivo Nora Front Slit Knee Length Skirt - Navy,Vivo Nora Front Slit Knee Length Skirt,V0825012,60058534,V0825012NAVL,2
Vivo Kigali Heights,Vivo Nuru Maxi Kimono - Brown,Vivo Nuru Maxi Kimono,V0725020,60060259,V0725020BRNF,2
Vivo Kigali Heights,Vivo Rayon Jersey Slip Dress - Chocolate,Vivo Rayon Jersey Slip Dress,V1025038,60062036,V1025038CHOS,1
Vivo Kigali Heights,Vivo Rayon Jersey Slip Dress - Chocolate,Vivo Rayon Jersey Slip Dress,V1025038,60062037,V1025038CHOM,1
Vivo Kigali Heights,Vivo Safa Skirt - Black,Vivo Safa Skirt,V0325007,60058508,V0325007BLAS,1
Vivo Kigali Heights,Vivo Samira Maxi Kimono - Black / Red Print,Vivo Samira Maxi Kimono,V0525043,60056021,V0525043PR11S/M,2
Vivo Kigali Heights,Vivo Samira Maxi Kimono - Hunters / Red Print,Vivo Samira Maxi Kimono,V0525043,60056025,V0525043PR13S/M,1
Vivo Kigali Heights,Vivo Seli Strappy Tent Top - Black,Vivo Seli Strappy Tent Top,V0125047,60051222,V0125047BLAL,2
Vivo Kigali Heights,Vivo Sierra Bishop Sleeve Top - Brown / Yellow Lika Print,Vivo Sierra Bishop Sleeve Top,V0121031,60050365,V0121031PR172X,1
Vivo Kigali Heights,Vivo Studio 2-piece in Mixed Media - Black,Vivo Studio 2-piece in Mixed Media,V0925053,60062433,V0925053BLAL,2
Vivo Kigali Heights,Vivo Studio 2-piece in Mixed Media - Black,Vivo Studio 2-piece in Mixed Media,V0925053,60062434,V0925053BLA1X,1
Vivo Kigali Heights,Vivo Studio 2-piece in Mixed Media - Black,Vivo Studio 2-piece in Mixed Media,V0925053,60062432,V0925053BLAM,1
Vivo Kigali Heights,Vivo Studio Longline Shorts in Crepe - Black Stripes,Vivo Studio Longline Shorts in Crepe,V1225011,60065120,V1225011PR4S,1
Vivo Kigali Heights,Vivo Studio Longline Shorts in Crepe - Black Stripes,Vivo Studio Longline Shorts in Crepe,V1225011,60065122,V1225011PR4L,2
Vivo Kigali Heights,Vivo Studio Longline Shorts in Crepe - Lilac Stripes,Vivo Studio Longline Shorts in Crepe,V1225011,60065110,V1225011PR2S,1
Vivo Kigali Heights,Vivo Studio Longline Shorts in Crepe - Lilac Stripes,Vivo Studio Longline Shorts in Crepe,V1225011,60065113,V1225011PR21X,1
Vivo Kigali Heights,Vivo Studio Longline Shorts in Crepe - Lilac Stripes,Vivo Studio Longline Shorts in Crepe,V1225011,60065112,V1225011PR2L,1
Vivo Kigali Heights,Vivo Studio Longline Shorts in Crepe - Lilac Stripes,Vivo Studio Longline Shorts in Crepe,V1225011,60065111,V1225011PR2M,1
Vivo Kigali Heights,Vivo Studio Longline Shorts in Crepe - Lilac Stripes,Vivo Studio Longline Shorts in Crepe,V1225011,60065109,V1225011PR2XS,1
Vivo Kigali Heights,Vivo Studio Longline Shorts in Crepe - Maroon Stripes,Vivo Studio Longline Shorts in Crepe,V1225011,60065104,V1225011PR1XS,1
Vivo Kigali Heights,Vivo Studio Longline Shorts in Crepe - Maroon Stripes,Vivo Studio Longline Shorts in Crepe,V1225011,60065105,V1225011PR1S,1
Vivo Kigali Heights,Vivo Studio Longline Shorts in Crepe - Maroon Stripes,Vivo Studio Longline Shorts in Crepe,V1225011,60065106,V1225011PR1M,1
Vivo Kigali Heights,Vivo Studio Longline Shorts in Crepe - Maroon Stripes,Vivo Studio Longline Shorts in Crepe,V1225011,60065107,V1225011PR1L,2
Vivo Kigali Heights,Vivo Studio Longline Shorts in Crepe - Maroon Stripes,Vivo Studio Longline Shorts in Crepe,V1225011,60065108,V1225011PR11X,1
Vivo Kigali Heights,Vivo Studio Longline Shorts in Crepe - Navy Stripes,Vivo Studio Longline Shorts in Crepe,V1225011,60065127,V1225011PR5L,3
Vivo Kigali Heights,Vivo Studio Longline Shorts in Crepe - Navy Stripes,Vivo Studio Longline Shorts in Crepe,V1225011,60065126,V1225011PR5M,2
Vivo Kigali Heights,Vivo Studio Longline Shorts in Crepe - Navy Stripes,Vivo Studio Longline Shorts in Crepe,V1225011,60065125,V1225011PR5S,2
Vivo Kigali Heights,Vivo Studio Longline Shorts in Crepe - Navy Stripes,Vivo Studio Longline Shorts in Crepe,V1225011,60065128,V1225011PR51X,2
Vivo Kigali Heights,Vivo Studio Longline Shorts in Crepe - Olive Stripes,Vivo Studio Longline Shorts in Crepe,V1225011,60065114,V1225011PR3XS,1
Vivo Kigali Heights,Vivo Studio Longline Shorts in Crepe - Olive Stripes,Vivo Studio Longline Shorts in Crepe,V1225011,60065115,V1225011PR3S,1
Vivo Kigali Heights,Vivo Studio Longline Shorts in Crepe - Olive Stripes,Vivo Studio Longline Shorts in Crepe,V1225011,60065118,V1225011PR31X,1
Vivo Kigali Heights,Vivo Studio Longline Shorts in Crepe - Olive Stripes,Vivo Studio Longline Shorts in Crepe,V1225011,60065117,V1225011PR3L,1
Vivo Kigali Heights,Vivo Tana Puff Sleeve Bodysuit - Dark Green,Vivo Tana Puff Sleeve Bodysuit,V0822077,60010068,V0822077DGNM,1
Vivo Kigali Heights,Vivo Tana Puff Sleeve Bodysuit - Dark Green,Vivo Tana Puff Sleeve Bodysuit,V0822077,60010070,V0822077DGNXL,1
Vivo Kigali Heights,Vivo Tana Puff Sleeve Bodysuit - Dark Green,Vivo Tana Puff Sleeve Bodysuit,V0822077,60010069,V0822077DGNL,1
Vivo Kigali Heights,Vivo Tana Puff Sleeve Bodysuit - Dark Green,Vivo Tana Puff Sleeve Bodysuit,V0822077,60010067,V0822077DGNS,1
Vivo Kigali Heights,Vivo Tana Puff Sleeve Bodysuit In Jersey - Dark Green,Vivo Tana Puff Sleeve Bodysuit,V0822077,60064351,V0822077DGN2X,1
Vivo Kigali Heights,Vivo Waridi Sleeveless Overcoat - Navy Blue,Vivo Waridi Sleeveless Overcoat,V1020056,40017071,V1020056NABS,6
Vivo Kigali Heights,Vivo Zahari Sweatheart Neck Jumpsuit - Taupe / White Print,Vivo Zahari Sweatheart Neck Jumpsuit,V0623013,60056126,V0623013PR5M,1
Vivo Kigali Heights,Vivo Zahari Sweatheart Neck Jumpsuit - Taupe / White Print,Vivo Zahari Sweatheart Neck Jumpsuit,V0623013,60056125,V0623013PR5S,2
Vivo Kileleshwa,Vivo Ava Front Pleat Knee Length Dress In Crepe - White,Vivo Ava Front Pleat Knee Length Dress,V1124142,60063421,V1124142WHIL,1
Vivo Kileleshwa,Vivo Ava Front Pleat Knee Length Dress In Crepe - White,Vivo Ava Front Pleat Knee Length Dress,V1124142,60063423,V1124142WHI2X,1
Vivo Kileleshwa,Vivo Ava Front Pleat Knee Length Dress In Crepe - White,Vivo Ava Front Pleat Knee Length Dress,V1124142,60063419,V1124142WHIS,1
Vivo Kileleshwa,Vivo Ava Front Pleat Knee Length Dress In Crepe - White,Vivo Ava Front Pleat Knee Length Dress,V1124142,60063422,V1124142WHI1X,1
Vivo Kileleshwa,Vivo Basic Sleeveless Sienna Waterfall - Navy Blue,Vivo Basic Sleeveless Sienna Waterfall,V0321017,50010430,V0321017NABM,1
Vivo Kileleshwa,Vivo Basic Sleeveless Sienna Waterfall - Navy Blue,Vivo Basic Sleeveless Sienna Waterfall,V0321017,50010429,V0321017NABS,1
Vivo Kileleshwa,Vivo Basic Sleeveless Sienna Waterfall - Navy Blue,Vivo Basic Sleeveless Sienna Waterfall,V0321017,50010431,V0321017NABL,2
Vivo Kileleshwa,Vivo Boat Neck Dress in Ponte - Orange,Vivo Boat Neck Dress in Ponte,V0126025,60065665,V0126025ORA1X,1
Vivo Kileleshwa,Vivo Boat Neck Dress in Ponte - Orange,Vivo Boat Neck Dress in Ponte,V0126025,60065664,V0126025ORAL,2
Vivo Kileleshwa,Vivo Drop Shoulder Shirt in Organza - Black,Vivo Drop Shoulder Shirt in Organza,REO2260,60065791,REO226001BLA1X,1
Vivo Kisumu,Safari Tafari Wrap Top - Karanga Print,Safari Tafari Wrap Top,S1025031,60060644,S1025031PR5S/M,1
Vivo Kisumu,Vivo Ava Front Pleat Knee Length Dress In Crepe - White,Vivo Ava Front Pleat Knee Length Dress,V1124142,60063419,V1124142WHIS,2
Vivo Kisumu,Vivo Boat Neck Dress in Ponte - Black,Vivo Boat Neck Dress in Ponte,V0126025,60065659,V0126025BLAL,1
Vivo Kisumu,Vivo Boat Neck Dress in Ponte - Black,Vivo Boat Neck Dress in Ponte,V0126025,60065657,V0126025BLAS,2
Vivo Kisumu,Vivo Boat Neck Dress in Ponte - Black,Vivo Boat Neck Dress in Ponte,V0126025,60065660,V0126025BLA1X,2
Vivo Kisumu,Vivo Boat Neck Dress in Ponte - Black,Vivo Boat Neck Dress in Ponte,V0126025,60065658,V0126025BLAM,1
Vivo Kisumu,Vivo Drop Shoulder Shirt in Organza - Off White,Vivo Drop Shoulder Shirt in Organza,RE02260,60065786,RE0226001OWHI1X,2
Vivo Kisumu,Vivo Drop Shoulder Shirt in Organza - Off White,Vivo Drop Shoulder Shirt in Organza,RE02260,60065784,RE0226001OWHIM,2
Vivo Kisumu,Vivo Drop Shoulder Shirt in Organza - Off White,Vivo Drop Shoulder Shirt in Organza,RE02260,60065785,RE0226001OWHIL,2
Vivo Kisumu,Vivo Drop Shoulder Shirt in Organza - Off White,Vivo Drop Shoulder Shirt in Organza,RE02260,60065787,RE0226001OWHI2X,1
Vivo Kisumu,Vivo Jersey Drop Shoulder Top - Dark Green,Vivo Jersey Drop Shoulder Top,V1125001,60061467,V1125001DGRNS,1
Vivo Kisumu,Vivo Jersey Drop Shoulder Top - Dark Green,Vivo Jersey Drop Shoulder Top,V1125001,60061469,V1125001DGRNL,1
Vivo Kisumu,Vivo Waridi Sleeveless Overcoat - Navy Blue,Vivo Waridi Sleeveless Overcoat,V1020056,40017071,V1020056NABS,2
Vivo MSA Digo Road,Vivo Ava Front Pleat Knee Length Dress In Crepe - Dark Green,Vivo Ava Front Pleat Knee Length Dress,V1124142,60063425,V1124142DGRNM,1
Vivo MSA Digo Road,Vivo Ava Front Pleat Knee Length Dress In Crepe - White,Vivo Ava Front Pleat Knee Length Dress,V1124142,60063419,V1124142WHIS,1
Vivo MSA Digo Road,Vivo Ava Front Pleat Knee Length Dress In Crepe - White,Vivo Ava Front Pleat Knee Length Dress,V1124142,60063420,V1124142WHIM,1
Vivo MSA Digo Road,Vivo Imara Cap Sleeve Sheath Dress - Red,Vivo Imara Cap Sleeve Sheath Dress,V0123007,60057736,V0123007REDM,1
Vivo MSA Digo Road,Vivo Imara Cap Sleeve Sheath Dress - Red,Vivo Imara Cap Sleeve Sheath Dress,V0123007,60057735,V0123007REDS,1
Vivo MSA Digo Road,Vivo Leila 3/4 Sleeve Tent Knee Length Dress - Navy,Vivo Leila 3/4 Sleeve Tent Knee Length Dress,V0423056,60044604,V0423056NAVYL,1
Vivo MSA Digo Road,Vivo Rayon Jersey Slip Dress - Navy,Vivo Rayon Jersey Slip Dress,V1025038,60062032,V1025038NAVM,1
Vivo MSA Digo Road,Vivo Rayon Jersey Slip Dress - Navy,Vivo Rayon Jersey Slip Dress,V1025038,60062035,V1025038NAV2X,1
Vivo MSA Digo Road,Vivo Rayon Jersey Slip Dress - Navy,Vivo Rayon Jersey Slip Dress,V1025038,60062034,V1025038NAV1X,1
Vivo MSA Digo Road,Vivo Rayon Jersey Slip Dress - Navy,Vivo Rayon Jersey Slip Dress,V1025038,60062031,V1025038NAVS,1
Vivo MSA Digo Road,Vivo Tana Puff Sleeve Bodysuit - Dark Green,Vivo Tana Puff Sleeve Bodysuit,V0822077,60010067,V0822077DGNS,1
Vivo MSA Digo Road,Vivo Tana Puff Sleeve Bodysuit - Dark Green,Vivo Tana Puff Sleeve Bodysuit,V0822077,60010069,V0822077DGNL,2
Vivo MSA Digo Road,Vivo Tana Puff Sleeve Bodysuit - Dark Green,Vivo Tana Puff Sleeve Bodysuit,V0822077,60010068,V0822077DGNM,2
Vivo MSA Digo Road,Vivo Tana Puff Sleeve Bodysuit - Dark Green,Vivo Tana Puff Sleeve Bodysuit,V0822077,60010070,V0822077DGNXL,2
Vivo MSA Digo Road,Vivo Tana Puff Sleeve Bodysuit In Jersey - Dark Green,Vivo Tana Puff Sleeve Bodysuit,V0822077,60064351,V0822077DGN2X,1
Vivo Mama Ngina St,Vivo Ava Front Pleat Knee Length Dress In Crepe - Navy,Vivo Ava Front Pleat Knee Length Dress,V1124142,60063432,V1124142NAV1X,1
Vivo Mama Ngina St,Vivo Boat Neck Dress in Ponte - Navy,Vivo Boat Neck Dress in Ponte,V0126025,60065650,V0126025NAV1X,1
Vivo Mama Ngina St,Vivo Boat Neck Dress in Ponte - Navy,Vivo Boat Neck Dress in Ponte,V0126025,60065651,V0126025NAV2X,1
Vivo Mama Ngina St,Vivo Boat Neck Dress in Ponte - Navy,Vivo Boat Neck Dress in Ponte,V0126025,60065648,V0126025NAVM,1
Vivo Mama Ngina St,Vivo Boat Neck Dress in Ponte - Olive,Vivo Boat Neck Dress in Ponte,V0126025,60065652,V0126025OLIS,1
Vivo Mama Ngina St,Vivo Boat Neck Top in Scuba - Black,Vivo Boat Neck Top in Scuba,V0126024,60065750,V0126024BLAL,1
Vivo Mama Ngina St,Vivo Boat Neck Top in Scuba - Red,Vivo Boat Neck Top in Scuba,V0126024,60065755,V0126024REDL,1
Vivo Mama Ngina St,Vivo Drop Shoulder Shirt in Organza - Black,Vivo Drop Shoulder Shirt in Organza,REO2260,60065791,REO226001BLA1X,2
Vivo Mama Ngina St,Vivo Drop Shoulder Shirt in Organza - Brown,Vivo Drop Shoulder Shirt in Organza,REO2260,60065796,REO226001BRW1X,2
Vivo Mama Ngina St,Vivo Drop Shoulder Shirt in Organza - Brown,Vivo Drop Shoulder Shirt in Organza,REO2260,60065797,REO226001BRW2X,1
Vivo Mama Ngina St,Vivo Drop Shoulder Shirt in Organza - Brown,Vivo Drop Shoulder Shirt in Organza,REO2260,60065794,REO226001BRWM,1
Vivo Mama Ngina St,Vivo Drop Shoulder Shirt in Organza - Brown,Vivo Drop Shoulder Shirt in Organza,REO2260,60065795,REO226001BRWL,2
Vivo Mama Ngina St,Vivo Drop Shoulder Shirt in Organza - Off White,Vivo Drop Shoulder Shirt in Organza,RE02260,60065785,RE0226001OWHIL,3
Vivo Mama Ngina St,Vivo Drop Shoulder Shirt in Organza - Off White,Vivo Drop Shoulder Shirt in Organza,RE02260,60065783,RE0226001OWHIS,2
Vivo Mama Ngina St,Vivo Drop Shoulder Shirt in Organza - Off White,Vivo Drop Shoulder Shirt in Organza,RE02260,60065784,RE0226001OWHIM,2
Vivo Mama Ngina St,Vivo Imara Cap Sleeve Sheath Dress - Navy,Vivo Imara Cap Sleeve Sheath Dress,V0123007,60057740,V0123007NAVS,2
Vivo Mama Ngina St,Vivo Jersey Drop Shoulder Top - Dark Green,Vivo Jersey Drop Shoulder Top,V1125001,60061470,V1125001DGRN1X,2
Vivo Mama Ngina St,Vivo Jersey Drop Shoulder Top - Dark Green,Vivo Jersey Drop Shoulder Top,V1125001,60061469,V1125001DGRNL,1
Vivo Mama Ngina St,Vivo Jersey Drop Shoulder Top - Dark Green,Vivo Jersey Drop Shoulder Top,V1125001,60061467,V1125001DGRNS,1
Vivo Mama Ngina St,Vivo Jersey Drop Shoulder Top - Dark Green,Vivo Jersey Drop Shoulder Top,V1125001,60061468,V1125001DGRNM,1
Vivo Mama Ngina St,Vivo Jersey Drop Shoulder Top - Dark Purple,Vivo Jersey Drop Shoulder Top,V1125001,60061471,V1125001DPURS,1
Vivo Mama Ngina St,Vivo Jersey Drop Shoulder Top - Dark Purple,Vivo Jersey Drop Shoulder Top,V1125001,60061472,V1125001DPURM,1
Vivo Mama Ngina St,Vivo Tana Puff Sleeve Bodysuit - Dark Green,Vivo Tana Puff Sleeve Bodysuit,V0822077,60010070,V0822077DGNXL,1
Vivo Mama Ngina St,Vivo Tana Puff Sleeve Bodysuit - Dark Green,Vivo Tana Puff Sleeve Bodysuit,V0822077,60010069,V0822077DGNL,4
Vivo Mama Ngina St,Vivo Tana Puff Sleeve Bodysuit - Dark Green,Vivo Tana Puff Sleeve Bodysuit,V0822077,60010067,V0822077DGNS,3
Vivo Mama Ngina St,Vivo Tana Puff Sleeve Bodysuit In Jersey - Dark Green,Vivo Tana Puff Sleeve Bodysuit,V0822077,60064351,V0822077DGN2X,1
Vivo Mama Ngina St,Vivo Tana Puff Sleeve Bodysuit In Jersey- Navy Blue,Vivo Tana Puff Sleeve Bodysuit,V0822077,60015831,V0822077NABL,2
Vivo Mama Ngina St,Vivo Tana Puff Sleeve Bodysuit In Jersey- Navy Blue,Vivo Tana Puff Sleeve Bodysuit,V0822077,60015832,V0822077NABXL,1
Vivo Mama Ngina St,Vivo Tana Puff Sleeve Bodysuit In Jersey- Navy Blue,Vivo Tana Puff Sleeve Bodysuit,V0822077,60015829,V0822077NABS,2
Vivo Mama Ngina St,Vivo Tana Puff Sleeve Bodysuit In Jersey- Navy Blue,Vivo Tana Puff Sleeve Bodysuit,V0822077,60015830,V0822077NABM,2
Vivo Mama Ngina St,Vivo Waridi Sleeveless Overcoat - Dark Teal,Vivo Waridi Sleeveless Overcoat,V1020056,60033878,V1020056DTEAS,1
Vivo Mama Ngina St,Vivo Waridi Sleeveless Overcoat - Navy Blue,Vivo Waridi Sleeveless Overcoat,V1020056,40017071,V1020056NABS,1
Vivo Meru,Vivo Basic Drop Shoulder Top - Mustard,Vivo Basic Drop Shoulder Top,V0622002,60039834,V0622002MUSM,1
Vivo Meru,Vivo Jersey Drop Shoulder Top - Olive,Vivo Jersey Drop Shoulder Top,V1125001,60061463,V1125001OLIS,2
Vivo Meru,Vivo Jersey Drop Shoulder Top - Olive,Vivo Jersey Drop Shoulder Top,V1125001,60061465,V1125001OLIL,1
Vivo Meru,Vivo Jersey Drop Shoulder Top - Olive,Vivo Jersey Drop Shoulder Top,V1125001,60061464,V1125001OLIM,3
Vivo Moi Avenue,Safari Kamari Capri Cargo Pants - Green,Safari Kamari Capri Cargo Pants,S0224195,60035276,S0224195GRE3X,1
Vivo Moi Avenue,Safari Kamari Front Slit Midi Skirt - White Cloud,Safari Kamari Front Slit Midi Skirt,S0424080,60038071,S0424080WHCM,1
Vivo Moi Avenue,Safari Spaghetti Tank Top - Light Taupe,Safari Spaghetti Tank Top,S0424062,60035318,S0424062LTAU1X/2X,1
Vivo Moi Avenue,Safari Zene Off Shoulder Top - Coral,Safari Zene Off Shoulder Top,S1023060,60036298,S1023060CORM,1
Vivo Moi Avenue,Vivo Alani High Low Dress - Black Checkered Print,Vivo Alani High Low Dress,V0625018,60056571,V0625018PR3S,1
Vivo Moi Avenue,Vivo Alani High Low Dress - Black Textured Print,Vivo Alani High Low Dress,V0625018,60056575,V0625018PR4S,2
Vivo Moi Avenue,Vivo Alani High Low Dress - Black Textured Print,Vivo Alani High Low Dress,V0625018,60056577,V0625018PR4L,1
Vivo Moi Avenue,Vivo Ava Front Pleat Knee Length Dress In Crepe - Orange,Vivo Ava Front Pleat Knee Length Dress,V1124142,60063415,V1124142ORAM,1
Vivo Moi Avenue,Vivo Ayah Drawstring Pants -Green / Peach Zani Print,Vivo Ayah Drawstring Pants,V0225003,60057969,V0225003PR4M,1
Vivo Moi Avenue,Vivo Basic Ali Jacket - Red,Vivo Basic Ali Jacket,V0819124,60056078,V0819124REDL,1
Vivo Moi Avenue,Vivo Basic Drop Shoulder Top - Yellow,Vivo Basic Drop Shoulder Top,V0622002,60026372,V0622002YELXS,1
Vivo Moi Avenue,Vivo J.O V-Neck Sheath Dress - Wine Red,Vivo J.O V-Neck Sheath Dress,V0621001,60055820,V0621001WIRM,1
Vivo Moi Avenue,Vivo Jersey Drop Shoulder Top - Dark Green,Vivo Jersey Drop Shoulder Top,V1125001,60061468,V1125001DGRNM,1
Vivo Moi Avenue,Vivo Jersey Drop Shoulder Top - Dark Green,Vivo Jersey Drop Shoulder Top,V1125001,60061469,V1125001DGRNL,1
Vivo Moi Avenue,Vivo Kelemi 4.0 Sleeveless Top - Navy,Vivo Kelemi 4.0 Sleeveless Top,V0325043,60053225,V0325043NAVM,1
Vivo Moi Avenue,Vivo Kelemi 4.0 Sleeveless Top - Navy,Vivo Kelemi 4.0 Sleeveless Top,V0325043,60053226,V0325043NAVL,1
Vivo Moi Avenue,Vivo Kelemi 4.0 Sleeveless Top - Navy / Mustard Nashe Print,Vivo Kelemi 4.0 Sleeveless Top,V0325043,60053680,V0325043PR31X,2
Vivo Moi Avenue,Vivo Nora Front Pleat Knee Length Dress - Black,Vivo Nora Front Pleat Knee Length Dress,V0825014,60058863,V0825014BLAS,1
Vivo Moi Avenue,Vivo Nora Front Pleat Knee Length Dress - Black,Vivo Nora Front Pleat Knee Length Dress,V0825014,60058864,V0825014BLAM,1
Vivo Moi Avenue,Vivo Nora Front Pleat Knee Length Dress - Black,Vivo Nora Front Pleat Knee Length Dress,V0825014,60058865,V0825014BLAL,1
Vivo Moi Avenue,Vivo Nora Front Pleat Knee Length Dress - Chocolate,Vivo Nora Front Pleat Knee Length Dress,V0825014,60058888,V0825014CHOM,1
Vivo Moi Avenue,Vivo Nora Front Pleat Knee Length Dress - Navy,Vivo Nora Front Pleat Knee Length Dress,V0825014,60058867,V0825014NAVS,1
Vivo Moi Avenue,Vivo Nora Front Pleat Knee Length Dress - Navy,Vivo Nora Front Pleat Knee Length Dress,V0825014,60058868,V0825014NAVM,1
Vivo Moi Avenue,Vivo Nora Front Pleat Knee Length Dress - Orange,Vivo Nora Front Pleat Knee Length Dress,V0825014,60058881,V0825014ORAL,1
Vivo Moi Avenue,Vivo Nora Front Pleat Knee Length Dress - Orange,Vivo Nora Front Pleat Knee Length Dress,V0825014,60058880,V0825014ORAM,1
Vivo Moi Avenue,Vivo Nora Front Pleat Knee Length Dress - Orange,Vivo Nora Front Pleat Knee Length Dress,V0825014,60058882,V0825014ORA1X,1
Vivo Moi Avenue,Vivo Nora Front Pleat Knee Length Dress - Pink,Vivo Nora Front Pleat Knee Length Dress,V0825014,60058884,V0825014PINM,3
Vivo Moi Avenue,Vivo Nora Front Pleat Knee Length Dress - Pink,Vivo Nora Front Pleat Knee Length Dress,V0825014,60058883,V0825014PINS,2
Vivo Moi Avenue,Vivo Nora Front Pleat Knee Length Dress - Pink,Vivo Nora Front Pleat Knee Length Dress,V0825014,60058886,V0825014PIN1X,1
Vivo Moi Avenue,Vivo Nora Front Pleat Knee Length Dress - Pink,Vivo Nora Front Pleat Knee Length Dress,V0825014,60058885,V0825014PINL,3
Vivo Moi Avenue,Vivo Nora Front Pleat Knee Length Dress - Taupe,Vivo Nora Front Pleat Knee Length Dress,V0825014,60058872,V0825014TAUM,1
Vivo Moi Avenue,Vivo Nora Front Pleat Knee Length Dress - Taupe,Vivo Nora Front Pleat Knee Length Dress,V0825014,60058873,V0825014TAUL,3
Vivo Moi Avenue,Vivo Safa Skirt - Black,Vivo Safa Skirt,V0325007,60058510,V0325007BLAL,1
Vivo Moi Avenue,Vivo Seli Strappy Tent Top - Black,Vivo Seli Strappy Tent Top,V0125047,60051222,V0125047BLAL,1
Vivo Moi Avenue,Vivo Seli Strappy Tent Top - Black,Vivo Seli Strappy Tent Top,V0125047,60051223,V0125047BLA1X,1
Vivo Moi Avenue,Vivo Seli Strappy Tent Top - Black,Vivo Seli Strappy Tent Top,V0125047,60051220,V0125047BLAS,1
Vivo Moi Avenue,Vivo Seli Strappy Tent Top - Black,Vivo Seli Strappy Tent Top,V0125047,60051221,V0125047BLAM,1
Vivo Moi Avenue,Vivo Seli Strappy Tent Top - White / Black Esli Print,Vivo Seli Strappy Tent Top,V0125047,60051226,V0125047PR1L,1
Vivo Moi Avenue,Vivo Seli Strappy Tent Top - White / Black Esli Print,Vivo Seli Strappy Tent Top,V0125047,60051225,V0125047PR1M,1
Vivo Moi Avenue,Vivo Seli Strappy Tent Top - White / Black Esli Print,Vivo Seli Strappy Tent Top,V0125047,60051224,V0125047PR1S,1
Vivo Moi Avenue,Vivo Studio 2-piece in Mixed Media - Burgundy,Vivo Studio 2-piece in Mixed Media,V0925053,60062427,V0925053BURM,1
Vivo Nakuru,Vivo Ava Front Pleat Knee Length Dress In Crepe - Navy,Vivo Ava Front Pleat Knee Length Dress,V1124142,60063431,V1124142NAVL,1
Vivo Nakuru,Vivo Ava Front Pleat Knee Length Dress In Crepe - Navy,Vivo Ava Front Pleat Knee Length Dress,V1124142,60063429,V1124142NAVS,1
Vivo Nakuru,Vivo Imara Cap Sleeve Sheath Dress - Red,Vivo Imara Cap Sleeve Sheath Dress,V0123007,60057735,V0123007REDS,1
Vivo Runda,Safari Zene Off Shoulder Top - Rust,Safari Zene Off Shoulder Top,S1023060,60036293,S1023060RUSM,1
Vivo Runda,Vivo Ava Front Pleat Knee Length Dress In Crepe - White,Vivo Ava Front Pleat Knee Length Dress,V1124142,60063420,V1124142WHIM,2
Vivo Runda,Vivo Ava Front Pleat Knee Length Dress In Crepe - White,Vivo Ava Front Pleat Knee Length Dress,V1124142,60063419,V1124142WHIS,1
Vivo Runda,Vivo Basic Ali Jacket - Burgundy,Vivo Basic Ali Jacket,V0819124,60042178,V0819124BURS,1
Vivo Runda,Vivo Boat Neck Top in Scuba - Black,Vivo Boat Neck Top in Scuba,V0126024,60065751,V0126024BLA1X,1
Vivo Runda,Vivo Boat Neck Top in Scuba - Black,Vivo Boat Neck Top in Scuba,V0126024,60065749,V0126024BLAM,1
Vivo Runda,Vivo Boat Neck Top in Scuba - Black,Vivo Boat Neck Top in Scuba,V0126024,60065752,V0126024BLA2X,1
Vivo Runda,Vivo J.O V-Neck Sheath Dress - Navy Blue,Vivo J.O V-Neck Sheath Dress,V0621001,50014556,V0621001NABS,1
Vivo Runda,Vivo Jersey Drop Shoulder Top - Olive,Vivo Jersey Drop Shoulder Top,V1125001,60061465,V1125001OLIL,1
Vivo Runda,Vivo Lulu Cotton Barrel Pants - Khaki Green,Vivo Lulu Cotton Barrel Pants,V1125006,60061732,V1125006KHGRNM,1
Vivo Runda,Vivo Nuru Maxi Kimono - Black,Vivo Nuru Maxi Kimono,V0725020,60060257,V0725020BLAF,2
Vivo Runda,Vivo Ria Mock Neck Top - Lilac,Vivo Ria Mock Neck Top,V0725045,60058679,V0725045LILM,2
Vivo Runda,Vivo Tana Puff Sleeve Bodysuit - Chocolate Brown,Vivo Tana Puff Sleeve Bodysuit,V0822077,60056904,V0822077CHB1X,2
Vivo Runda,Vivo Tana Puff Sleeve Bodysuit - Chocolate Brown,Vivo Tana Puff Sleeve Bodysuit,V0822077,60056901,V0822077CHBS,2
Vivo Runda,Vivo Tana Puff Sleeve Bodysuit - Chocolate Brown,Vivo Tana Puff Sleeve Bodysuit,V0822077,60056902,V0822077CHBM,2
Vivo Runda,Vivo Tana Puff Sleeve Bodysuit - Chocolate Brown,Vivo Tana Puff Sleeve Bodysuit,V0822077,60056903,V0822077CHBL,2
Vivo Sarit,Vivo Basic Ali Jacket - Burgundy,Vivo Basic Ali Jacket,V0819124,60042178,V0819124BURS,1
Vivo Sarit,Vivo Drop Shoulder Shirt in Organza - Black,Vivo Drop Shoulder Shirt in Organza,REO2260,60065789,REO226001BLAM,2
Vivo Sarit,Vivo Drop Shoulder Shirt in Organza - Black,Vivo Drop Shoulder Shirt in Organza,REO2260,60065792,REO226001BLA2X,1
Vivo Sarit,Vivo Drop Shoulder Shirt in Organza - Black,Vivo Drop Shoulder Shirt in Organza,REO2260,60065790,REO226001BLAL,1
Vivo Sarit,Vivo Drop Shoulder Shirt in Organza - Black,Vivo Drop Shoulder Shirt in Organza,REO2260,60065791,REO226001BLA1X,1
Vivo Sarit,Vivo Drop Shoulder Shirt in Organza - Brown,Vivo Drop Shoulder Shirt in Organza,REO2260,60065794,REO226001BRWM,1
Vivo Sarit,Vivo J.O V-Neck Sheath Dress - Burgundy,Vivo J.O V-Neck Sheath Dress,V0621001,60055824,V0621001BURM,1
Vivo Sarit,Vivo Lulu Cotton Barrel Pants - Black,Vivo Lulu Cotton Barrel Pants,V1125006,60061743,V1125006BLAL,1
Vivo Sarit,Vivo Lulu Cotton Barrel Pants - Black,Vivo Lulu Cotton Barrel Pants,V1125006,60061741,V1125006BLAS,1
Vivo Sarit,Vivo Lulu Cotton Barrel Pants - Black,Vivo Lulu Cotton Barrel Pants,V1125006,60061742,V1125006BLAM,2
Vivo Sarit,Vivo Lulu Cotton Barrel Pants - Rust,Vivo Lulu Cotton Barrel Pants,V1125006,60061638,V1125006RUS1X,1
Vivo Signature Mall,Vivo Ava Front Pleat Knee Length Dress In Crepe - White,Vivo Ava Front Pleat Knee Length Dress,V1124142,60063419,V1124142WHIS,1
Vivo Signature Mall,Vivo Rayon Jersey Slip Dress - Navy,Vivo Rayon Jersey Slip Dress,V1025038,60062033,V1025038NAVL,1
Vivo Signature Mall,Vivo Tana Puff Sleeve Bodysuit In Jersey- Navy Blue,Vivo Tana Puff Sleeve Bodysuit,V0822077,60015830,V0822077NABM,1
Vivo T- Mall,Safari Tafari Shorts - Shan Print,Safari Tafari Shorts,S0925046,60060979,S0925046PR10L,1
Vivo T- Mall,Safari Tafari Shorts - Shan Print,Safari Tafari Shorts,S0925046,60060980,S0925046PR101X,1
Vivo T- Mall,Safari Zene Off Shoulder Top -Orange,Safari Zene Off Shoulder Top,S1023060,60036304,S1023060ORAL,1
Vivo T- Mall,Vivo Chiffon Shorts - Black,Vivo Chiffon Shorts,V0325072,60053196,V0325072BLAL,1
Vivo T- Mall,Vivo Iyana Tank Top - Dark Purple,Vivo Iyana Tank Top,V0625044,60057504,V0625044DAPS,1
Vivo T- Mall,Vivo Kitenge Wide Leg Pants - Lashi,Vivo Kitenge Wide Leg Pants,VE0032P,60042938,VE0032PR10M,1
Vivo T- Mall,Vivo Nuru Maxi Kimono - Black,Vivo Nuru Maxi Kimono,V0725020,60060257,V0725020BLAF,1
Vivo T- Mall,Vivo Nuru Maxi Kimono - Maroon,Vivo Nuru Maxi Kimono,V0725020,60060258,V0725020MARF,1
Vivo TRM,Safari Zene Off Shoulder Top - Rust,Safari Zene Off Shoulder Top,S1023060,60036293,S1023060RUSM,2
Vivo TRM,Vivo Alani High Low Dress - Black Checkered Print,Vivo Alani High Low Dress,V0625018,60056572,V0625018PR3M,1
Vivo TRM,Vivo Alani High Low Dress - Black Checkered Print,Vivo Alani High Low Dress,V0625018,60056573,V0625018PR3L,1
Vivo TRM,Vivo Alani High Low Dress - Black Checkered Print,Vivo Alani High Low Dress,V0625018,60056571,V0625018PR3S,1
Vivo TRM,Vivo Aleri Trench Coat Dress - Black,Vivo Aleri Trench Coat Dress,V0625059,60057785,V0625059BLAM,3
Vivo TRM,Vivo Aleri Trench Coat Dress - Black,Vivo Aleri Trench Coat Dress,V0625059,60057784,V0625059BLAS,1
Vivo TRM,Vivo Aleri Trench Coat Dress - Maroon,Vivo Aleri Trench Coat Dress,V0625059,60057794,V0625059MARL,1
Vivo TRM,Vivo Alma Short Sleeve Mini Bodycon - Black,Vivo Alma Short Sleeve Mini Bodycon,V0825060,60060316,V0825060BLAS,2
Vivo TRM,Vivo Alma Short Sleeve Mini Bodycon - Black,Vivo Alma Short Sleeve Mini Bodycon,V0825060,60060318,V0825060BLAL,1
Vivo TRM,Vivo Ava Front Pleat Knee Length Dress In Crepe - Orange,Vivo Ava Front Pleat Knee Length Dress,V1124142,60063415,V1124142ORAM,1
Vivo TRM,Vivo Boat Neck Dress in Ponte - Black,Vivo Boat Neck Dress in Ponte,V0126025,60065657,V0126025BLAS,2
Vivo TRM,Vivo Boat Neck Dress in Ponte - Black,Vivo Boat Neck Dress in Ponte,V0126025,60065660,V0126025BLA1X,2
Vivo TRM,Vivo Kelemi 4.0 Sleeveless Top - Lilac / Magenta Nashe Print,Vivo Kelemi 4.0 Sleeveless Top,V0325043,60053221,V0325043PR11X,1
Vivo TRM,Vivo Kelemi 4.0 Sleeveless Top - Lilac / Magenta Nashe Print,Vivo Kelemi 4.0 Sleeveless Top,V0325043,60053208,V0325043PR1S,1
Vivo TRM,Vivo Lulu Cotton Barrel Pants - Black,Vivo Lulu Cotton Barrel Pants,V1125006,60061745,V1125006BLA2X,1
Vivo TRM,Vivo Nora Front Pleat Knee Length Dress - Dark Red,Vivo Nora Front Pleat Knee Length Dress,V0825014,60058876,V0825014DREM,1
Vivo TRM,Vivo Nora Front Pleat Knee Length Dress - Navy,Vivo Nora Front Pleat Knee Length Dress,V0825014,60058868,V0825014NAVM,1
Vivo TRM,Vivo Nora Front Pleat Knee Length Dress - Navy,Vivo Nora Front Pleat Knee Length Dress,V0825014,60058869,V0825014NAVL,1
Vivo TRM,Vivo Rayon Jersey Slip Dress - Chocolate,Vivo Rayon Jersey Slip Dress,V1025038,60062038,V1025038CHOL,2
Vivo TRM,Vivo Rayon Jersey Slip Dress - Chocolate,Vivo Rayon Jersey Slip Dress,V1025038,60062036,V1025038CHOS,2
Vivo TRM,Vivo Reba Gathered Dress - Navy / Rust Eba Print,Vivo Reba Gathered Dress,V0224221,60048522,V0224221PR31X,1
Vivo TRM,Vivo Reba Gathered Dress - Navy / Rust Eba Print,Vivo Reba Gathered Dress,V0224221,60048482,V0224221PR3M,1
Vivo TRM,Vivo Reba Gathered Dress - Red / Navy Eba Print,Vivo Reba Gathered Dress,V0224221,60048525,V0224221PR5L,2
Vivo TRM,Vivo Tana Puff Sleeve Bodysuit - Red,Vivo Tana Puff Sleeve Bodysuit,V0822077,60020985,V0822077REDM,1
Vivo TRM,Vivo Yene Wide Leg Pants - Olive,Vivo Yene Wide Leg Pants,V1124138,60055143,V1124138OLIL,1
Vivo TRM,Vivo Zahari Sweatheart Neck Jumpsuit - Maroon / Black Print,Vivo Zahari Sweatheart Neck Jumpsuit,V0623013,60056121,V0623013PR4S,2
Vivo Two Rivers,Vivo Ava Front Pleat Knee Length Dress In Crepe - White,Vivo Ava Front Pleat Knee Length Dress,V1124142,60063421,V1124142WHIL,1
Vivo Two Rivers,Vivo Ava Front Pleat Knee Length Dress In Crepe - White,Vivo Ava Front Pleat Knee Length Dress,V1124142,60063420,V1124142WHIM,1
Vivo Two Rivers,Vivo Ava Front Pleat Knee Length Dress In Crepe - White,Vivo Ava Front Pleat Knee Length Dress,V1124142,60063419,V1124142WHIS,1
Vivo Two Rivers,Vivo Tana Puff Sleeve Bodysuit In Jersey- Navy Blue,Vivo Tana Puff Sleeve Bodysuit,V0822077,60015830,V0822077NABM,1
Vivo Village Market,Safari By Vivo Mens Cotton Long Sleeve Shirt - White / Navy Print,Safari By Vivo Mens Cotton Long Sleeve Shirt,S0925062,60060670,S0925062PR1M,3
Vivo Village Market,Safari By Vivo Mens Cotton Long Sleeve Shirt - White / Navy Print,Safari By Vivo Mens Cotton Long Sleeve Shirt,S0925062,60060671,S0925062PR1L,2
Vivo Village Market,Safari By Vivo Mens Cotton Long Sleeve Shirt - White / Navy Print,Safari By Vivo Mens Cotton Long Sleeve Shirt,S0925062,60060669,S0925062PR1S,2
Vivo Village Market,Safari By Vivo Mens Cotton Short Sleeve Shirt - White / Black Print,Safari By Vivo Mens Cotton Short Sleeve Shirt,S0925060,60060532,S0925060PR1L,2
Vivo Village Market,Safari By Vivo Mens Cotton Short Sleeve Shirt - White / Black Print,Safari By Vivo Mens Cotton Short Sleeve Shirt,S0925060,60060530,S0925060PR1S,2
Vivo Village Market,Safari Men's Long Sleeve Shirt - Khaki,Safari Men's Long Sleeve Shirt,S0424145,60035695,S0424145KHAS,1
Vivo Village Market,Safari Men's Long Sleeve Shirt - Khaki,Safari Men's Long Sleeve Shirt,S0424145,60035696,S0424145KHAM,2
Vivo Village Market,Safari Men's Long Sleeve Shirt - Khaki,Safari Men's Long Sleeve Shirt,S0424145,60035698,S0424145KHA1X,2
Vivo Village Market,Shiv & Shikie X Safari Printed Short Sleeve Shirt - Brown / Black Ezi Print,Shiv & Shikie X Safari Printed Short Sleeve Shirt,S0425041,60056091,S0425041PR1S,1
Vivo Village Market,Shiv & Shikie X Safari Printed Short Sleeve Shirt - Grey / Black Ezi Print,Shiv & Shikie X Safari Printed Short Sleeve Shirt,S0425041,60056442,S0425041PR21X,1
Vivo Village Market,Shiv & Shikie X Safari Printed Short Sleeve Shirt - Grey / Black Ezi Print,Shiv & Shikie X Safari Printed Short Sleeve Shirt,S0425041,60056441,S0425041PR2L,1
Vivo Village Market,Shiv & Shikie X Safari Printed Short Sleeve Shirt - Grey / Black Ezi Print,Shiv & Shikie X Safari Printed Short Sleeve Shirt,S0425041,60056440,S0425041PR2M,2
Vivo Village Market,Vivo Drop Shoulder Shirt in Organza - Black,Vivo Drop Shoulder Shirt in Organza,REO2260,60065789,REO226001BLAM,2
Vivo Village Market,Vivo Drop Shoulder Shirt in Organza - Off White,Vivo Drop Shoulder Shirt in Organza,RE02260,60065786,RE0226001OWHI1X,1
Vivo Village Market,Vivo Drop Shoulder Shirt in Organza - Off White,Vivo Drop Shoulder Shirt in Organza,RE02260,60065785,RE0226001OWHIL,1
Vivo Village Market,Vivo Drop Shoulder Shirt in Organza - Off White,Vivo Drop Shoulder Shirt in Organza,RE02260,60065787,RE0226001OWHI2X,1
Vivo Village Market,Vivo Lulu Cotton Barrel Pants - Rust,Vivo Lulu Cotton Barrel Pants,V1125006,60061639,V1125006RUS2X,1
Vivo Village Market,Vivo Tana Puff Sleeve Bodysuit - Chocolate Brown,Vivo Tana Puff Sleeve Bodysuit,V0822077,60056902,V0822077CHBM,1
Vivo Village Market,Vivo Tana Puff Sleeve Bodysuit - Chocolate Brown,Vivo Tana Puff Sleeve Bodysuit,V0822077,60056903,V0822077CHBL,1
Vivo Village Market,Vivo Tana Puff Sleeve Bodysuit - Chocolate Brown,Vivo Tana Puff Sleeve Bodysuit,V0822077,60056901,V0822077CHBS,1
Vivo Village Market,Vivo Tana Puff Sleeve Bodysuit - Chocolate Brown,Vivo Tana Puff Sleeve Bodysuit,V0822077,60056904,V0822077CHB1X,1
Vivo Village Market,Vivo Tana Puff Sleeve Bodysuit - Red,Vivo Tana Puff Sleeve Bodysuit,V0822077,60020985,V0822077REDM,2
Vivo Village Market,Vivo Tana Puff Sleeve Bodysuit - Red,Vivo Tana Puff Sleeve Bodysuit,V0822077,60020986,V0822077REDL,1
Vivo Village Market,Vivo Tana Puff Sleeve Bodysuit - Red,Vivo Tana Puff Sleeve Bodysuit,V0822077,60020984,V0822077REDS,1
Vivo Village Market,Vivo Tana Puff Sleeve Bodysuit In Jersey - Red,Vivo Tana Puff Sleeve Bodysuit,V0822077,60064349,V0822077RED2X,1
Vivo Yaya,Safari Kamari Capri Cargo Pants - Green,Safari Kamari Capri Cargo Pants,S0224195,60035272,S0224195GREM,1
Vivo Yaya,Safari Tiwa Shirred Midi Dress - Hunters,Safari Tiwa Shirred Midi Dress,S0125056,60053960,S0125056HUNXS/S,1
Vivo Yaya,Vivo Alani High Low Dress - Black Checkered Print,Vivo Alani High Low Dress,V0625018,60056571,V0625018PR3S,1
Vivo Yaya,Vivo Alani High Low Dress - Black Checkered Print,Vivo Alani High Low Dress,V0625018,60056573,V0625018PR3L,1
Vivo Yaya,Vivo Alani High Low Dress - Black Stripes Print,Vivo Alani High Low Dress,V0625018,60056579,V0625018PR5S,1
Vivo Yaya,Vivo Alani High Low Dress - Black Textured Print,Vivo Alani High Low Dress,V0625018,60056577,V0625018PR4L,1
Vivo Yaya,Vivo Alma Short Sleeve Mini Bodycon - Black,Vivo Alma Short Sleeve Mini Bodycon,V0825060,60060316,V0825060BLAS,1
Vivo Yaya,Vivo Ava Front Pleat Knee Length Dress In Crepe - Navy,Vivo Ava Front Pleat Knee Length Dress,V1124142,60063429,V1124142NAVS,1
Vivo Yaya,Vivo Ava Front Pleat Knee Length Dress In Crepe - Navy,Vivo Ava Front Pleat Knee Length Dress,V1124142,60063430,V1124142NAVM,1
Vivo Yaya,Vivo Ava Front Pleat Knee Length Dress In Crepe - Navy,Vivo Ava Front Pleat Knee Length Dress,V1124142,60063432,V1124142NAV1X,1
Vivo Yaya,Vivo Ava Front Pleat Knee Length Dress In Crepe - White,Vivo Ava Front Pleat Knee Length Dress,V1124142,60063423,V1124142WHI2X,1
Vivo Yaya,Vivo Ava Front Pleat Knee Length Dress In Crepe - White,Vivo Ava Front Pleat Knee Length Dress,V1124142,60063420,V1124142WHIM,1
Vivo Yaya,Vivo Ava Front Pleat Knee Length Dress In Crepe - White,Vivo Ava Front Pleat Knee Length Dress,V1124142,60063419,V1124142WHIS,1
Vivo Yaya,Vivo Basic Drop Shoulder Top - Pink,Vivo Basic Drop Shoulder Top,V0622002,60054366,V0622002PINM,1
Vivo Yaya,Vivo Nora Front Slit Knee Length Skirt - Taupe,Vivo Nora Front Slit Knee Length Skirt,V0825012,60058525,V0825012TAUM,2
Vivo Yaya,Vivo Tana Puff Sleeve Bodysuit - Chocolate Brown,Vivo Tana Puff Sleeve Bodysuit,V0822077,60056904,V0822077CHB1X,2
Vivo Yaya,Vivo Tana Puff Sleeve Bodysuit - Chocolate Brown,Vivo Tana Puff Sleeve Bodysuit,V0822077,60056903,V0822077CHBL,1
Vivo Yaya,Vivo Tana Puff Sleeve Bodysuit - Chocolate Brown,Vivo Tana Puff Sleeve Bodysuit,V0822077,60056901,V0822077CHBS,1
Warehouse Finished Goods,Safari Bush Drop Shoulder Long Sleeve Top - Mustard,Safari Bush Drop Shoulder Long Sleeve Top,S0424064,60037939,S0424064MUSXS/S,1
Warehouse Finished Goods,Safari Bush Drop Shoulder Long Sleeve Top - Mustard,Safari Bush Drop Shoulder Long Sleeve Top,S0424064,60037940,S0424064MUSM/L,1
Warehouse Finished Goods,Safari By Vivo Mens Cotton Short Sleeve Shirt - White / Black Print,Safari By Vivo Mens Cotton Short Sleeve Shirt,S0925060,60060532,S0925060PR1L,2
Warehouse Finished Goods,Safari Chui Lined Jacket - White Cloud,Safari Chui Lined Jacket,S1024005,60047581,S1024005WHICL,1
Warehouse Finished Goods,Safari Kamari Capri Cargo Pants - White,Safari Kamari Capri Cargo Pants,S0224195,60035282,S0224195WHIL,2
Warehouse Finished Goods,Safari Kamari Drop Shoulder Top - Navy Blue,Safari Kamari Drop Shoulder Top,S0224189,60036024,S0224189NABM/L,1
Warehouse Finished Goods,Safari Kamari Drop Shoulder Top - Navy Blue,Safari Kamari Drop Shoulder Top,S0224189,60036025,S0224189NAB1X/2X,3
Warehouse Finished Goods,Safari Kamari Front Slit Midi Skirt - Navy,Safari Kamari Front Slit Midi Skirt,S0424080,60044531,S0424080NAVM,1
Warehouse Finished Goods,Safari Kamari Front Slit Midi Skirt - Navy,Safari Kamari Front Slit Midi Skirt,S0424080,60044532,S0424080NAVL,3
Warehouse Finished Goods,Safari Bush Cropped Short Sleeve Shacket - Gold,Safari Kamari Ribbed Top,S0424073,60038482,S0424073GOLXS/S,1
Warehouse Finished Goods,Safari Bush Cropped Short Sleeve Shacket - Gold,Safari Kamari Ribbed Top,S0424073,60038484,S0424073GOL1X/2X,3
Warehouse Finished Goods,Safari Men's Bomber Jacket - Dark Grey,Safari Men's Bomber Jacket,S0424035,60037671,S0424035DGRY1X,1
Warehouse Finished Goods,Safari Men's Cargo Pants - Dark Grey,Safari Men's Cargo Pants,S0424047,60035966,S0424047DGRYL,1
Warehouse Finished Goods,Safari Men's Chinese Collar Long Sleeve Shirt - Coral,Safari Men's Chinese Collar Long Sleeve Shirt,S0424039,60036659,S0424039CORM,1
Warehouse Finished Goods,Safari Men's Long Sleeve Shirt - Khaki,Safari Men's Long Sleeve Shirt,S0424145,60035696,S0424145KHAM,2
Warehouse Finished Goods,Safari Men's Long Sleeve Shirt - Khaki,Safari Men's Long Sleeve Shirt,S0424145,60035697,S0424145KHAL,1
Warehouse Finished Goods,Safari Men's Shacket - Dark Grey,Safari Men's Shacket,S0424037,60035707,S0424037DGRY1X,1
Warehouse Finished Goods,Safari Naledi Gathered Panel Maxi Skirt - Navy,Safari Naledi Gathered Panel Maxi Skirt,S0325065,60055220,S0325065NAVF,2
Warehouse Finished Goods,Safari Naledi Gathered Panel Maxi Skirt - Pink,Safari Naledi Gathered Panel Maxi Skirt,S0325065,60055183,S0325065PINF,2
Warehouse Finished Goods,Safari Njano Men's Easy Fit Kitenge Pants - Black / Dark Teal Print,Safari Njano Men's Easy Fit Kitenge Pants,S0925045,60060683,S0925045PR1L,1
Warehouse Finished Goods,Safari Njano Men's Easy Fit Pants - Hunters Green,Safari Njano Men's Easy Fit Pants,S0824028,60044511,S0824028HGN1X,1
Warehouse Finished Goods,Safari Njano Men's Easy Fit Pants - Hunters Green,Safari Njano Men's Easy Fit Pants,S0824028,60044510,S0824028HGNL,1
Warehouse Finished Goods,Safari Njano Men's Easy Fit Pants - Hunters Green,Safari Njano Men's Easy Fit Pants,S0824028,60044508,S0824028HGNS,1
Warehouse Finished Goods,Safari Njano Men's Easy Fit Pants - Hunters Green,Safari Njano Men's Easy Fit Pants,S0824028,60044509,S0824028HGNM,1
Warehouse Finished Goods,Safari Njano Men's Easy Fit Pants - Rust,Safari Njano Men's Easy Fit Pants,S0824028,60044513,S0824028RUSM,1
Warehouse Finished Goods,Safari Njano Men's Easy Fit Pants - Rust,Safari Njano Men's Easy Fit Pants,S0824028,60044515,S0824028RUS1X,1
Warehouse Finished Goods,Safari Njano Men's Easy Fit Pants - Rust,Safari Njano Men's Easy Fit Pants,S0824028,60044514,S0824028RUSL,2
Warehouse Finished Goods,Safari Savannah Kitenge  Midi Wrap Dress - Sipo Print,Safari Savannah Kitenge Midi Wrap Dress,S0824067,60042868,S0824067PR31X,1
Warehouse Finished Goods,Safari Spaghetti Tank Top - Dark Taupe,Safari Spaghetti Tank Top,S0424062,60035313,S0424062DTAUM/L,1
Warehouse Finished Goods,Safari Spaghetti Tank Top - Dark Taupe,Safari Spaghetti Tank Top,S0424062,60035314,S0424062DTAU1X/2X,2
Warehouse Finished Goods,Safari Spaghetti Tank Top - Hunters,Safari Spaghetti Tank Top,S0424062,60043580,S0424062HUN1X/2X,3
Warehouse Finished Goods,Safari Spaghetti Tank Top - Light Taupe,Safari Spaghetti Tank Top,S0424062,60035318,S0424062LTAU1X/2X,3
Warehouse Finished Goods,Safari Spaghetti Tank Top - Light Taupe,Safari Spaghetti Tank Top,S0424062,60035316,S0424062LTAUXS/S,1
Warehouse Finished Goods,Safari Tafari Shorts - Black Brown Shade C,Safari Tafari Shorts,S0925046,60060959,S0925046PR5L,1
Warehouse Finished Goods,Safari Tafari Shorts - Dark Navy Asili Print,Safari Tafari Shorts,S0925046,60060951,S0925046PR3L,1
Warehouse Finished Goods,Safari Tafari Shorts - Shan Print,Safari Tafari Shorts,S0925046,60060978,S0925046PR10M,1
Warehouse Finished Goods,Safari Tafari Wrap Top - Cheli Print,Safari Tafari Wrap Top,S1025031,60060637,S1025031PR1L/1X,2
Warehouse Finished Goods,Safari Tafari Wrap Top - Mpiji Print,Safari Tafari Wrap Top,S1025031,60060646,S1025031PR6S/M,2
Warehouse Finished Goods,Safari Tafari Wrap Top - Pangani Print,Safari Tafari Wrap Top,S1025031,60060652,S1025031PR9S/M,2
Warehouse Finished Goods,Safari Tafari Wrap Top - Semu Print,Safari Tafari Wrap Top,S1025031,60060642,S1025031PR4S/M,3
Warehouse Finished Goods,Safari Tafari Wrap Top - Songwe Print,Safari Tafari Wrap Top,S1025031,60060657,S1025031PR11L/1X,2
Warehouse Finished Goods,Safari Tafari Wrap Top - Songwe Print,Safari Tafari Wrap Top,S1025031,60060656,S1025031PR11S/M,1
Warehouse Finished Goods,Safari Tafari Wrap Top - Umba Print,Safari Tafari Wrap Top,S1025031,60060654,S1025031PR10S/M,4
Warehouse Finished Goods,Safari Tafari Wrap Top - Weru Print,Safari Tafari Wrap Top,S1025031,60060649,S1025031PR7L/1X,1
Warehouse Finished Goods,Safari Tiwa Shirred Midi Dress - Hunters,Safari Tiwa Shirred Midi Dress,S0125056,60053960,S0125056HUNXS/S,1
Warehouse Finished Goods,Safari Tiwa Shirred Midi Dress - Lime,Safari Tiwa Shirred Midi Dress,S0125056,60053958,S0125056LIMM/L,2
Warehouse Finished Goods,Safari Tiwa Shirred Midi Dress - Lime,Safari Tiwa Shirred Midi Dress,S0125056,60053957,S0125056LIMXS/S,1
Warehouse Finished Goods,Safari Zene Off Shoulder Top - Hunters,Safari Zene Off Shoulder Top,S1023060,60054299,S1023060HUNM,2
Warehouse Finished Goods,Safari Zene Off Shoulder Top - Rust,Safari Zene Off Shoulder Top,S1023060,60036293,S1023060RUSM,2
Warehouse Finished Goods,Safari Zene Off Shoulder Top - Yellow,Safari Zene Off Shoulder Top,S1023060,60027835,S1023060YELM,1
Warehouse Finished Goods,Safari by Vivo Naledi Bubble Midi Dress - Beta Print,Safari by Vivo Naledi Bubble Midi Dress,S0925040,60061238,S0925040PR6S,1
Warehouse Finished Goods,Safari by Vivo Naledi Bubble Midi Dress - Isara Print,Safari by Vivo Naledi Bubble Midi Dress,S0925040,60061221,S0925040PR11X,1
Warehouse Finished Goods,Safari by Vivo Naledi Bubble Midi Dress - Neli Print,Safari by Vivo Naledi Bubble Midi Dress,S0925040,60061227,S0925040PR3M,3
Warehouse Finished Goods,Shiv & Shikie X Safari Barrel Pants - Black,Shiv & Shikie X Safari Barrel Pants,S0425039,60055426,S0425039BLAS,9
Warehouse Finished Goods,Shiv & Shikie X Safari Barrel Pants - Olive,Shiv & Shikie X Safari Barrel Pants,S0425039,60055430,S0425039OLIS,9
Warehouse Finished Goods,Shiv & Shikie X Safari Barrel Pants - Olive,Shiv & Shikie X Safari Barrel Pants,S0425039,60055431,S0425039OLIM,3
Warehouse Finished Goods,Shiv & Shikie X Safari Barrel Pants - Taupe,Shiv & Shikie X Safari Barrel Pants,S0425039,60055422,S0425039TAUS,1
Warehouse Finished Goods,Shiv & Shikie X Safari Faux Collar Shirt - Lime,Shiv & Shikie X Safari Faux Collar Shirt,S0425045,60055301,S0425045LIMXS/S,1
Warehouse Finished Goods,Shiv & Shikie X Safari Printed Short Sleeve Shirt - Brown / Black Ezi Print,Shiv & Shikie X Safari Printed Short Sleeve Shirt,S0425041,60056093,S0425041PR1L,1
Warehouse Finished Goods,Shiv & Shikie X Safari Printed Short Sleeve Shirt - Brown / Black Ezi Print,Shiv & Shikie X Safari Printed Short Sleeve Shirt,S0425041,60056092,S0425041PR1M,1
Warehouse Finished Goods,Shiv & Shikie X Safari Printed Short Sleeve Shirt - Grey / Black Ezi Print,Shiv & Shikie X Safari Printed Short Sleeve Shirt,S0425041,60056440,S0425041PR2M,2
Warehouse Finished Goods,Shiv & Shikie X Safari Printed Short Sleeve Shirt - Grey / Black Ezi Print,Shiv & Shikie X Safari Printed Short Sleeve Shirt,S0425041,60056441,S0425041PR2L,2
Warehouse Finished Goods,Shiv & Shikie X Safari Printed Short Sleeve Shirt - Taupe / Black Ezi Print,Shiv & Shikie X Safari Printed Short Sleeve Shirt,S0425041,60056444,S0425041PR3M,1
Warehouse Finished Goods,Shiv & Shikie X Safari Printed Short Sleeve Shirt - Taupe / Black Ezi Print,Shiv & Shikie X Safari Printed Short Sleeve Shirt,S0425041,60056443,S0425041PR3S,1
Warehouse Finished Goods,Vivo Alani High Low Dress - Black Checkered Print,Vivo Alani High Low Dress,V0625018,60056571,V0625018PR3S,2
Warehouse Finished Goods,Vivo Alani High Low Dress - Black Stripes Print,Vivo Alani High Low Dress,V0625018,60056579,V0625018PR5S,1
Warehouse Finished Goods,Vivo Alani High Low Dress - Black Textured Print,Vivo Alani High Low Dress,V0625018,60056575,V0625018PR4S,1
Warehouse Finished Goods,Vivo Aleri Trench Coat Dress - Black,Vivo Aleri Trench Coat Dress,V0625059,60057786,V0625059BLAL,1
Warehouse Finished Goods,Vivo Aleri Trench Coat Dress - Black,Vivo Aleri Trench Coat Dress,V0625059,60057784,V0625059BLAS,1
Warehouse Finished Goods,Vivo Aleri Trench Coat Dress - Maroon,Vivo Aleri Trench Coat Dress,V0625059,60057795,V0625059MAR1X,1
Warehouse Finished Goods,Vivo Aleri Trench Coat Dress - Maroon,Vivo Aleri Trench Coat Dress,V0625059,60057793,V0625059MARM,1
Warehouse Finished Goods,Vivo Aleri Trench Coat Dress - Maroon,Vivo Aleri Trench Coat Dress,V0625059,60057794,V0625059MARL,1
Warehouse Finished Goods,Vivo Aleri Trench Coat Dress - Mustard,Vivo Aleri Trench Coat Dress,V0625059,60057798,V0625059MUSL,1
Warehouse Finished Goods,Vivo Aleri Trench Coat Dress - Rust,Vivo Aleri Trench Coat Dress,V0625059,60057789,V0625059RUSM,1
Warehouse Finished Goods,Vivo Aleri Trench Coat Dress - White,Vivo Aleri Trench Coat Dress,V0625059,60057541,V0625059WHIS,1
Warehouse Finished Goods,Vivo Alma Short Sleeve Mini Bodycon - Black,Vivo Alma Short Sleeve Mini Bodycon,V0825060,60060316,V0825060BLAS,1
Warehouse Finished Goods,Vivo Alma Short Sleeve Mini Bodycon - Lime,Vivo Alma Short Sleeve Mini Bodycon,V0825060,60060314,V0825060LIML,2
Warehouse Finished Goods,Vivo Alma Short Sleeve Mini Bodycon - Lime,Vivo Alma Short Sleeve Mini Bodycon,V0825060,60060312,V0825060LIMS,1
Warehouse Finished Goods,Vivo Ari Sleeveless Straight Maxi Slit Dress - Black,Vivo Ari Sleeveless Straight Maxi Slit Dress,V0725029,60057235,V0725029BLAL,1
Warehouse Finished Goods,Vivo Ari Sleeveless Straight Maxi Slit Dress - Chocolate Brown,Vivo Ari Sleeveless Straight Maxi Slit Dress,V0725029,60057238,V0725029CHBM,1
Warehouse Finished Goods,Vivo Ari Sleeveless Straight Maxi Slit Dress - Red,Vivo Ari Sleeveless Straight Maxi Slit Dress,V0725029,60057247,V0725029REDL,1
Warehouse Finished Goods,Vivo Ari Sleeveless Straight Maxi Slit Dress - Red,Vivo Ari Sleeveless Straight Maxi Slit Dress,V0725029,60057248,V0725029RED1X,1
Warehouse Finished Goods,Vivo Ari Sleeveless Straight Maxi Slit Dress - Sea Green,Vivo Ari Sleeveless Straight Maxi Slit Dress,V0725029,60057243,V0725029SEGL,1
Warehouse Finished Goods,Vivo Ari Sleeveless Straight Maxi Slit Dress - Sea Green,Vivo Ari Sleeveless Straight Maxi Slit Dress,V0725029,60057242,V0725029SEGM,3
Warehouse Finished Goods,Vivo Ari Sleeveless Straight Maxi Slit Dress - Sea Green,Vivo Ari Sleeveless Straight Maxi Slit Dress,V0725029,60057241,V0725029SEGS,1
Warehouse Finished Goods,Vivo Ava Front Pleat Knee Length Dress - Cream / Purple Print,Vivo Ava Front Pleat Knee Length Dress,V1124142,60057044,V1124142PR41X,1
Warehouse Finished Goods,Vivo Ava Front Pleat Knee Length Dress In Crepe - Dark Green,Vivo Ava Front Pleat Knee Length Dress,V1124142,60063424,V1124142DGRNS,1
Warehouse Finished Goods,Vivo Ava Front Pleat Knee Length Dress In Crepe - Dark Green,Vivo Ava Front Pleat Knee Length Dress,V1124142,60063425,V1124142DGRNM,2
Warehouse Finished Goods,Vivo Ava Front Pleat Knee Length Dress In Crepe - Navy,Vivo Ava Front Pleat Knee Length Dress,V1124142,60063430,V1124142NAVM,2
Warehouse Finished Goods,Vivo Ava Front Pleat Knee Length Dress In Crepe - Navy,Vivo Ava Front Pleat Knee Length Dress,V1124142,60063429,V1124142NAVS,5
Warehouse Finished Goods,Vivo Ava Front Pleat Knee Length Dress In Crepe - Navy,Vivo Ava Front Pleat Knee Length Dress,V1124142,60063433,V1124142NAV2X,1
Warehouse Finished Goods,Vivo Ava Front Pleat Knee Length Dress In Crepe - Navy,Vivo Ava Front Pleat Knee Length Dress,V1124142,60063431,V1124142NAVL,2
Warehouse Finished Goods,Vivo Ava Front Pleat Knee Length Dress In Crepe - Orange,Vivo Ava Front Pleat Knee Length Dress,V1124142,60063415,V1124142ORAM,2
Warehouse Finished Goods,Vivo Ava Front Pleat Knee Length Dress In Crepe - White,Vivo Ava Front Pleat Knee Length Dress,V1124142,60063419,V1124142WHIS,3
Warehouse Finished Goods,Vivo Ayah Drawstring Pants - Chocolate,Vivo Ayah Drawstring Pants,V0225003,60051951,V0225003CHO1X,1
Warehouse Finished Goods,Vivo Ayah Satin Pants - Dark Purple,Vivo Ayah Satin Pants,V0225031,60052417,V0225031DAP1X,1
Warehouse Finished Goods,Vivo Basic Ali Jacket - Burgundy,Vivo Basic Ali Jacket,V0819124,60042179,V0819124BURM,1
Warehouse Finished Goods,Vivo Basic Ali Jacket - Hunters Green,Vivo Basic Ali Jacket,V0819124,60027999,V0819124HGNS,1
Warehouse Finished Goods,Vivo Basic Ali Jacket - Red,Vivo Basic Ali Jacket,V0819124,60056077,V0819124REDM,1
Warehouse Finished Goods,Vivo Basic Ali Jacket - Red,Vivo Basic Ali Jacket,V0819124,60056076,V0819124REDS,1
Warehouse Finished Goods,Vivo Basic Ali Jacket - Red,Vivo Basic Ali Jacket,V0819124,60056078,V0819124REDL,1
Warehouse Finished Goods,Vivo Basic Drop Shoulder Top - Burnt Orange,Vivo Basic Drop Shoulder Top,V0622002,60054375,V0622002BUOL,1
Warehouse Finished Goods,Vivo Basic Drop Shoulder Top - Mustard,Vivo Basic Drop Shoulder Top,V0622002,60039835,V0622002MUSL,2
Warehouse Finished Goods,Vivo Basic Drop Shoulder Top - Pink,Vivo Basic Drop Shoulder Top,V0622002,60054368,V0622002PIN1X,1
Warehouse Finished Goods,Vivo Basic Drop Shoulder Top - Pink,Vivo Basic Drop Shoulder Top,V0622002,60054367,V0622002PINL,6
Warehouse Finished Goods,Vivo Basic Drop Shoulder Top - Pink,Vivo Basic Drop Shoulder Top,V0622002,60054366,V0622002PINM,1
Warehouse Finished Goods,Vivo Basic Maternity Leggings - Navy Blue,Vivo Basic Maternity Leggings,V1022057,60013552,V1022057NABS,2
Warehouse Finished Goods,Vivo Basic Sleeveless Midi Jersey Waterfall - Taupe,Vivo Basic Sleeveless Midi Jersey Waterfall,V1122192,60022025,V1122192TAUL/XL,1
Warehouse Finished Goods,Vivo Basic Sleeveless Sienna Waterfall - Navy Blue,Vivo Basic Sleeveless Sienna Waterfall,V0321017,50010432,V0321017NABXL,1
Warehouse Finished Goods,Vivo Boat Neck Dress in Ponte - Black,Vivo Boat Neck Dress in Ponte,V0126025,60065659,V0126025BLAL,4
Warehouse Finished Goods,Vivo Boat Neck Dress in Ponte - Black,Vivo Boat Neck Dress in Ponte,V0126025,60065660,V0126025BLA1X,2
Warehouse Finished Goods,Vivo Boat Neck Dress in Ponte - Navy,Vivo Boat Neck Dress in Ponte,V0126025,60065648,V0126025NAVM,6
Warehouse Finished Goods,Vivo Boat Neck Dress in Ponte - Navy,Vivo Boat Neck Dress in Ponte,V0126025,60065647,V0126025NAVS,5
Warehouse Finished Goods,Vivo Boat Neck Dress in Ponte - Navy,Vivo Boat Neck Dress in Ponte,V0126025,60065650,V0126025NAV1X,3
Warehouse Finished Goods,Vivo Boat Neck Dress in Ponte - Navy,Vivo Boat Neck Dress in Ponte,V0126025,60065649,V0126025NAVL,6
Warehouse Finished Goods,Vivo Boat Neck Dress in Ponte - Olive,Vivo Boat Neck Dress in Ponte,V0126025,60065652,V0126025OLIS,19
Warehouse Finished Goods,Vivo Boat Neck Dress in Ponte - Olive,Vivo Boat Neck Dress in Ponte,V0126025,60065654,V0126025OLIL,33
Warehouse Finished Goods,Vivo Boat Neck Dress in Ponte - Olive,Vivo Boat Neck Dress in Ponte,V0126025,60065655,V0126025OLI1X,28
Warehouse Finished Goods,Vivo Boat Neck Dress in Ponte - Olive,Vivo Boat Neck Dress in Ponte,V0126025,60065656,V0126025OLI2X,9
Warehouse Finished Goods,Vivo Boat Neck Dress in Ponte - Olive,Vivo Boat Neck Dress in Ponte,V0126025,60065653,V0126025OLIM,36
Warehouse Finished Goods,Vivo Boat Neck Dress in Ponte - Orange,Vivo Boat Neck Dress in Ponte,V0126025,60065665,V0126025ORA1X,21
Warehouse Finished Goods,Vivo Boat Neck Dress in Ponte - Orange,Vivo Boat Neck Dress in Ponte,V0126025,60065666,V0126025ORA2X,6
Warehouse Finished Goods,Vivo Boat Neck Dress in Ponte - Orange,Vivo Boat Neck Dress in Ponte,V0126025,60065662,V0126025ORAS,16
Warehouse Finished Goods,Vivo Boat Neck Dress in Ponte - Orange,Vivo Boat Neck Dress in Ponte,V0126025,60065664,V0126025ORAL,35
Warehouse Finished Goods,Vivo Boat Neck Dress in Ponte - Orange,Vivo Boat Neck Dress in Ponte,V0126025,60065663,V0126025ORAM,33
Warehouse Finished Goods,Vivo Boat Neck Top in Scuba - Black,Vivo Boat Neck Top in Scuba,V0126024,60065750,V0126024BLAL,16
Warehouse Finished Goods,Vivo Boat Neck Top in Scuba - Black,Vivo Boat Neck Top in Scuba,V0126024,60065752,V0126024BLA2X,6
Warehouse Finished Goods,Vivo Boat Neck Top in Scuba - Black,Vivo Boat Neck Top in Scuba,V0126024,60065751,V0126024BLA1X,13
Warehouse Finished Goods,Vivo Boat Neck Top in Scuba - Black,Vivo Boat Neck Top in Scuba,V0126024,60065749,V0126024BLAM,17
Warehouse Finished Goods,Vivo Boat Neck Top in Scuba - Black,Vivo Boat Neck Top in Scuba,V0126024,60065748,V0126024BLAS,9
Warehouse Finished Goods,Vivo Boat Neck Top in Scuba - Burgundy,Vivo Boat Neck Top in Scuba,V0126024,60065746,V0126024BUR1X,9
Warehouse Finished Goods,Vivo Boat Neck Top in Scuba - Burgundy,Vivo Boat Neck Top in Scuba,V0126024,60065747,V0126024BUR2X,4
Warehouse Finished Goods,Vivo Boat Neck Top in Scuba - Burgundy,Vivo Boat Neck Top in Scuba,V0126024,60065744,V0126024BURM,17
Warehouse Finished Goods,Vivo Boat Neck Top in Scuba - Burgundy,Vivo Boat Neck Top in Scuba,V0126024,60065743,V0126024BURS,9
Warehouse Finished Goods,Vivo Boat Neck Top in Scuba - Burgundy,Vivo Boat Neck Top in Scuba,V0126024,60065745,V0126024BURL,22
Warehouse Finished Goods,Vivo Boat Neck Top in Scuba - Lilac,Vivo Boat Neck Top in Scuba,V0126024,60065766,V0126024LIL1X,8
Warehouse Finished Goods,Vivo Boat Neck Top in Scuba - Lilac,Vivo Boat Neck Top in Scuba,V0126024,60065764,V0126024LILM,15
Warehouse Finished Goods,Vivo Boat Neck Top in Scuba - Lilac,Vivo Boat Neck Top in Scuba,V0126024,60065767,V0126024LIL2X,6
Warehouse Finished Goods,Vivo Boat Neck Top in Scuba - Lilac,Vivo Boat Neck Top in Scuba,V0126024,60065765,V0126024LILL,17
Warehouse Finished Goods,Vivo Boat Neck Top in Scuba - Lilac,Vivo Boat Neck Top in Scuba,V0126024,60065763,V0126024LILS,8
Warehouse Finished Goods,Vivo Boat Neck Top in Scuba - Lime Green,Vivo Boat Neck Top in Scuba,V0126024,60065761,V0126024LGR1X,17
Warehouse Finished Goods,Vivo Boat Neck Top in Scuba - Lime Green,Vivo Boat Neck Top in Scuba,V0126024,60065759,V0126024LGRM,20
Warehouse Finished Goods,Vivo Boat Neck Top in Scuba - Lime Green,Vivo Boat Neck Top in Scuba,V0126024,60065760,V0126024LGRL,24
Warehouse Finished Goods,Vivo Boat Neck Top in Scuba - Lime Green,Vivo Boat Neck Top in Scuba,V0126024,60065758,V0126024LGRS,11
Warehouse Finished Goods,Vivo Boat Neck Top in Scuba - Lime Green,Vivo Boat Neck Top in Scuba,V0126024,60065762,V0126024LGR2X,7
Warehouse Finished Goods,Vivo Boat Neck Top in Scuba - Red,Vivo Boat Neck Top in Scuba,V0126024,60065753,V0126024REDS,9
Warehouse Finished Goods,Vivo Boat Neck Top in Scuba - Red,Vivo Boat Neck Top in Scuba,V0126024,60065755,V0126024REDL,14
Warehouse Finished Goods,Vivo Boat Neck Top in Scuba - Red,Vivo Boat Neck Top in Scuba,V0126024,60065756,V0126024RED1X,10
Warehouse Finished Goods,Vivo Boat Neck Top in Scuba - Red,Vivo Boat Neck Top in Scuba,V0126024,60065757,V0126024RED2X,6
Warehouse Finished Goods,Vivo Boat Neck Top in Scuba - Red,Vivo Boat Neck Top in Scuba,V0126024,60065754,V0126024REDM,10
Warehouse Finished Goods,Vivo Chiffon Shorts - Black,Vivo Chiffon Shorts,V0325072,60053195,V0325072BLAM,2
Warehouse Finished Goods,Vivo Diella 3/4 Sleeve A-Line Dress - Black,Vivo Diella 3/4 Sleeve A-Line Dress,V0425056,60056636,V0425056BLAS,1
Warehouse Finished Goods,Vivo Diella 3/4 Sleeve A-Line Dress - Dark Olive,Vivo Diella 3/4 Sleeve A-Line Dress,V0425056,60056375,V0425056DAOM,2
Warehouse Finished Goods,Vivo Drop Shoulder Shirt in Organza - Black,Vivo Drop Shoulder Shirt in Organza,RE02260,60065788,RE0226001BLAS,6
Warehouse Finished Goods,Vivo Drop Shoulder Shirt in Organza - Black,Vivo Drop Shoulder Shirt in Organza,REO2260,60065790,REO226001BLAL,11
Warehouse Finished Goods,Vivo Drop Shoulder Shirt in Organza - Black,Vivo Drop Shoulder Shirt in Organza,REO2260,60065789,REO226001BLAM,9
Warehouse Finished Goods,Vivo Drop Shoulder Shirt in Organza - Black,Vivo Drop Shoulder Shirt in Organza,REO2260,60065792,REO226001BLA2X,1
Warehouse Finished Goods,Vivo Drop Shoulder Shirt in Organza - Black,Vivo Drop Shoulder Shirt in Organza,REO2260,60065791,REO226001BLA1X,7
Warehouse Finished Goods,Vivo Drop Shoulder Shirt in Organza - Brown,Vivo Drop Shoulder Shirt in Organza,REO2260,60065794,REO226001BRWM,6
Warehouse Finished Goods,Vivo Drop Shoulder Shirt in Organza - Brown,Vivo Drop Shoulder Shirt in Organza,RE02260,60065793,RE0226001BRWS,2
Warehouse Finished Goods,Vivo Drop Shoulder Shirt in Organza - Brown,Vivo Drop Shoulder Shirt in Organza,REO2260,60065796,REO226001BRW1X,3
Warehouse Finished Goods,Vivo Drop Shoulder Shirt in Organza - Brown,Vivo Drop Shoulder Shirt in Organza,REO2260,60065795,REO226001BRWL,12
Warehouse Finished Goods,Vivo Drop Shoulder Shirt in Organza - Brown,Vivo Drop Shoulder Shirt in Organza,REO2260,60065797,REO226001BRW2X,1
Warehouse Finished Goods,Vivo Drop Shoulder Shirt in Organza - Off White,Vivo Drop Shoulder Shirt in Organza,RE02260,60065785,RE0226001OWHIL,5
Warehouse Finished Goods,Vivo Drop Shoulder Shirt in Organza - Off White,Vivo Drop Shoulder Shirt in Organza,RE02260,60065786,RE0226001OWHI1X,3
Warehouse Finished Goods,Vivo Drop Shoulder Shirt in Organza - Off White,Vivo Drop Shoulder Shirt in Organza,RE02260,60065787,RE0226001OWHI2X,2
Warehouse Finished Goods,Vivo Drop Shoulder Shirt in Organza - Off White,Vivo Drop Shoulder Shirt in Organza,RE02260,60065784,RE0226001OWHIM,5
Warehouse Finished Goods,Vivo Drop Shoulder Shirt in Organza - Orange,Vivo Drop Shoulder Shirt in Organza,REO2260,60065799,REO226001ORAM,4
Warehouse Finished Goods,Vivo Drop Shoulder Shirt in Organza - Orange,Vivo Drop Shoulder Shirt in Organza,REO2260,60065802,REO226001ORA2X,2
Warehouse Finished Goods,Vivo Drop Shoulder Shirt in Organza - Orange,Vivo Drop Shoulder Shirt in Organza,REO2260,60065800,REO226001ORAL,7
Warehouse Finished Goods,Vivo Full Length Kimono - Keri,Vivo Full Length Kimono,V0224241,60049405,V0224241PR101X/2X,1
Warehouse Finished Goods,Vivo Full Length Kimono - Keri,Vivo Full Length Kimono,V0224241,60049403,V0224241PR10XS/S,1
Warehouse Finished Goods,Vivo Imara Cap Sleeve Sheath Dress - Red,Vivo Imara Cap Sleeve Sheath Dress,V0123007,60057735,V0123007REDS,1
Warehouse Finished Goods,Vivo Imara Cap Sleeve Sheath Dress - Red,Vivo Imara Cap Sleeve Sheath Dress,V0123007,60057736,V0123007REDM,1
Warehouse Finished Goods,Vivo Iyana Bubble Midi Skirt - Black,Vivo Iyana Bubble Midi Skirt,V0625043,60057605,V0625043BLAM,1
Warehouse Finished Goods,Vivo Iyana Bubble Midi Skirt - Black,Vivo Iyana Bubble Midi Skirt,V0625043,60057606,V0625043BLAL,1
Warehouse Finished Goods,Vivo Iyana Bubble Midi Skirt - Green / Pink Iya Print,Vivo Iyana Bubble Midi Skirt,V0625043,60057608,V0625043PR1S,2
Warehouse Finished Goods,Vivo Iyana Tank Top - Dark Purple,Vivo Iyana Tank Top,V0625044,60057505,V0625044DAPM,2
Warehouse Finished Goods,Vivo Iyana Tank Top - Green,Vivo Iyana Tank Top,V0625044,60057516,V0625044GRNS,2
Warehouse Finished Goods,Vivo Iyana Tank Top - Green,Vivo Iyana Tank Top,V0625044,60057517,V0625044GRNM,2
Warehouse Finished Goods,Vivo J.O V-Neck Sheath Dress - Black,Vivo J.O V-Neck Sheath Dress,V0621001,50010207,V0621001BLAM,1
Warehouse Finished Goods,Vivo J.O V-Neck Sheath Dress - Burgundy,Vivo J.O V-Neck Sheath Dress,V0621001,60055823,V0621001BURS,1
Warehouse Finished Goods,Vivo J.O V-Neck Sheath Dress - Navy Blue,Vivo J.O V-Neck Sheath Dress,V0621001,50014556,V0621001NABS,1
Warehouse Finished Goods,Vivo J.O V-Neck Sheath Dress - Wine Red,Vivo J.O V-Neck Sheath Dress,V0621001,60055820,V0621001WIRM,1
Warehouse Finished Goods,Vivo Jersey Drop Shoulder Top - Dark Green,Vivo Jersey Drop Shoulder Top,V1125001,60061467,V1125001DGRNS,1
Warehouse Finished Goods,Vivo Jersey Drop Shoulder Top - Dark Green,Vivo Jersey Drop Shoulder Top,V1125001,60061470,V1125001DGRN1X,1
Warehouse Finished Goods,Vivo Jersey Drop Shoulder Top - Dark Purple,Vivo Jersey Drop Shoulder Top,V1125001,60061471,V1125001DPURS,2
Warehouse Finished Goods,Vivo Jersey Drop Shoulder Top - Olive,Vivo Jersey Drop Shoulder Top,V1125001,60061466,V1125001OLI1X,1
Warehouse Finished Goods,Vivo Jersey Drop Shoulder Top - Olive,Vivo Jersey Drop Shoulder Top,V1125001,60061463,V1125001OLIS,1
Warehouse Finished Goods,Vivo Kelemi 4.0 Kimono - Magenta,Vivo Kelemi 4.0 Kimono,V0325041,60053153,V0325041MAGS,1
Warehouse Finished Goods,Vivo Kelemi 4.0 Kimono - Purple,Vivo Kelemi 4.0 Kimono,V0325041,60046590,V0325041PUR1X,1
Warehouse Finished Goods,Vivo Kelemi 4.0 Kimono - Purple,Vivo Kelemi 4.0 Kimono,V0325041,60046589,V0325041PURL,4
Warehouse Finished Goods,Vivo Kelemi 4.0 Sleeveless Top - Lilac / Magenta Nashe Print,Vivo Kelemi 4.0 Sleeveless Top,V0325043,60053219,V0325043PR1M,2
Warehouse Finished Goods,Vivo Kelemi 4.0 Sleeveless Top - Lilac / Magenta Nashe Print,Vivo Kelemi 4.0 Sleeveless Top,V0325043,60053208,V0325043PR1S,1
Warehouse Finished Goods,Vivo Kelemi 4.0 Sleeveless Top - Lilac / Magenta Nashe Print,Vivo Kelemi 4.0 Sleeveless Top,V0325043,60053220,V0325043PR1L,1
Warehouse Finished Goods,Vivo Kitenge Wide Leg Pants - Blue / Pink Azizi Print,Vivo Kitenge Wide Leg Pants,VE0032P,60059230,VE0032PR14M,3
Warehouse Finished Goods,Vivo Kitenge Wide Leg Pants - Jura,Vivo Kitenge Wide Leg Pants,VE0032P,60043001,VE0032PR12S,1
Warehouse Finished Goods,Vivo Leila Cap Sleeve Tent Knee Length Dress - Dark Green,Vivo Leila Cap Sleeve Tent Knee Length Dress,V0423055,60021486,V0423055DGNS,1
Warehouse Finished Goods,Vivo Leila Cap Sleeve Tent Knee Length Dress - White,Vivo Leila Cap Sleeve Tent Knee Length Dress,V0423055,60044707,V0423055WHIL,1
Warehouse Finished Goods,Vivo Liora Shorts - Black,Vivo Liora Shorts,V0925026,60061668,V0925026BLAL,1
Warehouse Finished Goods,Vivo Liora Shorts - Black,Vivo Liora Shorts,V0925026,60061667,V0925026BLAM,3
Warehouse Finished Goods,Vivo Liora Shorts - Black,Vivo Liora Shorts,V0925026,60061666,V0925026BLAS,2
Warehouse Finished Goods,Vivo Liora Shorts - Chocolate,Vivo Liora Shorts,V0925026,60061671,V0925026CHOCS,2
Warehouse Finished Goods,Vivo Lulu Cotton Barrel Pants - Black,Vivo Lulu Cotton Barrel Pants,V1125006,60061742,V1125006BLAM,3
Warehouse Finished Goods,Vivo Lulu Cotton Barrel Pants - Black,Vivo Lulu Cotton Barrel Pants,V1125006,60061741,V1125006BLAS,1
Warehouse Finished Goods,Vivo Lulu Cotton Barrel Pants - Khaki Green,Vivo Lulu Cotton Barrel Pants,V1125006,60061735,V1125006KHGRN2X,1
Warehouse Finished Goods,Vivo Lulu Cotton Barrel Pants - Maroon,Vivo Lulu Cotton Barrel Pants,V1125006,60061740,V1125006MAR2X,1
Warehouse Finished Goods,Vivo Lulu Cotton Barrel Pants - Maroon,Vivo Lulu Cotton Barrel Pants,V1125006,60061737,V1125006MARM,6
Warehouse Finished Goods,Vivo Lulu Cotton Barrel Pants - Maroon,Vivo Lulu Cotton Barrel Pants,V1125006,60061736,V1125006MARS,1
Warehouse Finished Goods,Vivo Lulu Cotton Barrel Pants - Maroon,Vivo Lulu Cotton Barrel Pants,V1125006,60061739,V1125006MAR1X,1
Warehouse Finished Goods,Vivo Lulu Cotton Barrel Pants - Rust,Vivo Lulu Cotton Barrel Pants,V1125006,60061637,V1125006RUSL,1
Warehouse Finished Goods,Vivo Lulu Cotton Barrel Pants - Rust,Vivo Lulu Cotton Barrel Pants,V1125006,60061636,V1125006RUSM,1
Warehouse Finished Goods,Vivo Lulu Cotton Barrel Pants - Rust,Vivo Lulu Cotton Barrel Pants,V1125006,60061635,V1125006RUSS,1
Warehouse Finished Goods,Vivo Niari straight leg Pants - Black,Vivo Niari straight leg Pants,V0225011,60053014,V0225011BLAM,1
Warehouse Finished Goods,Vivo Niari straight leg Pants - Maroon,Vivo Niari straight leg Pants,V0225011,60053012,V0225011MAR1X,1
Warehouse Finished Goods,Vivo Niari straight leg Pants - Maroon,Vivo Niari straight leg Pants,V0225011,60053009,V0225011MARS,1
Warehouse Finished Goods,Vivo Nora 3/4 Sleeve Peplum Top - Red,Vivo Nora 3/4 Sleeve Peplum Top,V0825009,60058548,V0825009REDS,1
Warehouse Finished Goods,Vivo Nora 3/4 Sleeve Peplum Top - Taupe,Vivo Nora 3/4 Sleeve Peplum Top,V0825009,60058546,V0825009TAUL,1
Warehouse Finished Goods,Vivo Nora Front Pleat Knee Length Dress - Pink,Vivo Nora Front Pleat Knee Length Dress,V0825014,60058886,V0825014PIN1X,1
Warehouse Finished Goods,Vivo Nora Front Pleat Knee Length Dress - Taupe,Vivo Nora Front Pleat Knee Length Dress,V0825014,60058871,V0825014TAUS,1
Warehouse Finished Goods,Vivo Nora Front Slit Knee Length Skirt - Hunters,Vivo Nora Front Slit Knee Length Skirt,V0825012,60058523,V0825012HUN1X,1
Warehouse Finished Goods,Vivo Nora Front Slit Knee Length Skirt - Purple,Vivo Nora Front Slit Knee Length Skirt,V0825012,60058537,V0825012PURM,1
Warehouse Finished Goods,Vivo Nora Front Slit Knee Length Skirt - Red,Vivo Nora Front Slit Knee Length Skirt,V0825012,60058530,V0825012REDL,1
Warehouse Finished Goods,Vivo Nora Front Slit Knee Length Skirt - Red,Vivo Nora Front Slit Knee Length Skirt,V0825012,60058528,V0825012REDS,1
Warehouse Finished Goods,Vivo Nora Front Slit Knee Length Skirt - Red,Vivo Nora Front Slit Knee Length Skirt,V0825012,60058529,V0825012REDM,1
Warehouse Finished Goods,Vivo Nora Front Slit Knee Length Skirt - Taupe,Vivo Nora Front Slit Knee Length Skirt,V0825012,60058525,V0825012TAUM,2
Warehouse Finished Goods,Vivo Nora Front Slit Knee Length Skirt - Taupe,Vivo Nora Front Slit Knee Length Skirt,V0825012,60058524,V0825012TAUS,1
Warehouse Finished Goods,Vivo Nora Front Slit Knee Length Skirt - Taupe,Vivo Nora Front Slit Knee Length Skirt,V0825012,60058526,V0825012TAUL,2
Warehouse Finished Goods,Vivo Nuru Maxi Kimono - Black,Vivo Nuru Maxi Kimono,V0725020,60060257,V0725020BLAF,2
Warehouse Finished Goods,Vivo Nuru Maxi Kimono - Maroon,Vivo Nuru Maxi Kimono,V0725020,60060258,V0725020MARF,17
Warehouse Finished Goods,Vivo Pelia Kimono - Maroon / White Meni Print,Vivo Pelia Kimono,V1024045,60046397,V1024045PR6F,1
Warehouse Finished Goods,Vivo Rayon Jersey Slip Dress - Black,Vivo Rayon Jersey Slip Dress,V1025038,60062023,V1025038BLAL,1
Warehouse Finished Goods,Vivo Rayon Jersey Slip Dress - Black,Vivo Rayon Jersey Slip Dress,V1025038,60062021,V1025038BLAS,2
Warehouse Finished Goods,Vivo Rayon Jersey Slip Dress - Chocolate,Vivo Rayon Jersey Slip Dress,V1025038,60062036,V1025038CHOS,2
Warehouse Finished Goods,Vivo Rayon Jersey Slip Dress - Chocolate,Vivo Rayon Jersey Slip Dress,V1025038,60062039,V1025038CHO1X,1
Warehouse Finished Goods,Vivo Rayon Jersey Slip Dress - Chocolate,Vivo Rayon Jersey Slip Dress,V1025038,60062038,V1025038CHOL,4
Warehouse Finished Goods,Vivo Rayon Jersey Slip Dress - Chocolate,Vivo Rayon Jersey Slip Dress,V1025038,60062037,V1025038CHOM,3
Warehouse Finished Goods,Vivo Rayon Jersey Slip Dress - Navy,Vivo Rayon Jersey Slip Dress,V1025038,60062033,V1025038NAVL,1
Warehouse Finished Goods,Vivo Rayon Jersey Slip Dress - Navy,Vivo Rayon Jersey Slip Dress,V1025038,60062032,V1025038NAVM,2
Warehouse Finished Goods,Vivo Rayon Jersey Slip Dress - Navy,Vivo Rayon Jersey Slip Dress,V1025038,60062035,V1025038NAV2X,2
Warehouse Finished Goods,Vivo Rayon Jersey Slip Dress - Navy,Vivo Rayon Jersey Slip Dress,V1025038,60062034,V1025038NAV1X,2
Warehouse Finished Goods,Vivo Rayon Jersey Slip Dress - Navy,Vivo Rayon Jersey Slip Dress,V1025038,60062031,V1025038NAVS,4
Warehouse Finished Goods,Vivo Rayon Jersey Slip Dress - White,Vivo Rayon Jersey Slip Dress,V1025038,60062027,V1025038WHIM,1
Warehouse Finished Goods,Vivo Ria Mock Neck Top - Grey,Vivo Ria Mock Neck Top,V0725045,60058674,V0725045GRES,1
Warehouse Finished Goods,Vivo Safa Skirt - Black,Vivo Safa Skirt,V0325007,60058508,V0325007BLAS,1
Warehouse Finished Goods,Vivo Safa Skirt - Black,Vivo Safa Skirt,V0325007,60058509,V0325007BLAM,1
Warehouse Finished Goods,Vivo Safa Skirt - Off White,Vivo Safa Skirt,V0325007,60053311,V0325007OWHI1X,2
Warehouse Finished Goods,Vivo Samira Maxi Kimono - Black / Red Print,Vivo Samira Maxi Kimono,V0525043,60056021,V0525043PR11S/M,1
Warehouse Finished Goods,Vivo Samira Maxi Kimono - Grey / Black Print,Vivo Samira Maxi Kimono,V0525043,60056009,V0525043PR5S/M,1
Warehouse Finished Goods,Vivo Samira Maxi Kimono - Hunters / Red Print,Vivo Samira Maxi Kimono,V0525043,60056025,V0525043PR13S/M,3
Warehouse Finished Goods,Vivo Samira Maxi Kimono - Teal / Red Print,Vivo Samira Maxi Kimono,V0525043,60056023,V0525043PR12S/M,1
Warehouse Finished Goods,Vivo Seli Strappy Tent Top - Black,Vivo Seli Strappy Tent Top,V0125047,60051222,V0125047BLAL,1
Warehouse Finished Goods,Vivo Seli Strappy Tent Top - White / Black Esli Print,Vivo Seli Strappy Tent Top,V0125047,60051225,V0125047PR1M,1
Warehouse Finished Goods,Vivo Seli Strappy Tent Top - White / Black Esli Print,Vivo Seli Strappy Tent Top,V0125047,60051224,V0125047PR1S,2
Warehouse Finished Goods,Vivo Seli Strappy Tent Top - White / Black Esli Print,Vivo Seli Strappy Tent Top,V0125047,60051226,V0125047PR1L,2
Warehouse Finished Goods,Vivo Sierra Bishop Sleeve Top - Black / Grey Lipi Print,Vivo Sierra Bishop Sleeve Top,V0121031,60050357,V0121031PR16M,1
Warehouse Finished Goods,Vivo Sierra Bishop Sleeve Top - Brown / Yellow Lika Print,Vivo Sierra Bishop Sleeve Top,V0121031,60050364,V0121031PR171X,3
Warehouse Finished Goods,Vivo Sierra Bishop Sleeve Top - Brown / Yellow Lika Print,Vivo Sierra Bishop Sleeve Top,V0121031,60050363,V0121031PR17L,1
Warehouse Finished Goods,Vivo Studio 2-piece in Mixed Media - Black,Vivo Studio 2-piece in Mixed Media,V0925053,60062433,V0925053BLAL,5
Warehouse Finished Goods,Vivo Studio 2-piece in Mixed Media - Black,Vivo Studio 2-piece in Mixed Media,V0925053,60062431,V0925053BLAS,14
Warehouse Finished Goods,Vivo Studio 2-piece in Mixed Media - Black,Vivo Studio 2-piece in Mixed Media,V0925053,60062432,V0925053BLAM,2
Warehouse Finished Goods,Vivo Studio 2-piece in Mixed Media - Black,Vivo Studio 2-piece in Mixed Media,V0925053,60062434,V0925053BLA1X,1
Warehouse Finished Goods,Vivo Studio 2-piece in Mixed Media - Burgundy,Vivo Studio 2-piece in Mixed Media,V0925053,60062427,V0925053BURM,15
Warehouse Finished Goods,Vivo Studio 2-piece in Mixed Media - Burgundy,Vivo Studio 2-piece in Mixed Media,V0925053,60062426,V0925053BURS,4
Warehouse Finished Goods,Vivo Studio 2-piece in Mixed Media - Burgundy,Vivo Studio 2-piece in Mixed Media,V0925053,60062428,V0925053BURL,6
Warehouse Finished Goods,Vivo Studio 2-piece in Mixed Media - Burgundy,Vivo Studio 2-piece in Mixed Media,V0925053,60062429,V0925053BUR1X,4
Warehouse Finished Goods,Vivo Studio 2-piece in Mixed Media - Orange,Vivo Studio 2-piece in Mixed Media,V0925053,60062436,V0925053ORAS,12
Warehouse Finished Goods,Vivo Studio 2-piece in Mixed Media - Orange,Vivo Studio 2-piece in Mixed Media,V0925053,60062439,V0925053ORA1X,7
Warehouse Finished Goods,Vivo Studio 2-piece in Mixed Media - Orange,Vivo Studio 2-piece in Mixed Media,V0925053,60062437,V0925053ORAM,22
Warehouse Finished Goods,Vivo Studio 2-piece in Mixed Media - Orange,Vivo Studio 2-piece in Mixed Media,V0925053,60062438,V0925053ORAL,12
Warehouse Finished Goods,Vivo Studio 2-piece in Mixed Media- Hunters Green,Vivo Studio 2-piece in Mixed Media,V0925053,60062442,V0925053HGRNM,20
Warehouse Finished Goods,Vivo Studio 2-piece in Mixed Media- Hunters Green,Vivo Studio 2-piece in Mixed Media,V0925053,60062441,V0925053HGRNS,11
Warehouse Finished Goods,Vivo Studio 2-piece in Mixed Media- Hunters Green,Vivo Studio 2-piece in Mixed Media,V0925053,60062444,V0925053HGRN1X,3
Warehouse Finished Goods,Vivo Studio 2-piece in Mixed Media- Hunters Green,Vivo Studio 2-piece in Mixed Media,V0925053,60062443,V0925053HGRNL,15
Warehouse Finished Goods,Vivo Studio Longline Shorts in Crepe - Black Stripes,Vivo Studio Longline Shorts in Crepe,V1225011,60065123,V1225011PR41X,7
Warehouse Finished Goods,Vivo Studio Longline Shorts in Crepe - Black Stripes,Vivo Studio Longline Shorts in Crepe,V1225011,60065121,V1225011PR4M,22
Warehouse Finished Goods,Vivo Studio Longline Shorts in Crepe - Black Stripes,Vivo Studio Longline Shorts in Crepe,V1225011,60065119,V1225011PR4XS,5
Warehouse Finished Goods,Vivo Studio Longline Shorts in Crepe - Black Stripes,Vivo Studio Longline Shorts in Crepe,V1225011,60065122,V1225011PR4L,11
Warehouse Finished Goods,Vivo Studio Longline Shorts in Crepe - Black Stripes,Vivo Studio Longline Shorts in Crepe,V1225011,60065120,V1225011PR4S,11
Warehouse Finished Goods,Vivo Studio Longline Shorts in Crepe - Lilac Stripes,Vivo Studio Longline Shorts in Crepe,V1225011,60065113,V1225011PR21X,5
Warehouse Finished Goods,Vivo Studio Longline Shorts in Crepe - Lilac Stripes,Vivo Studio Longline Shorts in Crepe,V1225011,60065111,V1225011PR2M,18
Warehouse Finished Goods,Vivo Studio Longline Shorts in Crepe - Lilac Stripes,Vivo Studio Longline Shorts in Crepe,V1225011,60065110,V1225011PR2S,11
Warehouse Finished Goods,Vivo Studio Longline Shorts in Crepe - Lilac Stripes,Vivo Studio Longline Shorts in Crepe,V1225011,60065109,V1225011PR2XS,5
Warehouse Finished Goods,Vivo Studio Longline Shorts in Crepe - Lilac Stripes,Vivo Studio Longline Shorts in Crepe,V1225011,60065112,V1225011PR2L,9
Warehouse Finished Goods,Vivo Studio Longline Shorts in Crepe - Maroon Stripes,Vivo Studio Longline Shorts in Crepe,V1225011,60065108,V1225011PR11X,5
Warehouse Finished Goods,Vivo Studio Longline Shorts in Crepe - Maroon Stripes,Vivo Studio Longline Shorts in Crepe,V1225011,60065105,V1225011PR1S,9
Warehouse Finished Goods,Vivo Studio Longline Shorts in Crepe - Maroon Stripes,Vivo Studio Longline Shorts in Crepe,V1225011,60065104,V1225011PR1XS,4
Warehouse Finished Goods,Vivo Studio Longline Shorts in Crepe - Maroon Stripes,Vivo Studio Longline Shorts in Crepe,V1225011,60065107,V1225011PR1L,9
Warehouse Finished Goods,Vivo Studio Longline Shorts in Crepe - Maroon Stripes,Vivo Studio Longline Shorts in Crepe,V1225011,60065106,V1225011PR1M,14
Warehouse Finished Goods,Vivo Studio Longline Shorts in Crepe - Navy Stripes,Vivo Studio Longline Shorts in Crepe,V1225011,60065127,V1225011PR5L,6
Warehouse Finished Goods,Vivo Studio Longline Shorts in Crepe - Navy Stripes,Vivo Studio Longline Shorts in Crepe,V1225011,60065126,V1225011PR5M,18
Warehouse Finished Goods,Vivo Studio Longline Shorts in Crepe - Navy Stripes,Vivo Studio Longline Shorts in Crepe,V1225011,60065128,V1225011PR51X,4
Warehouse Finished Goods,Vivo Studio Longline Shorts in Crepe - Navy Stripes,Vivo Studio Longline Shorts in Crepe,V1225011,60065125,V1225011PR5S,11
Warehouse Finished Goods,Vivo Studio Longline Shorts in Crepe - Navy Stripes,Vivo Studio Longline Shorts in Crepe,V1225011,60065124,V1225011PR5XS,4
Warehouse Finished Goods,Vivo Studio Longline Shorts in Crepe - Olive Stripes,Vivo Studio Longline Shorts in Crepe,V1225011,60065116,V1225011PR3M,19
Warehouse Finished Goods,Vivo Studio Longline Shorts in Crepe - Olive Stripes,Vivo Studio Longline Shorts in Crepe,V1225011,60065118,V1225011PR31X,5
Warehouse Finished Goods,Vivo Studio Longline Shorts in Crepe - Olive Stripes,Vivo Studio Longline Shorts in Crepe,V1225011,60065117,V1225011PR3L,12
Warehouse Finished Goods,Vivo Studio Longline Shorts in Crepe - Olive Stripes,Vivo Studio Longline Shorts in Crepe,V1225011,60065114,V1225011PR3XS,5
Warehouse Finished Goods,Vivo Studio Longline Shorts in Crepe - Olive Stripes,Vivo Studio Longline Shorts in Crepe,V1225011,60065115,V1225011PR3S,11
Warehouse Finished Goods,Vivo Tahisa Straight Leg Pants - Navy,Vivo Tahisa Straight Leg Pants,V1124102,60055044,V1124102NAV1X,1
Warehouse Finished Goods,Vivo Tana Puff Sleeve Bodysuit - Chocolate Brown,Vivo Tana Puff Sleeve Bodysuit,V0822077,60056903,V0822077CHBL,1
Warehouse Finished Goods,Vivo Tana Puff Sleeve Bodysuit - Chocolate Brown,Vivo Tana Puff Sleeve Bodysuit,V0822077,60056901,V0822077CHBS,1
Warehouse Finished Goods,Vivo Tana Puff Sleeve Bodysuit - Chocolate Brown,Vivo Tana Puff Sleeve Bodysuit,V0822077,60056904,V0822077CHB1X,7
Warehouse Finished Goods,Vivo Tana Puff Sleeve Bodysuit - Chocolate Brown,Vivo Tana Puff Sleeve Bodysuit,V0822077,60056902,V0822077CHBM,2
Warehouse Finished Goods,Vivo Tana Puff Sleeve Bodysuit - Dark Green,Vivo Tana Puff Sleeve Bodysuit,V0822077,60010067,V0822077DGNS,1
Warehouse Finished Goods,Vivo Tana Puff Sleeve Bodysuit - Red,Vivo Tana Puff Sleeve Bodysuit,V0822077,60020987,V0822077REDXL,10
Warehouse Finished Goods,Vivo Tana Puff Sleeve Bodysuit - Red,Vivo Tana Puff Sleeve Bodysuit,V0822077,60020986,V0822077REDL,8
Warehouse Finished Goods,Vivo Tana Puff Sleeve Bodysuit - Red,Vivo Tana Puff Sleeve Bodysuit,V0822077,60020985,V0822077REDM,5
Warehouse Finished Goods,Vivo Tana Puff Sleeve Bodysuit - Red,Vivo Tana Puff Sleeve Bodysuit,V0822077,60020984,V0822077REDS,8
Warehouse Finished Goods,Vivo Tana Puff Sleeve Bodysuit In Jersey - Dark Green,Vivo Tana Puff Sleeve Bodysuit,V0822077,60064351,V0822077DGN2X,2
Warehouse Finished Goods,Vivo Tana Puff Sleeve Bodysuit In Jersey - Red,Vivo Tana Puff Sleeve Bodysuit,V0822077,60064349,V0822077RED2X,2
Warehouse Finished Goods,Vivo Tana Puff Sleeve Bodysuit In Jersey- Navy Blue,Vivo Tana Puff Sleeve Bodysuit,V0822077,60015832,V0822077NABXL,11
Warehouse Finished Goods,Vivo Tana Puff Sleeve Bodysuit In Jersey- Navy Blue,Vivo Tana Puff Sleeve Bodysuit,V0822077,60015829,V0822077NABS,8
Warehouse Finished Goods,Vivo Tana Puff Sleeve Bodysuit In Jersey- Navy Blue,Vivo Tana Puff Sleeve Bodysuit,V0822077,60064350,V0822077NAB2X,9
Warehouse Finished Goods,Vivo Tana Puff Sleeve Bodysuit In Jersey- Navy Blue,Vivo Tana Puff Sleeve Bodysuit,V0822077,60015831,V0822077NABL,19
Warehouse Finished Goods,Vivo Tana Puff Sleeve Bodysuit In Jersey- Navy Blue,Vivo Tana Puff Sleeve Bodysuit,V0822077,60015830,V0822077NABM,19
Warehouse Finished Goods,Vivo Waridi Sleeveless Overcoat - Dark Teal,Vivo Waridi Sleeveless Overcoat,V1020056,60033880,V1020056DTEAL,1
Warehouse Finished Goods,Vivo Waridi Sleeveless Overcoat - Navy Blue,Vivo Waridi Sleeveless Overcoat,V1020056,40017071,V1020056NABS,4
Warehouse Finished Goods,Vivo Waridi Sleeveless Overcoat - Navy Blue,Vivo Waridi Sleeveless Overcoat,V1020056,60053092,V1020056NAB2X,1
Warehouse Finished Goods,Vivo Waridi Sleeveless Overcoat - Navy Blue,Vivo Waridi Sleeveless Overcoat,V1020056,40017073,V1020056NABL,1
Warehouse Finished Goods,Vivo Waridi Sleeveless Overcoat - Navy Blue,Vivo Waridi Sleeveless Overcoat,V1020056,40017074,V1020056NABXL,3
Warehouse Finished Goods,Vivo Yene Wide Leg Pants - Hot Pink,Vivo Yene Wide Leg Pants,V1124138,60051183,V1124138HOPL,1
Warehouse Finished Goods,Vivo Yene Wide Leg Pants - White,Vivo Yene Wide Leg Pants,V1124138,60051177,V1124138WHTS,1
Zoya Sarit,Safari Bush Drop Shoulder Long Sleeve Top - Mustard,Safari Bush Drop Shoulder Long Sleeve Top,S0424064,60037941,S0424064MUS1X/2X,1
Zoya Sarit,Safari Bush Drop Shoulder Long Sleeve Top - Mustard,Safari Bush Drop Shoulder Long Sleeve Top,S0424064,60037939,S0424064MUSXS/S,2
Zoya Sarit,Safari Bush Drop Shoulder Long Sleeve Top - Mustard,Safari Bush Drop Shoulder Long Sleeve Top,S0424064,60037940,S0424064MUSM/L,2
Zoya Sarit,Safari By Vivo Mens Cotton Long Sleeve Shirt - White / Navy Print,Safari By Vivo Mens Cotton Long Sleeve Shirt,S0925062,60060672,S0925062PR11X,1
Zoya Sarit,Safari By Vivo Mens Cotton Long Sleeve Shirt - White / Navy Print,Safari By Vivo Mens Cotton Long Sleeve Shirt,S0925062,60060669,S0925062PR1S,2
Zoya Sarit,Safari By Vivo Mens Cotton Long Sleeve Shirt - White / Navy Print,Safari By Vivo Mens Cotton Long Sleeve Shirt,S0925062,60060671,S0925062PR1L,1
Zoya Sarit,Safari By Vivo Mens Cotton Long Sleeve Shirt - White / Navy Print,Safari By Vivo Mens Cotton Long Sleeve Shirt,S0925062,60060670,S0925062PR1M,4
Zoya Sarit,Safari By Vivo Mens Cotton Short Sleeve Shirt - White / Black Print,Safari By Vivo Mens Cotton Short Sleeve Shirt,S0925060,60060531,S0925060PR1M,3
Zoya Sarit,Safari By Vivo Mens Cotton Short Sleeve Shirt - White / Black Print,Safari By Vivo Mens Cotton Short Sleeve Shirt,S0925060,60060533,S0925060PR11X,1
Zoya Sarit,Safari By Vivo Mens Cotton Short Sleeve Shirt - White / Black Print,Safari By Vivo Mens Cotton Short Sleeve Shirt,S0925060,60060530,S0925060PR1S,2
Zoya Sarit,Safari Chui Cropped Jacket - White Cloud,Safari Chui Cropped Jacket,S1024007,60047042,S1024007WCLO1X,1
Zoya Sarit,Safari Chui Cropped Jacket - White Cloud,Safari Chui Cropped Jacket,S1024007,60047039,S1024007WCLOS,1
Zoya Sarit,Safari Chui Cropped Jacket - White Cloud,Safari Chui Cropped Jacket,S1024007,60047041,S1024007WCLOL,1
Zoya Sarit,Safari Chui Cropped Jacket - White Cloud,Safari Chui Cropped Jacket,S1024007,60047040,S1024007WCLOM,2
Zoya Sarit,Safari Chui Lined Jacket - White Cloud,Safari Chui Lined Jacket,S1024005,60047579,S1024005WHICS,2
Zoya Sarit,Safari Chui Lined Jacket - White Cloud,Safari Chui Lined Jacket,S1024005,60047580,S1024005WHICM,2
Zoya Sarit,Safari Chui Lined Jacket - White Cloud,Safari Chui Lined Jacket,S1024005,60048361,S1024005WHICXS,1
Zoya Sarit,Safari Chui Lined Jacket - White Cloud,Safari Chui Lined Jacket,S1024005,60047582,S1024005WHIC1X,1
Zoya Sarit,Safari Kamari Capri Cargo Pants - White,Safari Kamari Capri Cargo Pants,S0224195,60035281,S0224195WHIM,2
Zoya Sarit,Safari Kamari Drop Shoulder Top - Navy Blue,Safari Kamari Drop Shoulder Top,S0224189,60036024,S0224189NABM/L,1
Zoya Sarit,Safari Kamari Drop Shoulder Top - Navy Blue,Safari Kamari Drop Shoulder Top,S0224189,60036025,S0224189NAB1X/2X,1
Zoya Sarit,Safari Kamari Front Slit Midi Skirt - Navy,Safari Kamari Front Slit Midi Skirt,S0424080,60044532,S0424080NAVL,1
Zoya Sarit,Safari Kamari Front Slit Midi Skirt - Navy,Safari Kamari Front Slit Midi Skirt,S0424080,60044533,S0424080NAV1X,1
Zoya Sarit,Safari Kamari Front Slit Midi Skirt - Navy,Safari Kamari Front Slit Midi Skirt,S0424080,60044531,S0424080NAVM,2
Zoya Sarit,Safari Kamari Long Sleeve Drawstring Shacket - Black,Safari Kamari Long Sleeve Drawstring Shacket,S0224181,60034993,S0224181BLAXS/S,2
Zoya Sarit,Safari Kamari Ribbed Top - Hunters Green,Safari Kamari Ribbed Top,S0424073,60037664,S0424073HGN2X,1
Zoya Sarit,Safari Kamari Ribbed Top - Hunters Green,Safari Kamari Ribbed Top,S0424073,60037665,S0424073HGN3X,2
Zoya Sarit,Safari Kamari Ribbed Top - Hunters Green,Safari Kamari Ribbed Top,S0424073,60037666,S0424073HGN4X,2
Zoya Sarit,Safari Mali Bishop Sleeve Shirt Dress - Black,Safari Mali Bishop Sleeve Shirt Dress,S0223180,60039157,S0223180BLA1X,1
Zoya Sarit,Safari Mali Bishop Sleeve Shirt Dress - Black,Safari Mali Bishop Sleeve Shirt Dress,S0223180,60039155,S0223180BLAM,3
Zoya Sarit,Safari Mali Bishop Sleeve Shirt Dress - Black,Safari Mali Bishop Sleeve Shirt Dress,S0223180,60039156,S0223180BLAL,1
Zoya Sarit,Safari Mali Bishop Sleeve Shirt Dress - Black,Safari Mali Bishop Sleeve Shirt Dress,S0223180,60039154,S0223180BLAS,2
Zoya Sarit,Safari Mali Bishop Sleeve Shirt Dress - Khaki,Safari Mali Bishop Sleeve Shirt Dress,S0223180,60039162,S0223180KHA1X,1
Zoya Sarit,Safari Mali Bishop Sleeve Shirt Dress - Khaki,Safari Mali Bishop Sleeve Shirt Dress,S0223180,60039159,S0223180KHAS,2
Zoya Sarit,Safari Mali Bishop Sleeve Shirt Dress - Khaki,Safari Mali Bishop Sleeve Shirt Dress,S0223180,60039161,S0223180KHAL,2
Zoya Sarit,Safari Mali Bishop Sleeve Shirt Dress - Khaki,Safari Mali Bishop Sleeve Shirt Dress,S0223180,60039160,S0223180KHAM,3
Zoya Sarit,Safari Mali Bishop Sleeve Tent Dress - Teal,Safari Mali Bishop Sleeve Tent Dress,S0223179,60038899,S0223179TEAL,3
Zoya Sarit,Safari Mali Bishop Sleeve Tent Dress - Teal,Safari Mali Bishop Sleeve Tent Dress,S0223179,60038898,S0223179TEAM,3
Zoya Sarit,Safari Mara Shirred Bishop Sleeve Dress - Coral,Safari Mara Shirred Bishop Sleeve Dress,S1022008,60053117,S1022008CORM,1
Zoya Sarit,Safari Mara Shirred Bishop Sleeve Dress - Orange,Safari Mara Shirred Bishop Sleeve Dress,S1022008,60014583,S1022008ORAM,1
Zoya Sarit,Safari Mara Shirred Bishop Sleeve Dress - Orange,Safari Mara Shirred Bishop Sleeve Dress,S1022008,60014582,S1022008ORAS,1
Zoya Sarit,Safari Men's Bomber Jacket - Dark Grey,Safari Men's Bomber Jacket,S0424035,60037668,S0424035DGRYS,1
Zoya Sarit,Safari Men's Bomber Jacket - Dark Grey,Safari Men's Bomber Jacket,S0424035,60037669,S0424035DGRYM,3
Zoya Sarit,Safari Men's Bomber Jacket - Dark Grey,Safari Men's Bomber Jacket,S0424035,60037670,S0424035DGRYL,2
Zoya Sarit,Safari Men's Bomber Jacket - Dark Grey,Safari Men's Bomber Jacket,S0424035,60037671,S0424035DGRY1X,1
Zoya Sarit,Safari Men's Cargo Pants - Dark Grey,Safari Men's Cargo Pants,S0424047,60035966,S0424047DGRYL,1
Zoya Sarit,Safari Men's Cargo Pants - Dark Grey,Safari Men's Cargo Pants,S0424047,60035965,S0424047DGRYM,3
Zoya Sarit,Safari Men's Cargo Pants - Dark Grey,Safari Men's Cargo Pants,S0424047,60035967,S0424047DGRY1X,1
Zoya Sarit,Safari Men's Chinese Collar Long Sleeve Shirt - Coral,Safari Men's Chinese Collar Long Sleeve Shirt,S0424039,60036659,S0424039CORM,2
Zoya Sarit,Safari Men's Chinese Collar Long Sleeve Shirt - Coral,Safari Men's Chinese Collar Long Sleeve Shirt,S0424039,60036660,S0424039CORL,2
Zoya Sarit,Safari Men's Long Sleeve Shirt - Khaki,Safari Men's Long Sleeve Shirt,S0424145,60035697,S0424145KHAL,1
Zoya Sarit,Safari Men's Long Sleeve Shirt - Khaki,Safari Men's Long Sleeve Shirt,S0424145,60035698,S0424145KHA1X,1
Zoya Sarit,Safari Men's Long Sleeve Shirt - Khaki,Safari Men's Long Sleeve Shirt,S0424145,60035696,S0424145KHAM,3
Zoya Sarit,Safari Men's Shacket - Dark Grey,Safari Men's Shacket,S0424037,60035705,S0424037DGRYM,3
Zoya Sarit,Safari Men's Shacket - Dark Grey,Safari Men's Shacket,S0424037,60035704,S0424037DGRYS,1
Zoya Sarit,Safari Men's Short Sleeve Shirt - Black / Chari Print,Safari Men's Short Sleeve Shirt,S0424198,60037886,S0424198PR62X,1
Zoya Sarit,Safari Men's Short Sleeve Shirt - Black / Chari Print,Safari Men's Short Sleeve Shirt,S0424198,60037887,S0424198PR63X,1
Zoya Sarit,Safari Men's Short Sleeve Shirt - Black / Chari Print,Safari Men's Short Sleeve Shirt,S0424198,60037888,S0424198PR64X,1
Zoya Sarit,Safari Naledi Gathered Panel Maxi Skirt - Navy,Safari Naledi Gathered Panel Maxi Skirt,S0325065,60055220,S0325065NAVF,4
Zoya Sarit,Safari Naledi Gathered Panel Maxi Skirt - Pink,Safari Naledi Gathered Panel Maxi Skirt,S0325065,60055183,S0325065PINF,3
Zoya Sarit,Safari Njano Men's Easy Fit Pants - Rust,Safari Njano Men's Easy Fit Pants,S0824028,60044512,S0824028RUSS,1
Zoya Sarit,Safari Savannah Kitenge  Midi Wrap Dress - Sipo Print,Safari Savannah Kitenge Midi Wrap Dress,S0824067,60042867,S0824067PR3L,1
Zoya Sarit,Safari Savannah Kitenge Midi Wrap Dress - Sipo Print,Safari Savannah Kitenge Midi Wrap Dress,S0824067,60043142,S0824067SIPM,2
Zoya Sarit,Safari Sizani Men's Kitenge Tuxedo Shirt - Black,Safari Sizani Men's Kitenge Tuxedo Shirt,S1124151,60049599,S1124151PR12X,1
Zoya Sarit,Safari Sizani Men's Kitenge Tuxedo Shirt - Black,Safari Sizani Men's Kitenge Tuxedo Shirt,S1124151,60049600,S1124151PR13X,1
Zoya Sarit,Safari Sizani Men's Kitenge Tuxedo Shirt - Black,Safari Sizani Men's Kitenge Tuxedo Shirt,S1124151,60049595,S1124151PR1S,2
Zoya Sarit,Safari Sizani Men's Kitenge Tuxedo Shirt - Black,Safari Sizani Men's Kitenge Tuxedo Shirt,S1124151,60049596,S1124151PR1M,3
Zoya Sarit,Safari Sizani Men's Kitenge Tuxedo Shirt - Black,Safari Sizani Men's Kitenge Tuxedo Shirt,S1124151,60049597,S1124151PR1L,1
Zoya Sarit,Safari Sizani Men's Kitenge Tuxedo Shirt - Black,Safari Sizani Men's Kitenge Tuxedo Shirt,S1124151,60049598,S1124151PR11X,1
Zoya Sarit,Safari Spaghetti Tank Top - Dark Taupe,Safari Spaghetti Tank Top,S0424062,60035314,S0424062DTAU1X/2X,1
Zoya Sarit,Safari Spaghetti Tank Top - Dark Taupe,Safari Spaghetti Tank Top,S0424062,60035313,S0424062DTAUM/L,1
Zoya Sarit,Safari Spaghetti Tank Top - Dark Taupe,Safari Spaghetti Tank Top,S0424062,60035315,S0424062DTAU3X/4X,1
Zoya Sarit,Safari Tafari Shorts - Dark Navy Asili Print,Safari Tafari Shorts,S0925046,60060951,S0925046PR3L,1
Zoya Sarit,Safari Tafari Shorts - Dark Navy Asili Print,Safari Tafari Shorts,S0925046,60060949,S0925046PR3S,2
Zoya Sarit,Safari Tafari Shorts - Shan Print,Safari Tafari Shorts,S0925046,60060978,S0925046PR10M,2
Zoya Sarit,Safari Tafari Shorts - Shan Print,Safari Tafari Shorts,S0925046,60060977,S0925046PR10S,1
Zoya Sarit,Safari Tafari Wrap Top - Cheli Print,Safari Tafari Wrap Top,S1025031,60060636,S1025031PR1S/M,2
Zoya Sarit,Safari Tafari Wrap Top - Cheli Print,Safari Tafari Wrap Top,S1025031,60060637,S1025031PR1L/1X,1
Zoya Sarit,Safari Tafari Wrap Top - Sigi Print,Safari Tafari Wrap Top,S1025031,60060638,S1025031PR2S/M,2
Zoya Sarit,Safari Tafari Wrap Top - Sigi Print,Safari Tafari Wrap Top,S1025031,60060639,S1025031PR2L/1X,1
Zoya Sarit,Safari Tafari Wrap Top - Songwe Print,Safari Tafari Wrap Top,S1025031,60060656,S1025031PR11S/M,2
Zoya Sarit,Safari Tafari Wrap Top - Suma Print,Safari Tafari Wrap Top,S1025031,60060650,S1025031PR8S/M,2
Zoya Sarit,Safari Tafari Wrap Top - Suma Print,Safari Tafari Wrap Top,S1025031,60060651,S1025031PR8L/1X,1
Zoya Sarit,Safari Tiwa Barell Pants - Black,Safari Tiwa Barell Pants,S0325031,60053949,S0325031BLAS,2
Zoya Sarit,Safari Tiwa Barell Pants - Black,Safari Tiwa Barell Pants,S0325031,60053950,S0325031BLAM,2
Zoya Sarit,Safari Tiwa Barell Pants - Rust,Safari Tiwa Barell Pants,S0325031,60053955,S0325031RUSTL,1
Zoya Sarit,Safari Tiwa Barell Pants - Rust,Safari Tiwa Barell Pants,S0325031,60053953,S0325031RUSTS,2
Zoya Sarit,Safari Tiwa Shirred Midi Dress - Hunters,Safari Tiwa Shirred Midi Dress,S0125056,60053960,S0125056HUNXS/S,4
Zoya Sarit,Safari Tiwa Shirred Midi Dress - Lime,Safari Tiwa Shirred Midi Dress,S0125056,60053958,S0125056LIMM/L,1
Zoya Sarit,Safari Tiwa Shirred Midi Dress - Lime,Safari Tiwa Shirred Midi Dress,S0125056,60053957,S0125056LIMXS/S,1
Zoya Sarit,Safari Zene Drop Shoulder Top - Taupe,Safari Zene Drop Shoulder Top,S1023059,60040882,S1023059TAUM,1
Zoya Sarit,Safari Zene Off Shoulder Top - Hunters,Safari Zene Off Shoulder Top,S1023060,60054299,S1023060HUNM,3
Zoya Sarit,Safari Zene Off Shoulder Top - Rust,Safari Zene Off Shoulder Top,S1023060,60036293,S1023060RUSM,2
Zoya Sarit,Safari Zene Off Shoulder Top - Yellow,Safari Zene Off Shoulder Top,S1023060,60027836,S1023060YELL,1
Zoya Sarit,Safari Zene Tiered Above Knee Dress - White,Safari Zene Tiered Above Knee Dress,S1023063,60027399,S1023063WHIM,1
Zoya Sarit,Safari Zene Tiered Above Knee Dress - White,Safari Zene Tiered Above Knee Dress,S1023063,60027400,S1023063WHIL,2
Zoya Sarit,Safari by Vivo Naledi Bubble Midi Dress - Isara Print,Safari by Vivo Naledi Bubble Midi Dress,S0925040,60061218,S0925040PR1S,2
Zoya Sarit,Safari by Vivo Naledi Bubble Midi Dress - Isara Print,Safari by Vivo Naledi Bubble Midi Dress,S0925040,60061219,S0925040PR1M,2
Zoya Sarit,Shiv & Shikie X Safari Barrel Pants - Black,Shiv & Shikie X Safari Barrel Pants,S0425039,60055427,S0425039BLAM,1
Zoya Sarit,Shiv & Shikie X Safari Barrel Pants - Taupe,Shiv & Shikie X Safari Barrel Pants,S0425039,60055422,S0425039TAUS,2
Zoya Sarit,Shiv & Shikie X Safari Barrel Pants - Taupe,Shiv & Shikie X Safari Barrel Pants,S0425039,60055423,S0425039TAUM,1
Zoya Sarit,Shiv & Shikie X Safari Faux Collar Shirt - Black,Shiv & Shikie X Safari Faux Collar Shirt,S0425045,60055308,S0425045BLAM/L,1
Zoya Sarit,Shiv & Shikie X Safari Faux Collar Shirt - Black,Shiv & Shikie X Safari Faux Collar Shirt,S0425045,60055307,S0425045BLAXS/S,2
Zoya Sarit,Shiv & Shikie X Safari Faux Collar Shirt - Lime,Shiv & Shikie X Safari Faux Collar Shirt,S0425045,60055302,S0425045LIMM/L,3
Zoya Sarit,Shiv & Shikie X Safari Faux Collar Shirt - Lime,Shiv & Shikie X Safari Faux Collar Shirt,S0425045,60055301,S0425045LIMXS/S,2
Zoya Sarit,Shiv & Shikie X Safari Printed Short Sleeve Shirt - Brown / Black Ezi Print,Shiv & Shikie X Safari Printed Short Sleeve Shirt,S0425041,60056091,S0425041PR1S,2
Zoya Sarit,Shiv & Shikie X Safari Printed Short Sleeve Shirt - Brown / Black Ezi Print,Shiv & Shikie X Safari Printed Short Sleeve Shirt,S0425041,60056092,S0425041PR1M,2
Zoya Sarit,Shiv & Shikie X Safari Printed Short Sleeve Shirt - Grey / Black Ezi Print,Shiv & Shikie X Safari Printed Short Sleeve Shirt,S0425041,60056440,S0425041PR2M,3
Zoya Sarit,Shiv & Shikie X Safari Printed Short Sleeve Shirt - Grey / Black Ezi Print,Shiv & Shikie X Safari Printed Short Sleeve Shirt,S0425041,60056442,S0425041PR21X,1
Zoya Sarit,Shiv & Shikie X Safari Printed Short Sleeve Shirt - Grey / Black Ezi Print,Shiv & Shikie X Safari Printed Short Sleeve Shirt,S0425041,60056439,S0425041PR2S,2
Zoya Sarit,Shiv & Shikie X Safari Printed Short Sleeve Shirt - Taupe / Black Ezi Print,Shiv & Shikie X Safari Printed Short Sleeve Shirt,S0425041,60056445,S0425041PR3L,1
Zoya Sarit,Shiv & Shikie X Safari Printed Short Sleeve Shirt - Taupe / Black Ezi Print,Shiv & Shikie X Safari Printed Short Sleeve Shirt,S0425041,60056444,S0425041PR3M,3
Zoya Sarit,Shiv & Shikie X Safari Printed Short Sleeve Shirt - Taupe / Black Ezi Print,Shiv & Shikie X Safari Printed Short Sleeve Shirt,S0425041,60056443,S0425041PR3S,2
Zoya Sarit,Vivo Alani High Low Dress - Black Checkered Print,Vivo Alani High Low Dress,V0625018,60056571,V0625018PR3S,1
Zoya Sarit,Vivo Alani High Low Dress - Black Checkered Print,Vivo Alani High Low Dress,V0625018,60056573,V0625018PR3L,1
Zoya Sarit,Vivo Alani High Low Dress - Black Checkered Print,Vivo Alani High Low Dress,V0625018,60056574,V0625018PR31X,1
Zoya Sarit,Vivo Alani High Low Dress - Black Checkered Print,Vivo Alani High Low Dress,V0625018,60056572,V0625018PR3M,3
Zoya Sarit,Vivo Alma Short Sleeve Mini Bodycon - Black,Vivo Alma Short Sleeve Mini Bodycon,V0825060,60060316,V0825060BLAS,2
Zoya Sarit,Vivo Alma Short Sleeve Mini Bodycon - Black,Vivo Alma Short Sleeve Mini Bodycon,V0825060,60060317,V0825060BLAM,4
Zoya Sarit,Vivo Alma Short Sleeve Mini Bodycon - Black,Vivo Alma Short Sleeve Mini Bodycon,V0825060,60060318,V0825060BLAL,3
Zoya Sarit,Vivo Ari Sleeveless Straight Maxi Slit Dress - Red,Vivo Ari Sleeveless Straight Maxi Slit Dress,V0725029,60057247,V0725029REDL,3
Zoya Sarit,Vivo Ari Sleeveless Straight Maxi Slit Dress - Sea Green,Vivo Ari Sleeveless Straight Maxi Slit Dress,V0725029,60057242,V0725029SEGM,3
Zoya Sarit,Vivo Ari Sleeveless Straight Maxi Slit Dress - Sea Green,Vivo Ari Sleeveless Straight Maxi Slit Dress,V0725029,60057243,V0725029SEGL,4
Zoya Sarit,Vivo Ari Sleeveless Straight Maxi Slit Dress - Sea Green,Vivo Ari Sleeveless Straight Maxi Slit Dress,V0725029,60057241,V0725029SEGS,2
Zoya Sarit,Vivo Ava Front Pleat Knee Length Dress In Crepe - Navy,Vivo Ava Front Pleat Knee Length Dress,V1124142,60063432,V1124142NAV1X,1
Zoya Sarit,Vivo Ava Front Pleat Knee Length Dress In Crepe - Navy,Vivo Ava Front Pleat Knee Length Dress,V1124142,60063430,V1124142NAVM,1
Zoya Sarit,Vivo Ava Front Pleat Knee Length Dress In Crepe - Navy,Vivo Ava Front Pleat Knee Length Dress,V1124142,60063431,V1124142NAVL,1
Zoya Sarit,Vivo Ayah Drawstring Pants - Lilac,Vivo Ayah Drawstring Pants,V0225003,60051954,V0225003LILL,1
Zoya Sarit,Vivo Ayah Drawstring Pants - Lilac,Vivo Ayah Drawstring Pants,V0225003,60051955,V0225003LIL1X,1
Zoya Sarit,Vivo Ayah Satin Pants - Dark Red,Vivo Ayah Satin Pants,V0225031,60052420,V0225031DARM,2
Zoya Sarit,Vivo Basic Ali Jacket - Navy Blue,Vivo Basic Ali Jacket,V0819124,40008533,V0819124NABS,2
Zoya Sarit,Vivo Basic Ali Jacket - Navy Blue,Vivo Basic Ali Jacket,V0819124,40010856,V0819124NABM,2
Zoya Sarit,Vivo Basic Ali Jacket - Red,Vivo Basic Ali Jacket,V0819124,60056077,V0819124REDM,2
Zoya Sarit,Vivo Basic Ali Jacket - Red,Vivo Basic Ali Jacket,V0819124,60056078,V0819124REDL,3
Zoya Sarit,Vivo Basic Ali Jacket - Red,Vivo Basic Ali Jacket,V0819124,60056076,V0819124REDS,2
Zoya Sarit,Vivo Basic Drop Shoulder Top - Mustard,Vivo Basic Drop Shoulder Top,V0622002,60039833,V0622002MUSS,1
Zoya Sarit,Vivo Basic Drop Shoulder Top - Mustard,Vivo Basic Drop Shoulder Top,V0622002,60039835,V0622002MUSL,2
Zoya Sarit,Vivo Basic Drop Shoulder Top - Mustard,Vivo Basic Drop Shoulder Top,V0622002,60039836,V0622002MUSXL,2
Zoya Sarit,Vivo Basic Drop Shoulder Top - Mustard,Vivo Basic Drop Shoulder Top,V0622002,60039834,V0622002MUSM,3
Zoya Sarit,Vivo Basic Drop Shoulder Top - Pink,Vivo Basic Drop Shoulder Top,V0622002,60054367,V0622002PINL,3
Zoya Sarit,Vivo Basic Drop Shoulder Top - Pink,Vivo Basic Drop Shoulder Top,V0622002,60054366,V0622002PINM,3
Zoya Sarit,Vivo Basic Drop Shoulder Top - Pink,Vivo Basic Drop Shoulder Top,V0622002,60054368,V0622002PIN1X,4
Zoya Sarit,Vivo Basic Drop Shoulder Top - Pink,Vivo Basic Drop Shoulder Top,V0622002,60054365,V0622002PINS,2
Zoya Sarit,Vivo Basic Liv Chiffon Top - Off-white / Black Print,Vivo Basic Liv Chiffon Top,V1019045,60052207,V1019045PR22F,1
Zoya Sarit,Vivo Basic Maternity Leggings - Black,Vivo Basic Maternity Leggings,V1022057,60009917,V1022057BLAL,1
Zoya Sarit,Vivo Basic Maternity Leggings - Navy Blue,Vivo Basic Maternity Leggings,V1022057,60013552,V1022057NABS,3
Zoya Sarit,Vivo Basic Sleeveless Midi Jersey Waterfall - Navy Blue,Vivo Basic Sleeveless Midi Jersey Waterfall,V1122192,60026505,V1122192NABM/L,2
Zoya Sarit,Vivo Basic Sleeveless Midi Jersey Waterfall - Navy Blue,Vivo Basic Sleeveless Midi Jersey Waterfall,V1122192,60026506,V1122192NAB1X/2X,1
Zoya Sarit,Vivo Basic Sleeveless Sienna Waterfall - Navy Blue,Vivo Basic Sleeveless Sienna Waterfall,V0321017,50010432,V0321017NABXL,1
Zoya Sarit,Vivo Basic Sleeveless Sienna Waterfall - Navy Blue,Vivo Basic Sleeveless Sienna Waterfall,V0321017,50010431,V0321017NABL,3
Zoya Sarit,Vivo Basic Sleeveless Tent Kimono - Baby Blue,Vivo Basic Sleeveless Tent Kimono,V1024064,60047168,V1024064BBLUF,4
Zoya Sarit,Vivo Basic Sleeveless Tent Kimono - Pink,Vivo Basic Sleeveless Tent Kimono,V1024064,60047170,V1024064PINF,3
Zoya Sarit,Vivo Boat Neck Dress in Ponte - Olive,Vivo Boat Neck Dress in Ponte,V0126025,60065655,V0126025OLI1X,1
Zoya Sarit,Vivo Boat Neck Top in Scuba - Black,Vivo Boat Neck Top in Scuba,V0126024,60065752,V0126024BLA2X,1
Zoya Sarit,Vivo Boat Neck Top in Scuba - Black,Vivo Boat Neck Top in Scuba,V0126024,60065751,V0126024BLA1X,1
Zoya Sarit,Vivo Boat Neck Top in Scuba - Black,Vivo Boat Neck Top in Scuba,V0126024,60065749,V0126024BLAM,2
Zoya Sarit,Vivo Boat Neck Top in Scuba - Black,Vivo Boat Neck Top in Scuba,V0126024,60065750,V0126024BLAL,1
Zoya Sarit,Vivo Boat Neck Top in Scuba - Black,Vivo Boat Neck Top in Scuba,V0126024,60065748,V0126024BLAS,1
Zoya Sarit,Vivo Chiffon Shorts - Navy,Vivo Chiffon Shorts,V0325072,60053198,V0325072NAVS,3
Zoya Sarit,Vivo Diella 3/4 Sleeve A-Line Dress - Black,Vivo Diella 3/4 Sleeve A-Line Dress,V0425056,60056638,V0425056BLAL,4
Zoya Sarit,Vivo Diella 3/4 Sleeve A-Line Dress - Black,Vivo Diella 3/4 Sleeve A-Line Dress,V0425056,60056637,V0425056BLAM,3
Zoya Sarit,Vivo Diella 3/4 Sleeve A-Line Dress - Dark Olive,Vivo Diella 3/4 Sleeve A-Line Dress,V0425056,60056375,V0425056DAOM,3
Zoya Sarit,Vivo Diella 3/4 Sleeve A-Line Dress - Dark Olive,Vivo Diella 3/4 Sleeve A-Line Dress,V0425056,60056374,V0425056DAOS,2
Zoya Sarit,Vivo Diella 3/4 Sleeve A-Line Dress - Dark Olive,Vivo Diella 3/4 Sleeve A-Line Dress,V0425056,60056376,V0425056DAOL,3
Zoya Sarit,Vivo Diella 3/4 Sleeve A-Line Dress - Dark Olive,Vivo Diella 3/4 Sleeve A-Line Dress,V0425056,60056377,V0425056DAO1X,1
Zoya Sarit,Vivo Drop Shoulder Shirt in Organza - Off White,Vivo Drop Shoulder Shirt in Organza,RE02260,60065784,RE0226001OWHIM,1
Zoya Sarit,Vivo Drop Shoulder Shirt in Organza - Off White,Vivo Drop Shoulder Shirt in Organza,RE02260,60065785,RE0226001OWHIL,1
Zoya Sarit,Vivo Essentials Strappy Cold Shoulder Top - Black,Vivo Essentials Strappy Cold Shoulder Top,VE0009B,90001703,VE0009BLAS/M,1
Zoya Sarit,Vivo Full Length Kimono - Keri,Vivo Full Length Kimono,V0224241,60049404,V0224241PR10M/L,2
Zoya Sarit,Vivo Full Length Kimono - Keri,Vivo Full Length Kimono,V0224241,60049403,V0224241PR10XS/S,1
Zoya Sarit,Vivo Full Length Kimono - Keri,Vivo Full Length Kimono,V0224241,60049405,V0224241PR101X/2X,1
Zoya Sarit,Vivo Full Length Kimono - Maya,Vivo Full Length Kimono,V0224241,60049407,V0224241PR11XS/S,1
Zoya Sarit,Vivo Full Length Kimono - Maya,Vivo Full Length Kimono,V0224241,60049408,V0224241PR11M/L,2
Zoya Sarit,Vivo Imara Cap Sleeve Sheath Dress - Red,Vivo Imara Cap Sleeve Sheath Dress,V0123007,60057736,V0123007REDM,3
Zoya Sarit,Vivo Imara Cap Sleeve Sheath Dress - Red,Vivo Imara Cap Sleeve Sheath Dress,V0123007,60057735,V0123007REDS,3
Zoya Sarit,Vivo Iyana Bubble Midi Skirt - Black,Vivo Iyana Bubble Midi Skirt,V0625043,60057607,V0625043BLA1X,2
Zoya Sarit,Vivo Iyana Bubble Midi Skirt - Black,Vivo Iyana Bubble Midi Skirt,V0625043,60057605,V0625043BLAM,2
Zoya Sarit,Vivo Iyana Bubble Midi Skirt - Black,Vivo Iyana Bubble Midi Skirt,V0625043,60057604,V0625043BLAS,1
Zoya Sarit,Vivo Iyana Bubble Midi Skirt - Navy,Vivo Iyana Bubble Midi Skirt,V0625043,60057600,V0625043NAVS,1
Zoya Sarit,Vivo Iyana Bubble Midi Skirt - Navy,Vivo Iyana Bubble Midi Skirt,V0625043,60057603,V0625043NAV1X,2
Zoya Sarit,Vivo Iyana Bubble Midi Skirt - Navy,Vivo Iyana Bubble Midi Skirt,V0625043,60057601,V0625043NAVM,3
Zoya Sarit,Vivo Iyana Bubble Midi Skirt - Navy,Vivo Iyana Bubble Midi Skirt,V0625043,60057602,V0625043NAVL,1
Zoya Sarit,Vivo Iyana Tank Top - Dark Purple,Vivo Iyana Tank Top,V0625044,60057504,V0625044DAPS,3
Zoya Sarit,Vivo Iyana Tank Top - Dark Purple,Vivo Iyana Tank Top,V0625044,60057505,V0625044DAPM,3
Zoya Sarit,Vivo Iyana Tank Top - Dark Purple,Vivo Iyana Tank Top,V0625044,60057506,V0625044DAPL,3
Zoya Sarit,Vivo Iyana Tank Top - Dark Purple,Vivo Iyana Tank Top,V0625044,60057507,V0625044DAP1X,2
Zoya Sarit,Vivo J.O V-Neck Sheath Dress - Wine Red,Vivo J.O V-Neck Sheath Dress,V0621001,60055820,V0621001WIRM,3
Zoya Sarit,Vivo J.O V-Neck Sheath Dress - Wine Red,Vivo J.O V-Neck Sheath Dress,V0621001,60055819,V0621001WIRS,2
Zoya Sarit,Vivo Jersey Drop Shoulder Top - Dark Purple,Vivo Jersey Drop Shoulder Top,V1125001,60061472,V1125001DPURM,2
Zoya Sarit,Vivo Jersey Drop Shoulder Top - Dark Purple,Vivo Jersey Drop Shoulder Top,V1125001,60061471,V1125001DPURS,2
Zoya Sarit,Vivo Kelemi 4.0 Kimono - Purple,Vivo Kelemi 4.0 Kimono,V0325041,60046589,V0325041PURL,2
Zoya Sarit,Vivo Kelemi 4.0 Kimono - Purple,Vivo Kelemi 4.0 Kimono,V0325041,60046587,V0325041PURS,1
Zoya Sarit,Vivo Kelemi 4.0 Kimono - Purple,Vivo Kelemi 4.0 Kimono,V0325041,60046588,V0325041PURM,3
Zoya Sarit,Vivo Kelemi 4.0 Sleeveless Top - Navy,Vivo Kelemi 4.0 Sleeveless Top,V0325043,60053226,V0325043NAVL,1
Zoya Sarit,Vivo Kelemi 4.0 Sleeveless Top - Navy,Vivo Kelemi 4.0 Sleeveless Top,V0325043,60053225,V0325043NAVM,2
Zoya Sarit,Vivo Kitenge Wide Leg Pants - Maroon / Pink Ara Print,Vivo Kitenge Wide Leg Pants,VE0032P,60059241,VE0032PR17S,2
Zoya Sarit,Vivo Kitenge Wide Leg Pants - Maroon / Pink Ara Print,Vivo Kitenge Wide Leg Pants,VE0032P,60059242,VE0032PR17M,3
Zoya Sarit,Vivo Kitenge Wrap Skirt - Tafo,Vivo Kitenge Wrap Skirt,VE00301,60049402,VE003014PR9F,2
Zoya Sarit,Vivo Leila 3/4 Sleeve Tent Knee Length Dress - Navy,Vivo Leila 3/4 Sleeve Tent Knee Length Dress,V0423056,60044603,V0423056NAVYM,1
Zoya Sarit,Vivo Leila 3/4 Sleeve Tent Knee Length Dress - Navy,Vivo Leila 3/4 Sleeve Tent Knee Length Dress,V0423056,60044605,V0423056NAVYXL,1
Zoya Sarit,Vivo Leila 3/4 Sleeve Tent Knee Length Dress - Navy,Vivo Leila 3/4 Sleeve Tent Knee Length Dress,V0423056,60044604,V0423056NAVYL,3
Zoya Sarit,Vivo Leila Cap Sleeve Tent Knee Length Dress - Hunters,Vivo Leila Cap Sleeve Tent Knee Length Dress,V0423055,60044700,V0423055HUNTXL,1
Zoya Sarit,Vivo Leila Cap Sleeve Tent Knee Length Dress - Hunters,Vivo Leila Cap Sleeve Tent Knee Length Dress,V0423055,60044699,V0423055HUNTL,2
Zoya Sarit,Vivo Liora Shorts - Black,Vivo Liora Shorts,V0925026,60061666,V0925026BLAS,2
Zoya Sarit,Vivo Liora Shorts - Black,Vivo Liora Shorts,V0925026,60061668,V0925026BLAL,1
Zoya Sarit,Vivo Liora Shorts - Black,Vivo Liora Shorts,V0925026,60061667,V0925026BLAM,3
Zoya Sarit,Vivo Long Sleeve Blazer - Savannah,Vivo Long Sleeve Blazer,VE0031S,90000863,VE0031SAVL,1
Zoya Sarit,Vivo Long Sleeve Blazer - Savannah,Vivo Long Sleeve Blazer,VE0031S,90000861,VE0031SAVS,2
Zoya Sarit,Vivo Long Sleeve Blazer - Savannah,Vivo Long Sleeve Blazer,VE0031S,90000353,VE0031SAVXS,1
Zoya Sarit,Vivo Lulu Cotton Barrel Pants - Black,Vivo Lulu Cotton Barrel Pants,V1125006,60061744,V1125006BLA1X,1
Zoya Sarit,Vivo Lulu Cotton Barrel Pants - Black,Vivo Lulu Cotton Barrel Pants,V1125006,60061743,V1125006BLAL,2
Zoya Sarit,Vivo Lulu Cotton Barrel Pants - Black,Vivo Lulu Cotton Barrel Pants,V1125006,60061741,V1125006BLAS,3
Zoya Sarit,Vivo Lulu Cotton Barrel Pants - Khaki Green,Vivo Lulu Cotton Barrel Pants,V1125006,60061732,V1125006KHGRNM,2
Zoya Sarit,Vivo Lulu Cotton Barrel Pants - Khaki Green,Vivo Lulu Cotton Barrel Pants,V1125006,60061735,V1125006KHGRN2X,2
Zoya Sarit,Vivo Lulu Cotton Barrel Pants - Khaki Green,Vivo Lulu Cotton Barrel Pants,V1125006,60061731,V1125006KHGRNS,2
Zoya Sarit,Vivo Lulu Cotton Barrel Pants - Maroon,Vivo Lulu Cotton Barrel Pants,V1125006,60061737,V1125006MARM,3
Zoya Sarit,Vivo Lulu Cotton Barrel Pants - Maroon,Vivo Lulu Cotton Barrel Pants,V1125006,60061736,V1125006MARS,1
Zoya Sarit,Vivo Lulu Cotton Barrel Pants - Maroon,Vivo Lulu Cotton Barrel Pants,V1125006,60061738,V1125006MARL,1
Zoya Sarit,Vivo Lulu Cotton Barrel Pants - Maroon,Vivo Lulu Cotton Barrel Pants,V1125006,60061740,V1125006MAR2X,1
Zoya Sarit,Vivo Mira Reversible Wrap Top - PEACH / BROWN FAN PRINT,Vivo Mira Reversible Wrap Top,V1123158,60030609,V1123158PR1S,1
Zoya Sarit,Vivo Mistari 3/4 Sleeve V - Neck Collared Tunic Top - Black stripes,Vivo Mistari 3/4 Sleeve V,V0622041,60052094,V0622041PR7F,3
Zoya Sarit,Vivo Niari straight leg Pants - Maroon,Vivo Niari straight leg Pants,V0225011,60053010,V0225011MARM,2
Zoya Sarit,Vivo Niari straight leg Pants - Maroon,Vivo Niari straight leg Pants,V0225011,60053009,V0225011MARS,3
Zoya Sarit,Vivo Niari straight leg Pants - Orange,Vivo Niari straight leg Pants,V0225011,60053130,V0225011ORAL,1
Zoya Sarit,Vivo Nora 3/4 Sleeve Peplum Top - Red,Vivo Nora 3/4 Sleeve Peplum Top,V0825009,60058548,V0825009REDS,2
Zoya Sarit,Vivo Nora 3/4 Sleeve Peplum Top - Red,Vivo Nora 3/4 Sleeve Peplum Top,V0825009,60058549,V0825009REDM,1
Zoya Sarit,Vivo Nora 3/4 Sleeve Peplum Top - Red,Vivo Nora 3/4 Sleeve Peplum Top,V0825009,60058550,V0825009REDL,3
Zoya Sarit,Vivo Nora 3/4 Sleeve Peplum Top - Taupe,Vivo Nora 3/4 Sleeve Peplum Top,V0825009,60058544,V0825009TAUS,2
Zoya Sarit,Vivo Nora 3/4 Sleeve Peplum Top - Taupe,Vivo Nora 3/4 Sleeve Peplum Top,V0825009,60058545,V0825009TAUM,2
Zoya Sarit,Vivo Nora Front Pleat Knee Length Dress - Black,Vivo Nora Front Pleat Knee Length Dress,V0825014,60058865,V0825014BLAL,1
Zoya Sarit,Vivo Nora Front Pleat Knee Length Dress - Black,Vivo Nora Front Pleat Knee Length Dress,V0825014,60058863,V0825014BLAS,2
Zoya Sarit,Vivo Nora Front Pleat Knee Length Dress - Black,Vivo Nora Front Pleat Knee Length Dress,V0825014,60058864,V0825014BLAM,3
Zoya Sarit,Vivo Nora Front Pleat Knee Length Dress - Navy,Vivo Nora Front Pleat Knee Length Dress,V0825014,60058868,V0825014NAVM,4
Zoya Sarit,Vivo Nora Front Pleat Knee Length Dress - Navy,Vivo Nora Front Pleat Knee Length Dress,V0825014,60058867,V0825014NAVS,2
Zoya Sarit,Vivo Nora Front Pleat Knee Length Dress - Pink,Vivo Nora Front Pleat Knee Length Dress,V0825014,60058884,V0825014PINM,2
Zoya Sarit,Vivo Nora Front Pleat Knee Length Dress - Pink,Vivo Nora Front Pleat Knee Length Dress,V0825014,60058885,V0825014PINL,1
Zoya Sarit,Vivo Nora Front Slit Knee Length Skirt - Red,Vivo Nora Front Slit Knee Length Skirt,V0825012,60058530,V0825012REDL,3
Zoya Sarit,Vivo Nora Front Slit Knee Length Skirt - Red,Vivo Nora Front Slit Knee Length Skirt,V0825012,60058528,V0825012REDS,2
Zoya Sarit,Vivo Nora Front Slit Knee Length Skirt - Red,Vivo Nora Front Slit Knee Length Skirt,V0825012,60058529,V0825012REDM,3
Zoya Sarit,Vivo Nora Front Slit Knee Length Skirt - Taupe,Vivo Nora Front Slit Knee Length Skirt,V0825012,60058526,V0825012TAUL,1
Zoya Sarit,Vivo Nora Front Slit Knee Length Skirt - Taupe,Vivo Nora Front Slit Knee Length Skirt,V0825012,60058524,V0825012TAUS,2
Zoya Sarit,Vivo Nora Front Slit Knee Length Skirt - Taupe,Vivo Nora Front Slit Knee Length Skirt,V0825012,60058525,V0825012TAUM,3
Zoya Sarit,Vivo Nuru Maxi Kimono - Black,Vivo Nuru Maxi Kimono,V0725020,60060257,V0725020BLAF,3
Zoya Sarit,Vivo Nuru Maxi Kimono - Brown,Vivo Nuru Maxi Kimono,V0725020,60060259,V0725020BRNF,4
Zoya Sarit,Vivo Pelia Kimono - Maroon / White Meni Print,Vivo Pelia Kimono,V1024045,60046397,V1024045PR6F,2
Zoya Sarit,Vivo Rayon Jersey Slip Dress - Chocolate,Vivo Rayon Jersey Slip Dress,V1025038,60062036,V1025038CHOS,1
Zoya Sarit,Vivo Rayon Jersey Slip Dress - Chocolate,Vivo Rayon Jersey Slip Dress,V1025038,60062038,V1025038CHOL,2
Zoya Sarit,Vivo Rayon Jersey Slip Dress - Chocolate,Vivo Rayon Jersey Slip Dress,V1025038,60062037,V1025038CHOM,1
Zoya Sarit,Vivo Reba Gathered Dress - Navy / Rust Eba Print,Vivo Reba Gathered Dress,V0224221,60048482,V0224221PR3M,2
Zoya Sarit,Vivo Ria Mock Neck Top - Lilac,Vivo Ria Mock Neck Top,V0725045,60058680,V0725045LILL,1
Zoya Sarit,Vivo Ria Mock Neck Top - Lilac,Vivo Ria Mock Neck Top,V0725045,60058681,V0725045LIL1X,2
Zoya Sarit,Vivo Ria Mock Neck Top - Lilac,Vivo Ria Mock Neck Top,V0725045,60058679,V0725045LILM,1
Zoya Sarit,Vivo Ria Mock Neck Top - Lilac,Vivo Ria Mock Neck Top,V0725045,60058678,V0725045LILS,1
Zoya Sarit,Vivo Safa Skirt - Black,Vivo Safa Skirt,V0325007,60058511,V0325007BLA1X,1
Zoya Sarit,Vivo Safa Skirt - Black,Vivo Safa Skirt,V0325007,60058508,V0325007BLAS,1
Zoya Sarit,Vivo Safa Skirt - Black,Vivo Safa Skirt,V0325007,60058509,V0325007BLAM,1
Zoya Sarit,Vivo Safa Skirt - Fuschia,Vivo Safa Skirt,V0325007,60053315,V0325007FUS1X,2
Zoya Sarit,Vivo Safa Skirt - Fuschia,Vivo Safa Skirt,V0325007,60053313,V0325007FUSM,2
Zoya Sarit,Vivo Safa Skirt - Fuschia,Vivo Safa Skirt,V0325007,60053312,V0325007FUSS,2
Zoya Sarit,Vivo Safa Skirt - Fuschia,Vivo Safa Skirt,V0325007,60053314,V0325007FUSL,3
Zoya Sarit,Vivo Safa Skirt - Taupe,Vivo Safa Skirt,V0325007,60058514,V0325007TAUL,3
Zoya Sarit,Vivo Safa Skirt - Taupe,Vivo Safa Skirt,V0325007,60058513,V0325007TAUM,2
Zoya Sarit,Vivo Safa Skirt - Taupe,Vivo Safa Skirt,V0325007,60058512,V0325007TAUS,1
Zoya Sarit,Vivo Seli Strappy Tent Top - Black,Vivo Seli Strappy Tent Top,V0125047,60051220,V0125047BLAS,2
Zoya Sarit,Vivo Seli Strappy Tent Top - Black,Vivo Seli Strappy Tent Top,V0125047,60051223,V0125047BLA1X,1
Zoya Sarit,Vivo Seli Strappy Tent Top - Black,Vivo Seli Strappy Tent Top,V0125047,60051222,V0125047BLAL,1
Zoya Sarit,Vivo Seli Strappy Tent Top - Black,Vivo Seli Strappy Tent Top,V0125047,60051221,V0125047BLAM,3
Zoya Sarit,Vivo Seli Strappy Tent Top - White / Black Esli Print,Vivo Seli Strappy Tent Top,V0125047,60051226,V0125047PR1L,4
Zoya Sarit,Vivo Sierra Bishop Sleeve Top - Brown / Yellow Lika Print,Vivo Sierra Bishop Sleeve Top,V0121031,60050365,V0121031PR172X,1
Zoya Sarit,Vivo Sierra Bishop Sleeve Top - Brown / Yellow Lika Print,Vivo Sierra Bishop Sleeve Top,V0121031,60050363,V0121031PR17L,1
Zoya Sarit,Vivo Sierra Bishop Sleeve Top - Brown / Yellow Lika Print,Vivo Sierra Bishop Sleeve Top,V0121031,60050362,V0121031PR17M,3
Zoya Sarit,Vivo Studio 2-piece in Mixed Media - Black,Vivo Studio 2-piece in Mixed Media,V0925053,60062432,V0925053BLAM,2
Zoya Sarit,Vivo Studio 2-piece in Mixed Media - Black,Vivo Studio 2-piece in Mixed Media,V0925053,60062433,V0925053BLAL,1
Zoya Sarit,Vivo Studio 2-piece in Mixed Media - Burgundy,Vivo Studio 2-piece in Mixed Media,V0925053,60062428,V0925053BURL,1
Zoya Sarit,Vivo Studio 2-piece in Mixed Media - Burgundy,Vivo Studio 2-piece in Mixed Media,V0925053,60062429,V0925053BUR1X,1
Zoya Sarit,Vivo Studio 2-piece in Mixed Media - Burgundy,Vivo Studio 2-piece in Mixed Media,V0925053,60062427,V0925053BURM,1
Zoya Sarit,Vivo Studio Longline Shorts in Crepe - Maroon Stripes,Vivo Studio Longline Shorts in Crepe,V1225011,60065104,V1225011PR1XS,1
Zoya Sarit,Vivo Studio Longline Shorts in Crepe - Maroon Stripes,Vivo Studio Longline Shorts in Crepe,V1225011,60065107,V1225011PR1L,1
Zoya Sarit,Vivo Studio Longline Shorts in Crepe - Maroon Stripes,Vivo Studio Longline Shorts in Crepe,V1225011,60065106,V1225011PR1M,3
Zoya Sarit,Vivo Studio Longline Shorts in Crepe - Maroon Stripes,Vivo Studio Longline Shorts in Crepe,V1225011,60065105,V1225011PR1S,1
Zoya Sarit,Vivo Tahisa Straight Leg Pants - Blue,Vivo Tahisa Straight Leg Pants,V1124102,60055046,V1124102BLUM,1
Zoya Sarit,Vivo Tahisa Straight Leg Pants - Blue,Vivo Tahisa Straight Leg Pants,V1124102,60055047,V1124102BLUL,3
Zoya Sarit,Vivo Tahisa Straight Leg Pants - Blue,Vivo Tahisa Straight Leg Pants,V1124102,60055048,V1124102BLU1X,1
Zoya Sarit,Vivo Tana Puff Sleeve Bodysuit - Chocolate Brown,Vivo Tana Puff Sleeve Bodysuit,V0822077,60056901,V0822077CHBS,2
Zoya Sarit,Vivo Tana Puff Sleeve Bodysuit - Chocolate Brown,Vivo Tana Puff Sleeve Bodysuit,V0822077,60056905,V0822077CHB2X,1
Zoya Sarit,Vivo Tana Puff Sleeve Bodysuit - Chocolate Brown,Vivo Tana Puff Sleeve Bodysuit,V0822077,60056904,V0822077CHB1X,2
Zoya Sarit,Vivo Tana Puff Sleeve Bodysuit - Chocolate Brown,Vivo Tana Puff Sleeve Bodysuit,V0822077,60056903,V0822077CHBL,3
Zoya Sarit,Vivo Tana Puff Sleeve Bodysuit - Chocolate Brown,Vivo Tana Puff Sleeve Bodysuit,V0822077,60056902,V0822077CHBM,3
Zoya Sarit,Vivo Tana Puff Sleeve Bodysuit - Red,Vivo Tana Puff Sleeve Bodysuit,V0822077,60020987,V0822077REDXL,2
Zoya Sarit,Vivo Tana Puff Sleeve Bodysuit - Red,Vivo Tana Puff Sleeve Bodysuit,V0822077,60020986,V0822077REDL,4
Zoya Sarit,Vivo Tana Puff Sleeve Bodysuit - Red,Vivo Tana Puff Sleeve Bodysuit,V0822077,60020984,V0822077REDS,3
Zoya Sarit,Vivo Tana Puff Sleeve Bodysuit - Red,Vivo Tana Puff Sleeve Bodysuit,V0822077,60020985,V0822077REDM,3
Zoya Sarit,Vivo Waridi Sleeveless Overcoat - Dark Teal,Vivo Waridi Sleeveless Overcoat,V1020056,60056115,V1020056DTEA2X,2
Zoya Sarit,Vivo Waridi Sleeveless Overcoat - Dark Teal,Vivo Waridi Sleeveless Overcoat,V1020056,60033880,V1020056DTEAL,3
Zoya Sarit,Vivo Waridi Sleeveless Overcoat - Dark Teal,Vivo Waridi Sleeveless Overcoat,V1020056,60033879,V1020056DTEAM,3
Zoya Sarit,Vivo Waridi Sleeveless Overcoat - Navy Blue,Vivo Waridi Sleeveless Overcoat,V1020056,40017073,V1020056NABL,3
Zoya Sarit,Vivo Waridi Sleeveless Overcoat - Navy Blue,Vivo Waridi Sleeveless Overcoat,V1020056,40017074,V1020056NABXL,2
Zoya Sarit,Vivo Waridi Sleeveless Overcoat - Navy Blue,Vivo Waridi Sleeveless Overcoat,V1020056,40017072,V1020056NABM,1
Zoya Sarit,Vivo Waridi Sleeveless Overcoat - Navy Blue,Vivo Waridi Sleeveless Overcoat,V1020056,40017071,V1020056NABS,2
Zoya Sarit,Vivo Waridi Sleeveless Overcoat - Navy Blue,Vivo Waridi Sleeveless Overcoat,V1020056,60053092,V1020056NAB2X,1
Zoya Sarit,Vivo X This Is Essential Raceback Bralette - Navy Blue,Vivo X This Is Essential Raceback Bralette,V0424116,60035812,V0424116NABXS,2
Zoya Sarit,Vivo X This Is Essential Raceback Bralette - Navy Blue,Vivo X This Is Essential Raceback Bralette,V0424116,60035815,V0424116NABL,1
Zoya Sarit,Vivo X This Is Essential Raceback Bralette - Navy Blue,Vivo X This Is Essential Raceback Bralette,V0424116,60035813,V0424116NABS,3
Zoya Sarit,Vivo X This Is Essential Raceback Bralette - Navy Blue,Vivo X This Is Essential Raceback Bralette,V0424116,60035814,V0424116NABM,4
Zoya Sarit,Vivo Yene Wide Leg Pants - Navy Blue,Vivo Yene Wide Leg Pants,V1124138,60051174,V1124138NABM,2
Zoya Sarit,Vivo Yene Wide Leg Pants - Purple,Vivo Yene Wide Leg Pants,V1124138,60055146,V1124138PURM,1
Zoya Sarit,Vivo Zahari Sweatheart Neck Jumpsuit - Taupe / White Print,Vivo Zahari Sweatheart Neck Jumpsuit,V0623013,60056127,V0623013PR5L,3
Zoya Sarit,Vivo Zahari Sweatheart Neck Jumpsuit - Taupe / White Print,Vivo Zahari Sweatheart Neck Jumpsuit,V0623013,60056125,V0623013PR5S,1
Zoya Sarit,Vivo Zahari Sweatheart Neck Jumpsuit - Taupe / White Print,Vivo Zahari Sweatheart Neck Jumpsuit,V0623013,60056126,V0623013PR5M,1
