sku,product_name,style_name,style_number,brand,product_type,price,price_source,retired_qty
S1023060HUNM,Safari Zene Off Shoulder Top - Hunters,Safari Zene Off Shoulder Top,S1023060,Safari,Loose Tops,3550,catalog,46
V0622002PINL,Vivo Basic Drop Shoulder Top - Pink,Vivo Basic Drop Shoulder Top,V0622002,Vivo,Loose Tops,950,catalog,43
V0825012NAVM,Vivo Nora Front Slit Knee Length Skirt - Navy - BLUE / V0825012 / M,Vivo Nora Front Slit Knee Length Skirt,V0825012,Vivo,Knee Length Skirts,3500,odoo,17
V0920021OLIL,Vivo Basic Tolani Dress in Jersey - Olive,Vivo Basic Tolani Jersey Dress,V0920021,Vivo,Knee Length Dresses,4900,catalog,16
V0825009NAVS,Vivo Nora 3/4 Sleeve Peplum Top - Navy - NAVY / V0825009 / S,Vivo Nora 3/4 Sleeve Peplum Top,V0825009,Vivo,Loose Tops,2900,odoo,13
V0424116NABM,Vivo X This Is Essential Raceback Bralette - Navy Blue - NAVY BLUE / V0424116 / M,Vivo X This Is Essential Raceback Bralette,V0424116,Vivo,Bodysuits,1500,odoo,13
V0425056DAOL,Vivo Diella 3/4 Sleeve A-Line Dress - Dark Olive,Vivo Diella 3/4 Sleeve A-Line Dress,V0425056,Vivo,Knee Length Dresses,4500,catalog,12
V0423056TEALL,Vivo Leila 3/4 Sleeve Tent Knee Length Dress - Teal,Vivo Leila 3/4 Sleeve Tent Knee Length Dress,V0423056,Vivo,Knee Length Dresses,4950,catalog,12
V0822077CHBL,Vivo Tana Puff Sleeve Bodysuit - Chocolate Brown,Vivo Tana Puff Sleeve Bodysuit,V0822077,Vivo,Bodysuits,2700,catalog,12
V0822077DGNL,Vivo Tana Puff Sleeve Bodysuit - Dark Green,Vivo Tana Puff Sleeve Bodysuit,V0822077,Vivo,Bodysuits,2700,catalog,12
V0920021OLIM,Vivo Basic Tolani Dress in Jersey - Olive,Vivo Basic Tolani Jersey Dress,V0920021,Vivo,Knee Length Dresses,4900,catalog,11
V0621001WIRM,Vivo J.O V-Neck Sheath Dress - Wine Red,Vivo J.O V-Neck Sheath Dress,V0621001,Vivo,Knee Length Dresses,4250,catalog,10
V0325043PR3M,Vivo Kelemi 4.0 Sleeveless Top - Navy / Mustard Nashe Print,Vivo Kelemi 4.0 Sleeveless Top,V0325043,Vivo,Fitted Tops,1450,catalog,9
V0622041PR7F,Vivo Mistari 3/4 Sleeve V - Neck Collared Tunic Top - Black Stripes,Vivo Mistari 3/4 Sleeve V,V0622041,Vivo,Loose Tops,3550,catalog,9
S0224195WHIM,Safari Kamari Capri Cargo Pants - White,Safari Kamari Capri Cargo Pants,S0224195,Safari,Culottes & Capri Pants,4750,catalog,8
S1023060RUSM,Safari Zene Off Shoulder Top - Rust,Safari Zene Off Shoulder Top,S1023060,Safari,Loose Tops,1050,catalog,8
S0625017LIMM,Shiv & Shikie X Safari Short Sleeve Shirt - Lime,Shiv & Shikie X Safari Short Sleeve Shirt,S0625017,Third Party Brands,Loose Tops,4800,catalog,8
V0325021BLAS,Vivo Basic Jeggings - Black,Vivo Basic Jeggings,V0325021,Vivo,Full Length Pants,3550,catalog,8
V1019045PR22F,Vivo Basic Liv Chiffon Top - White / Black Print,Vivo Basic Liv Chiffon Top,V1019045,Vivo,Loose Tops,1150,catalog,8
V0920021FUSL,Vivo Basic Tolani Dress in Jersey - Fuschia,Vivo Basic Tolani Jersey Dress,V0920021,Vivo,Knee Length Dresses,4900,catalog,8
V0621001NABS,Vivo J.O V-Neck Sheath Dress - Navy Blue,Vivo J.O V-Neck Sheath Dress,V0621001,Vivo,Knee Length Dresses,4250,catalog,8
V0825014BLAM,Vivo Nora Front Pleat Knee Length Dress - Black,Vivo Nora Front Pleat Knee Length Dress,V0825014,Vivo,Knee Length Dresses,2250,catalog,8
V0325007BLAS,Vivo Safa Skirt - Black - BLACK / V0325007 / S,Vivo Safa Skirt,V0325007,Vivo,Knee Length Skirts,2950,odoo,8
V0823158REDXXS,Vivo X This Is Essential  Sleeveless Scooped Neck Bodysuit - Red - RED / V0823158 / XXS,Vivo X This Is Essential  Sleeveless Scooped Neck Bodysuit,V0823158,Vivo,Bodysuits,1950,odoo,8
S0424064MUSXS/S,Safari Bush Drop Shoulder Long Sleeve Top - Mustard,Safari Bush Drop Shoulder Long Sleeve Top,S0424064,Safari,T-shirts & Tank Tops,1750,catalog,7
S1024005WHICS,Safari Chui Lined Jacket - White Cloud,Safari Chui Lined Jacket,S1024005,Safari,Jackets & Coats,8950,catalog,7
S0424145KHAM,Safari Men's Long Sleeve Shirt - Khaki,Safari Men's Long Sleeve Shirt,S0424145,Safari,Loose Tops,1250,catalog,7
S0825039WHIS,Safari Solana Bubble Midi Skirt in Cotton - White,Safari Solana Bubble Midi Skirt in Cotton,S0825039,Safari,Midi & Capri Skirts,5800,catalog,7
S0625017LIMS,Shiv & Shikie X Safari Short Sleeve Shirt - Lime,Shiv & Shikie X Safari Short Sleeve Shirt,S0625017,Third Party Brands,Loose Tops,4800,catalog,7
V0225031DARM,Vivo Ayah Satin Pants - Dark Red,Vivo Ayah Satin Pants,V0225031,Vivo,Full Length Pants,3950,catalog,7
V0622002MUSL,Vivo Basic Drop Shoulder Top - Mustard,Vivo Basic Drop Shoulder Top,V0622002,Vivo,Loose Tops,2550,catalog,7
V0321017TEA1X,Vivo Basic Sleeveless Sienna Waterfall - Teal,Vivo Basic Sleeveless Sienna Waterfall,V0321017,Vivo,Waterfalls & Kimonos,2250,catalog,7
V0825009REDM,Vivo Nora 3/4 Sleeve Peplum Top - Red - RED / V0825009 / M,Vivo Nora 3/4 Sleeve Peplum Top,V0825009,Vivo,Loose Tops,2900,odoo,7
V0825014BLAS,Vivo Nora Front Pleat Knee Length Dress - Black,Vivo Nora Front Pleat Knee Length Dress,V0825014,Vivo,Knee Length Dresses,2250,catalog,7
V0125047PR1L,Vivo Seli Strappy Tent Top - White / Black Esli Print,Vivo Seli Strappy Tent Top,V0125047,Vivo,Loose Tops,750,catalog,7
V0823154CHOCXXS,Vivo X This Is Essential  Sleeveless High Neck Bodysuit - Chocolate - CHOCOLATE / V0823154 / XXS,Vivo X This Is Essential  Sleeveless High Neck Bodysuit,V0823154,Vivo,Bodysuits,2250,odoo,7
V0823155WHI2X,Vivo X This Is Essential Strappy Bodysuit - White - WHITE / V0823155 / 2X,Vivo X This Is Essential Strappy Bodysuit,V0823155,Vivo,Bodysuits,2250,odoo,7
S0425057PR1M,Safari Naledi 3/4 Sleeve Tent Dress - Navy Pinstripes Print,Safari Naledi 3/4 Sleeve Tent Dress,S0425057,Safari,Knee Length Dresses,6800,catalog,6
V0819124REDM,Vivo Basic Ali Jacket - Red,Vivo Basic Ali Jacket,V0819124,Vivo,Jackets & Coats,2950,catalog,6
V0622002MUSM,Vivo Basic Drop Shoulder Top - Mustard,Vivo Basic Drop Shoulder Top,V0622002,Vivo,Loose Tops,2550,catalog,6
V0920021MULM,Vivo Basic Tolani Dress in Jersey - Mulberry,Vivo Basic Tolani Jersey Dress,V0920021,Vivo,Knee Length Dresses,4900,catalog,6
V0423056NAVYL,Vivo Leila 3/4 Sleeve Tent Knee Length Dress - Navy,Vivo Leila 3/4 Sleeve Tent Knee Length Dress,V0423056,Vivo,Knee Length Dresses,4950,catalog,6
V0825014ORAM,Vivo Nora Front Pleat Knee Length Dress - Orange - ORANGE / V0825014 / M,Vivo Nora Front Pleat Knee Length Dress,V0825014,Vivo,Knee Length Dresses,2250,odoo,6
V0825012TAUL,Vivo Nora Front Slit Knee Length Skirt - Taupe - TAUPE / V0825012 / L,Vivo Nora Front Slit Knee Length Skirt,V0825012,Vivo,Knee Length Skirts,3500,odoo,6
V0623013PR5M,Vivo Zahari Sweatheart Neck Jumpsuit - Taupe / White Print,Vivo Zahari Sweatheart Neck Jumpsuit,V0623013,Vivo,Jumpsuits & Playsuits,2450,catalog,6
S0623056PR8M,Safari Anga Puffy Short Sleeve Tie Top - Navy Blue / Yellow Ankara Print,Safari Anga Puffy Short Sleeve Tie Top,S0623056,Safari,Midriff & Crop Tops,960,catalog,5
S1024007WCLO1X,Safari Chui Cropped Jacket - White Cloud,Safari Chui Cropped Jacket,S1024007,Safari,Jackets & Coats,6250,catalog,5
S0224195WHIS,Safari Kamari Capri Cargo Pants - White,Safari Kamari Capri Cargo Pants,S0224195,Safari,Culottes & Capri Pants,4750,catalog,5
S0424073HGN3X,Safari Kamari Ribbed Top - Hunters Green,Safari Kamari Ribbed Top,S0424073,Safari,T-shirts & Tank Tops,1100,catalog,5
S1124151PR1L,Safari Sizani Men's Kitenge Tuxedo Shirt - Black,Safari Sizani Men's Kitenge Tuxedo Shirt,S1124151,Safari,Loose Tops,4400,catalog,5
S0825039CHOCS,Safari Solana Bubble Midi Skirt in Cotton - Chocolate,Safari Solana Bubble Midi Skirt in Cotton,S0825039,Safari,Midi & Capri Skirts,5800,catalog,5
S0325031BLAS,Safari Tiwa Barell Pants - Black,Safari Tiwa Barell Pants,S0325031,Safari,Full Length Pants,5400,catalog,5
V0625018PR3S,Vivo Alani High Low Dress - Black Checkered Print,Vivo Alani High Low Dress,V0625018,Vivo,Knee Length Dresses,2850,catalog,5
V0920021OLI2X,Vivo Basic Tolani Dress in Jersey - Olive,Vivo Basic Tolani Jersey Dress,V0920021,Vivo,Knee Length Dresses,4900,catalog,5
V0425056BLAS,Vivo Diella 3/4 Sleeve A-Line Dress - Black,Vivo Diella 3/4 Sleeve A-Line Dress,V0425056,Vivo,Knee Length Dresses,4500,catalog,5
V0425056DAO1X,Vivo Diella 3/4 Sleeve A-Line Dress - Dark Olive,Vivo Diella 3/4 Sleeve A-Line Dress,V0425056,Vivo,Knee Length Dresses,4500,catalog,5
V0224241PR10M/L,Vivo Full Length Kimono - Keri,Vivo Full Length Kimono,V0224241,Vivo,Waterfalls & Kimonos,5900,catalog,5
V0625043NAVS,Vivo Iyana Bubble Midi Skirt - Navy,Vivo Iyana Bubble Midi Skirt,V0625043,Vivo,Midi & Capri Skirts,4900,catalog,5
V0625044DAPL,Vivo Iyana Tank Top - Dark Purple,Vivo Iyana Tank Top,V0625044,Vivo,Midriff & Crop Tops,1900,catalog,5
V0625044LMYS,Vivo Iyana Tank Top - Lime Yellow,Vivo Iyana Tank Top,V0625044,Vivo,Midriff & Crop Tops,1900,catalog,5
V0825014PINL,Vivo Nora Front Pleat Knee Length Dress - Pink,Vivo Nora Front Pleat Knee Length Dress,V0825014,Vivo,Knee Length Dresses,2250,catalog,5
V0825012TAUM,Vivo Nora Front Slit Knee Length Skirt - Taupe,Vivo Nora Front Slit Knee Length Skirt,V0825012,Vivo,Knee Length Skirts,3500,catalog,5
V0325007FUSM,Vivo Safa Skirt - Fuschia,Vivo Safa Skirt,V0325007,Vivo,Midi & Capri Skirts,2950,catalog,5
V0424116BLAXS,Vivo X This Is Essential Raceback Bralette - Black - BLACK / V0424116 / XS,Vivo X This Is Essential Raceback Bralette,V0424116,Vivo,Bodysuits,1500,odoo,5
V0424116NAB2X,Vivo X This Is Essential Raceback Bralette - Navy Blue - NAVY BLUE / V0424116 / 2X,Vivo X This Is Essential Raceback Bralette,V0424116,Vivo,Bodysuits,1500,odoo,5
Z0724069BLUS,Zoya Banda Unisex Jorts - Blue - BLUE / Z0724069 / S,Zoya Banda Unisex Jorts,Z0724069,Zoya,Accessories,550,odoo,5
Z1223003NABS,Zoya Sitawi Bodycon - Navy blue - NAVY BLUE / S / Z1223003,Zoya Sitawi Bodycon,Z1223003,Zoya,Knee Length Dresses,2550,odoo,5
S1024007WCLOS,Safari Chui Cropped Jacket - White Cloud,Safari Chui Cropped Jacket,S1024007,Safari,Jackets & Coats,6250,catalog,4
S0224189NABM/L,Safari Kamari Drop Shoulder Top - Navy Blue,Safari Kamari Drop Shoulder Top,S0224189,Safari,Loose Tops,1950,catalog,4
S0424037DGRYS,Safari Men's Shacket - Dark Grey,Safari Men's Shacket,S0424037,Safari,Accessories,1850,catalog,4
S0824029PR2M-OBU,Safari Njano Men's Straight Leg Pants - Obu Print,Safari Njano Men's Straight Leg Pants,S0824029,Safari,Full Length Pants,6250,catalog,4
S0724009HUNM,Safari Savannah Wrap Top - Hunters,Safari Savannah Wrap Top,S0724009,Safari,Fitted Tops,5250,catalog,4
S1124112NABS,Safari Sizani Barrel Pants - Navy Blue,Safari Sizani Barrel Pants,S1124112,Safari,Full Length Pants,5950,catalog,4
S1124116WHT1X,Safari Sizani Strappy Tent Top - White,Safari Sizani Strappy Tent Top,S1124116,Safari,Loose Tops,2950,catalog,4
S0325031BLAM,Safari Tiwa Barell Pants - Black,Safari Tiwa Barell Pants,S0325031,Safari,Full Length Pants,5400,catalog,4
S1023060YELM,Safari Zene Off Shoulder Top - Yellow,Safari Zene Off Shoulder Top,S1023060,Safari,Loose Tops,1100,catalog,4
S0425039BLAS,Shiv & Shikie X Safari Barrel Pants - Black,Shiv & Shikie X Safari Barrel Pants,S0425039,Third Party Brands,Full Length Pants,4800,catalog,4
V0819124BURM,Vivo Basic Ali Jacket - Burgundy,Vivo Basic Ali Jacket,V0819124,Vivo,Jackets & Coats,2950,catalog,4
V0719261MUSL,Vivo Basic Long Sleeved Double Layered Bodycon - Mustard,Vivo Basic Long Sleeved Double Layered Bodycon,V0719261,Vivo,Knee Length Dresses,4250,catalog,4
V0819137HGNS,Vivo Basic Palazzo Pants - Hunters Green,Vivo Basic Palazzo Pants,V0819137,Vivo,Full Length Pants,2000,catalog,4
V0819137NVBS,Vivo Basic Palazzo Pants - Navy Blue,Vivo Basic Palazzo Pants,V0819137,Vivo,Full Length Pants,2800,catalog,4
V0321017NABXL,Vivo Basic Sleeveless Sienna Waterfall - Navy Blue,Vivo Basic Sleeveless Sienna Waterfall,V0321017,Vivo,Waterfalls & Kimonos,2250,catalog,4
V0920021CHOM,Vivo Basic Tolani Dress in Jersey - Chocolate,Vivo Basic Tolani Jersey Dress,V0920021,Vivo,Knee Length Dresses,4900,catalog,4
V0525076PR1M,Vivo Diella V-Neck Jumpsuit - Peach / Navy Print,Vivo Diella V-Neck Jumpsuit,V0525076,Vivo,Jumpsuits & Playsuits,2350,catalog,4
V0621112TAUL/XL,Vivo Extra Long May Jersey Waterfall - Taupe,Vivo Extra Long May Jersey Waterfall,V0621112,Vivo,Waterfalls & Kimonos,4550,catalog,4
V0325047LILS/M,Vivo Kelemi 4.0 Frilled Wide Top - Lilac,Vivo Kelemi 4.0 Frilled Wide Top,V0325047,Vivo,Loose Tops,2350,catalog,4
V0325043PR1L,Vivo Kelemi 4.0 Sleeveless Top - Lilac / Magenta Nashe Print,Vivo Kelemi 4.0 Sleeveless Top,V0325043,Vivo,Fitted Tops,1450,catalog,4
V1125006MARL,Vivo Lulu Cotton Barrel Pants - Maroon,Vivo Lulu Cotton Barrel Pants,V1125006,Vivo,Full Length Pants,4900,catalog,4
V1123158PR1S,Vivo Mira Reversible Wrap Top - Peach / Brown Fan Print,Vivo Mira Reversible Wrap Top,V1123158,Vivo,Fitted Tops,950,catalog,4
V0224240SHAM,Vivo Must Have Shorts - Shama,Vivo Must Have Shorts,V0224240,Vivo,Shorts & Skorts,3550,catalog,4
V0823125PR2M,Vivo Naya One Shoulder Flounce Jumpsuit - Pweza Print - PWEZA PRINT / V0823125 / M,Vivo Naya One Shoulder Flounce Jumpsuit,V0823125,Vivo,Jumpsuits & Playsuits,1100,odoo,4
V0825009HUNM,Vivo Nora 3/4 Sleeve Peplum Top - Hunters,Vivo Nora 3/4 Sleeve Peplum Top,V0825009,Vivo,Fitted Tops,2250,catalog,4
V0825014BLAL,Vivo Nora Front Pleat Knee Length Dress - Black,Vivo Nora Front Pleat Knee Length Dress,V0825014,Vivo,Knee Length Dresses,2250,catalog,4
V0425007PEAM,Vivo Rema High Low Maxi Dress - Peach,Vivo Rema High Low Maxi Dress,V0425007,Vivo,Midi & Capri Dresses,3550,catalog,4
V0825022DMUM,Vivo Ria Drop Shoulder Top - Dark Mustard,Vivo Ria Drop Shoulder Top,V0825022,Vivo,T-shirts & Tank Tops,2500,catalog,4
V0725045LILS,Vivo Ria Mock Neck Top - Lilac - PURPLE / V0725045 / S,Vivo Ria Mock Neck Top,V0725045,Vivo,Loose Tops,2500,odoo,4
V0325007TAUS,Vivo Safa Skirt - Taupe - TAUPE / V0325007 / S,Vivo Safa Skirt,V0325007,Vivo,Knee Length Skirts,2950,odoo,4
V0121031PR17M,Vivo Sierra Bishop Sleeve Top - Brown / Yellow Lika Print,Vivo Sierra Bishop Sleeve Top,V0121031,Vivo,Loose Tops,1350,catalog,4
V0424116NABXS,Vivo X This Is Essential Raceback Bralette - Navy Blue,Vivo X This Is Essential Raceback Bralette,V0424116,Vivo,Bodysuits,1500,odoo,4
V0324021BLA/WHIXS,Vivo X This Is Essential Scooped Neck Bralette - Black / White - BLACK / WHITE / V0324021 / XS,Vivo X This Is Essential Scooped Neck Bralette,V0324021,Vivo,Bodysuits,1500,odoo,4
V0324021NAB/WHIM,Vivo X This Is Essential Scooped Neck Bralette - Navy Blue / White - NAVY BLUE / WHITE / V0324021 / M,Vivo X This Is Essential Scooped Neck Bralette,V0324021,Vivo,Bodysuits,1500,odoo,4
Z0819065BGRN3X,Zoya Basic Tank Top - Bright Green,Zoya Basic Tank Top,Z0819065,Zoya,T-shirts & Tank Tops,350,catalog,4
Z0821148PR8XS,Zoya Essentials Mini Bodycon - Teal / Brown Print,Zoya Essentials Mini Bodycon,Z0821148,Zoya,Short & Mini Dresses,2750,odoo,4
Z1223003NABM,Zoya Sitawi Bodycon - Navy blue,Zoya Sitawi Bodycon,Z1223003,Zoya,Knee Length Dresses,2550,odoo,4
S0623056PR8S,Safari Anga Puffy Short Sleeve Tie Top - Navy Blue / Yellow Ankara Print,Safari Anga Puffy Short Sleeve Tie Top,S0623056,Safari,Midriff & Crop Tops,960,catalog,3
S0925059DGRYM,Safari By Vivo Mens Cotton Shorts - Dark Grey,Safari By Vivo Mens Cotton Shorts,S0925059,Safari,Shorts & Skorts,3400,catalog,3
S1024007WCLOL,Safari Chui Cropped Jacket - White Cloud,Safari Chui Cropped Jacket,S1024007,Safari,Jackets & Coats,6250,catalog,3
S1024013REDS,Safari Chui Heavy Shirt - Red,Safari Chui Heavy Shirt,S1024013,Safari,Fitted Tops,5950,catalog,3
S1024005WHICL,Safari Chui Lined Jacket - White Cloud,Safari Chui Lined Jacket,S1024005,Safari,Jackets & Coats,8950,catalog,3
S1024005WHICXS,Safari Chui Lined Jacket - White Cloud,Safari Chui Lined Jacket,S1024005,Safari,Jackets & Coats,8950,catalog,3
S0224189NABXS/S,Safari Kamari Drop Shoulder Top - Navy Blue,Safari Kamari Drop Shoulder Top,S0224189,Safari,Loose Tops,1950,catalog,3
S0424073BEI3X,Safari Kamari Ribbed Top - Beige,Safari Kamari Ribbed Top,S0424073,Safari,T-shirts & Tank Tops,750,catalog,3
S0923074PR5S,Safari Kikoy Off Shoulder Crop Top - Light Blue Print,Safari Kikoy Off Shoulder Crop Top,S0923079,Safari,Midriff & Crop Tops,450,catalog,3
S0924017BLAL,Safari Mansi Straight Leg Pants - Black,Safari Mansi Straight Leg Pants,S0924017,Safari,Full Length Pants,4950,catalog,3
S0924017NAV1X,Safari Mansi Straight Leg Pants - Navy,Safari Mansi Straight Leg Pants,S0924017,Safari,Full Length Pants,4950,catalog,3
S0424041PR91X,Safari Men's Kitenge Drawstring Shorts - Keri Print,Safari Men's Kitenge Drawstring Shorts,S0424041,Safari,Shorts & Skorts,1800,catalog,3
S0425057PR5M-PIN,Safari Naledi 3/4 Sleeve Tent Dress - Pink Polka Stripes,Safari Naledi 3/4 Sleeve Tent Dress,S0425057,Safari,Knee Length Dresses,6800,catalog,3
S0124026REDM,Safari Nimali Bubble Sleeve Top - Red,Safari Nimali Bubble Sleeve Top,S0124026,Safari,Fitted Tops,3950,catalog,3
S0724009HUNS,Safari Savannah Wrap Top - Hunters,Safari Savannah Wrap Top,S0724009,Safari,Fitted Tops,5250,catalog,3
S1124116BLAL,Safari Sizani Strappy Tent Top - Black,Safari Sizani Strappy Tent Top,S1124116,Safari,Loose Tops,2950,catalog,3
S1124116NABS,Safari Sizani Strappy Tent Top - Navy Blue,Safari Sizani Strappy Tent Top,S1124116,Safari,Loose Tops,2950,catalog,3
S0825039SORAS2X,Safari Solana Bubble Midi Skirt in Cotton - Orange,Safari Solana Bubble Midi Skirt in Cotton,S0825039,Safari,Midi & Capri Skirts,5800,catalog,3
S0825039WHI2X,Safari Solana Bubble Midi Skirt in Cotton - White,Safari Solana Bubble Midi Skirt in Cotton,S0825039,Safari,Midi & Capri Skirts,5800,catalog,3
S0925046PR1S,Safari Tafari Shorts - Light Blue Asili Print,Safari Tafari Shorts,S0925046,Safari,Shorts & Skorts,2800,catalog,3
S0925046PR5M,Safari Tafari Shorts - Black Brown Shade C,Safari Tafari Shorts,S0925046,Safari,Shorts & Skorts,2800,catalog,3
S0925046PR8M,Safari Tafari Shorts - Selvi Print,Safari Tafari Shorts,S0925046,Safari,Shorts & Skorts,2800,catalog,3
S0925046PR9M,Safari Tafari Shorts - Dafi Print,Safari Tafari Shorts,S0925046,Safari,Shorts & Skorts,2800,catalog,3
S0125049NAVYM,Safari Tiwa Shirred Top - Navy,Safari Tiwa Shirred Top,S0125049,Safari,Fitted Tops,1150,catalog,3
V0224238PR8XS/S,Vivo 2-Way Wrap Top - Sipo Print,Vivo 2-Way Wrap Top,V0224238,Vivo,Fitted Tops,3250,catalog,3
V0625018PR3L,Vivo Alani High Low Dress - Black Checkered Print,Vivo Alani High Low Dress,V0625018,Vivo,Knee Length Dresses,2850,catalog,3
V0725029CHBS,Vivo Ari Sleeveless Straight Maxi Slit Dress - Chocolate Brown,Vivo Ari Sleeveless Straight Maxi Slit Dress,V0725029,Vivo,Maxi Dresses,4900,catalog,3
V0320040REDL,Vivo Basic Boundneck Puff Sleeve Top - Red,Vivo Basic Boundneck Puff Sleeve Top,V0320040,Vivo,Fitted Tops,3250,catalog,3
V0622062WHI1X/2X,Vivo Basic Cowl Jersey Top - White,Vivo Basic Cowl Jersey Top,V0622062,Vivo,Loose Tops,1150,catalog,3
V0622002NABXL,Vivo Basic Drop Shoulder Top - Navy Blue,Vivo Basic Drop Shoulder Top,V0622002,Vivo,Loose Tops,1800,catalog,3
V0719369HUNM/L,Vivo Basic Imelda Top - Hunters,Vivo Basic Imelda Top,V0719369,Vivo,Loose Tops,1150,catalog,3
V0819031NABM,Vivo Basic Double Layered Capri Skirt - Navy Blue,Vivo Basic Lined Capri Skirt,V0819031,Vivo,Midi & Capri Skirts,3500,catalog,3
V0719261MUSXL,Vivo Basic Long Sleeved Double Layered Bodycon - Mustard,Vivo Basic Long Sleeved Double Layered Bodycon,V0719261,Vivo,Knee Length Dresses,4250,catalog,3
V1119024BLA1X/2X,Vivo Basic Nalia High-low Chiffon Top - Black Textured,Vivo Basic Nalia High-low Chiffon Top,V1119024,Vivo,Loose Tops,950,catalog,3
V1122193YELS/M,Vivo Basic Sleeveless Extra Long Lily Waterfall - Yellow,Vivo Basic Sleeveless Extra Long Lily Waterfall,V1122193,Vivo,Waterfalls & Kimonos,1950,catalog,3
V1121020BLAM,Vivo Basic Sleeveless Kena Tent Maxi Dress in Ponte - Black,Vivo Basic Sleeveless Kena Tent Maxi Dress,V1121020,Vivo,Maxi Dresses,5500,catalog,3
V1122192NABL/1X,Vivo Basic Sleeveless Midi Jersey Waterfall - Navy Blue,Vivo Basic Sleeveless Midi Jersey Waterfall,V1122192,Vivo,Waterfalls & Kimonos,2000,catalog,3
V1122192NABS/M,Vivo Basic Sleeveless Midi Jersey Waterfall - Navy Blue,Vivo Basic Sleeveless Midi Jersey Waterfall,V1122192,Vivo,Waterfalls & Kimonos,2000,catalog,3
V0920021MUL2X,Vivo Basic Tolani Dress in Jersey - Mulberry,Vivo Basic Tolani Jersey Dress,V0920021,Vivo,Knee Length Dresses,4900,catalog,3
V0323019BUT4X,Vivo Basic V-neck Cap Sleeve Top - Buttermilk,Vivo Basic V-neck Cap Sleeve Top,V0323019,Vivo,T-shirts & Tank Tops,1250,catalog,3
V0325019RBLUM,Vivo Chela Basic Cap Sleeve Top - Royal Blue,Vivo Chela Basic Cap Sleeve Top,V0325019,Vivo,Midriff & Crop Tops,1850,catalog,3
V0325019RBLUS,Vivo Chela Basic Cap Sleeve Top - Royal Blue,Vivo Chela Basic Cap Sleeve Top,V0325019,Vivo,Midriff & Crop Tops,1850,catalog,3
V0325072BLAS,Vivo Chiffon Shorts - Black,Vivo Chiffon Shorts,V0325072,Vivo,Shorts & Skorts,3550,catalog,3
V0425056BLA1X,Vivo Diella 3/4 Sleeve A-Line Dress - Black,Vivo Diella 3/4 Sleeve A-Line Dress,V0425056,Vivo,Knee Length Dresses,4500,catalog,3
V0525076PR1L,Vivo Diella V-Neck Jumpsuit - Peach / Navy Print,Vivo Diella V-Neck Jumpsuit,V0525076,Vivo,Jumpsuits & Playsuits,2350,catalog,3
V0621001BURM,Vivo J.O V-Neck Sheath Dress - Burgundy,Vivo J.O V-Neck Sheath Dress,V0621001,Vivo,Knee Length Dresses,4250,catalog,3
V1024029PR2M,Vivo Kelemi Ruffle Sleeve Top - Yellow / Green Lana Print,Vivo Kelemi Ruffle Sleeve Top,V1024029,Vivo,Loose Tops,4550,catalog,3
VE0030PR8F,Vivo Kitenge Wrap Skirt - Himo,Vivo Kitenge Wrap Skirt,VE0030P,Vivo,Waterfalls & Kimonos,4950,catalog,3
V0423056TEALM,Vivo Leila 3/4 Sleeve Tent Knee Length Dress - Teal,Vivo Leila 3/4 Sleeve Tent Knee Length Dress,V0423056,Vivo,Knee Length Dresses,4950,catalog,3
V1124076BLAM/L,Vivo Meli Sleeveless Coat - Black,Vivo Meli Sleeveless Coat,V1124076,Vivo,Waterfalls & Kimonos,3250,catalog,3
VE0055REDS,Vivo Nimali Satin Joggers - Red,Vivo Nimali Satin Joggers,VE0055R,Vivo,Full Length Pants,1450,catalog,3
V0825014DREM,Vivo Nora Front Pleat Knee Length Dress - Dark Red,Vivo Nora Front Pleat Knee Length Dress,V0825014,Vivo,Knee Length Dresses,2250,catalog,3
V0825012HUNL,Vivo Nora Front Slit Knee Length Skirt - Hunters - HUNTERS / V0825012 / L,Vivo Nora Front Slit Knee Length Skirt,V0825012,Vivo,Knee Length Skirts,3500,odoo,3
V0825022DOL1X,Vivo Ria Drop Shoulder Top - Dark Olive,Vivo Ria Drop Shoulder Top,V0825022,Vivo,T-shirts & Tank Tops,2500,catalog,3
V0725045FUSS,Vivo Ria Mock Neck Top - Fuschia - PINK / V0725045 / S,Vivo Ria Mock Neck Top,V0725045,Vivo,Loose Tops,1750,odoo,3
V0325007BORAL,Vivo Safa Skirt - Burnt Orange - ORANGE / V0325007 / L,Vivo Safa Skirt,V0325007,Vivo,Knee Length Skirts,2050,odoo,3
V0525054BUTM,Vivo Selah Midi Skirt - Buttermilk - BUTTERMILK / V0525054 / M,Vivo Selah Midi Skirt,V0525054,Vivo,Knee Length Skirts,2900,odoo,3
V0121031PR172X,Vivo Sierra Bishop Sleeve Top - Brown / Yellow Lika Print,Vivo Sierra Bishop Sleeve Top,V0121031,Vivo,Loose Tops,1350,catalog,3
V1125034NAVL,Vivo Studio Panelled Mini Dress in Ponte - Navy - NAVY / V1125034 / L,Vivo Studio Panelled Mini Dress in Ponte,V1125034,Vivo,Short & Mini Dresses,4200,odoo,3
V1124102BLUS,Vivo Tahisa Straight Leg Pants - Blue - blue / V1124102 / s-1,Vivo Tahisa Straight Leg Pants,V1124102,Vivo,Full Length Pants,3950,odoo,3
V0324021NAB/WHI2X,Vivo X This Is Essential Scooped Neck Bralette - Navy Blue / White - NAVY BLUE / WHITE / V0324021 / 2X,Vivo X This Is Essential Scooped Neck Bralette,V0324021,Vivo,Bodysuits,1500,odoo,3
V0324021NAB/WHIXS,Vivo X This Is Essential Scooped Neck Bralette - Navy Blue / White - NAVY BLUE / WHITE / V0324021 / XS,Vivo X This Is Essential Scooped Neck Bralette,V0324021,Vivo,Bodysuits,1500,odoo,3
V0224109NAB2X,Vivo  X This Is Essential Short Unitard - Navy Blue - NAVY BLUE / V0224109 / 2X,Vivo X This Is Essential Short Unitard,V0224109,Vivo,Shorts & Skorts,3250,odoo,3
V0125003BLAS,Vivo Yene Layered Midi Dress - Black - BLACK / V0125003 / S,Vivo Yene Layered Midi Dress,V0125003,Vivo,Midi & Capri Dresses,2350,odoo,3
V0125006NAVM,Vivo Yene Layered Top - Navy - NAVY / V0125006 / M,Vivo Yene Layered Top,V0125006,Vivo,Loose Tops,1350,odoo,3
V0125005BLAL/1X,Vivo Yene One Shoulder Kaftan - Black,Vivo Yene One Shoulder Kaftan,V0125005,Vivo,Maxi Dresses,2250,catalog,3
Z0324012NAVL,Zoya  Taani Maxi Dress - Navy - NAVY / Z0324012 / L,Zoya  Taani Maxi Dress,Z0324012,Zoya,Maxi Dresses,1100,odoo,3
Z0324012NAVS,Zoya  Taani Maxi Dress - Navy - NAVY / Z0324012 / S,Zoya  Taani Maxi Dress,Z0324012,Zoya,Maxi Dresses,1100,odoo,3
Z0724069BLUM,Zoya Banda Unisex Jorts - Blue - BLUE / Z0724069 / M,Zoya Banda Unisex Jorts,Z0724069,Zoya,Accessories,550,odoo,3
Z0724101WHIXS,Zoya Basic Halter Tie Top - White - WHITE / Z0724101 / XS,Zoya Basic Halter Tie Top,Z0724101,Zoya,Loose Tops,250,odoo,3
Z0821148PR8M,Zoya Essentials Mini Bodycon - Teal / Brown Print - TEAL / BROWN PRINT / Z0821148 / M,Zoya Essentials Mini Bodycon,Z0821148,Zoya,Knee Length Dresses,2750,odoo,3
Z0124037NAVM,Zoya Luna Halter Neck Top -Navy,Zoya Luna Halter Neck Top,Z0124037,Zoya,Midriff & Crop Tops,900,odoo,3
Z1123055BUTM,Zoya Party Sheer Pants - Buttermilk,Zoya Party Sheer Pants,Z1123055,Zoya,Full Length Pants,2250,odoo,3
Z0125025HUNXS,Zoya Sadira Mini Bubble Dress - Hunters,Zoya Sadira Mini Bubble Dress,Z0125025,Zoya,Short & Mini Dresses,2250,catalog,3
Z0125019LIGL,Zoya Sadira Ribbed Top - Light Grey - LIGHT GREY / Z0125019 / L,Zoya Sadira Ribbed Top,Z0125019,Zoya,Loose Tops,2250,odoo,3
Z0824059NAVL,Zoya Temo Asymmetric Front Cut Crop Top - Navy - BLUE / Z0824059 / L,Zoya Temo Asymmetric Front Cut Crop Top,Z0824059,Zoya,Loose Tops,250,odoo,3
Z0324051BUTL,Zoya Yuni Off Shoulder Midriff Top - Buttermilk - CREAM / Z0324051 / L,Zoya Yuni Off Shoulder Midriff Top,Z0324051,Zoya,Loose Tops,350,odoo,3
Z0324051ORA4X,Zoya Yuni Off Shoulder Midriff Top - Orange,Zoya Yuni Off Shoulder Midriff Top,Z0324051,Zoya,Midriff & Crop Tops,650,odoo,3
Z0324067BLAXS,Zoya Yuni Sleeveless Turtle Neck Maxi Top - Black - BLACK / Z0324067 / XS,Zoya Yuni Sleeveless Turtle Neck Maxi Top,Z0324067,Zoya,Maxi Dresses,2250,odoo,3
S0724020HGN3X,Safari Bush Men's Long Sleeve T-shirt - Hunters Green,Safari Bush Men's Long Sleeve T-shirt,S0724020,Safari,T-shirts & Tank Tops,1600,catalog,2
S0925059DGRYS,Safari By Vivo Mens Cotton Shorts - Dark Grey,Safari By Vivo Mens Cotton Shorts,S0925059,Safari,Shorts & Skorts,3400,catalog,2
S0925059KTANL,Safari By Vivo Mens Cotton Shorts - Khaki Tan,Safari By Vivo Mens Cotton Shorts,S0925059,Safari,Shorts & Skorts,3400,catalog,2
S1024013REDXS,Safari Chui Heavy Shirt - Red,Safari Chui Heavy Shirt,S1024013,Safari,Fitted Tops,5950,catalog,2
S0623035GOLL,Safari Hawi Cargo Pants - Gold,Safari Hawi Cargo Pants,S0623035,Safari,Full Length Pants,3650,catalog,2
S0424075BLAS,Safari Huru Halter Sleeveless High Low Dress - Black,Safari Huru Halter Sleeveless High Low Dress,S0424075,Safari,Short & Mini Dresses,4050,catalog,2
S0224195WHI1X,Safari Kamari Capri Cargo Pants - White,Safari Kamari Capri Cargo Pants,S0224195,Safari,Culottes & Capri Pants,4750,catalog,2
S0224195WHIL,Safari Kamari Capri Cargo Pants - White,Safari Kamari Capri Cargo Pants,S0224195,Safari,Culottes & Capri Pants,4750,catalog,2
S0224189TAN1X/2X,Safari Kamari Drop Shoulder Top - Tan,Safari Kamari Drop Shoulder Top,S0224189,Safari,Loose Tops,1650,catalog,2
S0224190NAB3X,Safari Kamari Halter Shirt - Navy Blue,Safari Kamari Halter Shirt,S0224190,Safari,Fitted Tops,1150,catalog,2
S0424073HGN1X,Safari Kamari Ribbed Top - Hunters Green,Safari Kamari Ribbed Top,S0424073,Safari,T-shirts & Tank Tops,1100,catalog,2
S0824054GNBM,Safari Kitenge Men's Sweatshirt - Grey/ Neba Print,Safari Kitenge Men's Sweatshirt,S0824054,Safari,Hoodies & Sweatshirts,4250,catalog,2
S0824054TTFM,Safari Kitenge Men's Sweatshirt - Teal/ Tafo Print,Safari Kitenge Men's Sweatshirt,S0824054,Safari,Hoodies & Sweatshirts,4250,catalog,2
S0924017BLA1X,Safari Mansi Straight Leg Pants - Black,Safari Mansi Straight Leg Pants,S0924017,Safari,Full Length Pants,4950,catalog,2
S0924017NAVS,Safari Mansi Straight Leg Pants - Navy,Safari Mansi Straight Leg Pants,S0924017,Safari,Full Length Pants,4950,catalog,2
S0424047LGRYL,Safari Men's Cargo Pants - Light Grey,Safari Men's Cargo Pants,S0424047,Safari,Full Length Pants,2950,catalog,2
S0424041PR8M,Safari Men's Kitenge Drawstring Shorts - Himo Print,Safari Men's Kitenge Drawstring Shorts,S0424041,Safari,Shorts & Skorts,1800,catalog,2
S0424041PR8S,Safari Men's Kitenge Drawstring Shorts - Himo Print,Safari Men's Kitenge Drawstring Shorts,S0424041,Safari,Shorts & Skorts,1800,catalog,2
S0424145KHAS,Safari Men's Long Sleeve Shirt - Khaki,Safari Men's Long Sleeve Shirt,S0424145,Safari,Loose Tops,1250,catalog,2
S0424037DGRYL,Safari Men's Shacket - Dark Grey,Safari Men's Shacket,S0424037,Safari,Accessories,1850,catalog,2
S0425057PR21X,Safari Naledi 3/4 Sleeve Tent Dress - White Pinstripes Print,Safari Naledi 3/4 Sleeve Tent Dress,S0425057,Safari,Knee Length Dresses,4500,catalog,2
S0425057PR2S,Safari Naledi 3/4 Sleeve Tent Dress - White Pinstripes Print,Safari Naledi 3/4 Sleeve Tent Dress,S0425057,Safari,Knee Length Dresses,4500,catalog,2
S0425057PR5M-NAV,Safari Naledi 3/4 Sleeve Tent Dress - Navy Puff Stripes,Safari Naledi 3/4 Sleeve Tent Dress,S0425057,Safari,Knee Length Dresses,6800,catalog,2
S0124026REDL,Safari Nimali Bubble Sleeve Top - Red,Safari Nimali Bubble Sleeve Top,S0124026,Safari,Fitted Tops,3950,catalog,2
S0124026REDS,Safari Nimali Bubble Sleeve Top - Red,Safari Nimali Bubble Sleeve Top,S0124026,Safari,Fitted Tops,3950,catalog,2
S0124026TEAM,Safari Nimali Bubble Sleeve Top - Teal,Safari Nimali Bubble Sleeve Top,S0124026,Safari,Fitted Tops,1350,catalog,2
S0724137HGRNXS/S,Safari Njano Front Drawstring Tunic Top - Hunters Green,Safari Njano Front Drawstring Tunic Top,S0724137,Safari,Loose Tops,3450,catalog,2
S0824030RUSS,Safari Njano Men's Knee Length Shorts - Rust,Safari Njano Men's Knee Length Shorts,S0824030,Safari,Shorts & Skorts,1150,catalog,2
S0824029PR21X-OBU,Safari Njano Men's Straight Leg Pants - Obu Print,Safari Njano Men's Straight Leg Pants,S0824029,Safari,Full Length Pants,6250,catalog,2
S0824029PR2S-OBU,Safari Njano Men's Straight Leg Pants - Obu Print,Safari Njano Men's Straight Leg Pants,S0824029,Safari,Full Length Pants,6250,catalog,2
S0724127PR14X,Safari Njano Wide Leg Pants - Shama Print,Safari Njano Wide Leg Pants,S0724127,Safari,Full Length Pants,3400,catalog,2
S0724084PR2L,Safari Savannah Kitenge Chinese Collar Shirt - Shama Print,Safari Savannah Kitenge Chinese Collar Shirt,S0724084,Safari,Fitted Tops,3200,catalog,2
S0624028HUNL,Safari Savannah Men's Jacket - Hunters,Safari Savannah Men's Jacket,S0624028,Safari,Jackets & Coats,2650,catalog,2
S0724125WHIS,Safari Savannah Men's Short Sleeve Shirt - White,Safari Savannah Men's Short Sleeve Shirt,S0724125,Safari,Loose Tops,4200,catalog,2
S0724009BEIXS,Safari Savannah Wrap Top - Beige,Safari Savannah Wrap Top,S0724009,Safari,Fitted Tops,5250,catalog,2
S0724009HUNXS,Safari Savannah Wrap Top - Hunters,Safari Savannah Wrap Top,S0724009,Safari,Fitted Tops,5250,catalog,2
S0724016BEI1X,Safari Savannah Men's Long Sleeve Shirt - Himo Print,Safari Sizani 2 Way Wrap Top,S1124144,Safari,Midriff & Crop Tops,1850,catalog,2
S0825039SORAS,Safari Solana Bubble Midi Skirt in Cotton - Orange,Safari Solana Bubble Midi Skirt in Cotton,S0825039,Safari,Midi & Capri Skirts,5800,catalog,2
S0424062DTAU3X/4X,Safari Spaghetti Tank Top - Dark Taupe,Safari Spaghetti Tank Top,S0424062,Safari,T-shirts & Tank Tops,1750,catalog,2
S0925046PR1L,Safari Tafari Shorts - Light Blue Asili Print,Safari Tafari Shorts,S0925046,Safari,Shorts & Skorts,2800,catalog,2
S0925046PR5S,Safari Tafari Shorts - Black Brown Shade C,Safari Tafari Shorts,S0925046,Safari,Shorts & Skorts,2800,catalog,2
S0925046PR8L,Safari Tafari Shorts - Selvi Print,Safari Tafari Shorts,S0925046,Safari,Shorts & Skorts,2800,catalog,2
S0925046PR9L,Safari Tafari Shorts - Dafi Print,Safari Tafari Shorts,S0925046,Safari,Shorts & Skorts,2800,catalog,2
S0925046PR9S,Safari Tafari Shorts - Dafi Print,Safari Tafari Shorts,S0925046,Safari,Shorts & Skorts,2800,catalog,2
S0322138LGNXL,Safari Tawi Flounce Tent Dress - Lime Green,Safari Tawi Flounce Tent Dress,S0322138,Safari,Knee Length Dresses,4950,catalog,2
S0325016LIMM,Safari Tawi Off-Shoulder Top - Lime,Safari Tawi Off-Shoulder Top,S0325016,Safari,Loose Tops,1150,catalog,2
S0125049BLA1X,Safari by Vivo  Tiwa Shirred Top - Black,Safari Tiwa Shirred Top,S0125049,Safari,Loose Tops,1150,odoo,2
S0125049HUNS,Safari Tiwa Shirred Top - Hunters,Safari Tiwa Shirred Top,S0125049,Safari,Fitted Tops,1150,catalog,2
S0125049LIMS,Safari Tiwa Shirred Top - Lime,Safari Tiwa Shirred Top,S0125049,Safari,Fitted Tops,1650,catalog,2
S1023060PINL,Safari Zene Off Shoulder Top - Pink,Safari Zene Off Shoulder Top,S1023060,Safari,Loose Tops,350,catalog,2
S0625017LIML,Shiv & Shikie X Safari Short Sleeve Shirt - Lime,Shiv & Shikie X Safari Short Sleeve Shirt,S0625017,Third Party Brands,Loose Tops,4800,catalog,2
V1023097TANM,Vivo Amara Sleeveless High Low Top - Tan,Vivo Amara Sleeveless High Low Top,V1023097,Vivo,Loose Tops,900,catalog,2
V0425046YELXS/S,Vivo Analo Sleeveless Tie Kimono - Yellow,Vivo Analo Sleeveless Tie Kimono,V0425046,Vivo,Waterfalls & Kimonos,1550,catalog,2
V0725023DGRN1X,Vivo Ari One Shoulder Maxi Dress - Dark Green,Vivo Ari One Shoulder Maxi Dress,V0725023,Vivo,Maxi Dresses,2250,catalog,2
V0225002CHOCS,Vivo Ayah Bishop Sleeve Mock Neck Top - Chocolate,Vivo Ayah Bishop Sleeve Mock Neck Top,V0225002,Vivo,Fitted Tops,3050,catalog,2
V0225002PR4L,Vivo Ayah Bishop Sleeve Mock Neck Top - Green / Peach Zani Print,Vivo Ayah Bishop Sleeve Mock Neck Top,V0225002,Vivo,Fitted Tops,4500,catalog,2
V0225031DAP1X,Vivo Ayah Satin Pants - Dark Purple,Vivo Ayah Satin Pants,V0225031,Vivo,Full Length Pants,1950,catalog,2
V0225032DAPS,Vivo Ayah Shirred Cuff Loose Top - Dark Purple,Vivo Ayah Shirred Cuff Loose Top,V0225032,Vivo,Fitted Tops,3550,catalog,2
V0819124BURS,Vivo Basic Ali Jacket - Burgundy,Vivo Basic Ali Jacket,V0819124,Vivo,Jackets & Coats,2950,catalog,2
V0320040PINM,Vivo Basic Boundneck Puff Sleeve Top - Pink,Vivo Basic Boundneck Puff Sleeve Top,V0320040,Vivo,Fitted Tops,3250,catalog,2
V0819136SAF4X,Vivo Basic Cap Sleeved Leila Dress - Safron,Vivo Basic Cap Sleeved Leila Dress,V0819136,Vivo,Knee Length Dresses,1350,catalog,2
V0524179LBLM,Vivo Basic Bishop Sleeve Top In Chiffon (Double Layered) - Light Blue,Vivo Basic Chiffon Bishop Sleeve Top (Double Layered),V0524179,Vivo,Fitted Tops,3500,catalog,2
V0423078DAOXS/S,Vivo Leila Short Waterfall - Dark Olive,Vivo Basic Leila Short Waterfall,V0423078,Vivo,Waterfalls & Kimonos,3700,catalog,2
V0819064TEA1X/2X,Vivo Basic Long Lily Waterfall - Teal,Vivo Basic Long Lily Waterfall,V0819064,Vivo,Waterfalls & Kimonos,1750,catalog,2
V0723033GRES/M,Vivo Basic Long Sleeve Cascade Waterfall - Green,Vivo Basic Long Sleeve Cascade Waterfall,V0723033,Vivo,Waterfalls & Kimonos,1950,catalog,2
V0719113RUST1X,Vivo Basic Long Sleeved Top - Rust,Vivo Basic Long Sleeved Top,V0719113,Vivo,T-shirts & Tank Tops,1750,catalog,2
V0422073PINL/1X,Vivo Basic Neo Waterfall - Pink,Vivo Basic Neo Waterfall,V0422073,Vivo,Waterfalls & Kimonos,2250,catalog,2
V0819137NVBL,Vivo Basic Palazzo Pants - Navy Blue,Vivo Basic Palazzo Pants,V0819137,Vivo,Full Length Pants,2800,catalog,2
V0819056MUSF,Vivo Basic Salma Maxi Boat Neck Dress - Mustard,Vivo Basic Salma Maxi Boat Neck Dress,V0819056,Vivo,Maxi Dresses,3450,catalog,2
V1121020BLAS,Vivo Basic Sleeveless Kena Tent Maxi Dress in Ponte - Black,Vivo Basic Sleeveless Kena Tent Maxi Dress,V1121020,Vivo,Maxi Dresses,5500,catalog,2
V0719839MUSM/L,Vivo Basic Sleeveless Long Lily Waterfall - Mustard,Vivo Basic Sleeveless Long Lily Waterfall,V0719839,Vivo,Waterfalls & Kimonos,1450,catalog,2
V0719839TANS/M,Vivo Basic Sleeveless Long Lily Waterfall - Tan,Vivo Basic Sleeveless Long Lily Waterfall,V0719839,Vivo,Waterfalls & Kimonos,1750,catalog,2
V0719839YELL/XL,Vivo Basic Sleeveless Long Lily Waterfall - Yellow,Vivo Basic Sleeveless Long Lily Waterfall,V0719839,Vivo,Waterfalls & Kimonos,1650,catalog,2
V1122192DTEAS/M,Vivo Basic Sleeveless Midi Jersey Waterfall - Deep Teal,Vivo Basic Sleeveless Midi Jersey Waterfall,V1122192,Vivo,Waterfalls & Kimonos,1650,catalog,2
V1122192NABXS/S,Vivo Basic Sleeveless Midi Jersey Waterfall - Navy Blue,Vivo Basic Sleeveless Midi Jersey Waterfall,V1122192,Vivo,Waterfalls & Kimonos,2000,catalog,2
V0321017TEAL,Vivo Basic Sleeveless Sienna Waterfall - Teal,Vivo Basic Sleeveless Sienna Waterfall,V0321017,Vivo,Waterfalls & Kimonos,2250,catalog,2
V0920021HGNL,Vivo Basic Tolani Jersey Dress - Hunters Green,Vivo Basic Tolani Jersey Dress,V0920021,Vivo,Knee Length Dresses,2450,catalog,2
V0920021MULS,Vivo Basic Tolani Dress in Jersey - Mulberry,Vivo Basic Tolani Jersey Dress,V0920021,Vivo,Knee Length Dresses,4900,catalog,2
V0920021OLIS,Vivo Basic Tolani Dress in Jersey - Olive,Vivo Basic Tolani Jersey Dress,V0920021,Vivo,Knee Length Dresses,4900,catalog,2
V0422058BLAM,Vivo Basic Tsavo Scalloped Chiffon Top - Black,Vivo Basic Tsavo Scalloped Chiffon Top,V0422058,Vivo,Fitted Tops,2750,catalog,2
V0323019HGN4X,Vivo Basic V-neck Cap Sleeve Top - Hunters Green,Vivo Basic V-neck Cap Sleeve Top,V0323019,Vivo,T-shirts & Tank Tops,450,catalog,2
V1024043PR3XS,Vivo Beali Two Way Wrap Top - Cream / Taupe Lea Print,Vivo Beali Two Way Wrap Top,V1024043,Vivo,Midriff & Crop Tops,1550,catalog,2
V0126009LBLUM,Vivo Button Up Shirt in Chiffon - Light Blue,Vivo Button Up Shirt in Chiffon,V0126009,Vivo,Fitted Tops,4500,catalog,2
V0325019LILL,Vivo Chela Basic Cap Sleeve Top - Lilac,Vivo Chela Basic Cap Sleeve Top,V0325019,Vivo,Midriff & Crop Tops,2250,catalog,2
V0325019RBLUL,Vivo Chela Basic Cap Sleeve Top - Royal Blue,Vivo Chela Basic Cap Sleeve Top,V0325019,Vivo,Midriff & Crop Tops,1850,catalog,2
V0325019SAGM,Vivo Chela Basic Cap Sleeve Top - Sage,Vivo Chela Basic Cap Sleeve Top,V0325019,Vivo,Midriff & Crop Tops,2250,catalog,2
V0325019SAGS,Vivo Chela Basic Cap Sleeve Top - Sage,Vivo Chela Basic Cap Sleeve Top,V0325019,Vivo,Midriff & Crop Tops,2250,catalog,2
V0424124PR1M,Vivo Chesi Wide Leg Pants - Mint / Hunters Green Hesi Print,Vivo Chesi Wide Leg Pants,V0424124,Vivo,Full Length Pants,4550,catalog,2
V0322110PR19S,Vivo Dalia Sleeveless Gathered Tent Dress - Beige / Black Print,Vivo Dalia Sleeveless Gathered Tent Dress,V0322110,Vivo,Knee Length Dresses,3850,catalog,2
V0121167BEIM/L,Vivo Dua 3/4 Sleeved V Neck Shirt in Crepe - Beige,Vivo Dua Shirt,V0121167,Vivo,Loose Tops,3500,catalog,2
V0224241PR10XS/S,Vivo Full Length Kimono - Keri,Vivo Full Length Kimono,V0224241,Vivo,Waterfalls & Kimonos,5900,catalog,2
V0625043NAVL,Vivo Iyana Bubble Midi Skirt - Navy,Vivo Iyana Bubble Midi Skirt,V0625043,Vivo,Midi & Capri Skirts,4900,catalog,2
V0625043PR2S,Vivo Iyana Bubble Midi Skirt - Yellow / Lilac Iya Print,Vivo Iyana Bubble Midi Skirt,V0625043,Vivo,Midi & Capri Skirts,4900,catalog,2
V0625044GRNS,Vivo Iyana Tank Top - Green,Vivo Iyana Tank Top,V0625044,Vivo,Midriff & Crop Tops,1900,catalog,2
V0621001BLAS,Vivo J.O V-Neck Sheath Dress - Black,Vivo J.O V-Neck Sheath Dress,V0621001,Vivo,Knee Length Dresses,4250,catalog,2
V0624077WHI1X/2X,Vivo Kala Long Sleeve Top - White,Vivo Kala Long Sleeve Top,V0624077,Vivo,Loose Tops,1750,catalog,2
V0325042NAVL,Vivo Kelemi 4.0 Halter Maxi Dress - Navy,Vivo Kelemi 4.0 Halter Maxi Dress,V0325042,Vivo,Maxi Dresses,7950,catalog,2
V0325041PR2M,Vivo Kelemi 4.0 Kimono - Lilac / Olive Nashe Print,Vivo Kelemi 4.0 Kimono,V0325041,Vivo,Waterfalls & Kimonos,6950,catalog,2
V0325041PR4L,Vivo Kelemi 4.0 Kimono - Navy / Mustard Nashe Print,Vivo Kelemi 4.0 Kimono,V0325041,Vivo,Waterfalls & Kimonos,6950,catalog,2
V0325041PR4M,Vivo Kelemi 4.0 Kimono - Navy / Mustard Nashe Print,Vivo Kelemi 4.0 Kimono,V0325041,Vivo,Waterfalls & Kimonos,6950,catalog,2
V0524181PR13X/4X,Vivo Kitenge Infinity Jumpsuit - Bukavu,Vivo Kitenge Infinity Jumpsuit,V0524181,Vivo,Jumpsuits & Playsuits,1950,catalog,2
V0524181PR1M/L,Vivo Kitenge Infinity Jumpsuit - Bukavu,Vivo Kitenge Infinity Jumpsuit,V0524181,Vivo,Jumpsuits & Playsuits,1950,catalog,2
V1120033HGNS,Vivo Lamu Knee Length Chiffon Dress - Hunters Green,Vivo Lamu Knee Length Chiffon Dress,V1120033,Vivo,Knee Length Dresses,2950,catalog,2
V0523146TEAL/XL,Vivo Leila Hip Length Waterfall - Teal,Vivo Leila Hip Length Waterfall,V0523146,Vivo,Waterfalls & Kimonos,1050,catalog,2
V1123125PR2S,Vivo Lero Fitness Leggings - Black + Blue Kiwi Print,Vivo Lero Fitness Leggings,V1123125,Vivo,Full Length Pants,525,catalog,2
V0925026PR2S,Vivo Liora Shorts - Cream / Coral Ziza Print,Vivo Liora Shorts,V0925026,Vivo,Shorts & Skorts,2500,catalog,2
V1123158LIML,Vivo Mira Reversible Wrap Top - Lime,Vivo Mira Reversible Wrap Top,V1123158,Vivo,Fitted Tops,1000,catalog,2
V0719553ORAL,Vivo Mock Maxi Dress - Orange,Vivo Mock Neck Tent Maxi Dress,V0719553,Vivo,Maxi Dresses,4750,catalog,2
V0224240PR44X-LIR,Vivo Must Have Shorts - Lira Print,Vivo Must Have Shorts,V0224240,Vivo,Shorts & Skorts,2450,catalog,2
V0224240PR5S-TUS,Vivo Must Have Shorts - Tusi Print,Vivo Must Have Shorts,V0224240,Vivo,Shorts & Skorts,2450,catalog,2
V0224240PR64X-ZEN,Vivo Must Have Shorts - Zena Print,Vivo Must Have Shorts,V0224240,Vivo,Shorts & Skorts,2450,catalog,2
V0224240SHAL,Vivo Must Have Shorts - Shama,Vivo Must Have Shorts,V0224240,Vivo,Shorts & Skorts,3550,catalog,2
V0724027LIMM,Vivo Nasinka V-Neck Maxi Dress - Lime - LIME / V0724027 / M,Vivo Nasinka V-Neck Maxi Dress,V0724027,Vivo,Maxi Dresses,6950,odoo,2
V0724027LIMS,Vivo Nasinka V-Neck Maxi Dress - Lime,Vivo Nasinka V-Neck Maxi Dress,V0724027,Vivo,Maxi Dresses,6950,catalog,2
V0525002LBLUL,Vivo Niari Full Length Pants - Light Blue - LIGHT BLUE / V0525002 / L,Vivo Niari Full Length Pants,V0525002,Vivo,Full Length Pants,1950,odoo,2
V0225011GREM,Vivo Niari straight leg Pants - Green - GREEN / V0225011 / M,Vivo Niari straight leg Pants,V0225011,Vivo,Full Length Pants,1950,odoo,2
VE0055GOLXS,Vivo Nimali Satin Joggers - Gold,Vivo Nimali Satin Joggers,VE0055G,Vivo,Full Length Pants,1450,catalog,2
VE0056BLU3X,Vivo Nimali Satin Shorts - Blue,Vivo Nimali Satin Shorts,VE0056B,Vivo,Shorts & Skorts,2950,odoo,2
VE0056BLU4X,Vivo Nimali Satin Shorts - Blue,Vivo Nimali Satin Shorts,VE0056B,Vivo,Shorts & Skorts,2950,odoo,2
VE0056BLUM,Vivo Nimali Satin Shorts - Blue,Vivo Nimali Satin Shorts,VE0056B,Vivo,Shorts & Skorts,2950,odoo,2
VE0056BROXS,Vivo Nimali Satin Shorts - Brown,Vivo Nimali Satin Shorts,VE0056B,Vivo,Shorts & Skorts,2950,odoo,2
VE0056PIN3X,Vivo Nimali Satin Shorts - Pink,Vivo Nimali Satin Shorts,VE0056P,Vivo,Shorts & Skorts,1450,catalog,2
VE0056LILM,Vivo Nimali Satin Shorts - Lilac - PURPLE / LILAC / M,Vivo Nimali Satin Shorts - Lilac,VE0056L,Vivo,Shorts & Skorts,2950,odoo,2
V0825014TAUL,Vivo Nora Front Pleat Knee Length Dress - Taupe - TAUPE / V0825014 / L,Vivo Nora Front Pleat Knee Length Dress,V0825014,Vivo,Knee Length Dresses,2250,odoo,2
V0921084REDS,Vivo Ponte Back Pleat Maxi Dress - Red - RED / V0921084 / S,Vivo Ponte Back Pleat Maxi Dress,V0921084,Vivo,Maxi Dresses,5500,odoo,2
V0425007SAGM,Vivo Rema High Low Maxi Dress - Sage,Vivo Rema High Low Maxi Dress,V0425007,Vivo,Midi & Capri Dresses,3550,catalog,2
V0825022MARL,Vivo Ria Drop Shoulder Top - Maroon - MAROON / V0825022 / L,Vivo Ria Drop Shoulder Top,V0825022,Vivo,Loose Tops,1750,odoo,2
V0725045GREL,Vivo Ria Mock Neck Top - Grey - GREY / V0725045 / L,Vivo Ria Mock Neck Top,V0725045,Vivo,Loose Tops,2500,odoo,2
V0725045LILM,Vivo Ria Mock Neck Top - Lilac,Vivo Ria Mock Neck Top,V0725045,Vivo,Fitted Tops,2500,catalog,2
V0725045TAUL,Vivo Ria Mock Neck Top - Taupe - TAUPE / V0725045 / L,Vivo Ria Mock Neck Top,V0725045,Vivo,Loose Tops,2500,odoo,2
V0424161PR7F,Vivo Sarong Skirt - Dark Tan / Lime Print,Vivo Sarong Skirt,V0424161,Vivo,Midi & Capri Skirts,1550,catalog,2
VE0034SAVXS,Vivo Shorts - Savannah,Vivo Shorts,VE0034S,Vivo,Shorts & Skorts,2450,odoo,2
V1223041BLAS,Vivo Situ Side Slit Midi Kimono - Black - BLACK / V1223041 / S,Vivo Situ Side Slit Midi Kimono,V1223041,Vivo,Waterfalls & Kimonos,5250,odoo,2
V0324063RASS/M,Vivo Sleeveless Side  Slit Midi  Waterfall - Burgundy - BURGUNDY / V0324063 / S/M,Vivo Sleeveless Side  Slit Midi  Waterfall,V0324063,Vivo,Waterfalls & Kimonos,5250,odoo,2
V0324063TEAS/M,Vivo Sleeveless Side  Slit Midi  Waterfall - Teal - TEAL / V0324063 / S/M,Vivo Sleeveless Side  Slit Midi  Waterfall,V0324063,Vivo,Waterfalls & Kimonos,5250,odoo,2
V1124102LIOL,Vivo Tahisa Straight Leg Pants -Light Olive - LIGHT OLIVE / V1124102 / L,Vivo Tahisa Straight Leg Pants,V1124102,Vivo,Full Length Pants,3950,odoo,2
V1124102LIOM,Vivo Tahisa Straight Leg Pants -Light Olive - LIGHT OLIVE / V1124102 / M,Vivo Tahisa Straight Leg Pants,V1124102,Vivo,Full Length Pants,3950,odoo,2
V1124102NAVM,Vivo Tahisa Straight Leg Pants - Navy - NAVY / V1124102 / M,Vivo Tahisa Straight Leg Pants,V1124102,Vivo,Full Length Pants,3950,odoo,2
V0424092NABL,[V0424092NABL] Vivo Tatari Knee Length Coat - Navy Blue (L),Vivo Tatari Knee Length Coat,V0424092,Vivo,Jackets & Coats,1550,odoo,2
V1020056BLAS-V2,Vivo Waridi Sleeveless Overcoat - Black,Vivo Waridi Sleeveless Overcoat,V1020056,Vivo,Jackets & Coats,3950,odoo,2
V0126042DPINM,Vivo Wide Leg Pants in Crepe - Dark Pink,Vivo Wide Leg Pants in Crepe,V0126042,Vivo,Full Length Pants,4900,catalog,2
V0622079PR7M,Vivo Wingu Three Tiered Knee Length Dress - Navy / Taupe Print - PRINT / V0622079 / M,Vivo Wingu Three Tiered Knee Length Dress,V0622079,Vivo,Knee Length Dresses,2350,odoo,2
V0823154TAUXXS,Vivo X This Is Essential  Sleeveless High Neck Bodysuit - Taupe - TAUPE / V0823154 / XXS,Vivo X This Is Essential  Sleeveless High Neck Bodysuit,V0823154,Vivo,Bodysuits,2250,odoo,2
V0823158TAU2X,Vivo X This Is Essential  Sleeveless Scooped Neck Bodysuit - Taupe - TAUPE / V0823158 / 2X,Vivo X This Is Essential  Sleeveless Scooped Neck Bodysuit,V0823158,Vivo,Bodysuits,1950,odoo,2
V0823158TAUXS,Vivo X This Is Essential  Sleeveless Scooped Neck Bodysuit - Taupe - TAUPE / V0823158 / XS,Vivo X This Is Essential  Sleeveless Scooped Neck Bodysuit,V0823158,Vivo,Bodysuits,1950,odoo,2
V0424116NABXXS,Vivo X This Is Essential Raceback Bralette - Navy Blue,Vivo X This Is Essential Raceback Bralette,V0424116,Vivo,Bodysuits,1500,odoo,2
V0224109NABM,Vivo X This Is Essential Short Unitard - Navy Blue,Vivo X This Is Essential Short Unitard,V0224109,Vivo,Jumpsuits & Playsuits,3250,catalog,2
V0224109NABXXS,Vivo  X This Is Essential Short Unitard - Navy Blue,Vivo X This Is Essential Short Unitard,V0224109,Vivo,Jumpsuits & Playsuits,3250,catalog,2
V0125005HPINL/1X,Vivo Yene One Soulder Kaftan - Hot Pink,Vivo Yene One Shoulder Kaftan,V0125005,Vivo,Maxi Dresses,2250,catalog,2
V0125001PR1S,Vivo Yene One Shoulder Maxi Dress - White / Teal Shibori Print - WHITE / TEAL SHIBORI PRINT / V0125001 / S,Vivo Yene One Shoulder Maxi Dress,V0125001,Vivo,Maxi Dresses,2350,odoo,2
V0623013PR4S,Vivo Zahari Sweatheart Neck Jumpsuit - Maroon / Black Print - PRINT / V0623013 / S,Vivo Zahari Sweatheart Neck Jumpsuit,V0623013,Vivo,Jumpsuits & Playsuits,2650,odoo,2
V1120005BLAS,Vivo Zawadi Inverted Pleat Dress - Black - BLACK / V1120005 / S,Vivo Zawadi Inverted Pleat Dress,V1120005,Vivo,Knee Length Dresses,2950,odoo,2
Z0724050BLA4X,Zoya Banda Halter Neck Assymetrical Crop Top - Black - BLACK / Z0724050 / 4X,Zoya Banda Halter Neck Assymetrical Crop Top,Z0724050,Zoya,Loose Tops,1100,odoo,2
Z0724069PINM,Zoya Banda Unisex Jorts - Pink,Zoya Banda Unisex Jorts,Z0724069,Zoya,Shorts & Skorts,550,catalog,2
Z0724101BLAM,Zoya Basic Halter Tie Top - Black - BLACK / Z0724101 / M,Zoya Basic Halter Tie Top,Z0724101,Zoya,Loose Tops,350,odoo,2
Z0819065DGN4X,Zoya Basic Tank Top - Dark Green,Zoya Basic Tank Top,Z0819065,Zoya,T-shirts & Tank Tops,1350,catalog,2
Z0819065TAN4X,Zoya Basic Tank Top - Tan - TAN / Z0819065 / 4X,Zoya Basic Tank Top,Z0819065,Zoya,T-shirts & Tank Tops,900,odoo,2
Z0124043DGRNXS,Zoya Luna Cargo Pants - Dark Green,Zoya Luna Cargo Pants,Z0124043,Zoya,Full Length Pants,1050,catalog,2
Z0124037BLAL,Zoya Luna Halter Neck Top - Black,Zoya Luna Halter Neck Top,Z0124037,Zoya,Midriff & Crop Tops,1750,odoo,2
Z0124037NAVS,Zoya Luna Halter Neck Top -Navy - NAVY / Z0124037 / S,Zoya Luna Halter Neck Top,Z0124037,Zoya,Loose Tops,900,odoo,2
Z0822082LPINL,Zoya Nia Off Shoulder Knee Length Dress - Light Pink - PINK / Z0822082 / L,Zoya Nia Off Shoulder Knee Length Dress,Z0822082,Zoya,Knee Length Dresses,3550,odoo,2
Z0822082LPINM,Zoya Nia Off Shoulder Knee Length Dress - Light Pink - LIGHT PINK / Z0822082 / M,Zoya Nia Off Shoulder Knee Length Dress,Z0822082,Zoya,Knee Length Dresses,3550,odoo,2
Z0822081BLAL/XL,Zoya Nia Off Shoulder Puff Sleeve Top - Black,Zoya Nia Off Shoulder Puff Sleeve Top,Z0822081,Zoya,Loose Tops,450,odoo,2
Z1123052PR1S,Zoya Party Cowl Bare Back Mini Dress - Taupe / Pink Waridi Print,Zoya Party Cowl Bare Back Mini Dress,Z1123052,Zoya,Short & Mini Dresses,2750,odoo,2
Z1123024BLA4X,Zoya Party Sleeveless Bodysuit - Black,Zoya Party Sleeveless Bodysuit,Z1123024,Zoya,Bodysuits,1950,odoo,2
Z0125026TAUPXS,Zoya Sadira Mini Cargo Skirt - Taupe - TAUPE / Z0125026 / XS,Zoya Sadira Mini Cargo Skirt,Z0125026,Zoya,Knee Length Skirts,1950,odoo,2
Z0324018NAVS,Zoya Taani Easy Fit Joggers -Navy,Zoya Taani Easy Fit Joggers,Z0324018,Zoya,Full Length Pants,3250,odoo,2
Z0824059BLAL,Zoya Temo Asymmetric Front Cut Crop Top - Black,Zoya Temo Asymmetric Front Cut Crop Top,Z0824059,Zoya,Loose Tops,250,odoo,2
Z0225011GRNYELM,Zoya Vasha Raglan Sleeve Playsuit - Green / Yellow,Zoya Vasha Raglan Sleeve Playsuit,Z0225011,Zoya,Jumpsuits & Playsuits,2550,odoo,2
Z0225011GRNYELS,Zoya Vasha Raglan Sleeve Playsuit - Green / Yellow - GREEN / YELLOW / Z0225011 / S,Zoya Vasha Raglan Sleeve Playsuit,Z0225011,Zoya,Jumpsuits & Playsuits,2550,odoo,2
Z0225008NEPXS,Zoya Vasha Short Sleeve Mesh Top - Neon Pink - PINK / Z0225008 / XS,Zoya Vasha Short Sleeve Mesh Top,Z0225008,Zoya,Loose Tops,250,odoo,2
Z1024059PR1M/L,Zoya X Metamorphisized 143 Cropped Jacket - Blue / Black - BLUE / BLACK / Z1024059 / M/L,Zoya X Metamorphisized 143 Cropped Jacket,Z1024059,Zoya,Jackets & Coats,2550,odoo,2
Z1024053PR11X,Zoya X Metamorphisized 143 Oversized Bowling  Shirt - White / Black - WHITE / BLACK / Z1024053 / 1X,Zoya X Metamorphisized 143 Oversized Bowling Shirt,Z1024053,Zoya,Loose Tops,3750,odoo,2
Z0324066ORA3X,Zoya Yuni High Slit Dress - Orange,Zoya Yuni High Slit Dress,Z0324066,Zoya,Maxi Dresses,2550,odoo,2
Z0324066ORA4X,Zoya Yuni High Slit Dress - Orange,Zoya Yuni High Slit Dress,Z0324066,Zoya,Maxi Dresses,2550,odoo,2
Z0324051BUTM,Zoya Yuni Off Shoulder Midriff Top - Buttermilk - CREAM / Z0324051 / M,Zoya Yuni Off Shoulder Midriff Top,Z0324051,Zoya,Loose Tops,350,odoo,2
Z0324067BLAS,Zoya Yuni Sleeveless Turtle Neck Maxi Top - Black,Zoya Yuni Sleeveless Turtle Neck Maxi Top,Z0324067,Zoya,Maxi Dresses,2250,odoo,2
Z0324067ORAXS,Zoya Yuni Sleeveless Turtle Neck Maxi Top - Orange,Zoya Yuni Sleeveless Turtle Neck Maxi Top,Z0324067,Zoya,Maxi Dresses,450,odoo,2
V0821190BLAM,,,,,,1450,odoo,1
V0821190BLPM,,,,,,1650,odoo,1
V1020056BLAM-V2,,,,,,3950,odoo,1
Z0819065ORA2X,,,,,,900,odoo,1
Z0819065ORAXL,,,,,,900,odoo,1
S0623073PR6S,Safari Anga Wide Shorts - Green / Orange Print,Safari Anga Wide Shorts,S0623073,Safari,Shorts & Skorts,1050,catalog,1
S0623047TAUM,Safari Basic Shirt Tent Dress - Taupe,Safari Basic Shirt Tent Dress,S0623047,Safari,Knee Length Dresses,5250,catalog,1
S0424082BLAM,Safari Bush Drawstring Shorts - Black,Safari Bush Drawstring Shorts,S0424082,Safari,Shorts & Skorts,1650,catalog,1
S0724020GRYXS,Safari Bush Men's Long Sleeve T-shirt - Grey,Safari Bush Men's Long Sleeve T-shirt,S0724020,Safari,T-shirts & Tank Tops,650,catalog,1
S0724020HGN4X,Safari Bush Men's Long Sleeve T-shirt - Hunters Green,Safari Bush Men's Long Sleeve T-shirt,S0724020,Safari,T-shirts & Tank Tops,1600,catalog,1
S0925059KTAN1X,Safari By Vivo Mens Cotton Shorts - Khaki Tan,Safari By Vivo Mens Cotton Shorts,S0925059,Safari,Shorts & Skorts,3400,catalog,1
S0925059KTANS,Safari By Vivo Mens Cotton Shorts - Khaki Tan,Safari By Vivo Mens Cotton Shorts,S0925059,Safari,Shorts & Skorts,3400,catalog,1
S1024009WHIXS,Safari Chui 3/4 Sleeve A-Line Dress - White,Safari Chui 3/4 Sleeve A-Line Dress,S1024009,Safari,Knee Length Dresses,5450,catalog,1
S1024007WCLOXS,Safari Chui Cropped Jacket - White Cloud,Safari Chui Cropped Jacket,S1024007,Safari,Jackets & Coats,6250,catalog,1
S1024013REDL,Safari Chui Heavy Shirt - Red,Safari Chui Heavy Shirt,S1024013,Safari,Fitted Tops,5950,catalog,1
S1024013REDM,Safari Chui Heavy Shirt - Red,Safari Chui Heavy Shirt,S1024013,Safari,Fitted Tops,5950,catalog,1
S1024013TAU1X,Safari Chui Heavy Shirt - Taupe,Safari Chui Heavy Shirt,S1024013,Safari,Fitted Tops,5950,catalog,1
S1024019WHICXS,Safari Chui Jodhpur Pants - White Cloud,Safari Chui Jodhpur Pants,S1024019,Safari,Full Length Pants,6250,catalog,1
S0124010PR1M,Safari Haya Strappy Tie Back Maxi Dress - Dark Maroon Koi Print,Safari Haya Strappy Tie Back Maxi Dress,S0124010,Safari,Maxi Dresses,2080,catalog,1
S0424075TAUM,Safari Huru Halter Sleeveless High Low Dress - Taupe,Safari Huru Halter Sleeveless High Low Dress,S0424075,Safari,Short & Mini Dresses,4050,catalog,1
S0224195GRE1X,Safari Kamari Capri Cargo Pants - Green,Safari Kamari Capri Cargo Pants,S0224195,Safari,Culottes & Capri Pants,1450,catalog,1
S0224195WHI3X,Safari Kamari Capri Cargo Pants - White,Safari Kamari Capri Cargo Pants,S0224195,Safari,Culottes & Capri Pants,4750,catalog,1
S0224189TANXS/S,Safari Kamari Drop Shoulder Top - Tan,Safari Kamari Drop Shoulder Top,S0224189,Safari,Loose Tops,1650,catalog,1
S0224190BAB3X,Safari Kamari Halter Shirt - Baby Blue,Safari Kamari Halter Shirt,S0224190,Safari,Fitted Tops,1150,catalog,1
S0224190BEIL,Safari Kamari Halter Shirt - Beige,Safari Kamari Halter Shirt,S0224190,Safari,Fitted Tops,650,catalog,1
S0224190LBLU3X,Safari Kamari Halter Shirt - Light Blue,Safari Kamari Halter Shirt,S0224190,Safari,Fitted Tops,1150,catalog,1
S0224190ORA4X,Safari Kamari Halter Shirt - Orange,Safari Kamari Halter Shirt,S0224190,Safari,Fitted Tops,3050,catalog,1
S0224190RUS4X,Safari Kamari Halter Shirt - Rust Orange,Safari Kamari Halter Shirt,S0224190,Safari,Fitted Tops,1150,catalog,1
S0224190RUSXS,Safari Kamari Halter Shirt - Rust Orange,Safari Kamari Halter Shirt,S0224190,Safari,Fitted Tops,1150,catalog,1
S0224181HGNM/L,Safari Kamari Long Sleeve Drawstring Shacket - Hunters Green,Safari Kamari Long Sleeve Drawstring Shacket,S0224181,Safari,Jackets & Coats,5550,catalog,1
S0224199WHC3X,Safari Kamari Mini Skirt - White Cloud,Safari Kamari Mini Skirt,S0224199,Safari,Knee Length Skirts,250,catalog,1
S0224199WHCM,Safari Kamari Mini Skirt - White Cloud,Safari Kamari Mini Skirt,S0224199,Safari,Knee Length Skirts,250,catalog,1
S0224135BLUM,Safari Kaya Sleeveless Tent Shirt Dress - Blue,Safari Kaya Sleeveless Tent Shirt Dress,S0224135,Safari,Knee Length Dresses,2850,catalog,1
S0923074PR7S,Safari Kikoy Off Shoulder Crop Top - Maroon Print,Safari Kikoy Off Shoulder Crop Top,S0923079,Safari,Midriff & Crop Tops,500,catalog,1
S0923063GOL1X,Safari Kikoy Shirred Top Maxi Dress - Gold,Safari Kikoy Shirred Top Maxi Dress,S0923063,Safari,Maxi Dresses,7950,catalog,1
S0824055TTF1X,Safari Kitenge Men's Sweat Pants - Teal/ Tafo Print,Safari Kitenge Men's Sweat Pants,S0824055,Safari,Full Length Pants,4550,catalog,1
S0824055TTFL,Safari Kitenge Men's Sweat Pants - Teal/ Tafo Print,Safari Kitenge Men's Sweat Pants,S0824055,Safari,Full Length Pants,4550,catalog,1
S0824055TTFM,Safari Kitenge Men's Sweat Pants - Teal/ Tafo Print,Safari Kitenge Men's Sweat Pants,S0824055,Safari,Full Length Pants,4550,catalog,1
S0824054GNBL,Safari Kitenge Men's Sweatshirt - Grey/ Neba Print,Safari Kitenge Men's Sweatshirt,S0824054,Safari,Hoodies & Sweatshirts,4250,catalog,1
S0824054GNBS,Safari Kitenge Men's Sweatshirt - Grey/ Neba Print,Safari Kitenge Men's Sweatshirt,S0824054,Safari,Hoodies & Sweatshirts,4250,catalog,1
S0824054GNBXS,Safari Kitenge Men's Sweatshirt - Grey/ Neba Print,Safari Kitenge Men's Sweatshirt,S0824054,Safari,Hoodies & Sweatshirts,4250,catalog,1
S0824054TTF4X,Safari Kitenge Men's Sweatshirt - Teal/ Tafo Print,Safari Kitenge Men's Sweatshirt,S0824054,Safari,Hoodies & Sweatshirts,4250,catalog,1
S0824054TTFS,Safari Kitenge Men's Sweatshirt - Teal/ Tafo Print,Safari Kitenge Men's Sweatshirt,S0824054,Safari,Sample & Sale Items,4250,catalog,1
S1123111PIN/BLA1X,Safari Lira Front Panelled Shirt Dress - Pink / Black,Safari Lira Front Panelled Shirt Dress,S1123111,Safari,Knee Length Dresses,2320,catalog,1
S0223175DPIN1X,Safari Mali Off - Shoulder Ruffle Knee Length Dress - Dark Pink,Safari Mali Off,S0223175,Safari,Knee Length Dresses,1450,catalog,1
S0924003TAU3X,Safari Mansi Dolman Top - Taupe,Safari Mansi Dolman Top,S0924003,Safari,T-shirts & Tank Tops,2750,catalog,1
S0924003TAUM,Safari Mansi Dolman Top - Taupe,Safari Mansi Dolman Top,S0924003,Safari,T-shirts & Tank Tops,2750,catalog,1
S0924003WHI3X,Safari Mansi Dolman Top - White,Safari Mansi Dolman Top,S0924003,Safari,T-shirts & Tank Tops,2750,catalog,1
S0924017BLAS,Safari Mansi Straight Leg Pants - Black,Safari Mansi Straight Leg Pants,S0924017,Safari,Full Length Pants,4950,catalog,1
S0424047DGRYS,Safari Men's Cargo Pants - Dark Grey,Safari Men's Cargo Pants,S0424047,Safari,Full Length Pants,1750,catalog,1
S0423039WHI1X,Safari Men's Chinese Collar Long Sleeve Shirt - White,Safari Men's Chinese Collar Long Sleeve Shirt,S0423039,Safari,Loose Tops,1850,catalog,1
S0424039CORS,Safari Men's Chinese Collar Long Sleeve Shirt - Coral,Safari Men's Chinese Collar Long Sleeve Shirt,S0424039,Safari,Loose Tops,1150,catalog,1
S0424041PR8L,Safari Men's Kitenge Drawstring Shorts - Himo Print,Safari Men's Kitenge Drawstring Shorts,S0424041,Safari,Shorts & Skorts,1800,catalog,1
S0424041PR9S,Safari Men's Kitenge Drawstring Shorts - Keri Print,Safari Men's Kitenge Drawstring Shorts,S0424041,Safari,Shorts & Skorts,1800,catalog,1
S0424037DGRY2X,Safari Men's Shacket - Dark Grey,Safari Men's Shacket,S0424037,Safari,Accessories,1850,catalog,1
S0425057PR1L,Safari Naledi 3/4 Sleeve Tent Dress - Navy Pinstripes Print,Safari Naledi 3/4 Sleeve Tent Dress,S0425057,Safari,Knee Length Dresses,6800,catalog,1
S0425057PR1S,Safari Naledi 3/4 Sleeve Tent Dress - Navy Pinstripes Print,Safari Naledi 3/4 Sleeve Tent Dress,S0425057,Safari,Knee Length Dresses,6800,catalog,1
S0425057PR5S,Safari Naledi 3/4 Sleeve Tent Dress - Pink Polka Stripes,Safari Naledi 3/4 Sleeve Tent Dress,S0425057,Safari,Knee Length Dresses,6800,catalog,1
S0425057PR6M,Safari Naledi 3/4 Sleeve Tent Dress - Yellow Puff Stripes,Safari Naledi 3/4 Sleeve Tent Dress,S0425057,Safari,Knee Length Dresses,4750,catalog,1
S0425057PR71X,Safari Naledi 3/4 Sleeve Tent Dress - Taupe Puff Stripes,Safari Naledi 3/4 Sleeve Tent Dress,S0425057,Safari,Knee Length Dresses,6800,catalog,1
S0825005PR3M-MAR,Safari Nazari Coat Dress - Maroon / Pink Ara Print,Safari Nazari Coat Dress,S0825005,Safari,Knee Length Dresses,5800,catalog,1
S0124026NAVL,Safari Nimali Bubble Sleeve Top - Navy,Safari Nimali Bubble Sleeve Top,S0124026,Safari,Fitted Tops,1400,catalog,1
S0124026RED1X,Safari Nimali Bubble Sleeve Top - Red,Safari Nimali Bubble Sleeve Top,S0124026,Safari,Fitted Tops,3950,catalog,1
S0124026TEAL,Safari Nimali Bubble Sleeve Top - Teal,Safari Nimali Bubble Sleeve Top,S0124026,Safari,Fitted Tops,1350,catalog,1
S0824028HGN1X,Safari Njano Men's Easy Fit Pants - Hunters Green,Safari Njano Men's Easy Fit Pants,S0824028,Safari,Full Length Pants,4800,catalog,1
S0824029PR22X-JUR,Safari Njano Men's Straight Leg Pants - Jura Print,Safari Njano Men's Straight Leg Pants,S0824029,Safari,Full Length Pants,6250,catalog,1
S0724127PR11X,Safari Njano Wide Leg Pants - Shama Print,Safari Njano Wide Leg Pants,S0724127,Safari,Full Length Pants,3400,catalog,1
S0724127PR13X,Safari Njano Wide Leg Pants - Shama Print,Safari Njano Wide Leg Pants,S0724127,Safari,Full Length Pants,3400,catalog,1
S0724127PR1S,Safari Njano Wide Leg Pants - Shama Print,Safari Njano Wide Leg Pants,S0724127,Safari,Full Length Pants,3400,catalog,1
S0724127PR24X,Safari Njano Wide Leg Pants - Neba Print,Safari Njano Wide Leg Pants,S0724127,Safari,Full Length Pants,2350,catalog,1
S0824067PR2M-LAS,Safari Savannah Kitenge Midi Wrap Dress - Lashi Print,Safari Savannah Kitenge Midi Wrap Dress,S0824067,Safari,Short & Mini Dresses,8950,catalog,1
S0624028BLA1X,Safari Savannah Men's Jacket - Black,Safari Savannah Men's Jacket,S0624028,Safari,Jackets & Coats,1850,catalog,1
S0624028BLAL,Safari Savannah Men's Jacket - Black,Safari Savannah Men's Jacket,S0624028,Safari,Jackets & Coats,1850,catalog,1
S0624028HUNM,Safari Savannah Men's Jacket - Hunters,Safari Savannah Men's Jacket,S0624028,Safari,Jackets & Coats,2650,catalog,1
S0724125WHI1X,Safari Savannah Men's Short Sleeve Shirt - White,Safari Savannah Men's Short Sleeve Shirt,S0724125,Safari,Loose Tops,4200,catalog,1
S0724125WHIL,Safari Savannah Men's Short Sleeve Shirt - White,Safari Savannah Men's Short Sleeve Shirt,S0724125,Safari,Loose Tops,4200,catalog,1
S0724009HUN1X,Safari Savannah Wrap Top - Hunters,Safari Savannah Wrap Top,S0724009,Safari,Fitted Tops,5250,catalog,1
S1124144PR13X/4X,Safari Sizani 2 Way Wrap Top - Tafo Print,Safari Sizani 2 Way Wrap Top,S1124144,Safari,Midriff & Crop Tops,3250,catalog,1
S1124144PR3XS/S,Safari Sizani 2 Way Wrap Top - Sipo,Safari Sizani 2 Way Wrap Top,S1124144,Safari,Midriff & Crop Tops,2250,catalog,1
S1124112NAB1X,Safari Sizani Barrel Pants - Navy Blue,Safari Sizani Barrel Pants,S1124112,Safari,Full Length Pants,5950,catalog,1
S1124152PR2L,Safari Sizani Men's Kitenge Placket Shirt - Keri Print,Safari Sizani Men's Kitenge Placket Shirt,S1124152,Safari,Loose Tops,3800,catalog,1
S1124152PR2M,Safari Sizani Men's Kitenge Placket Shirt - Keri Print,Safari Sizani Men's Kitenge Placket Shirt,S1124152,Safari,Loose Tops,3800,catalog,1
S1124151PR13X,Safari Sizani Men's Kitenge Tuxedo Shirt - Black,Safari Sizani Men's Kitenge Tuxedo Shirt,S1124151,Safari,Loose Tops,4400,catalog,1
S0925064RBWL,Safari Solana Wrap Dress - Rust Brown,Safari Solana Wrap Dress,S0925064,Safari,Midi & Capri Dresses,7400,catalog,1
S0424062LTAUM/L,Safari Spaghetti Tank Top - Light Taupe,Safari Spaghetti Tank Top,S0424062,Safari,T-shirts & Tank Tops,650,catalog,1
S0925046PR1M,Safari Tafari Shorts - Light Blue Asili Print,Safari Tafari Shorts,S0925046,Safari,Shorts & Skorts,2800,catalog,1
S0925046PR5L,Safari Tafari Shorts - Black Brown Shade C,Safari Tafari Shorts,S0925046,Safari,Shorts & Skorts,2800,catalog,1
S0925046PR81X,Safari Tafari Shorts - Selvi Print,Safari Tafari Shorts,S0925046,Safari,Shorts & Skorts,2800,catalog,1
S0925046PR8S,Safari Tafari Shorts - Selvi Print,Safari Tafari Shorts,S0925046,Safari,Shorts & Skorts,2800,catalog,1
S1025031PR10M/L,Safari Tafari Wrap Top - Umba Print,Safari Tafari Wrap Top,S1025031,Safari,Midriff & Crop Tops,3400,catalog,1
S0322138BLAL,Safari Tawi Flounce Tent Dress - Black,Safari Tawi Flounce Tent Dress,S0322138,Safari,Knee Length Dresses,1650,catalog,1
S0322138LGNM,Safari Tawi Flounce Tent Dress - Lime Green,Safari Tawi Flounce Tent Dress,S0322138,Safari,Knee Length Dresses,4950,catalog,1
S0524182BLU3X,Safari Tie Knee Length Dress - Blue,Safari Tie Knee Length Dress,S0524182,Safari,Knee Length Dresses,4350,catalog,1
S0524182PINL,Safari Tie Knee Length Dress - Pink - PINK / S0524182 / L,Safari Tie Knee Length Dress,S0524182,Safari,Knee Length Dresses,4350,odoo,1
S0325031WHI1X,Safari Tiwa Barell Pants - White,Safari Tiwa Barell Pants,S0325031,Safari,Full Length Pants,5400,catalog,1
S0425029MUSL,Safari Tiwa Reversible Tie Kimono - Mustard + Zuri Print,Safari Tiwa Reversible Tie Kimono,S0425029,Safari,Waterfalls & Kimonos,6400,catalog,1
S0125056HUNM/L,Safari Tiwa Shirred Midi Dress - Hunters,Safari Tiwa Shirred Midi Dress,S0125056,Safari,Midi & Capri Dresses,5800,catalog,1
S0125049CHOS,Safari Tiwa Shirred Top - Chocolate,Safari Tiwa Shirred Top,S0125049,Safari,Fitted Tops,850,catalog,1
S0125049ORAM,Safari Tiwa Shirred Top - Orange,Safari Tiwa Shirred Top,S0125049,Safari,Fitted Tops,1050,catalog,1
S1023059LORAM,Safari Zene Drop Shoulder Top - Light Orange,Safari Zene Drop Shoulder Top,S1023059,Safari,Loose Tops,1050,catalog,1
S1023059LORAS,Safari Zene Drop Shoulder Top - Light Orange,Safari Zene Drop Shoulder Top,S1023059,Safari,Loose Tops,1050,catalog,1
S1023065PEAM,Safari Zene Off Shoulder Dress - Peach,Safari Zene Off Shoulder Dress,S1023065,Safari,Knee Length Dresses,5950,catalog,1
S0925040PR11X,Safari by Vivo Naledi Bubble Midi Dress - Isara Print,Safari by Vivo Naledi Bubble Midi Dress,S0925040,Safari,Midi & Capri Dresses,5800,catalog,1
S0724086TAN1X/2X,Safari by Vivo Savannah Drawstring Shacket in Linen - Tan,Safari by Vivo Savannah Drawstring Shacket in Linen,S0724086,Safari,Jackets & Coats,8400,catalog,1
S0724086TANM/L,Safari by Vivo Savannah Drawstring Shacket in Linen - Tan,Safari by Vivo Savannah Drawstring Shacket in Linen,S0724086,Safari,Jackets & Coats,8400,catalog,1
S0724086TANXS/S,Safari by Vivo Savannah Drawstring Shacket in Linen - Tan,Safari by Vivo Savannah Drawstring Shacket in Linen,S0724086,Safari,Jackets & Coats,8400,catalog,1
S1025026RUS1X,Safari by Vivo Zehra Drawstring Pants - Rust,Safari by Vivo Zehra Drawstring Pants,S1025026,Safari,Full Length Pants,5400,catalog,1
V0524171SAM,Vivo Zahari Straight Leg Pants - Sample,Sample & Sale Items,Sample & Sale Items,Vivo,Sample & Sale Items,4550,odoo,1
VS0426003,Vivo Bottoms - Sample 12,Sample & Sale Items,Sample & Sale Items,Vivo,Sample & Sale Items,3950,catalog,1
S0525005PR11X/2X,Shiv & Shikie X Safari Faux Collar Printed Shirt - Grey/Black Ezi Print - PRINT / S0525005 / 1X/2X,Shiv & Shikie X Safari Faux Collar Printed Shirt,S0525005,Third Party Brands,Loose Tops,2800,odoo,1
S0425041PR31X,Shiv & Shikie X Safari Printed Short Sleeve Shirt - Taupe / Black Ezi Print,Shiv & Shikie X Safari Printed Short Sleeve Shirt,S0425041,Third Party Brands,Loose Tops,4800,catalog,1
S0625017BLA1X,Shiv & Shikie X Safari Short Sleeve Shirt - Black,Shiv & Shikie X Safari Short Sleeve Shirt,S0625017,Third Party Brands,Loose Tops,4800,catalog,1
S0625017BLAXS,Shiv & Shikie X Safari Short Sleeve Shirt - Black,Shiv & Shikie X Safari Short Sleeve Shirt,S0625017,Third Party Brands,Loose Tops,4800,catalog,1
S0625017LIM1X,Shiv & Shikie X Safari Short Sleeve Shirt - Lime,Shiv & Shikie X Safari Short Sleeve Shirt,S0625017,Third Party Brands,Loose Tops,4800,catalog,1
S0625017LIMXS,Shiv & Shikie X Safari Short Sleeve Shirt - Lime,Shiv & Shikie X Safari Short Sleeve Shirt,S0625017,Third Party Brands,Loose Tops,4800,catalog,1
U0122157REDL,Unaku Cape Jumpsuit - Red,Unaku Cape Jumpsuit,0122157,Third Party Brands,Jumpsuits & Playsuits,4500,catalog,1
V0725044GREL,Vivo  Tanda A-Line Maxi Dress - Grey - GREY / V0725044 / L,Vivo  Tanda A-Line Maxi Dress,V0725044,Vivo,Maxi Dresses,3450,odoo,1
V0725044OFWS,Vivo  Tanda A-Line Maxi Dress - Offwhite - WHITE / V0725044 / S,Vivo  Tanda A-Line Maxi Dress,V0725044,Vivo,Maxi Dresses,4900,odoo,1
V0224238PR3XS/S,Vivo 2-Way Wrap Top - Lira Print,Vivo 2-Way Wrap Top,V0224238,Vivo,Fitted Tops,2250,catalog,1
V0224238PR5XS/S,Vivo 2-Way Wrap Top - Neba Print,Vivo 2-Way Wrap Top,V0224238,Vivo,Fitted Tops,3250,catalog,1
V1123079NABS,Vivo Ajani Long Sleeve Top - Navy Blue,Vivo Ajani Long Sleeve Top,V1123079,Vivo,Fitted Tops,3250,catalog,1
V0624064KHAS,Vivo Alora Shift Dress - Khaki,Vivo Alora Shift Dress,V0624064,Vivo,Knee Length Dresses,1950,catalog,1
V0824073PUBLAM,Vivo Amai Knee Length Dresses - Purple / Black,Vivo Amai Knee Length Dresses,V0824073,Vivo,Knee Length Dresses,4150,catalog,1
V0324043BLA1X,Vivo Amai Side Slit Pants - Black,Vivo Amai Side Slit Pants,V0324043,Vivo,Full Length Pants,2150,catalog,1
V0324043BLA4X,Vivo Amai Side Slit Pants - Black,Vivo Amai Side Slit Pants,V0324043,Vivo,Full Length Pants,2150,catalog,1
V1023100PURL,Vivo Amara Back Pleat Dress - Dark Purple,Vivo Amara Back Pleat Dress,V1023100,Vivo,Knee Length Dresses,2480,catalog,1
V1023100PURM,Vivo Amara Back Pleat Dress - Dark Purple,Vivo Amara Back Pleat Dress,V1023100,Vivo,Knee Length Dresses,2480,catalog,1
V1023100PURS,Vivo Amara Back Pleat Dress - Dark Purple,Vivo Amara Back Pleat Dress,V1023100,Vivo,Knee Length Dresses,2480,catalog,1
V1023097TANL,Vivo Amara Sleeveless High Low Top - Tan,Vivo Amara Sleeveless High Low Top,V1023097,Vivo,Loose Tops,900,catalog,1
V1023097TANS,Vivo Amara Sleeveless High Low Top - Tan,Vivo Amara Sleeveless High Low Top,V1023097,Vivo,Loose Tops,900,catalog,1
V0425046YELM/L,Vivo Analo Sleeveless Tie Kimono - Yellow,Vivo Analo Sleeveless Tie Kimono,V0425046,Vivo,Waterfalls & Kimonos,1550,catalog,1
V1025012WHI1X/2X,Vivo Anavi Cascade Waterfall - White,Vivo Anavi Cascade Waterfall,V1025012,Vivo,Waterfalls & Kimonos,4500,catalog,1
V0825024BLA2X,Vivo Anavi Leggings in Jersey - Black,Vivo Anavi Leggings in Jersey,V0825024,Vivo,Leggings,2900,catalog,1
V0725029RED1X,Vivo Ari Sleeveless Straight Maxi Slit Dress - Red,Vivo Ari Sleeveless Straight Maxi Slit Dress,V0725029,Vivo,Maxi Dresses,4900,catalog,1
V0725029REDS,Vivo Ari Sleeveless Straight Maxi Slit Dress - Red,Vivo Ari Sleeveless Straight Maxi Slit Dress,V0725029,Vivo,Maxi Dresses,4900,catalog,1
V1223033PR18L,Vivo Asha Drop Shoulder Knee Length Dress - Black Aku Print,Vivo Asha Drop Shoulder Knee Length Dress,V1223033,Vivo,Knee Length Dresses,4800,catalog,1
V1023042NAVS,Vivo Ava 3/4 Sleeve Kimono - Navy,Vivo Ava 3/4 Sleeve Kimono,V1023042,Vivo,Waterfalls & Kimonos,3450,catalog,1
V0923049PR16M,Vivo Ava Front Pleat Maxi Dress - Blue / Cream Ima Print,Vivo Ava Front Pleat Maxi Dress,V0923049,Vivo,Maxi Dresses,5950,catalog,1
V0923053PINL,Vivo Ava Pleated Wide Leg Pants - Pink,Vivo Ava Pleated Wide Leg Pants,V0923053,Vivo,Full Length Pants,1250,catalog,1
V0225007NAVM,Vivo Ayah 3/4 Sleeve Jumpsuit - Navy,Vivo Ayah 3/4 Sleeve Jumpsuit,V0225007,Vivo,Jumpsuits & Playsuits,2350,catalog,1
V0225007NAVS,Vivo Ayah 3/4 Sleeve Jumpsuit - Navy,Vivo Ayah 3/4 Sleeve Jumpsuit,V0225007,Vivo,Jumpsuits & Playsuits,2350,catalog,1
V0225002PR5S,Vivo Ayah Bishop Sleeve Mock Neck Top - Taupe / Orange Zani Print,Vivo Ayah Bishop Sleeve Mock Neck Top,V0225002,Vivo,Fitted Tops,4500,catalog,1
V0225031DAPS,Vivo Ayah Satin Pants - Dark Purple,Vivo Ayah Satin Pants,V0225031,Vivo,Full Length Pants,1950,catalog,1
V0225031DARS,Vivo Ayah Satin Pants - Dark Red,Vivo Ayah Satin Pants,V0225031,Vivo,Full Length Pants,3950,catalog,1
V0225031PR1L,Vivo Ayah Satin Pants - Lilac / Navy Tullu Print,Vivo Ayah Satin Pants,V0225031,Vivo,Full Length Pants,1950,catalog,1
V0225032DAPL,Vivo Ayah Shirred Cuff Loose Top - Dark Purple,Vivo Ayah Shirred Cuff Loose Top,V0225032,Vivo,Fitted Tops,3550,catalog,1
V0225005DATS,Vivo Ayah Shirred Neck Tent Maxi Dress - Dark Teal,Vivo Ayah Shirred Neck Tent Maxi Dress,V0225005,Vivo,Maxi Dresses,4850,catalog,1
V0824103PR1M/L,Vivo Ayla Off-Shoulder Dress - Tan / Black Meti Print,Vivo Ayla Off-Shoulder Dress,V0824103,Vivo,Knee Length Dresses,5250,catalog,1
V0824103PR1XS/S,Vivo Ayla Off-Shoulder Dress - Tan / Black Meti Print,Vivo Ayla Off-Shoulder Dress,V0824103,Vivo,Knee Length Dresses,5250,catalog,1
V0120094PR22L,Vivo Ayo Tent Dress - Mint Green / Off-White Abstract Print,Vivo Ayo Tent Dress,V0120094,Vivo,Knee Length Dresses,1750,catalog,1
V0120094PR40L,Vivo Ayo Tent Dress - Mustard / Green Print,Vivo Ayo Tent Dress,V0120094,Vivo,Knee Length Dresses,2650,catalog,1
V1020048NABXL,Vivo Basic 3/4 Sleeved Double Layered Bodysuit - Navy Blue,Vivo Basic 3/4 Sleeved Double Layered Bodysuit,V1020048,Vivo,Bodysuits,1650,catalog,1
V0719105NABL,Vivo Basic A-line Maxi Skirt - Navy Blue,Vivo Basic A-line Maxi Skirt,V0719105,Vivo,Maxi Skirts,4250,catalog,1
V0719105NABXL,Vivo Basic A-line Maxi Skirt - Navy Blue,Vivo Basic A-line Maxi Skirt,V0719105,Vivo,Maxi Skirts,4250,catalog,1
V0320040LIGS,Vivo Basic Boundneck Puff Sleeve Top - Lime Green,Vivo Basic Boundneck Puff Sleeve Top,V0320040,Vivo,Fitted Tops,1350,catalog,1
V0819136TAUXL,Vivo Basic Cap Sleeved Leila Dress - Taupe,Vivo Basic Cap Sleeved Leila Dress,V0819136,Vivo,Knee Length Dresses,2450,catalog,1
V0524179LBL1X,Vivo Basic Bishop Sleeve Top In Chiffon (Double Layered) - Light Blue,Vivo Basic Chiffon Bishop Sleeve Top (Double Layered),V0524179,Vivo,Fitted Tops,3500,catalog,1
V0822019BLAXL,Vivo Basic Crepe Pants - Black,Vivo Basic Crepe Pants,V0822019,Vivo,Full Length Pants,4500,catalog,1
V0719222MUSM/L,Vivo Basic Cuffed Dolman Jersey Dress - Mustard,Vivo Basic Cuffed Dolman Jersey Dress,V0719222,Vivo,Knee Length Dresses,3950,catalog,1
V0819101MUSF,Vivo Basic Dada Poncho - Mustard,Vivo Basic Dada Poncho,V0819101,Vivo,Sweaters & Ponchos,4950,catalog,1
V0220007MUS1X,Vivo Basic Double Layered Long Sleeved Bodysuit - Mustard,Vivo Basic Double Layered Long Sleeved Bodysuit,V0220007,Vivo,Bodysuits,1450,catalog,1
V0523123PR1F,Vivo Basic Double Layered Wrap Poncho (Without Fringe) - Pink / Black,Vivo Basic Double Layered Wrap Poncho (Without Fringe),V0523123,Vivo,Sweaters & Ponchos,5250,catalog,1
V0523123PR4F,Vivo Basic Double Layered Wrap Poncho (Without Fringe) - Coral / Grey,Vivo Basic Double Layered Wrap Poncho (Without Fringe),V0523123,Vivo,Sweaters & Ponchos,5250,catalog,1
V0622002DAGL,Vivo Basic Drop Shoulder Top - Dark Green,Vivo Basic Drop Shoulder Top,V0622002,Vivo,Loose Tops,1750,catalog,1
V0622002MUS2X,Vivo Basic Drop Shoulder Top - Mustard,Vivo Basic Drop Shoulder Top,V0622002,Vivo,Loose Tops,2550,catalog,1
V1024063PR5S,Vivo Basic Hooded Kimono - Black / Mint Print,Vivo Basic Hooded Kimono,V1024063,Vivo,Waterfalls & Kimonos,2350,catalog,1
V0719369HUN1X/2X,Vivo Basic Imelda Top - Hunters,Vivo Basic Imelda Top,V0719369,Vivo,Loose Tops,1150,catalog,1
V1119093MUSS,Vivo Basic Kena Tent Maxi Dress - Mustard,Vivo Basic Kena Tent Maxi Dress,V1119093,Vivo,Maxi Dresses,5250,catalog,1
V0421160GRYS,Vivo Basic Leggings - Grey,Vivo Basic Leggings,V0421160,Vivo,Leggings,1750,catalog,1
V0421160NABM,Vivo Basic Leggings - Navy Blue,Vivo Basic Leggings,V0421160,Vivo,Leggings,2500,catalog,1
V0423078DAOM/L,Vivo Leila Short Waterfall - Dark Olive,Vivo Basic Leila Short Waterfall,V0423078,Vivo,Waterfalls & Kimonos,3700,catalog,1
V0423078MARM/L,Vivo Basic Leila Short Waterfall - Maroon,Vivo Basic Leila Short Waterfall,V0423078,Vivo,Waterfalls & Kimonos,3700,catalog,1
V0423078MARXS/S,Vivo Basic Leila Short Waterfall - Maroon,Vivo Basic Leila Short Waterfall,V0423078,Vivo,Waterfalls & Kimonos,3700,catalog,1
V0723033GREL/1X,Vivo Basic Long Sleeve Cascade Waterfall - Green,Vivo Basic Long Sleeve Cascade Waterfall,V0723033,Vivo,Waterfalls & Kimonos,1950,catalog,1
V0719112HGN4X,Vivo Basic Long Sleeved Bodysuit in Jersey - Hunters Green,Vivo Basic Long Sleeved Bodysuit,V0719112,Vivo,Bodysuits,2050,catalog,1
V0719112NABXL,Vivo Basic Long Sleeved Bodysuit in Jersey - Navy Blue,Vivo Basic Long Sleeved Bodysuit,V0719112,Vivo,Bodysuits,2550,catalog,1
V0719261MUSM,Vivo Basic Long Sleeved Double Layered Bodycon - Mustard,Vivo Basic Long Sleeved Double Layered Bodycon,V0719261,Vivo,Knee Length Dresses,4250,catalog,1
V0719261WHIL,Vivo Basic Long Sleeved Double Layered Bodycon - White,Vivo Basic Long Sleeved Double Layered Bodycon,V0719261,Vivo,Knee Length Dresses,2950,catalog,1
V0719113MUSS,Vivo Basic Long Sleeved Top - Mustard,Vivo Basic Long Sleeved Top,V0719113,Vivo,T-shirts & Tank Tops,1750,catalog,1
V0719113ORAL,Vivo Basic Long Sleeved Top - Orange,Vivo Basic Long Sleeved Top,V0719113,Vivo,T-shirts & Tank Tops,1400,catalog,1
V0719113ORAXL,Vivo Basic Long Sleeved Top - Orange,Vivo Basic Long Sleeved Top,V0719113,Vivo,T-shirts & Tank Tops,1400,catalog,1
V0719113PINKS,Vivo Basic Long Sleeved Top - Pink,Vivo Basic Long Sleeved Top,V0719113,Vivo,T-shirts & Tank Tops,1750,catalog,1
V0220053DGNL/XL,Vivo Basic May Jersey Waterfall - Dark Green,Vivo Basic May Jersey Waterfall,V0220053,Vivo,Waterfalls & Kimonos,2650,catalog,1
V0220053DGNS/M,Vivo Basic May Jersey Waterfall - Dark Green,Vivo Basic May Jersey Waterfall,V0220053,Vivo,Waterfalls & Kimonos,2650,catalog,1
V0422073MUSL/1X,Vivo Basic Neo Waterfall - Mustard,Vivo Basic Neo Waterfall,V0422073,Vivo,Waterfalls & Kimonos,3250,catalog,1
V0819137BLAS,Vivo Basic Palazzo Pants - Black,Vivo Basic Palazzo Pants,V0819137,Vivo,Full Length Pants,2750,catalog,1
VO525075NAVS,Vivo Basic Round Neck Maxi Dress - Navy,Vivo Basic Round Neck Maxi Dress,V0525075,Vivo,Maxi Dresses,6900,catalog,1
V0819056TEAF,Vivo Basic Salma Maxi Boat Neck Dress - Teal,Vivo Basic Salma Maxi Boat Neck Dress,V0819056,Vivo,Maxi Dresses,3450,catalog,1
V1122193BLAL/1X-TAN,Vivo Basic Sleeveless Extra Long Lily Waterfall - Tan,Vivo Basic Sleeveless Extra Long Lily Waterfall,V1122193,Vivo,Waterfalls & Kimonos,1950,catalog,1
V1122193BUOL/1X,Vivo Basic Sleeveless Extra Long Lily Waterfall - Burnt Orange,Vivo Basic Sleeveless Extra Long Lily Waterfall,V1122193,Vivo,Waterfalls & Kimonos,3450,catalog,1
V1122193FGNL/XL,Vivo Basic Sleeveless Extra Long Lily Waterfall - Forest Green,Vivo Basic Sleeveless Extra Long Lily Waterfall,V1122193,Vivo,Waterfalls & Kimonos,2150,catalog,1
V1121020NABM,Vivo Basic Sleeveless Kena Tent Maxi Dress in Ponte - Navy Blue,Vivo Basic Sleeveless Kena Tent Maxi Dress,V1121020,Vivo,Maxi Dresses,5500,catalog,1
V0719839NABL/XL,Vivo Basic Sleeveless Long Lily Waterfall - Navy Blue,Vivo Basic Sleeveless Long Lily Waterfall,V0719839,Vivo,Waterfalls & Kimonos,1250,catalog,1
V0719839NBLU1X/2X,Vivo Basic Sleeveless Long Lily Waterfall - Navy Blue,Vivo Basic Sleeveless Long Lily Waterfall,V0719839,Vivo,Waterfalls & Kimonos,1250,catalog,1
V0719839TANL/1X,Vivo Basic Sleeveless Long Lily Waterfall - Tan,Vivo Basic Sleeveless Long Lily Waterfall,V0719839,Vivo,Waterfalls & Kimonos,1750,catalog,1
V0321017NABM,Vivo Basic Sleeveless Sienna Waterfall - Navy Blue,Vivo Basic Sleeveless Sienna Waterfall,V0321017,Vivo,Waterfalls & Kimonos,2250,catalog,1
V0822022PR391X,Vivo Basic Sleeveless Tent Dress in Crepe - White / Dark Hunters Print,Vivo Basic Sleeveless Tent Dress,V0822022,Vivo,Knee Length Dresses,4900,catalog,1
V1024064MINF,Vivo Basic Sleeveless Tent Kimono - Mint,Vivo Basic Sleeveless Tent Kimono,V1024064,Vivo,Waterfalls & Kimonos,3250,catalog,1
V0623033HGN2X,Vivo Basic Spaghetti Strap Tank Top - Hunters Green,Vivo Basic Spaghetti Strap Tank Top,V0623033,Vivo,T-shirts & Tank Tops,450,catalog,1
V0719121NAB1X,Vivo Basic Straight Maxi Dress - Navy Blue,Vivo Basic Straight Maxi Dress,V0719121,Vivo,Maxi Dresses,4150,catalog,1
V0920021BLA1X,Vivo Basic Tolani Jersey Dress - Black,Vivo Basic Tolani Jersey Dress,V0920021,Vivo,Knee Length Dresses,3450,catalog,1
V0920021CHO2X,Vivo Basic Tolani Dress in Jersey - Chocolate,Vivo Basic Tolani Jersey Dress,V0920021,Vivo,Knee Length Dresses,4900,catalog,1
V0920021DAR1X,Vivo Tolani Dress - Dark Red - RED / V0920021 / 1X,Vivo Basic Tolani Jersey Dress,V0920021,Vivo,Knee Length Dresses,4950,odoo,1
V0920021TANM,Vivo Basic Tolani Jersey Dress - Tan,Vivo Basic Tolani Jersey Dress,V0920021,Vivo,Knee Length Dresses,2450,catalog,1
V0620079NABXL,Vivo Basic Trench Coat - Navy Blue,Vivo Basic Trench Coat,V0620079,Vivo,Jackets & Coats,4950,catalog,1
V0422058PR151X,Vivo Basic Tsavo Scalloped Chiffon Top - Black / White Rosa Print,Vivo Basic Tsavo Scalloped Chiffon Top,V0422058,Vivo,Fitted Tops,1050,catalog,1
V0819126MAGS,Vivo Basic Tulip Sweater - Magenta,Vivo Basic Tulip Sweater,V0819126,Vivo,Sweaters & Ponchos,2450,catalog,1
V0323019TEAM,Vivo Basic V-neck Cap Sleeve Top - Teal,Vivo Basic V-neck Cap Sleeve Top,V0323019,Vivo,T-shirts & Tank Tops,1350,catalog,1
V0323019TEAXL,Vivo Basic V-neck Cap Sleeve Top - Teal,Vivo Basic V-neck Cap Sleeve Top,V0323019,Vivo,T-shirts & Tank Tops,1350,catalog,1
V1024031PR4M,Vivo Beali Baby Doll Dress - Off White / Gold Lea Print,Vivo Beali Baby Doll Dress,V1024031,Vivo,Short & Mini Dresses,4850,catalog,1
V1024031PR4XS,Vivo Beali Baby Doll Dress - Off White / Gold Lea Print,Vivo Beali Baby Doll Dress,V1024031,Vivo,Short & Mini Dresses,4850,catalog,1
V1024032PR11X,Vivo Beali Shorts - Tan / Navy Lea Print,Vivo Beali Shorts,V1024032,Vivo,Shorts & Skorts,1850,catalog,1
V1024032PR2S,Vivo Beali Shorts - Beige / Gold Lea Print,Vivo Beali Shorts,V1024032,Vivo,Shorts & Skorts,1350,catalog,1
V1024043PR1M,Vivo Beali Two Way Wrap Top - Cream / Gold Lea Print,Vivo Beali Two Way Wrap Top,V1024043,Vivo,Midriff & Crop Tops,1350,catalog,1
V1024043PR21X,Vivo Beali Two Way Wrap Top - Cream / Chocolate Lea Print,Vivo Beali Two Way Wrap Top,V1024043,Vivo,Midriff & Crop Tops,1350,catalog,1
V1024043PR31X,Vivo Beali Two Way Wrap Top - Cream / Taupe Lea Print,Vivo Beali Two Way Wrap Top,V1024043,Vivo,Midriff & Crop Tops,1550,catalog,1
V1024043PR4S,Vivo Beali Two Way Wrap Top - White / Taupe Lea Print,Vivo Beali Two Way Wrap Top,V1024043,Vivo,Midriff & Crop Tops,2250,catalog,1
V0221005PR182X,Vivo Bissa Reversible Maxi Dress - Light Beige / Brown Print,Vivo Bissa Reversible Maxi Dress,V0221005,Vivo,Maxi Dresses,6500,catalog,1
V0325019LILM,Vivo Chela Basic Cap Sleeve Top - Lilac,Vivo Chela Basic Cap Sleeve Top,V0325019,Vivo,Midriff & Crop Tops,2250,catalog,1
V0325019LILXS,Vivo Chela Basic Cap Sleeve Top - Lilac,Vivo Chela Basic Cap Sleeve Top,V0325019,Vivo,Midriff & Crop Tops,2250,catalog,1
V0325019LTAU1X,Vivo Chela Basic Cap Sleeve Top - Light Taupe,Vivo Chela Basic Cap Sleeve Top,V0325019,Vivo,Midriff & Crop Tops,2250,catalog,1
V0424124PR3S,Vivo Chesi Wide Leg Pants - Rust / Black Hesi Print,Vivo Chesi Wide Leg Pants,V0424124,Vivo,Full Length Pants,2750,catalog,1
V0325072BLA1X,Vivo Chiffon Shorts - Black,Vivo Chiffon Shorts,V0325072,Vivo,Shorts & Skorts,3550,catalog,1
V0325072NAV1X,Vivo Chiffon Shorts - Navy,Vivo Chiffon Shorts,V0325072,Vivo,Shorts & Skorts,3550,catalog,1
V0424158BLAL,Vivo Cowl Camisole - Black,Vivo Cowl Camisole,V0424158,Vivo,Loose Tops,1300,catalog,1
V0322047PR18L/1X,Vivo Dalia Off Shoulder Jumpsuit - Cream / Orange Alia Print,Vivo Dalia Off Shoulder Jumpsuit,V0322047,Vivo,Jumpsuits & Playsuits,2050,catalog,1
V0226020PR5M,Vivo Dalia Sleeveless Gathered Dress In Cotton - Purple Multicolor Print,Vivo Dalia Sleeveless Gathered Dress In Cotton,V0226020,Vivo,Knee Length Dresses,5500,catalog,1
V0625028MULS-SD,Vivo Diella 3/4 Sleeve Pleated Dress SD - Mulberry,Vivo Diella 3/4 Sleeve Pleated Dress,V0625028,Vivo,Sample & Sale Items,3900,catalog,1
RE0226001OWHI1X,Vivo Drop Shoulder Shirt in Organza - Off White,Vivo Drop Shoulder Shirt in Organza,RE02260,Vivo,Fitted Tops,3900,catalog,1
V0523147TAUTL,Vivo Dua Long Bishop Sleeve Top - Taupe Textured,Vivo Dua Long Bishop Sleeve Top,V0523147,Vivo,Fitted Tops,1050,catalog,1
VE0002BLK2X,Vivo Essentials Biker Shorts - Black,Vivo Essentials Biker Shorts,VE0002B,Vivo,Shorts & Skorts,1750,catalog,1
VE0008WHI3X,Vivo Essentials Bodycon - White,Vivo Essentials Bodycon,VE0008W,Vivo,Knee Length Dresses,3950,catalog,1
V0725016WHIF,Vivo Essi Front Slit Maxi Top In Satin - White,Vivo Essi Front Slit Maxi Top In Satin,V0725016,Vivo,Loose Tops,5500,catalog,1
V0224241PR103X/4X,Vivo Full Length Kimono - Keri,Vivo Full Length Kimono,V0224241,Vivo,Waterfalls & Kimonos,5900,catalog,1
V0224241PR113X/4X,Vivo Full Length Kimono - Maya,Vivo Full Length Kimono,V0224241,Vivo,Waterfalls & Kimonos,5900,catalog,1
V0823141DTAU4X,Vivo Golf Fly Front Shorts - Dark Taupe,Vivo Golf Fly Front Shorts,V0823141,Vivo,Shorts & Skorts,560,catalog,1
V0724094PINM,Vivo Hadiya Flounce Sleeve Maxi Dress - Pink,Vivo Hadiya Flounce Sleeve Maxi Dress,V0724094,Vivo,Maxi Dresses,3050,catalog,1
V0724094PINS,Vivo Hadiya Flounce Sleeve Maxi Dress - Pink,Vivo Hadiya Flounce Sleeve Maxi Dress,V0724094,Vivo,Maxi Dresses,3050,catalog,1
V1123113PR13M,Vivo Hanabi Tent Maxi Dress - Dark Rust / Black Lia Print,Vivo Hanabi Tent Maxi Dress,V1123113,Vivo,Maxi Dresses,4850,catalog,1
V0924049GREEN1X,Vivo Hari Flared Sleeve Tunic - Green,Vivo Hari Flared Sleeve Tunic,V0924049,Vivo,Fitted Tops,1550,catalog,1
V0424160ORA1X/2X,Vivo Hooded Kimono With Elastic Cuff - Orange,Vivo Hooded Kimono With Elastic Cuff,V0424160,Vivo,Waterfalls & Kimonos,1950,catalog,1
V0125039BLAF,Vivo Isabi Loose Top In Chiffon - Black,Vivo Isabi Loose Top,V0125039,Vivo,Loose Tops,3900,catalog,1
V0625043PR2L,Vivo Iyana Bubble Midi Skirt - Yellow / Lilac Iya Print,Vivo Iyana Bubble Midi Skirt,V0625043,Vivo,Midi & Capri Skirts,4900,catalog,1
V0625050PR71X,Vivo Iyana Shirred Waist Jumpsuit in Crepe - Cream / Yellow Azari Print,Vivo Iyana Shirred Waist Jumpsuit in Crepe,V0625050,Vivo,Jumpsuits & Playsuits,6900,catalog,1
V0625044WHI1X,Vivo Iyana Tank Top - White,Vivo Iyana Tank Top,V0625044,Vivo,Midriff & Crop Tops,1350,catalog,1
V0625041BLA1X,Vivo Iyana Wide Leg Pants - Black,Vivo Iyana Wide Leg Pants,V0625041,Vivo,Full Length Pants,4900,catalog,1
V0621001NABM,Vivo J.O V-Neck Sheath Dress - Navy Blue,Vivo J.O V-Neck Sheath Dress,V0621001,Vivo,Knee Length Dresses,4250,catalog,1
V0621001WIRL,Vivo J.O V-Neck Sheath Dress - Wine Red,Vivo J.O V-Neck Sheath Dress,V0621001,Vivo,Knee Length Dresses,4250,catalog,1
V1125001DGRNM,Vivo Jersey Drop Shoulder Top - Dark Green,Vivo Jersey Drop Shoulder Top,V1125001,Vivo,T-shirts & Tank Tops,2500,catalog,1
V1125001DPUR1X,Vivo Jersey Drop Shoulder Top - Dark Purple,Vivo Jersey Drop Shoulder Top,V1125001,Vivo,T-shirts & Tank Tops,2500,catalog,1
VE0050BENM,Vivo Joggers - Benue,Vivo Joggers,VE0050B,Vivo,Full Length Pants,2750,catalog,1
VE0050NIL4X,Vivo Joggers - Nile,Vivo Joggers,VE0050N,Vivo,Full Length Pants,2750,catalog,1
VE0050NILXS,Vivo Joggers - Nile,Vivo Joggers,VE0050N,Vivo,Full Length Pants,2750,catalog,1
V0624077WHIM/L,Vivo Kala Long Sleeve Top - White,Vivo Kala Long Sleeve Top,V0624077,Vivo,Loose Tops,1750,catalog,1
V0325041MAGS,Vivo Kelemi 4.0 Kimono - Magenta,Vivo Kelemi 4.0 Kimono,V0325041,Vivo,Waterfalls & Kimonos,4850,catalog,1
V0325041NAV1X,Vivo Kelemi 4.0 Kimono - Navy,Vivo Kelemi 4.0 Kimono,V0325041,Vivo,Waterfalls & Kimonos,4850,catalog,1
V0325041PR21X,Vivo Kelemi 4.0 Kimono - Lilac / Olive Nashe Print,Vivo Kelemi 4.0 Kimono,V0325041,Vivo,Waterfalls & Kimonos,6950,catalog,1
V0325041PR2L,Vivo Kelemi 4.0 Kimono - Lilac / Olive Nashe Print,Vivo Kelemi 4.0 Kimono,V0325041,Vivo,Waterfalls & Kimonos,6950,catalog,1
V0325043PR11X,Vivo Kelemi 4.0 Sleeveless Top - Lilac / Magenta Nashe Print,Vivo Kelemi 4.0 Sleeveless Top,V0325043,Vivo,Fitted Tops,1450,catalog,1
V0325043PR31X,Vivo Kelemi 4.0 Sleeveless Top - Navy / Mustard Nashe Print,Vivo Kelemi 4.0 Sleeveless Top,V0325043,Vivo,Fitted Tops,1450,catalog,1
V0924046PR21X,Vivo Kelemi Flared Sleeve Kimono - Yellow / Green Lana Print,Vivo Kelemi Flared Sleeve Kimono,V0924046,Vivo,Waterfalls & Kimonos,4850,catalog,1
V0324082PR5L,Vivo Kelemi Hooded Kimono - Mustard / Rust Leke Print,Vivo Kelemi Hooded Kimono,V0324082,Vivo,Waterfalls & Kimonos,4850,catalog,1
V1024029PR2S,Vivo Kelemi Ruffle Sleeve Top - Yellow / Green Lana Print,Vivo Kelemi Ruffle Sleeve Top,V1024029,Vivo,Loose Tops,4550,catalog,1
V0524181PR23X/4X,Vivo Kitenge Infinity Jumpsuit - Zena,Vivo Kitenge Infinity Jumpsuit,V0524181,Vivo,Jumpsuits & Playsuits,1950,catalog,1
VE0049PR11X/2X,Vivo Kitenge Midi Kimono - Shama Print,Vivo Kitenge Midi Kimono,VE0049P,Vivo,Waterfalls & Kimonos,3450,catalog,1
V1120033NAVS,Vivo Lamu Knee Length Chiffon Dress - Navy,Vivo Lamu Knee Length Chiffon Dress,V1120033,Vivo,Knee Length Dresses,2950,catalog,1
V0423056TEALS,Vivo Leila 3/4 Sleeve Tent Knee Length Dress - Teal,Vivo Leila 3/4 Sleeve Tent Knee Length Dress,V0423056,Vivo,Knee Length Dresses,4950,catalog,1
V0423055NABL,Vivo Leila Cap Sleeve Tent Knee Length Dress - Navy Blue,Vivo Leila Cap Sleeve Tent Knee Length Dress,V0423055,Vivo,Knee Length Dresses,3150,catalog,1
V0423055TEA1X,Vivo Leila Cap Sleeve Tent Knee Length Dress - Teal,Vivo Leila Cap Sleeve Tent Knee Length Dress,V0423055,Vivo,Knee Length Dresses,3150,catalog,1
V0423055WHIL,Vivo Leila Cap Sleeve Tent Knee Length Dress - White,Vivo Leila Cap Sleeve Tent Knee Length Dress,V0423055,Vivo,Knee Length Dresses,4550,catalog,1
V0423053DBRN1X,Vivo Leila Cap Sleeved Tent Maxi Dress- Dark Brown,Vivo Leila Cap Sleeve Tent Maxi Dress,V0423053,Vivo,Maxi Dresses,6550,catalog,1
V0924074BURGS,Vivo Leila Short Sleeve Bodycon - Burgundy,Vivo Leila Short Sleeve Bodycon,V0924074,Vivo,Knee Length Dresses,3550,catalog,1
V0924074WHIM,Vivo Leila Short Sleeve Bodycon - White,Vivo Leila Short Sleeve Bodycon,V0924074,Vivo,Knee Length Dresses,3550,catalog,1
V0825016NAVM,Vivo Lena Sleeveless Top - Navy,Vivo Lena Sleeveless Top,V0825016,Vivo,Fitted Tops,2500,catalog,1
V0825016NAVS,Vivo Lena Sleeveless Top - Navy,Vivo Lena Sleeveless Top,V0825016,Vivo,Fitted Tops,2500,catalog,1
V1025018BLAXS/S,Vivo Liora Kaftan Top - Black,Vivo Liora Kaftan Top,V1025018,Vivo,Loose Tops,3900,catalog,1
V0924042GREYS,Vivo Mandla High Neck A-Line Dress - Grey,Vivo Mandla High Neck A-Line Dress,V0924042,Vivo,Knee Length Dresses,950,catalog,1
V0924042NAVS,Vivo Mandla High Neck A-Line Dress - Navy,Vivo Mandla High Neck A-Line Dress,V0924042,Vivo,Knee Length Dresses,1900,catalog,1
V0924043PR7M,Vivo Mandla Side Flap A-Line Dress - Beige / Rust Manla Print,Vivo Mandla Side Flap A-Line Dress,V0924043,Vivo,Knee Length Dresses,3800,catalog,1
V1124143GRY1X,Vivo Meli Ruffle Sleeve Top - Grey,Vivo Meli Ruffle Sleeve Top,V1124143,Vivo,Loose Tops,1350,catalog,1
V1024002RSTM,Vivo Merika Knee Length Wrap Dress - Rust,Vivo Merika Knee Length Wrap Dress,V1024002,Vivo,Knee Length Dresses,1650,catalog,1
V1024048SEGM,Vivo Merika Satin Wrap Top - Sea Green,Vivo Merika Satin Wrap Top,V1024048,Vivo,Fitted Tops,2450,catalog,1
V1123158PR1L,Vivo Mira Reversible Wrap Top - Peach / Brown Fan Print,Vivo Mira Reversible Wrap Top,V1123158,Vivo,Fitted Tops,950,catalog,1
V1123154PR7S,Vivo Mira Straight Leg Pants - Teal / Black Print,Vivo Mira Straight Leg Pants,V1123154,Vivo,Full Length Pants,3150,catalog,1
V0719553TAUL,Vivo Mock Maxi Dress - Taupe,Vivo Mock Neck Tent Maxi Dress,V0719553,Vivo,Maxi Dresses,3350,catalog,1
V0719553TAUM,Vivo Mock Maxi Dress - Taupe,Vivo Mock Neck Tent Maxi Dress,V0719553,Vivo,Maxi Dresses,3350,catalog,1
V0224240PR2S,Vivo Must Have Shorts - Hawi Print,Vivo Must Have Shorts,V0224240,Vivo,Shorts & Skorts,2450,catalog,1
V0224240PR3XS,Vivo Must Have Shorts - Bukavu,Vivo Must Have Shorts,V0224240,Vivo,Shorts & Skorts,2450,catalog,1
V0224240PR44X-CHA,Vivo Must Have Shorts - Chari Print,Vivo Must Have Shorts,V0224240,Vivo,Shorts & Skorts,1250,catalog,1
V0224240PR4XS-LIR,Vivo Must Have Shorts - Lira Print,Vivo Must Have Shorts,V0224240,Vivo,Shorts & Skorts,2450,catalog,1
V0224240PR54X-TUS,Vivo Must Have Shorts - Tusi Print,Vivo Must Have Shorts,V0224240,Vivo,Shorts & Skorts,2450,catalog,1
V0224240PR73X-TAN,Vivo Must Have Shorts - Tana Print,Vivo Must Have Shorts,V0224240,Vivo,Shorts & Skorts,950,catalog,1
V0224240SAIL,Vivo Must Have Shorts - Sai,Vivo Must Have Shorts,V0224240,Vivo,Shorts & Skorts,2450,catalog,1
V0224240ZENS,Vivo Must Have Shorts in Zena Print,Vivo Must Have Shorts,V0224240,Vivo,Shorts & Skorts,1050,catalog,1
V0224204OLL,Vivo Nala Shift Dress - Olive,Vivo Nala Shift Dress,V0224204,Vivo,Knee Length Dresses,1950,catalog,1
V0224125DNABL,Vivo Nala Shirt Dress - Dark Navy Blue,Vivo Nala Shirt Dress,V0224125,Vivo,Knee Length Dresses,5750,catalog,1
V0224125NAB1X,Vivo Nala Shirt Dress - Navy Blue,Vivo Nala Shirt Dress,V0224125,Vivo,Knee Length Dresses,5750,catalog,1
V0224125NABS,Vivo Nala Shirt Dress - Navy Blue,Vivo Nala Shirt Dress,V0224125,Vivo,Knee Length Dresses,5750,catalog,1
V0224125TEAL,Vivo Nala Shirt Dress - Teal,Vivo Nala Shirt Dress,V0224125,Vivo,Knee Length Dresses,5750,catalog,1
V0624032PR11X,Vivo Nasinka Ruffle Sleeve Jumpsuit - Dark Mustard / Black Sinka Print,Vivo Nasinka Ruffle Sleeve Jumpsuit,V0624032,Vivo,Jumpsuits & Playsuits,5500,catalog,1
V0724027BLAM,Vivo Nasinka V-Neck Maxi Dress -  Black - BLACK / V0724027 / M,Vivo Nasinka V-Neck Maxi Dress,V0724027,Vivo,Maxi Dresses,6950,odoo,1
V0724027BLAS,Vivo Nasinka V-Neck Maxi Dress -  Black - BLACK / V0724027 / S,Vivo Nasinka V-Neck Maxi Dress,V0724027,Vivo,Maxi Dresses,6950,odoo,1
V0724027FUSS,Vivo Nasinka V-Neck Maxi Dress - Fuschia - FUSCHIA / V0724027 / S,Vivo Nasinka V-Neck Maxi Dress,V0724027,Vivo,Maxi Dresses,4850,odoo,1
V0823129PR11X,Vivo Naya One Shoulder Flounce  Top - Alizeti - ALIZETI / V0823129 / 1X,Vivo Naya One Shoulder Flounce  Top,V0823129,Vivo,Loose Tops,700,odoo,1
V0823129PR33X,Vivo Naya One Shoulder Flounce Top - Tawi,Vivo Naya One Shoulder Flounce  Top,V0823129,Vivo,Fitted Tops,700,catalog,1
V0823L129PR2L,Vivo Naya One Shoulder Flounce  Top - Tausi - TAUSI / V0823129 / L,Vivo Naya One Shoulder Flounce  Top,V0823L1,Vivo,Loose Tops,700,odoo,1
V0325003BLA1X,Vivo Niari Boat Neck Dress - Black - BLACK / V0325003 / 1X,Vivo Niari Boat Neck Dress,V0325003,Vivo,Knee Length Dresses,4950,odoo,1
V0325003LOLI1X,Vivo Niari Boat Neck Dress - Light Olive,Vivo Niari Boat Neck Dress,V0325003,Vivo,Knee Length Dresses,3550,catalog,1
V0525002DGRNL,Vivo Niari Full Length Pants - Dusty Green,Vivo Niari Full Length Pants,V0525002,Vivo,Full Length Pants,1950,catalog,1
V0525002DGRNS,Vivo Niari Full Length Pants - Dusty Green - GREEN / V0525002 / S,Vivo Niari Full Length Pants,V0525002,Vivo,Full Length Pants,1950,odoo,1
V0525002GREL,Vivo Niari Full Length Pants - Grey - GREY / V0525002 / L,Vivo Niari Full Length Pants,V0525002,Vivo,Full Length Pants,1950,odoo,1
V0525002PR11X,Vivo Niari Full Length Pants - Olive Pinstripes - PRINT / V0525002 / 1X,Vivo Niari Full Length Pants,V0525002,Vivo,Full Length Pants,3900,odoo,1
V1025011DPIM,Vivo Niari Pleated Dress In Crepe - Dark Pink - DARK PINK / V1025011 / M,Vivo Niari Pleated Dress in Crepe,V1025011,Vivo,Knee Length Dresses,4900,odoo,1
V0225011BLAM,Vivo Niari straight leg Pants - Black - BLACK / V0225011 / M,Vivo Niari straight leg Pants,V0225011,Vivo,Full Length Pants,3950,odoo,1
V0225011NAVS,Vivo Niari straight leg Pants - Navy - NAVY / V0225011 / S,Vivo Niari straight leg Pants,V0225011,Vivo,Full Length Pants,2750,odoo,1
VE0057BLAL,Vivo Nimali Satin Blouse - Black - VE0057 / BLACK / L,Vivo Nimali Satin Blouse,VE0057B,Vivo,Loose Tops,2450,odoo,1
VE0057MUSXS,Vivo Nimali Satin Blouse - Mustard - MUSTARD / MUSTARD / XS,Vivo Nimali Satin Blouse,VE0057M,Vivo,Loose Tops,2450,odoo,1
VE0057ORA3X,Vivo Nimali Satin Blouse - Orange - ORANGE / ORANGE / 3X,Vivo Nimali Satin Blouse,VE0057O,Vivo,Loose Tops,1450,odoo,1
VE0054DAGR4X,Vivo Nimali Satin Halter Top - Dark Green,Vivo Nimali Satin Halter Top,VE0054D,Vivo,Loose Tops,1750,odoo,1
VE0054LIL4X,Vivo Nimali Satin Halter Top - Lilac - PURPLE / LILAC / 4X,Vivo Nimali Satin Halter Top,VE0054L,Vivo,Loose Tops,950,odoo,1
VE0054LILM,Vivo Nimali Satin Halter Top - Lilac,Vivo Nimali Satin Halter Top,VE0054L,Vivo,Fitted Tops,950,catalog,1
VE0054PURM,Vivo Nimali Satin Halter Top - Purple,Vivo Nimali Satin Halter Top,VE0054P,Vivo,Fitted Tops,1350,catalog,1
VE0055BLU4X,Vivo Nimali Satin Joggers - Blue,Vivo Nimali Satin Joggers,VE0055B,Vivo,Full Length Pants,1450,catalog,1
VE0055BLUS,Vivo Nimali Satin Joggers - Blue,Vivo Nimali Satin Joggers,VE0055B,Vivo,Full Length Pants,1450,catalog,1
VE0055BROS,Vivo Nimali Satin Joggers,Vivo Nimali Satin Joggers,VE0055B,Vivo,Full Length Pants,1450,catalog,1
VE0055GOLS,Vivo Nimali Satin Joggers - Gold,Vivo Nimali Satin Joggers,VE0055G,Vivo,Full Length Pants,1450,catalog,1
VE0055LIL3X,Vivo Nimali Satin Joggers - Lilac,Vivo Nimali Satin Joggers,VE0055L,Vivo,Full Length Pants,1450,catalog,1
VE0055LIL4X,Vivo Nimali Satin Joggers - Lilac,Vivo Nimali Satin Joggers,VE0055L,Vivo,Full Length Pants,1450,catalog,1
VE0055LILM,Vivo Nimali Satin Joggers - Lilac,Vivo Nimali Satin Joggers,VE0055L,Vivo,Full Length Pants,1450,catalog,1
VE0055PINXS,Vivo Nimali Satin Joggers - Pink,Vivo Nimali Satin Joggers,VE0055P,Vivo,Full Length Pants,1450,catalog,1
VE0055RUS3X,Vivo Nimali Satin Joggers - Rust,Vivo Nimali Satin Joggers,VE0055R,Vivo,Full Length Pants,1450,catalog,1
VE0055RUSS,Vivo Nimali Satin Joggers - Rust,Vivo Nimali Satin Joggers,VE0055R,Vivo,Full Length Pants,1450,catalog,1
VE0055WHIXS,Vivo Nimali Satin Joggers - White,Vivo Nimali Satin Joggers - White,VE0055W,Vivo,Full Length Pants,2050,odoo,1
VE0056BLUL,Vivo Nimali Satin Shorts - Blue,Vivo Nimali Satin Shorts,VE0056B,Vivo,Shorts & Skorts,2950,odoo,1
VE0056BLUXS,Vivo Nimali Satin Shorts - Blue,Vivo Nimali Satin Shorts,VE0056B,Vivo,Shorts & Skorts,2950,odoo,1
VE0056BROM,Vivo Nimali Satin Shorts - Brown,Vivo Nimali Satin Shorts,VE0056B,Vivo,Shorts & Skorts,2950,odoo,1
VE0056PIN4X,Vivo Nimali Satin Shorts - Pink,Vivo Nimali Satin Shorts,VE0056P,Vivo,Shorts & Skorts,1450,catalog,1
VE0056PINM,Vivo Nimali Satin Shorts - Pink,Vivo Nimali Satin Shorts,VE0056P,Vivo,Shorts & Skorts,1450,catalog,1
VE0056GOL2X,Vivo Nimali Satin Shorts - Gold - YELLOW / GOLD / 2X,Vivo Nimali Satin Shorts - Gold,VE0056G,Vivo,Shorts & Skorts,2950,odoo,1
VE0056GOLM,Vivo Nimali Satin Shorts - Gold,Vivo Nimali Satin Shorts - Gold,VE0056G,Vivo,Shorts & Skorts,2950,odoo,1
VE0056GRE3X,Vivo Nimali Satin Shorts - Grey,Vivo Nimali Satin Shorts - Gold,VE0056G,Vivo,Shorts & Skorts,2950,odoo,1
VE0056GRE4X,Vivo Nimali Satin Shorts - Grey,Vivo Nimali Satin Shorts - Gold,VE0056G,Vivo,Shorts & Skorts,2950,odoo,1
VE0056RED2X,Vivo Nimali Satin Shorts - Red - RED / RED / 2X,Vivo Nimali Satin Shorts - Red,VE0056R,Vivo,Shorts & Skorts,2950,odoo,1
VE0056RED3X,Vivo Nimali Satin Shorts - Red,Vivo Nimali Satin Shorts - Red,VE0056R,Vivo,Shorts & Skorts,2950,odoo,1
VE0056REDS,Vivo Nimali Satin Shorts - Red,Vivo Nimali Satin Shorts - Red,VE0056R,Vivo,Shorts & Skorts,2950,odoo,1
VE0056WHI4X,Vivo Nimali Satin Shorts - White,Vivo Nimali Satin Shorts - White,VE0056W,Vivo,Shorts & Skorts,2050,odoo,1
V0724037PR1M/L,Vivo Nkasi Asymmetrical Top - Burgundy / Orange Kasi Print - PRINT / V0724037 / M/L,Vivo Nkasi Asymmetrical Top,V0724037,Vivo,Loose Tops,2250,odoo,1
V0724037PR2XS/S,Vivo Nkasi Asymmetrical Top - Teal / Burgundy Kasi Print - TEAL / BURGUNDY KASI PRINT / V0724037 / XS/S,Vivo Nkasi Asymmetrical Top,V0724037,Vivo,Loose Tops,2250,odoo,1
V0724047PR2S,Vivo Nkasi Wide Leg Pants - Teal / Burgundy Kasi Print - TEAL / BURGUNDY KASI PRINT / V0724047 / S,Vivo Nkasi Wide Leg Pants,V0724047,Vivo,Full Length Pants,4250,odoo,1
V0825014BLA1X,Vivo Nora Front Pleat Knee Length Dress - Black,Vivo Nora Front Pleat Knee Length Dress,V0825014,Vivo,Knee Length Dresses,2250,catalog,1
V0825014CHOS,Vivo Nora Front Pleat Knee Length Dress - Chocolate - BROWN / V0825014 / S,Vivo Nora Front Pleat Knee Length Dress,V0825014,Vivo,Knee Length Dresses,2250,odoo,1
V0825014DREL,Vivo Nora Front Pleat Knee Length Dress - Dark Red,Vivo Nora Front Pleat Knee Length Dress,V0825014,Vivo,Knee Length Dresses,2250,catalog,1
V0825014DRES,Vivo Nora Front Pleat Knee Length Dress - Dark Red,Vivo Nora Front Pleat Knee Length Dress,V0825014,Vivo,Knee Length Dresses,2250,catalog,1
V0724107PR5S,Vivo Paji Boat Neck Sheath Dress - Navy Dotted,Vivo Paji Boat Neck Sheath Dress,V0724107,Vivo,Knee Length Dresses,4250,catalog,1
V0824034NVY1X,Vivo Paji Dress Coat - Navy - NAVY / V0824034 / 1X,Vivo Paji Dress Coat,V0824034,Vivo,Jackets & Coats,750,odoo,1
V0922015LIMSL,Vivo Pesi Basic Long Sleeve Shirt - Lime Stripes,Vivo Pesi Basic Long Sleeve Shirt,V0922015,Vivo,Fitted Tops,1950,catalog,1
V0921084BLAL,Vivo Ponte Back Pleat Maxi Dress - Black - BLACK / V0921084 / L,Vivo Ponte Back Pleat Maxi Dress,V0921084,Vivo,Maxi Dresses,3850,odoo,1
V0921084BLAS,Vivo Ponte Back Pleat Maxi Dress - Black - BLACK / V0921084 / S,Vivo Ponte Back Pleat Maxi Dress,V0921084,Vivo,Maxi Dresses,3850,odoo,1
V0224221PR4S,Vivo Reba Gathered Dress - Green / Mustard Eba Print - PRINT / V0224221 / S,Vivo Reba Gathered Dress,V0224221,Vivo,Knee Length Dresses,1150,odoo,1
V0224221PR5L,Vivo Reba Gathered Dress - Red / Navy Eba Print - Red / Navy Eba Print / V0224221 / L,Vivo Reba Gathered Dress,V0224221,Vivo,Knee Length Dresses,2350,odoo,1
V0425007RBLUS,Vivo Rema High Low Maxi Dress - Royal Blue,Vivo Rema High Low Maxi Dress,V0425007,Vivo,Midi & Capri Dresses,2750,odoo,1
V0425003DTAUXS/S,Vivo Rema Waterfall - Dark Taupe - DARK TAUPE / V0425003 / XS/S,Vivo Rema Waterfall,V0425003,Vivo,Waterfalls & Kimonos,3900,odoo,1
V0825022DMU1X,Vivo Ria Drop Shoulder Top - Dark Mustard,Vivo Ria Drop Shoulder Top,V0825022,Vivo,T-shirts & Tank Tops,2500,catalog,1
V0825022DMUS,Vivo Ria Drop Shoulder Top - Dark Mustard - MUSTARD / V0825022 / S,Vivo Ria Drop Shoulder Top,V0825022,Vivo,Loose Tops,2500,odoo,1
V0825022DOLS,Vivo Ria Drop Shoulder Top - Dark Olive - GREEN / V0825022 / S,Vivo Ria Drop Shoulder Top,V0825022,Vivo,Loose Tops,2500,odoo,1
V0825022TEA1X,Vivo Ria Drop Shoulder Top - Teal - TEAL / V0825022 / 1X,Vivo Ria Drop Shoulder Top,V0825022,Vivo,Loose Tops,1750,odoo,1
V0725045FUSM,Vivo Ria Mock Neck Top - Fuschia - PINK / V0725045 / M,Vivo Ria Mock Neck Top,V0725045,Vivo,Loose Tops,1750,odoo,1
V0325010BLCKSM,Vivo Safa Drawstring Wide Top - Black - BLACK / V0325010 / S/M,Vivo Safa Drawstring Wide Top,V0325010,Vivo,Accessories,2950,odoo,1
V0325070MUSTM,Vivo Safa Pallazo Pants - Mustard - MUSTARD / V0325070 / M,Vivo Safa Pallazo Pants,V0325070,Vivo,Full Length Pants,950,odoo,1
V0325007CHOS,Vivo Safa Skirt - Chocolate,Vivo Safa Skirt,V0325007,Vivo,Midi & Capri Skirts,2050,catalog,1
V0325007TAU1X,Vivo Safa Skirt - Taupe - TAUPE / V0325007 / 1X,Vivo Safa Skirt,V0325007,Vivo,Knee Length Skirts,2950,odoo,1
V0325071MUSS,Vivo Safa Slit Side Top - Mustard - MUSTARD / V0325071 / S,Vivo Safa Slit Side Top,V0325071,Vivo,Loose Tops,3550,odoo,1
V0424027NAVXS,Vivo Saida Cigarrets Pants - Navy,Vivo Saida Cigarrets Pants,V0424027,Vivo,Full Length Pants,750,odoo,1
V0525043PR3S/M,Vivo Samira Maxi Kimono - Dark Navy / Gold Print - DARK NAVY / GOLD PRINT / V0525043 / S/M,Vivo Samira Maxi Kimono,V0525043,Vivo,Waterfalls & Kimonos,5900,odoo,1
V1123144PR101X/2X,Vivo Sanali Off - Shoulder Maxi Dress - Mustard / Black Lifi Print - MUSTARD / BLACK LIFI PRINT / V1123144 / 1X/2X,Vivo Sanali Off,V1123144,Vivo,Maxi Dresses,4150,odoo,1
V1023086PURL,Vivo Sanyu Pleated Pants - Purple,Vivo Sanyu Pleated Pants,V1023086,Vivo,Full Length Pants,1350,catalog,1
V0424161PR6F,Vivo Sarong Skirt - Burgundy / Tan Print,Vivo Sarong Skirt,V0424161,Vivo,Midi & Capri Skirts,1550,catalog,1
V0525054BUT1X,Vivo Selah Midi Skirt - Buttermilk - BUTTERMILK / V0525054 / 1X,Vivo Selah Midi Skirt,V0525054,Vivo,Knee Length Skirts,2900,odoo,1
V1124111BLAXS,Vivo Seli Maxi Skirt - Black - BLACK / V1124111 / XS,Vivo Seli Maxi Skirt,V1124111,Vivo,Maxi Dresses,2950,odoo,1
V0924101PR31X/2X,Vivo Serwa Square Neck Maxi Dress - Pink / Navy Sera Print,Vivo Serwa Square Neck Maxi Dress,V0924101,Vivo,Maxi Dresses,2750,catalog,1
V0924099PR2S,Vivo Serwa Tiered Maxi Skirt - Blue / Black Wera Print,Vivo Serwa Tiered Maxi Skirt,V0924099,Vivo,Maxi Skirts,2450,catalog,1
VE0034KIDXS,Vivo Shorts - Kidal,Vivo Shorts,VE0034K,Vivo,Shorts & Skorts,2450,odoo,1
VE0034MOAXS,Vivo Shorts - Moabi,Vivo Shorts,VE0034M,Vivo,Shorts & Skorts,2450,odoo,1
V0121031PR17S,Vivo Sierra Bishop Sleeve Top - Brown / Yellow Lika Print,Vivo Sierra Bishop Sleeve Top,V0121031,Vivo,Loose Tops,1350,catalog,1
V0324063TEAL/1X,Vivo Sleeveless Side  Slit Midi  Waterfall - Teal - TEAL / V0324063 / L/XL,Vivo Sleeveless Side  Slit Midi  Waterfall,V0324063,Vivo,Waterfalls & Kimonos,5250,odoo,1
V0424156PR33X,Vivo Solei Shorts(without lining) - Grey / Black Print - PRINT / V0424156 / 3X,Vivo Solei Shorts(without lining),V0424156,Vivo,Shorts & Skorts,3450,odoo,1
V0424156PR34X,Vivo Solei Shorts(without lining) - Grey / Black Print - PRINT / V0424156 / 4X,Vivo Solei Shorts(without lining),V0424156,Vivo,Shorts & Skorts,3450,odoo,1
V0424156PR43X,Vivo Solei Shorts(without lining) - Black / White Print - WHITE / BLACK PRINT / V0424156 / 3X,Vivo Solei Shorts(without lining),V0424156,Vivo,Shorts & Skorts,3450,odoo,1
V0424156PR4XS,Vivo Solei Shorts(without lining) - Black / White Print - WHITE / BLACK PRINT / V0424156 / XS,Vivo Solei Shorts(without lining),V0424156,Vivo,Shorts & Skorts,3450,odoo,1
V0723079PR5XS/S,Vivo Soleil Handkerchief Drape Wide Top - Peach / Navy - PEACH / NAVY  PRINT / V0723079 / XS/S,Vivo Soleil Handkerchief Drape Wide Top,V0723079,Vivo,Loose Tops,3750,odoo,1
V1225011PR11X,Vivo Studio Longline Shorts in Crepe - Maroon Stripes,Vivo Studio Longline Shorts in Crepe,V1225011,Vivo,Shorts & Skorts,3200,catalog,1
V0126014LGRM,Vivo Studio Shoulder Tie Top in Jersey - Lime Green,Vivo Studio Shoulder Tie Top in Jersey,V0126014,Vivo,Fitted Tops,3200,catalog,1
V0126014LGRS,Vivo Studio Shoulder Tie Top in Jersey - Lime Green - LIME GREEN / V0126014 / S,Vivo Studio Shoulder Tie Top in Jersey,V0126014,Vivo,Loose Tops,3200,odoo,1
V1124102DAOS,Vivo Tahisa Straight Leg Pants - Dark Olive - DARK OLIVE / V1124102 / S,Vivo Tahisa Straight Leg Pants,V1124102,Vivo,Full Length Pants,2750,odoo,1
V1124102MIDBS,Vivo Tahisa Straight Leg Pants -Midnight Blue - MIDNIGHT BLUE / V1124102 / S,Vivo Tahisa Straight Leg Pants,V1124102,Vivo,Full Length Pants,2750,odoo,1
V1124102NAVL,Vivo Tahisa Straight Leg Pants - Navy,Vivo Tahisa Straight Leg Pants,V1124102,Vivo,Full Length Pants,3950,catalog,1
V1124102NAVS,Vivo Tahisa Straight Leg Pants - Navy,Vivo Tahisa Straight Leg Pants,V1124102,Vivo,Full Length Pants,3950,catalog,1
V1124102ORAM,Vivo Tahisa Straight Leg Pants - Orange - ORANGE / V1124102 / M,Vivo Tahisa Straight Leg Pants,V1124102,Vivo,Full Length Pants,1550,odoo,1
V1125011PR2L,Vivo Talia Kimono & Shorts Set - Olive / Hunters Green Print - OLIVE / HUNTERS GREEN PRINT / V1125011 / L,Vivo Talia Kimono & Shorts Set,V1125011,Vivo,Waterfalls & Kimonos,6500,odoo,1
V0822027PR28XS/S,Vivo Tana Off Shoulder Maxi Dress - White / Purple Dana Print - WHITE / PURPLE DANA PRINT / V0822027 / XS/S,Vivo Tana Off Shoulder Maxi Dress,V0822027,Vivo,Maxi Dresses,6750,odoo,1
V1223018YELLL,Vivo Tana Puff Sleeve A-Line Dress - Yellow,Vivo Tana Puff Sleeve A-Line Dress,V1223018,Vivo,Knee Length Dresses,1750,catalog,1
V1223018YELLS,Vivo Tana Puff Sleeve A-Line Dress - Yellow,Vivo Tana Puff Sleeve A-Line Dress,V1223018,Vivo,Knee Length Dresses,1750,catalog,1
V0825002RUSXS/S,Vivo Tanda Handkerchief Drape Top - Rust - RUST / V0825002 / XS/S,Vivo Tanda Handkerchief Drape Top,V0825002,Vivo,Loose Tops,2750,odoo,1
V0124028ORAL,Vivo Tande Boat Neck Dress  - Orange - ORANGE / V0124028 / L,Vivo Tande Boat Neck Dress,V0124028,Vivo,Knee Length Dresses,3450,odoo,1
V0124084WHIS,Vivo Tande Camisole - White,Vivo Tande Camisole,V0124084,Vivo,Fitted Tops,350,odoo,1
V0724076NVRL,Vivo Tatari Cap Sleeve Sheath Dress - Navy / Rust - NAVY/ RUST / V0724076 / L,Vivo Tatari Cap Sleeve Sheath Dress,V0724076,Vivo,Knee Length Dresses,3600,odoo,1
V0424092NABM,Vivo Tatari Knee Length Coat - Navy Blue - NAVY BLUE / V0424092 / M,Vivo Tatari Knee Length Coat,V0424092,Vivo,Jackets & Coats,1550,odoo,1
V0423050RUS1X,Vivo Tatili Wide Leg Pants - Rust,Vivo Tatili Wide Leg Pants,V0423050,Vivo,Full Length Pants,4500,catalog,1
VE0028PR21X,Vivo Trench Coat - Obu - PRINT / VE0028 / 1X,Vivo Trench Coat,VE0028P,Vivo,Jackets & Coats,1650,odoo,1
V0821190BLAL,Vivo Tsavo Sleeveless Scalloped Hem Dress Top - Black,Vivo Tsavo Sleeveless Scalloped Hem Dress Top,V0821190,Vivo,Fitted Tops,1450,odoo,1
V0224148NAV/WHI2X,Vivo Vinna 3/4 Seeve A-Line Dress - Navy / White - NAVY / WHITE / V0224148 / 2X,Vivo Vinna 3/4 Seeve A-Line Dress,V0224148,Vivo,Knee Length Dresses,1550,odoo,1
V0224142WHI4X,Vivo Vinna Slit Sleeve Top - White / Black - WHITE / BLACK / V0224142 / 4X,Vivo Vinna Slit Sleeve Top,V0224142,Vivo,Loose Tops,3550,odoo,1
V1024066BLU1X,Vivo Wena High Slit Maxi Shirt - Blue - BLUE / V1024066 / 1X,Vivo Wena High Slit Maxi Shirt,V1024066,Vivo,Maxi Dresses,1250,odoo,1
V0126042DPIN2X,Vivo Wide Leg Pants in Crepe - Dark Pink,Vivo Wide Leg Pants in Crepe,V0126042,Vivo,Full Length Pants,4900,catalog,1
V0823158TAUXXS,Vivo X This Is Essential  Sleeveless Scooped Neck Bodysuit - Taupe - TAUPE / V0823158 / XXS,Vivo X This Is Essential  Sleeveless Scooped Neck Bodysuit,V0823158,Vivo,Bodysuits,1950,odoo,1
V0324080NAB/WHIS,Vivo X This Is Essential Leggings - Navy Blue / White - NAVY BLUE / WHITE / V0324080 / S,Vivo X This Is Essential Leggings,V0324080,Vivo,Leggings,2950,odoo,1
V0424116NABL,X This Is Essential Raceback Bralette - Navy Blue,Vivo X This Is Essential Raceback Bralette,V0424116,Vivo,Bodysuits,1500,odoo,1
V0224109GRYS,Vivo X This Is Essential Short Unitard - Grey,Vivo X This Is Essential Short Unitard,V0224109,Vivo,Jumpsuits & Playsuits,3250,catalog,1
V0224109NABL,Vivo X This Is Essential Short Unitard - Navy Blue,Vivo X This Is Essential Short Unitard,V0224109,Vivo,Jumpsuits & Playsuits,3250,catalog,1
V0823155WHIXXS,Vivo X This Is Essential Strappy Bodysuit - White - WHITE / V0823155 / XXS,Vivo X This Is Essential Strappy Bodysuit,V0823155,Vivo,Bodysuits,2250,odoo,1
V1223037WHIM,Vivo X This Is Essentials Long Sleeve Crew Neck Bodysuit - White,Vivo X This Is Essentials Long Sleeve Crew Neck Bodysuit,V1223037,Vivo,Bodysuits,3750,catalog,1
V0125004PLUS,Vivo Yene High Slit Tunic Top - Plum - PLUM / V0125004 / S,Vivo Yene High Slit Tunic Top,V0125004,Vivo,Loose Tops,2650,odoo,1
V0125032PR21X,Vivo Yene Jumpsuit - White / Burgundy Shibori Print,Vivo Yene Jumpsuit,V0125032,Vivo,Jumpsuits & Playsuits,3850,odoo,1
V0125003WHTS,Vivo Yene Layered Midi Dress - White - WHITE / V0125003 / S,Vivo Yene Layered Midi Dress,V0125003,Vivo,Midi & Capri Dresses,2350,odoo,1
V0125006MINM,Vivo Yene Layered Top - Mint Green,Vivo Yene Layered Top,V0125006,Vivo,Fitted Tops,1050,catalog,1
V0125005BLAS/M,Vivo Yene One Shoulder Kaftan - Black,Vivo Yene One Shoulder Kaftan,V0125005,Vivo,Maxi Dresses,2250,catalog,1
V1124138BLAM,Vivo Yene Wide Leg Pants - Black - black / V1124138 / m,Vivo Yene Wide Leg Pants,V1124138,Vivo,Full Length Pants,1550,odoo,1
V1124138BLAS,Vivo Yene Wide Leg Pants - Black - black / V1124138 / s,Vivo Yene Wide Leg Pants,V1124138,Vivo,Full Length Pants,1550,odoo,1
V1124138HOP1X,Vivo Yene Wide Leg Pants - Hot Pink - HOT PINK / V1124138 / 1X,Vivo Yene Wide Leg Pants,V1124138,Vivo,Full Length Pants,1550,odoo,1
V1124138HOPM,Vivo Yene Wide Leg Pants - Hot Pink - hot-pink / V1124138 / m,Vivo Yene Wide Leg Pants,V1124138,Vivo,Full Length Pants,1550,odoo,1
V1124138LIGTS,Vivo Yene Wide Leg Pants - Light Teal - LIGHT TEAL / V1124138 / S,Vivo Yene Wide Leg Pants,V1124138,Vivo,Full Length Pants,2750,odoo,1
V1124138PURL,Vivo Yene Wide Leg Pants - Purple,Vivo Yene Wide Leg Pants,V1124138,Vivo,Full Length Pants,1550,catalog,1
V1124138PURM,Vivo Yene Wide Leg Pants - Purple,Vivo Yene Wide Leg Pants,V1124138,Vivo,Full Length Pants,1550,catalog,1
V0719828TAUS/M,Vivo Yoga Wrap - Taupe,Vivo Yoga Wrap,V0719828,Vivo,Waterfalls & Kimonos,1000,odoo,1
V0223153DNAV1X,Vivo Yumi Maxi Shirt Dress - Dark Navy - DARK NAVY / V0223153 / 1X,Vivo Yumi Maxi Shirt Dress,V0223153,Vivo,Maxi Dresses,6500,odoo,1
V0126031DGRNS/M,Vivo Yumi Off Shoulder Jumpsuit In Crepe - Dark Green,Vivo Yumi Off Shoulder Jumpsuit In Crepe,V0126031,Vivo,Jumpsuits & Playsuits,6900,catalog,1
V0126031MARL/1X,Vivo Yumi Off Shoulder Jumpsuit In Crepe - Maroon - MAROON / V0126031 / L/1X,Vivo Yumi Off Shoulder Jumpsuit In Crepe,V0126031,Vivo,Jumpsuits & Playsuits,6900,odoo,1
V0623013PR31X,Vivo Zahari Sweatheart Neck Jumpsuit - Green / Black Print - PRINT / V0623013 / 1X,Vivo Zahari Sweatheart Neck Jumpsuit,V0623013,Vivo,Jumpsuits & Playsuits,2650,odoo,1
V0422149LNABM,Vivo Zena Bishop Panel Long Sleeve Round Neck Dress - Light Navy Blue - LIGHT NAVY BLUE / V0422149 / M,Vivo Zena Bishop Panel Long Sleeve Round Neck Dress,V0422149,Vivo,Knee Length Dresses,4950,odoo,1
Z0324012BLA3X,Zoya  Taani Maxi Dress - Black - BLACK / Z0324012 / 3X,Zoya  Taani Maxi Dress,Z0324012,Zoya,Maxi Dresses,1100,odoo,1
Z0324012NAVXS,Zoya  Taani Maxi Dress - Navy - NAVY / Z0324012 / XS,Zoya  Taani Maxi Dress,Z0324012,Zoya,Maxi Dresses,1100,odoo,1
Z0924065BLNAXS/S,Zoya Aridi Cropped Jacket - Blue Flannel / Navy - PRINT / Z0924065 / XS/S,Zoya Aridi Cropped Jacket,Z0924065,Zoya,Jackets & Coats,1600,odoo,1
Z1024021PR31X/2X,Zoya Aridi Cropped Jacket - Black / White - BLACK / WHITE / Z1024021 / 1X/2X,Zoya Aridi Cropped Jacket,Z1024021,Zoya,Jackets & Coats,2250,odoo,1
Z1024021PR5M/L,Zoya Aridi Cropped Jacket - Navy / Blue,Zoya Aridi Cropped Jacket,Z1024021,Zoya,Jackets & Coats,2050,catalog,1
Z1024021PR5XS/S,Zoya Aridi Cropped Jacket - Navy / Blue,Zoya Aridi Cropped Jacket,Z1024021,Zoya,Jackets & Coats,2050,catalog,1
Z0724060PINM/L,Zoya Banda Drop Shoulder Unisex Wide Jacket - Pink - PINK / Z0724060 / M/L,Zoya Banda Drop Shoulder Unisex Wide Jacket,Z0724060,Zoya,Jackets & Coats,750,odoo,1
Z0724050BLA3X,Zoya Banda Halter Neck Assymetrical Crop Top - Black - BLACK / Z0724050 / 3X,Zoya Banda Halter Neck Assymetrical Crop Top,Z0724050,Zoya,Loose Tops,1100,odoo,1
Z0724062BLUXS/S,Zoya Banda Unisex Shacket - Blue,Zoya Banda Unisex Shacket,Z0724062,Zoya,Accessories,2500,odoo,1
Z0724062PINXS/S,Zoya Banda Unisex Shacket - Pink,Zoya Banda Unisex Shacket,Z0724062,Zoya,Jackets & Coats,2500,odoo,1
Z0724059BLU1X/2X,Zoya Banda Waist Length Zipped Jacket - Blue - BLUE / Z0724059 / 1X/2X,Zoya Banda Waist Length Zipped Jacket,Z0724059,Zoya,Jackets & Coats,750,odoo,1
Z0724101BLAXS,Zoya Basic Halter Tie Top - Black - BLACK / Z0724101 / XS,Zoya Basic Halter Tie Top,Z0724101,Zoya,Loose Tops,350,odoo,1
Z0724101WHIS,Zoya Basic Halter Tie Top - White - WHITE / Z0724101 / S,Zoya Basic Halter Tie Top,Z0724101,Zoya,Loose Tops,250,odoo,1
Z0722035TAUXL,Zoya Basic Long Sleeve Bodycon - Taupe - TAUPE / Z0722035 / XL,Zoya Basic Long Sleeve Bodycon,Z0722035,Zoya,Knee Length Dresses,1800,odoo,1
Z0922062NABL,Zoya Basic Long Sleeve Top - Navy Blue - NAVY BLUE / Z0922062 / L,Zoya Basic Long Sleeve Top,Z0922062,Zoya,Loose Tops,1600,odoo,1
Z0724102NABM,Zoya Basic Racer Back Crop Top - Navy Blue - NAVY BLUE / Z0724102 / M,Zoya Basic Racer Back Crop Top,Z0724102,Zoya,Loose Tops,450,odoo,1
Z0819065MUS4X,Zoya Basic Tank Top - Mustard,Zoya Basic Tank Top,Z0819065,Zoya,T-shirts & Tank Tops,350,odoo,1
Z0819065WHIL,Zoya Basic Tank Top - White,Zoya Basic Tank Top,Z0819065,Zoya,T-shirts & Tank Tops,1250,odoo,1
Z0819065YEL4X,Zoya Basic Tank Top - Yellow,Zoya Basic Tank Top,Z0819065,Zoya,T-shirts & Tank Tops,250,odoo,1
Z0821148PR2S,Zoya Essentials Mini Bodycon - Black / Purple Geometric Print - BLACK / PURPLE GEOMETRIC PRINT / Z0821148 / S,Zoya Essentials Mini Bodycon,Z0821148,Zoya,Knee Length Dresses,2750,odoo,1
Z1124124GREXS,Zoya Kyro Pleated Mini Skirt - Grey - GREY / Z1124124 / XS,Zoya Kyro Pleated Mini Skirt,Z1124124,Zoya,Knee Length Skirts,450,odoo,1
Z1124120TAUS,Zoya Kyro Strappy Vest - Taupe - TAUPE / Z1124120 / S,Zoya Kyro Strappy Vest,Z1124120,Zoya,Loose Tops,950,odoo,1
Z0124043MUSM,Zoya Luna Cargo Pants - Mustard,Zoya Luna Cargo Pants,Z0124043,Zoya,Full Length Pants,1050,catalog,1
Z0124043MUSXS,Zoya Luna Cargo Pants - Mustard,Zoya Luna Cargo Pants,Z0124043,Zoya,Full Length Pants,1050,catalog,1
Z0124042BLA3X,Zoya Luna Drawstring Maxi Dress - Black,Zoya Luna Drawstring Maxi Dress,Z0124042,Zoya,Maxi Dresses,550,odoo,1
Z0124037BLAS,Zoya Luna Halter Neck Top - Black,Zoya Luna Halter Neck Top,Z0124037,Zoya,Midriff & Crop Tops,1750,odoo,1
Z0124037BLAXS,Zoya Luna Halter Neck Top - Black,Zoya Luna Halter Neck Top,Z0124037,Zoya,Midriff & Crop Tops,1750,odoo,1
Z0124037NAVL,Zoya Luna Halter Neck Top -Navy,Zoya Luna Halter Neck Top,Z0124037,Zoya,Midriff & Crop Tops,900,odoo,1
Z0124041NAV1X,Zoya Luna High Slit Dress - Navy,Zoya Luna High Slit Dress,Z0124041,Zoya,Maxi Dresses,550,odoo,1
Z0124041NAV3X,Zoya Luna High Slit Dress - Navy,Zoya Luna High Slit Dress,Z0124041,Zoya,Maxi Dresses,550,odoo,1
Z0822096PR3L,Zoya Nia  Long Sleeved Crop Shacket - Blue / White Floral Print - PRINT / Z0822096 / L,Zoya Nia  Long Sleeved Crop Shacket,Z0822096,Zoya,Accessories,2950,odoo,1
Z0822110LILM,Zoya Nia  Puff Sleeve Off Shoulder Romper - Lilac - PURPLE / Z0822110 / M,Zoya Nia  Puff Sleeve Off Shoulder Romper,Z0822110,Zoya,Jumpsuits & Playsuits,2750,odoo,1
Z0822110LILS,Zoya Nia  Puff Sleeve Off Shoulder Romper - Lilac,Zoya Nia  Puff Sleeve Off Shoulder Romper,Z0822110,Zoya,Jumpsuits & Playsuits,2750,odoo,1
Z0822110WHIXL,Zoya Nia  Puff Sleeve Off Shoulder Romper - White,Zoya Nia  Puff Sleeve Off Shoulder Romper,Z0822110,Zoya,Jumpsuits & Playsuits,2750,odoo,1
Z0822112NABS,Zoya Nia Cargo Overalls - Navy Blue,Zoya Nia Cargo Overalls,Z0822112,Zoya,Jumpsuits & Playsuits,3950,catalog,1
Z0822099BLAL,Zoya Nia Cargo Shorts - Black - BLACK / Z0822099 / L,Zoya Nia Cargo Shorts,Z0822099,Zoya,Shorts & Skorts,2550,odoo,1
Z0822099BLAXS,Zoya Nia Cargo Shorts - Black - BLACK / Z0822099 / XS,Zoya Nia Cargo Shorts,Z0822099,Zoya,Shorts & Skorts,2550,odoo,1
Z0822082LILM,Zoya Nia Off Shoulder Knee Length Dress - Lilac,Zoya Nia Off Shoulder Knee Length Dress,Z0822082,Zoya,Knee Length Dresses,3550,odoo,1
Z0822081LBLUS/M,Zoya Nia Off Shoulder Puff Sleeve Top - Light Blue,Zoya Nia Off Shoulder Puff Sleeve Top,Z0822081,Zoya,Loose Tops,2250,odoo,1
Z0822081LGRYL/XL,Zoya Nia Off Shoulder Puff Sleeve Top - Light Grey,Zoya Nia Off Shoulder Puff Sleeve Top,Z0822081,Zoya,Loose Tops,450,odoo,1
Z0822081PEAL/XL,Zoya Nia Off Shoulder Puff Sleeve Top - Peach,Zoya Nia Off Shoulder Puff Sleeve Top,Z0822081,Zoya,Loose Tops,2250,odoo,1
Z0822081PEAS/M,Zoya Nia Off Shoulder Puff Sleeve Top - Peach - PEACH / Z0822081 / S/M,Zoya Nia Off Shoulder Puff Sleeve Top,Z0822081,Zoya,Loose Tops,2250,odoo,1
Z0822086BLAL,Zoya Nia Oversized Denim Shirt - Black,Zoya Nia Oversized Denim Shirt,Z0822086,Zoya,Jackets & Coats,2950,odoo,1
Z0822097BEIM,Zoya Nia Wide Cargo Wide Leg Pants - Beige - BEIGE / Z0822097 / M,Zoya Nia Wide Cargo Wide Leg Pants,Z0822097,Zoya,Full Length Pants,2950,odoo,1
Z0822098PR2L,Zoya Nia Wide Leg Denim Pants - Tickling Stripes Print - PRINT / Z0822098 / L,Zoya Nia Wide Leg Denim Pants,Z0822098,Zoya,Full Length Pants,2950,odoo,1
Z0822098PR2XL,Zoya Nia Wide Leg Denim Pants - Tickling Stripes Print - TICKLING STRIPES PRINT / Z0822098 / XL,Zoya Nia Wide Leg Denim Pants,Z0822098,Zoya,Full Length Pants,2950,odoo,1
Z0822087PR1S,Zoya Nia Wide Leg Shorts - Blue/Lime Green Abstract print - BLUE / LIME GREEN ABSTRACT PRINT / Z0822087 / S,Zoya Nia Wide Leg Shorts,Z0822087,Zoya,Shorts & Skorts,2550,odoo,1
Z1123052PR12X,Zoya Party Cowl Bare Back Mini Dress - Taupe / Pink Waridi Print,Zoya Party Cowl Bare Back Mini Dress,Z1123052,Zoya,Short & Mini Dresses,2750,odoo,1
Z1123052PR13X,Zoya Party Cowl Bare Back Mini Dress - Taupe / Pink Waridi Print,Zoya Party Cowl Bare Back Mini Dress,Z1123052,Zoya,Short & Mini Dresses,2750,odoo,1
Z1123052PR14X,Zoya Party Cowl Bare Back Mini Dress - Taupe / Pink Waridi Print,Zoya Party Cowl Bare Back Mini Dress,Z1123052,Zoya,Short & Mini Dresses,2750,odoo,1
Z1123052PR21X,Zoya Party Cowl Bare Back Mini Dress - Safron / Mustard Waridi Print,Zoya Party Cowl Bare Back Mini Dress,Z1123052,Zoya,Short & Mini Dresses,2750,odoo,1
Z1123052PR2M,Zoya Party Cowl Bare Back Mini Dress - Safron / Mustard Waridi Print - SAFRON/ MUSTARD WARIDI PRINT / Z1123052 / M,Zoya Party Cowl Bare Back Mini Dress,Z1123052,Zoya,Short & Mini Dresses,2750,odoo,1
Z1123050NAB4X,Zoya Party Low V-Neck Bodysuit - Navy Blue,Zoya Party Low V-Neck Bodysuit,Z1123050,Zoya,Bodysuits,1950,odoo,1
Z1123055BUT1X,Zoya Party Sheer Pants - Buttermilk,Zoya Party Sheer Pants,Z1123055,Zoya,Full Length Pants,2250,odoo,1
Z1123055BUT2X,Zoya Party Sheer Pants - Buttermilk,Zoya Party Sheer Pants,Z1123055,Zoya,Full Length Pants,2250,odoo,1
Z1123055BUT3X,Zoya Party Sheer Pants - Buttermilk,Zoya Party Sheer Pants,Z1123055,Zoya,Full Length Pants,2250,odoo,1
Z1123055BUTL,Zoya Party Sheer Pants - Buttermilk,Zoya Party Sheer Pants,Z1123055,Zoya,Full Length Pants,2250,odoo,1
Z1123055BUTXS,Zoya Party Sheer Pants - Buttermilk,Zoya Party Sheer Pants,Z1123055,Zoya,Full Length Pants,2250,odoo,1
Z1123024NBL3X,Zoya Party Sleeveless Bodysuit - Navy Blue,Zoya Party Sleeveless Bodysuit,Z1123024,Zoya,Bodysuits,1950,odoo,1
Z0123053PURXS,Zoya Party Sleeveless Side Cut Midi Dress - Purple,Zoya Party Sleeveless Side Cut Midi Dress,Z0123053,Zoya,Midi & Capri Dresses,500,odoo,1
Z0125030GRE1X,Zoya Sadira Bell Bottom Pants - Grey,Zoya Sadira Bell Bottom Pants,Z0125030,Zoya,Full Length Pants,1950,catalog,1
Z0125030GREM,Zoya Sadira Bell Bottom Pants - Grey,Zoya Sadira Bell Bottom Pants,Z0125030,Zoya,Full Length Pants,1950,catalog,1
Z0125027TAUPS,Zoya Sadira Cargo Shorts - Taupe - TAUPE / Z0125027 / S,Zoya Sadira Cargo Shorts,Z0125027,Zoya,Shorts & Skorts,1950,odoo,1
Z0125022LIGREY1X,Zoya Sadira Midriff Polo T-Shirt - Light Grey,Zoya Sadira Midriff Polo T-Shirt,Z0125022,Zoya,T-shirts & Tank Tops,1050,catalog,1
Z0125025HUNS,Zoya Sadira Mini Bubble Dress - Hunters,Zoya Sadira Mini Bubble Dress,Z0125025,Zoya,Short & Mini Dresses,2250,catalog,1
Z0125026HUNTL,Zoya Sadira Mini Cargo Skirt - Hunters - HUNTER'S / Z0125026 / L,Zoya Sadira Mini Cargo Skirt,Z0125026,Zoya,Knee Length Skirts,1950,odoo,1
Z0125020WHIS,Zoya Sadira Strappy Bodysuit - White - WHITE / Z0125020 / S,Zoya Sadira Strappy Bodysuit,Z0125020,Zoya,Bodysuits,1950,odoo,1
Z0125020WHIXS,Zoya Sadira Strappy Bodysuit - White,Zoya Sadira Strappy Bodysuit,Z0125020,Zoya,Bodysuits,1950,odoo,1
Z0624024NABM,Zoya Shani Pleated Pants - Navy Blue - NAVY BLUE / Z0624024 / M,Zoya Shani Pleated Pants,Z0624024,Zoya,Full Length Pants,3750,odoo,1
Z0624024NABS,Zoya Shani Pleated Pants - Navy Blue - NAVY BLUE / Z0624024 / S,Zoya Shani Pleated Pants,Z0624024,Zoya,Full Length Pants,3750,odoo,1
Z0624024NABXS,Zoya Shani Pleated Pants - Navy Blue,Zoya Shani Pleated Pants,Z0624024,Zoya,Full Length Pants,3750,odoo,1
Z0724090BURM,Zoya Shani Satin Off Shoulder Crop Top - Burgundy - BURGUNDY / Z0724090 / M,Zoya Shani Satin Off Shoulder Crop Top,Z0724090,Zoya,Loose Tops,450,odoo,1
Z0624005PURPF,Zoya Shani Scarf Top - Purple,Zoya Shani Scarf Top,Z0624005,Zoya,Midriff & Crop Tops,550,odoo,1
Z1223003BLAXS,Zoya Sitawi Bodycon - Black,Zoya Sitawi Bodycon,Z1223003,Zoya,Knee Length Dresses,2550,odoo,1
Z1223001PR1S,Zoya Sitawi Cropped Jacket - Green / Black Abstract Print,Zoya Sitawi Cropped Jacket,Z1223001,Zoya,Jackets & Coats,2750,odoo,1
Z0324018NAVM,Zoya Taani Easy Fit Joggers -Navy,Zoya Taani Easy Fit Joggers,Z0324018,Zoya,Full Length Pants,3250,odoo,1
Z0324018NAVXS,Zoya Taani Easy Fit Joggers -Navy,Zoya Taani Easy Fit Joggers,Z0324018,Zoya,Full Length Pants,3250,odoo,1
Z0324002WHIM/L,Zoya Taani Midriff Hoodie - White - WHITE / Z0324002 / M/L,Zoya Taani Midriff Hoodie,Z0324002,Zoya,Hoodies & Sweatshirts,1440,odoo,1
Z0324014BLAM,Zoya Taani Mini Dress - Black - BLACK / Z0324014 / M,Zoya Taani Mini Dress,Z0324014,Zoya,Short & Mini Dresses,700,odoo,1
Z0324014NAVM,Zoya Taani Mini Dress - Navy - NAVY / Z0324014 / M,Zoya Taani Mini Dress,Z0324014,Zoya,Short & Mini Dresses,250,odoo,1
Z0324004REDM/L,Zoya Taani Side Slit Hoodie - Red - RED / Z0324004 / M/L,Zoya Taani Side Slit Hoodie,Z0324004,Zoya,Hoodies & Sweatshirts,3250,odoo,1
Z0324017NAV4X,Zoya Taani Wide Joggers - Navy,Zoya Taani Wide Joggers,Z0324017,Zoya,Full Length Pants,750,odoo,1
Z0824059BLA1X,Zoya Temo Asymmetric Front Cut Crop Top - Black,Zoya Temo Asymmetric Front Cut Crop Top,Z0824059,Zoya,Loose Tops,250,odoo,1
Z0824059BLA2X,Zoya Temo Asymmetric Front Cut Crop Top - Black,Zoya Temo Asymmetric Front Cut Crop Top,Z0824059,Zoya,Fitted Tops,250,odoo,1
Z0824038TAU4X,Zoya Temo Bubble Mini Skirt - Taupe - TAUPE / Z0824038 / 4X,Zoya Temo Bubble Mini Skirt,Z0824038,Zoya,Knee Length Skirts,450,odoo,1
Z0924034CAGRN3X,Zoya Temo Straight Leg Pants - Camo Green,Zoya Temo Straight Leg Pants,Z0924034,Zoya,Full Length Pants,1450,catalog,1
Z0225001PURYELXS,Zoya Vasha  Sleeveless Turtleneck Top - Purple / Yellow - PURPLE / YELLOW / Z0225001 / XS,Zoya Vasha  Sleeveless Turtleneck Top,Z0225001,Zoya,Loose Tops,1250,odoo,1
Z0225008NEGM,Zoya Vasha Short Sleeve Mesh Top - Neon Green - NEON GREEN / Z0225008 / M,Zoya Vasha Short Sleeve Mesh Top,Z0225008,Zoya,Loose Tops,250,odoo,1
Z1024057BLA1X/2X,Zoya X Metamorphisized 143 Cropped Bomber Jacket - Black,Zoya X Metamorphisized 143 Cropped Bomber Jacket,Z1024057,Zoya,Jackets & Coats,3250,catalog,1
Z1024057PR11X/2X,Zoya X Metamorphisized 143 Cropped Bomber Jacket - Denim Stripes,Zoya X Metamorphisized 143 Cropped Bomber Jacket,Z1024057,Zoya,Jackets & Coats,3250,catalog,1
Z1024057PR1M/L,Zoya X Metamorphisized 143 Cropped Bomber Jacket - Denim Stripes,Zoya X Metamorphisized 143 Cropped Bomber Jacket,Z1024057,Zoya,Jackets & Coats,3250,catalog,1
Z1024057PR1XS/S,Zoya X Metamorphisized 143 Cropped Bomber Jacket - Denim Stripes,Zoya X Metamorphisized 143 Cropped Bomber Jacket,Z1024057,Zoya,Jackets & Coats,3250,catalog,1
Z1024087PR1M,Zoya X Metamorphisized 143 Pleated Flannel Mini Skirt - Blue Plaid - BLUE PLAID / Z1024087 / M,Zoya X Metamorphisized 143 Pleated Flannel Mini Skirt,Z1024087,Zoya,Knee Length Skirts,1950,odoo,1
Z1024087PR1S,Zoya X Metamorphisized 143 Pleated Flannel Mini Skirt - Blue Plaid - BLUE PLAID / Z1024087 / S,Zoya X Metamorphisized 143 Pleated Flannel Mini Skirt,Z1024087,Zoya,Knee Length Skirts,1950,odoo,1
Z1024050BLA1X,Zoya X Metamorphisized 143 Raglan Sleeve Crop Top - Black - BLACK / Z1024050 / 1X,Zoya X Metamorphisized 143 Raglan Sleeve Crop Top,Z1024050,Zoya,Loose Tops,1250,odoo,1
Z1024050BLA2X,Zoya X Metamorphisized 143 Raglan Sleeve Crop Top - Black - BLACK / Z1024050 / 2X,Zoya X Metamorphisized 143 Raglan Sleeve Crop Top,Z1024050,Zoya,Loose Tops,1250,odoo,1
Z1024050NABL,Zoya X Metamorphisized 143 Raglan Sleeve Crop Top - Navy Blue,Zoya X Metamorphisized 143 Raglan Sleeve Crop Top,Z1024050,Zoya,Midriff & Crop Tops,850,catalog,1
Z1024051WHI2X,Zoya X Metamorphisized 143 Raglan Sleeve Midriff Top - White - WHITE / Z1024051 / 2X,Zoya X Metamorphisized 143 Raglan Sleeve Midriff Top,Z1024051,Zoya,Loose Tops,1550,odoo,1
Z0324071BLA1X,Zoya Yuni Contrast Stitch Mini Skirt - Black - BLACK / Z0324071 / 1X,Zoya Yuni Contrast Stitch Mini Skirt,Z0324071,Zoya,Knee Length Skirts,350,odoo,1
Z0324071BLA2X,Zoya Yuni Contrast Stitch Mini Skirt - Black,Zoya Yuni Contrast Stitch Mini Skirt,Z0324071,Zoya,Knee Length Skirts,350,odoo,1
Z0324071BLA3X,Zoya Yuni Contrast Stitch Mini Skirt - Black,Zoya Yuni Contrast Stitch Mini Skirt,Z0324071,Zoya,Knee Length Skirts,350,odoo,1
Z0324071GRY1X,Zoya Yuni Contrast Stitch Mini Skirt - Grey,Zoya Yuni Contrast Stitch Mini Skirt,Z0324071,Zoya,Knee Length Skirts,1300,odoo,1
Z0324066BLA4X,Zoya Yuni High Slit Dress - Black - BLACK / Z0324066 / 4X,Zoya Yuni High Slit Dress,Z0324066,Zoya,Knee Length Dresses,450,odoo,1
Z0324066BLAL,Zoya Yuni High Slit Dress - Black - BLACK / Z0324066 / L,Zoya Yuni High Slit Dress,Z0324066,Zoya,Knee Length Dresses,450,odoo,1
Z0324066BLAS,Zoya Yuni High Slit Dress - Black - BLACK / Z0324066 / S,Zoya Yuni High Slit Dress,Z0324066,Zoya,Knee Length Dresses,450,odoo,1
Z0324051BUT2X,Zoya Yuni Off Shoulder Midriff Top - Buttermilk - CREAM / Z0324051 / 2X,Zoya Yuni Off Shoulder Midriff Top,Z0324051,Zoya,Loose Tops,350,odoo,1
Z0324051BUT3X,Zoya Yuni Off Shoulder Midriff Top - Buttermilk,Zoya Yuni Off Shoulder Midriff Top,Z0324051,Zoya,Midriff & Crop Tops,350,odoo,1
Z0324051BUTXS,Zoya Yuni Off Shoulder Midriff Top - Buttermilk - CREAM / Z0324051 / XS,Zoya Yuni Off Shoulder Midriff Top,Z0324051,Zoya,Loose Tops,350,odoo,1
Z0324051NAB1X,Zoya Yuni Off Shoulder Midriff Top - Navy Blue,Zoya Yuni Off Shoulder Midriff Top,Z0324051,Zoya,Loose Tops,650,odoo,1
Z0324051NAB2X,Zoya Yuni Off Shoulder Midriff Top - Navy Blue,Zoya Yuni Off Shoulder Midriff Top,Z0324051,Zoya,Midriff & Crop Tops,650,odoo,1
Z0324051ORA3X,Zoya Yuni Off Shoulder Midriff Top - Orange,Zoya Yuni Off Shoulder Midriff Top,Z0324051,Zoya,Midriff & Crop Tops,650,odoo,1
Z0324056BLAM,Zoya Yuni Off shoulder Mini Dress - Black - BLACK / Z0324056 / M,Zoya Yuni Off shoulder Mini Dress,Z0324056,Zoya,Short & Mini Dresses,550,odoo,1
Z0324056BLAS,Zoya Yuni Off shoulder Mini Dress - Black,Zoya Yuni Off shoulder Mini Dress,Z0324056,Zoya,Short & Mini Dresses,550,catalog,1
Z0324070WHI3X,Zoya Yuni One - Shoulder Crop Top - White,Zoya Yuni One,Z0324070,Zoya,Midriff & Crop Tops,350,odoo,1
Z0324070WHI4X,Zoya Yuni One - Shoulder Crop Top - White,Zoya Yuni One,Z0324070,Zoya,Midriff & Crop Tops,350,odoo,1
Z0324046BROM,Zoya Yuni Oversized Shirt - Brown - BROWN / Z0324046 / M,Zoya Yuni Oversized Shirt,Z0324046,Zoya,Loose Tops,3500,odoo,1
Z0324048ORA4X,Zoya Yuni Short Sleeve Midriff Top - Orange - ORANGE / Z0324048 / 4X,Zoya Yuni Short Sleeve Midriff Top,Z0324048,Zoya,Loose Tops,1100,odoo,1
Z0324067BLA3X,Zoya Yuni Sleeveless Turtle Neck Maxi Top - Black,Zoya Yuni Sleeveless Turtle Neck Maxi Top,Z0324067,Zoya,Fitted Tops,2250,odoo,1
Z0324067BLA4X,Zoya Yuni Sleeveless Turtle Neck Maxi Top - Black,Zoya Yuni Sleeveless Turtle Neck Maxi Top,Z0324067,Zoya,Fitted Tops,2250,odoo,1
Z0324067LIMYEL1X,Zoya Yuni Sleeveless Turtle Neck Maxi Top - Lime Yellow - YELLOW / Z0324067 / 1X,Zoya Yuni Sleeveless Turtle Neck Maxi Top,Z0324067,Zoya,Maxi Dresses,450,odoo,1
Z0324067LIMYEL3X,Zoya Yuni Sleeveless Turtle Neck Maxi Top - Lime Yellow - LIME YELLOW / Z0324067 / 3X,Zoya Yuni Sleeveless Turtle Neck Maxi Top,Z0324067,Zoya,Maxi Dresses,450,odoo,1
Z0324067WHI4X,Zoya Yuni Sleeveless Turtle Neck Maxi Top - White - WHITE / Z0324067 / 4X,Zoya Yuni Sleeveless Turtle Neck Maxi Top,Z0324067,Zoya,Maxi Dresses,1200,odoo,1
Z0324047BEI2X,Zoya Yuni Strappy Midriff Top - Beige,Zoya Yuni Strappy Midriff Top,Z0324047,Zoya,Loose Tops,800,odoo,1
Z0324047NAV3X,Zoya Yuni Strappy Midriff Top - Navy,Zoya Yuni Strappy Midriff Top,Z0324047,Zoya,Fitted Tops,350,odoo,1
Z0324047TAU4X,Zoya Yuni Strappy Midriff Top - Taupe,Zoya Yuni Strappy Midriff Top,Z0324047,Zoya,Fitted Tops,150,odoo,1
Z0324050BLA4X,Zoya Yuni Tank Top - Black,Zoya Yuni Tank Top,Z0324050,Zoya,T-shirts & Tank Tops,250,odoo,1
