Style Number,Style Name,Product Name (with color),SKU,Barcode,Brand,Category,Subcategory,Status,Original Price,Warehouse,Retired Location,Stores,Online,Total SOH
DH0001D,Denim Haven High Rise Skinny Ripped Jeans,Denim Haven High Rise Skinny Ripped Jeans - Deep Blue,DH0001DBL36,70071236,Third Party Brands,Bottoms,Full Length Pants,Retired,700.0,0,0,2.0,0,2
DH0001D,Denim Haven High Rise Skinny Ripped Jeans,Denim Haven High Rise Skinny Ripped Jeans - Deep Blue,DH0001DBL32,70071234,Third Party Brands,Bottoms,Full Length Pants,Retired,700.0,0,0,3.0,0,3
DH0001D,Denim Haven High Rise Skinny Ripped Jeans,Denim Haven High Rise Skinny Ripped Jeans - Deep Blue,DH0001DBL38,70071237,Third Party Brands,Bottoms,Full Length Pants,Retired,700.0,0,0,1.0,0,1
DH0001D,Denim Haven High Rise Skinny Ripped Jeans,Denim Haven High Rise Skinny Ripped Jeans - Deep Blue,DH0001DBL30,70071233,Third Party Brands,Bottoms,Full Length Pants,Retired,700.0,0,0,3.0,0,3
DH0001D,Denim Haven High Rise Skinny Ripped Jeans,Denim Haven High Rise Skinny Ripped Jeans - Deep Blue,DH0001DBL42,70071239,Third Party Brands,Bottoms,Full Length Pants,Retired,700.0,0,0,1.0,0,1
P21DD80,Cowl Lined Midi Halter Dress,Cowl Lined Midi Halter Dress - Fandango Pink,P21DD8012-RBFAPL,70026864,Third Party Brands,Dresses,Midi & Capri Dresses,Retired,2600.0,0,0,1.0,0,1
P21DX79,Double O-ring Cami Dress,Double O-ring Cami Dress - Dark Amber,P21DX7936DABL,70057257,Third Party Brands,Dresses,Short & Mini Dresses,Retired,560.0,0,0,1.0,0,1
P21DX80,Lace-Up Back Spaghetti-Strap Dress,Lace-Up Back Spaghetti-Strap Dress - Winsome Orchid,P21DX80044WODS,70057261,Third Party Brands,Dresses,Short & Mini Dresses,Retired,640.0,0,0,1.0,0,1
P21TX94,Key Hole Halter with Seamed Body,Key Hole Halter with Seamed Body - Black,P21TX9411-RBBLAXL,70042063,Third Party Brands,Tops,Midriff & Crop Tops,Retired,400.0,0,0,1.0,0,1
RFS0125,Vivo Knee length Dress,Vivo Shorts - RFS 3,RFS0125013 - RFS 3,60053497,Vivo,Sale,Sample & Sale Items,Retired,750.0,0,0,1.0,0,1
RFS0125,Vivo Knee length Dress,Vivo Shorts - RFS 4,RFS0125013 - RFS 4,60053498,Vivo,Sale,Sample & Sale Items,Retired,1050.0,0,1.0,0,1,2
RFS0125,Vivo Knee length Dress,Vivo Shorts - RFS 5,RFS0125013 - RFS 5,60053499,Vivo,Sale,Sample & Sale Items,Retired,650.0,0,0,1.0,0,1
S0120016,Safari Reversible Shirt Jacket,Safari Reversible Shirt Jacket - Grey / Print 2,0120016GRY/PR2L,40017473,Safari,Outerwear,Jackets & Coats,Retired,4150.0,0,0,0,1,1
S0123088,Safari Mali 3/4 Bishop Sleeve Tie Top,Safari Mali 3/4 Bishop Sleeve Tie Top - Baby Blue,S0123088BBLUM,60034153,Safari,Tops,Fitted Tops,Retired,4250.0,0,0,0,3,3
S0123088,Safari Mali 3/4 Bishop Sleeve Tie Top,Safari Mali 3/4 Bishop Sleeve Tie Top - Baby Blue,S0123088BBLU1X,60034155,Safari,Tops,Fitted Tops,Retired,4250.0,0,0,0,1,1
S0123088,Safari Mali 3/4 Bishop Sleeve Tie Top,Safari Mali 3/4 Bishop Sleeve Tie Top - Navy Blue,S0123088NABL,60032629,Safari,Tops,Fitted Tops,Retired,4250.0,0,1.0,0,2,3
S0123088,Safari Mali 3/4 Bishop Sleeve Tie Top,Safari Mali 3/4 Bishop Sleeve Tie Top - Navy Blue,S0123088NABM,60032628,Safari,Tops,Fitted Tops,Retired,4250.0,0,0,0,1,1
S0123088,Safari Mali 3/4 Bishop Sleeve Tie Top,Safari Mali 3/4 Bishop Sleeve Tie Top - Orange,S0123088ORA1X,60034159,Safari,Tops,Fitted Tops,Retired,2950.0,0,0,0,1,1
S0123088,Safari Mali 3/4 Bishop Sleeve Tie Top,Safari Mali 3/4 Bishop Sleeve Tie Top - Pink,S0123088PIN4X,60037784,Safari,Tops,Fitted Tops,Retired,1100.0,0,0,0,1,1
S0123088,Safari Mali 3/4 Bishop Sleeve Tie Top,Safari Mali 3/4 Bishop Sleeve Tie Top - Pink,S0123088PIN2X,60037782,Safari,Tops,Fitted Tops,Retired,1100.0,0,0,0,1,1
S0123088,Safari Mali 3/4 Bishop Sleeve Tie Top,Safari Mali 3/4 Bishop Sleeve Tie Top - Pink,S0123088PINXS,60037781,Safari,Tops,Fitted Tops,Retired,1100.0,0,0,0,1,1
S0123088,Safari Mali 3/4 Bishop Sleeve Tie Top,Safari Mali 3/4 Bishop Sleeve Tie Top - White,S0123088WHIL,60032637,Safari,Tops,Fitted Tops,Retired,3000.0,0,0,0,3,3
S0123088,Safari Mali 3/4 Bishop Sleeve Tie Top,Safari Mali 3/4 Bishop Sleeve Tie Top - White,S0123088WHI1X,60032638,Safari,Tops,Fitted Tops,Retired,3000.0,0,1.0,0,1,2
S0123088,Safari Mali 3/4 Bishop Sleeve Tie Top,Safari Mali 3/4 Bishop Sleeve Tie Top - White,S0123088WHI2X,60037786,Safari,Tops,Fitted Tops,Retired,3000.0,0,0,0,1,1
S0123088,Safari Mali 3/4 Bishop Sleeve Tie Top,Safari Mali 3/4 Bishop Sleeve Tie Top MG - Taupe,S0123088TAU2X,60057903,Safari,Tops,Fitted Tops,Retired,2950.0,0,0,0,1,1
S0124010,Safari Haya Strappy Tie Back Maxi Dress,Safari Haya Strappy Tie Back Maxi Dress - Dark Green Kiki Print,S0124010PR2S,60031624,Safari,Dresses,Maxi Dresses,Retired,1450.0,0,0,1,0,1
S0124010,Safari Haya Strappy Tie Back Maxi Dress,Safari Haya Strappy Tie Back Maxi Dress - Dark Maroon Koi Print,S0124010PR1S,60031620,Safari,Dresses,Maxi Dresses,Retired,2080.0,0,0,2.0,0,2
S0124010,Safari Haya Strappy Tie Back Maxi Dress,Safari Haya Strappy Tie Back Maxi Dress - Dark Maroon Koi Print,S0124010PR1M,60031621,Safari,Dresses,Maxi Dresses,Retired,2080.0,0,1.0,0,0,1
S0125049,Safari Tiwa Shirred Top,Safari Tiwa Shirred Top - Chocolate,S0125049CHOS,60054983,Safari,Tops,Fitted Tops,Retired,850.0,0,0,0,1,1
S0125056,Safari Tiwa Shirred Midi Dress,Safari Tiwa Shirred Midi Dress - Hunters,S0125056HUNM/L,60053961,Safari,Dresses,Midi & Capri Dresses,Retired,5800.0,0,0,0,1,1
S0125056,Safari Tiwa Shirred Midi Dress,Safari Tiwa Shirred Midi Dress - Hunters,S0125056HUNXS/S,60053960,Safari,Dresses,Midi & Capri Dresses,Retired,5800.0,1.0,4.0,1.0,0,6
S0125056,Safari Tiwa Shirred Midi Dress,Safari Tiwa Shirred Midi Dress - Lime,S0125056LIMXS/S,60053957,Safari,Dresses,Midi & Capri Dresses,Retired,5800.0,1.0,1.0,2.0,1,5
S0125056,Safari Tiwa Shirred Midi Dress,Safari Tiwa Shirred Midi Dress - Lime,S0125056LIMM/L,60053958,Safari,Dresses,Midi & Capri Dresses,Retired,5800.0,2.0,2.0,0,1,5
S0125056,Safari Tiwa Shirred Midi Dress,Safari Tiwa Shirred Midi Dress - Rust,S0125056RUSTM/L,60053964,Safari,Dresses,Midi & Capri Dresses,Retired,5800.0,0,0,2.0,0,2
S0125056,Safari Tiwa Shirred Midi Dress,Safari Tiwa Shirred Midi Dress - Rust,S0125056RUSTXS/S,60053963,Safari,Dresses,Midi & Capri Dresses,Retired,5800.0,0,1.0,2.0,2,5
S0223023,Safari Nimali Ruffle Sleeve Top,Safari Nimali Ruffle Sleeve Top - Jura Print,S0223023PR3L,60045007,Safari,Tops,Midriff & Crop Tops,Retired,850.0,0,0,0,1,1
S0223023,Safari Nimali Ruffle Sleeve Top,Safari Nimali Ruffle Sleeve Top - Neba Print,S0223023PR5M,60045071,Safari,Tops,Midriff & Crop Tops,Retired,850.0,0,0,1.0,0,1
S0223023,Safari Nimali Ruffle Sleeve Top,Safari Nimali Ruffle Sleeve Top - Shama Print,S0223023PR4M,60045075,Safari,Tops,Midriff & Crop Tops,Retired,2050.0,0,0,1.0,0,1
S0223033,Safari Nimali 3/4 Sleeve Maxi Dress,Safari Kitenge 3/4 sleeve Maxi Dress - Sipo Print,S0223033PR104X,60043101,Safari,Dresses,Maxi Dresses,Retired,4850.0,0,0,0,1,1
S0223179,Safari Mali Bishop Sleeve Tent Dress,Safari Mali Bishop Sleeve Tent Dress - Black,S0223179BLAL,60029812,Safari,Dresses,Knee Length Dresses,Retired,3600.0,0,1.0,0,1,2
S0223179,Safari Mali Bishop Sleeve Tent Dress,Safari Mali Bishop Sleeve Tent Dress - Black,S0223179BLAM,60029811,Safari,Dresses,Knee Length Dresses,Retired,3600.0,0,0,0,1,1
S0223179,Safari Mali Bishop Sleeve Tent Dress,Safari Mali Bishop Sleeve Tent Dress - Teal,S0223179TEAL,60038899,Safari,Dresses,Knee Length Dresses,Retired,5950.0,0,3.0,0,0,3
S0223179,Safari Mali Bishop Sleeve Tent Dress,Safari Mali Bishop Sleeve Tent Dress - Teal,S0223179TEA1X,60038900,Safari,Dresses,Knee Length Dresses,Retired,5950.0,0,1.0,0,1,2
S0223179,Safari Mali Bishop Sleeve Tent Dress,Safari Mali Bishop Sleeve Tent Dress - Teal,S0223179TEAM,60038898,Safari,Dresses,Knee Length Dresses,Retired,5950.0,0,3.0,0,1,4
S0223180,Safari Mali Bishop Sleeve Shirt Dress,Safari Mali Bishop Sleeve Shirt Dress - Black,S0223180BLAM,60039155,Safari,Dresses,Knee Length Dresses,Retired,4950.0,0,3.0,0,1,4
S0223180,Safari Mali Bishop Sleeve Shirt Dress,Safari Mali Bishop Sleeve Shirt Dress - Black,S0223180BLA3X,60039363,Safari,Dresses,Knee Length Dresses,Retired,4950.0,0,0,0,1,1
S0223180,Safari Mali Bishop Sleeve Shirt Dress,Safari Mali Bishop Sleeve Shirt Dress - Black,S0223180BLA1X,60039157,Safari,Dresses,Knee Length Dresses,Retired,4950.0,0,1.0,0,1,2
S0223180,Safari Mali Bishop Sleeve Shirt Dress,Safari Mali Bishop Sleeve Shirt Dress - Black,S0223180BLAS,60039154,Safari,Dresses,Knee Length Dresses,Retired,4950.0,0,3.0,0,1,4
S0223180,Safari Mali Bishop Sleeve Shirt Dress,Safari Mali Bishop Sleeve Shirt Dress - Black,S0223180BLAL,60039156,Safari,Dresses,Knee Length Dresses,Retired,4950.0,0,1.0,1,1,3
S0223180,Safari Mali Bishop Sleeve Shirt Dress,Safari Mali Bishop Sleeve Shirt Dress - Khaki,S0223180KHAL,60039161,Safari,Dresses,Knee Length Dresses,Retired,3500.0,0,3.0,0,1,4
S0223180,Safari Mali Bishop Sleeve Shirt Dress,Safari Mali Bishop Sleeve Shirt Dress - Khaki,S0223180KHAS,60039159,Safari,Dresses,Knee Length Dresses,Retired,3500.0,0,2.0,0,1,3
S0223180,Safari Mali Bishop Sleeve Shirt Dress,Safari Mali Bishop Sleeve Shirt Dress - Khaki,S0223180KHA1X,60039162,Safari,Dresses,Knee Length Dresses,Retired,3500.0,0,2.0,0,0,2
S0223180,Safari Mali Bishop Sleeve Shirt Dress,Safari Mali Bishop Sleeve Shirt Dress - Khaki,S0223180KHAM,60039160,Safari,Dresses,Knee Length Dresses,Retired,3500.0,0,6.0,0,1,7
S0223180,Safari Mali Bishop Sleeve Shirt Dress,Safari Mali Bishop Sleeve Shirt Dress - Khaki,S0223180KHA3X,60039417,Safari,Dresses,Knee Length Dresses,Retired,3500.0,0,0,0,1,1
S0223186,Safari Kaya Long Sleeve Shirt Dress,Safari Kaya Long Sleeve Shirt Dress - Navy,S0223186NAVYM,60044376,Safari,Dresses,Knee Length Dresses,Retired,5950.0,1.0,0,0,0,1
S0223186,Safari Kaya Long Sleeve Shirt Dress,Safari Kaya Long Sleeve Shirt Dress - Peach,S0223186PEAM,60015493,Safari,Dresses,Knee Length Dresses,Retired,4150.0,0,0,0,1,1
S0224135,Safari Kaya Sleeveless Tent Shirt Dress,Safari Kaya Sleeveless Tent Shirt Dress - Black,S0224135BLAM,60047206,Safari,Dresses,Knee Length Dresses,Retired,5750.0,0,1.0,0,1,2
S0224135,Safari Kaya Sleeveless Tent Shirt Dress,Safari Kaya Sleeveless Tent Shirt Dress - Black,S0224135BLAL,60047207,Safari,Dresses,Knee Length Dresses,Retired,5750.0,0,0,0,1,1
S0224135,Safari Kaya Sleeveless Tent Shirt Dress,Safari Kaya Sleeveless Tent Shirt Dress - Blue,S0224135BLUM,60032295,Safari,Dresses,Knee Length Dresses,Retired,2850.0,0,0,0,1,1
S0224135,Safari Kaya Sleeveless Tent Shirt Dress,Safari Kaya Sleeveless Tent Shirt Dress - Taupe,S0224135TAUL,60032301,Safari,Dresses,Knee Length Dresses,Retired,4050.0,0,0,0,1,1
S0224181,Safari Kamari Long Sleeve Drawstring Shacket,Safari Kamari Long Sleeve Drawstring Shacket - Black,S0224181BLAXS/S,60034993,Safari,Outerwear,Jackets & Coats,Retired,5550.0,0,4.0,0,1,5
S0224181,Safari Kamari Long Sleeve Drawstring Shacket,Safari Kamari Long Sleeve Drawstring Shacket - Black,S0224181BLAM/L,60034994,Safari,Outerwear,Jackets & Coats,Retired,5550.0,0,0,0,1,1
S0224181,Safari Kamari Long Sleeve Drawstring Shacket,Safari Kamari Long Sleeve Drawstring Shacket - Black,S0224181BLA1X/2X,60034995,Safari,Outerwear,Jackets & Coats,Retired,5550.0,0,1.0,0,1,2
S0224181,Safari Kamari Long Sleeve Drawstring Shacket,Safari Kamari Long Sleeve Drawstring Shacket - Hunters Green,S0224181HGNXS/S,60034997,Safari,Outerwear,Jackets & Coats,Retired,5550.0,0,6.0,0,2,8
S0224181,Safari Kamari Long Sleeve Drawstring Shacket,Safari Kamari Long Sleeve Drawstring Shacket - Hunters Green,S0224181HGN1X/2X,60034999,Safari,Outerwear,Jackets & Coats,Retired,5550.0,0,0,0,2,2
S0224181,Safari Kamari Long Sleeve Drawstring Shacket,Safari Kamari Long Sleeve Drawstring Shacket - Hunters Green,S0224181HGNM/L,60034998,Safari,Outerwear,Jackets & Coats,Retired,5550.0,0,0,0,1,1
S0224181,Safari Kamari Long Sleeve Drawstring Shacket,Safari Kamari Long Sleeve Drawstring Shacket - Navy Blue,S0224181NABM/L,60035002,Safari,Outerwear,Jackets & Coats,Retired,2250.0,0,1.0,0,1,2
S0224181,Safari Kamari Long Sleeve Drawstring Shacket,Safari Kamari Long Sleeve Drawstring Shacket - Navy Blue,S0224181NAB1X/2X,60035003,Safari,Outerwear,Jackets & Coats,Retired,2250.0,0,0,0,1,1
S0224190,Safari Kamari Halter Shirt,Safari Kamari Halter Shirt - Baby Blue,S0224190BABS,60036222,Safari,Tops,Fitted Tops,Retired,1150.0,0,0,1.0,0,1
S0224190,Safari Kamari Halter Shirt,Safari Kamari Halter Shirt - Baby Blue,S0224190BABL,60036224,Safari,Tops,Fitted Tops,Retired,1150.0,0,0,1.0,0,1
S0224190,Safari Kamari Halter Shirt,Safari Kamari Halter Shirt - Baby Blue,S0224190BAB2X,60036226,Safari,Tops,Fitted Tops,Retired,1150.0,0,0,0,1,1
S0224190,Safari Kamari Halter Shirt,Safari Kamari Halter Shirt - Baby Blue,S0224190BAB3X,60036227,Safari,Tops,Fitted Tops,Retired,1150.0,0,0,0,1,1
S0224190,Safari Kamari Halter Shirt,Safari Kamari Halter Shirt - Baby Blue,S0224190BABXS,60036221,Safari,Tops,Fitted Tops,Retired,1150.0,0,0,1.0,0,1
S0224190,Safari Kamari Halter Shirt,Safari Kamari Halter Shirt - Beige,S0224190BEIL,60036232,Safari,Tops,Fitted Tops,Retired,650.0,0,0,0,1,1
S0224190,Safari Kamari Halter Shirt,Safari Kamari Halter Shirt - Beige,S0224190BEIXS,60036229,Safari,Tops,Fitted Tops,Retired,650.0,0,1.0,0,1,2
S0224190,Safari Kamari Halter Shirt,Safari Kamari Halter Shirt - Light Blue,S0224190LBLUXS,60035200,Safari,Tops,Fitted Tops,Retired,1150.0,0,1.0,1.0,1,3
S0224190,Safari Kamari Halter Shirt,Safari Kamari Halter Shirt - Light Blue,S0224190LBLU4X,60035207,Safari,Tops,Fitted Tops,Retired,1150.0,0,1.0,0,1,2
S0224190,Safari Kamari Halter Shirt,Safari Kamari Halter Shirt - Light Blue,S0224190LBLUL,60035203,Safari,Tops,Fitted Tops,Retired,1150.0,0,1.0,0,1,2
S0224190,Safari Kamari Halter Shirt,Safari Kamari Halter Shirt - Light Blue,S0224190LBLU3X,60035206,Safari,Tops,Fitted Tops,Retired,1150.0,0,0,0,1,1
S0224190,Safari Kamari Halter Shirt,Safari Kamari Halter Shirt - Navy Blue,S0224190NABXS,60035208,Safari,Tops,Fitted Tops,Retired,1150.0,0,0,2.0,0,2
S0224190,Safari Kamari Halter Shirt,Safari Kamari Halter Shirt - Navy Blue,S0224190NABS,60035209,Safari,Tops,Fitted Tops,Retired,1150.0,0,0,0,1,1
S0224190,Safari Kamari Halter Shirt,Safari Kamari Halter Shirt - Navy Blue,S0224190NAB3X,60035214,Safari,Tops,Fitted Tops,Retired,1150.0,0,0,0,2,2
S0224190,Safari Kamari Halter Shirt,Safari Kamari Halter Shirt - Navy Blue,S0224190NAB4X,60035215,Safari,Tops,Fitted Tops,Retired,1150.0,1.0,1.0,0,1,3
S0224190,Safari Kamari Halter Shirt,Safari Kamari Halter Shirt - Navy Blue,S0224190NAB1X,60035212,Safari,Tops,Fitted Tops,Retired,1150.0,0,0,1.0,0,1
S0224190,Safari Kamari Halter Shirt,Safari Kamari Halter Shirt - Orange,S0224190ORAS,60036214,Safari,Tops,Fitted Tops,Retired,3050.0,0,0,0,1,1
S0224190,Safari Kamari Halter Shirt,Safari Kamari Halter Shirt - Orange,S0224190ORAM,60036215,Safari,Tops,Fitted Tops,Retired,3050.0,0,1.0,0,1,2
S0224190,Safari Kamari Halter Shirt,Safari Kamari Halter Shirt - Orange,S0224190ORAL,60036216,Safari,Tops,Fitted Tops,Retired,3050.0,0,1.0,0,1,2
S0224190,Safari Kamari Halter Shirt,Safari Kamari Halter Shirt - Orange,S0224190ORA3X,60036219,Safari,Tops,Fitted Tops,Retired,3050.0,1.0,0,0,0,1
S0224190,Safari Kamari Halter Shirt,Safari Kamari Halter Shirt - Rust Orange,S0224190RUSXS,60035216,Safari,Tops,Fitted Tops,Retired,1150.0,0,0,0,1,1
S0224190,Safari Kamari Halter Shirt,Safari Kamari Halter Shirt - Rust Orange,S0224190RUS4X,60035219,Safari,Tops,Fitted Tops,Retired,1150.0,1.0,0,0,1,2
S0224190,Safari Kamari Halter Shirt,Safari Kamari Halter Shirt - Rust Orange,S0224190RUSL,60035163,Safari,Tops,Fitted Tops,Retired,1150.0,0,1.0,0,1,2
S0224193,Safari Kamari Cotton Shorts,Safari Kamari Cotton Shorts - Olive Green,S0224193OLGL,60037649,Safari,Bottoms,Shorts & Skorts,Retired,1650.0,0,0,0,1,1
S0224193,Safari Kamari Cotton Shorts,Safari Kamari Cotton Shorts - Olive Green,S0224193OLG1X,60037650,Safari,Bottoms,Shorts & Skorts,Retired,1650.0,1.0,0,0,0,1
S0224196,Safari Kamari Wide Leg Pants,Safari Kamari Wide Leg Pants - Black,S0224196BLAM,60035289,Safari,Bottoms,Full Length Pants,Retired,4750.0,0,0,0,1,1
S0224196,Safari Kamari Wide Leg Pants,Safari Kamari Wide Leg Pants - Black,S0224196BLAL,60035290,Safari,Bottoms,Full Length Pants,Retired,4750.0,0,0,0,1,1
S0224196,Safari Kamari Wide Leg Pants,Safari Kamari Wide Leg Pants - Hunters Green,S0224196HGNM,60035297,Safari,Bottoms,Full Length Pants,Retired,2900.0,2.0,0,0,0,2
S0224196,Safari Kamari Wide Leg Pants,Safari Kamari Wide Leg Pants - Hunters Green,S0224196HGN4X,60035302,Safari,Bottoms,Full Length Pants,Retired,2900.0,0,0,1,0,1
S0224196,Safari Kamari Wide Leg Pants,Safari Kamari Wide Leg Pants - Navy Blue,S0224196NAB1X,60035307,Safari,Bottoms,Full Length Pants,Retired,1450.0,0,0,1,0,1
S0224196,Safari Kamari Wide Leg Pants,Safari Kamari Wide Leg Pants - Navy Blue,S0224196NABS,60035304,Safari,Bottoms,Full Length Pants,Retired,1450.0,0,0,1.0,0,1
S0224196,Safari Kamari Wide Leg Pants,Safari Kamari Wide Leg Pants - Navy Blue,S0224196NABXS,60035303,Safari,Bottoms,Full Length Pants,Retired,1450.0,0,0,1.0,0,1
S0224196,Safari Kamari Wide Leg Pants,Safari Kamari Wide Leg Pants - White,S0224196WHIL,60047236,Safari,Bottoms,Full Length Pants,Retired,4750.0,6.0,0,2.0,0,8
S0224196,Safari Kamari Wide Leg Pants,Safari Kamari Wide Leg Pants - White,S0224196WHIM,60047235,Safari,Bottoms,Full Length Pants,Retired,4750.0,0,0,1,2,3
S0224196,Safari Kamari Wide Leg Pants,Safari Kamari Wide Leg Pants - White,S0224196WHIS,60047234,Safari,Bottoms,Full Length Pants,Retired,4750.0,2.0,0,3.0,0,5
S0224196,Safari Kamari Wide Leg Pants,Safari Kamari Wide Leg Pants - White,S0224196WHI1X,60047237,Safari,Bottoms,Full Length Pants,Retired,4750.0,3.0,0,1,0,4
S0224199,Safari Kamari Mini Skirt,Safari Kamari Mini Skirt - White Cloud,S0224199WHCL,60037217,Safari,Skirts,Short & Mini Skirts,Retired,250.0,0,0,1.0,0,1
S0224199,Safari Kamari Mini Skirt,Safari Kamari Mini Skirt - White Cloud,S0224199WHCS,60037215,Safari,Skirts,Short & Mini Skirts,Retired,250.0,1.0,2.0,0,0,3
S0224199,Safari Kamari Mini Skirt,Safari Kamari Mini Skirt - White Cloud,S0224199WHC1X,60037218,Safari,Skirts,Short & Mini Skirts,Retired,250.0,0,0,1.0,1,2
S0224199,Safari Kamari Mini Skirt,Safari Kamari Mini Skirt - White Cloud,S0224199WHCM,60037216,Safari,Skirts,Short & Mini Skirts,Retired,250.0,0,0,1.0,1,2
S0224199,Safari Kamari Mini Skirt,Safari Kamari Mini Skirt - White Cloud,S0224199WHC3X,60037220,Safari,Skirts,Short & Mini Skirts,Retired,250.0,0,0,0,1,1
S0224199,Safari Kamari Mini Skirt,Safari Kamari Mini Skirt - White Cloud,S0224199WHC4X,60037221,Safari,Skirts,Short & Mini Skirts,Retired,250.0,1.0,5.0,0,1,7
S0322128,Safari Tawi Off Shoulder Knee Length Dress,Safari Tawi Off Shoulder Knee Length Dress - Mustard(Plain Belt),S0322128MUSPB1X,60034386,Safari,Dresses,Knee Length Dresses,Retired,450.0,0,2.0,0,0,2
S0322133,Safari Tawi Bishop Sleeve Tiered Dress,Safari Tawi Bishop Sleeve Tiered Dress - Black,S0322133BLAL,60016888,Safari,Dresses,Knee Length Dresses,Retired,5550.0,1.0,0,0,0,1
S0322133,Safari Tawi Bishop Sleeve Tiered Dress,Safari Tawi Bishop Sleeve Tiered Dress - Orange,S0322133ORAL,60052362,Safari,Dresses,Knee Length Dresses,Retired,4950.0,0,0,1.0,0,1
S0322133,Safari Tawi Bishop Sleeve Tiered Dress,Safari Tawi Bishop Sleeve Tiered Dress - Orange,S0322133ORA1X,60052363,Safari,Dresses,Knee Length Dresses,Retired,4950.0,0,0,2.0,0,2
S0322133,Safari Tawi Bishop Sleeve Tiered Dress,Safari Tawi Bishop Sleeve Tiered Dress - Orange,S0322133ORAM,60052361,Safari,Dresses,Knee Length Dresses,Retired,4950.0,0,0,0,1,1
S0322133,Safari Tawi Bishop Sleeve Tiered Dress,Safari Tawi Bishop Sleeve Tiered Dress - Orange,S0322133ORAS,60052360,Safari,Dresses,Knee Length Dresses,Retired,4950.0,0,0,1.0,0,1
S0322135,Safari Tawi Shirt Collar Bishop Sleeve Tiered Dress,Safari Tawi Shirt Collar Bishop Sleeve Tiered Dress - Khaki,S0322135KHA1X,60034799,Safari,Dresses,Knee Length Dresses,Retired,2800.0,2.0,0,0,1,3
S0322138,Safari Tawi Flounce Tent Dress,Safari Tawi Flounce Tent Dress - Lime Green,S0322138LGNXL,60016152,Safari,Dresses,Knee Length Dresses,Retired,4950.0,0,1.0,0,0,1
S0325016,Safari Tawi Off-Shoulder Top,Safari Tawi Off-Shoulder Top - Black,S0325016BLAM,60052668,Safari,Tops,Loose Tops,Retired,1150.0,0,0,1.0,0,1
S0325016,Safari Tawi Off-Shoulder Top,Safari Tawi Off-Shoulder Top - Black,S0325016BLAS,60052667,Safari,Tops,Loose Tops,Retired,1150.0,0,0,0,1,1
S0325016,Safari Tawi Off-Shoulder Top,Safari Tawi Off-Shoulder Top - Lime,S0325016LIM1X,60052666,Safari,Tops,Loose Tops,Retired,1150.0,0,0,1,1,2
S0325016,Safari Tawi Off-Shoulder Top,Safari Tawi Off-Shoulder Top - Lime,S0325016LIML,60052665,Safari,Tops,Loose Tops,Retired,1150.0,0,0,2,0,2
S0325016,Safari Tawi Off-Shoulder Top,Safari Tawi Off-Shoulder Top - Lime,S0325016LIMM,60052664,Safari,Tops,Loose Tops,Retired,1150.0,0,1.0,2,1,4
S0325016,Safari Tawi Off-Shoulder Top,Safari Tawi Off-Shoulder Top - White,S0325016WHIS,60052659,Safari,Tops,Loose Tops,Retired,850.0,0,0,1,0,1
S0325016,Safari Tawi Off-Shoulder Top,Safari Tawi Off-Shoulder Top - Yellow,S0325016YELM,60052672,Safari,Tops,Loose Tops,Retired,1150.0,0,0,1,0,1
S0325031,Safari Tiwa Barell Pants,Safari Tiwa Barell Pants - Black,S0325031BLAM,60053950,Safari,Bottoms,Full Length Pants,Retired,5400.0,0,3.0,1.0,0,4
S0325031,Safari Tiwa Barell Pants,Safari Tiwa Barell Pants - Black,S0325031BLAS,60053949,Safari,Bottoms,Full Length Pants,Retired,5400.0,0,4.0,2.0,1,7
S0325031,Safari Tiwa Barell Pants,Safari Tiwa Barell Pants - Rust,S0325031RUSTM,60053954,Safari,Bottoms,Full Length Pants,Retired,5400.0,0,0,0,1,1
S0325031,Safari Tiwa Barell Pants,Safari Tiwa Barell Pants - Rust,S0325031RUSTL,60053955,Safari,Bottoms,Full Length Pants,Retired,5400.0,0,1.0,0,1,2
S0325031,Safari Tiwa Barell Pants,Safari Tiwa Barell Pants - Rust,S0325031RUSTS,60053953,Safari,Bottoms,Full Length Pants,Retired,5400.0,0,3.0,0,1,4
S0325031,Safari Tiwa Barell Pants,Safari Tiwa Barell Pants - White,S0325031WHIM,60053946,Safari,Bottoms,Full Length Pants,Retired,5400.0,0,0,0,1,1
S0325031,Safari Tiwa Barell Pants,Safari Tiwa Barell Pants - White,S0325031WHI1X,60053948,Safari,Bottoms,Full Length Pants,Retired,5400.0,0,0,1.0,1,2
S0325031,Safari Tiwa Barell Pants,Safari Tiwa Barell Pants - White,S0325031WHIS,60053945,Safari,Bottoms,Full Length Pants,Retired,5400.0,0,0,1.0,1,2
S0325033,Safari Tiwa Straight Leg Pants,Safari Tiwa Straight Leg Pants - Black,S0325033BLA1X,60053900,Safari,Bottoms,Full Length Pants,Retired,3350.0,0,0,0,1,1
S0325033,Safari Tiwa Straight Leg Pants,Safari Tiwa Straight Leg Pants - Rust,S0325033RUSTL,60053891,Safari,Bottoms,Full Length Pants,Retired,4800.0,0,0,2.0,1,3
S0325033,Safari Tiwa Straight Leg Pants,Safari Tiwa Straight Leg Pants - Rust,S0325033RUSTS,60053889,Safari,Bottoms,Full Length Pants,Retired,4800.0,1.0,0,2.0,1,4
S0325033,Safari Tiwa Straight Leg Pants,Safari Tiwa Straight Leg Pants - Rust,S0325033RUST1X,60053892,Safari,Bottoms,Full Length Pants,Retired,4800.0,0,0,1.0,0,1
S0325033,Safari Tiwa Straight Leg Pants,Safari Tiwa Straight Leg Pants - Rust,S0325033RUSTM,60053890,Safari,Bottoms,Full Length Pants,Retired,4800.0,0,0,1.0,0,1
S0325033,Safari Tiwa Straight Leg Pants,Safari Tiwa Straight Leg Pants - White,S0325033WHIM,60053894,Safari,Bottoms,Full Length Pants,Retired,4800.0,0,0,0,1,1
S0325033,Safari Tiwa Straight Leg Pants,Safari Tiwa Straight Leg Pants - White,S0325033WHI1X,60053896,Safari,Bottoms,Full Length Pants,Retired,4800.0,0,0,1.0,0,1
S0325033,Safari Tiwa Straight Leg Pants,Safari Tiwa Straight Leg Pants - White,S0325033WHIS,60053893,Safari,Bottoms,Full Length Pants,Retired,4800.0,2.0,0,0,0,2
S0325065,Safari Naledi Gathered Panel Maxi Skirt,Safari Naledi Gathered Panel Maxi Skirt - Chocolate,S0325065CHOF,60055182,Safari,Skirts,Maxi Skirts,Retired,4450.0,0,0,0,1,1
S0325065,Safari Naledi Gathered Panel Maxi Skirt,Safari Naledi Gathered Panel Maxi Skirt - Navy,S0325065NAVF,60055220,Safari,Skirts,Maxi Skirts,Retired,6400.0,2.0,6.0,1.0,2,11
S0325065,Safari Naledi Gathered Panel Maxi Skirt,Safari Naledi Gathered Panel Maxi Skirt - Olive,S0325065OLIF,60055180,Safari,Skirts,Maxi Skirts,Retired,4450.0,0,0,0,2,2
S0325065,Safari Naledi Gathered Panel Maxi Skirt,Safari Naledi Gathered Panel Maxi Skirt - Pink,S0325065PINF,60055183,Safari,Skirts,Maxi Skirts,Retired,6400.0,1.0,11.0,3.0,3,18
S0325065,Safari Naledi Gathered Panel Maxi Skirt,Safari Naledi Gathered Panel Maxi Skirt - White,S0325065WHIF,60055219,Safari,Skirts,Maxi Skirts,Retired,6400.0,0,0,4.0,1,5
S0423039,Safari Men's Chinese Collar Long Sleeve Shirt,Safari Men's Chinese Collar Long Sleeve Shirt - Grey Stripped,S0423039GRYM,60035683,Safari,Tops,Men's Tops,Retired,2700.0,0,1.0,0,2,3
S0423039,Safari Men's Chinese Collar Long Sleeve Shirt,Safari Men's Chinese Collar Long Sleeve Shirt - Grey Stripped,S0423039GRY1X,60035685,Safari,Tops,Men's Tops,Retired,2700.0,0,1.0,0,1,2
S0423039,Safari Men's Chinese Collar Long Sleeve Shirt,Safari Men's Chinese Collar Long Sleeve Shirt - Grey Stripped,S0423039GRYS,60035682,Safari,Tops,Men's Tops,Retired,2700.0,0,0,0,1,1
S0423039,Safari Men's Chinese Collar Long Sleeve Shirt,Safari Men's Chinese Collar Long Sleeve Shirt - White,S0423039WHIS,60035687,Safari,Tops,Men's Tops,Retired,1850.0,0,0,0,1,1
S0423039,Safari Men's Chinese Collar Long Sleeve Shirt,Safari Men's Chinese Collar Long Sleeve Shirt - White,S0423039WHI1X,60035690,Safari,Tops,Men's Tops,Retired,1850.0,0,0,0,1,1
S0423069,Safari Hawi Peplum Bishop Sleeve Wrap Coat,Safari Hawi Peplum Bishop Sleeve Wrap Coat - Cherry,S0423069CHE4X,60046544,Safari,Outerwear,Jackets & Coats,Retired,1050.0,0,0,1,0,1
S0423069,Safari Hawi Peplum Bishop Sleeve Wrap Coat,Safari Hawi Peplum Bishop Sleeve Wrap Coat - Cherry,S0423069CHE2X,60046542,Safari,Outerwear,Jackets & Coats,Retired,1050.0,0,0,1,0,1
S0423069,Safari Hawi Peplum Bishop Sleeve Wrap Coat,Safari Hawi Peplum Bishop Sleeve Wrap Coat - Cherry,S0423069CHE3X,60046543,Safari,Outerwear,Jackets & Coats,Retired,1050.0,0,0,1,0,1
S0423069,Safari Hawi Peplum Bishop Sleeve Wrap Coat,Safari Hawi Peplum Bishop Sleeve Wrap Coat - Cherry,S0423069CHE1X,60045808,Safari,Outerwear,Jackets & Coats,Retired,1050.0,0,0,2,0,2
S0424035,Safari Men's Bomber Jacket,Safari Men's Bomber Jacket - Dark Grey,S0424035DGRYL,60037670,Safari,Outerwear,Jackets & Coats,Retired,4200.0,0,5.0,1.0,1,7
S0424035,Safari Men's Bomber Jacket,Safari Men's Bomber Jacket - Dark Grey,S0424035DGRYM,60037669,Safari,Outerwear,Jackets & Coats,Retired,4200.0,0,6.0,1.0,1,8
S0424035,Safari Men's Bomber Jacket,Safari Men's Bomber Jacket - Dark Grey,S0424035DGRY1X,60037671,Safari,Outerwear,Jackets & Coats,Retired,4200.0,1.0,2.0,1.0,1,5
S0424035,Safari Men's Bomber Jacket,Safari Men's Bomber Jacket - Dark Grey,S0424035DGRYS,60037668,Safari,Outerwear,Jackets & Coats,Retired,4200.0,0,3.0,1.0,1,5
S0424039,Safari Men's Chinese Collar Long Sleeve Shirt,Safari Men's Chinese Collar Long Sleeve Shirt - Coral,S0424039CORL,60036660,Safari,Tops,Men's Tops,Retired,1150.0,0,2.0,0,1,3
S0424039,Safari Men's Chinese Collar Long Sleeve Shirt,Safari Men's Chinese Collar Long Sleeve Shirt - Coral,S0424039CORS,60036658,Safari,Tops,Men's Tops,Retired,1150.0,0,0,0,1,1
S0424039,Safari Men's Chinese Collar Long Sleeve Shirt,Safari Men's Chinese Collar Long Sleeve Shirt - Coral,S0424039CORM,60036659,Safari,Tops,Men's Tops,Retired,1150.0,1.0,6.0,6.0,2,15
S0424041,Safari Men's Kitenge Drawstring Shorts,Safari Men's Drawstring Shorts - Coral,S0424041CORM,60035974,Safari,Bottoms,Men's Bottoms,Retired,1050.0,0,0,0,2,2
S0424041,Safari Men's Kitenge Drawstring Shorts,Safari Men's Drawstring Shorts - Dark Grey,S0424041DGRYM,60035978,Safari,Bottoms,Men's Bottoms,Retired,1050.0,0,0,2.0,3,5
S0424041,Safari Men's Kitenge Drawstring Shorts,Safari Men's Drawstring Shorts - Dark Grey,S0424041DGRY1X,60035980,Safari,Bottoms,Men's Bottoms,Retired,1050.0,0,0,1.0,0,1
S0424041,Safari Men's Kitenge Drawstring Shorts,Safari Men's Drawstring Shorts - Dark Grey,S0424041DGRYS,60035977,Safari,Bottoms,Men's Bottoms,Retired,1050.0,1.0,0,0,1,2
S0424041,Safari Men's Kitenge Drawstring Shorts,Safari Men's Drawstring Shorts - Dark Grey,S0424041DGRYL,60035979,Safari,Bottoms,Men's Bottoms,Retired,1050.0,0,1.0,1.0,1,3
S0424041,Safari Men's Kitenge Drawstring Shorts,Safari Men's Drawstring Shorts - Light Green,S0424041LGRNM,60035982,Safari,Bottoms,Men's Bottoms,Retired,750.0,0,0,0,1,1
S0424041,Safari Men's Kitenge Drawstring Shorts,Safari Men's Kitenge Drawstring Shorts - Chari Print,S0424041PR7S,60037790,Safari,Bottoms,Men's Bottoms,Retired,1800.0,0,1.0,0,1,2
S0424041,Safari Men's Kitenge Drawstring Shorts,Safari Men's Kitenge Drawstring Shorts - Chari Print,S0424041PR7M,60037791,Safari,Bottoms,Men's Bottoms,Retired,1800.0,0,0,0,1,1
S0424041,Safari Men's Kitenge Drawstring Shorts,Safari Men's Kitenge Drawstring Shorts - Chari Print,S0424041PR74X,60037814,Safari,Bottoms,Men's Bottoms,Retired,1800.0,0,0,0,1,1
S0424041,Safari Men's Kitenge Drawstring Shorts,Safari Men's Kitenge Drawstring Shorts - Chari Print,S0424041PR72X,60037812,Safari,Bottoms,Men's Bottoms,Retired,1800.0,0,0,2.0,0,2
S0424041,Safari Men's Kitenge Drawstring Shorts,Safari Men's Kitenge Drawstring Shorts - Himo Print,S0424041PR8M,60049947,Safari,Bottoms,Men's Bottoms,Retired,1800.0,0,0,0,2,2
S0424041,Safari Men's Kitenge Drawstring Shorts,Safari Men's Kitenge Drawstring Shorts - Himo Print,S0424041PR8L,60049948,Safari,Bottoms,Men's Bottoms,Retired,1800.0,0,0,0,1,1
S0424041,Safari Men's Kitenge Drawstring Shorts,Safari Men's Kitenge Drawstring Shorts - Himo Print,S0424041PR8S,60049946,Safari,Bottoms,Men's Bottoms,Retired,1800.0,0,0,0,2,2
S0424041,Safari Men's Kitenge Drawstring Shorts,Safari Men's Kitenge Drawstring Shorts - Keri Print,S0424041PR9S,60049953,Safari,Bottoms,Men's Bottoms,Retired,1800.0,0,0,0,1,1
S0424041,Safari Men's Kitenge Drawstring Shorts,Safari Men's Kitenge Drawstring Shorts - Keri Print,S0424041PR91X,60049956,Safari,Bottoms,Men's Bottoms,Retired,1800.0,1.0,0,0,3,4
S0424041,Safari Men's Kitenge Drawstring Shorts,Safari Men's Kitenge Drawstring Shorts - Keri Print,S0424041PR9M,60049954,Safari,Bottoms,Men's Bottoms,Retired,1800.0,0,1.0,2.0,1,4
S0424041,Safari Men's Kitenge Drawstring Shorts,Safari Men's Kitenge Drawstring Shorts - Tana Print,S0424041PR6S,60037794,Safari,Bottoms,Men's Bottoms,Retired,2050.0,0,0,0,1,1
S0424041,Safari Men's Kitenge Drawstring Shorts,Safari Men's Kitenge Drawstring Shorts - Tana Print,S0424041PR63X,60037799,Safari,Bottoms,Men's Bottoms,Retired,2050.0,1.0,3.0,0,1,5
S0424041,Safari Men's Kitenge Drawstring Shorts,Safari Men's Kitenge Drawstring Shorts - Tana Print,S0424041PR64X,60037800,Safari,Bottoms,Men's Bottoms,Retired,2050.0,0,2.0,0,2,4
S0424041,Safari Men's Kitenge Drawstring Shorts,Safari Men's Kitenge Drawstring Shorts - Tari Print,S0424041PR54X,60037803,Safari,Bottoms,Men's Bottoms,Retired,3550.0,0,0,1.0,1,2
S0424041,Safari Men's Kitenge Drawstring Shorts,Safari Men's Kitenge Drawstring Shorts - Tari Print,S0424041PR53X,60037802,Safari,Bottoms,Men's Bottoms,Retired,3550.0,0,0,1.0,0,1
S0424041,Safari Men's Kitenge Drawstring Shorts,Safari Men's Kitenge Drawstring Shorts - Tari Print,S0424041PR5S,60037203,Safari,Bottoms,Men's Bottoms,Retired,3550.0,0,0,0,1,1
S0424041,Safari Men's Kitenge Drawstring Shorts,Safari Mens Kitenge Drawstring Shorts - Black / Yellow Print,S0424041PR11S,60060693,Safari,Bottoms,Men's Bottoms,Retired,3400.0,0,0,2.0,1,3
S0424041,Safari Men's Kitenge Drawstring Shorts,Safari Mens Kitenge Drawstring Shorts - Black / Yellow Print,S0424041PR11L,60060695,Safari,Bottoms,Men's Bottoms,Retired,3400.0,0,0,2.0,0,2
S0424041,Safari Men's Kitenge Drawstring Shorts,Safari Mens Kitenge Drawstring Shorts - Black / Yellow Print,S0424041PR11M,60060694,Safari,Bottoms,Men's Bottoms,Retired,3400.0,1.0,0,4.0,0,5
S0424041,Safari Men's Kitenge Drawstring Shorts,Safari Mens Kitenge Drawstring Shorts - Navy / Blue Print,S0424041PR10S,60060689,Safari,Bottoms,Men's Bottoms,Retired,2050.0,0,0,2.0,1,3
S0424041,Safari Men's Kitenge Drawstring Shorts,Safari Mens Kitenge Drawstring Shorts - Navy / Blue Print,S0424041PR10M,60060690,Safari,Bottoms,Men's Bottoms,Retired,2050.0,0,0,3.0,1,4
S0424041,Safari Men's Kitenge Drawstring Shorts,Safari Mens Kitenge Drawstring Shorts - Navy / Blue Print,S0424041PR10L,60060691,Safari,Bottoms,Men's Bottoms,Retired,2050.0,0,0,2.0,0,2
S0424041,Safari Men's Kitenge Drawstring Shorts,Safari Mens Kitenge Drawstring Shorts - Navy / Blue Print,S0424041PR101X,60060692,Safari,Bottoms,Men's Bottoms,Retired,2050.0,0,0,1.0,0,1
S0424047,Safari Men's Cargo Pants,Safari Men's Cargo Pants - Dark Grey,S0424047DGRYS,60035964,Safari,Bottoms,Men's Bottoms,Retired,1750.0,0,0,3.0,1,4
S0424047,Safari Men's Cargo Pants,Safari Men's Cargo Pants - Dark Grey,S0424047DGRYL,60035966,Safari,Bottoms,Men's Bottoms,Retired,1750.0,1.0,1.0,0,0,2
S0424047,Safari Men's Cargo Pants,Safari Men's Cargo Pants - Dark Grey,S0424047DGRYM,60035965,Safari,Bottoms,Men's Bottoms,Retired,1750.0,0,6.0,1.0,1,8
S0424047,Safari Men's Cargo Pants,Safari Men's Cargo Pants - Dark Grey,S0424047DGRY1X,60035967,Safari,Bottoms,Men's Bottoms,Retired,1750.0,0,2.0,0,1,3
S0424047,Safari Men's Cargo Pants,Safari Men's Cargo Pants - Light Grey,S0424047LGRYL,60035970,Safari,Bottoms,Men's Bottoms,Retired,2950.0,0,0,0,2,2
S0424062,Safari Spaghetti Tank Top,Safari Spaghetti Tank Top - Dark Taupe,S0424062DTAU3X/4X,60035315,Safari,Tops,T-shirts & Tank Tops,Retired,1750.0,0,2.0,0,0,2
S0424062,Safari Spaghetti Tank Top,Safari Spaghetti Tank Top - Dark Taupe,S0424062DTAU1X/2X,60035314,Safari,Tops,T-shirts & Tank Tops,Retired,1750.0,1.0,4.0,0,0,5
S0424062,Safari Spaghetti Tank Top,Safari Spaghetti Tank Top - Dark Taupe,S0424062DTAUM/L,60035313,Safari,Tops,T-shirts & Tank Tops,Retired,1750.0,1.0,3.0,2.0,1,9
S0424062,Safari Spaghetti Tank Top,Safari Spaghetti Tank Top - Light Taupe,S0424062LTAU1X/2X,60035318,Safari,Tops,T-shirts & Tank Tops,Retired,650.0,0,6.0,1.0,1,8
S0424062,Safari Spaghetti Tank Top,Safari Spaghetti Tank Top - Light Taupe,S0424062LTAUXS/S,60035316,Safari,Tops,T-shirts & Tank Tops,Retired,650.0,1.0,0,0,0,1
S0424062,Safari Spaghetti Tank Top,Safari Spaghetti Tank Top - Light Taupe,S0424062LTAUM/L,60035317,Safari,Tops,T-shirts & Tank Tops,Retired,650.0,0,0,1.0,1,2
S0424064,Safari Bush Drop Shoulder Long Sleeve Top,Safari Bush Drop Shoulder Long Sleeve Top - Hunters Green,S0424064HGNXS/S,60037936,Safari,Tops,T-shirts & Tank Tops,Retired,2000.0,0,0,0,1,1
S0424064,Safari Bush Drop Shoulder Long Sleeve Top,Safari Bush Drop Shoulder Long Sleeve Top - Hunters Green,S0424064HGNM/L,60037937,Safari,Tops,T-shirts & Tank Tops,Retired,2000.0,0,0,1.0,1,2
S0424064,Safari Bush Drop Shoulder Long Sleeve Top,Safari Bush Drop Shoulder Long Sleeve Top - Hunters Green,S0424064HGN1X/2X,60037938,Safari,Tops,T-shirts & Tank Tops,Retired,2000.0,0,4.0,0,2,6
S0424064,Safari Bush Drop Shoulder Long Sleeve Top,Safari Bush Drop Shoulder Long Sleeve Top - Mustard,S0424064MUSXS/S,60037939,Safari,Tops,T-shirts & Tank Tops,Retired,1750.0,1.0,7.0,1.0,0,9
S0424064,Safari Bush Drop Shoulder Long Sleeve Top,Safari Bush Drop Shoulder Long Sleeve Top - Mustard,S0424064MUS1X/2X,60037941,Safari,Tops,T-shirts & Tank Tops,Retired,1750.0,0,5.0,2.0,2,9
S0424064,Safari Bush Drop Shoulder Long Sleeve Top,Safari Bush Drop Shoulder Long Sleeve Top - Mustard,S0424064MUSM/L,60037940,Safari,Tops,T-shirts & Tank Tops,Retired,1750.0,1.0,10.0,0,2,13
S0424073,Safari Kamari Ribbed Top,Safari Bush Cropped Short Sleeve Shacket - Gold,S0424073GOLM/L,60038483,Safari,Tops,T-shirts & Tank Tops,Retired,2500.0,0,0,0,1,1
S0424073,Safari Kamari Ribbed Top,Safari Bush Cropped Short Sleeve Shacket - Gold,S0424073GOLXS/S,60038482,Safari,Tops,T-shirts & Tank Tops,Retired,2500.0,1.0,0,0,0,1
S0424073,Safari Kamari Ribbed Top,Safari Bush Cropped Short Sleeve Shacket - Gold,S0424073GOL1X/2X,60038484,Safari,Tops,T-shirts & Tank Tops,Retired,2500.0,3.0,2.0,0,0,5
S0424073,Safari Kamari Ribbed Top,Safari Kamari Ribbed Top - Beige,S0424073BEI3X,60037657,Safari,Tops,T-shirts & Tank Tops,Retired,750.0,0,2.0,0,1,3
S0424073,Safari Kamari Ribbed Top,Safari Kamari Ribbed Top - Beige,S0424073BEIXS,60037651,Safari,Tops,T-shirts & Tank Tops,Retired,750.0,0,1.0,0,1,2
S0424073,Safari Kamari Ribbed Top,Safari Kamari Ribbed Top - Beige,S0424073BEIL,60037654,Safari,Tops,T-shirts & Tank Tops,Retired,750.0,0,0,0,1,1
S0424073,Safari Kamari Ribbed Top,Safari Kamari Ribbed Top - Hunters Green,S0424073HGN4X,60037666,Safari,Tops,T-shirts & Tank Tops,Retired,1100.0,0,5.0,0,1,6
S0424073,Safari Kamari Ribbed Top,Safari Kamari Ribbed Top - Hunters Green,S0424073HGNL,60037662,Safari,Tops,T-shirts & Tank Tops,Retired,1100.0,0,0,0,1,1
S0424073,Safari Kamari Ribbed Top,Safari Kamari Ribbed Top - Hunters Green,S0424073HGN2X,60037664,Safari,Tops,T-shirts & Tank Tops,Retired,1100.0,0,1.0,2.0,2,5
S0424073,Safari Kamari Ribbed Top,Safari Kamari Ribbed Top - Hunters Green,S0424073HGN3X,60037665,Safari,Tops,T-shirts & Tank Tops,Retired,1100.0,0,5.0,0,0,5
S0424073,Safari Kamari Ribbed Top,Safari Kamari Ribbed Top - Hunters Green,S0424073HGN1X,60037663,Safari,Tops,T-shirts & Tank Tops,Retired,1100.0,0,0,2.0,2,4
S0424073,Safari Kamari Ribbed Top,Safari Kamari Ribbed Top - Hunters Green,S0424073HGNXS,60037659,Safari,Tops,T-shirts & Tank Tops,Retired,1100.0,0,0,1.0,1,2
S0424075,Safari Huru Halter Sleeveless High Low Dress,Safari Huru Halter Sleeveless High Low Dress - Black,S0424075BLAS,60047113,Safari,Dresses,Midi & Capri Dresses,Retired,4050.0,0,0,0,2,2
S0424075,Safari Huru Halter Sleeveless High Low Dress,Safari Huru Halter Sleeveless High Low Dress - Rust,S0424075RUSS,60047121,Safari,Dresses,Midi & Capri Dresses,Retired,4050.0,0,0,0,1,1
S0424075,Safari Huru Halter Sleeveless High Low Dress,Safari Huru Halter Sleeveless High Low Dress - Taupe,S0424075TAUM,60047130,Safari,Dresses,Midi & Capri Dresses,Retired,4050.0,0,0,0,1,1
S0424145,Safari Men's Long Sleeve Shirt,Safari Men's Long Sleeve Shirt - Denim Blue,S0424145DMBLUM,60035692,Safari,Tops,Men's Tops,Retired,1250.0,0,0,1.0,0,1
S0424145,Safari Men's Long Sleeve Shirt,Safari Men's Long Sleeve Shirt - Denim Blue,S0424145DMBLUS,60035691,Safari,Tops,Men's Tops,Retired,1250.0,0,2.0,0,1,3
S0424145,Safari Men's Long Sleeve Shirt,Safari Men's Long Sleeve Shirt - Denim Blue,S0424145DMBLUL,60035693,Safari,Tops,Men's Tops,Retired,1250.0,0,1.0,0,1,2
S0424145,Safari Men's Long Sleeve Shirt,Safari Men's Long Sleeve Shirt - Denim Blue,S0424145DMBLU1X,60035694,Safari,Tops,Men's Tops,Retired,1250.0,0,0,0,1,1
S0424145,Safari Men's Long Sleeve Shirt,Safari Men's Long Sleeve Shirt - Khaki,S0424145KHAL,60035697,Safari,Tops,Men's Tops,Retired,1250.0,1.0,2.0,3.0,1,7
S0424145,Safari Men's Long Sleeve Shirt,Safari Men's Long Sleeve Shirt - Khaki,S0424145KHAS,60035695,Safari,Tops,Men's Tops,Retired,1250.0,0,0,5.0,2,7
S0424145,Safari Men's Long Sleeve Shirt,Safari Men's Long Sleeve Shirt - Khaki,S0424145KHAM,60035696,Safari,Tops,Men's Tops,Retired,1250.0,2.0,4.0,5.0,3,14
S0424145,Safari Men's Long Sleeve Shirt,Safari Men's Long Sleeve Shirt - Khaki,S0424145KHA1X,60035698,Safari,Tops,Men's Tops,Retired,1250.0,0,1.0,2.0,1,4
S0425036,Shiv & Shikie X Safari Drawstring Shorts,Shiv & Shikie X Safari Drawstring Shorts - Light Taupe,S0425036LITM,60056197,Third Party Brands,Bottoms,Men's Bottoms,Retired,3400.0,0,0,0,1,1
S0425036,Shiv & Shikie X Safari Drawstring Shorts,Shiv & Shikie X Safari Drawstring Shorts - Light Taupe,S0425036LITXS,60056200,Third Party Brands,Bottoms,Men's Bottoms,Retired,3400.0,0,0,1.0,0,1
S0425036,Shiv & Shikie X Safari Drawstring Shorts,Shiv & Shikie X Safari Drawstring Shorts - Olive,S0425036OLIS,60055490,Third Party Brands,Bottoms,Men's Bottoms,Retired,3400.0,4.0,0,2.0,1,7
S0425036,Shiv & Shikie X Safari Drawstring Shorts,Shiv & Shikie X Safari Drawstring Shorts - Olive,S0425036OLIM,60055491,Third Party Brands,Bottoms,Men's Bottoms,Retired,3400.0,0,0,1.0,2,3
S0425036,Shiv & Shikie X Safari Drawstring Shorts,Shiv & Shikie X Safari Drawstring Shorts - Olive,S0425036OLIXS,60056201,Third Party Brands,Bottoms,Men's Bottoms,Retired,3400.0,0,0,1.0,1,2
S0425036,Shiv & Shikie X Safari Drawstring Shorts,Shiv & Shikie X Safari Drawstring Shorts - Purple,S0425036PURS,60055494,Third Party Brands,Bottoms,Men's Bottoms,Retired,3400.0,0,0,1.0,1,2
S0425036,Shiv & Shikie X Safari Drawstring Shorts,Shiv & Shikie X Safari Drawstring Shorts - Purple,S0425036PURM,60055495,Third Party Brands,Bottoms,Men's Bottoms,Retired,3400.0,0,0,0,1,1
S0425036,Shiv & Shikie X Safari Drawstring Shorts,Shiv & Shikie X Safari Drawstring Shorts - Purple,S0425036PURXS,60056195,Third Party Brands,Bottoms,Men's Bottoms,Retired,3400.0,0,0,0,1,1
S0425036,Shiv & Shikie X Safari Drawstring Shorts,Shiv & Shikie X Safari Drawstring Shorts - Purple,S0425036PURL,60055496,Third Party Brands,Bottoms,Men's Bottoms,Retired,3400.0,0,0,1.0,0,1
S0425036,Shiv & Shikie X Safari Drawstring Shorts,Shiv & Shikie X Safari Drawstring Shorts - White,S0425036WHIS,60055486,Third Party Brands,Bottoms,Men's Bottoms,Retired,3400.0,1.0,0,0,1,2
S0425036,Shiv & Shikie X Safari Drawstring Shorts,Shiv & Shikie X Safari Drawstring Shorts - White,S0425036WHIXS,60056202,Third Party Brands,Bottoms,Men's Bottoms,Retired,3400.0,0,0,0,1,1
S0425037,Shiv & Shikie X Safari Cargo Pants,Shiv & Shikie X Safari Cargo Pants - Dark Grey,S0425037DGRS,60055560,Third Party Brands,Bottoms,Men's Bottoms,Retired,5800.0,0,0,1.0,1,2
S0425037,Shiv & Shikie X Safari Cargo Pants,Shiv & Shikie X Safari Cargo Pants - Dark Grey,S0425037DGRM,60055561,Third Party Brands,Bottoms,Men's Bottoms,Retired,5800.0,0,0,0,1,1
S0425037,Shiv & Shikie X Safari Cargo Pants,Shiv & Shikie X Safari Cargo Pants - Dark Grey,S0425037DGRL,60055562,Third Party Brands,Bottoms,Men's Bottoms,Retired,5800.0,1.0,1.0,0,1,3
S0425037,Shiv & Shikie X Safari Cargo Pants,Shiv & Shikie X Safari Cargo Pants - Dark Grey,S0425037DGRXS,60056167,Third Party Brands,Bottoms,Men's Bottoms,Retired,5800.0,0,0,0,1,1
S0425037,Shiv & Shikie X Safari Cargo Pants,Shiv & Shikie X Safari Cargo Pants - Hunters,S0425037HUNXS,60056168,Third Party Brands,Bottoms,Men's Bottoms,Retired,5800.0,0,0,0,1,1
S0425037,Shiv & Shikie X Safari Cargo Pants,Shiv & Shikie X Safari Cargo Pants - Hunters,S0425037HUNL,60055558,Third Party Brands,Bottoms,Men's Bottoms,Retired,5800.0,0,0,0,1,1
S0425039,Shiv & Shikie X Safari Barrel Pants,Shiv & Shikie X Safari Barrel Pants - Black,S0425039BLAM,60055427,Third Party Brands,Bottoms,Full Length Pants,Retired,4800.0,0,4.0,3,2,9
S0425039,Shiv & Shikie X Safari Barrel Pants,Shiv & Shikie X Safari Barrel Pants - Black,S0425039BLAXS,60056214,Third Party Brands,Bottoms,Full Length Pants,Retired,4800.0,0,0,0,3,3
S0425039,Shiv & Shikie X Safari Barrel Pants,Shiv & Shikie X Safari Barrel Pants - Black,S0425039BLAS,60055426,Third Party Brands,Bottoms,Full Length Pants,Retired,4800.0,9.0,1.0,0,3,13
S0425039,Shiv & Shikie X Safari Barrel Pants,Shiv & Shikie X Safari Barrel Pants - Olive,S0425039OLIM,60055431,Third Party Brands,Bottoms,Full Length Pants,Retired,4800.0,3.0,0,0,3,6
S0425039,Shiv & Shikie X Safari Barrel Pants,Shiv & Shikie X Safari Barrel Pants - Olive,S0425039OLIS,60055430,Third Party Brands,Bottoms,Full Length Pants,Retired,4800.0,9.0,0,0,1,10
S0425039,Shiv & Shikie X Safari Barrel Pants,Shiv & Shikie X Safari Barrel Pants - Olive,S0425039OLIXS,60056213,Third Party Brands,Bottoms,Full Length Pants,Retired,4800.0,0,0,0,1,1
S0425039,Shiv & Shikie X Safari Barrel Pants,Shiv & Shikie X Safari Barrel Pants - Taupe,S0425039TAUS,60055422,Third Party Brands,Bottoms,Full Length Pants,Retired,4800.0,1.0,5.0,0,2,8
S0425039,Shiv & Shikie X Safari Barrel Pants,Shiv & Shikie X Safari Barrel Pants - Taupe,S0425039TAUM,60055423,Third Party Brands,Bottoms,Full Length Pants,Retired,4800.0,0,1.0,0,1,2
S0425041,Shiv & Shikie X Safari Printed Short Sleeve Shirt,Shiv & Shikie X Safari Printed Short Sleeve Shirt - Brown / Black Ezi Print,S0425041PR1S,60056091,Third Party Brands,Tops,Men's Tops,Retired,4800.0,0,3.0,2.0,1,6
S0425041,Shiv & Shikie X Safari Printed Short Sleeve Shirt,Shiv & Shikie X Safari Printed Short Sleeve Shirt - Brown / Black Ezi Print,S0425041PR11X,60056097,Third Party Brands,Tops,Men's Tops,Retired,4800.0,0,0,3.0,0,3
S0425041,Shiv & Shikie X Safari Printed Short Sleeve Shirt,Shiv & Shikie X Safari Printed Short Sleeve Shirt - Brown / Black Ezi Print,S0425041PR1L,60056093,Third Party Brands,Tops,Men's Tops,Retired,4800.0,1.0,2.0,1,1,5
S0425041,Shiv & Shikie X Safari Printed Short Sleeve Shirt,Shiv & Shikie X Safari Printed Short Sleeve Shirt - Brown / Black Ezi Print,S0425041PR1M,60056092,Third Party Brands,Tops,Men's Tops,Retired,4800.0,1.0,3.0,2.0,1,7
S0425041,Shiv & Shikie X Safari Printed Short Sleeve Shirt,Shiv & Shikie X Safari Printed Short Sleeve Shirt - Grey / Black Ezi Print,S0425041PR2L,60056441,Third Party Brands,Tops,Men's Tops,Retired,4800.0,2.0,0,3.0,0,5
S0425041,Shiv & Shikie X Safari Printed Short Sleeve Shirt,Shiv & Shikie X Safari Printed Short Sleeve Shirt - Grey / Black Ezi Print,S0425041PR2M,60056440,Third Party Brands,Tops,Men's Tops,Retired,4800.0,2.0,14.0,4.0,1,21
S0425041,Shiv & Shikie X Safari Printed Short Sleeve Shirt,Shiv & Shikie X Safari Printed Short Sleeve Shirt - Grey / Black Ezi Print,S0425041PR2S,60056439,Third Party Brands,Tops,Men's Tops,Retired,4800.0,0,5.0,1.0,1,7
S0425041,Shiv & Shikie X Safari Printed Short Sleeve Shirt,Shiv & Shikie X Safari Printed Short Sleeve Shirt - Grey / Black Ezi Print,S0425041PR21X,60056442,Third Party Brands,Tops,Men's Tops,Retired,4800.0,0,1.0,1.0,1,3
S0425041,Shiv & Shikie X Safari Printed Short Sleeve Shirt,Shiv & Shikie X Safari Printed Short Sleeve Shirt - Taupe / Black Ezi Print,S0425041PR3M,60056444,Third Party Brands,Tops,Men's Tops,Retired,4800.0,1.0,7.0,1,2,11
S0425041,Shiv & Shikie X Safari Printed Short Sleeve Shirt,Shiv & Shikie X Safari Printed Short Sleeve Shirt - Taupe / Black Ezi Print,S0425041PR31X,60056446,Third Party Brands,Tops,Men's Tops,Retired,4800.0,0,0,0,1,1
S0425041,Shiv & Shikie X Safari Printed Short Sleeve Shirt,Shiv & Shikie X Safari Printed Short Sleeve Shirt - Taupe / Black Ezi Print,S0425041PR3S,60056443,Third Party Brands,Tops,Men's Tops,Retired,4800.0,1.0,5.0,0,1,7
S0425041,Shiv & Shikie X Safari Printed Short Sleeve Shirt,Shiv & Shikie X Safari Printed Short Sleeve Shirt - Taupe / Black Ezi Print,S0425041PR3L,60056445,Third Party Brands,Tops,Men's Tops,Retired,4800.0,0,1.0,2.0,1,4
S0524199,Safari Kitenge T-Shirt,Safari Kitenge T-Shirt - Black / Chari Print,S0524199PR31X,60038529,Safari,Tops,Men's Tops,Retired,550.0,0,0,1.0,0,1
S0525005,Shiv & Shikie X Safari Faux Collar Printed Shirt,Shiv & Shikie X Safari Faux Collar Printed Shirt - Grey/Black Ezi Print,S0525005PR1XS/S,60056094,Third Party Brands,Tops,Midriff & Crop Tops,Retired,2800.0,0,10.0,0,1,11
S0525005,Shiv & Shikie X Safari Faux Collar Printed Shirt,Shiv & Shikie X Safari Faux Collar Printed Shirt - Grey/Black Ezi Print,S0525005PR11X/2X,60056096,Third Party Brands,Tops,Midriff & Crop Tops,Retired,2800.0,0,0,0,1,1
S0525005,Shiv & Shikie X Safari Faux Collar Printed Shirt,Shiv & Shikie X Safari Faux Collar Printed Shirt - Grey/Black Ezi Print,S0525005PR1M/L,60056095,Third Party Brands,Tops,Midriff & Crop Tops,Retired,2800.0,2.0,4.0,0,2,8
S0525005,Shiv & Shikie X Safari Faux Collar Printed Shirt,Shiv & Shikie X Safari Faux Collar Printed Shirt - Taupe/Black Ezi Print,S0525005PR2XS/S,60056102,Third Party Brands,Tops,Midriff & Crop Tops,Retired,2800.0,0,0,0,1,1
S0525067,Safari Tara Crop Shacket,Safari Tara Crop Shacket - Black / Yellow Fali Print,S0525067PR4M,60056591,Safari,Outerwear,Jackets & Coats,Retired,2650.0,0,0,0,1,1
S0525068,Safari Tara Barell Pants,Safari Tara Barrel Pants - Navy / White Print,S0525068PR1S,60056027,Safari,Bottoms,Full Length Pants,Retired,3350.0,1.0,0,0,0,1
S0525069,Safari Tara Bishop Sleeve Dress,Safari Tara Bishop Sleeve Dress - Maroon / Pink Ara Print,S0525069PR1M,60056477,Safari,Dresses,Knee Length Dresses,Retired,6400.0,0,1.0,0,1,2
S0525069,Safari Tara Bishop Sleeve Dress,Safari Tara Bishop Sleeve Dress - Maroon / Pink Ara Print,S0525069PR1S,60056476,Safari,Dresses,Knee Length Dresses,Retired,6400.0,0,0,0,1,1
S0525069,Safari Tara Bishop Sleeve Dress,Safari Tara Bishop Sleeve Dress - Peach / Blue Sara Print,S0525069PR2S,60056481,Safari,Dresses,Knee Length Dresses,Retired,6400.0,0,1.0,0,1,2
S0525069,Safari Tara Bishop Sleeve Dress,Safari Tara Bishop Sleeve Dress - Peach / Blue Sara Print,S0525069PR2L,60056483,Safari,Dresses,Knee Length Dresses,Retired,6400.0,0,1.0,0,1,2
S0525069,Safari Tara Bishop Sleeve Dress,Safari Tara Bishop Sleeve Dress - Peach / Blue Sara Print,S0525069PR2M,60056482,Safari,Dresses,Knee Length Dresses,Retired,6400.0,0,2.0,0,1,3
S0525069,Safari Tara Bishop Sleeve Dress,Safari Tara Bishop Sleeve Dress - Peach / Blue Sara Print,S0525069PR2XS,60056480,Safari,Dresses,Knee Length Dresses,Retired,6400.0,0,0,0,1,1
S0525069,Safari Tara Bishop Sleeve Dress,Safari Tara Bishop Sleeve Dress - Peach / Blue Sara Print,S0525069PR21X,60056484,Safari,Dresses,Knee Length Dresses,Retired,6400.0,0,0,0,1,1
S0525069,Safari Tara Bishop Sleeve Dress,Safari Tara Bishop Sleeve Dress -Navy / Red Maya Print,S0525069PR3S,60056494,Safari,Dresses,Knee Length Dresses,Retired,6400.0,0,1.0,0,1,2
S0525069,Safari Tara Bishop Sleeve Dress,Safari Tara Bishop Sleeve Dress -Navy / Red Maya Print,S0525069PR3M,60056495,Safari,Dresses,Knee Length Dresses,Retired,6400.0,0,0,0,1,1
S0525069,Safari Tara Bishop Sleeve Dress,Safari Tara Bishop Sleeve Dress -Navy / Red Maya Print,S0525069PR31X,60056497,Safari,Dresses,Knee Length Dresses,Retired,6400.0,0,0,0,1,1
S0525069,Safari Tara Bishop Sleeve Dress,Safari Tara Bishop Sleeve Dress -Navy / Red Maya Print,S0525069PR3L,60056496,Safari,Dresses,Knee Length Dresses,Retired,6400.0,0,0,0,1,1
S0623035,Safari Hawi Cargo Pants,Safari Hawi Cargo Pants - Gold,S0623035GOLL,60032701,Safari,Bottoms,Full Length Pants,Retired,3650.0,0,0,0,2,2
S0623035,Safari Hawi Cargo Pants,Safari Hawi Cargo Pants - Light Navy,S0623035LINAL,60046369,Safari,Bottoms,Full Length Pants,Retired,5250.0,0,1.0,2.0,3,6
S0623035,Safari Hawi Cargo Pants,Safari Hawi Cargo Pants - Light Navy,S0623035LINAM,60046368,Safari,Bottoms,Full Length Pants,Retired,5250.0,0,2.0,1.0,1,4
S0623047,Safari Basic Shirt Tent Dress,Safari Basic Shirt Tent Dress - Black,S0623047BLAXL,60024985,Safari,Dresses,Knee Length Dresses,Retired,3700.0,0,0,1.0,0,1
S0623047,Safari Basic Shirt Tent Dress,Safari Basic Shirt Tent Dress - Coral,S0623047CORS,60024986,Safari,Dresses,Knee Length Dresses,Retired,5250.0,0,1.0,0,1,2
S0623047,Safari Basic Shirt Tent Dress,Safari Basic Shirt Tent Dress - Taupe,S0623047TAUL,60019749,Safari,Dresses,Knee Length Dresses,Retired,5250.0,0,2.0,0,1,3
S0623047,Safari Basic Shirt Tent Dress,Safari Basic Shirt Tent Dress - Taupe,S0623047TAUM,60019748,Safari,Dresses,Knee Length Dresses,Retired,5250.0,2.0,0,0,1,3
S0623047,Safari Basic Shirt Tent Dress,Safari Basic Shirt Tent Dress - Taupe,S0623047TAUS,60019747,Safari,Dresses,Knee Length Dresses,Retired,5250.0,0,0,0,1,1
S0623056,Safari Anga Puffy Short Sleeve Tie Top,Safari Anga Puffy Short Sleeve Tie Top - Lime Green / Black Ankara Print,S0623056PR7M,60029074,Safari,Tops,Midriff & Crop Tops,Retired,650.0,0,1.0,0,1,2
S0623056,Safari Anga Puffy Short Sleeve Tie Top,Safari Anga Puffy Short Sleeve Tie Top - Navy Blue / Yellow Ankara Print,S0623056PR8S,60029548,Safari,Tops,Midriff & Crop Tops,Retired,960.0,0,0,0,3,3
S0623056,Safari Anga Puffy Short Sleeve Tie Top,Safari Anga Puffy Short Sleeve Tie Top - Navy Blue / Yellow Ankara Print,S0623056PR8M,60029549,Safari,Tops,Midriff & Crop Tops,Retired,960.0,0,2.0,0,3,5
S0623073,Safari Anga Wide Shorts,Safari Anga Wide Shorts - Black / White Ankara Print,S0623073PR4S,60029873,Safari,Bottoms,Shorts & Skorts,Retired,1500.0,0,0,0,5,5
S0623073,Safari Anga Wide Shorts,Safari Anga Wide Shorts - Green / Orange Print,S0623073PR6S,60030783,Safari,Bottoms,Shorts & Skorts,Retired,1050.0,1.0,0,0,1,2
S0623073,Safari Anga Wide Shorts,Safari Anga Wide Shorts - Navy Blue / Orange Ankara Print,S0623073PR1S,60020944,Safari,Bottoms,Shorts & Skorts,Retired,1050.0,0,3.0,0,1,4
S0624019,Safari Savannah Men's Half Placket Shirt,Safari Savannah Men's Half Placket Shirt - Hunters,S0624019HUNM,60041679,Safari,Tops,Men's Tops,Retired,4550.0,1.0,0,0,1,2
S0624019,Safari Savannah Men's Half Placket Shirt,Safari Savannah Men's Half Placket Shirt - Hunters,S0624019HUNS,60041678,Safari,Tops,Men's Tops,Retired,4550.0,1.0,1.0,0,0,2
S0624019,Safari Savannah Men's Half Placket Shirt,Safari Savannah Men's Half Placket Shirt - Hunters,S0624019HUNL,60041680,Safari,Tops,Men's Tops,Retired,4550.0,0,1.0,0,1,2
S0624019,Safari Savannah Men's Half Placket Shirt,Safari Savannah Men's Half Placket Shirt - Hunters,S0624019HUN1X,60041681,Safari,Tops,Men's Tops,Retired,4550.0,0,1.0,1.0,1,3
S0624019,Safari Savannah Men's Half Placket Shirt,Safari Savannah Men's Half Placket Shirt - White,S0624019WHIS,60041683,Safari,Tops,Men's Tops,Retired,4400.0,0,0,0,1,1
S0624019,Safari Savannah Men's Half Placket Shirt,Safari Savannah Men's Half Placket Shirt - White,S0624019WHI1X,60041686,Safari,Tops,Men's Tops,Retired,4400.0,0,1.0,0,1,2
S0624019,Safari Savannah Men's Half Placket Shirt,Safari Savannah Men's Half Placket Shirt - White,S0624019WHIM,60041684,Safari,Tops,Men's Tops,Retired,4400.0,0,0,0,1,1
S0624019,Safari Savannah Men's Half Placket Shirt,Safari Savannah Men's Half Placket Shirt - White,S0624019WHIL,60041685,Safari,Tops,Men's Tops,Retired,4400.0,0,1.0,0,1,2
S0624022,Safari Savannah Men's Drawstring Shorts (Regular),Safari Savannah Men's Drawstring Shorts (Regular) - Black,S0624022BLA(REG)L,60041663,Safari,Bottoms,Men's Bottoms,Retired,3900.0,0,0,2.0,0,2
S0624022,Safari Savannah Men's Drawstring Shorts (Regular),Safari Savannah Men's Drawstring Shorts (Regular) - Black,S0624022BLA(REG)M,60041662,Safari,Bottoms,Men's Bottoms,Retired,3900.0,0,0,1.0,1,2
S0624022,Safari Savannah Men's Drawstring Shorts (Regular),Safari Savannah Men's Drawstring Shorts (Regular) - Black,S0624022BLA(REG)1X,60041664,Safari,Bottoms,Men's Bottoms,Retired,3900.0,4.0,0,1.0,1,6
S0624022,Safari Savannah Men's Drawstring Shorts (Regular),Safari Savannah Men's Drawstring Shorts (Regular) - Black,S0624022BLA(REG)S,60041661,Safari,Bottoms,Men's Bottoms,Retired,3900.0,0,0,2.0,1,3
S0624022,Safari Savannah Men's Drawstring Shorts (Regular),Safari Savannah Men's Drawstring Shorts (Regular) - Hunters,S0624022(REG)HUNL,60041667,Safari,Bottoms,Men's Bottoms,Retired,1650.0,1.0,0,0,0,1
S0624022,Safari Savannah Men's Drawstring Shorts (Regular),Safari Savannah Men's Drawstring Shorts (Regular) - Hunters,S0624022(REG)HUNS,60041665,Safari,Bottoms,Men's Bottoms,Retired,1650.0,1.0,0,2.0,0,3
S0624022,Safari Savannah Men's Drawstring Shorts (Regular),Safari Savannah Men's Drawstring Shorts (Regular) - Hunters,S0624022(REG)HUN1X,60041668,Safari,Bottoms,Men's Bottoms,Retired,1650.0,0,0,0,1,1
S0624022,Safari Savannah Men's Drawstring Shorts (Regular),Safari Savannah Men's Drawstring Shorts (Tall) - Black,S0624022BLA(TAL)S,60041652,Safari,Bottoms,Men's Bottoms,Retired,1650.0,1.0,0,2.0,0,3
S0624022,Safari Savannah Men's Drawstring Shorts (Regular),Safari Savannah Men's Drawstring Shorts (Tall) - Black,S0624022BLA(TAL)1X,60041655,Safari,Bottoms,Men's Bottoms,Retired,1650.0,0,1.0,4.0,1,6
S0624022,Safari Savannah Men's Drawstring Shorts (Regular),Safari Savannah Men's Drawstring Shorts (Tall) - Black,S0624022BLA(TAL)L,60041654,Safari,Bottoms,Men's Bottoms,Retired,1650.0,0,0,2.0,0,2
S0624022,Safari Savannah Men's Drawstring Shorts (Regular),Safari Savannah Men's Drawstring Shorts (Tall) - Black,S0624022BLA(TAL)M,60041653,Safari,Bottoms,Men's Bottoms,Retired,1650.0,1.0,1.0,0,1,3
S0624022,Safari Savannah Men's Drawstring Shorts (Regular),Safari Savannah Men's Drawstring Shorts (Tall) - Hunters,S0624022HUN(TAL)S,60041656,Safari,Bottoms,Men's Bottoms,Retired,2800.0,0,2.0,1.0,2,5
S0624022,Safari Savannah Men's Drawstring Shorts (Regular),Safari Savannah Men's Drawstring Shorts (Tall) - Hunters,S0624022HUN(TAL)L,60041658,Safari,Bottoms,Men's Bottoms,Retired,2800.0,0,0,0,1,1
S0624027,Safari Savannah Men's Straight Leg Pants,Safari Savannah Men's Straight Leg Pants - Black,S0624027BLAS,60041696,Safari,Bottoms,Men's Bottoms,Retired,4800.0,1.0,2.0,1,1,5
S0624027,Safari Savannah Men's Straight Leg Pants,Safari Savannah Men's Straight Leg Pants - Black,S0624027BLAM,60041697,Safari,Bottoms,Men's Bottoms,Retired,4800.0,3.0,0,1,1,5
S0624027,Safari Savannah Men's Straight Leg Pants,Safari Savannah Men's Straight Leg Pants - Black,S0624027BLA1X,60041699,Safari,Bottoms,Men's Bottoms,Retired,4800.0,0,3.0,0,1,4
S0624027,Safari Savannah Men's Straight Leg Pants,Safari Savannah Men's Straight Leg Pants - Hunters,S0624027HUNS,60041700,Safari,Bottoms,Men's Bottoms,Retired,3400.0,0,0,1.0,0,1
S0624027,Safari Savannah Men's Straight Leg Pants,Safari Savannah Men's Straight Leg Pants - Hunters,S0624027HUN1X,60041703,Safari,Bottoms,Men's Bottoms,Retired,3400.0,0,0,0,2,2
S0624027,Safari Savannah Men's Straight Leg Pants,Safari Savannah Men's Straight Leg Pants - Hunters,S0624027HUNL,60041702,Safari,Bottoms,Men's Bottoms,Retired,3400.0,0,2.0,0,0,2
S0624028,Safari Savannah Men's Jacket,Safari Savannah Men's Jacket - Black,S0624028BLA1X,60041708,Safari,Outerwear,Jackets & Coats,Retired,1850.0,1.0,0,0,2,3
S0624028,Safari Savannah Men's Jacket,Safari Savannah Men's Jacket - Black,S0624028BLAL,60041707,Safari,Outerwear,Jackets & Coats,Retired,1850.0,0,0,0,1,1
S0624028,Safari Savannah Men's Jacket,Safari Savannah Men's Jacket - Black,S0624028BLAS,60041705,Safari,Outerwear,Jackets & Coats,Retired,1850.0,0,1.0,0,0,1
S0624028,Safari Savannah Men's Jacket,Safari Savannah Men's Jacket - Hunters,S0624028HUNL,60041712,Safari,Outerwear,Jackets & Coats,Retired,2650.0,0,0,1.0,2,3
S0624028,Safari Savannah Men's Jacket,Safari Savannah Men's Jacket - Hunters,S0624028HUNM,60041711,Safari,Outerwear,Jackets & Coats,Retired,2650.0,1.0,0,1.0,1,3
S0624028,Safari Savannah Men's Jacket,Safari Savannah Men's Jacket - Hunters,S0624028HUN1X,60041713,Safari,Outerwear,Jackets & Coats,Retired,2650.0,0,0,1.0,0,1
S0625014,Safari 3/4 Sleeve Maxi Kimono With Headwrap,Safari 3/4 Sleeve Maxi Kimono With Headwrap - Mustard / Cream Print,S0625014PR1S/M,60055848,Safari,Outerwear,Waterfalls & Kimonos,Retired,6400.0,0,2.0,0,1,3
S0625014,Safari 3/4 Sleeve Maxi Kimono With Headwrap,Safari 3/4 Sleeve Maxi Kimono With Headwrap - Mustard / Cream Print,S0625014PR1L/1X,60055849,Safari,Outerwear,Waterfalls & Kimonos,Retired,6400.0,0,1.0,0,1,2
S0625014,Safari 3/4 Sleeve Maxi Kimono With Headwrap,Safari 3/4 Sleeve Maxi Kimono With Headwrap - Off White / Navy Print,S0625014PR2S/M,60056238,Safari,Outerwear,Waterfalls & Kimonos,Retired,4450.0,1.0,0,0,1,2
S0625017,Shiv & Shikie X Safari Short Sleeve Shirt,Shiv & Shikie X Safari Short Sleeve Shirt - White,S0625017WHIL,60057051,Third Party Brands,Tops,Men's Tops,Retired,4800.0,0,0,1.0,0,1
S0724009,Safari Savannah Wrap Top,Safari Savannah Wrap Top - Beige,S0724009BEI1X,60051574,Safari,Tops,Fitted Tops,Retired,5250.0,0,1.0,0,1,2
S0724009,Safari Savannah Wrap Top,Safari Savannah Wrap Top - Beige,S0724009BEIM,60051572,Safari,Tops,Fitted Tops,Retired,5250.0,0,0,0,2,2
S0724009,Safari Savannah Wrap Top,Safari Savannah Wrap Top - Beige,S0724009BEIXS,60051576,Safari,Tops,Fitted Tops,Retired,5250.0,0,0,0,2,2
S0724009,Safari Savannah Wrap Top,Safari Savannah Wrap Top - Beige,S0724009BEIS,60051571,Safari,Tops,Fitted Tops,Retired,5250.0,0,2.0,0,1,3
S0724009,Safari Savannah Wrap Top,Safari Savannah Wrap Top - Hunters,S0724009HUNM,60051568,Safari,Tops,Fitted Tops,Retired,5250.0,0,3.0,0,1,4
S0724009,Safari Savannah Wrap Top,Safari Savannah Wrap Top - Hunters,S0724009HUNL,60051569,Safari,Tops,Fitted Tops,Retired,5250.0,0,1.0,0,0,1
S0724009,Safari Savannah Wrap Top,Safari Savannah Wrap Top - Hunters,S0724009HUNXS,60051575,Safari,Tops,Fitted Tops,Retired,5250.0,0,0,0,2,2
S0724009,Safari Savannah Wrap Top,Safari Savannah Wrap Top - Hunters,S0724009HUNS,60051567,Safari,Tops,Fitted Tops,Retired,5250.0,0,0,0,3,3
S0724009,Safari Savannah Wrap Top,Safari Savannah Wrap Top - Hunters,S0724009HUN1X,60051570,Safari,Tops,Fitted Tops,Retired,5250.0,0,0,0,1,1
S0724009,Safari Savannah Wrap Top,Safari Savannah Wrap Top - Mustard,S0724009MUSL,60043037,Safari,Tops,Fitted Tops,Retired,5250.0,0,0,0,3,3
S0724009,Safari Savannah Wrap Top,Safari Savannah Wrap Top - Mustard,S0724009MUS1X,60043760,Safari,Tops,Fitted Tops,Retired,5250.0,0,0,0,2,2
S0724009,Safari Savannah Wrap Top,Safari Savannah Wrap Top - Mustard,S0724009MUSS,60043035,Safari,Tops,Fitted Tops,Retired,5250.0,0,0,0,1,1
S0724009,Safari Savannah Wrap Top,Safari Savannah Wrap Top - Mustard,S0724009MUSM,60043036,Safari,Tops,Fitted Tops,Retired,5250.0,0,0,0,2,2
S0724009,Safari Savannah Wrap Top,Safari Savannah Wrap Top - Rust,S0724009RSTS,60043045,Safari,Tops,Fitted Tops,Retired,5250.0,1.0,0,0,1,2
S0724009,Safari Savannah Wrap Top,Safari Savannah Wrap Top - Rust,S0724009RSTM,60043046,Safari,Tops,Fitted Tops,Retired,5250.0,0,2.0,0,1,3
S0724009,Safari Savannah Wrap Top,Safari Savannah Wrap Top - Rust,S0724009RSTL,60043047,Safari,Tops,Fitted Tops,Retired,5250.0,0,0,0,1,1
S0724009,Safari Savannah Wrap Top,Safari Savannah Wrap Top - White,S0724009WHIM,60043057,Safari,Tops,Fitted Tops,Retired,5250.0,2.0,0,0,2,4
S0724009,Safari Savannah Wrap Top,Safari Savannah Wrap Top - White,S0724009WHIL,60043039,Safari,Tops,Fitted Tops,Retired,5250.0,0,0,0,1,1
S0724009,Safari Savannah Wrap Top,Safari Savannah Wrap Top - White,S0724009WHIS,60043038,Safari,Tops,Fitted Tops,Retired,5250.0,0,1.0,0,1,2
S0724014,Safari Savannah Front Slit Midi Skirt,Safari Savannah Front Slit Midi Skirt - Ashai Print,S0724014ASHS,60043109,Safari,Skirts,Midi & Capri Skirts,Retired,5550.0,0,1.0,0,1,2
S0724014,Safari Savannah Front Slit Midi Skirt,Safari Savannah Front Slit Midi Skirt - Ashai Print,S0724014ASHL,60043865,Safari,Skirts,Midi & Capri Skirts,Retired,5550.0,0,2.0,0,1,3
S0724014,Safari Savannah Front Slit Midi Skirt,Safari Savannah Front Slit Midi Skirt - Ashai Print,S0724014ASHM,60043110,Safari,Skirts,Midi & Capri Skirts,Retired,5550.0,0,1.0,0,0,1
S0724016,Safari Savannah Men's Long Sleeve Shirt,Safari Savannah Men's Long Sleeve Shirt - White,S0724016WHI1X,60041695,Safari,Tops,Men's Tops,Retired,1850.0,0,1.0,0,1,2
S0724016,Safari Savannah Men's Long Sleeve Shirt,Safari Savannah Men's Long Sleeve Shirt - White,S0724016WHIM,60041693,Safari,Tops,Men's Tops,Retired,1850.0,0,0,0,1,1
S0724016,Safari Savannah Men's Long Sleeve Shirt,Safari Savannah Men's Long Sleeve Shirt - White,S0724016WHIS,60041692,Safari,Tops,Men's Tops,Retired,1850.0,0,2.0,0,2,4
S0724084,Safari Savannah Kitenge Chinese Collar Shirt,Safari Savannah Kitenge Chinese Collar Shirt - Shama Print,S0724084PR2XL,60043874,Safari,Tops,Fitted Tops,Retired,3200.0,0,0,0,1,1
S0724084,Safari Savannah Kitenge Chinese Collar Shirt,Safari Savannah Kitenge Chinese Collar Shirt - Shama Print,S0724084PR2M,60043873,Safari,Tops,Fitted Tops,Retired,3200.0,0,1.0,0,1,2
S0724084,Safari Savannah Kitenge Chinese Collar Shirt,Safari Savannah Kitenge Chinese Collar Shirt - Shama Print,S0724084PR2L,60045664,Safari,Tops,Fitted Tops,Retired,3200.0,0,0,0,2,2
S0724088,Safari Savannah Midi Wrap Dress,Safari Savannah Midi Wrap Dress - Mustard,S0724088MTDM,60043021,Safari,Dresses,Midi & Capri Dresses,Retired,9250.0,0,0,0,1,1
S0724088,Safari Savannah Midi Wrap Dress,Safari Savannah Midi Wrap Dress - Mustard,S0724088MTDS,60043020,Safari,Dresses,Midi & Capri Dresses,Retired,9250.0,3.0,0,0,1,4
S0724088,Safari Savannah Midi Wrap Dress,Safari Savannah Midi Wrap Dress - Rust,S0724088RSTL,60043431,Safari,Dresses,Midi & Capri Dresses,Retired,6450.0,0,0,0,1,1
S0724088,Safari Savannah Midi Wrap Dress,Safari Savannah Midi Wrap Dress - White,S0724088WHIS,60051559,Safari,Dresses,Midi & Capri Dresses,Retired,9250.0,1.0,0,1.0,0,2
S0724088,Safari Savannah Midi Wrap Dress,Safari Savannah Midi Wrap Dress - White,S0724088WHIM,60051560,Safari,Dresses,Midi & Capri Dresses,Retired,9250.0,0,0,0,1,1
S0724088,Safari Savannah Midi Wrap Dress,Safari Savannah Midi Wrap Dress - White,S0724088WHIXL,60051561,Safari,Dresses,Midi & Capri Dresses,Retired,9250.0,0,0,0,1,1
S0724125,Safari Savannah Men's Short Sleeve Shirt,Safari Savannah Men's Short Sleeve Shirt - Beige,S0724125BEIM,60041670,Safari,Tops,Men's Tops,Retired,5950.0,0,3.0,1.0,2,6
S0724125,Safari Savannah Men's Short Sleeve Shirt,Safari Savannah Men's Short Sleeve Shirt - Beige,S0724125BEI1X,60041672,Safari,Tops,Men's Tops,Retired,5950.0,1.0,2.0,0,5,8
S0724125,Safari Savannah Men's Short Sleeve Shirt,Safari Savannah Men's Short Sleeve Shirt - Beige,S0724125BEIL,60041671,Safari,Tops,Men's Tops,Retired,5950.0,0,2.0,2.0,1,5
S0724125,Safari Savannah Men's Short Sleeve Shirt,Safari Savannah Men's Short Sleeve Shirt - Beige,S0724125BEIS,60041669,Safari,Tops,Men's Tops,Retired,5950.0,0,3.0,1.0,0,4
S0724125,Safari Savannah Men's Short Sleeve Shirt,Safari Savannah Men's Short Sleeve Shirt - White,S0724125WHIM,60041675,Safari,Tops,Men's Tops,Retired,4200.0,0,3.0,0,2,5
S0724125,Safari Savannah Men's Short Sleeve Shirt,Safari Savannah Men's Short Sleeve Shirt - White,S0724125WHIL,60041676,Safari,Tops,Men's Tops,Retired,4200.0,0,0,1.0,1,2
S0724125,Safari Savannah Men's Short Sleeve Shirt,Safari Savannah Men's Short Sleeve Shirt - White,S0724125WHIS,60041674,Safari,Tops,Men's Tops,Retired,4200.0,0,0,0,2,2
S0724125,Safari Savannah Men's Short Sleeve Shirt,Safari Savannah Men's Short Sleeve Shirt - White,S0724125WHI1X,60041677,Safari,Tops,Men's Tops,Retired,4200.0,0,0,1.0,1,2
S0724127,Safari Njano Wide Leg Pants,Safari Njano Wide Leg Pants - Shama Print,S0724127PR13X,60045082,Safari,Bottoms,Full Length Pants,Retired,3400.0,0,0,0,1,1
S0724127,Safari Njano Wide Leg Pants,Safari Njano Wide Leg Pants - Shama Print,S0724127PR14X,60045083,Safari,Bottoms,Full Length Pants,Retired,3400.0,0,0,0,2,2
S0724127,Safari Njano Wide Leg Pants,Safari Njano Wide Leg Pants - Shama Print,S0724127PR11X,60044541,Safari,Bottoms,Full Length Pants,Retired,3400.0,0,0,0,1,1
S0724130,Safari Njano Tie Front Wide Top,Safari Njano Tie Front Wide Top - White,S0724130WHIS/M,60044284,Safari,Tops,Loose Tops,Retired,2350.0,0,1.0,0,0,1
S0724130,Safari Njano Tie Front Wide Top,Safari Njano Tie Front Wide Top - White,S0724130WHIL/1X,60044285,Safari,Tops,Loose Tops,Retired,2350.0,0,0,0,1,1
S0724137,Safari Njano Front Drawstring Tunic Top,Safari Njano Front Drawstring Tunic Top - Hunters Green,S0724137HGRNXS/S,60047472,Safari,Tops,Loose Tops,Retired,3450.0,0,1.0,1.0,1,3
S0824026,Safari Njano Mens Bound Neck Shirt,Safari Njano Mens Bound Neck Shirt - Hunters,S0824026HUNTS,60044593,Safari,Tops,Men's Tops,Retired,1550.0,0,0,1.0,0,1
S0824026,Safari Njano Mens Bound Neck Shirt,Safari Njano Mens Bound Neck Shirt - White,S0824026WHTS,60044598,Safari,Tops,Men's Tops,Retired,2950.0,0,0,1.0,0,1
S0824028,Safari Njano Men's Easy Fit Pants,Safari Njano Men's Easy Fit Pants - Hunters Green,S0824028HGNM,60044509,Safari,Bottoms,Men's Bottoms,Retired,4800.0,1.0,1.0,0,1,3
S0824028,Safari Njano Men's Easy Fit Pants,Safari Njano Men's Easy Fit Pants - Hunters Green,S0824028HGNS,60044508,Safari,Bottoms,Men's Bottoms,Retired,4800.0,1.0,0,0,1,2
S0824028,Safari Njano Men's Easy Fit Pants,Safari Njano Men's Easy Fit Pants - Hunters Green,S0824028HGN1X,60044511,Safari,Bottoms,Men's Bottoms,Retired,4800.0,1.0,0,0,0,1
S0824028,Safari Njano Men's Easy Fit Pants,Safari Njano Men's Easy Fit Pants - Hunters Green,S0824028HGNL,60044510,Safari,Bottoms,Men's Bottoms,Retired,4800.0,1.0,0,0,1,2
S0824028,Safari Njano Men's Easy Fit Pants,Safari Njano Men's Easy Fit Pants - Rust,S0824028RUSS,60044512,Safari,Bottoms,Men's Bottoms,Retired,2050.0,0,1.0,0,1,2
S0824028,Safari Njano Men's Easy Fit Pants,Safari Njano Men's Easy Fit Pants - Rust,S0824028RUSM,60044513,Safari,Bottoms,Men's Bottoms,Retired,2050.0,1.0,1.0,0,0,2
S0824028,Safari Njano Men's Easy Fit Pants,Safari Njano Men's Easy Fit Pants - Rust,S0824028RUS1X,60044515,Safari,Bottoms,Men's Bottoms,Retired,2050.0,1.0,1.0,0,1,3
S0824028,Safari Njano Men's Easy Fit Pants,Safari Njano Men's Easy Fit Pants - Rust,S0824028RUSL,60044514,Safari,Bottoms,Men's Bottoms,Retired,2050.0,2.0,1.0,2.0,1,6
S0824029,Safari Njano Men's Straight Leg Pants,Safari Njano Men's Straight Leg Pants - Himo,S0824029PR32X,60049668,Safari,Bottoms,Men's Bottoms,Retired,6250.0,0,0,0,1,1
S0824029,Safari Njano Men's Straight Leg Pants,Safari Njano Men's Straight Leg Pants - Himo,S0824029PR3L,60049666,Safari,Bottoms,Men's Bottoms,Retired,6250.0,0,1.0,1.0,1,3
S0824029,Safari Njano Men's Straight Leg Pants,Safari Njano Men's Straight Leg Pants - Himo,S0824029PR31X,60049667,Safari,Bottoms,Men's Bottoms,Retired,6250.0,0,0,0,2,2
S0824029,Safari Njano Men's Straight Leg Pants,Safari Njano Men's Straight Leg Pants - Obu Print,S0824029PR2L,60044497,Safari,Bottoms,Men's Bottoms,Retired,6250.0,0,3.0,0,1,4
S0824029,Safari Njano Men's Straight Leg Pants,Safari Njano Men's Straight Leg Pants - Obu Print,S0824029PR21X-OBU,60044498,Safari,Bottoms,Men's Bottoms,Retired,6250.0,1.0,0,0,0,1
S0824030,Safari Njano Men's Knee Length Shorts,Safari Njano Men's Knee Length Shorts - Hunters Green,S0824030HGN1X,60044519,Safari,Bottoms,Men's Bottoms,Retired,1650.0,0,0,0,1,1
S0824030,Safari Njano Men's Knee Length Shorts,Safari Njano Men's Knee Length Shorts - Hunters Green,S0824030HGNL,60044518,Safari,Bottoms,Men's Bottoms,Retired,1650.0,0,1.0,2.0,1,4
S0824030,Safari Njano Men's Knee Length Shorts,Safari Njano Men's Knee Length Shorts - Hunters Green,S0824030HGNS,60044516,Safari,Bottoms,Men's Bottoms,Retired,1650.0,0,0,1.0,1,2
S0824030,Safari Njano Men's Knee Length Shorts,Safari Njano Men's Knee Length Shorts - Hunters Green,S0824030HGNM,60044517,Safari,Bottoms,Men's Bottoms,Retired,1650.0,0,0,2.0,0,2
S0824030,Safari Njano Men's Knee Length Shorts,Safari Njano Men's Knee Length Shorts - Rust,S0824030RUSS,60044520,Safari,Bottoms,Men's Bottoms,Retired,1150.0,0,0,1.0,2,3
S0824030,Safari Njano Men's Knee Length Shorts,Safari Njano Men's Knee Length Shorts - Rust,S0824030RUSM,60044521,Safari,Bottoms,Men's Bottoms,Retired,1150.0,0,4.0,1.0,1,6
S0824030,Safari Njano Men's Knee Length Shorts,Safari Njano Men's Knee Length Shorts - Rust,S0824030RUSL,60044522,Safari,Bottoms,Men's Bottoms,Retired,1150.0,0,4.0,0,1,5
S0824030,Safari Njano Men's Knee Length Shorts,Safari Njano Men's Knee Length Shorts - Rust,S0824030RUS1X,60044523,Safari,Bottoms,Men's Bottoms,Retired,1150.0,0,1.0,0,1,2
S0824053,Safari Men's Long Sleeve T-shirt,Safari Men's Long Sleeve T-shirt - Black / Elmi Print,S0824053PR2S,60043339,Safari,Tops,Men's Tops,Retired,1200.0,0,0,0,1,1
S0824053,Safari Men's Long Sleeve T-shirt,Safari Men's Long Sleeve T-shirt - Black / Elmi Print,S0824053PR2M,60043340,Safari,Tops,Men's Tops,Retired,1200.0,0,0,0,2,2
S0824053,Safari Men's Long Sleeve T-shirt,Safari Men's Long Sleeve T-shirt - Black / Elmi Print,S0824053PR2L,60043341,Safari,Tops,Men's Tops,Retired,1200.0,0,2.0,1.0,1,4
S0824053,Safari Men's Long Sleeve T-shirt,Safari Men's Long Sleeve T-shirt - Navy / Tari Print,S0824053PR1M,60043348,Safari,Tops,Men's Tops,Retired,650.0,0,0,0,3,3
S0824053,Safari Men's Long Sleeve T-shirt,Safari Men's Long Sleeve T-shirt - Navy / Tari Print,S0824053PR11X,60043350,Safari,Tops,Men's Tops,Retired,650.0,1.0,0,0,1,2
S0824053,Safari Men's Long Sleeve T-shirt,Safari Men's Long Sleeve T-shirt - Navy / Tari Print,S0824053PR1S,60043347,Safari,Tops,Men's Tops,Retired,650.0,0,0,0,2,2
S0824053,Safari Men's Long Sleeve T-shirt,Safari Men's Long Sleeve T-shirt - Navy / Tari Print,S0824053PR1L,60043349,Safari,Tops,Men's Tops,Retired,650.0,0,2.0,0,1,3
S0824054,Safari Kitenge Men's Sweatshirt,Safari Kitenge Men's Sweatshirt - Grey/ Neba Print,S0824054GNBS,60042985,Safari,Tops,Men's Tops,Retired,4250.0,0,1.0,0,0,1
S0824054,Safari Kitenge Men's Sweatshirt,Safari Kitenge Men's Sweatshirt - Grey/ Neba Print,S0824054GNB1X,60042988,Safari,Tops,Men's Tops,Retired,4250.0,0,1.0,0,1,2
S0824054,Safari Kitenge Men's Sweatshirt,Safari Kitenge Men's Sweatshirt - Grey/ Neba Print,S0824054GNB2X,60042989,Safari,Tops,Men's Tops,Retired,4250.0,0,0,0,1,1
S0824054,Safari Kitenge Men's Sweatshirt,Safari Kitenge Men's Sweatshirt - Grey/ Neba Print,S0824054GNBM,60042986,Safari,Tops,Men's Tops,Retired,4250.0,0,1.0,0,1,2
S0824054,Safari Kitenge Men's Sweatshirt,Safari Kitenge Men's Sweatshirt - Grey/ Neba Print,S0824054GNBXS,60042984,Safari,Tops,Men's Tops,Retired,4250.0,0,0,0,1,1
S0824054,Safari Kitenge Men's Sweatshirt,Safari Kitenge Men's Sweatshirt - Grey/ Neba Print,S0824054GNBL,60042987,Safari,Tops,Men's Tops,Retired,4250.0,0,0,0,1,1
S0824054,Safari Kitenge Men's Sweatshirt,Safari Kitenge Men's Sweatshirt - Grey/ Neba Print,S0824054GNB4X,60042991,Safari,Tops,Men's Tops,Retired,4250.0,0,0,0,1,1
S0824054,Safari Kitenge Men's Sweatshirt,Safari Kitenge Men's Sweatshirt - Teal/ Tafo Print,S0824054TTF2X,60042997,Safari,Tops,Men's Tops,Retired,4250.0,0,0,2.0,1,3
S0824054,Safari Kitenge Men's Sweatshirt,Safari Kitenge Men's Sweatshirt - Teal/ Tafo Print,S0824054TTFS,60042993,Safari,Tops,Men's Tops,Retired,4250.0,0,0,1.0,1,2
S0824054,Safari Kitenge Men's Sweatshirt,Safari Kitenge Men's Sweatshirt - Teal/ Tafo Print,S0824054TTF1X,60042996,Safari,Tops,Men's Tops,Retired,4250.0,0,0,2.0,0,2
S0824054,Safari Kitenge Men's Sweatshirt,Safari Kitenge Men's Sweatshirt - Teal/ Tafo Print,S0824054TTFL,60042995,Safari,Tops,Men's Tops,Retired,4250.0,0,0,1.0,0,1
S0824054,Safari Kitenge Men's Sweatshirt,Safari Kitenge Men's Sweatshirt - Teal/ Tafo Print,S0824054TTFXS,60042992,Safari,Tops,Men's Tops,Retired,4250.0,0,0,1.0,0,1
S0824054,Safari Kitenge Men's Sweatshirt,Safari Kitenge Men's Sweatshirt - Teal/ Tafo Print,S0824054TTFM,60042994,Safari,Tops,Men's Tops,Retired,4250.0,0,2.0,0,0,2
S0824054,Safari Kitenge Men's Sweatshirt,Safari Kitenge Men's Sweatshirt - Teal/ Tafo Print,S0824054TTF4X,60042999,Safari,Tops,Men's Tops,Retired,4250.0,0,0,0,1,1
S0824055,Safari Kitenge Men's Sweat Pants,Safari Kitenge Men's Sweat Pants - Grey/ Neba Print,S0824055GNBL,60042971,Safari,Bottoms,Men's Bottoms,Retired,4550.0,0,0,0,1,1
S0824055,Safari Kitenge Men's Sweat Pants,Safari Kitenge Men's Sweat Pants - Grey/ Neba Print,S0824055GNBS,60042969,Safari,Bottoms,Men's Bottoms,Retired,4550.0,0,1.0,0,1,2
S0824055,Safari Kitenge Men's Sweat Pants,Safari Kitenge Men's Sweat Pants - Grey/ Neba Print,S0824055GNB1X,60042972,Safari,Bottoms,Men's Bottoms,Retired,4550.0,0,0,0,1,1
S0824055,Safari Kitenge Men's Sweat Pants,Safari Kitenge Men's Sweat Pants - Grey/ Neba Print,S0824055GNB2X,60042973,Safari,Bottoms,Men's Bottoms,Retired,4550.0,0,1.0,0,1,2
S0824055,Safari Kitenge Men's Sweat Pants,Safari Kitenge Men's Sweat Pants - Grey/ Neba Print,S0824055GNBXS,60042968,Safari,Bottoms,Men's Bottoms,Retired,4550.0,0,0,0,1,1
S0824055,Safari Kitenge Men's Sweat Pants,Safari Kitenge Men's Sweat Pants - Grey/ Neba Print,S0824055GNB4X,60042975,Safari,Bottoms,Men's Bottoms,Retired,4550.0,0,0,0,1,1
S0824055,Safari Kitenge Men's Sweat Pants,Safari Kitenge Men's Sweat Pants - Grey/ Neba Print,S0824055GNBM,60042970,Safari,Bottoms,Men's Bottoms,Retired,4550.0,0,0,0,1,1
S0824055,Safari Kitenge Men's Sweat Pants,Safari Kitenge Men's Sweat Pants - Grey/ Neba Print,S0824055GNB3X,60042974,Safari,Bottoms,Men's Bottoms,Retired,4550.0,0,0,0,1,1
S0824055,Safari Kitenge Men's Sweat Pants,Safari Kitenge Men's Sweat Pants - Teal/ Tafo Print,S0824055TTFXS,60042976,Safari,Bottoms,Men's Bottoms,Retired,4550.0,0,0,1.0,0,1
S0824055,Safari Kitenge Men's Sweat Pants,Safari Kitenge Men's Sweat Pants - Teal/ Tafo Print,S0824055TTF2X,60042981,Safari,Bottoms,Men's Bottoms,Retired,4550.0,0,0,1.0,0,1
S0824055,Safari Kitenge Men's Sweat Pants,Safari Kitenge Men's Sweat Pants - Teal/ Tafo Print,S0824055TTF4X,60042983,Safari,Bottoms,Men's Bottoms,Retired,4550.0,0,0,1.0,0,1
S0824055,Safari Kitenge Men's Sweat Pants,Safari Kitenge Men's Sweat Pants - Teal/ Tafo Print,S0824055TTF3X,60042982,Safari,Bottoms,Men's Bottoms,Retired,4550.0,0,0,1.0,0,1
S0824055,Safari Kitenge Men's Sweat Pants,Safari Kitenge Men's Sweat Pants - Teal/ Tafo Print,S0824055TTFM,60042978,Safari,Bottoms,Men's Bottoms,Retired,4550.0,1.0,0,1.0,1,3
S0824055,Safari Kitenge Men's Sweat Pants,Safari Kitenge Men's Sweat Pants - Teal/ Tafo Print,S0824055TTFL,60042979,Safari,Bottoms,Men's Bottoms,Retired,4550.0,0,0,0,1,1
S0824055,Safari Kitenge Men's Sweat Pants,Safari Kitenge Men's Sweat Pants - Teal/ Tafo Print,S0824055TTF1X,60042980,Safari,Bottoms,Men's Bottoms,Retired,4550.0,0,0,0,1,1
S0824055,Safari Kitenge Men's Sweat Pants,Safari Kitenge Men's Sweat Pants - Teal/ Tafo Print,S0824055TTFS,60042977,Safari,Bottoms,Men's Bottoms,Retired,4550.0,0,1.0,0,1,2
S0824067,Safari Savannah Kitenge Midi Wrap Dress,Safari Savannah Kitenge  Midi Wrap Dress - Sipo Print,S0824067PR3L,60042867,Safari,Dresses,Midi & Capri Dresses,Retired,8950.0,0,1.0,0,1,2
S0824067,Safari Savannah Kitenge Midi Wrap Dress,Safari Savannah Kitenge  Midi Wrap Dress - Sipo Print,S0824067PR33X,60042911,Safari,Dresses,Midi & Capri Dresses,Retired,8950.0,0,1.0,0,1,2
S0824067,Safari Savannah Kitenge Midi Wrap Dress,Safari Savannah Kitenge  Midi Wrap Dress - Sipo Print,S0824067PR31X,60042868,Safari,Dresses,Midi & Capri Dresses,Retired,8950.0,1.0,2.0,0,1,4
S0824067,Safari Savannah Kitenge Midi Wrap Dress,Safari Savannah Kitenge Midi Wrap Dress - Juja Print,S0824067JUJM,60050116,Safari,Dresses,Midi & Capri Dresses,Retired,8950.0,0,0,0,1,1
S0824067,Safari Savannah Kitenge Midi Wrap Dress,Safari Savannah Kitenge Midi Wrap Dress - Juja Print,S0824067JUJL,60050117,Safari,Dresses,Midi & Capri Dresses,Retired,8950.0,0,0,0,1,1
S0824067,Safari Savannah Kitenge Midi Wrap Dress,Safari Savannah Kitenge Midi Wrap Dress - Lashi Print,S0824067PR22X,60042906,Safari,Dresses,Midi & Capri Dresses,Retired,8950.0,0,0,0,1,1
S0824067,Safari Savannah Kitenge Midi Wrap Dress,Safari Savannah Kitenge Midi Wrap Dress - Lashi Print,S0824067PR23X,60042907,Safari,Dresses,Midi & Capri Dresses,Retired,8950.0,0,0,0,1,1
S0824067,Safari Savannah Kitenge Midi Wrap Dress,Safari Savannah Kitenge Midi Wrap Dress - Sipo Print,S0824067SIPM,60043142,Safari,Dresses,Midi & Capri Dresses,Retired,8950.0,0,2.0,0,0,2
S0824068,Safari Savannah Kitenge Shacket,Safari Savannah Kitenge Shacket - Shama Print,S0824068SHA1X/2X,60043714,Safari,Outerwear,Jackets & Coats,Retired,5950.0,0,0,0,1,1
S0824068,Safari Savannah Kitenge Shacket,Safari Savannah Kitenge Shacket - Shama Print,S0824068SHAM/L,60043130,Safari,Outerwear,Jackets & Coats,Retired,5950.0,0,0,0,2,2
S0825052,Safari by Vivo Zehra Cotton High Low Shirt,Safari by Vivo Zehra Cotton High Low Shirt - Light Olive,S0825052LOLL,60062837,Safari,Tops,Fitted Tops,Retired,5800.0,0,0,7.0,0,7
S0825052,Safari by Vivo Zehra Cotton High Low Shirt,Safari by Vivo Zehra Cotton High Low Shirt - Light Olive,S0825052LOLM,60062836,Safari,Tops,Fitted Tops,Retired,5800.0,3.0,0,2,3,8
S0825052,Safari by Vivo Zehra Cotton High Low Shirt,Safari by Vivo Zehra Cotton High Low Shirt - Light Olive,S0825052LOL1X,60062838,Safari,Tops,Fitted Tops,Retired,5800.0,0,0,0,1,1
S0825052,Safari by Vivo Zehra Cotton High Low Shirt,Safari by Vivo Zehra Cotton High Low Shirt - Light Olive,S0825052LOLS,60062835,Safari,Tops,Fitted Tops,Retired,5800.0,5.0,0,2,2,9
S0825052,Safari by Vivo Zehra Cotton High Low Shirt,Safari by Vivo Zehra Cotton High Low Shirt - Lilac,S0825052LILL,60062833,Safari,Tops,Fitted Tops,Retired,5800.0,5.0,0,1.0,2,8
S0825052,Safari by Vivo Zehra Cotton High Low Shirt,Safari by Vivo Zehra Cotton High Low Shirt - Lilac,S0825052LILS,60062831,Safari,Tops,Fitted Tops,Retired,5800.0,2.0,0,3.0,1,6
S0825052,Safari by Vivo Zehra Cotton High Low Shirt,Safari by Vivo Zehra Cotton High Low Shirt - Lilac,S0825052LIL1X,60062834,Safari,Tops,Fitted Tops,Retired,5800.0,0,0,0,1,1
S0825052,Safari by Vivo Zehra Cotton High Low Shirt,Safari by Vivo Zehra Cotton High Low Shirt - Lilac,S0825052LILM,60062832,Safari,Tops,Fitted Tops,Retired,5800.0,6.0,0,7.0,2,15
S0825052,Safari by Vivo Zehra Cotton High Low Shirt,Safari by Vivo Zehra Cotton High Low Shirt - Lilac,S0825052LIL2X,60063144,Safari,Tops,Fitted Tops,Retired,5800.0,2.0,0,2.0,1,5
S0825052,Safari by Vivo Zehra Cotton High Low Shirt,Safari by Vivo Zehra Cotton High Low Shirt - Pink,S0825052PIN2X,60063141,Safari,Tops,Fitted Tops,Retired,5800.0,0,0,0,1,1
S0825052,Safari by Vivo Zehra Cotton High Low Shirt,Safari by Vivo Zehra Cotton High Low Shirt - Pink,S0825052PINM,60062844,Safari,Tops,Fitted Tops,Retired,5800.0,2.0,0,7.0,2,11
S0825052,Safari by Vivo Zehra Cotton High Low Shirt,Safari by Vivo Zehra Cotton High Low Shirt - Pink,S0825052PINL,60062845,Safari,Tops,Fitted Tops,Retired,5800.0,0,0,4,1,5
S0825052,Safari by Vivo Zehra Cotton High Low Shirt,Safari by Vivo Zehra Cotton High Low Shirt - Pink,S0825052PIN1X,60062846,Safari,Tops,Fitted Tops,Retired,5800.0,1.0,0,0,1,2
S0825052,Safari by Vivo Zehra Cotton High Low Shirt,Safari by Vivo Zehra Cotton High Low Shirt - Pink,S0825052PINS,60062843,Safari,Tops,Fitted Tops,Retired,5800.0,3.0,0,6.0,2,11
S0825052,Safari by Vivo Zehra Cotton High Low Shirt,Safari by Vivo Zehra Cotton High Low Shirt - White,S0825052WHIS,60062839,Safari,Tops,Fitted Tops,Retired,5800.0,2.0,0,4.0,2,8
S0825052,Safari by Vivo Zehra Cotton High Low Shirt,Safari by Vivo Zehra Cotton High Low Shirt - White,S0825052WHIL,60062841,Safari,Tops,Fitted Tops,Retired,5800.0,0,0,5.0,1,6
S0825052,Safari by Vivo Zehra Cotton High Low Shirt,Safari by Vivo Zehra Cotton High Low Shirt - White,S0825052WHIM,60062840,Safari,Tops,Fitted Tops,Retired,5800.0,0,0,3.0,1,4
S0825052,Safari by Vivo Zehra Cotton High Low Shirt,Safari by Vivo Zehra Cotton High Low Shirt - White,S0825052WHI2X,60063142,Safari,Tops,Fitted Tops,Retired,5800.0,0,0,3.0,1,4
S0923075,Safari Kikoy Long Sleeve Shacket,Safari Kikoy Long Sleeve Shacket - Green,S0923075GREEXS,60027577,Safari,Outerwear,Jackets & Coats,Retired,1850.0,0,0,0,1,1
S0923079,Safari Kikoy Off Shoulder Crop Top,Safari Kikoy Off Shoulder Crop Top - Blue / Red Print,S0923074PR6S,60032563,Safari,Tops,Midriff & Crop Tops,Retired,650.0,0,0,0,1,1
S0923079,Safari Kikoy Off Shoulder Crop Top,Safari Kikoy Off Shoulder Crop Top - Light Blue Print,S0923074PR5S,60032568,Safari,Tops,Midriff & Crop Tops,Retired,450.0,0,0,0,3,3
S0923079,Safari Kikoy Off Shoulder Crop Top,Safari Kikoy Off Shoulder Crop Top - Maroon Print,S0923074PR7S,60032573,Safari,Tops,Midriff & Crop Tops,Retired,500.0,0,1.0,0,0,1
S0923093,Safari Kikoy Wrap Dress,Safari Kikoy Wrap Dress - Frost,S0923093FRO2X,60027681,Safari,Dresses,Maxi Dresses,Retired,4850.0,0,0,1.0,0,1
S0923093,Safari Kikoy Wrap Dress,Safari Kikoy Wrap Dress - Parrot,S0923093PAR4X,60034422,Safari,Dresses,Maxi Dresses,Retired,4850.0,0,0,0,1,1
S0923093,Safari Kikoy Wrap Dress,Safari Kikoy Wrap Dress - Red,S0923093REDL,60045760,Safari,Dresses,Maxi Dresses,Retired,4850.0,0,0,0,1,1
S0923093,Safari Kikoy Wrap Dress,Safari Kikoy Wrap Dress - Red,S0923093RED1X,60045761,Safari,Dresses,Maxi Dresses,Retired,4850.0,0,0,0,1,1
S0923093,Safari Kikoy Wrap Dress,Safari Kikoy Wrap Dress - Red Blue,S0923093REDBLUL,60037994,Safari,Dresses,Maxi Dresses,Retired,6950.0,3.0,0,0,0,3
S0923093,Safari Kikoy Wrap Dress,Safari Kikoy Wrap Dress - Red Blue,S0923093REDBLU1X,60037995,Safari,Dresses,Maxi Dresses,Retired,6950.0,1.0,0,0,0,1
S0923114,Safari Kikoy Joggers,Safari Kikoy Joggers -Black,S0923114BLAM,60026806,Safari,Bottoms,Full Length Pants,Retired,1920.0,0,3.0,0,1,4
S0924003,Safari Mansi Dolman Top,Safari Mansi Dolman Top - Navy,S0924003NAV4X,60046296,Safari,Tops,T-shirts & Tank Tops,Retired,1150.0,0,0,1.0,0,1
S0924003,Safari Mansi Dolman Top,Safari Mansi Dolman Top - Navy,S0924003NAVM,60045605,Safari,Tops,T-shirts & Tank Tops,Retired,1150.0,0,0,0,1,1
S0924003,Safari Mansi Dolman Top,Safari Mansi Dolman Top - Navy,S0924003NAV1X,60045607,Safari,Tops,T-shirts & Tank Tops,Retired,1150.0,0,0,1.0,2,3
S0924003,Safari Mansi Dolman Top,Safari Mansi Dolman Top - Taupe,S0924003TAUL,60045611,Safari,Tops,T-shirts & Tank Tops,Retired,2750.0,1.0,0,0,0,1
S0924003,Safari Mansi Dolman Top,Safari Mansi Dolman Top - Taupe,S0924003TAU3X,60046299,Safari,Tops,T-shirts & Tank Tops,Retired,2750.0,0,1.0,0,0,1
S0924003,Safari Mansi Dolman Top,Safari Mansi Dolman Top - Taupe,S0924003TAUM,60045610,Safari,Tops,T-shirts & Tank Tops,Retired,2750.0,0,0,0,1,1
S0924003,Safari Mansi Dolman Top,Safari Mansi Dolman Top - White,S0924003WHI4X,60046304,Safari,Tops,T-shirts & Tank Tops,Retired,2750.0,0,0,0,1,1
S0924003,Safari Mansi Dolman Top,Safari Mansi Dolman Top - White,S0924003WHI3X,60046303,Safari,Tops,T-shirts & Tank Tops,Retired,2750.0,0,0,0,1,1
S0924017,Safari Mansi Straight Leg Pants,Safari Mansi Straight Leg Pants - Black,S0924017BLA1X,60045729,Safari,Bottoms,Full Length Pants,Retired,4950.0,1.0,0,0,2,3
S0924017,Safari Mansi Straight Leg Pants,Safari Mansi Straight Leg Pants - Black,S0924017BLAM,60045727,Safari,Bottoms,Full Length Pants,Retired,4950.0,0,2.0,0,1,3
S0924017,Safari Mansi Straight Leg Pants,Safari Mansi Straight Leg Pants - Black,S0924017BLAL,60045728,Safari,Bottoms,Full Length Pants,Retired,4950.0,0,0,0,3,3
S0924017,Safari Mansi Straight Leg Pants,Safari Mansi Straight Leg Pants - Black,S0924017BLAS,60045726,Safari,Bottoms,Full Length Pants,Retired,4950.0,1.0,0,0,1,2
S0924017,Safari Mansi Straight Leg Pants,Safari Mansi Straight Leg Pants - Navy,S0924017NAV1X,60045733,Safari,Bottoms,Full Length Pants,Retired,4950.0,0,3.0,0,0,3
S0924017,Safari Mansi Straight Leg Pants,Safari Mansi Straight Leg Pants - Navy,S0924017NAVS,60045730,Safari,Bottoms,Full Length Pants,Retired,4950.0,0,0,0,2,2
S0924024,Safari Mansi Mens Summer Shirt,Safari Mansi Mens Summer Shirt - Black Stripes,S0924024PR1S,60045687,Safari,Tops,Men's Tops,Retired,1250.0,0,0,0,1,1
S0924024,Safari Mansi Mens Summer Shirt,Safari Mansi Mens Summer Shirt - Black Stripes,S0924024PR14X,60045693,Safari,Tops,Men's Tops,Retired,1250.0,0,0,0,1,1
S0924024,Safari Mansi Mens Summer Shirt,Safari Mansi Mens Summer Shirt - Black Stripes,S0924024PR13X,60045692,Safari,Tops,Men's Tops,Retired,1250.0,0,0,0,1,1
S0924024,Safari Mansi Mens Summer Shirt,Safari Mansi Mens Summer Shirt - Black Stripes,S0924024PR1M,60045688,Safari,Tops,Men's Tops,Retired,1250.0,1.0,0,0,2,3
S0924024,Safari Mansi Mens Summer Shirt,Safari Mansi Mens Summer Shirt - Black Stripes,S0924024PR1L,60045689,Safari,Tops,Men's Tops,Retired,1250.0,0,1.0,0,2,3
S0924024,Safari Mansi Mens Summer Shirt,Safari Mansi Mens Summer Shirt - Black Stripes,S0924024PR12X,60045691,Safari,Tops,Men's Tops,Retired,1250.0,0,0,0,1,1
S0924024,Safari Mansi Mens Summer Shirt,Safari Mansi Mens Summer Shirt - Black Stripes,S0924024PR11X,60045690,Safari,Tops,Men's Tops,Retired,1250.0,0,0,0,1,1
S0924024,Safari Mansi Mens Summer Shirt,Safari Mansi Mens Summer Shirt - Green Stripes,S0924024PR2S,60045694,Safari,Tops,Men's Tops,Retired,1250.0,0,0,1.0,2,3
S0924024,Safari Mansi Mens Summer Shirt,Safari Mansi Mens Summer Shirt - Green Stripes,S0924024PR21X,60045697,Safari,Tops,Men's Tops,Retired,1250.0,0,0,1.0,1,2
S0924024,Safari Mansi Mens Summer Shirt,Safari Mansi Mens Summer Shirt - Green Stripes,S0924024PR23X,60045699,Safari,Tops,Men's Tops,Retired,1250.0,0,0,0,1,1
S0924024,Safari Mansi Mens Summer Shirt,Safari Mansi Mens Summer Shirt - Green Stripes,S0924024PR2L,60045696,Safari,Tops,Men's Tops,Retired,1250.0,0,0,0,1,1
S0924024,Safari Mansi Mens Summer Shirt,Safari Mansi Mens Summer Shirt - Green Stripes,S0924024PR2M,60045695,Safari,Tops,Men's Tops,Retired,1250.0,0,0,0,2,2
S0924024,Safari Mansi Mens Summer Shirt,Safari Mansi Mens Summer Shirt - Green Stripes,S0924024PR24X,60045700,Safari,Tops,Men's Tops,Retired,1250.0,0,0,0,2,2
S0924024,Safari Mansi Mens Summer Shirt,Safari Mansi Mens Summer Shirt - Green Stripes,S0924024PR22X,60045698,Safari,Tops,Men's Tops,Retired,1250.0,0,0,0,1,1
S0924026,Safari Mansi Mens Shorts,Safari Mansi Mens Shorts - Black Stripes,S0924026PR1L,60045632,Safari,Bottoms,Men's Bottoms,Retired,950.0,0,2.0,0,1,3
S0924026,Safari Mansi Mens Shorts,Safari Mansi Mens Shorts - Black Stripes,S0924026PR11X,60045633,Safari,Bottoms,Men's Bottoms,Retired,950.0,0,0,1.0,1,2
S0924026,Safari Mansi Mens Shorts,Safari Mansi Mens Shorts - Black Stripes,S0924026PR1M,60045631,Safari,Bottoms,Men's Bottoms,Retired,950.0,0,2.0,0,1,3
S0924026,Safari Mansi Mens Shorts,Safari Mansi Mens Shorts - Black Stripes,S0924026PR1S,60045630,Safari,Bottoms,Men's Bottoms,Retired,950.0,0,0,0,1,1
S0924026,Safari Mansi Mens Shorts,Safari Mansi Mens Shorts - Green Stripes,S0924026PR21X,60045640,Safari,Bottoms,Men's Bottoms,Retired,3300.0,0,0,0,2,2
S0924026,Safari Mansi Mens Shorts,Safari Mansi Mens Shorts - Green Stripes,S0924026PR2M,60045638,Safari,Bottoms,Men's Bottoms,Retired,3300.0,0,1.0,0,2,3
S0924026,Safari Mansi Mens Shorts,Safari Mansi Mens Shorts - Green Stripes,S0924026PR2L,60045639,Safari,Bottoms,Men's Bottoms,Retired,3300.0,0,0,0,2,2
S0924026,Safari Mansi Mens Shorts,Safari Mansi Mens Shorts - Green Stripes,S0924026PR2S,60045637,Safari,Bottoms,Men's Bottoms,Retired,3300.0,0,1.0,3.0,2,6
S0925040,Safari by Vivo Naledi Bubble Midi Dress,Safari by Vivo Naledi Bubble Midi Dress - Beta Print,S0925040PR6S,60061238,Safari,Dresses,Midi & Capri Dresses,Retired,5800.0,1.0,0,2.0,1,4
S0925040,Safari by Vivo Naledi Bubble Midi Dress,Safari by Vivo Naledi Bubble Midi Dress - Beta Print,S0925040PR6L,60061240,Safari,Dresses,Midi & Capri Dresses,Retired,5800.0,0,0,0,1,1
S0925040,Safari by Vivo Naledi Bubble Midi Dress,Safari by Vivo Naledi Bubble Midi Dress - Beta Print,S0925040PR61X,60061241,Safari,Dresses,Midi & Capri Dresses,Retired,5800.0,0,0,1,0,1
S0925040,Safari by Vivo Naledi Bubble Midi Dress,Safari by Vivo Naledi Bubble Midi Dress - Beta Print,S0925040PR6M,60061239,Safari,Dresses,Midi & Capri Dresses,Retired,5800.0,0,2.0,4.0,1,7
S0925040,Safari by Vivo Naledi Bubble Midi Dress,Safari by Vivo Naledi Bubble Midi Dress - Isara Print,S0925040PR1L,60061220,Safari,Dresses,Midi & Capri Dresses,Retired,5800.0,0,0,0,1,1
S0925040,Safari by Vivo Naledi Bubble Midi Dress,Safari by Vivo Naledi Bubble Midi Dress - Isara Print,S0925040PR1S,60061218,Safari,Dresses,Midi & Capri Dresses,Retired,5800.0,0,2.0,0,1,3
S0925040,Safari by Vivo Naledi Bubble Midi Dress,Safari by Vivo Naledi Bubble Midi Dress - Isara Print,S0925040PR11X,60061221,Safari,Dresses,Midi & Capri Dresses,Retired,5800.0,0,0,0,1,1
S0925040,Safari by Vivo Naledi Bubble Midi Dress,Safari by Vivo Naledi Bubble Midi Dress - Isara Print,S0925040PR1M,60061219,Safari,Dresses,Midi & Capri Dresses,Retired,5800.0,0,3.0,0,1,4
S0925040,Safari by Vivo Naledi Bubble Midi Dress,Safari by Vivo Naledi Bubble Midi Dress - Neli Print,S0925040PR3S,60061226,Safari,Dresses,Midi & Capri Dresses,Retired,5800.0,0,0,0,1,1
S0925040,Safari by Vivo Naledi Bubble Midi Dress,Safari by Vivo Naledi Bubble Midi Dress - Neli Print,S0925040PR3M,60061227,Safari,Dresses,Midi & Capri Dresses,Retired,5800.0,3.0,0,0,1,4
S0925040,Safari by Vivo Naledi Bubble Midi Dress,Safari by Vivo Naledi Bubble Midi Dress - Neli Print,S0925040PR3L,60061228,Safari,Dresses,Midi & Capri Dresses,Retired,5800.0,0,0,1.0,0,1
S0925040,Safari by Vivo Naledi Bubble Midi Dress,Safari by Vivo Naledi Bubble Midi Dress - Neli Print,S0925040PR31X,60061229,Safari,Dresses,Midi & Capri Dresses,Retired,5800.0,0,0,0,1,1
S0925040,Safari by Vivo Naledi Bubble Midi Dress,Safari by Vivo Naledi Bubble Midi Dress - Riza Print,S0925040PR21X,60061225,Safari,Dresses,Midi & Capri Dresses,Retired,4050.0,0,0,0,1,1
S0925040,Safari by Vivo Naledi Bubble Midi Dress,Safari by Vivo Naledi Bubble Midi Dress - Riza Print,S0925040PR2S,60061222,Safari,Dresses,Midi & Capri Dresses,Retired,4050.0,0,0,0,1,1
S0925040,Safari by Vivo Naledi Bubble Midi Dress,Safari by Vivo Naledi Bubble Midi Dress - Voni Print,S0925040PR5M,60061235,Safari,Dresses,Midi & Capri Dresses,Retired,4050.0,0,0,2.0,0,2
S0925040,Safari by Vivo Naledi Bubble Midi Dress,Safari by Vivo Naledi Bubble Midi Dress - Voni Print,S0925040PR5S,60061234,Safari,Dresses,Midi & Capri Dresses,Retired,4050.0,0,0,0,1,1
S0925041,Safari Njano Men's Short Sleeve Shirt,Safari Njano Men's Short Sleeve Shirt - Taupe / Black Dark Teal Print,S0925041PR2M,60060678,Safari,Tops,Men's Tops,Retired,5800.0,0,0,3.0,1,4
S0925041,Safari Njano Men's Short Sleeve Shirt,Safari Njano Men's Short Sleeve Shirt - Taupe / Black Dark Teal Print,S0925041PR2S,60060677,Safari,Tops,Men's Tops,Retired,5800.0,0,0,0,1,1
S0925041,Safari Njano Men's Short Sleeve Shirt,Safari Njano Men's Short Sleeve Shirt - Taupe / Black Dark Teal Print,S0925041PR2L,60060679,Safari,Tops,Men's Tops,Retired,5800.0,0,0,0,1,1
S0925041,Safari Njano Men's Short Sleeve Shirt,Safari Njano Men's Short Sleeve Shirt - Taupe / Black Dark Teal Print,S0925041PR21X,60060680,Safari,Tops,Men's Tops,Retired,5800.0,0,0,0,1,1
S0925041,Safari Njano Men's Short Sleeve Shirt,Safari Njano Men's Short Sleeve Shirt - White / Black Brown Print,S0925041PR11X,60060676,Safari,Tops,Men's Tops,Retired,5800.0,0,0,0,1,1
S0925041,Safari Njano Men's Short Sleeve Shirt,Safari Njano Men's Short Sleeve Shirt - White / Black Brown Print,S0925041PR1M,60060674,Safari,Tops,Men's Tops,Retired,5800.0,0,1.0,0,2,3
S0925041,Safari Njano Men's Short Sleeve Shirt,Safari Njano Men's Short Sleeve Shirt - White / Black Brown Print,S0925041PR1L,60060675,Safari,Tops,Men's Tops,Retired,5800.0,0,0,2.0,0,2
S0925041,Safari Njano Men's Short Sleeve Shirt,Safari Njano Men's Short Sleeve Shirt - White / Black Brown Print,S0925041PR1S,60060673,Safari,Tops,Men's Tops,Retired,5800.0,0,0,1.0,2,3
S0925041,Safari Njano Men's Short Sleeve Shirt,Safari Njano Mens Short Sleeve Shirt - Black / Black Yellow Print,S0925041PR41X,60060704,Safari,Tops,Men's Tops,Retired,5800.0,0,0,0,1,1
S0925041,Safari Njano Men's Short Sleeve Shirt,Safari Njano Mens Short Sleeve Shirt - Black / Black Yellow Print,S0925041PR4L,60060703,Safari,Tops,Men's Tops,Retired,5800.0,1.0,0,0,1,2
S0925041,Safari Njano Men's Short Sleeve Shirt,Safari Njano Mens Short Sleeve Shirt - Black / Black Yellow Print,S0925041PR4S,60060701,Safari,Tops,Men's Tops,Retired,5800.0,0,0,2.0,1,3
S0925041,Safari Njano Men's Short Sleeve Shirt,Safari Njano Mens Short Sleeve Shirt - Black / Black Yellow Print,S0925041PR4M,60060702,Safari,Tops,Men's Tops,Retired,5800.0,2.0,0,2.0,1,5
S0925041,Safari Njano Men's Short Sleeve Shirt,Safari Njano Mens Short Sleeve Shirt - White / Navy Blue Print,S0925041PR3L,60060699,Safari,Tops,Men's Tops,Retired,5800.0,0,0,0,2,2
S0925041,Safari Njano Men's Short Sleeve Shirt,Safari Njano Mens Short Sleeve Shirt - White / Navy Blue Print,S0925041PR31X,60060700,Safari,Tops,Men's Tops,Retired,5800.0,0,0,0,1,1
S0925041,Safari Njano Men's Short Sleeve Shirt,Safari Njano Mens Short Sleeve Shirt - White / Navy Blue Print,S0925041PR3S,60060697,Safari,Tops,Men's Tops,Retired,5800.0,1.0,0,1.0,1,3
S0925041,Safari Njano Men's Short Sleeve Shirt,Safari Njano Mens Short Sleeve Shirt - White / Navy Blue Print,S0925041PR3M,60060698,Safari,Tops,Men's Tops,Retired,5800.0,1.0,0,1.0,2,4
S0925045,Safari Njano Men's Easy Fit Kitenge Pants,Safari Njano Men's Easy Fit Kitenge Pants - Black / Brown Print,S0925045PR2M,60060686,Safari,Bottoms,Men's Bottoms,Retired,4800.0,0,2.0,1.0,1,4
S0925045,Safari Njano Men's Easy Fit Kitenge Pants,Safari Njano Men's Easy Fit Kitenge Pants - Black / Brown Print,S0925045PR2L,60060687,Safari,Bottoms,Men's Bottoms,Retired,4800.0,0,0,2.0,1,3
S0925045,Safari Njano Men's Easy Fit Kitenge Pants,Safari Njano Men's Easy Fit Kitenge Pants - Black / Brown Print,S0925045PR2S,60060685,Safari,Bottoms,Men's Bottoms,Retired,4800.0,0,1.0,0,1,2
S0925045,Safari Njano Men's Easy Fit Kitenge Pants,Safari Njano Men's Easy Fit Kitenge Pants - Black / Brown Print,S0925045PR21X,60060688,Safari,Bottoms,Men's Bottoms,Retired,4800.0,0,0,0,1,1
S0925045,Safari Njano Men's Easy Fit Kitenge Pants,Safari Njano Men's Easy Fit Kitenge Pants - Black / Dark Teal Print,S0925045PR11X,60060684,Safari,Bottoms,Men's Bottoms,Retired,4800.0,0,0,0,1,1
S0925045,Safari Njano Men's Easy Fit Kitenge Pants,Safari Njano Men's Easy Fit Kitenge Pants - Black / Dark Teal Print,S0925045PR1L,60060683,Safari,Bottoms,Men's Bottoms,Retired,4800.0,1.0,1.0,0,1,3
S0925045,Safari Njano Men's Easy Fit Kitenge Pants,Safari Njano Men's Easy Fit Kitenge Pants - Black / Dark Teal Print,S0925045PR1M,60060682,Safari,Bottoms,Men's Bottoms,Retired,4800.0,0,2.0,0,1,3
S0925045,Safari Njano Men's Easy Fit Kitenge Pants,Safari Njano Men's Easy Fit Kitenge Pants - Black / Dark Teal Print,S0925045PR1S,60060681,Safari,Bottoms,Men's Bottoms,Retired,4800.0,0,2.0,0,1,3
S0925046,Safari Tafari Shorts,Safari Tafari Shorts -  Mila Print,S0925046PR112X,60061128,Safari,Bottoms,Shorts & Skorts,Retired,2800.0,0,0,1.0,0,1
S0925046,Safari Tafari Shorts,Safari Tafari Shorts - Black Brown Shade A,S0925046PR4S,60060953,Safari,Bottoms,Shorts & Skorts,Retired,1950.0,0,0,0,1,1
S0925046,Safari Tafari Shorts,Safari Tafari Shorts - Black Brown Shade A,S0925046PR4M,60060954,Safari,Bottoms,Shorts & Skorts,Retired,1950.0,0,0,0,1,1
S0925046,Safari Tafari Shorts,Safari Tafari Shorts - Black Brown Shade A,S0925046PR41X,60060956,Safari,Bottoms,Shorts & Skorts,Retired,1950.0,0,0,0,1,1
S0925046,Safari Tafari Shorts,Safari Tafari Shorts - Black Brown Shade C,S0925046PR5S,60060957,Safari,Bottoms,Shorts & Skorts,Retired,2800.0,0,0,0,2,2
S0925046,Safari Tafari Shorts,Safari Tafari Shorts - Black Brown Shade C,S0925046PR5L,60060959,Safari,Bottoms,Shorts & Skorts,Retired,2800.0,1.0,0,0,1,2
S0925046,Safari Tafari Shorts,Safari Tafari Shorts - Black Brown Shade C,S0925046PR5M,60060958,Safari,Bottoms,Shorts & Skorts,Retired,2800.0,0,0,0,3,3
S0925046,Safari Tafari Shorts,Safari Tafari Shorts - Dafi Print,S0925046PR9L,60060975,Safari,Bottoms,Shorts & Skorts,Retired,2800.0,0,0,0,2,2
S0925046,Safari Tafari Shorts,Safari Tafari Shorts - Dafi Print,S0925046PR9S,60060973,Safari,Bottoms,Shorts & Skorts,Retired,2800.0,0,0,0,2,2
S0925046,Safari Tafari Shorts,Safari Tafari Shorts - Dafi Print,S0925046PR9M,60060974,Safari,Bottoms,Shorts & Skorts,Retired,2800.0,0,1.0,0,2,3
S0925046,Safari Tafari Shorts,Safari Tafari Shorts - Dark Navy Asili Print,S0925046PR3M,60060950,Safari,Bottoms,Shorts & Skorts,Retired,2800.0,0,1.0,0,1,2
S0925046,Safari Tafari Shorts,Safari Tafari Shorts - Dark Navy Asili Print,S0925046PR3S,60060949,Safari,Bottoms,Shorts & Skorts,Retired,2800.0,0,2.0,0,1,3
S0925046,Safari Tafari Shorts,Safari Tafari Shorts - Dark Navy Asili Print,S0925046PR3L,60060951,Safari,Bottoms,Shorts & Skorts,Retired,2800.0,1.0,1.0,2.0,1,5
S0925046,Safari Tafari Shorts,Safari Tafari Shorts - Jiri Print,S0925046PR6M,60060962,Safari,Bottoms,Shorts & Skorts,Retired,1950.0,0,0,0,1,1
S0925046,Safari Tafari Shorts,Safari Tafari Shorts - Laka Print,S0925046PR7L,60060967,Safari,Bottoms,Shorts & Skorts,Retired,2800.0,0,0,1,0,1
S0925046,Safari Tafari Shorts,Safari Tafari Shorts - Laka Print,S0925046PR7M,60060966,Safari,Bottoms,Shorts & Skorts,Retired,2800.0,0,1.0,2.0,1,4
S0925046,Safari Tafari Shorts,Safari Tafari Shorts - Laka Print,S0925046PR7S,60060965,Safari,Bottoms,Shorts & Skorts,Retired,2800.0,0,0,2,0,2
S0925046,Safari Tafari Shorts,Safari Tafari Shorts - Laka Print,S0925046PR71X,60060968,Safari,Bottoms,Shorts & Skorts,Retired,2800.0,0,0,1,0,1
S0925046,Safari Tafari Shorts,Safari Tafari Shorts - Light Blue Asili Print,S0925046PR1L,60060943,Safari,Bottoms,Shorts & Skorts,Retired,2800.0,0,0,1.0,2,3
S0925046,Safari Tafari Shorts,Safari Tafari Shorts - Light Blue Asili Print,S0925046PR1M,60060942,Safari,Bottoms,Shorts & Skorts,Retired,2800.0,0,0,3,1,4
S0925046,Safari Tafari Shorts,Safari Tafari Shorts - Light Blue Asili Print,S0925046PR1S,60060941,Safari,Bottoms,Shorts & Skorts,Retired,2800.0,0,0,1,3,4
S0925046,Safari Tafari Shorts,Safari Tafari Shorts - Light Blue Asili Print,S0925046PR11X,60060944,Safari,Bottoms,Shorts & Skorts,Retired,2800.0,0,0,1.0,0,1
S0925046,Safari Tafari Shorts,Safari Tafari Shorts - Lusi Print,S0925046PR2L,60060947,Safari,Bottoms,Shorts & Skorts,Retired,2800.0,0,1.0,0,1,2
S0925046,Safari Tafari Shorts,Safari Tafari Shorts - Lusi Print,S0925046PR2M,60060946,Safari,Bottoms,Shorts & Skorts,Retired,2800.0,0,0,0,1,1
S0925046,Safari Tafari Shorts,Safari Tafari Shorts - Lusi Print,S0925046PR2S,60060945,Safari,Bottoms,Shorts & Skorts,Retired,2800.0,0,0,0,1,1
S0925046,Safari Tafari Shorts,Safari Tafari Shorts - Selvi Print,S0925046PR8M,60060970,Safari,Bottoms,Shorts & Skorts,Retired,2800.0,0,1.0,0,2,3
S0925046,Safari Tafari Shorts,Safari Tafari Shorts - Selvi Print,S0925046PR8L,60060971,Safari,Bottoms,Shorts & Skorts,Retired,2800.0,0,0,0,2,2
S0925046,Safari Tafari Shorts,Safari Tafari Shorts - Selvi Print,S0925046PR81X,60060972,Safari,Bottoms,Shorts & Skorts,Retired,2800.0,0,0,0,1,1
S0925046,Safari Tafari Shorts,Safari Tafari Shorts - Selvi Print,S0925046PR8S,60060969,Safari,Bottoms,Shorts & Skorts,Retired,2800.0,0,0,0,1,1
S0925046,Safari Tafari Shorts,Safari Tafari Shorts - Shan Print,S0925046PR101X,60060980,Safari,Bottoms,Shorts & Skorts,Retired,2800.0,0,0,1.0,0,1
S0925046,Safari Tafari Shorts,Safari Tafari Shorts - Shan Print,S0925046PR10S,60060977,Safari,Bottoms,Shorts & Skorts,Retired,2800.0,0,1.0,1,1,3
S0925046,Safari Tafari Shorts,Safari Tafari Shorts - Shan Print,S0925046PR10M,60060978,Safari,Bottoms,Shorts & Skorts,Retired,2800.0,1.0,5.0,2,1,9
S0925046,Safari Tafari Shorts,Safari Tafari Shorts - Shan Print,S0925046PR10L,60060979,Safari,Bottoms,Shorts & Skorts,Retired,2800.0,0,0,1.0,1,2
S0925059,Safari By Vivo Mens Cotton Shorts,Safari By Vivo Mens Cotton Shorts - Dark Grey,S0925059DGRYS,60060999,Safari,Bottoms,Men's Bottoms,Retired,3400.0,1.0,0,3.0,2,6
S0925059,Safari By Vivo Mens Cotton Shorts,Safari By Vivo Mens Cotton Shorts - Dark Grey,S0925059DGRYL,60061001,Safari,Bottoms,Men's Bottoms,Retired,3400.0,0,0,2.0,1,3
S0925059,Safari By Vivo Mens Cotton Shorts,Safari By Vivo Mens Cotton Shorts - Dark Grey,S0925059DGRYM,60061000,Safari,Bottoms,Men's Bottoms,Retired,3400.0,0,0,4.0,3,7
S0925059,Safari By Vivo Mens Cotton Shorts,Safari By Vivo Mens Cotton Shorts - Dark Grey,S0925059DGRY1X,60061002,Safari,Bottoms,Men's Bottoms,Retired,3400.0,0,0,1.0,0,1
S0925059,Safari By Vivo Mens Cotton Shorts,Safari By Vivo Mens Cotton Shorts - Khaki Tan,S0925059KTANM,60061004,Safari,Bottoms,Men's Bottoms,Retired,3400.0,0,2.0,3.0,1,6
S0925059,Safari By Vivo Mens Cotton Shorts,Safari By Vivo Mens Cotton Shorts - Khaki Tan,S0925059KTANS,60061003,Safari,Bottoms,Men's Bottoms,Retired,3400.0,0,0,4.0,1,5
S0925059,Safari By Vivo Mens Cotton Shorts,Safari By Vivo Mens Cotton Shorts - Khaki Tan,S0925059KTAN1X,60061006,Safari,Bottoms,Men's Bottoms,Retired,3400.0,0,0,0,1,1
S0925059,Safari By Vivo Mens Cotton Shorts,Safari By Vivo Mens Cotton Shorts - Khaki Tan,S0925059KTANL,60061005,Safari,Bottoms,Men's Bottoms,Retired,3400.0,0,0,2.0,2,4
S0925060,Safari By Vivo Mens Cotton Short Sleeve Shirt,Safari By Vivo Mens Cotton Short Sleeve Shirt - White / Black Print,S0925060PR1S,60060530,Safari,Tops,Men's Tops,Retired,4400.0,0,2.0,4.0,2,8
S0925060,Safari By Vivo Mens Cotton Short Sleeve Shirt,Safari By Vivo Mens Cotton Short Sleeve Shirt - White / Black Print,S0925060PR1M,60060531,Safari,Tops,Men's Tops,Retired,4400.0,0,7.0,2.0,5,14
S0925060,Safari By Vivo Mens Cotton Short Sleeve Shirt,Safari By Vivo Mens Cotton Short Sleeve Shirt - White / Black Print,S0925060PR1L,60060532,Safari,Tops,Men's Tops,Retired,4400.0,2.0,0,4.0,4,10
S0925060,Safari By Vivo Mens Cotton Short Sleeve Shirt,Safari By Vivo Mens Cotton Short Sleeve Shirt - White / Black Print,S0925060PR11X,60060533,Safari,Tops,Men's Tops,Retired,4400.0,0,1.0,0,2,3
S0925061,Safari By Vivo Mens Cotton Pants,Safari By Vivo Mens Cotton Pants - Khaki Green,S0925061KGRNL,60061167,Safari,Bottoms,Men's Bottoms,Retired,4800.0,1.0,0,1.0,0,2
S0925061,Safari By Vivo Mens Cotton Pants,Safari By Vivo Mens Cotton Pants - Khaki Green,S0925061KGRN1X,60061168,Safari,Bottoms,Men's Bottoms,Retired,4800.0,0,0,0,1,1
S0925061,Safari By Vivo Mens Cotton Pants,Safari By Vivo Mens Cotton Pants - Khaki Green,S0925061KGRNS,60061165,Safari,Bottoms,Men's Bottoms,Retired,4800.0,0,1.0,1.0,1,3
S0925061,Safari By Vivo Mens Cotton Pants,Safari By Vivo Mens Cotton Pants - Khaki Green,S0925061KGRNM,60061166,Safari,Bottoms,Men's Bottoms,Retired,4800.0,1.0,1.0,0,1,3
S0925061,Safari By Vivo Mens Cotton Pants,Safari By Vivo Mens Cotton Pants - Navy Blue,S0925061NBLUS,60061169,Safari,Bottoms,Men's Bottoms,Retired,4800.0,0,1.0,1.0,2,4
S0925061,Safari By Vivo Mens Cotton Pants,Safari By Vivo Mens Cotton Pants - Navy Blue,S0925061NBLUM,60061170,Safari,Bottoms,Men's Bottoms,Retired,4800.0,0,0,1.0,1,2
S0925061,Safari By Vivo Mens Cotton Pants,Safari By Vivo Mens Cotton Pants - Navy Blue,S0925061NBLU1X,60061172,Safari,Bottoms,Men's Bottoms,Retired,4800.0,0,0,0,1,1
S0925061,Safari By Vivo Mens Cotton Pants,Safari By Vivo Mens Cotton Pants - Navy Blue,S0925061NBLUL,60061171,Safari,Bottoms,Men's Bottoms,Retired,4800.0,0,3.0,1.0,1,5
S0925062,Safari By Vivo Mens Cotton Long Sleeve Shirt,Safari By Vivo Mens Cotton Long Sleeve Shirt - White / Navy Print,S0925062PR1L,60060671,Safari,Tops,Men's Tops,Retired,5400.0,0,1.0,4.0,1,6
S0925062,Safari By Vivo Mens Cotton Long Sleeve Shirt,Safari By Vivo Mens Cotton Long Sleeve Shirt - White / Navy Print,S0925062PR11X,60060672,Safari,Tops,Men's Tops,Retired,5400.0,0,2.0,1.0,1,4
S0925062,Safari By Vivo Mens Cotton Long Sleeve Shirt,Safari By Vivo Mens Cotton Long Sleeve Shirt - White / Navy Print,S0925062PR1M,60060670,Safari,Tops,Men's Tops,Retired,5400.0,0,6.0,6.0,1,13
S0925062,Safari By Vivo Mens Cotton Long Sleeve Shirt,Safari By Vivo Mens Cotton Long Sleeve Shirt - White / Navy Print,S0925062PR1S,60060669,Safari,Tops,Men's Tops,Retired,5400.0,0,3.0,4.0,1,8
S1023059,Safari Zene Drop Shoulder Top,Safari Zene Drop Shoulder Top - Light Orange,S1023059LORAS,60040876,Safari,Tops,Loose Tops,Retired,1050.0,0,1.0,0,0,1
S1023059,Safari Zene Drop Shoulder Top,Safari Zene Drop Shoulder Top - Light Orange,S1023059LORAM,60040877,Safari,Tops,Loose Tops,Retired,1050.0,0,1.0,0,0,1
S1023059,Safari Zene Drop Shoulder Top,Safari Zene Drop Shoulder Top - Mustard,S1023059MUSM,60044768,Safari,Tops,Loose Tops,Retired,665.0,0,0,0,1,1
S1023059,Safari Zene Drop Shoulder Top,Safari Zene Drop Shoulder Top - Taupe,S1023059TAUM,60040882,Safari,Tops,Loose Tops,Retired,1100.0,0,3.0,0,1,4
S1023063,Safari Zene Tiered Above Knee Dress,Safari Zene Tiered Above Knee Dress - White,S1023063WHIM,60027399,Safari,Dresses,Knee Length Dresses,Retired,5550.0,0,2.0,0,1,3
S1023063,Safari Zene Tiered Above Knee Dress,Safari Zene Tiered Above Knee Dress - White,S1023063WHI1X,60027401,Safari,Dresses,Knee Length Dresses,Retired,5550.0,0,0,0,1,1
S1023063,Safari Zene Tiered Above Knee Dress,Safari Zene Tiered Above Knee Dress - White,S1023063WHIL,60027400,Safari,Dresses,Knee Length Dresses,Retired,5550.0,0,2.0,0,0,2
S1023064,Safari Zene High Low Shirt Dress,Safari Zene High Low Shirt Dress - Black,S1023064BLAL,60027294,Safari,Dresses,Midi & Capri Dresses,Retired,4050.0,0,0,0,1,1
S1023064,Safari Zene High Low Shirt Dress,Safari Zene High Low Shirt Dress - Mustard,S1023064MUS1X,60031049,Safari,Dresses,Midi & Capri Dresses,Retired,4100.0,0,0,0,1,1
S1023064,Safari Zene High Low Shirt Dress,Safari Zene High Low Shirt Dress - Mustard,S1023064MUSM,60031047,Safari,Dresses,Midi & Capri Dresses,Retired,4100.0,0,0,0,1,1
S1023064,Safari Zene High Low Shirt Dress,Safari Zene High Low Shirt Dress - Mustard,S1023064MUSS,60031046,Safari,Dresses,Midi & Capri Dresses,Retired,4100.0,1.0,0,0,0,1
S1023064,Safari Zene High Low Shirt Dress,Safari Zene High Low Shirt Dress - Mustard,S1023064MUSL,60031048,Safari,Dresses,Midi & Capri Dresses,Retired,4100.0,0,0,1.0,1,2
S1023064,Safari Zene High Low Shirt Dress,Safari Zene High Low Shirt Dress - Teal,S1023064TEAM,60031057,Safari,Dresses,Midi & Capri Dresses,Retired,4050.0,0,0,0,2,2
S1023065,Safari Zene Off Shoulder Dress,Safari Zene Off Shoulder Dress - Navy Blue,S1023065NABM,60027218,Safari,Dresses,Knee Length Dresses,Retired,4150.0,0,0,0,1,1
S1023065,Safari Zene Off Shoulder Dress,Safari Zene Off Shoulder Dress - Navy Blue,S1023065NABS,60027217,Safari,Dresses,Knee Length Dresses,Retired,4150.0,0,0,0,1,1
S1023065,Safari Zene Off Shoulder Dress,Safari Zene Off Shoulder Dress - Peach,S1023065PEAL,60027224,Safari,Dresses,Knee Length Dresses,Retired,5950.0,0,0,0,1,1
S1023065,Safari Zene Off Shoulder Dress,Safari Zene Off Shoulder Dress - Peach,S1023065PEAM,60027223,Safari,Dresses,Knee Length Dresses,Retired,5950.0,0,0,0,1,1
S1023065,Safari Zene Off Shoulder Dress,Safari Zene Off Shoulder Dress - Peach,S1023065PEAS,60027222,Safari,Dresses,Knee Length Dresses,Retired,5950.0,0,1.0,0,1,2
S1023066,Safari Kikoy Tunic High Low Top,Safari Kikoy Tunic High Low Top  - Brown,S1023066BROF,60034397,Safari,Tops,Loose Tops,Retired,1500.0,2.0,0,0,2,4
S1023066,Safari Kikoy Tunic High Low Top,Safari Kikoy Tunic High Low Top  - Maroon,S1023066MARF,60034399,Safari,Tops,Loose Tops,Retired,1300.0,0,0,0,1,1
S1024007,Safari Chui Cropped Jacket,Safari Chui Cropped Jacket - White Cloud,S1024007WCLOM,60047040,Safari,Outerwear,Jackets & Coats,Retired,6250.0,0,2.0,2.0,1,5
S1024007,Safari Chui Cropped Jacket,Safari Chui Cropped Jacket - White Cloud,S1024007WCLOXS,60048320,Safari,Outerwear,Jackets & Coats,Retired,6250.0,0,0,1.0,1,2
S1024007,Safari Chui Cropped Jacket,Safari Chui Cropped Jacket - White Cloud,S1024007WCLOL,60047041,Safari,Outerwear,Jackets & Coats,Retired,6250.0,0,1.0,0,2,3
S1024007,Safari Chui Cropped Jacket,Safari Chui Cropped Jacket - White Cloud,S1024007WCLO1X,60047042,Safari,Outerwear,Jackets & Coats,Retired,6250.0,0,3.0,1.0,2,6
S1024007,Safari Chui Cropped Jacket,Safari Chui Cropped Jacket - White Cloud,S1024007WCLOS,60047039,Safari,Outerwear,Jackets & Coats,Retired,6250.0,0,1.0,1.0,3,5
S1024009,Safari Chui 3/4 Sleeve A-Line Dress,Safari Chui 3/4 Sleeve A-Line Dress - Taupe,S1024009TAUS,60047546,Safari,Dresses,Knee Length Dresses,Retired,7750.0,0,0,0,1,1
S1024009,Safari Chui 3/4 Sleeve A-Line Dress,Safari Chui 3/4 Sleeve A-Line Dress - Taupe,S1024009TAUXS,60048229,Safari,Dresses,Knee Length Dresses,Retired,7750.0,0,0,0,2,2
S1024009,Safari Chui 3/4 Sleeve A-Line Dress,Safari Chui 3/4 Sleeve A-Line Dress - White,S1024009WHIXS,60048230,Safari,Dresses,Knee Length Dresses,Retired,5450.0,1.0,0,0,0,1
S1024011,Safari Chui Placket Top,Safari Chui Placket Top - Chui Print,S1024011PR2S,60047524,Safari,Tops,Fitted Tops,Retired,5250.0,1.0,0,0,0,1
S1024011,Safari Chui Placket Top,Safari Chui Placket Top - Chui Print,S1024011PR2XS,60048387,Safari,Tops,Fitted Tops,Retired,5250.0,0,1.0,0,1,2
S1024011,Safari Chui Placket Top,Safari Chui Placket Top - Marara Print,S1024011PR1S,60047528,Safari,Tops,Fitted Tops,Retired,3650.0,0,0,0,1,1
S1024019,Safari Chui Jodhpur Pants,Safari Chui Jodhpur Pants - White Cloud,S1024019WHICS,60047574,Safari,Bottoms,Full Length Pants,Retired,6250.0,4.0,0,1.0,1,6
S1024019,Safari Chui Jodhpur Pants,Safari Chui Jodhpur Pants - White Cloud,S1024019WHICXS,60048321,Safari,Bottoms,Full Length Pants,Retired,6250.0,2.0,0,0,1,3
S1024019,Safari Chui Jodhpur Pants,Safari Chui Jodhpur Pants - White Cloud,S1024019WHICM,60047575,Safari,Bottoms,Full Length Pants,Retired,6250.0,0,0,1.0,0,1
S1024019,Safari Chui Jodhpur Pants,Safari Chui Jodhpur Pants - White Cloud,S1024019WHIC1X,60047577,Safari,Bottoms,Full Length Pants,Retired,6250.0,0,0,1.0,0,1
S1025031,Safari Tafari Wrap Top,Safari Tafari Wrap Top - Cheli Print,S1025031PR1S/M,60060636,Safari,Tops,Midriff & Crop Tops,Retired,3400.0,0,4.0,0,2,6
S1025031,Safari Tafari Wrap Top,Safari Tafari Wrap Top - Cheli Print,S1025031PR1L/1X,60060637,Safari,Tops,Midriff & Crop Tops,Retired,3400.0,2.0,2.0,0,1,5
S1025031,Safari Tafari Wrap Top,Safari Tafari Wrap Top - Karanga Print,S1025031PR5S/M,60060644,Safari,Tops,Midriff & Crop Tops,Retired,3400.0,0,4.0,1.0,2,7
S1025031,Safari Tafari Wrap Top,Safari Tafari Wrap Top - Karanga Print,S1025031PR5L/1X,60060645,Safari,Tops,Midriff & Crop Tops,Retired,3400.0,0,2.0,0,2,4
S1025031,Safari Tafari Wrap Top,Safari Tafari Wrap Top - Mpiji Print,S1025031PR6L/1X,60060647,Safari,Tops,Midriff & Crop Tops,Retired,3400.0,0,0,1.0,0,1
S1025031,Safari Tafari Wrap Top,Safari Tafari Wrap Top - Mpiji Print,S1025031PR6S/M,60060646,Safari,Tops,Midriff & Crop Tops,Retired,3400.0,2.0,1.0,1.0,1,5
S1025031,Safari Tafari Wrap Top,Safari Tafari Wrap Top - Pangani Print,S1025031PR9S/M,60060652,Safari,Tops,Midriff & Crop Tops,Retired,3400.0,2.0,2.0,0,1,5
S1025031,Safari Tafari Wrap Top,Safari Tafari Wrap Top - Pangani Print,S1025031PR9L/1X,60060653,Safari,Tops,Midriff & Crop Tops,Retired,3400.0,0,5.0,0,1,6
S1025031,Safari Tafari Wrap Top,Safari Tafari Wrap Top - Semu Print,S1025031PR4L/1X,60060643,Safari,Tops,Midriff & Crop Tops,Retired,3400.0,0,3.0,0,1,4
S1025031,Safari Tafari Wrap Top,Safari Tafari Wrap Top - Semu Print,S1025031PR4S/M,60060642,Safari,Tops,Midriff & Crop Tops,Retired,3400.0,3.0,0,0,0,3
S1025031,Safari Tafari Wrap Top,Safari Tafari Wrap Top - Sigi Print,S1025031PR2S/M,60060638,Safari,Tops,Midriff & Crop Tops,Retired,3400.0,0,2.0,0,1,3
S1025031,Safari Tafari Wrap Top,Safari Tafari Wrap Top - Sigi Print,S1025031PR2L/1X,60060639,Safari,Tops,Midriff & Crop Tops,Retired,3400.0,0,1.0,0,1,2
S1025031,Safari Tafari Wrap Top,Safari Tafari Wrap Top - Songwe Print,S1025031PR11S/M,60060656,Safari,Tops,Midriff & Crop Tops,Retired,3400.0,1.0,16.0,2.0,1,20
S1025031,Safari Tafari Wrap Top,Safari Tafari Wrap Top - Songwe Print,S1025031PR11L/1X,60060657,Safari,Tops,Midriff & Crop Tops,Retired,3400.0,2.0,7.0,1,2,12
S1025031,Safari Tafari Wrap Top,Safari Tafari Wrap Top - Suma Print,S1025031PR8S/M,60060650,Safari,Tops,Midriff & Crop Tops,Retired,3400.0,0,3.0,0,2,5
S1025031,Safari Tafari Wrap Top,Safari Tafari Wrap Top - Suma Print,S1025031PR8L/1X,60060651,Safari,Tops,Midriff & Crop Tops,Retired,3400.0,0,5.0,0,1,6
S1025031,Safari Tafari Wrap Top,Safari Tafari Wrap Top - Umba Print,S1025031PR10XS/S,60061632,Safari,Tops,Midriff & Crop Tops,Retired,3400.0,0,1.0,0,1,2
S1025031,Safari Tafari Wrap Top,Safari Tafari Wrap Top - Umba Print,S1025031PR101X/2X,60061123,Safari,Tops,Midriff & Crop Tops,Retired,3400.0,0,0,0,1,1
S1025031,Safari Tafari Wrap Top,Safari Tafari Wrap Top - Umba Print,S1025031PR10S/M,60060654,Safari,Tops,Midriff & Crop Tops,Retired,3400.0,4.0,0,0,2,6
S1025031,Safari Tafari Wrap Top,Safari Tafari Wrap Top - Umba Print,S1025031PR10M/L,60061122,Safari,Tops,Midriff & Crop Tops,Retired,3400.0,0,0,0,1,1
S1025031,Safari Tafari Wrap Top,Safari Tafari Wrap Top - Wami Print,S1025031PR3L/1X,60060641,Safari,Tops,Midriff & Crop Tops,Retired,3400.0,0,3.0,0,0,3
S1025031,Safari Tafari Wrap Top,Safari Tafari Wrap Top - Wami Print,S1025031PR3S/M,60060640,Safari,Tops,Midriff & Crop Tops,Retired,3400.0,0,3.0,0,2,5
S1025031,Safari Tafari Wrap Top,Safari Tafari Wrap Top - Weru Print,S1025031PR7L/1X,60060649,Safari,Tops,Midriff & Crop Tops,Retired,3400.0,1.0,1.0,0,1,3
S1025031,Safari Tafari Wrap Top,Safari Tafari Wrap Top - Weru Print,S1025031PR7S/M,60060648,Safari,Tops,Midriff & Crop Tops,Retired,3400.0,0,4.0,0,2,6
S1122036,Safari Mara Wide Bishop Sleeve Top,Safari Mara Wide Bishop Sleeve Top - Yellow,S1122036YELS/M,60011254,Safari,Tops,Loose Tops,Retired,3150.0,0,0,0,1,1
S1123101,Safari Lira Drawstring Knee Length Dress,Safari Lira Drawstring Knee Length Dress - Black + Bana Print,S1123101PR9S-BLBA,60051703,Safari,Dresses,Knee Length Dresses,Retired,6250.0,1.0,0,0,0,1
S1123101,Safari Lira Drawstring Knee Length Dress,Safari Lira Drawstring Knee Length Dress - Black + Tafo Print,S1123101PR9XS-BLTA,60052167,Safari,Dresses,Knee Length Dresses,Retired,6250.0,1.0,0,0,0,1
S1123101,Safari Lira Drawstring Knee Length Dress,Safari Lira Drawstring Knee Length Dress - Black + Tafo Print,S1123101PR9S-BLTA,60052168,Safari,Dresses,Knee Length Dresses,Retired,6250.0,1.0,0,0,0,1
S1123101,Safari Lira Drawstring Knee Length Dress,Safari Lira Drawstring Knee Length Dress - White + Elmi Print,S1123101PR8XS,60051940,Safari,Dresses,Knee Length Dresses,Retired,6250.0,2.0,0,0,1,3
S1123109,Safari Lira Panelled Camisole Top,Safari Lira Panelled Camisole Top - Black,S1123109BLAM,60029794,Safari,Tops,Fitted Tops,Retired,250.0,0,0,1.0,0,1
S1123109,Safari Lira Panelled Camisole Top,Safari Lira Panelled Camisole Top - Black,S1123109BLAS,60029793,Safari,Tops,Fitted Tops,Retired,250.0,0,0,1.0,0,1
S1123109,Safari Lira Panelled Camisole Top,Safari Lira Panelled Camisole Top - Black,S1123109BLA1X,60029796,Safari,Tops,Fitted Tops,Retired,250.0,0,0,2.0,0,2
S1123109,Safari Lira Panelled Camisole Top,Safari Lira Panelled Camisole Top - Black,S1123109BLAL,60029795,Safari,Tops,Fitted Tops,Retired,250.0,0,0,1.0,0,1
S1123109,Safari Lira Panelled Camisole Top,Safari Lira Panelled Camisole Top - Navy Blue,S1123109NABL,60029805,Safari,Tops,Fitted Tops,Retired,250.0,0,0,1.0,0,1
S1123109,Safari Lira Panelled Camisole Top,Safari Lira Panelled Camisole Top - Navy Blue,S1123109NAB1X,60029806,Safari,Tops,Fitted Tops,Retired,250.0,0,0,1.0,0,1
S1123109,Safari Lira Panelled Camisole Top,Safari Lira Panelled Camisole Top - Navy Blue,S1123109NABS,60029803,Safari,Tops,Fitted Tops,Retired,250.0,0,0,1.0,0,1
S1123109,Safari Lira Panelled Camisole Top,Safari Lira Panelled Camisole Top - Navy Blue,S1123109NABM,60029804,Safari,Tops,Fitted Tops,Retired,250.0,0,0,1.0,0,1
S1123111,Safari Lira Front Panelled Shirt Dress,Safari Lira Front Panelled Shirt Dress - Black / Pink,S1123111BLA/PIN1X,60041518,Safari,Dresses,Knee Length Dresses,Retired,2320.0,1.0,1.0,0,3,5
S1123111,Safari Lira Front Panelled Shirt Dress,Safari Lira Front Panelled Shirt Dress - Black / White,S1123111BLA/WHIM,60030079,Safari,Dresses,Knee Length Dresses,Retired,2320.0,0,0,0,2,2
S1123111,Safari Lira Front Panelled Shirt Dress,Safari Lira Front Panelled Shirt Dress - Pink / Black,S1123111PIN/BLA1X,60041533,Safari,Dresses,Knee Length Dresses,Retired,2320.0,0,0,1.0,1,2
S1123112,Safari Lira Drop Shoulder Dress,Safari Lira Drop Shoulder Dress - Orange,S1123112ORA1X,60033157,Safari,Dresses,Knee Length Dresses,Retired,3650.0,0,0,0,1,1
S1124116,Safari Sizani Strappy Tent Top,Safari Sizani Strappy Tent Top - Black,S1124116BLAM,60050957,Safari,Tops,Loose Tops,Retired,2950.0,0,8.0,1.0,3,12
S1124116,Safari Sizani Strappy Tent Top,Safari Sizani Strappy Tent Top - Black,S1124116BLAS,60050956,Safari,Tops,Loose Tops,Retired,2950.0,0,5.0,1.0,2,8
S1124116,Safari Sizani Strappy Tent Top,Safari Sizani Strappy Tent Top - Black,S1124116BLA1X,60050959,Safari,Tops,Loose Tops,Retired,2950.0,2.0,2.0,0,2,6
S1124116,Safari Sizani Strappy Tent Top,Safari Sizani Strappy Tent Top - Black,S1124116BLAL,60050958,Safari,Tops,Loose Tops,Retired,2950.0,0,0,1.0,3,4
S1124116,Safari Sizani Strappy Tent Top,Safari Sizani Strappy Tent Top - Navy Blue,S1124116NAB1X,60051329,Safari,Tops,Loose Tops,Retired,2950.0,0,0,1.0,1,2
S1124116,Safari Sizani Strappy Tent Top,Safari Sizani Strappy Tent Top - Navy Blue,S1124116NABL,60051328,Safari,Tops,Loose Tops,Retired,2950.0,0,0,2.0,1,3
S1124116,Safari Sizani Strappy Tent Top,Safari Sizani Strappy Tent Top - Navy Blue,S1124116NABS,60051326,Safari,Tops,Loose Tops,Retired,2950.0,1.0,0,2.0,0,3
S1124116,Safari Sizani Strappy Tent Top,Safari Sizani Strappy Tent Top - Navy Blue,S1124116NABM,60051327,Safari,Tops,Loose Tops,Retired,2950.0,0,0,3.0,2,5
S1124116,Safari Sizani Strappy Tent Top,Safari Sizani Strappy Tent Top - White,S1124116WHTL,60050954,Safari,Tops,Loose Tops,Retired,2950.0,0,0,2.0,0,2
S1124116,Safari Sizani Strappy Tent Top,Safari Sizani Strappy Tent Top - White,S1124116WHTM,60050953,Safari,Tops,Loose Tops,Retired,2950.0,2.0,5.0,3.0,2,12
S1124116,Safari Sizani Strappy Tent Top,Safari Sizani Strappy Tent Top - White,S1124116WHTS,60050952,Safari,Tops,Loose Tops,Retired,2950.0,1.0,4.0,2.0,2,9
S1124116,Safari Sizani Strappy Tent Top,Safari Sizani Strappy Tent Top - White,S1124116WHT1X,60050955,Safari,Tops,Loose Tops,Retired,2950.0,1.0,1.0,1.0,3,6
S1124144,Safari Sizani 2 Way Wrap Top,Safari Savannah Men's Long Sleeve Shirt - Beige,S0724016BEI1X,60041690,Safari,Tops,Midriff & Crop Tops,Retired,1850.0,0,0,1.0,2,3
S1124144,Safari Sizani 2 Way Wrap Top,Safari Savannah Men's Long Sleeve Shirt - Beige,S0724016BEIL,60041689,Safari,Tops,Midriff & Crop Tops,Retired,1850.0,1.0,0,1.0,3,5
S1124144,Safari Sizani 2 Way Wrap Top,Safari Savannah Men's Long Sleeve Shirt - Beige,S0724016BEIS,60041687,Safari,Tops,Midriff & Crop Tops,Retired,1850.0,0,1.0,2.0,3,6
S1124144,Safari Sizani 2 Way Wrap Top,Safari Savannah Men's Long Sleeve Shirt - Beige,S0724016BEIM,60041688,Safari,Tops,Midriff & Crop Tops,Retired,1850.0,0,0,2.0,0,2
S1124144,Safari Sizani 2 Way Wrap Top,Safari Sizani 2 Way Wrap Top - Himo Print,S1124144PR23X/4X,60049639,Safari,Tops,Midriff & Crop Tops,Retired,3250.0,0,0,0,1,1
S1124144,Safari Sizani 2 Way Wrap Top,Safari Sizani 2 Way Wrap Top - Himo Print,S1124144PR2M/L,60049637,Safari,Tops,Midriff & Crop Tops,Retired,3250.0,0,7.0,0,2,9
S1124144,Safari Sizani 2 Way Wrap Top,Safari Sizani 2 Way Wrap Top - Himo Print,S1124144PR21X/2X,60049638,Safari,Tops,Midriff & Crop Tops,Retired,3250.0,0,2.0,0,1,3
S1124144,Safari Sizani 2 Way Wrap Top,Safari Sizani 2 Way Wrap Top - Himo Print,S1124144PR2XS/S,60049636,Safari,Tops,Midriff & Crop Tops,Retired,3250.0,0,3.0,0,1,4
S1124144,Safari Sizani 2 Way Wrap Top,Safari Sizani 2 Way Wrap Top - Sipo,S1124144PR3XS/S,60051529,Safari,Tops,Midriff & Crop Tops,Retired,2250.0,0,0,0,1,1
S1124144,Safari Sizani 2 Way Wrap Top,Safari Sizani 2 Way Wrap Top - Tafo Print,S1124144PR11X/2X,60049643,Safari,Tops,Midriff & Crop Tops,Retired,3250.0,0,4.0,0,1,5
S1124144,Safari Sizani 2 Way Wrap Top,Safari Sizani 2 Way Wrap Top - Tafo Print,S1124144PR13X/4X,60049644,Safari,Tops,Midriff & Crop Tops,Retired,3250.0,0,0,0,1,1
S1124144,Safari Sizani 2 Way Wrap Top,Safari Sizani 2 Way Wrap Top - Tafo Print,S1124144PR1XS/S,60049641,Safari,Tops,Midriff & Crop Tops,Retired,3250.0,0,8.0,1.0,1,10
S1124144,Safari Sizani 2 Way Wrap Top,Safari Sizani 2 Way Wrap Top - Tafo Print,S1124144PR1M/L,60049642,Safari,Tops,Midriff & Crop Tops,Retired,3250.0,0,6.0,0,1,7
S1124151,Safari Sizani Men's Kitenge Tuxedo Shirt,Safari Sizani Men's Kitenge Tuxedo Shirt - Black,S1124151PR13X,60049600,Safari,Tops,Men's Tops,Retired,4400.0,0,1.0,0,0,1
S1124151,Safari Sizani Men's Kitenge Tuxedo Shirt,Safari Sizani Men's Kitenge Tuxedo Shirt - Black,S1124151PR1S,60049595,Safari,Tops,Men's Tops,Retired,4400.0,0,4.0,0,2,6
S1124151,Safari Sizani Men's Kitenge Tuxedo Shirt,Safari Sizani Men's Kitenge Tuxedo Shirt - Black,S1124151PR1L,60049597,Safari,Tops,Men's Tops,Retired,4400.0,0,2.0,0,3,5
S1124151,Safari Sizani Men's Kitenge Tuxedo Shirt,Safari Sizani Men's Kitenge Tuxedo Shirt - Black,S1124151PR12X,60049599,Safari,Tops,Men's Tops,Retired,4400.0,0,1.0,0,1,2
S1124151,Safari Sizani Men's Kitenge Tuxedo Shirt,Safari Sizani Men's Kitenge Tuxedo Shirt - Black,S1124151PR14X,60049601,Safari,Tops,Men's Tops,Retired,4400.0,0,0,0,1,1
S1124151,Safari Sizani Men's Kitenge Tuxedo Shirt,Safari Sizani Men's Kitenge Tuxedo Shirt - Black,S1124151PR11X,60049598,Safari,Tops,Men's Tops,Retired,4400.0,0,2.0,0,2,4
S1124151,Safari Sizani Men's Kitenge Tuxedo Shirt,Safari Sizani Men's Kitenge Tuxedo Shirt - Black,S1124151PR1M,60049596,Safari,Tops,Men's Tops,Retired,4400.0,0,3.0,0,3,6
S1124152,Safari Sizani Men's Kitenge Placket Shirt,Safari Sizani Men's Kitenge Placket Shirt - Himo Print,S1124152PR13X,60049585,Safari,Tops,Men's Tops,Retired,3800.0,0,0,1.0,0,1
S1124152,Safari Sizani Men's Kitenge Placket Shirt,Safari Sizani Men's Kitenge Placket Shirt - Keri Print,S1124152PR2S,60049587,Safari,Tops,Men's Tops,Retired,3800.0,0,0,2.0,0,2
S1124152,Safari Sizani Men's Kitenge Placket Shirt,Safari Sizani Men's Kitenge Placket Shirt - Keri Print,S1124152PR24X,60049593,Safari,Tops,Men's Tops,Retired,3800.0,0,0,1.0,0,1
S1124152,Safari Sizani Men's Kitenge Placket Shirt,Safari Sizani Men's Kitenge Placket Shirt - Keri Print,S1124152PR22X,60049591,Safari,Tops,Men's Tops,Retired,3800.0,0,0,2.0,0,2
S1124152,Safari Sizani Men's Kitenge Placket Shirt,Safari Sizani Men's Kitenge Placket Shirt - Keri Print,S1124152PR23X,60049592,Safari,Tops,Men's Tops,Retired,3800.0,0,0,1.0,0,1
S1124152,Safari Sizani Men's Kitenge Placket Shirt,Safari Sizani Men's Kitenge Placket Shirt - Keri Print,S1124152PR2L,60049589,Safari,Tops,Men's Tops,Retired,3800.0,0,0,4.0,1,5
S1124152,Safari Sizani Men's Kitenge Placket Shirt,Safari Sizani Men's Kitenge Placket Shirt - Keri Print,S1124152PR2M,60049588,Safari,Tops,Men's Tops,Retired,3800.0,0,0,4.0,1,5
S1125033,Safari by Vivo Zehra Kitenge Shorts,Safari by Vivo Zehra Kitenge Shorts - Kosi Print,S1125033PR10L,60062543,Safari,Bottoms,Shorts & Skorts,Retired,2800.0,0,0,0,1,1
S1125033,Safari by Vivo Zehra Kitenge Shorts,Safari by Vivo Zehra Kitenge Shorts - Kosi Print,S1125033PR101X,60062544,Safari,Bottoms,Shorts & Skorts,Retired,2800.0,0,0,1.0,0,1
S1125033,Safari by Vivo Zehra Kitenge Shorts,Safari by Vivo Zehra Kitenge Shorts - Loom Print,S1125033PR1M,60062497,Safari,Bottoms,Shorts & Skorts,Retired,2800.0,0,0,1.0,0,1
S1125033,Safari by Vivo Zehra Kitenge Shorts,Safari by Vivo Zehra Kitenge Shorts - Loom Print,S1125033PR11X,60062499,Safari,Bottoms,Shorts & Skorts,Retired,2800.0,1.0,0,0,0,1
S1125033,Safari by Vivo Zehra Kitenge Shorts,Safari by Vivo Zehra Kitenge Shorts - Moli Print,S1125033PR4M,60062512,Safari,Bottoms,Shorts & Skorts,Retired,2800.0,0,0,1.0,0,1
S1125033,Safari by Vivo Zehra Kitenge Shorts,Safari by Vivo Zehra Kitenge Shorts - Ndiwa Print,S1125033PR11M,60062547,Safari,Bottoms,Shorts & Skorts,Retired,2800.0,0,0,1.0,0,1
S1125033,Safari by Vivo Zehra Kitenge Shorts,Safari by Vivo Zehra Kitenge Shorts - Pambo Print,S1125033PR2M,60062502,Safari,Bottoms,Shorts & Skorts,Retired,2800.0,0,0,0,1,1
S1125033,Safari by Vivo Zehra Kitenge Shorts,Safari by Vivo Zehra Kitenge Shorts - Pena Print,S1125033PR7S,60062526,Safari,Bottoms,Shorts & Skorts,Retired,2800.0,2.0,0,0,0,2
S1125033,Safari by Vivo Zehra Kitenge Shorts,Safari by Vivo Zehra Kitenge Shorts - Pena Print,S1125033PR7M,60062527,Safari,Bottoms,Shorts & Skorts,Retired,2800.0,1.0,0,0,0,1
S1125033,Safari by Vivo Zehra Kitenge Shorts,Safari by Vivo Zehra Kitenge Shorts - Pollo Print,S1125033PR12S,60062551,Safari,Bottoms,Shorts & Skorts,Retired,2800.0,1.0,0,2.0,1,4
S1125033,Safari by Vivo Zehra Kitenge Shorts,Safari by Vivo Zehra Kitenge Shorts - Pollo Print,S1125033PR12M,60062552,Safari,Bottoms,Shorts & Skorts,Retired,2800.0,1.0,0,2.0,1,4
S1125033,Safari by Vivo Zehra Kitenge Shorts,Safari by Vivo Zehra Kitenge Shorts - Tuze Print,S1125033PR3M,60062507,Safari,Bottoms,Shorts & Skorts,Retired,2800.0,0,0,1.0,0,1
S1125033,Safari by Vivo Zehra Kitenge Shorts,Safari by Vivo Zehra Kitenge Shorts - Vovi Print,S1125033PR9L,60062538,Safari,Bottoms,Shorts & Skorts,Retired,2800.0,0,0,1.0,0,1
S1125033,Safari by Vivo Zehra Kitenge Shorts,Safari by Vivo Zehra Kitenge Shorts - Vuga Print,S1125033PR5M,60062517,Safari,Bottoms,Shorts & Skorts,Retired,2800.0,0,0,0,1,1
S1125033,Safari by Vivo Zehra Kitenge Shorts,Safari by Vivo Zehra Kitenge Shorts - Vuga Print,S1125033PR5S,60062516,Safari,Bottoms,Shorts & Skorts,Retired,2800.0,0,0,0,1,1
Sample & Sale Items,Sample & Sale Items,Vivo Bodysuit - Sample 1,V0720062SAM1,40014455,Vivo,Sale,Sample & Sale Items,Retired,550.0,0,0,2.0,0,2
Sample & Sale Items,Sample & Sale Items,Vivo MSD 1,V0524006MSD1,60036952,Vivo,Sale,Sample & Sale Items,Retired,650.0,1.0,0,5.0,0,6
Sample & Sale Items,Sample & Sale Items,Vivo Shorts - FS 3,V0223137 - FS3,30000397,Vivo,Sale,Sample & Sale Items,Retired,750.0,0,0,1.0,0,1
V0120033,Vivo Wide Liv Chiffon Maxi,Vivo Basic Wide Liv Chiffon Maxi Dress - Pink / Brown Print,V0120033PR22F,60040202,Vivo,Dresses,Maxi Dresses,Retired,2950.0,1.0,0,0,0,1
V0120092,Vivo Basic Long Sleeved Bishop Top,Vivo Basic Long Sleeved Bishop Top - Black / White Ifi Print,V0120092PR471X,60050337,Vivo,Tops,Fitted Tops,Retired,1150.0,0,0,2,1,3
V0120092,Vivo Basic Long Sleeved Bishop Top,Vivo Basic Long Sleeved Bishop Top - Black / White Ifi Print,V0120092PR472X,60050338,Vivo,Tops,Fitted Tops,Retired,1150.0,1.0,0,0,0,1
V0120092,Vivo Basic Long Sleeved Bishop Top,Vivo Basic Long Sleeved Bishop Top - Navy / Brown Lowa Print,V0120092PR502X,60050348,Vivo,Tops,Fitted Tops,Retired,2950.0,0,0,1.0,0,1
V0120092,Vivo Basic Long Sleeved Bishop Top,Vivo Basic Long Sleeved Bishop Top - Navy / Brown Lowa Print,V0120092PR50M,60050345,Vivo,Tops,Fitted Tops,Retired,2950.0,0,1.0,0,1,2
V0121134,Vivo Basic Nalia High Low Jersey Top,Vivo Basic Nalia High Low Jersey Top - Mustard,V0121134MUS1X/2X,60044409,Vivo,Tops,T-shirts & Tank Tops,Retired,1350.0,0,3.0,4.0,0,7
V0121134,Vivo Basic Nalia High Low Jersey Top,Vivo Basic Nalia High Low Jersey Top - Navy Blue,V0121134NABL1X/2X,60044412,Vivo,Tops,T-shirts & Tank Tops,Retired,1050.0,0,1.0,0,0,1
V0121134,Vivo Basic Nalia High Low Jersey Top,Vivo Basic Nalia High Low Jersey Top - Teal,V0121134TEAL1X/2X,60044417,Vivo,Tops,T-shirts & Tank Tops,Retired,1050.0,0,4.0,0,0,4
V0122102,Vivo Faraji Side Slit Leisure Pants,Vivo Faraji Side Slit Leisure Pants - Grey,V0122102GRYS,60032173,Vivo,Bottoms,Full Length Pants,Retired,1350.0,0,0,3.0,0,3
V0122102,Vivo Faraji Side Slit Leisure Pants,Vivo Faraji Side Slit Leisure Pants - Hunters Green,V0122102HGNS,60032177,Vivo,Bottoms,Full Length Pants,Retired,1250.0,1.0,1.0,1,1,4
V0122114,Vivo Basic Neo Extra Long Lily Waterfall,Vivo Basic Neo Extra Long Lily Waterfall - Rust,V0122114RUS1X/2X,60048130,Vivo,Outerwear,Waterfalls & Kimonos,Retired,1650.0,0,0,0,1,1
V0124028,Vivo Tande Boat Neck Dress,Vivo Tande Boat Neck Dress - Burgundy,V0124028BURL,60039099,Vivo,Dresses,Knee Length Dresses,Retired,4950.0,0,0,0,1,1
V0124028,Vivo Tande Boat Neck Dress,Vivo Tande Boat Neck Dress - Dark Navy,V0124028DNAV1X,60032146,Vivo,Dresses,Knee Length Dresses,Retired,3450.0,0,0,0,1,1
V0124028,Vivo Tande Boat Neck Dress,Vivo Tande Boat Neck Dress - Orange,V0124028ORAL,60039103,Vivo,Dresses,Knee Length Dresses,Retired,3450.0,0,0,0,1,1
V0124028,Vivo Tande Boat Neck Dress,Vivo Tande Boat Neck Dress - Orange,V0124028ORA1X,60039104,Vivo,Dresses,Knee Length Dresses,Retired,3450.0,0,1.0,0,1,2
V0124045,Vivo Arafa Long Sleeve Tie Dress,Vivo Arafa Long Sleeve Tie Dress - Taupe / Orange Rafa Print,V0124045PR1L,60049511,Vivo,Dresses,Knee Length Dresses,Retired,450.0,0,0,1.0,0,1
V0124045,Vivo Arafa Long Sleeve Tie Dress,Vivo Arafa Long Sleeve Tie Dress - Taupe / Orange Rafa Print,V0124045PR11X,60049512,Vivo,Dresses,Knee Length Dresses,Retired,450.0,0,0,1.0,0,1
V0125001,Vivo Yene One Shoulder Maxi Dress,Vivo Yene One Shoulder Maxi Dress - White / Burgundy Shibori Print,V0125001PR2S,60051512,Vivo,Dresses,Maxi Dresses,Retired,2350.0,0,0,1,0,1
V0125001,Vivo Yene One Shoulder Maxi Dress,Vivo Yene One Shoulder Maxi Dress - White / Teal Shibori Print,V0125001PR1S,60051508,Vivo,Dresses,Maxi Dresses,Retired,2350.0,0,0,0,2,2
V0125003,Vivo Yene Layered Midi Dress,Vivo Yene Layered Midi Dress - Black,V0125003BLAS,60051207,Vivo,Dresses,Midi & Capri Dresses,Retired,2350.0,0,2.0,0,1,3
V0125003,Vivo Yene Layered Midi Dress,Vivo Yene Layered Midi Dress - White,V0125003WHTS,60051203,Vivo,Dresses,Midi & Capri Dresses,Retired,2350.0,1.0,0,0,2,3
V0125005,Vivo Yene One Shoulder Kaftan,Vivo Yene One Shoulder Kaftan - Black,V0125005BLAS/M,60051171,Vivo,Dresses,Maxi Dresses,Retired,2250.0,0,0,0,1,1
V0125005,Vivo Yene One Shoulder Kaftan,Vivo Yene One Shoulder Kaftan - Black,V0125005BLAL/1X,60051170,Vivo,Dresses,Maxi Dresses,Retired,2250.0,1.0,0,0,3,4
V0125005,Vivo Yene One Shoulder Kaftan,Vivo Yene One Soulder Kaftan - Hot Pink,V0125005HPINL/1X,60051317,Vivo,Dresses,Maxi Dresses,Retired,2250.0,1.0,1.0,0,2,4
V0125005,Vivo Yene One Shoulder Kaftan,Vivo Yene One Soulder Kaftan - Royal Blue,V0125005ROYBL/1X,60051315,Vivo,Dresses,Maxi Dresses,Retired,2250.0,0,2.0,0,1,3
V0125008,Vivo Yene Asymmetrical Cape Top,Vivo Yene Asymmetrical Cape Top - Black,V0125008BLAL/1X,60051423,Vivo,Tops,Loose Tops,Retired,1450.0,1.0,0,0,0,1
V0125008,Vivo Yene Asymmetrical Cape Top,Vivo Yene Asymmetrical Cape Top - Navy,V0125008NAVL/1X,60051421,Vivo,Tops,Loose Tops,Retired,1450.0,0,0,0,1,1
V0125032,Vivo Yene Jumpsuit,Vivo Yene Jumpsuit - White / Burgundy Shibori Print,V0125032PR21X,60051342,Vivo,Bottoms,Jumpsuits & Playsuits,Retired,3850.0,0,0,0,1,1
V0125032,Vivo Yene Jumpsuit,Vivo Yene Jumpsuit - White / Burgundy Shibori Print,V0125032PR2L,60051341,Vivo,Bottoms,Jumpsuits & Playsuits,Retired,3850.0,0,0,1,0,1
V0125032,Vivo Yene Jumpsuit,Vivo Yene Jumpsuit - White / Burgundy Shibori Print,V0125032PR2S,60051339,Vivo,Bottoms,Jumpsuits & Playsuits,Retired,3850.0,0,0,2,0,2
V0125032,Vivo Yene Jumpsuit,Vivo Yene Jumpsuit - White / Teal Shibori Print,V0125032PR1S,60051331,Vivo,Bottoms,Jumpsuits & Playsuits,Retired,2250.0,0,0,1.0,0,1
V0125033,Vivo Yene Front Tie Tunic Top,Vivo Yene Front Tie Tunic Top - Green,V0125033GRNS,60051137,Vivo,Tops,Fitted Tops,Retired,1750.0,0,0,0,2,2
V0125033,Vivo Yene Front Tie Tunic Top,Vivo Yene Front Tie Tunic Top - Green,V0125033GRN1X,60051140,Vivo,Tops,Fitted Tops,Retired,1750.0,0,0,0,1,1
V0125033,Vivo Yene Front Tie Tunic Top,Vivo Yene Front Tie Tunic Top - Grey / Purple Tunu Print,V0125033PR3M,60054755,Vivo,Tops,Fitted Tops,Retired,2450.0,2.0,0,0,0,2
V0125033,Vivo Yene Front Tie Tunic Top,Vivo Yene Front Tie Tunic Top - Grey / Purple Tunu Print,V0125033PR3L,60054756,Vivo,Tops,Fitted Tops,Retired,2450.0,0,0,1,0,1
V0125033,Vivo Yene Front Tie Tunic Top,Vivo Yene Front Tie Tunic Top - Grey / Purple Tunu Print,V0125033PR3S,60054754,Vivo,Tops,Fitted Tops,Retired,2450.0,0,0,3,0,3
V0125033,Vivo Yene Front Tie Tunic Top,Vivo Yene Front Tie Tunic Top - Mint / Lilac Lora Print,V0125033PR5L,60054764,Vivo,Tops,Fitted Tops,Retired,3550.0,0,0,0,1,1
V0125033,Vivo Yene Front Tie Tunic Top,Vivo Yene Front Tie Tunic Top - Mint / Lilac Lora Print,V0125033PR51X,60054765,Vivo,Tops,Fitted Tops,Retired,3550.0,0,0,0,1,1
V0125033,Vivo Yene Front Tie Tunic Top,Vivo Yene Front Tie Tunic Top - Mint / Lilac Lora Print,V0125033PR5S,60054762,Vivo,Tops,Fitted Tops,Retired,3550.0,0,0,0,1,1
V0125033,Vivo Yene Front Tie Tunic Top,Vivo Yene Front Tie Tunic Top - Mint / Lilac Lora Print,V0125033PR5M,60054763,Vivo,Tops,Fitted Tops,Retired,3550.0,3.0,0,0,1,4
V0125033,Vivo Yene Front Tie Tunic Top,Vivo Yene Front Tie Tunic Top - Taupe / Cream Tunu Print,V0125033PR4L,60054760,Vivo,Tops,Fitted Tops,Retired,3550.0,0,0,0,1,1
V0125033,Vivo Yene Front Tie Tunic Top,Vivo Yene Front Tie Tunic Top - Teal,V0125033TEAL,60051151,Vivo,Tops,Fitted Tops,Retired,1650.0,0,0,1.0,1,2
V0125036,Vivo Isabi Cowl Top,Vivo Isabi Cowl Top - Black,V0125036BLAM,60052940,Vivo,Tops,Fitted Tops,Retired,1750.0,1.0,1.0,0,0,2
V0125036,Vivo Isabi Cowl Top,Vivo Isabi Cowl Top - Orange / Black Tiki Print,V0125036PR2M,60052948,Vivo,Tops,Fitted Tops,Retired,2550.0,0,3.0,0,1,4
V0125047,Vivo Seli Strappy Tent Top,Vivo Seli Strappy Tent Top - Black,V0125047BLAL,60051222,Vivo,Tops,Loose Tops,Retired,750.0,1.0,2.0,5.0,2,10
V0125047,Vivo Seli Strappy Tent Top,Vivo Seli Strappy Tent Top - Black,V0125047BLAM,60051221,Vivo,Tops,Loose Tops,Retired,750.0,0,4.0,1.0,2,7
V0125047,Vivo Seli Strappy Tent Top,Vivo Seli Strappy Tent Top - Black,V0125047BLAS,60051220,Vivo,Tops,Loose Tops,Retired,750.0,0,7.0,3.0,0,10
V0125047,Vivo Seli Strappy Tent Top,Vivo Seli Strappy Tent Top - Black,V0125047BLA1X,60051223,Vivo,Tops,Loose Tops,Retired,750.0,0,1.0,4.0,1,6
V0125047,Vivo Seli Strappy Tent Top,Vivo Seli Strappy Tent Top - White / Black Esli Print,V0125047PR1L,60051226,Vivo,Tops,Loose Tops,Retired,750.0,2.0,4.0,2.0,3,11
V0125047,Vivo Seli Strappy Tent Top,Vivo Seli Strappy Tent Top - White / Black Esli Print,V0125047PR1S,60051224,Vivo,Tops,Loose Tops,Retired,750.0,2.0,2.0,2.0,1,7
V0125047,Vivo Seli Strappy Tent Top,Vivo Seli Strappy Tent Top - White / Black Esli Print,V0125047PR1M,60051225,Vivo,Tops,Loose Tops,Retired,750.0,1.0,1.0,3.0,1,6
V0125047,Vivo Seli Strappy Tent Top,Vivo Seli Strappy Tent Top - White / Black Esli Print,V0125047PR11X,60051227,Vivo,Tops,Loose Tops,Retired,750.0,0,0,0,1,1
V0125062,Vivo Isabi Bodysuit,Vivo Isabi Bodysuit - White,V0125062WHIS,60052482,Vivo,Tops,Bodysuits,Retired,2250.0,1.0,0,0,2,3
V0126037,Vivo Basic Knee Length Dress In Chiffon,Vivo Basic Knee Length Dress In Chiffon - Black / Cream Print   ,V0126037PR42X,60065500,Vivo,Dresses,Knee Length Dresses,Retired,5500.0,0,0,1.0,0,1
V0126037,Vivo Basic Knee Length Dress In Chiffon,Vivo Basic Knee Length Dress In Chiffon - Black / Cream Print   ,V0126037PR4S,60065496,Vivo,Dresses,Knee Length Dresses,Retired,5500.0,0,0,6.0,1,7
V0126037,Vivo Basic Knee Length Dress In Chiffon,Vivo Basic Knee Length Dress In Chiffon - Black / Cream Print   ,V0126037PR41X,60065499,Vivo,Dresses,Knee Length Dresses,Retired,5500.0,0,0,1,0,1
V0126037,Vivo Basic Knee Length Dress In Chiffon,Vivo Basic Knee Length Dress In Chiffon - Black / Cream Print   ,V0126037PR4L,60065498,Vivo,Dresses,Knee Length Dresses,Retired,5500.0,1.0,0,4.0,0,5
V0126037,Vivo Basic Knee Length Dress In Chiffon,Vivo Basic Knee Length Dress In Chiffon - Black / Cream Print   ,V0126037PR4M,60065497,Vivo,Dresses,Knee Length Dresses,Retired,5500.0,0,0,2,0,2
V0126037,Vivo Basic Knee Length Dress In Chiffon,Vivo Basic Knee Length Dress In Chiffon - Black / White Print  ,V0126037PR72X,60065515,Vivo,Dresses,Knee Length Dresses,Retired,5500.0,0,0,1.0,0,1
V0126037,Vivo Basic Knee Length Dress In Chiffon,Vivo Basic Knee Length Dress In Chiffon - Black / White Print  ,V0126037PR7L,60065513,Vivo,Dresses,Knee Length Dresses,Retired,5500.0,1.0,0,3.0,1,5
V0126037,Vivo Basic Knee Length Dress In Chiffon,Vivo Basic Knee Length Dress In Chiffon - Black / White Print  ,V0126037PR7S,60065511,Vivo,Dresses,Knee Length Dresses,Retired,5500.0,1.0,0,1.0,1,3
V0126037,Vivo Basic Knee Length Dress In Chiffon,Vivo Basic Knee Length Dress In Chiffon - Black / White Print  ,V0126037PR7M,60065512,Vivo,Dresses,Knee Length Dresses,Retired,5500.0,0,0,5.0,0,5
V0126037,Vivo Basic Knee Length Dress In Chiffon,Vivo Basic Knee Length Dress In Chiffon - Brown / Cream Print ,V0126037PR21X,60065489,Vivo,Dresses,Knee Length Dresses,Retired,5500.0,0,0,1.0,0,1
V0126037,Vivo Basic Knee Length Dress In Chiffon,Vivo Basic Knee Length Dress In Chiffon - Brown / Cream Print ,V0126037PR2S,60065486,Vivo,Dresses,Knee Length Dresses,Retired,5500.0,1.0,0,4.0,2,7
V0126037,Vivo Basic Knee Length Dress In Chiffon,Vivo Basic Knee Length Dress In Chiffon - Brown / Cream Print ,V0126037PR2M,60065487,Vivo,Dresses,Knee Length Dresses,Retired,5500.0,0,0,3.0,0,3
V0126037,Vivo Basic Knee Length Dress In Chiffon,Vivo Basic Knee Length Dress In Chiffon - Brown / Cream Print ,V0126037PR22X,60065490,Vivo,Dresses,Knee Length Dresses,Retired,5500.0,0,0,0,1,1
V0126037,Vivo Basic Knee Length Dress In Chiffon,Vivo Basic Knee Length Dress In Chiffon - Brown / Cream Print ,V0126037PR2L,60065488,Vivo,Dresses,Knee Length Dresses,Retired,5500.0,1.0,0,4.0,0,5
V0126037,Vivo Basic Knee Length Dress In Chiffon,Vivo Basic Knee Length Dress In Chiffon - Green / Cream Print  ,V0126037PR3S,60065491,Vivo,Dresses,Knee Length Dresses,Retired,5500.0,1.0,0,9.0,1,11
V0126037,Vivo Basic Knee Length Dress In Chiffon,Vivo Basic Knee Length Dress In Chiffon - Green / Cream Print  ,V0126037PR32X,60065495,Vivo,Dresses,Knee Length Dresses,Retired,5500.0,0,0,2.0,1,3
V0126037,Vivo Basic Knee Length Dress In Chiffon,Vivo Basic Knee Length Dress In Chiffon - Green / Cream Print  ,V0126037PR3M,60065492,Vivo,Dresses,Knee Length Dresses,Retired,5500.0,0,0,6.0,0,6
V0126037,Vivo Basic Knee Length Dress In Chiffon,Vivo Basic Knee Length Dress In Chiffon - Green / Cream Print  ,V0126037PR3L,60065493,Vivo,Dresses,Knee Length Dresses,Retired,5500.0,0,0,6.0,0,6
V0126037,Vivo Basic Knee Length Dress In Chiffon,Vivo Basic Knee Length Dress In Chiffon - Light Green / Cream Print,V0126037PR12X,60065485,Vivo,Dresses,Knee Length Dresses,Retired,5500.0,1.0,0,0,0,1
V0126037,Vivo Basic Knee Length Dress In Chiffon,Vivo Basic Knee Length Dress In Chiffon - Light Green / Cream Print,V0126037PR1L,60065483,Vivo,Dresses,Knee Length Dresses,Retired,5500.0,0,0,5.0,0,5
V0126037,Vivo Basic Knee Length Dress In Chiffon,Vivo Basic Knee Length Dress In Chiffon - Light Green / Cream Print,V0126037PR1M,60065482,Vivo,Dresses,Knee Length Dresses,Retired,5500.0,0,0,2.0,0,2
V0126037,Vivo Basic Knee Length Dress In Chiffon,Vivo Basic Knee Length Dress In Chiffon - Light Green / Cream Print,V0126037PR11X,60065484,Vivo,Dresses,Knee Length Dresses,Retired,5500.0,0,0,1,0,1
V0126037,Vivo Basic Knee Length Dress In Chiffon,Vivo Basic Knee Length Dress In Chiffon - Light Green / Cream Print,V0126037PR1S,60065481,Vivo,Dresses,Knee Length Dresses,Retired,5500.0,0,0,7.0,1,8
V0126037,Vivo Basic Knee Length Dress In Chiffon,Vivo Basic Knee Length Dress In Chiffon - Lilac,V0126037LILS,60063809,Vivo,Dresses,Knee Length Dresses,Retired,5500.0,13.0,0,2.0,2,17
V0126037,Vivo Basic Knee Length Dress In Chiffon,Vivo Basic Knee Length Dress In Chiffon - Lilac,V0126037LILL,60063811,Vivo,Dresses,Knee Length Dresses,Retired,5500.0,14.0,0,0,2,16
V0126037,Vivo Basic Knee Length Dress In Chiffon,Vivo Basic Knee Length Dress In Chiffon - Lilac,V0126037LILM,60063810,Vivo,Dresses,Knee Length Dresses,Retired,5500.0,30.0,0,5.0,2,37
V0126037,Vivo Basic Knee Length Dress In Chiffon,Vivo Basic Knee Length Dress In Chiffon - Lilac,V0126037LIL1X,60063812,Vivo,Dresses,Knee Length Dresses,Retired,5500.0,12.0,0,0,1,13
V0126037,Vivo Basic Knee Length Dress In Chiffon,Vivo Basic Knee Length Dress In Chiffon - Lilac,V0126037LIL2X,60063813,Vivo,Dresses,Knee Length Dresses,Retired,5500.0,4.0,0,0,1,5
V0126037,Vivo Basic Knee Length Dress In Chiffon,Vivo Basic Knee Length Dress In Chiffon - Maroon / Beige Print    ,V0126037PR5L,60065503,Vivo,Dresses,Knee Length Dresses,Retired,5500.0,0,0,2.0,1,3
V0126037,Vivo Basic Knee Length Dress In Chiffon,Vivo Basic Knee Length Dress In Chiffon - Off White,V0126037OWHI1X,60063827,Vivo,Dresses,Knee Length Dresses,Retired,5500.0,0,0,7.0,1,8
V0126037,Vivo Basic Knee Length Dress In Chiffon,Vivo Basic Knee Length Dress In Chiffon - Off White,V0126037OWHIS,60063824,Vivo,Dresses,Knee Length Dresses,Retired,5500.0,0,0,4.0,2,6
V0126037,Vivo Basic Knee Length Dress In Chiffon,Vivo Basic Knee Length Dress In Chiffon - Off White,V0126037OWHI2X,60063828,Vivo,Dresses,Knee Length Dresses,Retired,5500.0,1.0,0,0,1,2
V0126037,Vivo Basic Knee Length Dress In Chiffon,Vivo Basic Knee Length Dress In Chiffon - Off White,V0126037OWHIL,60063826,Vivo,Dresses,Knee Length Dresses,Retired,5500.0,1.0,0,5.0,1,7
V0126037,Vivo Basic Knee Length Dress In Chiffon,Vivo Basic Knee Length Dress In Chiffon - Off White,V0126037OWHIM,60063825,Vivo,Dresses,Knee Length Dresses,Retired,5500.0,3.0,0,11.0,1,15
V0126037,Vivo Basic Knee Length Dress In Chiffon,Vivo Basic Knee Length Dress In Chiffon - Orange,V0126037ORAS,60063819,Vivo,Dresses,Knee Length Dresses,Retired,5500.0,1.0,0,10.0,1,12
V0126037,Vivo Basic Knee Length Dress In Chiffon,Vivo Basic Knee Length Dress In Chiffon - Orange,V0126037ORAL,60063821,Vivo,Dresses,Knee Length Dresses,Retired,5500.0,0,0,5.0,2,7
V0126037,Vivo Basic Knee Length Dress In Chiffon,Vivo Basic Knee Length Dress In Chiffon - Orange,V0126037ORA1X,60063822,Vivo,Dresses,Knee Length Dresses,Retired,5500.0,0,0,4.0,0,4
V0126037,Vivo Basic Knee Length Dress In Chiffon,Vivo Basic Knee Length Dress In Chiffon - Orange,V0126037ORA2X,60063823,Vivo,Dresses,Knee Length Dresses,Retired,5500.0,0,0,1.0,0,1
V0126037,Vivo Basic Knee Length Dress In Chiffon,Vivo Basic Knee Length Dress In Chiffon - Orange,V0126037ORAM,60063820,Vivo,Dresses,Knee Length Dresses,Retired,5500.0,0,0,16.0,1,17
V0126037,Vivo Basic Knee Length Dress In Chiffon,Vivo Basic Knee Length Dress In Chiffon - Sea Green,V0126037SGRN1X,60063817,Vivo,Dresses,Knee Length Dresses,Retired,5500.0,12.0,0,7.0,1,20
V0126037,Vivo Basic Knee Length Dress In Chiffon,Vivo Basic Knee Length Dress In Chiffon - Sea Green,V0126037SGRNL,60063816,Vivo,Dresses,Knee Length Dresses,Retired,5500.0,12.0,0,5.0,1,18
V0126037,Vivo Basic Knee Length Dress In Chiffon,Vivo Basic Knee Length Dress In Chiffon - Sea Green,V0126037SGRNS,60063814,Vivo,Dresses,Knee Length Dresses,Retired,5500.0,13.0,0,5.0,2,20
V0126037,Vivo Basic Knee Length Dress In Chiffon,Vivo Basic Knee Length Dress In Chiffon - Sea Green,V0126037SGRNM,60063815,Vivo,Dresses,Knee Length Dresses,Retired,5500.0,30.0,0,5.0,2,37
V0126037,Vivo Basic Knee Length Dress In Chiffon,Vivo Basic Knee Length Dress In Chiffon - Sea Green,V0126037SGRN2X,60063818,Vivo,Dresses,Knee Length Dresses,Retired,5500.0,4.0,0,4.0,1,9
V0220007,Vivo Basic Double Layered Long Sleeved Bodysuit,Vivo Basic Double Layered Long Sleeved Bodysuit - Deep Teal,V0220007DTEAXL,60017536,Vivo,Tops,Bodysuits,Retired,2000.0,2.0,0,0,0,2
V0220007,Vivo Basic Double Layered Long Sleeved Bodysuit,Vivo Basic Double Layered Long Sleeved Bodysuit - Green,V0220007GREM,60029973,Vivo,Tops,Bodysuits,Retired,2900.0,4.0,0,0,2,6
V0220007,Vivo Basic Double Layered Long Sleeved Bodysuit,Vivo Basic Double Layered Long Sleeved Bodysuit - Green,V0220007GRES,60029972,Vivo,Tops,Bodysuits,Retired,2900.0,0,0,0,1,1
V0220007,Vivo Basic Double Layered Long Sleeved Bodysuit,Vivo Basic Double Layered Long Sleeved Bodysuit - Mustard,V0220007MUSL,40016067,Vivo,Tops,Bodysuits,Retired,1450.0,0,0,1.0,0,1
V0220007,Vivo Basic Double Layered Long Sleeved Bodysuit,Vivo Basic Double Layered Long Sleeved Bodysuit - Red,V0220007REDL,60054118,Vivo,Tops,Bodysuits,Retired,2050.0,0,0,1,0,1
V0220007,Vivo Basic Double Layered Long Sleeved Bodysuit,Vivo Basic Double Layered Long Sleeved Bodysuit - Red,V0220007REDS,60054116,Vivo,Tops,Bodysuits,Retired,2050.0,0,0,1,0,1
V0220007,Vivo Basic Double Layered Long Sleeved Bodysuit,Vivo Basic Double Layered Long Sleeved Bodysuit - Red,V0220007REDM,60054117,Vivo,Tops,Bodysuits,Retired,2050.0,0,0,1,0,1
V0220007,Vivo Basic Double Layered Long Sleeved Bodysuit,Vivo Basic Double Layered Long Sleeved Bodysuit - Rust,V0220007RUSL,60054114,Vivo,Tops,Bodysuits,Retired,2900.0,1.0,0,0,1,2
V0220007,Vivo Basic Double Layered Long Sleeved Bodysuit,Vivo Basic Double Layered Long Sleeved Bodysuit - Rust,V0220007RUSS,60054112,Vivo,Tops,Bodysuits,Retired,2900.0,6.0,0,1.0,1,8
V0220007,Vivo Basic Double Layered Long Sleeved Bodysuit,Vivo Everyday Long Sleeved Double Layered Bodysuit - Dark Mustard,V0220007DAMM,60056734,Vivo,Tops,Bodysuits,Retired,2050.0,0,0,3,0,3
V0220007,Vivo Basic Double Layered Long Sleeved Bodysuit,Vivo Everyday Long Sleeved Double Layered Bodysuit - Dark Mustard,V0220007DAMS,60056733,Vivo,Tops,Bodysuits,Retired,2050.0,0,0,1,0,1
V0220007,Vivo Basic Double Layered Long Sleeved Bodysuit,Vivo Everyday Long Sleeved Double Layered Bodysuit - Dark Teal,V0220007DATL,60056777,Vivo,Tops,Bodysuits,Retired,2900.0,0,0,0,1,1
V0220007,Vivo Basic Double Layered Long Sleeved Bodysuit,Vivo Everyday Long Sleeved Double Layered Bodysuit - Dark Teal,V0220007DATS,60056775,Vivo,Tops,Bodysuits,Retired,2900.0,0,0,0,2,2
V0220007,Vivo Basic Double Layered Long Sleeved Bodysuit,Vivo Everyday Long Sleeved Double Layered Bodysuit - Dark Teal,V0220007DAT1X,60056778,Vivo,Tops,Bodysuits,Retired,2900.0,0,0,0,1,1
V0220053,Vivo Basic May Jersey Waterfall,Vivo Basic May Jersey Waterfall - Burgundy,V0220053BURL/XL,40012279,Vivo,Outerwear,Waterfalls & Kimonos,Retired,1050.0,2.0,0,0,0,2
V0220053,Vivo Basic May Jersey Waterfall,Vivo Basic May Jersey Waterfall - Mustard,V0220053MUSS/M,50008796,Vivo,Outerwear,Waterfalls & Kimonos,Retired,1050.0,0,0,1.0,0,1
V0220053,Vivo Basic May Jersey Waterfall,Vivo Basic May Jersey Waterfall - Orange,V0220053ORA1X/2X,60041148,Vivo,Outerwear,Waterfalls & Kimonos,Retired,1050.0,1.0,0,0,0,1
V0220053,Vivo Basic May Jersey Waterfall,Vivo Basic May Jersey Waterfall - White,V0220053WHIS/M,60011813,Vivo,Outerwear,Waterfalls & Kimonos,Retired,1050.0,0,0,1.0,0,1
V0220060,Zoya Capri Leggings,Zoya Capri Leggings - Deep Teal,V0220060DTEAS,60026663,Zoya,Bottoms,Leggings,Retired,350.0,0,0,2.0,0,2
V0222098,Vivo Faraji Long Sleeve Jacket,Vivo Faraji Long Sleeve Jacket - Burgundy,V0222098BURM,60042377,Vivo,Outerwear,Jackets & Coats,Retired,1450.0,0,0,1.0,0,1
V0222135,Vivo Basic Straight Skirt,Vivo Basic Straight Skirt - Navy Blue,V0222135NABS,60030733,Vivo,Skirts,Knee Length Skirts,Retired,1150.0,0,0,1.0,0,1
V0223139,Vivo Izzy Satin Bishop Sleeve Top,Vivo Basic Izzy Satin Bishop Sleeve Top - Dark Teal,V0223139DTEAL,60054170,Vivo,Tops,Fitted Tops,Retired,2450.0,6.0,0,2.0,0,8
V0223139,Vivo Izzy Satin Bishop Sleeve Top,Vivo Basic Izzy Satin Bishop Sleeve Top - Dark Teal,V0223139DTEAM,60054169,Vivo,Tops,Fitted Tops,Retired,2450.0,20.0,0,1.0,2,23
V0223139,Vivo Izzy Satin Bishop Sleeve Top,Vivo Basic Izzy Satin Bishop Sleeve Top - Dark Teal,V0223139DTEAS,60054168,Vivo,Tops,Fitted Tops,Retired,2450.0,4.0,0,3.0,2,9
V0223139,Vivo Izzy Satin Bishop Sleeve Top,Vivo Izzy Satin Bishop Sleeve Top - Black,V0223139BLAS,60025134,Vivo,Tops,Fitted Tops,Retired,2450.0,0,0,0,1,1
V0223139,Vivo Izzy Satin Bishop Sleeve Top,Vivo Izzy Satin Bishop Sleeve Top - Dark Purple,V0223139DPURM,60054194,Vivo,Tops,Fitted Tops,Retired,2450.0,1.0,0,0,1,2
V0223139,Vivo Izzy Satin Bishop Sleeve Top,Vivo Izzy Satin Bishop Sleeve Top - Hot Pink,V0223139HOP1X,60051710,Vivo,Tops,Fitted Tops,Retired,1250.0,0,0,0,1,1
V0223139,Vivo Izzy Satin Bishop Sleeve Top,Vivo Izzy Satin Bishop Sleeve Top - Light Purple,V0223139LPURM,60054179,Vivo,Tops,Fitted Tops,Retired,2450.0,0,0,0,1,1
V0223139,Vivo Izzy Satin Bishop Sleeve Top,Vivo Izzy Satin Bishop Sleeve Top - Light Purple,V0223139LPURS,60054178,Vivo,Tops,Fitted Tops,Retired,2450.0,1.0,0,0,1,2
V0223139,Vivo Izzy Satin Bishop Sleeve Top,Vivo Izzy Satin Bishop Sleeve Top - Lilac,V0223139LILL,60054185,Vivo,Tops,Fitted Tops,Retired,3500.0,1.0,0,0,0,1
V0223139,Vivo Izzy Satin Bishop Sleeve Top,Vivo Izzy Satin Bishop Sleeve Top - Lime,V0223139LIMM,60054189,Vivo,Tops,Fitted Tops,Retired,3500.0,2.0,0,0,1,3
V0223139,Vivo Izzy Satin Bishop Sleeve Top,Vivo Izzy Satin Bishop Sleeve Top - Lime,V0223139LIMS,60054188,Vivo,Tops,Fitted Tops,Retired,3500.0,1.0,0,0,1,2
V0223139,Vivo Izzy Satin Bishop Sleeve Top,Vivo Izzy Satin Bishop Sleeve Top - Navy Blue,V0223139NABM,60015242,Vivo,Tops,Fitted Tops,Retired,2450.0,0,0,1,1,2
V0223139,Vivo Izzy Satin Bishop Sleeve Top,Vivo Izzy Satin Bishop Sleeve Top - Navy Blue,V0223139NABL,60015243,Vivo,Tops,Fitted Tops,Retired,2450.0,1.0,0,0,1,2
V0223139,Vivo Izzy Satin Bishop Sleeve Top,Vivo Izzy Satin Bishop Sleeve Top - Sea Green,V0223139SGRNM,60054174,Vivo,Tops,Fitted Tops,Retired,3500.0,3.0,0,0,1,4
V0223139,Vivo Izzy Satin Bishop Sleeve Top,Vivo Izzy Satin Bishop Sleeve Top - Sea Green,V0223139SGRNS,60054173,Vivo,Tops,Fitted Tops,Retired,3500.0,1.0,0,0,1,2
V0223139,Vivo Izzy Satin Bishop Sleeve Top,Vivo Izzy Satin Bishop Sleeve Top - Sea Green,V0223139SGRNL,60054175,Vivo,Tops,Fitted Tops,Retired,3500.0,1.0,0,0,1,2
V0223140,Vivo Basic Nalia Satin High Low Top,Vivo Basic Nalia Satin High Low Top - Lime,V0223140LIML/1X,60032544,Vivo,Tops,Loose Tops,Retired,750.0,0,0,0,1,1
V0223222,Vivo Fasi Strapless Top,Vivo Fasi Strapless Top - Navy Blue,V0223222NABM,60017135,Vivo,Tops,Fitted Tops,Retired,250.0,0,0,1.0,0,1
V0223225,Vivo Basic Open Kaftan,Vivo Basic Open Kaftan - Light Green / Dark Green Print,V0223225PR26F,60060768,Vivo,Outerwear,Waterfalls & Kimonos,Retired,5500.0,15.0,0,5,2,22
V0223225,Vivo Basic Open Kaftan,Vivo Basic Open Kaftan - Light Green / Rust Print,V0223225PR27F,60060769,Vivo,Outerwear,Waterfalls & Kimonos,Retired,5500.0,3.0,0,4,2,9
V0223225,Vivo Basic Open Kaftan,Vivo Basic Open Kaftan - Lime / Dark Green Print,V0223225PR28F,60060770,Vivo,Outerwear,Waterfalls & Kimonos,Retired,5500.0,1.0,1.0,3.0,1,6
V0223225,Vivo Basic Open Kaftan,Vivo Basic Open Kaftan - Mustard / Black Print,V0223225PR23F,60057399,Vivo,Outerwear,Waterfalls & Kimonos,Retired,5500.0,0,0,0,1,1
V0223225,Vivo Basic Open Kaftan,Vivo Basic Open Kaftan - Navy Blue / Mustard Print,V0223225PR24F,60057400,Vivo,Outerwear,Waterfalls & Kimonos,Retired,5500.0,0,0,2.0,1,3
V0223225,Vivo Basic Open Kaftan,Vivo Basic Open Kaftan - Yellow / Chocolate Print,V0223225PR25F,60060767,Vivo,Outerwear,Waterfalls & Kimonos,Retired,5500.0,7.0,0,5.0,0,12
V0223225,Vivo Basic Open Kaftan,Vivo Scalloped Kimono in Crepe - Beige / Grey Print ,V0223225PR31F,60064169,Vivo,Outerwear,Waterfalls & Kimonos,Retired,5500.0,0,0,2,1,3
V0223225,Vivo Basic Open Kaftan,Vivo Scalloped Kimono in Crepe - Black / Grey Print,V0223225PR29F,60064167,Vivo,Outerwear,Waterfalls & Kimonos,Retired,5500.0,0,0,2.0,1,3
V0223225,Vivo Basic Open Kaftan,Vivo Scalloped Kimono in Crepe - Blue / Brown Print    ,V0223225PR41F,60064179,Vivo,Outerwear,Waterfalls & Kimonos,Retired,5500.0,0,0,0,1,1
V0223225,Vivo Basic Open Kaftan,Vivo Scalloped Kimono in Crepe - Brown / Grey Print  ,V0223225PR32F,60064170,Vivo,Outerwear,Waterfalls & Kimonos,Retired,5500.0,4.0,0,0,3,7
V0223225,Vivo Basic Open Kaftan,Vivo Scalloped Kimono in Crepe - Brown / Tan Print   ,V0223225PR40F,60064178,Vivo,Outerwear,Waterfalls & Kimonos,Retired,5500.0,3.0,0,0,1,4
V0223225,Vivo Basic Open Kaftan,Vivo Scalloped Kimono in Crepe - Brown / Teal Print  ,V0223225PR37F,60064175,Vivo,Outerwear,Waterfalls & Kimonos,Retired,5500.0,1.0,0,0,1,2
V0223225,Vivo Basic Open Kaftan,Vivo Scalloped Kimono in Crepe - Dusty Pink / Olive Print  ,V0223225PR34F,60064172,Vivo,Outerwear,Waterfalls & Kimonos,Retired,5500.0,3.0,0,3.0,2,8
V0223225,Vivo Basic Open Kaftan,Vivo Scalloped Kimono in Crepe - Maroon / Sage Print,V0223225PR35F,60064173,Vivo,Outerwear,Waterfalls & Kimonos,Retired,5500.0,0,0,2.0,3,5
V0223225,Vivo Basic Open Kaftan,Vivo Scalloped Kimono in Crepe - Mint / Tan Print  ,V0223225PR39F,60064177,Vivo,Outerwear,Waterfalls & Kimonos,Retired,5500.0,0,0,6.0,0,6
V0223225,Vivo Basic Open Kaftan,Vivo Scalloped Kimono in Crepe - Mulberry / Cream Print   ,V0223225PR38F,60064176,Vivo,Outerwear,Waterfalls & Kimonos,Retired,5500.0,1.0,0,0,2,3
V0223225,Vivo Basic Open Kaftan,Vivo Scalloped Kimono in Crepe - Teal / Light Blue Print ,V0223225PR36F,60064174,Vivo,Outerwear,Waterfalls & Kimonos,Retired,5500.0,3.0,0,0,4,7
V0223225,Vivo Basic Open Kaftan,Vivo Scalloped Kimono in Crepe - Teal / Off White Print     ,V0223225PR42F,60064180,Vivo,Outerwear,Waterfalls & Kimonos,Retired,5500.0,0,0,0,1,1
V0224109,Vivo X This Is Essential Short Unitard,Vivo  X This Is Essential Short Unitard - Black,V0224109BLAXXS,60031822,Vivo,Bottoms,Jumpsuits & Playsuits,Retired,3250.0,3.0,4.0,0,2,9
V0224109,Vivo X This Is Essential Short Unitard,Vivo  X This Is Essential Short Unitard - Navy Blue,V0224109NABXXS,60034665,Vivo,Bottoms,Jumpsuits & Playsuits,Retired,3250.0,5.0,0,0,2,7
V0224125,Vivo Nala Shirt Dress,Vivo Nala Shirt Dress - Dark Navy Blue,V0224125DNABL,60048977,Vivo,Dresses,Knee Length Dresses,Retired,5750.0,0,0,0,1,1
V0224125,Vivo Nala Shirt Dress,Vivo Nala Shirt Dress - Dark Navy Blue,V0224125DNABM,60048976,Vivo,Dresses,Knee Length Dresses,Retired,5750.0,0,2.0,0,1,3
V0224125,Vivo Nala Shirt Dress,Vivo Nala Shirt Dress - Navy Blue,V0224125NABL,60048981,Vivo,Dresses,Knee Length Dresses,Retired,5750.0,0,1.0,0,1,2
V0224125,Vivo Nala Shirt Dress,Vivo Nala Shirt Dress - Navy Blue,V0224125NABM,60048980,Vivo,Dresses,Knee Length Dresses,Retired,5750.0,0,2.0,0,1,3
V0224125,Vivo Nala Shirt Dress,Vivo Nala Shirt Dress - Navy Blue,V0224125NAB1X,60048982,Vivo,Dresses,Knee Length Dresses,Retired,5750.0,0,0,0,1,1
V0224125,Vivo Nala Shirt Dress,Vivo Nala Shirt Dress - Navy Blue,V0224125NABS,60048979,Vivo,Dresses,Knee Length Dresses,Retired,5750.0,0,0,0,1,1
V0224125,Vivo Nala Shirt Dress,Vivo Nala Shirt Dress - Olive,V0224125OLIS,60033104,Vivo,Dresses,Knee Length Dresses,Retired,2720.0,0,0,0,1,1
V0224125,Vivo Nala Shirt Dress,Vivo Nala Shirt Dress - Teal,V0224125TEAM,60033109,Vivo,Dresses,Knee Length Dresses,Retired,5750.0,2.0,3.0,0,1,6
V0224125,Vivo Nala Shirt Dress,Vivo Nala Shirt Dress - Teal,V0224125TEAL,60033110,Vivo,Dresses,Knee Length Dresses,Retired,5750.0,0,0,0,1,1
V0224140,Vivo Vinna Escape A-Line Dress,Vivo Vinna Escape A-Line Dress - Hunters Green,V0224140HGNXS,60036358,Vivo,Dresses,Knee Length Dresses,Retired,1450.0,0,1.0,0,1,2
V0224140,Vivo Vinna Escape A-Line Dress,Vivo Vinna Escape A-Line Dress - Teal / Black,V0224140TEA/BLAXS,60036367,Vivo,Dresses,Knee Length Dresses,Retired,2400.0,0,0,1.0,0,1
V0224142,Vivo Vinna Slit Sleeve Top,Vivo Vinna Slit Sleeve Top - Grey / Navy Nina Print,V0224142PR13X,60035945,Vivo,Tops,Fitted Tops,Retired,1250.0,0,0,0,1,1
V0224142,Vivo Vinna Slit Sleeve Top,Vivo Vinna Slit Sleeve Top - Grey / Navy Nina Print,V0224142PR14X,60035946,Vivo,Tops,Fitted Tops,Retired,1250.0,0,0,0,1,1
V0224142,Vivo Vinna Slit Sleeve Top,Vivo Vinna Slit Sleeve Top - Hunters / Orange Nina Print,V0224142PR24X,60035954,Vivo,Tops,Fitted Tops,Retired,2450.0,0,0,1.0,0,1
V0224142,Vivo Vinna Slit Sleeve Top,Vivo Vinna Slit Sleeve Top - Hunters / Orange Nina Print,V0224142PR2XS,60035947,Vivo,Tops,Fitted Tops,Retired,2450.0,0,0,0,1,1
V0224142,Vivo Vinna Slit Sleeve Top,Vivo Vinna Slit Sleeve Top - Hunters / Orange Nina Print,V0224142PR23X,60035953,Vivo,Tops,Fitted Tops,Retired,2450.0,0,0,1,0,1
V0224142,Vivo Vinna Slit Sleeve Top,Vivo Vinna Slit Sleeve Top - White / Black,V0224142WHI3X,60035961,Vivo,Tops,Fitted Tops,Retired,3550.0,0,0,0,1,1
V0224142,Vivo Vinna Slit Sleeve Top,Vivo Vinna Slit Sleeve Top - White / Black,V0224142WHI2X,60035960,Vivo,Tops,Fitted Tops,Retired,3550.0,0,0,0,1,1
V0224142,Vivo Vinna Slit Sleeve Top,Vivo Vinna Slit Sleeve Top - White / Black,V0224142WHI4X,60035962,Vivo,Tops,Fitted Tops,Retired,3550.0,0,0,0,1,1
V0224213,Vivo Safiya Maxi Dress,Vivo Safiya Maxi Dress - Burgundy,V0224213BURF,60039246,Vivo,Dresses,Maxi Dresses,Retired,2950.0,1.0,0,0,0,1
V0224216,Vivo Safiya Gathered Shoulder Maxi Dress,Vivo Safiya Gathered Shoulder Maxi Dress - Navy,V0224216NAVL,60032993,Vivo,Dresses,Maxi Dresses,Retired,3400.0,0,2.0,0,1,3
V0224216,Vivo Safiya Gathered Shoulder Maxi Dress,Vivo Safiya Gathered Shoulder Maxi Dress - Navy,V0224216NAVS,60032991,Vivo,Dresses,Maxi Dresses,Retired,3400.0,0,1.0,1.0,1,3
V0224233,Vivo Reba Hi Low  Dress,Vivo Reba Hi Low  Dress  - Navy / White Print,V0224233PR8M,60049017,Vivo,Dresses,Knee Length Dresses,Retired,5950.0,0,0,0,1,1
V0224233,Vivo Reba Hi Low  Dress,Vivo Reba Hi Low  Dress  - Yellow / Navy Print,V0224233PR10S,60049040,Vivo,Dresses,Knee Length Dresses,Retired,5950.0,0,0,0,2,2
V0224233,Vivo Reba Hi Low  Dress,Vivo Reba Hi Low Dress - Navy / White Print,V0224233PR81X,60049019,Vivo,Dresses,Knee Length Dresses,Retired,4150.0,0,0,0,1,1
V0224238,Vivo 2-Way Wrap Top,Vivo 2-Way Wrap Top - Lira Print,V0224238PR3XS/S,60034976,Vivo,Tops,Fitted Tops,Retired,2250.0,0,0,0,1,1
V0224238,Vivo 2-Way Wrap Top,Vivo 2-Way Wrap Top - Neba Print,V0224238PR5M/L,60042675,Vivo,Tops,Fitted Tops,Retired,3250.0,0,0,0,1,1
V0224238,Vivo 2-Way Wrap Top,Vivo 2-Way Wrap Top - Neba Print,V0224238PR5XS,60042862,Vivo,Tops,Fitted Tops,Retired,3250.0,0,10.0,0,2,12
V0224238,Vivo 2-Way Wrap Top,Vivo 2-Way Wrap Top - Neba Print,V0224238PR5XS/S,60042674,Vivo,Tops,Fitted Tops,Retired,3250.0,0,0,0,1,1
V0224238,Vivo 2-Way Wrap Top,Vivo 2-Way Wrap Top - Obu Print,V0224238PR7XS/S,60043355,Vivo,Tops,Fitted Tops,Retired,3250.0,0,11.0,0,1,12
V0224238,Vivo 2-Way Wrap Top,Vivo 2-Way Wrap Top - Sipo Print,V0224238PR8XS/S,60043409,Vivo,Tops,Fitted Tops,Retired,3250.0,0,2.0,0,1,3
V0224240,Vivo Must Have Shorts,Vivo Must Have Shorts - Anga Print,V0224240PR14X,90002114,Vivo,Bottoms,Shorts & Skorts,Retired,3550.0,0,0,1,0,1
V0224240,Vivo Must Have Shorts,Vivo Must Have Shorts - Bukavu,V0224240PR3XS,60038328,Vivo,Bottoms,Shorts & Skorts,Retired,2450.0,0,0,0,1,1
V0224240,Vivo Must Have Shorts,Vivo Must Have Shorts - Hawi Print,V0224240PR23X,90002121,Vivo,Bottoms,Shorts & Skorts,Retired,2450.0,0,0,1,0,1
V0224240,Vivo Must Have Shorts,Vivo Must Have Shorts - Hawi Print,V0224240PR24X,90002122,Vivo,Bottoms,Shorts & Skorts,Retired,2450.0,0,0,1,0,1
V0224240,Vivo Must Have Shorts,Vivo Must Have Shorts - Hawi Print,V0224240PR2S,90002116,Vivo,Bottoms,Shorts & Skorts,Retired,2450.0,0,1.0,0,0,1
V0224240,Vivo Must Have Shorts,Vivo Must Have Shorts - Sai,V0224240SAIL,60042710,Vivo,Bottoms,Shorts & Skorts,Retired,2450.0,0,0,0,1,1
V0224240,Vivo Must Have Shorts,Vivo Must Have Shorts - Shama,V0224240SHAS,60042716,Vivo,Bottoms,Shorts & Skorts,Retired,3550.0,0,1.0,0,1,2
V0224240,Vivo Must Have Shorts,Vivo Must Have Shorts - Shama,V0224240SHAM,60042717,Vivo,Bottoms,Shorts & Skorts,Retired,3550.0,0,1.0,0,3,4
V0224240,Vivo Must Have Shorts,Vivo Must Have Shorts - Shama,V0224240SHAL,60042718,Vivo,Bottoms,Shorts & Skorts,Retired,3550.0,0,0,0,2,2
V0224240,Vivo Must Have Shorts,Vivo Must Have Shorts in Juba Print,V0224240JUBM,60042692,Vivo,Bottoms,Shorts & Skorts,Retired,2450.0,0,0,0,1,1
V0224241,Vivo Full Length Kimono,Vivo Full Length Kimono - Keri,V0224241PR10XS/S,60049403,Vivo,Outerwear,Waterfalls & Kimonos,Retired,5900.0,1.0,1.0,0,1,3
V0224241,Vivo Full Length Kimono,Vivo Full Length Kimono - Keri,V0224241PR101X/2X,60049405,Vivo,Outerwear,Waterfalls & Kimonos,Retired,5900.0,1.0,6.0,0,1,8
V0224241,Vivo Full Length Kimono,Vivo Full Length Kimono - Keri,V0224241PR10M/L,60049404,Vivo,Outerwear,Waterfalls & Kimonos,Retired,5900.0,0,2.0,1.0,3,6
V0224241,Vivo Full Length Kimono,Vivo Full Length Kimono - Keri,V0224241PR103X/4X,60049406,Vivo,Outerwear,Waterfalls & Kimonos,Retired,5900.0,0,0,0,1,1
V0224241,Vivo Full Length Kimono,Vivo Full Length Kimono - Maya,V0224241PR11M/L,60049408,Vivo,Outerwear,Waterfalls & Kimonos,Retired,5900.0,0,2.0,0,1,3
V0224241,Vivo Full Length Kimono,Vivo Full Length Kimono - Maya,V0224241PR11XS/S,60049407,Vivo,Outerwear,Waterfalls & Kimonos,Retired,5900.0,0,1.0,0,1,2
V0224241,Vivo Full Length Kimono,Vivo Full Length Kimono - Maya,V0224241PR113X/4X,60049410,Vivo,Outerwear,Waterfalls & Kimonos,Retired,5900.0,0,0,0,1,1
V0224241,Vivo Full Length Kimono,Vivo Full Length Kimono - Maya,V0224241PR111X/2X,60049409,Vivo,Outerwear,Waterfalls & Kimonos,Retired,5900.0,0,2.0,0,1,3
V0224250,Vivo Reversible Printed Poncho,Vivo Reversible Poncho without Fringes - Black / Off White Pepeo Print,V0923059PR34F,60069474,Vivo,Outerwear,Sweaters & Ponchos,Retired,6550.0,3.0,0,23.0,5,31
V0224250,Vivo Reversible Printed Poncho,Vivo Reversible Poncho without Fringes - Burnt Orange / Black Samba Print,V0923059PR14F,60042848,Vivo,Outerwear,Sweaters & Ponchos,Retired,6550.0,1.0,0,42.0,2,45
V0224250,Vivo Reversible Printed Poncho,Vivo Reversible Poncho without Fringes - Chocolate Brown / Taupe Samba Print,V0923059PR33F,60069473,Vivo,Outerwear,Sweaters & Ponchos,Retired,6550.0,3.0,0,27.0,4,34
V0224250,Vivo Reversible Printed Poncho,Vivo Reversible Poncho without Fringes - Emerald Green / Ivory Samba Print,V0923059PR15F,60042850,Vivo,Outerwear,Sweaters & Ponchos,Retired,6550.0,9.0,0,33.0,3,45
V0224250,Vivo Reversible Printed Poncho,Vivo Reversible Poncho without Fringes - Mustard / Black Pepeo Print,V0923059PR36F,60069476,Vivo,Outerwear,Sweaters & Ponchos,Retired,6550.0,2.0,0,26.0,3,31
V0224250,Vivo Reversible Printed Poncho,Vivo Reversible Poncho without Fringes - Mustard / Chocolate Brown Samba Print,V0923059PR13F,60042851,Vivo,Outerwear,Sweaters & Ponchos,Retired,6550.0,12.0,0,43.0,7,62
V0224250,Vivo Reversible Printed Poncho,Vivo Reversible Poncho without Fringes - Teal / Taupe Pepeo Print,V0923059PR35F,60069475,Vivo,Outerwear,Sweaters & Ponchos,Retired,6550.0,6.0,0,31.0,6,43
V0225003,Vivo Ayah Drawstring Pants,Vivo Ayah Drawstring Pants - Burnt Orange,V0225003BORM,60051962,Vivo,Bottoms,Full Length Pants,Retired,4900.0,0,0,0,1,1
V0225003,Vivo Ayah Drawstring Pants,Vivo Ayah Drawstring Pants - Burnt Orange,V0225003BOR1X,60051964,Vivo,Bottoms,Full Length Pants,Retired,4900.0,0,0,0,2,2
V0225003,Vivo Ayah Drawstring Pants,Vivo Ayah Drawstring Pants - Burnt Orange,V0225003BORL,60051963,Vivo,Bottoms,Full Length Pants,Retired,4900.0,0,0,0,1,1
V0225003,Vivo Ayah Drawstring Pants,Vivo Ayah Drawstring Pants - Chocolate,V0225003CHOL,60051950,Vivo,Bottoms,Full Length Pants,Retired,4900.0,0,0,0,1,1
V0225003,Vivo Ayah Drawstring Pants,Vivo Ayah Drawstring Pants - Chocolate,V0225003CHO1X,60051951,Vivo,Bottoms,Full Length Pants,Retired,4900.0,0,1.0,0,2,3
V0225003,Vivo Ayah Drawstring Pants,Vivo Ayah Drawstring Pants - Lilac,V0225003LILS,60051952,Vivo,Bottoms,Full Length Pants,Retired,4900.0,0,1.0,0,2,3
V0225003,Vivo Ayah Drawstring Pants,Vivo Ayah Drawstring Pants - Lilac,V0225003LIL1X,60051955,Vivo,Bottoms,Full Length Pants,Retired,4900.0,0,1.0,0,1,2
V0225003,Vivo Ayah Drawstring Pants,Vivo Ayah Drawstring Pants - Lilac,V0225003LILM,60051953,Vivo,Bottoms,Full Length Pants,Retired,4900.0,0,3.0,0,1,4
V0225003,Vivo Ayah Drawstring Pants,Vivo Ayah Drawstring Pants - Lilac,V0225003LILL,60051954,Vivo,Bottoms,Full Length Pants,Retired,4900.0,0,1.0,0,1,2
V0225003,Vivo Ayah Drawstring Pants,Vivo Ayah Drawstring Pants - Lilac / Orange Zani Print,V0225003PR31X,60057967,Vivo,Bottoms,Full Length Pants,Retired,3450.0,0,0,2,0,2
V0225003,Vivo Ayah Drawstring Pants,Vivo Ayah Drawstring Pants - Lilac / Orange Zani Print,V0225003PR3S,60057964,Vivo,Bottoms,Full Length Pants,Retired,3450.0,0,0,2,1,3
V0225003,Vivo Ayah Drawstring Pants,Vivo Ayah Drawstring Pants - Purple,V0225003PURL,60051959,Vivo,Bottoms,Full Length Pants,Retired,3450.0,0,0,0,3,3
V0225003,Vivo Ayah Drawstring Pants,Vivo Ayah Drawstring Pants - Purple,V0225003PURS,60051957,Vivo,Bottoms,Full Length Pants,Retired,3450.0,0,0,0,1,1
V0225003,Vivo Ayah Drawstring Pants,Vivo Ayah Drawstring Pants - Purple,V0225003PUR1X,60051960,Vivo,Bottoms,Full Length Pants,Retired,3450.0,0,0,0,1,1
V0225003,Vivo Ayah Drawstring Pants,Vivo Ayah Drawstring Pants -Green / Peach Zani Print,V0225003PR4M,60057969,Vivo,Bottoms,Full Length Pants,Retired,4900.0,0,0,2.0,0,2
V0225003,Vivo Ayah Drawstring Pants,Vivo Ayah Drawstring Pants -Green / Peach Zani Print,V0225003PR4L,60057970,Vivo,Bottoms,Full Length Pants,Retired,4900.0,0,0,0,1,1
V0225005,Vivo Ayah Shirred Neck Tent Maxi Dress,Vivo Ayah Shirred Neck Tent Maxi Dress - Black,V0225005BLAL,60052304,Vivo,Dresses,Maxi Dresses,Retired,4850.0,0,0,0,1,1
V0225005,Vivo Ayah Shirred Neck Tent Maxi Dress,Vivo Ayah Shirred Neck Tent Maxi Dress - Black,V0225005BLAM,60052303,Vivo,Dresses,Maxi Dresses,Retired,4850.0,0,0,0,1,1
V0225005,Vivo Ayah Shirred Neck Tent Maxi Dress,Vivo Ayah Shirred Neck Tent Maxi Dress - Dark Teal,V0225005DATS,60052306,Vivo,Dresses,Maxi Dresses,Retired,4850.0,0,0,0,1,1
V0225005,Vivo Ayah Shirred Neck Tent Maxi Dress,Vivo Ayah Shirred Neck Tent Maxi Dress - Yellow / Chocolate Yana Print,V0225005PR1M,60052311,Vivo,Dresses,Maxi Dresses,Retired,3350.0,0,0,1.0,0,1
V0225007,Vivo Ayah 3/4 Sleeve Jumpsuit,Vivo Ayah 3/4 Sleeve Jumpsuit - Dark Red,V0225007DARM,60052458,Vivo,Bottoms,Jumpsuits & Playsuits,Retired,1650.0,1.0,0,0,0,1
V0225007,Vivo Ayah 3/4 Sleeve Jumpsuit,Vivo Ayah 3/4 Sleeve Jumpsuit - Dark Red,V0225007DARS,60052457,Vivo,Bottoms,Jumpsuits & Playsuits,Retired,1650.0,0,0,0,1,1
V0225007,Vivo Ayah 3/4 Sleeve Jumpsuit,Vivo Ayah 3/4 Sleeve Jumpsuit - Navy,V0225007NAVS,60052461,Vivo,Bottoms,Jumpsuits & Playsuits,Retired,2350.0,0,1.0,1,0,2
V0225007,Vivo Ayah 3/4 Sleeve Jumpsuit,Vivo Ayah 3/4 Sleeve Jumpsuit - Navy,V0225007NAVL,60052463,Vivo,Bottoms,Jumpsuits & Playsuits,Retired,2350.0,0,0,1.0,0,1
V0225007,Vivo Ayah 3/4 Sleeve Jumpsuit,Vivo Ayah 3/4 Sleeve Jumpsuit - Navy,V0225007NAVM,60052462,Vivo,Bottoms,Jumpsuits & Playsuits,Retired,2350.0,0,0,0,1,1
V0225011,Vivo Niari straight leg Pants,Vivo Niari straight leg Pants - Black,V0225011BLAS,60053013,Vivo,Bottoms,Full Length Pants,Retired,3950.0,0,2.0,0,1,3
V0225011,Vivo Niari straight leg Pants,Vivo Niari straight leg Pants - Black,V0225011BLAM,60053014,Vivo,Bottoms,Full Length Pants,Retired,3950.0,1.0,0,0,1,2
V0225011,Vivo Niari straight leg Pants,Vivo Niari straight leg Pants - Green,V0225011GREM,60053018,Vivo,Bottoms,Full Length Pants,Retired,1950.0,0,1.0,0,1,2
V0225011,Vivo Niari straight leg Pants,Vivo Niari straight leg Pants - Green,V0225011GRES,60053017,Vivo,Bottoms,Full Length Pants,Retired,1950.0,0,0,1,0,1
V0225011,Vivo Niari straight leg Pants,Vivo Niari straight leg Pants - Maroon,V0225011MARL,60053011,Vivo,Bottoms,Full Length Pants,Retired,3950.0,0,0,0,1,1
V0225011,Vivo Niari straight leg Pants,Vivo Niari straight leg Pants - Maroon,V0225011MARM,60053010,Vivo,Bottoms,Full Length Pants,Retired,3950.0,0,5.0,0,2,7
V0225011,Vivo Niari straight leg Pants,Vivo Niari straight leg Pants - Maroon,V0225011MAR1X,60053012,Vivo,Bottoms,Full Length Pants,Retired,3950.0,1.0,0,0,1,2
V0225011,Vivo Niari straight leg Pants,Vivo Niari straight leg Pants - Maroon,V0225011MARS,60053009,Vivo,Bottoms,Full Length Pants,Retired,3950.0,1.0,3.0,0,2,6
V0225011,Vivo Niari straight leg Pants,Vivo Niari straight leg Pants - Navy,V0225011NAVS,60053124,Vivo,Bottoms,Full Length Pants,Retired,2750.0,0,0,0,1,1
V0225011,Vivo Niari straight leg Pants,Vivo Niari straight leg Pants - Orange,V0225011ORAS,60053128,Vivo,Bottoms,Full Length Pants,Retired,1950.0,0,0,1.0,0,1
V0225011,Vivo Niari straight leg Pants,Vivo Niari straight leg Pants - Orange,V0225011ORAM,60053129,Vivo,Bottoms,Full Length Pants,Retired,1950.0,0,0,1.0,0,1
V0225011,Vivo Niari straight leg Pants,Vivo Niari straight leg Pants - Orange,V0225011ORAL,60053130,Vivo,Bottoms,Full Length Pants,Retired,1950.0,0,0,1.0,0,1
V0225023,Vivo Chela Scalloped Sleeveless Top,Vivo Chela Scalloped Sleeveless Top - Buttermilk,V0225023BUTL,60052825,Vivo,Tops,Loose Tops,Retired,2050.0,0,0,1.0,0,1
V0225023,Vivo Chela Scalloped Sleeveless Top,Vivo Chela Scalloped Sleeveless Top - Light Taupe,V0225023LTAU1X,60052830,Vivo,Tops,Loose Tops,Retired,2050.0,0,0,0,1,1
V0225023,Vivo Chela Scalloped Sleeveless Top,Vivo Chela Scalloped Sleeveless Top - Lilac,V0225023LILS,60052819,Vivo,Tops,Loose Tops,Retired,2050.0,0,0,0,2,2
V0225023,Vivo Chela Scalloped Sleeveless Top,Vivo Chela Scalloped Sleeveless Top - Royal Blue,V0225023RBLUS,60052831,Vivo,Tops,Loose Tops,Retired,2050.0,0,1.0,0,1,2
V0225023,Vivo Chela Scalloped Sleeveless Top,Vivo Chela Scalloped Sleeveless Top - Sage,V0225023SAGL,60052837,Vivo,Tops,Loose Tops,Retired,2050.0,1.0,0,0,0,1
V0225025,Vivo Chela Drawstring Shorts,Vivo Chela Drawstring Shorts - Black,V0225025BLAM,60052216,Vivo,Bottoms,Shorts & Skorts,Retired,1750.0,0,0,1.0,0,1
V0225025,Vivo Chela Drawstring Shorts,Vivo Chela Drawstring Shorts - Light Taupe,V0225025LTAUM,60052224,Vivo,Bottoms,Shorts & Skorts,Retired,1350.0,1.0,0,1,1,3
V0225025,Vivo Chela Drawstring Shorts,Vivo Chela Drawstring Shorts - Light Taupe,V0225025LTAUS,60052223,Vivo,Bottoms,Shorts & Skorts,Retired,1350.0,0,0,1,0,1
V0225025,Vivo Chela Drawstring Shorts,Vivo Chela Drawstring Shorts - Royal Blue,V0225025RBLUL,60052221,Vivo,Bottoms,Shorts & Skorts,Retired,950.0,0,0,2.0,0,2
V0225026,Vivo Chela Tank Top in Stretch Rib,Vivo Chela Tank Top - Taupe,V0225026TAUL,60057231,Vivo,Tops,T-shirts & Tank Tops,Retired,1500.0,0,0,0,1,1
V0225026,Vivo Chela Tank Top in Stretch Rib,Vivo Chela Tank Top - Taupe,V0225026TAU1X,60057232,Vivo,Tops,T-shirts & Tank Tops,Retired,1500.0,0,0,0,1,1
V0225026,Vivo Chela Tank Top in Stretch Rib,Vivo Chela Tank Top in Stretch Rib - Black,V0225026BLAS,60052236,Vivo,Tops,T-shirts & Tank Tops,Retired,1500.0,0,0,2.0,1,3
V0225026,Vivo Chela Tank Top in Stretch Rib,Vivo Chela Tank Top in Stretch Rib - Black,V0225026BLAM,60052237,Vivo,Tops,T-shirts & Tank Tops,Retired,1500.0,0,0,1.0,0,1
V0225026,Vivo Chela Tank Top in Stretch Rib,Vivo Chela Tank Top in Stretch Rib - Buttermilk,V0225026BUTL,60052234,Vivo,Tops,T-shirts & Tank Tops,Retired,1500.0,0,1.0,19.0,3,23
V0225026,Vivo Chela Tank Top in Stretch Rib,Vivo Chela Tank Top in Stretch Rib - Buttermilk,V0225026BUT2X,60066373,Vivo,Tops,T-shirts & Tank Tops,Retired,1500.0,0,0,6.0,0,6
V0225026,Vivo Chela Tank Top in Stretch Rib,Vivo Chela Tank Top in Stretch Rib - Buttermilk,V0225026BUTM,60052233,Vivo,Tops,T-shirts & Tank Tops,Retired,1500.0,1.0,2.0,15.0,2,20
V0225026,Vivo Chela Tank Top in Stretch Rib,Vivo Chela Tank Top in Stretch Rib - Buttermilk,V0225026BUTS,60052232,Vivo,Tops,T-shirts & Tank Tops,Retired,1500.0,0,2.0,10.0,2,14
V0225026,Vivo Chela Tank Top in Stretch Rib,Vivo Chela Tank Top in Stretch Rib - Buttermilk,V0225026BUT1X,60052235,Vivo,Tops,T-shirts & Tank Tops,Retired,1500.0,0,0,11.0,2,13
V0225026,Vivo Chela Tank Top in Stretch Rib,Vivo Chela Tank Top in Stretch Rib - Lilac,V0225026LIL1X,60057228,Vivo,Tops,T-shirts & Tank Tops,Retired,1500.0,6.0,2.0,12.0,3,23
V0225026,Vivo Chela Tank Top in Stretch Rib,Vivo Chela Tank Top in Stretch Rib - Lilac,V0225026LILL,60057227,Vivo,Tops,T-shirts & Tank Tops,Retired,1500.0,8.0,3.0,20.0,4,35
V0225026,Vivo Chela Tank Top in Stretch Rib,Vivo Chela Tank Top in Stretch Rib - Lilac,V0225026LILM,60057226,Vivo,Tops,T-shirts & Tank Tops,Retired,1500.0,9.0,3.0,18.0,3,33
V0225026,Vivo Chela Tank Top in Stretch Rib,Vivo Chela Tank Top in Stretch Rib - Lilac,V0225026LILS,60057225,Vivo,Tops,T-shirts & Tank Tops,Retired,1500.0,3.0,2.0,14.0,2,21
V0225026,Vivo Chela Tank Top in Stretch Rib,Vivo Chela Tank Top in Stretch Rib - Lilac,V0225026LIL2X,60066371,Vivo,Tops,T-shirts & Tank Tops,Retired,1500.0,2.0,1.0,4.0,1,8
V0225027,Vivo Niari Shorts,Vivo Niari Shorts - Light Olive / White Stripes,V0225027PR1S,60053004,Vivo,Bottoms,Shorts & Skorts,Retired,850.0,0,1.0,3.0,1,5
V0225027,Vivo Niari Shorts,Vivo Niari Shorts - Light Olive / White Stripes,V0225027PR1M,60053005,Vivo,Bottoms,Shorts & Skorts,Retired,850.0,0,0,2.0,1,3
V0225029,Vivo Ayana Wide High Low Top,Vivo Ayana Wide High Low Top - Black / Cream,V0225029PR42F,60052174,Vivo,Tops,Loose Tops,Retired,1350.0,2.0,0,1.0,0,3
V0225029,Vivo Ayana Wide High Low Top,Vivo Ayana Wide High Low Top - Black / Mint,V0225029PR41F,60052173,Vivo,Tops,Loose Tops,Retired,1350.0,2.0,0,0,1,3
V0225029,Vivo Ayana Wide High Low Top,Vivo Ayana Wide High Low Top - Black / Yellow,V0225029PR40F,60052172,Vivo,Tops,Loose Tops,Retired,750.0,1.0,0,1.0,0,2
V0225030,Vivo Ayah Kimono,Vivo Ayah Kimono - Mustard / Black Tullu Print,V0225030PR11X/2X,60052515,Vivo,Outerwear,Waterfalls & Kimonos,Retired,4950.0,0,0,0,2,2
V0225030,Vivo Ayah Kimono,Vivo Ayah Kimono - Orange / Black Tullu Print,V0225030PR2XS/S,60052517,Vivo,Outerwear,Waterfalls & Kimonos,Retired,4950.0,0,0,0,1,1
V0225030,Vivo Ayah Kimono,Vivo Ayah Kimono - Orange / Black Tullu Print,V0225030PR21X/2X,60052520,Vivo,Outerwear,Waterfalls & Kimonos,Retired,4950.0,0,1.0,1,1,3
V0225032,Vivo Ayah Shirred Cuff Loose Top,Vivo Ayah Shirred Cuff Loose Top - Dark Purple,V0225032DAPS,60052487,Vivo,Tops,Fitted Tops,Retired,3550.0,0,0,0,2,2
V0225032,Vivo Ayah Shirred Cuff Loose Top,Vivo Ayah Shirred Cuff Loose Top - Dark Purple,V0225032DAPL,60052489,Vivo,Tops,Fitted Tops,Retired,3550.0,0,0,0,1,1
V0225032,Vivo Ayah Shirred Cuff Loose Top,Vivo Ayah Shirred Cuff Loose Top - Dark Purple,V0225032DAPM,60052488,Vivo,Tops,Fitted Tops,Retired,3550.0,0,3.0,0,1,4
V0225032,Vivo Ayah Shirred Cuff Loose Top,Vivo Ayah Shirred Cuff Loose Top - Dark Purple,V0225032DAP1X,60052490,Vivo,Tops,Fitted Tops,Retired,3550.0,0,0,0,1,1
V0225032,Vivo Ayah Shirred Cuff Loose Top,Vivo Ayah Shirred Cuff Loose Top - Lilac / Navy Ullu Print,V0225032PR1S,60052495,Vivo,Tops,Fitted Tops,Retired,1850.0,0,0,0,1,1
V0320040,Vivo Basic Boundneck Puff Sleeve Top,Vivo Basic Boundneck Puff Sleeve Top - Lime Green,V0320040LIGL,60010702,Vivo,Tops,Fitted Tops,Retired,1350.0,1.0,0,0,0,1
V0320040,Vivo Basic Boundneck Puff Sleeve Top,Vivo Basic Boundneck Puff Sleeve Top - Pink,V0320040PINL,40013982,Vivo,Tops,Fitted Tops,Retired,3250.0,0,4.0,0,0,4
V0321038,Vivo 3/4 Sleeve J.O Jersey A-line Knee Length Dress,Vivo 3/4 Sleeve J.O Jersey A-line Knee Length Dress - Burgundy,0321038BURM,50009679,Vivo,Dresses,Knee Length Dresses,Retired,3950.0,1.0,0,0,0,1
V0322088,Vivo Jamila Halter Neck Knee Length Dress,Vivo Jamila Halter Neck Knee Length Dress - Black / White Geometric Print,V0322088PR9S,60027875,Vivo,Dresses,Knee Length Dresses,Retired,3150.0,0,0,1.0,1,2
V0322154,Vivo Jasiri Bishop Sleeve Shift Dress,Vivo Jasiri Bishop Sleeve Shift Dress - Cream / Red Tiwi Print,V0322154PR21X,60049520,Vivo,Dresses,Knee Length Dresses,Retired,4250.0,0,0,1,0,1
V0323015,Vivo Asika Kaftan Tunic,Vivo Asika Kaftan Tunic - Black,V0323015BLAF,60028767,Vivo,Tops,Loose Tops,Retired,1150.0,0,2.0,0,1,3
V0323018,Vivo Basic Strappy Bodycon Dress,Vivo Val Strappy Bodycon Dress - Chocolate,V0323018CHOCXL,60045738,Vivo,Dresses,Knee Length Dresses,Retired,1750.0,1.0,0,0,0,1
V0323018,Vivo Basic Strappy Bodycon Dress,Vivo Val Strappy Bodycon Dress - White,V0323018WHIM,60045744,Vivo,Dresses,Knee Length Dresses,Retired,2500.0,2.0,0,0,0,2
V0323018,Vivo Basic Strappy Bodycon Dress,Vivo Val Strappy Bodycon Dress - White,V0323018WHIXL,60045746,Vivo,Dresses,Knee Length Dresses,Retired,2500.0,1.0,0,0,0,1
V0323018,Vivo Basic Strappy Bodycon Dress,Vivo Val Strappy Bodycon Dress - White,V0323018WHIS,60045743,Vivo,Dresses,Knee Length Dresses,Retired,2500.0,1.0,0,0,0,1
V0323019,Vivo Basic V-neck Cap Sleeve Top,Vivo Basic V-neck Cap Sleeve Top - Burgundy,V0323019BUR2X,60041227,Vivo,Tops,T-shirts & Tank Tops,Retired,950.0,0,1.0,0,1,2
V0323019,Vivo Basic V-neck Cap Sleeve Top,Vivo Basic V-neck Cap Sleeve Top - Burgundy,V0323019BURS,60041223,Vivo,Tops,T-shirts & Tank Tops,Retired,950.0,0,0,1.0,0,1
V0323019,Vivo Basic V-neck Cap Sleeve Top,Vivo Basic V-neck Cap Sleeve Top - Buttermilk,V0323019BUT3X,60023456,Vivo,Tops,T-shirts & Tank Tops,Retired,1250.0,0,2.0,0,1,3
V0323019,Vivo Basic V-neck Cap Sleeve Top,Vivo Basic V-neck Cap Sleeve Top - Buttermilk,V0323019BUT4X,60023457,Vivo,Tops,T-shirts & Tank Tops,Retired,1250.0,0,0,0,3,3
V0323019,Vivo Basic V-neck Cap Sleeve Top,Vivo Basic V-neck Cap Sleeve Top - Hunters Green,V0323019HGN3X,60032165,Vivo,Tops,T-shirts & Tank Tops,Retired,450.0,0,0,0,2,2
V0323019,Vivo Basic V-neck Cap Sleeve Top,Vivo Basic V-neck Cap Sleeve Top - Hunters Green,V0323019HGN4X,60032166,Vivo,Tops,T-shirts & Tank Tops,Retired,450.0,0,1.0,0,1,2
V0323019,Vivo Basic V-neck Cap Sleeve Top,Vivo Basic V-neck Cap Sleeve Top - Orange,V0323019ORA3X,60039712,Vivo,Tops,T-shirts & Tank Tops,Retired,2550.0,0,4.0,0,1,5
V0323019,Vivo Basic V-neck Cap Sleeve Top,Vivo Basic V-neck Cap Sleeve Top - Orange,V0323019ORA2X,60039711,Vivo,Tops,T-shirts & Tank Tops,Retired,2550.0,0,1.0,0,1,2
V0323019,Vivo Basic V-neck Cap Sleeve Top,Vivo Basic V-neck Cap Sleeve Top - Teal,V0323019TEA4X,60032171,Vivo,Tops,T-shirts & Tank Tops,Retired,1350.0,0,1.0,0,1,2
V0323019,Vivo Basic V-neck Cap Sleeve Top,Vivo Basic V-neck Cap Sleeve Top - Teal,V0323019TEAXL,60017363,Vivo,Tops,T-shirts & Tank Tops,Retired,1350.0,0,0,0,1,1
V0323019,Vivo Basic V-neck Cap Sleeve Top,Vivo Basic V-neck Cap Sleeve Top - Teal,V0323019TEAXS,60032168,Vivo,Tops,T-shirts & Tank Tops,Retired,1350.0,0,1.0,0,1,2
V0323019,Vivo Basic V-neck Cap Sleeve Top,Vivo Basic V-neck Cap Sleeve Top - Teal,V0323019TEA2X,60032169,Vivo,Tops,T-shirts & Tank Tops,Retired,1350.0,0,0,0,1,1
V0323019,Vivo Basic V-neck Cap Sleeve Top,Vivo Basic V-neck Cap Sleeve Top - Teal,V0323019TEA3X,60032170,Vivo,Tops,T-shirts & Tank Tops,Retired,1350.0,0,0,0,2,2
V0323019,Vivo Basic V-neck Cap Sleeve Top,Vivo Basic V-neck Cap Sleeve Top - White,V0323019WHI4X,60023443,Vivo,Tops,T-shirts & Tank Tops,Retired,750.0,0,1.0,0,0,1
V0323058,Vivo Basic Long Sleeve Tent Shirt Dress,Vivo Basic Long Sleeve Tent Shirt Dress - Navy,V0323058NAVM,60053803,Vivo,Dresses,Knee Length Dresses,Retired,2150.0,0,0,1,0,1
V0323058,Vivo Basic Long Sleeve Tent Shirt Dress,Vivo Basic Long Sleeve Tent Shirt Dress - Navy,V0323058NAVS,60053802,Vivo,Dresses,Knee Length Dresses,Retired,2150.0,0,0,1,0,1
V0324021,Vivo X This Is Essential Scooped Neck Bralette,Vivo X This Is Essential Scooped Neck Bralette - Black / White,V0324021BLA/WHIXS,60038873,Vivo,Tops,Midriff & Crop Tops,Retired,1500.0,0,4.0,0,0,4
V0324021,Vivo X This Is Essential Scooped Neck Bralette,Vivo X This Is Essential Scooped Neck Bralette - Black / White,V0324021BLA/WHIL,60038876,Vivo,Tops,Midriff & Crop Tops,Retired,1500.0,0,0,0,1,1
V0324021,Vivo X This Is Essential Scooped Neck Bralette,Vivo X This Is Essential Scooped Neck Bralette - Black / White,V0324021BLA/WHI2X,60038878,Vivo,Tops,Midriff & Crop Tops,Retired,1500.0,0,0,0,1,1
V0324021,Vivo X This Is Essential Scooped Neck Bralette,Vivo X This Is Essential Scooped Neck Bralette - Black / White,V0324021BLA/WHIS,60038874,Vivo,Tops,Midriff & Crop Tops,Retired,1500.0,0,4.0,0,2,6
V0324021,Vivo X This Is Essential Scooped Neck Bralette,Vivo X This Is Essential Scooped Neck Bralette - Black / White,V0324021BLA/WHIM,60038875,Vivo,Tops,Midriff & Crop Tops,Retired,1500.0,0,3.0,0,1,4
V0324021,Vivo X This Is Essential Scooped Neck Bralette,Vivo X This Is Essential Scooped Neck Bralette - Black / White,V0324021BLA/WHIXXS,60038872,Vivo,Tops,Midriff & Crop Tops,Retired,1500.0,0,0,0,1,1
V0324021,Vivo X This Is Essential Scooped Neck Bralette,Vivo X This Is Essential Scooped Neck Bralette - Navy Blue / White,V0324021NAB/WHIL,60033853,Vivo,Tops,Midriff & Crop Tops,Retired,1500.0,0,2.0,0,1,3
V0324021,Vivo X This Is Essential Scooped Neck Bralette,Vivo X This Is Essential Scooped Neck Bralette - Navy Blue / White,V0324021NAB/WHI2X,60033855,Vivo,Tops,Midriff & Crop Tops,Retired,1500.0,0,3.0,0,0,3
V0324021,Vivo X This Is Essential Scooped Neck Bralette,Vivo X This Is Essential Scooped Neck Bralette - Navy Blue / White,V0324021NAB/WHIXS,60038882,Vivo,Tops,Midriff & Crop Tops,Retired,1500.0,0,3.0,0,0,3
V0324021,Vivo X This Is Essential Scooped Neck Bralette,Vivo X This Is Essential Scooped Neck Bralette - Navy Blue / White,V0324021NAB/WHIXXS,60038881,Vivo,Tops,Midriff & Crop Tops,Retired,1500.0,0,1.0,0,1,2
V0324021,Vivo X This Is Essential Scooped Neck Bralette,Vivo X This Is Essential Scooped Neck Bralette - Navy Blue / White,V0324021NAB/WHIM,60033852,Vivo,Tops,Midriff & Crop Tops,Retired,1500.0,0,4.0,0,0,4
V0324028,Vivo Amai Asymmetrical Cape,Vivo Amai Asymmetrical Cape Top in Chiffon - Beige / Brown Iwa Print,V0324028PR5F,60065184,Vivo,Tops,Loose Tops,Retired,4700.0,5.0,0,17.0,6,28
V0324028,Vivo Amai Asymmetrical Cape,Vivo Amai Asymmetrical Cape Top in Chiffon - Dark Tan / Brown Iwa Print,V0324028PR4F,60065183,Vivo,Tops,Loose Tops,Retired,4700.0,10.0,1.0,31.0,7,49
V0324028,Vivo Amai Asymmetrical Cape,Vivo Amai Asymmetrical Cape Top in Chiffon - Light Blue / Brown Iwa Print ,V0324028PR6F,60065185,Vivo,Tops,Loose Tops,Retired,4700.0,1.0,0,6.0,2,9
V0324043,Vivo Amai Side Slit Pants,Vivo Amai Side Slit Pants - Black,V0324043BLA1X,60044993,Vivo,Bottoms,Full Length Pants,Retired,2150.0,0,0,0,1,1
V0324043,Vivo Amai Side Slit Pants,Vivo Amai Side Slit Pants - Black,V0324043BLA4X,60045660,Vivo,Bottoms,Full Length Pants,Retired,2150.0,1.0,0,0,2,3
V0324043,Vivo Amai Side Slit Pants,Vivo Amai Side Slit Pants - Navy,V0324043NAVXS,60045661,Vivo,Bottoms,Full Length Pants,Retired,1050.0,0,0,1.0,0,1
V0324075,Vivo Azawi Cap Sleeve Panelled Dress,Vivo Azawi Cap Sleeve Panelled Dress - Burgundy / Black,V0324075BUR/BLAVS,60033941,Vivo,Dresses,Knee Length Dresses,Retired,1500.0,0,0,1.0,0,1
V0324080,Vivo X This Is Essential Leggings,Vivo X This Is Essential Leggings - Navy Blue / White,V0324080NAB/WHIS,60038838,Vivo,Bottoms,Leggings,Retired,2950.0,0,0,0,1,1
V0324080,Vivo X This Is Essential Leggings,Vivo X This Is Essential Leggings - Navy Blue / White,V0324080NAB/WHI2X,60038842,Vivo,Bottoms,Leggings,Retired,2950.0,0,3.0,0,1,4
V0324080,Vivo X This Is Essential Leggings,Vivo X This Is Essential Leggings - Navy Blue / White,V0324080NAB/WHIXS,60038837,Vivo,Bottoms,Leggings,Retired,2950.0,0,1.0,0,1,2
V0324082,Vivo Kelemi Hooded Kimono,Vivo Kelemi Hooded Kimono - Mustard / Rust Leke Print,V0324082PR5L,60039527,Vivo,Outerwear,Waterfalls & Kimonos,Retired,4850.0,0,0,0,1,1
V0325003,Vivo Niari Boat Neck Dress,Vivo Niari Boat Neck Dress - Black,V0325003BLA1X,60052790,Vivo,Dresses,Knee Length Dresses,Retired,4950.0,0,0,0,1,1
V0325003,Vivo Niari Boat Neck Dress,Vivo Niari Boat Neck Dress - Black,V0325003BLAS,60052787,Vivo,Dresses,Knee Length Dresses,Retired,4950.0,0,1.0,0,1,2
V0325003,Vivo Niari Boat Neck Dress,Vivo Niari Boat Neck Dress - Black,V0325003BLAL,60052789,Vivo,Dresses,Knee Length Dresses,Retired,4950.0,0,0,0,1,1
V0325003,Vivo Niari Boat Neck Dress,Vivo Niari Boat Neck Dress - Dark Tan,V0325003DTANL,60052785,Vivo,Dresses,Knee Length Dresses,Retired,4950.0,0,0,0,1,1
V0325003,Vivo Niari Boat Neck Dress,Vivo Niari Boat Neck Dress - Dark Tan,V0325003DTANS,60052783,Vivo,Dresses,Knee Length Dresses,Retired,4950.0,0,0,0,1,1
V0325003,Vivo Niari Boat Neck Dress,Vivo Niari Boat Neck Dress - Dark Tan,V0325003DTANM,60052784,Vivo,Dresses,Knee Length Dresses,Retired,4950.0,0,2.0,0,1,3
V0325003,Vivo Niari Boat Neck Dress,Vivo Niari Boat Neck Dress - Light Olive,V0325003LOLIS,60052779,Vivo,Dresses,Knee Length Dresses,Retired,3550.0,1.0,0,0,2,3
V0325003,Vivo Niari Boat Neck Dress,Vivo Niari Boat Neck Dress - Light Olive,V0325003LOLIM,60052780,Vivo,Dresses,Knee Length Dresses,Retired,3550.0,0,0,0,1,1
V0325003,Vivo Niari Boat Neck Dress,Vivo Niari Boat Neck Dress - Light Olive,V0325003LOLI1X,60052782,Vivo,Dresses,Knee Length Dresses,Retired,3550.0,0,0,0,1,1
V0325007,Vivo Safa Skirt,Vivo Safa Skirt - Black,V0325007BLAM,60058509,Vivo,Skirts,Midi & Capri Skirts,Retired,2950.0,1.0,3.0,4.0,2,10
V0325007,Vivo Safa Skirt,Vivo Safa Skirt - Black,V0325007BLAS,60058508,Vivo,Skirts,Midi & Capri Skirts,Retired,2950.0,0,5.0,2,5,12
V0325007,Vivo Safa Skirt,Vivo Safa Skirt - Black,V0325007BLAL,60058510,Vivo,Skirts,Midi & Capri Skirts,Retired,2950.0,0,0,2.0,0,2
V0325007,Vivo Safa Skirt,Vivo Safa Skirt - Black,V0325007BLA1X,60058511,Vivo,Skirts,Midi & Capri Skirts,Retired,2950.0,0,1.0,0,1,2
V0325007,Vivo Safa Skirt,Vivo Safa Skirt - Burnt Orange,V0325007BORAL,60053322,Vivo,Skirts,Midi & Capri Skirts,Retired,2050.0,0,0,0,2,2
V0325007,Vivo Safa Skirt,Vivo Safa Skirt - Chocolate,V0325007CHOS,60053300,Vivo,Skirts,Midi & Capri Skirts,Retired,2050.0,0,0,0,1,1
V0325007,Vivo Safa Skirt,Vivo Safa Skirt - Dark Taupe,V0325007DTAUL,60058518,Vivo,Skirts,Midi & Capri Skirts,Retired,2950.0,0,1.0,0,1,2
V0325007,Vivo Safa Skirt,Vivo Safa Skirt - Dark Taupe,V0325007DTAUM,60058517,Vivo,Skirts,Midi & Capri Skirts,Retired,2950.0,0,1.0,0,2,3
V0325007,Vivo Safa Skirt,Vivo Safa Skirt - Dark Taupe,V0325007DTAUS,60058516,Vivo,Skirts,Midi & Capri Skirts,Retired,2950.0,0,1.0,0,1,2
V0325007,Vivo Safa Skirt,Vivo Safa Skirt - Fuschia,V0325007FUSS,60053312,Vivo,Skirts,Midi & Capri Skirts,Retired,2950.0,0,4.0,1,3,8
V0325007,Vivo Safa Skirt,Vivo Safa Skirt - Fuschia,V0325007FUSM,60053313,Vivo,Skirts,Midi & Capri Skirts,Retired,2950.0,0,2.0,0,3,5
V0325007,Vivo Safa Skirt,Vivo Safa Skirt - Fuschia,V0325007FUS1X,60053315,Vivo,Skirts,Midi & Capri Skirts,Retired,2950.0,0,5.0,0,1,6
V0325007,Vivo Safa Skirt,Vivo Safa Skirt - Fuschia,V0325007FUSL,60053314,Vivo,Skirts,Midi & Capri Skirts,Retired,2950.0,0,5.0,1,1,7
V0325007,Vivo Safa Skirt,Vivo Safa Skirt - Off White,V0325007OWHIM,60053309,Vivo,Skirts,Midi & Capri Skirts,Retired,2950.0,0,4.0,0,2,6
V0325007,Vivo Safa Skirt,Vivo Safa Skirt - Off White,V0325007OWHI1X,60053311,Vivo,Skirts,Midi & Capri Skirts,Retired,2950.0,2.0,0,0,0,2
V0325007,Vivo Safa Skirt,Vivo Safa Skirt - Rust,V0325007RUSS,60053324,Vivo,Skirts,Midi & Capri Skirts,Retired,2050.0,0,1.0,0,1,2
V0325007,Vivo Safa Skirt,Vivo Safa Skirt - Taupe,V0325007TAUL,60058514,Vivo,Skirts,Midi & Capri Skirts,Retired,2950.0,0,5.0,0,2,7
V0325007,Vivo Safa Skirt,Vivo Safa Skirt - Taupe,V0325007TAUM,60058513,Vivo,Skirts,Midi & Capri Skirts,Retired,2950.0,0,4.0,0,1,5
V0325007,Vivo Safa Skirt,Vivo Safa Skirt - Taupe,V0325007TAUS,60058512,Vivo,Skirts,Midi & Capri Skirts,Retired,2950.0,0,2.0,0,2,4
V0325007,Vivo Safa Skirt,Vivo Safa Skirt - Taupe,V0325007TAU1X,60058515,Vivo,Skirts,Midi & Capri Skirts,Retired,2950.0,0,0,0,1,1
V0325010,Vivo Safa Drawstring Wide Top,Vivo Safa Drawstring Wide Top - Black,V0325010BLCKSM,60053396,Vivo,Tops,Loose Tops,Retired,2950.0,0,0,0,1,1
V0325019,Vivo Chela Basic Cap Sleeve Top,Vivo Chela Basic Cap Sleeve Top - Light Taupe,V0325019LTAUL,60052252,Vivo,Tops,Midriff & Crop Tops,Retired,2250.0,0,1.0,0,1,2
V0325019,Vivo Chela Basic Cap Sleeve Top,Vivo Chela Basic Cap Sleeve Top - Light Taupe,V0325019LTAU1X,60052253,Vivo,Tops,Midriff & Crop Tops,Retired,2250.0,0,0,0,1,1
V0325019,Vivo Chela Basic Cap Sleeve Top,Vivo Chela Basic Cap Sleeve Top - Lilac,V0325019LIL1X,60052244,Vivo,Tops,Midriff & Crop Tops,Retired,2250.0,0,1.0,0,1,2
V0325019,Vivo Chela Basic Cap Sleeve Top,Vivo Chela Basic Cap Sleeve Top - Lilac,V0325019LILM,60052242,Vivo,Tops,Midriff & Crop Tops,Retired,2250.0,0,0,0,1,1
V0325019,Vivo Chela Basic Cap Sleeve Top,Vivo Chela Basic Cap Sleeve Top - Lilac,V0325019LILXS,60052254,Vivo,Tops,Midriff & Crop Tops,Retired,2250.0,0,0,0,1,1
V0325019,Vivo Chela Basic Cap Sleeve Top,Vivo Chela Basic Cap Sleeve Top - Lilac,V0325019LILL,60052243,Vivo,Tops,Midriff & Crop Tops,Retired,2250.0,0,0,1,2,3
V0325019,Vivo Chela Basic Cap Sleeve Top,Vivo Chela Basic Cap Sleeve Top - Royal Blue,V0325019RBLUM,60052258,Vivo,Tops,Midriff & Crop Tops,Retired,1850.0,1.0,0,2.0,3,6
V0325019,Vivo Chela Basic Cap Sleeve Top,Vivo Chela Basic Cap Sleeve Top - Royal Blue,V0325019RBLUS,60052257,Vivo,Tops,Midriff & Crop Tops,Retired,1850.0,0,2.0,1.0,1,4
V0325019,Vivo Chela Basic Cap Sleeve Top,Vivo Chela Basic Cap Sleeve Top - Royal Blue,V0325019RBLU1X,60052260,Vivo,Tops,Midriff & Crop Tops,Retired,1850.0,0,0,3.0,0,3
V0325019,Vivo Chela Basic Cap Sleeve Top,Vivo Chela Basic Cap Sleeve Top - Royal Blue,V0325019RBLUL,60052259,Vivo,Tops,Midriff & Crop Tops,Retired,1850.0,0,0,0,2,2
V0325019,Vivo Chela Basic Cap Sleeve Top,Vivo Chela Basic Cap Sleeve Top - Sage,V0325019SAGL,60052264,Vivo,Tops,Midriff & Crop Tops,Retired,2250.0,0,2.0,0,3,5
V0325019,Vivo Chela Basic Cap Sleeve Top,Vivo Chela Basic Cap Sleeve Top - Sage,V0325019SAGM,60052263,Vivo,Tops,Midriff & Crop Tops,Retired,2250.0,0,0,0,2,2
V0325019,Vivo Chela Basic Cap Sleeve Top,Vivo Chela Basic Cap Sleeve Top - Sage,V0325019SAG1X,60052265,Vivo,Tops,Midriff & Crop Tops,Retired,2250.0,0,1.0,0,1,2
V0325019,Vivo Chela Basic Cap Sleeve Top,Vivo Chela Basic Cap Sleeve Top - Sage,V0325019SAGS,60052262,Vivo,Tops,Midriff & Crop Tops,Retired,2250.0,0,0,0,2,2
V0325020,Vivo Tahisa Loose Top,Vivo Tahisa Loose Top - Light Olive,V0325020LIOF,60052743,Vivo,Tops,Loose Tops,Retired,2250.0,0,0,0,1,1
V0325020,Vivo Tahisa Loose Top,Vivo Tahisa Loose Top - Midnight Blue,V0325020MIBF,60052740,Vivo,Tops,Loose Tops,Retired,1150.0,0,0,0,1,1
V0325020,Vivo Tahisa Loose Top,Vivo Tahisa Loose Top - Rust,V0325020RUSF,60052741,Vivo,Tops,Loose Tops,Retired,2250.0,0,0,1.0,0,1
V0325021,Vivo Basic Jeggings,Vivo Basic Jeggings - Black,V0325021BLAM,60052212,Vivo,Bottoms,Full Length Pants,Retired,3550.0,0,2.0,0,1,3
V0325021,Vivo Basic Jeggings,Vivo Basic Jeggings - Black,V0325021BLAS,60052211,Vivo,Bottoms,Full Length Pants,Retired,3550.0,0,5.0,0,3,8
V0325042,Vivo Kelemi 4.0 Halter Maxi Dress,Vivo Kelemi 4.0 Halter Maxi Dress - Mustard,V0325042MUSL,60053413,Vivo,Dresses,Maxi Dresses,Retired,2250.0,0,1.0,0,1,2
V0325042,Vivo Kelemi 4.0 Halter Maxi Dress,Vivo Kelemi 4.0 Halter Maxi Dress - Navy,V0325042NAVL,60053425,Vivo,Dresses,Maxi Dresses,Retired,7950.0,0,1.0,0,1,2
V0325042,Vivo Kelemi 4.0 Halter Maxi Dress,Vivo Kelemi 4.0 Halter Maxi Dress - Navy,V0325042NAVM,60053424,Vivo,Dresses,Maxi Dresses,Retired,7950.0,0,0,0,1,1
V0325044,Vivo Basic Strappy Cowl Top,Vivo Basic Strappy Cowl Top - Champagne,V0325044CHAM,60053216,Vivo,Tops,Fitted Tops,Retired,2550.0,0,0,0,1,1
V0325044,Vivo Basic Strappy Cowl Top,Vivo Basic Strappy Cowl Top - Champagne,V0325044CHA1X,60053218,Vivo,Tops,Fitted Tops,Retired,2550.0,0,2.0,0,1,3
V0325044,Vivo Basic Strappy Cowl Top,Vivo Basic Strappy Cowl Top - Champagne,V0325044CHAL,60053217,Vivo,Tops,Fitted Tops,Retired,2550.0,0,1.0,0,1,2
V0325044,Vivo Basic Strappy Cowl Top,Vivo Basic Strappy Cowl Top - Navy,V0325044NAVM,60053213,Vivo,Tops,Fitted Tops,Retired,950.0,0,0,1.0,0,1
V0325044,Vivo Basic Strappy Cowl Top,Vivo Basic Strappy Cowl Top - Navy,V0325044NAVL,60053214,Vivo,Tops,Fitted Tops,Retired,950.0,0,0,0,1,1
V0325044,Vivo Basic Strappy Cowl Top,Vivo Basic Strappy Cowl Top - Navy,V0325044NAV1X,60053215,Vivo,Tops,Fitted Tops,Retired,950.0,0,0,0,1,1
V0325047,Vivo Kelemi 4.0 Frilled Wide Top,Vivo Kelemi 4.0 Frilled Wide Top - Lilac,V0325047LILS/M,60053346,Vivo,Tops,Loose Tops,Retired,2350.0,0,1.0,0,3,4
V0325047,Vivo Kelemi 4.0 Frilled Wide Top,Vivo Kelemi 4.0 Frilled Wide Top - Magenta,V0325047MAGS/M,60054110,Vivo,Tops,Loose Tops,Retired,2350.0,0,2.0,0,1,3
V0325047,Vivo Kelemi 4.0 Frilled Wide Top,Vivo Kelemi 4.0 Frilled Wide Top - White,V0325047WHIS/M,60053350,Vivo,Tops,Loose Tops,Retired,2350.0,0,4.0,1.0,0,5
V0325047,Vivo Kelemi 4.0 Frilled Wide Top,Vivo Kelemi 4.0 Frilled Wide Top - White,V0325047WHIL/1X,60053352,Vivo,Tops,Loose Tops,Retired,2350.0,0,2.0,0,1,3
V0325069,Vivo Analo Wide Leg Pants,Vivo Analo Wide Leg Pants - Black,V0325069BLCKS,60053479,Vivo,Bottoms,Full Length Pants,Retired,2750.0,0,0,1,0,1
V0325069,Vivo Analo Wide Leg Pants,Vivo Analo Wide Leg Pants - Black,V0325069BLCKM,60053480,Vivo,Bottoms,Full Length Pants,Retired,2750.0,0,1.0,1.0,1,3
V0325069,Vivo Analo Wide Leg Pants,Vivo Analo Wide Leg Pants - Light Purple,V0325066LIPS,60053524,Vivo,Bottoms,Full Length Pants,Retired,1550.0,0,0,0,1,1
V0325069,Vivo Analo Wide Leg Pants,Vivo Analo Wide Leg Pants - Orange,V0325069ORAM,60053468,Vivo,Bottoms,Full Length Pants,Retired,1950.0,0,2.0,0,1,3
V0325069,Vivo Analo Wide Leg Pants,Vivo Analo Wide Leg Pants - White,V0325069WHIT1X,60053486,Vivo,Bottoms,Full Length Pants,Retired,3900.0,0,0,0,1,1
V0325069,Vivo Analo Wide Leg Pants,Vivo Analo Wide Leg Pants - Yellow,V0325069YEL1X,60053466,Vivo,Bottoms,Full Length Pants,Retired,1550.0,0,0,1.0,0,1
V0325070,Vivo Safa Pallazo Pants,Vivo Safa Pallazo Pants - Olive,V0325070OLIVM,60053505,Vivo,Bottoms,Full Length Pants,Retired,1350.0,0,0,1.0,0,1
V0325071,Vivo Safa Slit Side Top,Vivo Safa Slit Side Top - Black,V0325071BLAS,60053529,Vivo,Tops,Fitted Tops,Retired,950.0,0,0,1.0,0,1
V0325071,Vivo Safa Slit Side Top,Vivo Safa Slit Side Top - Mustard,V0325071MUSS,60053533,Vivo,Tops,Fitted Tops,Retired,3550.0,0,0,0,1,1
V0325071,Vivo Safa Slit Side Top,Vivo Safa Slit Side Top - Mustard,V0325071MUSL,60053535,Vivo,Tops,Fitted Tops,Retired,3550.0,0,3.0,0,1,4
V0325072,Vivo Chiffon Shorts,Vivo Chiffon Shorts - Black,V0325072BLA1X,60053197,Vivo,Bottoms,Shorts & Skorts,Retired,3550.0,0,0,0,1,1
V0325072,Vivo Chiffon Shorts,Vivo Chiffon Shorts - Black,V0325072BLAM,60053195,Vivo,Bottoms,Shorts & Skorts,Retired,3550.0,2.0,3.0,0,2,7
V0325072,Vivo Chiffon Shorts,Vivo Chiffon Shorts - Black,V0325072BLAS,60053194,Vivo,Bottoms,Shorts & Skorts,Retired,3550.0,0,1.0,0,2,3
V0325072,Vivo Chiffon Shorts,Vivo Chiffon Shorts - Black,V0325072BLAL,60053196,Vivo,Bottoms,Shorts & Skorts,Retired,3550.0,0,0,1.0,0,1
V0325072,Vivo Chiffon Shorts,Vivo Chiffon Shorts - Navy,V0325072NAVL,60053200,Vivo,Bottoms,Shorts & Skorts,Retired,3550.0,0,1.0,0,1,2
V0325072,Vivo Chiffon Shorts,Vivo Chiffon Shorts - Navy,V0325072NAVS,60053198,Vivo,Bottoms,Shorts & Skorts,Retired,3550.0,0,5.0,1,1,7
V0325072,Vivo Chiffon Shorts,Vivo Chiffon Shorts - Navy,V0325072NAV1X,60053201,Vivo,Bottoms,Shorts & Skorts,Retired,3550.0,0,0,0,1,1
V0325072,Vivo Chiffon Shorts,Vivo Chiffon Shorts - Navy,V0325072NAVM,60053199,Vivo,Bottoms,Shorts & Skorts,Retired,3550.0,0,4.0,0,1,5
V0325078,Vivo Takali Jumpsuit,Vivo Takali Jumpsuit - Black,V0325078BLAS,60054716,Vivo,Bottoms,Jumpsuits & Playsuits,Retired,2750.0,0,0,0,1,1
V0422058,Vivo Basic Tsavo Scalloped Chiffon Top,Vivo Basic Tsavo Scalloped Chiffon Top - Black,V0422058BLAM,60048848,Vivo,Tops,Fitted Tops,Retired,2750.0,0,0,0,2,2
V0422058,Vivo Basic Tsavo Scalloped Chiffon Top,Vivo Basic Tsavo Scalloped Chiffon Top - Black,V0422058BLAL,60048849,Vivo,Tops,Fitted Tops,Retired,2750.0,0,0,0,1,1
V0422058,Vivo Basic Tsavo Scalloped Chiffon Top,Vivo Basic Tsavo Scalloped Chiffon Top - Black / White Rosa Print,V0422058PR15L,60050853,Vivo,Tops,Fitted Tops,Retired,1050.0,0,0,1,0,1
V0422058,Vivo Basic Tsavo Scalloped Chiffon Top,Vivo Basic Tsavo Scalloped Chiffon Top - Black / White Rosa Print,V0422058PR15M,60050852,Vivo,Tops,Fitted Tops,Retired,1050.0,0,0,2.0,0,2
V0422058,Vivo Basic Tsavo Scalloped Chiffon Top,Vivo Basic Tsavo Scalloped Chiffon Top - Black / White Rosa Print,V0422058PR151X,60050854,Vivo,Tops,Fitted Tops,Retired,1050.0,0,0,2,0,2
V0422058,Vivo Basic Tsavo Scalloped Chiffon Top,Vivo Basic Tsavo Scalloped Chiffon Top - Navy Blue,V0422058NABM,60029424,Vivo,Tops,Fitted Tops,Retired,750.0,0,0,1.0,0,1
V0422058,Vivo Basic Tsavo Scalloped Chiffon Top,Vivo Basic Tsavo Scalloped Chiffon Top - Navy Blue,V0422058NABS,60029423,Vivo,Tops,Fitted Tops,Retired,750.0,0,1.0,0,0,1
V0422073,Vivo Basic Neo Waterfall,Vivo Basic Neo Waterfall - Mustard,V0422073MUSL/1X,60047246,Vivo,Outerwear,Waterfalls & Kimonos,Retired,3250.0,0,0,0,1,1
V0422073,Vivo Basic Neo Waterfall,Vivo Basic Neo Waterfall - Pink,V0422073PINL/1X,60047248,Vivo,Outerwear,Waterfalls & Kimonos,Retired,2250.0,0,0,0,1,1
V0422075,Vivo Basic Chiffon Dropped Shoulder Top,Vivo Basic Chiffon Dropped Shoulder Top - Black / Green Lora Print,V0422075PR7M,60050375,Vivo,Tops,Fitted Tops,Retired,1150.0,2.0,0,1.0,0,3
V0422075,Vivo Basic Chiffon Dropped Shoulder Top,Vivo Basic Chiffon Dropped Shoulder Top - Black / Green Lora Print,V0422075PR72X,60050437,Vivo,Tops,Fitted Tops,Retired,1150.0,1.0,0,1.0,1,3
V0422075,Vivo Basic Chiffon Dropped Shoulder Top,Vivo Basic Chiffon Dropped Shoulder Top - Blue,V0422075BLU2X,60039066,Vivo,Tops,Fitted Tops,Retired,2950.0,0,0,0,1,1
V0422075,Vivo Basic Chiffon Dropped Shoulder Top,Vivo Basic Chiffon Dropped Shoulder Top - Blue,V0422075BLUS,60038999,Vivo,Tops,Fitted Tops,Retired,2950.0,0,2.0,0,1,3
V0422075,Vivo Basic Chiffon Dropped Shoulder Top,Vivo Basic Chiffon Dropped Shoulder Top - Blue,V0422075BLUL,60039001,Vivo,Tops,Fitted Tops,Retired,2950.0,0,2.0,0,1,3
V0422077,Vivo Basic Sienna Jersey Top,Vivo Basic Sienna Jersey Top - Black,V0422077BLA1X/2X,60038905,Vivo,Tops,T-shirts & Tank Tops,Retired,2550.0,0,0,0,1,1
V0422077,Vivo Basic Sienna Jersey Top,Vivo Basic Sienna Jersey Top - Buttermilk,V0422077BUTL/1X,60026175,Vivo,Tops,T-shirts & Tank Tops,Retired,950.0,1.0,0,0,0,1
V0422077,Vivo Basic Sienna Jersey Top,Vivo Basic Sienna Jersey Top - Deep Teal,V0422077DET1X/2X,60038915,Vivo,Tops,T-shirts & Tank Tops,Retired,1200.0,0,1.0,0,1,2
V0422149,Vivo Zena Bishop Panel Long Sleeve Round Neck Dress,Vivo Zena Bishop Panel Long Sleeve Round Neck Dress - Buttermilk,V0422149BUTM,60052651,Vivo,Dresses,Knee Length Dresses,Retired,3450.0,0,0,0,1,1
V0422149,Vivo Zena Bishop Panel Long Sleeve Round Neck Dress,Vivo Zena Bishop Panel Long Sleeve Round Neck Dress - Light Navy Blue,V0422149LNABS,60054034,Vivo,Dresses,Knee Length Dresses,Retired,4950.0,1.0,0,0,1,2
V0422149,Vivo Zena Bishop Panel Long Sleeve Round Neck Dress,Vivo Zena Bishop Panel Long Sleeve Round Neck Dress - Mustard,V0422149MUSM,60049771,Vivo,Dresses,Knee Length Dresses,Retired,3450.0,1.0,0,0,0,1
V0423025,Vivo Tatili Drop Shoulder Cowl Top,Vivo Tatili Drop Shoulder Cowl Top - Black,V0423025BLAS,60024244,Vivo,Tops,Loose Tops,Retired,1700.0,0,0,1,0,1
V0423030,Vivo Imara Puff Sleeve Sheath Dress,Vivo Imara Puff Sleeve Sheath Dress - Mustard,V0423030MUSXL,60017671,Vivo,Dresses,Knee Length Dresses,Retired,2150.0,0,0,1,0,1
V0423030,Vivo Imara Puff Sleeve Sheath Dress,Vivo Imara Puff Sleeve Sheath Dress - Mustard,V0423030MUSM,60017669,Vivo,Dresses,Knee Length Dresses,Retired,2150.0,1.0,0,0,0,1
V0423030,Vivo Imara Puff Sleeve Sheath Dress,Vivo Imara Puff Sleeve Sheath Dress - Mustard,V0423030MUSS,60017668,Vivo,Dresses,Knee Length Dresses,Retired,2150.0,1.0,0,1,0,2
V0423052,Vivo Basic V-Neck Long Sleeve Top,Vivo Basic V-Neck Long Sleeve Top - Navy Blue,V0423052NAB4X,60033267,Vivo,Tops,T-shirts & Tank Tops,Retired,750.0,0,2.0,1.0,1,4
V0423055,Vivo Leila Cap Sleeve Tent Knee Length Dress,Vivo Leila Cap Sleeve Tent Knee Length Dress - Hunters,V0423055HUNT2X,60044816,Vivo,Dresses,Knee Length Dresses,Retired,4550.0,0,1.0,0,1,2
V0423055,Vivo Leila Cap Sleeve Tent Knee Length Dress,Vivo Leila Cap Sleeve Tent Knee Length Dress - Hunters,V0423055HUNTL,60044699,Vivo,Dresses,Knee Length Dresses,Retired,4550.0,0,4.0,0,1,5
V0423055,Vivo Leila Cap Sleeve Tent Knee Length Dress,Vivo Leila Cap Sleeve Tent Knee Length Dress - Hunters,V0423055HUNTXL,60044700,Vivo,Dresses,Knee Length Dresses,Retired,4550.0,0,1.0,0,1,2
V0423055,Vivo Leila Cap Sleeve Tent Knee Length Dress,Vivo Leila Cap Sleeve Tent Knee Length Dress - Mustard,V0423055MUSTM,60044702,Vivo,Dresses,Knee Length Dresses,Retired,1750.0,0,0,1,0,1
V0423055,Vivo Leila Cap Sleeve Tent Knee Length Dress,Vivo Leila Cap Sleeve Tent Knee Length Dress - Navy Blue,V0423055NABL,60047308,Vivo,Dresses,Knee Length Dresses,Retired,3150.0,0,0,0,1,1
V0423055,Vivo Leila Cap Sleeve Tent Knee Length Dress,Vivo Leila Cap Sleeve Tent Knee Length Dress - Teal,V0423055TEA1X,60047314,Vivo,Dresses,Knee Length Dresses,Retired,3150.0,0,0,0,1,1
V0423078,Vivo Basic Leila Short Waterfall,Vivo Basic Leila Short Waterfall - Black,V0423078BLAXS/S,60036662,Vivo,Outerwear,Waterfalls & Kimonos,Retired,3700.0,0,0,0,1,1
V0423078,Vivo Basic Leila Short Waterfall,Vivo Basic Leila Short Waterfall - Hunters,V0423078HUNL/XL,60036657,Vivo,Outerwear,Waterfalls & Kimonos,Retired,3700.0,0,0,1.0,0,1
V0423078,Vivo Basic Leila Short Waterfall,Vivo Basic Leila Short Waterfall - Hunters,V0423078HUNS/M,60036656,Vivo,Outerwear,Waterfalls & Kimonos,Retired,3700.0,0,0,1.0,0,1
V0423078,Vivo Basic Leila Short Waterfall,Vivo Basic Leila Short Waterfall - Maroon,V0423078MARM/L,60055759,Vivo,Outerwear,Waterfalls & Kimonos,Retired,3700.0,0,0,1.0,1,2
V0423078,Vivo Basic Leila Short Waterfall,Vivo Basic Leila Short Waterfall - Maroon,V0423078MARXS/S,60055757,Vivo,Outerwear,Waterfalls & Kimonos,Retired,3700.0,0,0,5.0,1,6
V0423078,Vivo Basic Leila Short Waterfall,Vivo Basic Leila Short Waterfall - Taupe,V0423078TAU1X/2X,60056863,Vivo,Outerwear,Waterfalls & Kimonos,Retired,3700.0,2.0,0,0,0,2
V0423078,Vivo Basic Leila Short Waterfall,Vivo Basic Leila Short Waterfall - Taupe,V0423078TAUXS/S,60056861,Vivo,Outerwear,Waterfalls & Kimonos,Retired,3700.0,0,0,0,1,1
V0423078,Vivo Basic Leila Short Waterfall,Vivo Basic Leila Short Waterfall - Teal,V0423078TEAM/L,60054250,Vivo,Outerwear,Waterfalls & Kimonos,Retired,3700.0,0,0,1.0,0,1
V0423078,Vivo Basic Leila Short Waterfall,Vivo Basic Leila Short Waterfall in Jersey - Dark Green,V0423078DGRNM/L,60069561,Vivo,Outerwear,Waterfalls & Kimonos,Retired,3700.0,5.0,0,40.0,2,47
V0423078,Vivo Basic Leila Short Waterfall,Vivo Basic Leila Short Waterfall in Jersey - Dark Green,V0423078DGRN1X/2X,60069562,Vivo,Outerwear,Waterfalls & Kimonos,Retired,3700.0,6.0,0,18.0,1,25
V0423078,Vivo Basic Leila Short Waterfall,Vivo Basic Leila Short Waterfall in Jersey - Dark Green,V0423078DGRNXS/S,60069560,Vivo,Outerwear,Waterfalls & Kimonos,Retired,3700.0,7.0,0,41.0,2,50
V0423078,Vivo Basic Leila Short Waterfall,Vivo Basic Leila Short Waterfall in Jersey - Dark Mustard,V0423078DMUSXS/S,60069557,Vivo,Outerwear,Waterfalls & Kimonos,Retired,3700.0,5.0,0,17.0,2,24
V0423078,Vivo Basic Leila Short Waterfall,Vivo Basic Leila Short Waterfall in Jersey - Dark Mustard,V0423078DMUSM/L,60069558,Vivo,Outerwear,Waterfalls & Kimonos,Retired,3700.0,2.0,0,19.0,2,23
V0423078,Vivo Basic Leila Short Waterfall,Vivo Basic Leila Short Waterfall in Jersey - Dark Mustard,V0423078DMUS1X/2X,60069559,Vivo,Outerwear,Waterfalls & Kimonos,Retired,3700.0,3.0,0,10.0,1,14
V0423078,Vivo Basic Leila Short Waterfall,Vivo Basic Leila Short Waterfall in Jersey - Navy Blue,V0423078NABXS/S,60043184,Vivo,Outerwear,Waterfalls & Kimonos,Retired,3700.0,13.0,0,24.0,2,39
V0423078,Vivo Basic Leila Short Waterfall,Vivo Basic Leila Short Waterfall in Jersey - Navy Blue,V0423078NABM/L,60043185,Vivo,Outerwear,Waterfalls & Kimonos,Retired,3700.0,8.0,0,27.0,2,37
V0423078,Vivo Basic Leila Short Waterfall,Vivo Basic Leila Short Waterfall in Jersey - Navy Blue,V0423078NAB1X/2X,60047318,Vivo,Outerwear,Waterfalls & Kimonos,Retired,3700.0,3.0,0,11.0,1,15
V0423078,Vivo Basic Leila Short Waterfall,Vivo Basic Leila Short Waterfall in Jersey - White,V0423078WHIXS/S,60036668,Vivo,Outerwear,Waterfalls & Kimonos,Retired,3700.0,0,0,6.0,2,8
V0423078,Vivo Basic Leila Short Waterfall,Vivo Basic Leila Short Waterfall in Jersey - White,V0423078WHIM/L,60036669,Vivo,Outerwear,Waterfalls & Kimonos,Retired,3700.0,3.0,0,5.0,2,10
V0423078,Vivo Basic Leila Short Waterfall,Vivo Basic Leila Short Waterfall in Jersey - White,V0423078WHI1X/2X,60036670,Vivo,Outerwear,Waterfalls & Kimonos,Retired,3700.0,2.0,2.0,2.0,2,8
V0424027,Vivo Saida Cigarrets Pants,Vivo Saida Cigarrets Pants - Navy,V0424027NAVXS,60036925,Vivo,Bottoms,Full Length Pants,Retired,750.0,0,1.0,0,0,1
V0424029,Vivo Saida Dress Coat,Vivo Saida Dress Coat - Rust,V0424029RUSL,60036626,Vivo,Outerwear,Jackets & Coats,Retired,1750.0,1.0,0,0,0,1
V0424100,Vivo Tatari Panelled Skirt,Vivo Tatari Panelled Skirt - Black / Olive,V0424100BLA/OLIS,60043552,Vivo,Skirts,Knee Length Skirts,Retired,1650.0,0,1.0,1.0,1,3
V0424116,Vivo X This Is Essential Raceback Bralette,Vivo X This Is Essential Raceback Bralette - Black,V0424116BLAXS,60035803,Vivo,Tops,Midriff & Crop Tops,Retired,1500.0,0,5.0,0,0,5
V0424116,Vivo X This Is Essential Raceback Bralette,Vivo X This Is Essential Raceback Bralette - Black,V0424116BLA2X,60035808,Vivo,Tops,Midriff & Crop Tops,Retired,1500.0,0,0,0,1,1
V0424116,Vivo X This Is Essential Raceback Bralette,Vivo X This Is Essential Raceback Bralette - Black,V0424116BLAXXS,60035802,Vivo,Tops,Midriff & Crop Tops,Retired,1500.0,0,0,0,1,1
V0424116,Vivo X This Is Essential Raceback Bralette,Vivo X This Is Essential Raceback Bralette - Navy Blue,V0424116NAB2X,60035817,Vivo,Tops,Midriff & Crop Tops,Retired,1500.0,0,5.0,0,0,5
V0424116,Vivo X This Is Essential Raceback Bralette,Vivo X This Is Essential Raceback Bralette - Navy Blue,V0424116NAB1X,60035816,Vivo,Tops,Midriff & Crop Tops,Retired,1500.0,0,0,0,1,1
V0424116,Vivo X This Is Essential Raceback Bralette,Vivo X This Is Essential Raceback Bralette - Navy Blue,V0424116NABS,60035813,Vivo,Tops,Midriff & Crop Tops,Retired,1500.0,0,9.0,0,1,10
V0424116,Vivo X This Is Essential Raceback Bralette,Vivo X This Is Essential Raceback Bralette - Navy Blue,V0424116NABM,60035814,Vivo,Tops,Midriff & Crop Tops,Retired,1500.0,0,13.0,0,0,13
V0424116,Vivo X This Is Essential Raceback Bralette,Vivo X This Is Essential Raceback Bralette - Navy Blue,V0424116NABXS,60035812,Vivo,Tops,Midriff & Crop Tops,Retired,1500.0,0,4.0,0,0,4
V0424116,Vivo X This Is Essential Raceback Bralette,Vivo X This Is Essential Raceback Bralette - Navy Blue,V0424116NABXXS,60035811,Vivo,Tops,Midriff & Crop Tops,Retired,1500.0,0,2.0,0,0,2
V0424116,Vivo X This Is Essential Raceback Bralette,Vivo X This Is Essential Raceback Bralette - Navy Blue,V0424116NABL,60035815,Vivo,Tops,Midriff & Crop Tops,Retired,1500.0,0,1.0,0,0,1
V0424124,Vivo Chesi Wide Leg Pants,Vivo Chesi Wide Leg Pants - Mint / Hunters Green Hesi Print,V0424124PR11X,60039091,Vivo,Bottoms,Full Length Pants,Retired,4550.0,0,0,0,1,1
V0424124,Vivo Chesi Wide Leg Pants,Vivo Chesi Wide Leg Pants - Mint / Hunters Green Hesi Print,V0424124PR1M,60039089,Vivo,Bottoms,Full Length Pants,Retired,4550.0,0,0,1.0,2,3
V0424124,Vivo Chesi Wide Leg Pants,Vivo Chesi Wide Leg Pants - Rust / Black Hesi Print,V0424124PR31X,60040356,Vivo,Bottoms,Full Length Pants,Retired,2750.0,0,1.0,0,1,2
V0424124,Vivo Chesi Wide Leg Pants,Vivo Chesi Wide Leg Pants - Rust / Black Hesi Print,V0424124PR3S,60040353,Vivo,Bottoms,Full Length Pants,Retired,2750.0,0,0,0,1,1
V0424125,Vivo Chesi Kimono,Vivo Chesi Kimono - Rust / Black Hesi Print,V0424125PR31X,60040403,Vivo,Outerwear,Waterfalls & Kimonos,Retired,4150.0,0,0,0,1,1
V0424127,Vivo Dua Dolman Top,Vivo Dua Dolman Top - Brown,V0424127BROM/L,60039127,Vivo,Tops,Loose Tops,Retired,1450.0,0,1.0,0,1,2
V0424155,Vivo Halter Maxi With Lining,Vivo Halter Maxi With Lining - Purple / Red Print,V0424155PR2XS/S,60035652,Vivo,Dresses,Maxi Dresses,Retired,1250.0,0,0,1.0,0,1
V0424156,Vivo Solei Shorts(without lining),Vivo Solei Shorts(without lining) - Black / White Print,V0424156PR43X,60035531,Vivo,Bottoms,Shorts & Skorts,Retired,3450.0,0,0,0,1,1
V0424156,Vivo Solei Shorts(without lining),Vivo Solei Shorts(without lining) - Black / White Print,V0424156PR4XS,60035525,Vivo,Bottoms,Shorts & Skorts,Retired,3450.0,0,0,0,1,1
V0424156,Vivo Solei Shorts(without lining),Vivo Solei Shorts(without lining) - Black / White Print,V0424156PR4S,60035526,Vivo,Bottoms,Shorts & Skorts,Retired,3450.0,1.0,0,2.0,0,3
V0424156,Vivo Solei Shorts(without lining),Vivo Solei Shorts(without lining) - Grey / Black Print,V0424156PR3M,60035535,Vivo,Bottoms,Shorts & Skorts,Retired,3450.0,0,0,1.0,0,1
V0424156,Vivo Solei Shorts(without lining),Vivo Solei Shorts(without lining) - Grey / Black Print,V0424156PR3S,60035534,Vivo,Bottoms,Shorts & Skorts,Retired,3450.0,0,1.0,1.0,1,3
V0424156,Vivo Solei Shorts(without lining),Vivo Solei Shorts(without lining) - Grey / Black Print,V0424156PR34X,60035540,Vivo,Bottoms,Shorts & Skorts,Retired,3450.0,0,0,1.0,1,2
V0424156,Vivo Solei Shorts(without lining),Vivo Solei Shorts(without lining) - Grey / Black Print,V0424156PR3XS,60035533,Vivo,Bottoms,Shorts & Skorts,Retired,3450.0,0,0,3.0,1,4
V0424156,Vivo Solei Shorts(without lining),Vivo Solei Shorts(without lining) - Grey / Black Print,V0424156PR33X,60035539,Vivo,Bottoms,Shorts & Skorts,Retired,3450.0,0,0,0,1,1
V0424158,Vivo Cowl Camisole,Vivo Cowl Camisole - Black,V0424158BLA1X,60035492,Vivo,Tops,Loose Tops,Retired,1300.0,0,0,1.0,0,1
V0424158,Vivo Cowl Camisole,Vivo Cowl Camisole - Black,V0424158BLA3X,60035494,Vivo,Tops,Loose Tops,Retired,1300.0,0,0,0,1,1
V0424158,Vivo Cowl Camisole,Vivo Cowl Camisole - Black,V0424158BLAL,60035491,Vivo,Tops,Loose Tops,Retired,1300.0,0,0,0,1,1
V0424158,Vivo Cowl Camisole,Vivo Cowl Camisole - Black,V0424158BLA4X,60035495,Vivo,Tops,Loose Tops,Retired,1300.0,0,0,1.0,0,1
V0424158,Vivo Cowl Camisole,Vivo Cowl Camisole - Khaki,V0424158KHAS,60035497,Vivo,Tops,Loose Tops,Retired,1050.0,0,0,0,1,1
V0424158,Vivo Cowl Camisole,Vivo Cowl Camisole - Khaki,V0424158KHA2X,60035501,Vivo,Tops,Loose Tops,Retired,1050.0,0,0,1,1,2
V0424158,Vivo Cowl Camisole,Vivo Cowl Camisole - Khaki,V0424158KHAL,60035499,Vivo,Tops,Loose Tops,Retired,1050.0,1.0,0,0,1,2
V0424158,Vivo Cowl Camisole,Vivo Cowl Camisole - Khaki,V0424158KHAM,60035498,Vivo,Tops,Loose Tops,Retired,1050.0,1.0,0,0,1,2
V0424158,Vivo Cowl Camisole,Vivo Cowl Camisole - Khaki,V0424158KHA3X,60035502,Vivo,Tops,Loose Tops,Retired,1050.0,0,1.0,0,1,2
V0424158,Vivo Cowl Camisole,Vivo Cowl Camisole - Khaki,V0424158KHA1X,60035500,Vivo,Tops,Loose Tops,Retired,1050.0,0,0,0,1,1
V0424158,Vivo Cowl Camisole,Vivo Cowl Camisole - White,V0424158WHIL,60035508,Vivo,Tops,Loose Tops,Retired,950.0,0,0,1.0,0,1
V0424160,Vivo Hooded Kimono With Elastic Cuff,Vivo Hooded Kimono With Elastic Cuff - Black,V0424160BLAXS/S,60035220,Vivo,Outerwear,Waterfalls & Kimonos,Retired,6950.0,0,0,0,1,1
V0424160,Vivo Hooded Kimono With Elastic Cuff,Vivo Hooded Kimono With Elastic Cuff - Black,V0424160BLA3X/4X,60035223,Vivo,Outerwear,Waterfalls & Kimonos,Retired,6950.0,0,0,0,1,1
V0424160,Vivo Hooded Kimono With Elastic Cuff,Vivo Hooded Kimono With Elastic Cuff - Black,V0424160BLAM/L,60035221,Vivo,Outerwear,Waterfalls & Kimonos,Retired,6950.0,0,0,0,1,1
V0424160,Vivo Hooded Kimono With Elastic Cuff,Vivo Hooded Kimono With Elastic Cuff - Orange,V0424160ORA3X/4X,60035231,Vivo,Outerwear,Waterfalls & Kimonos,Retired,1950.0,0,0,0,1,1
V0424160,Vivo Hooded Kimono With Elastic Cuff,Vivo Hooded Kimono With Elastic Cuff - Orange,V0424160ORA1X/2X,60035230,Vivo,Outerwear,Waterfalls & Kimonos,Retired,1950.0,0,0,0,1,1
V0424161,Vivo Sarong Skirt,Vivo Sarong Skirt - Black,V0424161BLAF,60035097,Vivo,Skirts,Midi & Capri Skirts,Retired,3900.0,1.0,0,0,0,1
V0424161,Vivo Sarong Skirt,Vivo Sarong Skirt - Burgundy / Tan Print,V0424161PR6F,60057721,Vivo,Skirts,Midi & Capri Skirts,Retired,1550.0,2.0,0,7.0,1,10
V0424161,Vivo Sarong Skirt,Vivo Sarong Skirt - Dark Green / Hunters Print,V0424161PR5F,60057720,Vivo,Skirts,Midi & Capri Skirts,Retired,1050.0,0,0,1,0,1
V0424161,Vivo Sarong Skirt,Vivo Sarong Skirt - Dark Tan / Lime Print,V0424161PR7F,60057722,Vivo,Skirts,Midi & Capri Skirts,Retired,1550.0,2.0,1.0,7.0,0,10
V0424168,Vivo Chiffon Wide Kimono,Vivo Chiffon Wide Kimono - Peach / White Print,V0424168PR5F,60045876,Vivo,Outerwear,Waterfalls & Kimonos,Retired,1950.0,0,2.0,0,2,4
V0425001,Vivo Kaisa Strappy Maxi Dress,Vivo Kaisa Strappy Maxi Dress - Black,V0425001BLAL,60053796,Vivo,Dresses,Maxi Dresses,Retired,2750.0,0,0,0,1,1
V0425001,Vivo Kaisa Strappy Maxi Dress,Vivo Kaisa Strappy Maxi Dress - Taupe,V0425001TAUM,60053799,Vivo,Dresses,Maxi Dresses,Retired,1350.0,0,0,0,1,1
V0425003,Vivo Rema Waterfall,Vivo Rema Waterfall - Dark Taupe,V0425003DTAUXS/S,60054492,Vivo,Outerwear,Waterfalls & Kimonos,Retired,3900.0,1.0,0,0,1,2
V0425003,Vivo Rema Waterfall,Vivo Rema Waterfall - Dark Taupe,V0425003DTAU1X/2X,60054494,Vivo,Outerwear,Waterfalls & Kimonos,Retired,3900.0,1.0,1.0,0,1,3
V0425003,Vivo Rema Waterfall,Vivo Rema Waterfall - Mustard,V0425003MUSXS/S,60054495,Vivo,Outerwear,Waterfalls & Kimonos,Retired,3900.0,0,0,0,1,1
V0425003,Vivo Rema Waterfall,Vivo Rema Waterfall - Mustard,V0425003MUS1X/2X,60054497,Vivo,Outerwear,Waterfalls & Kimonos,Retired,3900.0,0,2.0,0,1,3
V0425007,Vivo Rema High Low Maxi Dress,Vivo Rema High Low Maxi Dress - Peach,V0425007PEAS,60054664,Vivo,Dresses,Midi & Capri Dresses,Retired,3550.0,0,3.0,0,1,4
V0425007,Vivo Rema High Low Maxi Dress,Vivo Rema High Low Maxi Dress - Peach,V0425007PEAL,60054666,Vivo,Dresses,Midi & Capri Dresses,Retired,3550.0,0,0,0,1,1
V0425007,Vivo Rema High Low Maxi Dress,Vivo Rema High Low Maxi Dress - Peach,V0425007PEAM,60054665,Vivo,Dresses,Midi & Capri Dresses,Retired,3550.0,0,0,0,4,4
V0425007,Vivo Rema High Low Maxi Dress,Vivo Rema High Low Maxi Dress - Royal Blue,V0425007RBLUS,60054656,Vivo,Dresses,Midi & Capri Dresses,Retired,2750.0,0,0,0,1,1
V0425007,Vivo Rema High Low Maxi Dress,Vivo Rema High Low Maxi Dress - Royal Blue,V0425007RBLUL,60054658,Vivo,Dresses,Midi & Capri Dresses,Retired,2750.0,0,0,0,1,1
V0425007,Vivo Rema High Low Maxi Dress,Vivo Rema High Low Maxi Dress - Sage,V0425007SAGM,60054480,Vivo,Dresses,Midi & Capri Dresses,Retired,3550.0,0,0,0,2,2
V0425007,Vivo Rema High Low Maxi Dress,Vivo Rema High Low Maxi Dress - Sage,V0425007SAGL,60054481,Vivo,Dresses,Midi & Capri Dresses,Retired,3550.0,0,0,0,1,1
V0425009,Vivo Rema Palazzo Pants,Vivo Rema Palazzo Pants - Brown,V0425009BROS,60054454,Vivo,Bottoms,Full Length Pants,Retired,3500.0,0,0,0,1,1
V0425046,Vivo Analo Sleeveless Tie Kimono,Vivo Analo Sleeveless Tie Kimono - Black,V0425046BLAXS/S,60054773,Vivo,Outerwear,Waterfalls & Kimonos,Retired,1050.0,0,1.0,0,1,2
V0425046,Vivo Analo Sleeveless Tie Kimono,Vivo Analo Sleeveless Tie Kimono - Orange,V0425046ORAXS/S,60054776,Vivo,Outerwear,Waterfalls & Kimonos,Retired,1550.0,1.0,0,0,2,3
V0425046,Vivo Analo Sleeveless Tie Kimono,Vivo Analo Sleeveless Tie Kimono - Yellow,V0425046YELM/L,60054780,Vivo,Outerwear,Waterfalls & Kimonos,Retired,1550.0,0,0,0,1,1
V0425046,Vivo Analo Sleeveless Tie Kimono,Vivo Analo Sleeveless Tie Kimono - Yellow,V0425046YELXS/S,60054779,Vivo,Outerwear,Waterfalls & Kimonos,Retired,1550.0,0,1.0,0,1,2
V0425048,Vivo Rema Drawstring Pants,Vivo Rema Drawstring Pants - Black,V0425048BLAS,60054446,Vivo,Bottoms,Full Length Pants,Retired,2450.0,1.0,0,0,0,1
V0425048,Vivo Rema Drawstring Pants,Vivo Rema Drawstring Pants - Magenta,V0425048MAG1X,60054453,Vivo,Bottoms,Full Length Pants,Retired,2450.0,0,0,0,1,1
V0425056,Vivo Diella 3/4 Sleeve A-Line Dress,Vivo Diella 3/4 Sleeve A-Line Dress - Black,V0425056BLAM,60056637,Vivo,Dresses,Knee Length Dresses,Retired,4500.0,0,12.0,0,3,15
V0425056,Vivo Diella 3/4 Sleeve A-Line Dress,Vivo Diella 3/4 Sleeve A-Line Dress - Black,V0425056BLAS,60056636,Vivo,Dresses,Knee Length Dresses,Retired,4500.0,1.0,2.0,0,2,5
V0425056,Vivo Diella 3/4 Sleeve A-Line Dress,Vivo Diella 3/4 Sleeve A-Line Dress - Black,V0425056BLAL,60056638,Vivo,Dresses,Knee Length Dresses,Retired,4500.0,0,5.0,0,2,7
V0425056,Vivo Diella 3/4 Sleeve A-Line Dress,Vivo Diella 3/4 Sleeve A-Line Dress - Black,V0425056BLA1X,60056639,Vivo,Dresses,Knee Length Dresses,Retired,4500.0,0,0,0,3,3
V0425056,Vivo Diella 3/4 Sleeve A-Line Dress,Vivo Diella 3/4 Sleeve A-Line Dress - Dark Olive,V0425056DAO1X,60056377,Vivo,Dresses,Knee Length Dresses,Retired,4500.0,0,3.0,0,2,5
V0425056,Vivo Diella 3/4 Sleeve A-Line Dress,Vivo Diella 3/4 Sleeve A-Line Dress - Dark Olive,V0425056DAOM,60056375,Vivo,Dresses,Knee Length Dresses,Retired,4500.0,2.0,5.0,0,4,11
V0425056,Vivo Diella 3/4 Sleeve A-Line Dress,Vivo Diella 3/4 Sleeve A-Line Dress - Dark Olive,V0425056DAOS,60056374,Vivo,Dresses,Knee Length Dresses,Retired,4500.0,0,5.0,0,1,6
V0425056,Vivo Diella 3/4 Sleeve A-Line Dress,Vivo Diella 3/4 Sleeve A-Line Dress - Dark Olive,V0425056DAOL,60056376,Vivo,Dresses,Knee Length Dresses,Retired,4500.0,0,7.0,0,5,12
V0425056,Vivo Diella 3/4 Sleeve A-Line Dress,Vivo Diella 3/4 Sleeve A-Line Dress - Dark Purple,V0425056DPURS,60056640,Vivo,Dresses,Knee Length Dresses,Retired,4500.0,0,5.0,0,3,8
V0425056,Vivo Diella 3/4 Sleeve A-Line Dress,Vivo Diella 3/4 Sleeve A-Line Dress - Dark Purple,V0425056DPUR1X,60056643,Vivo,Dresses,Knee Length Dresses,Retired,4500.0,0,3.0,1,1,5
V0425056,Vivo Diella 3/4 Sleeve A-Line Dress,Vivo Diella 3/4 Sleeve A-Line Dress - Dark Purple,V0425056DPURM,60056641,Vivo,Dresses,Knee Length Dresses,Retired,4500.0,0,20.0,1,2,23
V0425056,Vivo Diella 3/4 Sleeve A-Line Dress,Vivo Diella 3/4 Sleeve A-Line Dress - Dark Purple,V0425056DPURL,60056642,Vivo,Dresses,Knee Length Dresses,Retired,4500.0,0,6.0,0,5,11
V0523033,Vivo Maisha Drop Shoulder Maxi Dress In Rayon,Vivo Maisha Drop Shoulder Maxi Dress In Rayon - Black / White Print,V0523033PR181X,60064006,Vivo,Dresses,Maxi Dresses,Retired,5900.0,0,0,1.0,0,1
V0523033,Vivo Maisha Drop Shoulder Maxi Dress In Rayon,Vivo Maisha Drop Shoulder Maxi Dress In Rayon - Black / White Spiral Print,V0523033PR151X,60063991,Vivo,Dresses,Maxi Dresses,Retired,5900.0,0,0,1.0,0,1
V0523033,Vivo Maisha Drop Shoulder Maxi Dress In Rayon,Vivo Maisha Drop Shoulder Maxi Dress In Rayon - Black / White Spiral Print,V0523033PR15M,60063989,Vivo,Dresses,Maxi Dresses,Retired,5900.0,0,0,2.0,0,2
V0523033,Vivo Maisha Drop Shoulder Maxi Dress In Rayon,Vivo Maisha Drop Shoulder Maxi Dress In Rayon - Light Brown / Cream Print,V0523033PR91X,60063961,Vivo,Dresses,Maxi Dresses,Retired,5900.0,0,0,0,1,1
V0523033,Vivo Maisha Drop Shoulder Maxi Dress In Rayon,Vivo Maisha Drop Shoulder Maxi Dress In Rayon - Off White / Olive Print,V0523033PR16L,60063995,Vivo,Dresses,Maxi Dresses,Retired,5900.0,0,0,1.0,0,1
V0523033,Vivo Maisha Drop Shoulder Maxi Dress In Rayon,Vivo Maisha Drop Shoulder Maxi Dress In Rayon - Off White / Olive Print,V0523033PR161X,60063996,Vivo,Dresses,Maxi Dresses,Retired,5900.0,0,0,1.0,0,1
V0523033,Vivo Maisha Drop Shoulder Maxi Dress In Rayon,Vivo Maisha Drop Shoulder Maxi Dress In Rayon - Off White / Olive Print,V0523033PR16M,60063994,Vivo,Dresses,Maxi Dresses,Retired,5900.0,1.0,0,0,0,1
V0523033,Vivo Maisha Drop Shoulder Maxi Dress In Rayon,Vivo Maisha Drop Shoulder Maxi Dress In Rayon - Pink / Cream Print,V0523033PR10S,60063963,Vivo,Dresses,Maxi Dresses,Retired,5900.0,1.0,0,0,1,2
V0523033,Vivo Maisha Drop Shoulder Maxi Dress In Rayon,Vivo Maisha Drop Shoulder Maxi Dress In Rayon - Pink / Cream Print,V0523033PR10L,60063965,Vivo,Dresses,Maxi Dresses,Retired,5900.0,0,0,0,1,1
V0523033,Vivo Maisha Drop Shoulder Maxi Dress In Rayon,Vivo Maisha Drop Shoulder Maxi Dress In Rayon - Pink / Cream Print,V0523033PR101X,60063966,Vivo,Dresses,Maxi Dresses,Retired,5900.0,0,0,1.0,0,1
V0523033,Vivo Maisha Drop Shoulder Maxi Dress In Rayon,Vivo Maisha Drop Shoulder Maxi Dress In Rayon - Pink / Light Tan Print,V0523033PR112X,60063972,Vivo,Dresses,Maxi Dresses,Retired,5900.0,0,0,0,1,1
V0523033,Vivo Maisha Drop Shoulder Maxi Dress In Rayon,Vivo Maisha Drop Shoulder Maxi Dress In Rayon - Pink / Light Tan Print,V0523033PR111X,60063971,Vivo,Dresses,Maxi Dresses,Retired,5900.0,0,0,1.0,1,2
V0523033,Vivo Maisha Drop Shoulder Maxi Dress In Rayon,Vivo Maisha Drop Shoulder Maxi Dress In Rayon - Pink / Light Tan Print,V0523033PR11M,60063969,Vivo,Dresses,Maxi Dresses,Retired,5900.0,2.0,0,2.0,0,4
V0523033,Vivo Maisha Drop Shoulder Maxi Dress In Rayon,Vivo Maisha Drop Shoulder Maxi Dress In Rayon - Pink / Light Tan Print,V0523033PR11S,60063968,Vivo,Dresses,Maxi Dresses,Retired,5900.0,2.0,0,1.0,0,3
V0523033,Vivo Maisha Drop Shoulder Maxi Dress In Rayon,Vivo Maisha Drop Shoulder Maxi Dress In Rayon - Pink / Light Tan Print,V0523033PR11L,60063970,Vivo,Dresses,Maxi Dresses,Retired,5900.0,0,0,1.0,1,2
V0523033,Vivo Maisha Drop Shoulder Maxi Dress In Rayon,Vivo Maisha Drop Shoulder Maxi Dress In Rayon - Sea Green / Navy Print,V0523033PR14L,60063985,Vivo,Dresses,Maxi Dresses,Retired,5900.0,0,0,1.0,0,1
V0523033,Vivo Maisha Drop Shoulder Maxi Dress In Rayon,Vivo Maisha Drop Shoulder Maxi Dress In Rayon - Yellow / Blue Print,V0523033PR13S,60063978,Vivo,Dresses,Maxi Dresses,Retired,5900.0,0,0,1.0,0,1
V0523123,Vivo Basic Double Layered Wrap Poncho (Without Fringe),Vivo Basic Double Layered Wrap Poncho (Without Fringe) - Coral / Grey,V0523123PR4F,60028980,Vivo,Outerwear,Sweaters & Ponchos,Retired,5250.0,0,0,0,1,1
V0523123,Vivo Basic Double Layered Wrap Poncho (Without Fringe),Vivo Basic Double Layered Wrap Poncho - Off White,V0819102OFWF,50008543,Vivo,Outerwear,Sweaters & Ponchos,Retired,5550.0,0,1.0,2.0,0,6
V0523146,Vivo Leila Hip Length Waterfall,Vivo Leila Hip Length Waterfall - Teal,V0523146TEAS/M,60018326,Vivo,Outerwear,Waterfalls & Kimonos,Retired,1050.0,1.0,0,0,0,1
V0523146,Vivo Leila Hip Length Waterfall,Vivo Leila Hip Length Waterfall - Teal,V0523146TEAL/XL,60019120,Vivo,Outerwear,Waterfalls & Kimonos,Retired,1050.0,0,1.0,2.0,0,3
V0523146,Vivo Leila Hip Length Waterfall,Vivo Leila Hip Length Waterfall - White,V0523146WHIL/XL,60019122,Vivo,Outerwear,Waterfalls & Kimonos,Retired,3750.0,1.0,0,0,0,1
V0523147,Vivo Dua Long Bishop Sleeve Top,Vivo Dua Long Bishop Sleeve Top - Red,V0523147REDL,60049862,Vivo,Tops,Fitted Tops,Retired,2050.0,0,0,1.0,0,1
V0523155,Vivo Sia Leisure Pants,Vivo Sia Leisure Pants - Coral,V0523155CORM,60021132,Vivo,Bottoms,Full Length Pants,Retired,750.0,0,0,1.0,0,1
V0523155,Vivo Sia Leisure Pants,Vivo Sia Leisure Pants - Hunters Green,V0523155HGNS,60018460,Vivo,Bottoms,Full Length Pants,Retired,1150.0,0,0,2.0,0,2
V0523180,Vivo Laika Long Sleeve Mandarin Top,Vivo Laika Long Sleeve Mandarin Top - Navy Blue,V0523180NABL,60018688,Vivo,Tops,Fitted Tops,Retired,700.0,0,0,1,0,1
V0523184,Vivo Laika Long Sleeve Tie Top,Vivo Laika Long Sleeve Tie Top - White / Black Una Print,V0523184PR1S,60050239,Vivo,Tops,Loose Tops,Retired,2750.0,0,1.0,0,1,2
V0523201,Vivo X Pinky Sleeveless Cross Back Fitness Bra,Vivo X Pinky Sleeveless Cross Back Fitness Bra - White / Pink Abstract Print,V0523201PR1XL,60019375,Vivo,Tops,Fitted Tops,Retired,400.0,0,0,1.0,0,1
V0524001,Vivo X This Is Essential Midi Dress,Vivo X This Is Essential Midi Dress - Black,V0524001BLAXXS,60044879,Vivo,Dresses,Midi & Capri Dresses,Retired,4550.0,0,0,0,1,1
V0524004,Vivo X This Is Essential One Shoulder Bodysuit,Vivo X This Is Essential One Shoulder Bodysuit - Navy,V0524004NAVXS,60045784,Vivo,Tops,Bodysuits,Retired,2250.0,0,5.0,0,1,6
V0524004,Vivo X This Is Essential One Shoulder Bodysuit,Vivo X This Is Essential One Shoulder Bodysuit - Navy,V0524004NAVS,60045785,Vivo,Tops,Bodysuits,Retired,2250.0,0,11.0,0,1,12
V0524004,Vivo X This Is Essential One Shoulder Bodysuit,Vivo X This Is Essential One Shoulder Bodysuit - Navy,V0524004NAVXXS,60045783,Vivo,Tops,Bodysuits,Retired,2250.0,0,12.0,0,3,15
V0524004,Vivo X This Is Essential One Shoulder Bodysuit,Vivo X This Is Essential One Shoulder Bodysuit - Navy,V0524004NAV1X,60045788,Vivo,Tops,Bodysuits,Retired,2250.0,0,0,0,1,1
V0524004,Vivo X This Is Essential One Shoulder Bodysuit,Vivo X This Is Essential One Shoulder Bodysuit - Navy,V0524004NAV2X,60045789,Vivo,Tops,Bodysuits,Retired,2250.0,0,13.0,0,2,15
V0524005,Vivo X This Is Essential Ruched Bodysuit,Vivo X This Is Essential Ruched Bodysuit - Red,V0524005REDXXS,60044847,Vivo,Tops,Bodysuits,Retired,4250.0,0,18.0,0,1,19
V0524005,Vivo X This Is Essential Ruched Bodysuit,Vivo X This Is Essential Ruched Bodysuit - Red,V0524005REDXS,60044750,Vivo,Tops,Bodysuits,Retired,4250.0,0,0,0,1,1
V0524167,Vivo Satin Drawstring Pants,Vivo Satin Drawstring Pants - Capuccino,V0524167CAPXS,60037550,Vivo,Bottoms,Full Length Pants,Retired,1550.0,0,2.0,0,1,3
V0524167,Vivo Satin Drawstring Pants,Vivo Satin Drawstring Pants - Print Sand,V0524167PR1XS,60035134,Vivo,Bottoms,Full Length Pants,Retired,1250.0,0,0,1.0,0,1
V0524167,Vivo Satin Drawstring Pants,Vivo Satin Drawstring Pants - Print Sand,V0524167PR1S,60035135,Vivo,Bottoms,Full Length Pants,Retired,1250.0,0,0,1.0,0,1
V0524171,Vivo Zahari Straight Leg Pants,Vivo Zahari Straight Leg Pants - Black,V0524171BLAL,60037091,Vivo,Bottoms,Full Length Pants,Retired,1150.0,0,0,0,1,1
V0524171,Vivo Zahari Straight Leg Pants,Vivo Zahari Straight Leg Pants - Navy,V0524171NAV4X,60037497,Vivo,Bottoms,Full Length Pants,Retired,1600.0,0,1.0,0,2,3
V0524171,Vivo Zahari Straight Leg Pants,Vivo Zahari Straight Leg Pants - Navy,V0524171NAV3X,60037496,Vivo,Bottoms,Full Length Pants,Retired,1600.0,0,0,0,1,1
V0524171,Vivo Zahari Straight Leg Pants,Vivo Zahari Straight Leg Pants - Off White,V0524171OFWXS,60037498,Vivo,Bottoms,Full Length Pants,Retired,1150.0,0,0,0,1,1
V0524181,Vivo Kitenge Infinity Jumpsuit,Vivo Kitenge Infinity Jumpsuit - Bukavu,V0524181PR1M/L,60038474,Vivo,Bottoms,Jumpsuits & Playsuits,Retired,1950.0,0,2.0,0,0,2
V0524181,Vivo Kitenge Infinity Jumpsuit,Vivo Kitenge Infinity Jumpsuit - Bukavu,V0524181PR13X/4X,60038476,Vivo,Bottoms,Jumpsuits & Playsuits,Retired,1950.0,0,0,0,2,2
V0524181,Vivo Kitenge Infinity Jumpsuit,Vivo Kitenge Infinity Jumpsuit - Zena,V0524181PR2M/L,60038479,Vivo,Bottoms,Jumpsuits & Playsuits,Retired,1950.0,1.0,0,0,0,1
V0524181,Vivo Kitenge Infinity Jumpsuit,Vivo Kitenge Infinity Jumpsuit - Zena,V0524181PR23X/4X,60038481,Vivo,Bottoms,Jumpsuits & Playsuits,Retired,1950.0,0,0,0,1,1
V0524194,Vivo Cuffed Wide Sweater,Vivo Cuffed Wide Sweater - Black,V0524194BLAS/M,60042950,Vivo,Outerwear,Sweaters & Ponchos,Retired,4550.0,0,0,1.0,0,1
V0524194,Vivo Cuffed Wide Sweater,Vivo Cuffed Wide Sweater - Black / Rust,V0524194PR5S/M,60053374,Vivo,Outerwear,Sweaters & Ponchos,Retired,4550.0,0,0,2.0,0,2
V0524194,Vivo Cuffed Wide Sweater,Vivo Cuffed Wide Sweater - Tangerine / Coffee Brown,V0524194TANCOFFL/1X,60042959,Vivo,Outerwear,Sweaters & Ponchos,Retired,3250.0,0,0,1.0,0,1
V0524194,Vivo Cuffed Wide Sweater,Vivo Cuffed Wide Sweater - White,V0524194WHIS/M,60053334,Vivo,Outerwear,Sweaters & Ponchos,Retired,6550.0,0,0,0,1,1
V0524194,Vivo Cuffed Wide Sweater,Vivo Cuffed Wide Sweater - White,V0524194WHIL/1X,60053335,Vivo,Outerwear,Sweaters & Ponchos,Retired,6550.0,0,0,0,1,1
V0525026,Vivo Maisha Wide Kimono,Vivo Maisha Wide Kimono - Cream / Black Print,V0525026PR4F,60055124,Vivo,Outerwear,Waterfalls & Kimonos,Retired,3150.0,1.0,0,0,1,2
V0525026,Vivo Maisha Wide Kimono,Vivo Maisha Wide Kimono - Cream / Orange Print,V0525026PR1F,60055118,Vivo,Outerwear,Waterfalls & Kimonos,Retired,1250.0,0,0,1.0,0,1
V0525026,Vivo Maisha Wide Kimono,Vivo Maisha Wide Kimono - Grey / Black Print,V0525026PR5F,60055157,Vivo,Outerwear,Waterfalls & Kimonos,Retired,3150.0,0,0,1,0,1
V0525026,Vivo Maisha Wide Kimono,Vivo Maisha Wide Kimono - White / Grey Print,V0525026PR3F,60055123,Vivo,Outerwear,Waterfalls & Kimonos,Retired,3150.0,1.0,0,1.0,1,3
V0525043,Vivo Samira Maxi Kimono,Vivo Samira Maxi Kimono - Black / Red Print,V0525043PR11L/1X,60056022,Vivo,Outerwear,Waterfalls & Kimonos,Retired,5900.0,0,0,0,1,1
V0525043,Vivo Samira Maxi Kimono,Vivo Samira Maxi Kimono - Black / Red Print,V0525043PR11S/M,60056021,Vivo,Outerwear,Waterfalls & Kimonos,Retired,5900.0,1.0,3.0,2,1,8
V0525043,Vivo Samira Maxi Kimono,Vivo Samira Maxi Kimono - Dark Navy / Gold Print,V0525043PR3S/M,60056005,Vivo,Outerwear,Waterfalls & Kimonos,Retired,5900.0,0,0,0,1,1
V0525043,Vivo Samira Maxi Kimono,Vivo Samira Maxi Kimono - Grey / Black Print,V0525043PR5S/M,60056009,Vivo,Outerwear,Waterfalls & Kimonos,Retired,4150.0,1.0,0,0,0,1
V0525043,Vivo Samira Maxi Kimono,Vivo Samira Maxi Kimono - Hunters / Red Print,V0525043PR13S/M,60056025,Vivo,Outerwear,Waterfalls & Kimonos,Retired,5900.0,3.0,5.0,1,5,14
V0525043,Vivo Samira Maxi Kimono,Vivo Samira Maxi Kimono - Hunters / Red Print,V0525043PR13L/1X,60056026,Vivo,Outerwear,Waterfalls & Kimonos,Retired,5900.0,0,3.0,0,2,5
V0525043,Vivo Samira Maxi Kimono,Vivo Samira Maxi Kimono - Teal / Red Print,V0525043PR12S/M,60056023,Vivo,Outerwear,Waterfalls & Kimonos,Retired,4150.0,1.0,0,2.0,0,3
V0525058,Vivo Selah Palazzo Pants in Stretch Rib,Vivo Selah Palazzo Pants in Stretch Rib  - Taupe,V0525058TAUS,60069897,Vivo,Bottoms,Full Length Pants,Retired,3500.0,3.0,0,11.0,2,16
V0525058,Vivo Selah Palazzo Pants in Stretch Rib,Vivo Selah Palazzo Pants in Stretch Rib  - Taupe,V0525058TAUL,60069899,Vivo,Bottoms,Full Length Pants,Retired,3500.0,3.0,0,13.0,3,19
V0525058,Vivo Selah Palazzo Pants in Stretch Rib,Vivo Selah Palazzo Pants in Stretch Rib  - Taupe,V0525058TAU2X,60069901,Vivo,Bottoms,Full Length Pants,Retired,3500.0,2.0,0,7.0,1,10
V0525058,Vivo Selah Palazzo Pants in Stretch Rib,Vivo Selah Palazzo Pants in Stretch Rib  - Taupe,V0525058TAU1X,60069900,Vivo,Bottoms,Full Length Pants,Retired,3500.0,3.0,0,10.0,2,15
V0525058,Vivo Selah Palazzo Pants in Stretch Rib,Vivo Selah Palazzo Pants in Stretch Rib  - Taupe,V0525058TAUM,60069898,Vivo,Bottoms,Full Length Pants,Retired,3500.0,4.0,0,11.0,3,18
V0525061,Vivo Alani Boat Neck Maxi Dress,Vivo Alani Boat Neck Maxi Dress - Black,V0525061BLAS,60056368,Vivo,Dresses,Maxi Dresses,Retired,4500.0,0,0,2,0,2
V0525071,Vivo Maisha Straight Leg Pants in Crepe,Vivo Maisha Straight Leg Pants - Pink / Chocolate Print,V0525071PR16S,60056395,Vivo,Bottoms,Full Length Pants,Retired,2950.0,0,0,2.0,0,2
V0525071,Vivo Maisha Straight Leg Pants in Crepe,Vivo Maisha Straight Leg Pants in Crepe - Black / Grey Print,V0525071PR22S,60056419,Vivo,Bottoms,Full Length Pants,Retired,4200.0,0,0,0,1,1
V0525071,Vivo Maisha Straight Leg Pants in Crepe,Vivo Maisha Straight Leg Pants in Crepe - Black / Grey Print,V0525071PR22L,60056421,Vivo,Bottoms,Full Length Pants,Retired,4200.0,0,0,0,2,2
V0525071,Vivo Maisha Straight Leg Pants in Crepe,Vivo Maisha Straight Leg Pants in Crepe - Black / Grey Print,V0525071PR222X,60064741,Vivo,Bottoms,Full Length Pants,Retired,4200.0,0,0,0,1,1
V0525071,Vivo Maisha Straight Leg Pants in Crepe,Vivo Maisha Straight Leg Pants in Crepe - Black / Grey Print,V0525071PR221X,60056422,Vivo,Bottoms,Full Length Pants,Retired,4200.0,1.0,0,1.0,1,3
V0525071,Vivo Maisha Straight Leg Pants in Crepe,Vivo Maisha Straight Leg Pants in Crepe - Black / Grey Print,V0525071PR22M,60056420,Vivo,Bottoms,Full Length Pants,Retired,4200.0,0,0,0,1,1
V0525071,Vivo Maisha Straight Leg Pants in Crepe,Vivo Maisha Straight Leg Pants in Crepe - Black / Pink Print,V0525071PR272X,60064739,Vivo,Bottoms,Full Length Pants,Retired,4200.0,0,0,0,1,1
V0525071,Vivo Maisha Straight Leg Pants in Crepe,Vivo Maisha Straight Leg Pants in Crepe - Black / Pink Print,V0525071PR27L,60058456,Vivo,Bottoms,Full Length Pants,Retired,4200.0,0,0,3.0,1,4
V0525071,Vivo Maisha Straight Leg Pants in Crepe,Vivo Maisha Straight Leg Pants in Crepe - Black / Pink Print,V0525071PR271X,60058457,Vivo,Bottoms,Full Length Pants,Retired,4200.0,2.0,0,4.0,0,6
V0525071,Vivo Maisha Straight Leg Pants in Crepe,Vivo Maisha Straight Leg Pants in Crepe - Black / Pink Print,V0525071PR27M,60058455,Vivo,Bottoms,Full Length Pants,Retired,4200.0,0,0,1.0,0,1
V0525071,Vivo Maisha Straight Leg Pants in Crepe,Vivo Maisha Straight Leg Pants in Crepe - Brown / Grey Print,V0525071PR341X,60064592,Vivo,Bottoms,Full Length Pants,Retired,4200.0,0,0,2,0,2
V0525071,Vivo Maisha Straight Leg Pants in Crepe,Vivo Maisha Straight Leg Pants in Crepe - Brown / Grey Print,V0525071PR342X,60064593,Vivo,Bottoms,Full Length Pants,Retired,4200.0,0,0,0,1,1
V0525071,Vivo Maisha Straight Leg Pants in Crepe,Vivo Maisha Straight Leg Pants in Crepe - Brown / Grey Print,V0525071PR34L,60064591,Vivo,Bottoms,Full Length Pants,Retired,4200.0,1.0,0,0,1,2
V0525071,Vivo Maisha Straight Leg Pants in Crepe,Vivo Maisha Straight Leg Pants in Crepe - Brown / Grey Print,V0525071PR1M,60064590,Vivo,Bottoms,Full Length Pants,Retired,4200.0,0,0,1.0,0,1
V0525071,Vivo Maisha Straight Leg Pants in Crepe,Vivo Maisha Straight Leg Pants in Crepe - Grey / Gold Print,V0525071PR43M,60064753,Vivo,Bottoms,Full Length Pants,Retired,4200.0,0,0,2.0,0,2
V0525071,Vivo Maisha Straight Leg Pants in Crepe,Vivo Maisha Straight Leg Pants in Crepe - Navy / Grey Print,V0525071PR35L,60064596,Vivo,Bottoms,Full Length Pants,Retired,4200.0,0,0,1.0,1,2
V0525071,Vivo Maisha Straight Leg Pants in Crepe,Vivo Maisha Straight Leg Pants in Crepe - Navy / Grey Print,V0525071PR35M,60064595,Vivo,Bottoms,Full Length Pants,Retired,2950.0,3.0,0,0,0,3
V0525071,Vivo Maisha Straight Leg Pants in Crepe,Vivo Maisha Straight Leg Pants in Crepe - Navy / Grey Print,V0525071PR351X,60064597,Vivo,Bottoms,Full Length Pants,Retired,2950.0,0,0,0,1,1
V0525076,Vivo Diella V-Neck Jumpsuit,Vivo Diella V-Neck Jumpsuit - Cream / Black Print,V0525076PR2L,60056246,Vivo,Bottoms,Jumpsuits & Playsuits,Retired,2350.0,0,1.0,0,1,2
V0525076,Vivo Diella V-Neck Jumpsuit,Vivo Diella V-Neck Jumpsuit - Cream / Black Print,V0525076PR2S,60056244,Vivo,Bottoms,Jumpsuits & Playsuits,Retired,2350.0,0,0,2.0,0,2
V0525076,Vivo Diella V-Neck Jumpsuit,Vivo Diella V-Neck Jumpsuit - Cream / Black Print,V0525076PR21X,60056247,Vivo,Bottoms,Jumpsuits & Playsuits,Retired,2350.0,2.0,0,0,0,2
V0525076,Vivo Diella V-Neck Jumpsuit,Vivo Diella V-Neck Jumpsuit - Cream / Black Print,V0525076PR2M,60056245,Vivo,Bottoms,Jumpsuits & Playsuits,Retired,2350.0,1.0,0,0,0,1
V0525076,Vivo Diella V-Neck Jumpsuit,Vivo Diella V-Neck Jumpsuit - Peach / Navy Print,V0525076PR1S,60056240,Vivo,Bottoms,Jumpsuits & Playsuits,Retired,2350.0,1.0,0,2.0,0,3
V0525076,Vivo Diella V-Neck Jumpsuit,Vivo Diella V-Neck Jumpsuit - Peach / Navy Print,V0525076PR1L,60056242,Vivo,Bottoms,Jumpsuits & Playsuits,Retired,2350.0,0,1.0,0,2,3
V0525076,Vivo Diella V-Neck Jumpsuit,Vivo Diella V-Neck Jumpsuit - Peach / Navy Print,V0525076PR1M,60056241,Vivo,Bottoms,Jumpsuits & Playsuits,Retired,2350.0,0,1.0,0,3,4
V0525078,Vivo Samira Wide Satin Kimono,Vivo Samira Wide Satin Kimono - Cream / Black Print,V0525078PR1F,60055847,Vivo,Outerwear,Waterfalls & Kimonos,Retired,3500.0,3.0,0,0,2,5
V0525079,Vivo Maisha Top & Pant Set,Vivo Maisha Top & Pant Set- Mint/Black Print,V0525079PR20S,60055325,Vivo,Two-Piece Sets,Pants & Top Set,Retired,4150.0,0,0,0,1,1
V0525079,Vivo Maisha Top & Pant Set,Vivo Maisha Top & Pant Set- Orange / Pink Print,V0525079PR16S,60055528,Vivo,Two-Piece Sets,Pants & Top Set,Retired,2050.0,0,0,0,1,1
V0525079,Vivo Maisha Top & Pant Set,Vivo Maisha Top & Pant Set- Pink/Black Print,V0525079PR23S,60055336,Vivo,Two-Piece Sets,Pants & Top Set,Retired,4150.0,0,0,2,0,2
V0620079,Vivo Basic Trench Coat,Vivo Basic Trench Coat - Black,V0620079BLAM,40014263,Vivo,Outerwear,Jackets & Coats,Retired,3450.0,1.0,0,0,0,1
V0620079,Vivo Basic Trench Coat,Vivo Basic Trench Coat - Burgundy,V0620079BURS,60034123,Vivo,Outerwear,Jackets & Coats,Retired,4950.0,2.0,0,11.0,4,17
V0620079,Vivo Basic Trench Coat,Vivo Basic Trench Coat - Burgundy,V0620079BURM,60034124,Vivo,Outerwear,Jackets & Coats,Retired,4950.0,1.0,0,4.0,1,6
V0620079,Vivo Basic Trench Coat,Vivo Basic Trench Coat - Burgundy,V0620079BURL,60034125,Vivo,Outerwear,Jackets & Coats,Retired,4950.0,0,0,5.0,0,5
V0620079,Vivo Basic Trench Coat,Vivo Basic Trench Coat - Dark Teal,V0620079DAT2X,60056163,Vivo,Outerwear,Jackets & Coats,Retired,4950.0,0,0,1.0,0,1
V0620079,Vivo Basic Trench Coat,Vivo Basic Trench Coat - Dark Teal,V0620079DATL,60056161,Vivo,Outerwear,Jackets & Coats,Retired,4950.0,3.0,0,4.0,1,8
V0620079,Vivo Basic Trench Coat,Vivo Basic Trench Coat - Dark Teal,V0620079DATM,60056160,Vivo,Outerwear,Jackets & Coats,Retired,4950.0,10.0,0,5.0,2,17
V0620079,Vivo Basic Trench Coat,Vivo Basic Trench Coat - Dark Teal,V0620079DATS,60056159,Vivo,Outerwear,Jackets & Coats,Retired,4950.0,3.0,0,3.0,2,8
V0620079,Vivo Basic Trench Coat,Vivo Basic Trench Coat - Dark Teal,V0620079DAT1X,60056162,Vivo,Outerwear,Jackets & Coats,Retired,4950.0,0,0,1.0,0,1
V0620079,Vivo Basic Trench Coat,Vivo Basic Trench Coat - Navy Blue,V0620079NABS,50006740,Vivo,Outerwear,Jackets & Coats,Retired,4950.0,1.0,0,6.0,0,7
V0620079,Vivo Basic Trench Coat,Vivo Basic Trench Coat - Navy Blue,V0620079NAB2X,60056164,Vivo,Outerwear,Jackets & Coats,Retired,4950.0,1.0,0,1,1,3
V0620079,Vivo Basic Trench Coat,Vivo Basic Trench Coat - Navy Blue,V0620079NABL,50006742,Vivo,Outerwear,Jackets & Coats,Retired,4950.0,1.0,0,3,0,4
V0620079,Vivo Basic Trench Coat,Vivo Basic Trench Coat - Navy Blue,V0620079NABM,50006741,Vivo,Outerwear,Jackets & Coats,Retired,4950.0,0,0,7.0,2,9
V0620079,Vivo Basic Trench Coat,Vivo Basic Trench Coat - Navy Blue,V0620079NABXL,50006743,Vivo,Outerwear,Jackets & Coats,Retired,4950.0,0,0,2,1,3
V0621001,Vivo J.O V-Neck Sheath Dress,Vivo J.O V-Neck Sheath Dress - Black,V0621001BLAM,50010207,Vivo,Dresses,Knee Length Dresses,Retired,4250.0,1.0,0,0,0,1
V0621001,Vivo J.O V-Neck Sheath Dress,Vivo J.O V-Neck Sheath Dress - Black,V0621001BLAS,50010206,Vivo,Dresses,Knee Length Dresses,Retired,4250.0,0,1.0,0,0,1
V0621001,Vivo J.O V-Neck Sheath Dress,Vivo J.O V-Neck Sheath Dress - Burgundy,V0621001BURS,60055823,Vivo,Dresses,Knee Length Dresses,Retired,4250.0,1.0,2.0,0,0,3
V0621001,Vivo J.O V-Neck Sheath Dress,Vivo J.O V-Neck Sheath Dress - Navy Blue,V0621001NABS,50014556,Vivo,Dresses,Knee Length Dresses,Retired,4250.0,0,6.0,1.0,0,7
V0621001,Vivo J.O V-Neck Sheath Dress,Vivo J.O V-Neck Sheath Dress - Wine Red,V0621001WIRS,60055819,Vivo,Dresses,Knee Length Dresses,Retired,4250.0,0,12.0,0,0,12
V0621001,Vivo J.O V-Neck Sheath Dress,Vivo J.O V-Neck Sheath Dress - Wine Red,V0621001WIRM,60055820,Vivo,Dresses,Knee Length Dresses,Retired,4250.0,1.0,9.0,1.0,0,11
V0621112,Vivo Extra Long May Jersey Waterfall,Vivo Extra Long May Jersey Waterfall - Taupe,V0621112TAUL/XL,60026521,Vivo,Outerwear,Waterfalls & Kimonos,Retired,4550.0,0,2.0,2,2,6
V0622009,Vivo Jema High Slit Maxi Kimono,Vivo Jema High Slit Maxi Kimono - Black / Taupe,V0622009PR20M/L,60041581,Vivo,Outerwear,Waterfalls & Kimonos,Retired,2950.0,0,1.0,0,0,1
V0622041,Vivo Mistari 3/4 Sleeve V,Vivo Mistari 3/4 Sleeve V - Neck Collared Tunic Top - Black Checkered,V0622041PR9F,60052157,Vivo,Tops,Loose Tops,Retired,2450.0,0,2.0,0,1,3
V0622041,Vivo Mistari 3/4 Sleeve V,Vivo Mistari 3/4 Sleeve V - Neck Collared Tunic Top - Black Textured,V0622041BLTF,60052158,Vivo,Tops,Loose Tops,Retired,3550.0,0,3.0,0,2,5
V0622041,Vivo Mistari 3/4 Sleeve V,Vivo Mistari 3/4 Sleeve V - Neck Collared Tunic Top - Black stripes,V0622041PR7F,60052094,Vivo,Tops,Loose Tops,Retired,3550.0,0,6.0,0,3,9
V0622041,Vivo Mistari 3/4 Sleeve V,Vivo Mistari 3/4 Sleeve V - Neck Collared Tunic Top - Light Olive Checkered,V0622041LTOF,60052159,Vivo,Tops,Loose Tops,Retired,2450.0,0,0,0,1,1
V0622062,Vivo Basic Cowl Jersey Top,Vivo Basic Cowl Jersey Top - White,V0622062WHIM/L,60040097,Vivo,Tops,Loose Tops,Retired,1150.0,0,0,1.0,0,1
V0622062,Vivo Basic Cowl Jersey Top,Vivo Basic Cowl Jersey Top - White,V0622062WHI1X/2X,60040098,Vivo,Tops,Loose Tops,Retired,1150.0,0,1.0,2.0,2,5
V0622079,Vivo Wingu Three Tiered Knee Length Dress,Vivo Wingu Three Tiered Knee Length Dress - Brown / Cream Print,V0622079PR6S,60056944,Vivo,Dresses,Knee Length Dresses,Retired,2250.0,1.0,2.0,2,1,6
V0622079,Vivo Wingu Three Tiered Knee Length Dress,Vivo Wingu Three Tiered Knee Length Dress - Brown / Cream Print,V0622079PR6M,60056945,Vivo,Dresses,Knee Length Dresses,Retired,2250.0,0,0,2.0,0,2
V0622079,Vivo Wingu Three Tiered Knee Length Dress,Vivo Wingu Three Tiered Knee Length Dress - Navy / Taupe Print,V0622079PR7M,60057128,Vivo,Dresses,Knee Length Dresses,Retired,2350.0,0,1.0,0,0,1
V0623003,Vivo Zahari Dolman Tie Kimono,Vivo Zahari Dolman Tie Kimono - Beige,V0623003BEIL/1X,60029156,Vivo,Outerwear,Waterfalls & Kimonos,Retired,1400.0,1.0,0,0,0,1
V0623013,Vivo Zahari Sweatheart Neck Jumpsuit,Vivo Zahari Sweatheart Neck Jumpsuit - Green / Black Print,V0623013PR31X,60056120,Vivo,Bottoms,Jumpsuits & Playsuits,Retired,2650.0,0,0,0,1,1
V0623013,Vivo Zahari Sweatheart Neck Jumpsuit,Vivo Zahari Sweatheart Neck Jumpsuit - Maroon / Black Print,V0623013PR4S,60056121,Vivo,Bottoms,Jumpsuits & Playsuits,Retired,2650.0,0,0,2.0,1,3
V0623013,Vivo Zahari Sweatheart Neck Jumpsuit,Vivo Zahari Sweatheart Neck Jumpsuit - Taupe / White Print,V0623013PR5M,60056126,Vivo,Bottoms,Jumpsuits & Playsuits,Retired,2450.0,0,3.0,2.0,1,6
V0623013,Vivo Zahari Sweatheart Neck Jumpsuit,Vivo Zahari Sweatheart Neck Jumpsuit - Taupe / White Print,V0623013PR5L,60056127,Vivo,Bottoms,Jumpsuits & Playsuits,Retired,2450.0,0,3.0,1.0,1,5
V0623013,Vivo Zahari Sweatheart Neck Jumpsuit,Vivo Zahari Sweatheart Neck Jumpsuit - Taupe / White Print,V0623013PR5S,60056125,Vivo,Bottoms,Jumpsuits & Playsuits,Retired,2450.0,0,2.0,5.0,1,8
V0623014,Vivo Zahari Off-Shoulder Maxi Dress,Vivo Zahari Off-Shoulder Maxi Dress - Blue / Grey Print,V0623014PR6M/L,60040742,Vivo,Dresses,Maxi Dresses,Retired,6250.0,0,0,0,1,1
V0623014,Vivo Zahari Off-Shoulder Maxi Dress,Vivo Zahari Off-Shoulder Maxi Dress - Blue / Grey Print,V0623014PR61X/2X,60040743,Vivo,Dresses,Maxi Dresses,Retired,6250.0,0,0,0,1,1
V0623026,Vivo Maisha Long Sleeve High Low Kimono,Vivo Maisha Long Sleeve High Low Kimono - Cream / Gold Uwa Print,V0623026PR27S/M,60055615,Vivo,Outerwear,Waterfalls & Kimonos,Retired,4500.0,0,0,1,0,1
V0623026,Vivo Maisha Long Sleeve High Low Kimono,Vivo Maisha Long Sleeve High Low Kimono - Cream / Gold Uwa Print,V0623026PR27L/1X,60055616,Vivo,Outerwear,Waterfalls & Kimonos,Retired,4500.0,0,0,0,1,1
V0623026,Vivo Maisha Long Sleeve High Low Kimono,Vivo Maisha Long Sleeve High Low Kimono - Mint / Beige Tawi Print,V0623026PR25L/1X,60055612,Vivo,Outerwear,Waterfalls & Kimonos,Retired,2250.0,0,0,1,0,1
V0623033,Vivo Basic Spaghetti Strap Tank Top,Vivo Basic Spaghetti Strap Tank Top - Hunters Green,V0623033HGN3X,60032500,Vivo,Tops,T-shirts & Tank Tops,Retired,450.0,0,2.0,1.0,2,5
V0623033,Vivo Basic Spaghetti Strap Tank Top,Vivo Basic Spaghetti Strap Tank Top - Hunters Green,V0623033HGN2X,60032499,Vivo,Tops,T-shirts & Tank Tops,Retired,450.0,0,0,0,1,1
V0623033,Vivo Basic Spaghetti Strap Tank Top,Vivo Basic Spaghetti Strap Tank Top - Hunters Green,V0623033HGN4X,60032501,Vivo,Tops,T-shirts & Tank Tops,Retired,450.0,1.0,5.0,0,2,8
V0623033,Vivo Basic Spaghetti Strap Tank Top,Vivo Basic Spaghetti Strap Tank Top - Navy Blue,V0623033NAB3X,60032504,Vivo,Tops,T-shirts & Tank Tops,Retired,550.0,0,4.0,0,1,5
V0623033,Vivo Basic Spaghetti Strap Tank Top,Vivo Basic Spaghetti Strap Tank Top - Navy Blue,V0623033NAB2X,60032503,Vivo,Tops,T-shirts & Tank Tops,Retired,550.0,0,2.0,0,1,3
V0623033,Vivo Basic Spaghetti Strap Tank Top,Vivo Basic Spaghetti Strap Tank Top - Navy Blue,V0623033NABXS,60032502,Vivo,Tops,T-shirts & Tank Tops,Retired,550.0,0,0,1.0,0,1
V0623033,Vivo Basic Spaghetti Strap Tank Top,Vivo Basic Spaghetti Strap Tank Top - Navy Blue,V0623033NAB4X,60032505,Vivo,Tops,T-shirts & Tank Tops,Retired,550.0,0,4.0,1.0,2,7
V0623033,Vivo Basic Spaghetti Strap Tank Top,Vivo Basic Spaghetti Strap Tank Top - Tan,V0623033TAN3X,60032508,Vivo,Tops,T-shirts & Tank Tops,Retired,450.0,0,3.0,1,1,5
V0623033,Vivo Basic Spaghetti Strap Tank Top,Vivo Basic Spaghetti Strap Tank Top - Tan,V0623033TAN2X,60032507,Vivo,Tops,T-shirts & Tank Tops,Retired,450.0,0,8.0,1,2,11
V0623033,Vivo Basic Spaghetti Strap Tank Top,Vivo Basic Spaghetti Strap Tank Top - Tan,V0623033TAN4X,60032509,Vivo,Tops,T-shirts & Tank Tops,Retired,450.0,0,7.0,0,0,7
V0623033,Vivo Basic Spaghetti Strap Tank Top,Vivo Basic Spaghetti Strap Tank Top - Tan,V0623033TANXS,60032506,Vivo,Tops,T-shirts & Tank Tops,Retired,450.0,0,0,1.0,0,1
V0623042,Vivo Cowl Neck Knit Sweater,Vivo Cowl Neck Knit Sweater - Black,V0623042BLAL/XL,60019526,Vivo,Outerwear,Sweaters & Ponchos,Retired,5550.0,9.0,0,15.0,4,28
V0623042,Vivo Cowl Neck Knit Sweater,Vivo Cowl Neck Knit Sweater - Black,V0623042BLAS/M,60019525,Vivo,Outerwear,Sweaters & Ponchos,Retired,5550.0,45.0,0,34.0,0,79
V0623042,Vivo Cowl Neck Knit Sweater,Vivo Cowl Neck Knit Sweater - Ivory,V0623042IVOL/XL,60043803,Vivo,Outerwear,Sweaters & Ponchos,Retired,5550.0,5.0,0,13.0,5,23
V0623042,Vivo Cowl Neck Knit Sweater,Vivo Cowl Neck Knit Sweater - Ivory,V0623042IVOS/M,60043802,Vivo,Outerwear,Sweaters & Ponchos,Retired,5550.0,19.0,0,36.0,7,62
V0623042,Vivo Cowl Neck Knit Sweater,Vivo Cowl Neck Knit Sweater - Plum,V0623042PLUS/M,60056587,Vivo,Outerwear,Sweaters & Ponchos,Retired,5550.0,27.0,0,14.0,5,46
V0623042,Vivo Cowl Neck Knit Sweater,Vivo Cowl Neck Knit Sweater - Plum,V0623042PLUL/1X,60056588,Vivo,Outerwear,Sweaters & Ponchos,Retired,5550.0,4.0,0,13.0,4,21
V0623042,Vivo Cowl Neck Knit Sweater,Vivo Cowl Neck Knit Sweater - White,V0623042WHIS/M,60019521,Vivo,Outerwear,Sweaters & Ponchos,Retired,5550.0,28.0,0,32.0,5,65
V0623042,Vivo Cowl Neck Knit Sweater,Vivo Cowl Neck Knit Sweater - White,V0623042WHIL/XL,60019522,Vivo,Outerwear,Sweaters & Ponchos,Retired,5550.0,11.0,0,16.0,3,30
V0624002,Vivo Tatari Dropped High Neck Top,Vivo Tatari Dropped High Neck Top - Black,V0624002BLAM,60042888,Vivo,Tops,Fitted Tops,Retired,1650.0,0,0,1.0,0,1
V0624002,Vivo Tatari Dropped High Neck Top,Vivo Tatari Dropped High Neck Top - Burgundy,V0624002BUR1X,60042894,Vivo,Tops,Fitted Tops,Retired,1650.0,0,0,0,1,1
V0624006,Vivo Alora Round Neck Top,Vivo Alora Round Neck Top - Light Taupe,V0624006LTAUL,60039179,Vivo,Tops,Fitted Tops,Retired,1250.0,0,0,1.0,0,1
V0624024,Vivo Kitenge Tie Top,Vivo Kitenge Tie Top - Jura,V0624024PR6M,60042546,Vivo,Tops,Loose Tops,Retired,2250.0,0,0,1.0,0,1
V0624024,Vivo Kitenge Tie Top,Vivo Kitenge Tie Top - Jura,V0624024PR64X,60042551,Vivo,Tops,Loose Tops,Retired,2250.0,0,0,1.0,0,1
V0624024,Vivo Kitenge Tie Top,Vivo Kitenge Tie Top - Jura,V0624024PR61X,60042548,Vivo,Tops,Loose Tops,Retired,2250.0,0,0,1.0,0,1
V0624024,Vivo Kitenge Tie Top,Vivo Kitenge Tie Top - Lashi,V0624024PR5L,60042555,Vivo,Tops,Loose Tops,Retired,4550.0,0,0,0,1,1
V0624024,Vivo Kitenge Tie Top,Vivo Kitenge Tie Top - Lashi,V0624024PR5S,60042553,Vivo,Tops,Loose Tops,Retired,4550.0,0,0,0,1,1
V0624024,Vivo Kitenge Tie Top,Vivo Kitenge Tie Top - Lashi,V0624024PR5XS,60042552,Vivo,Tops,Loose Tops,Retired,4550.0,0,0,0,1,1
V0624025,Vivo Kitenge Strappy Tie Back Top,Vivo Kitenge Strappy Tie Back Top - Miale Print,V0624025PR24X,90004127,Vivo,Tops,Loose Tops,Retired,2900.0,0,0,1,0,1
V0624025,Vivo Kitenge Strappy Tie Back Top,Vivo Kitenge Strappy Tie Back Top - Miale Print,V0624025PR23X,90004126,Vivo,Tops,Loose Tops,Retired,2900.0,0,0,1,0,1
V0624025,Vivo Kitenge Strappy Tie Back Top,Vivo Kitenge Strappy Tie Back Top - Neba,V0624025PR7S,60042613,Vivo,Tops,Loose Tops,Retired,2050.0,0,0,0,1,1
V0624025,Vivo Kitenge Strappy Tie Back Top,Vivo Kitenge Strappy Tie Back Top - Obu,V0624025PR9XS,90004938,Vivo,Tops,Loose Tops,Retired,2900.0,0,2.0,0,1,3
V0624025,Vivo Kitenge Strappy Tie Back Top,Vivo Kitenge Strappy Tie Back Top - Obu,V0624025PR9L,90004941,Vivo,Tops,Loose Tops,Retired,2900.0,0,1.0,0,2,3
V0624025,Vivo Kitenge Strappy Tie Back Top,Vivo Kitenge Strappy Tie Back Top - Obu,V0624025PR91X,90004942,Vivo,Tops,Loose Tops,Retired,2900.0,0,7.0,0,1,8
V0624025,Vivo Kitenge Strappy Tie Back Top,Vivo Kitenge Strappy Tie Back Top - Tana,V0624025PR6S,60042621,Vivo,Tops,Loose Tops,Retired,2050.0,0,1.0,0,1,2
V0624032,Vivo Nasinka Ruffle Sleeve Jumpsuit,Vivo Nasinka Ruffle Sleeve Jumpsuit - Dark Mustard / Black Sinka Print,V0624032PR11X,60040448,Vivo,Bottoms,Jumpsuits & Playsuits,Retired,5500.0,0,0,0,1,1
V0624047,Vivo Hamle Side Twist Tie Top,Vivo Hamle Side Twist Tie Top - Navy,V0624047NAVS,60040272,Vivo,Tops,Fitted Tops,Retired,450.0,0,0,1.0,0,1
V0624053,Vivo Hamle Front Twist Bodysuit,Vivo Hamle Front Twist Bodysuit - White,V0624053WHI4X,60041054,Vivo,Tops,Bodysuits,Retired,1050.0,0,0,1.0,0,1
V0624060,Vivo Hamle Bias Twist Dress,Vivo Hamle Bias Twist Dress - Burgundy,V0624060BUR1X,60040247,Vivo,Dresses,Knee Length Dresses,Retired,1450.0,1.0,0,0,0,1
V0624061,Vivo Alora Long Sleeve Top,Vivo Alora Long Sleeve Top - Chocolate,V0624061CHO1X,60039145,Vivo,Tops,Fitted Tops,Retired,1150.0,0,0,0,1,1
V0624067,Vivo Kala Palazzo Pants,Vivo Kala Palazzo Pants - Taupe / Orange Bemba Print,V0624067PR2L,60041033,Vivo,Bottoms,Full Length Pants,Retired,1150.0,0,0,0,1,1
V0624067,Vivo Kala Palazzo Pants,Vivo Kala Palazzo Pants - White / Orange Ukwi Print,V0624067PR41X,60041042,Vivo,Bottoms,Full Length Pants,Retired,1750.0,0,0,0,1,1
V0624069,Vivo Kala Slit Maxi Dress,Vivo Kala Slit Maxi Dress - Burgundy / Hunters Bemba Print,V0624069PR2F,60040317,Vivo,Dresses,Maxi Dresses,Retired,3120.0,0,0,1.0,0,1
V0624073,Vivo Kala Gathered Front Top,Vivo Kala Gathered Front Top - Orange,V0624073ORAS,60040331,Vivo,Tops,T-shirts & Tank Tops,Retired,1350.0,0,0,0,1,1
V0624095,Vivo Hamle Side Twist Tie Bodycon,Vivo Hamle Side Twist Tie Bodycon - Burgundy,V0624095BURM,60045294,Vivo,Dresses,Knee Length Dresses,Retired,3450.0,1.0,0,0,1,2
V0624095,Vivo Hamle Side Twist Tie Bodycon,Vivo Hamle Side Twist Tie Bodycon - Navy,V0624095NAVL,60045303,Vivo,Dresses,Knee Length Dresses,Retired,3400.0,2.0,0,0,1,3
V0624095,Vivo Hamle Side Twist Tie Bodycon,Vivo Hamle Side Twist Tie Bodycon - Navy,V0624095NAVM,60045302,Vivo,Dresses,Knee Length Dresses,Retired,3400.0,1.0,0,0,1,2
V0624095,Vivo Hamle Side Twist Tie Bodycon,Vivo Hamle Side Twist Tie Bodycon - Navy,V0624095NAVS,60045301,Vivo,Dresses,Knee Length Dresses,Retired,3400.0,0,0,0,1,1
V0624100,Vivo Nasinka Wrap Dress,Vivo Nasinka Wrap Dress - Peach / Maroon Naka Print,V0624100PR10S,60054881,Vivo,Dresses,Knee Length Dresses,Retired,2350.0,0,0,0,1,1
V0624105,Vivo Hamle Drapped Front Bodycon,Vivo Hamle Drapped Front Bodycon - White,V0624105WHIS,60047765,Vivo,Dresses,Knee Length Dresses,Retired,2350.0,0,0,1.0,0,1
V0625005,Vivo Alani Pallazo Pants,Vivo Alani Pallazo Pants - Black,V0625005BLAS,60056360,Vivo,Bottoms,Full Length Pants,Retired,4500.0,1.0,0,0,1,2
V0625005,Vivo Alani Pallazo Pants,Vivo Alani Pallazo Pants - Black,V0625005BLAM,60056361,Vivo,Bottoms,Full Length Pants,Retired,4500.0,0,0,0,1,1
V0625005,Vivo Alani Pallazo Pants,Vivo Alani Pallazo Pants - Black,V0625005BLAL,60056362,Vivo,Bottoms,Full Length Pants,Retired,4500.0,0,0,0,1,1
V0625005,Vivo Alani Pallazo Pants,Vivo Alani Pallazo Pants - Black,V0625005BLA1X,60056363,Vivo,Bottoms,Full Length Pants,Retired,4500.0,0,0,1,0,1
V0625008,Vivo Ari Short Sleeve Top,Vivo Ari Short Sleeve Top - Black,V0625008BLAS,60057326,Vivo,Tops,T-shirts & Tank Tops,Retired,1350.0,0,0,1.0,0,1
V0625008,Vivo Ari Short Sleeve Top,Vivo Ari Short Sleeve Top - Black,V0625008BLAM,60057327,Vivo,Tops,T-shirts & Tank Tops,Retired,1350.0,0,0,2.0,0,2
V0625008,Vivo Ari Short Sleeve Top,Vivo Ari Short Sleeve Top -Mustard,V0625008MUSL,60057332,Vivo,Tops,T-shirts & Tank Tops,Retired,1350.0,0,0,0,1,1
V0625008,Vivo Ari Short Sleeve Top,Vivo Ari Short Sleeve Top -Teal,V0625008TEA2X,60057338,Vivo,Tops,T-shirts & Tank Tops,Retired,1900.0,0,0,0,1,1
V0625008,Vivo Ari Short Sleeve Top,Vivo Ari Short Sleeve Top -Teal,V0625008TEAS,60057334,Vivo,Tops,T-shirts & Tank Tops,Retired,1900.0,0,0,1.0,0,1
V0625008,Vivo Ari Short Sleeve Top,Vivo Ari Short Sleeve Top -Teal,V0625008TEAL,60057336,Vivo,Tops,T-shirts & Tank Tops,Retired,1900.0,1.0,0,0,1,2
V0625008,Vivo Ari Short Sleeve Top,Vivo Ari Short Sleeve Top -Teal,V0625008TEAM,60057335,Vivo,Tops,T-shirts & Tank Tops,Retired,1900.0,0,0,0,1,1
V0625015,Vivo Selah Double Layered Coat,Vivo Selah Double Layered Coat - Black,V0625015BLAXS/S,60056235,Vivo,Outerwear,Jackets & Coats,Retired,2750.0,0,0,0,1,1
V0625015,Vivo Selah Double Layered Coat,Vivo Selah Double Layered Coat - Mustard,V0625015MUSXS/S,60056037,Vivo,Outerwear,Jackets & Coats,Retired,2250.0,0,0,1.0,0,1
V0625015,Vivo Selah Double Layered Coat,Vivo Selah Double Layered Coat - Rust,V0625015RUSM/L,60056233,Vivo,Outerwear,Jackets & Coats,Retired,1850.0,0,0,0,1,1
V0625016,Vivo Diella Wide Leg Pants in Crepe,Vivo Diella Wide Leg Pants in Crepe - Black,V0625016BLAS,60056506,Vivo,Bottoms,Full Length Pants,Retired,3150.0,2.0,0,13.0,2,18
V0625016,Vivo Diella Wide Leg Pants in Crepe,Vivo Diella Wide Leg Pants in Crepe - Black,V0625016BLAL,60056508,Vivo,Bottoms,Full Length Pants,Retired,3150.0,8.0,0,18.0,3,30
V0625016,Vivo Diella Wide Leg Pants in Crepe,Vivo Diella Wide Leg Pants in Crepe - Black,V0625016BLAM,60056507,Vivo,Bottoms,Full Length Pants,Retired,3150.0,9.0,0,18.0,3,30
V0625016,Vivo Diella Wide Leg Pants in Crepe,Vivo Diella Wide Leg Pants in Crepe - Black,V0625016BLA1X,60056509,Vivo,Bottoms,Full Length Pants,Retired,3150.0,6.0,0,12.0,2,20
V0625016,Vivo Diella Wide Leg Pants in Crepe,Vivo Diella Wide Leg Pants in Crepe - Black,V0625016BLA2X,60069678,Vivo,Bottoms,Full Length Pants,Retired,3150.0,4.0,0,5.0,1,10
V0625016,Vivo Diella Wide Leg Pants in Crepe,Vivo Diella Wide Leg Pants in Crepe - Dark Olive,V0625016DOLIL,60069630,Vivo,Bottoms,Full Length Pants,Retired,4700.0,9.0,0,10.0,3,22
V0625016,Vivo Diella Wide Leg Pants in Crepe,Vivo Diella Wide Leg Pants in Crepe - Dark Olive,V0625016DOLI1X,60069631,Vivo,Bottoms,Full Length Pants,Retired,4700.0,4.0,0,8.0,2,14
V0625016,Vivo Diella Wide Leg Pants in Crepe,Vivo Diella Wide Leg Pants in Crepe - Dark Olive,V0625016DOLI2X,60069632,Vivo,Bottoms,Full Length Pants,Retired,4700.0,2.0,0,4.0,1,7
V0625016,Vivo Diella Wide Leg Pants in Crepe,Vivo Diella Wide Leg Pants in Crepe - Dark Olive,V0625016DOLIS,60069628,Vivo,Bottoms,Full Length Pants,Retired,4700.0,4.0,0,8.0,2,14
V0625016,Vivo Diella Wide Leg Pants in Crepe,Vivo Diella Wide Leg Pants in Crepe - Dark Olive,V0625016DOLIM,60069629,Vivo,Bottoms,Full Length Pants,Retired,4700.0,6.0,0,12.0,3,22
V0625016,Vivo Diella Wide Leg Pants in Crepe,Vivo Diella Wide Leg Pants in Crepe - Gold,V0625016GOLS,60069633,Vivo,Bottoms,Full Length Pants,Retired,4700.0,0,0,8.0,2,10
V0625016,Vivo Diella Wide Leg Pants in Crepe,Vivo Diella Wide Leg Pants in Crepe - Gold,V0625016GOL2X,60069637,Vivo,Bottoms,Full Length Pants,Retired,4700.0,1.0,0,4.0,1,6
V0625016,Vivo Diella Wide Leg Pants in Crepe,Vivo Diella Wide Leg Pants in Crepe - Gold,V0625016GOLM,60069634,Vivo,Bottoms,Full Length Pants,Retired,4700.0,7.0,0,12.0,3,24
V0625016,Vivo Diella Wide Leg Pants in Crepe,Vivo Diella Wide Leg Pants in Crepe - Gold,V0625016GOL1X,60069636,Vivo,Bottoms,Full Length Pants,Retired,4700.0,2.0,0,8.0,2,12
V0625016,Vivo Diella Wide Leg Pants in Crepe,Vivo Diella Wide Leg Pants in Crepe - Gold,V0625016GOLL,60069635,Vivo,Bottoms,Full Length Pants,Retired,4700.0,1.0,0,12.0,3,18
V0625016,Vivo Diella Wide Leg Pants in Crepe,Vivo Diella Wide Leg Pants in Crepe - Navy,V0625016NAVL,60056172,Vivo,Bottoms,Full Length Pants,Retired,3150.0,6.0,0,24.0,3,33
V0625016,Vivo Diella Wide Leg Pants in Crepe,Vivo Diella Wide Leg Pants in Crepe - Navy,V0625016NAVS,60056170,Vivo,Bottoms,Full Length Pants,Retired,3150.0,2.0,1.0,15.0,3,21
V0625016,Vivo Diella Wide Leg Pants in Crepe,Vivo Diella Wide Leg Pants in Crepe - Navy,V0625016NAV2X,60069679,Vivo,Bottoms,Full Length Pants,Retired,3150.0,2.0,0,8.0,1,12
V0625016,Vivo Diella Wide Leg Pants in Crepe,Vivo Diella Wide Leg Pants in Crepe - Navy,V0625016NAVM,60056171,Vivo,Bottoms,Full Length Pants,Retired,3150.0,5.0,0,24.0,3,33
V0625016,Vivo Diella Wide Leg Pants in Crepe,Vivo Diella Wide Leg Pants in Crepe - Navy,V0625016NAV1X,60056173,Vivo,Bottoms,Full Length Pants,Retired,3150.0,4.0,0,16.0,2,22
V0625018,Vivo Alani High Low Dress,Vivo Alani High Low Dress - Black Checkered Print,V0625018PR3S,60056571,Vivo,Dresses,Knee Length Dresses,Retired,2850.0,2.0,3.0,5.0,3,13
V0625018,Vivo Alani High Low Dress,Vivo Alani High Low Dress - Black Checkered Print,V0625018PR3M,60056572,Vivo,Dresses,Knee Length Dresses,Retired,2850.0,0,6.0,2.0,1,9
V0625018,Vivo Alani High Low Dress,Vivo Alani High Low Dress - Black Checkered Print,V0625018PR3L,60056573,Vivo,Dresses,Knee Length Dresses,Retired,2850.0,0,1.0,2.0,3,6
V0625018,Vivo Alani High Low Dress,Vivo Alani High Low Dress - Black Checkered Print,V0625018PR31X,60056574,Vivo,Dresses,Knee Length Dresses,Retired,2850.0,0,1.0,0,1,2
V0625018,Vivo Alani High Low Dress,Vivo Alani High Low Dress - Black Stripes Print,V0625018PR5S,60056579,Vivo,Dresses,Knee Length Dresses,Retired,2250.0,0,7.0,4.0,1,12
V0625018,Vivo Alani High Low Dress,Vivo Alani High Low Dress - Black Stripes Print,V0625018PR5M,60056580,Vivo,Dresses,Knee Length Dresses,Retired,2250.0,0,5.0,2,1,8
V0625018,Vivo Alani High Low Dress,Vivo Alani High Low Dress - Black Stripes Print,V0625018PR5L,60056581,Vivo,Dresses,Knee Length Dresses,Retired,2250.0,0,1.0,1.0,1,3
V0625018,Vivo Alani High Low Dress,Vivo Alani High Low Dress - Black Textured Print,V0625018PR4S,60056575,Vivo,Dresses,Knee Length Dresses,Retired,2850.0,1.0,1.0,2.0,1,5
V0625018,Vivo Alani High Low Dress,Vivo Alani High Low Dress - Black Textured Print,V0625018PR4M,60056576,Vivo,Dresses,Knee Length Dresses,Retired,2850.0,0,2.0,0,2,4
V0625018,Vivo Alani High Low Dress,Vivo Alani High Low Dress - Black Textured Print,V0625018PR41X,60056578,Vivo,Dresses,Knee Length Dresses,Retired,2850.0,0,1.0,0,1,2
V0625018,Vivo Alani High Low Dress,Vivo Alani High Low Dress - Black Textured Print,V0625018PR4L,60056577,Vivo,Dresses,Knee Length Dresses,Retired,2850.0,0,0,2.0,0,2
V0625018,Vivo Alani High Low Dress,Vivo Alani High Low Dress - White Stripes Print,V0625018PR1M,60056261,Vivo,Dresses,Knee Length Dresses,Retired,3850.0,0,0,1,0,1
V0625028,Vivo Diella 3/4 Sleeve Pleated Dress,Vivo Diella 3/4 Sleeve Pleated Dress SD - Mulberry,V0625028MULS-SD,60057401,Vivo,Sale,Sample & Sale Items,Retired,3900.0,2.0,0,0,0,2
V0625030,Vivo Aleri Coat,Vivo Aleri Coat - Black,V0625030BLAM,60057459,Vivo,Outerwear,Jackets & Coats,Retired,5900.0,0,0,1.0,0,1
V0625030,Vivo Aleri Coat,Vivo Aleri Coat - Burgundy,V0625030BURM,60057463,Vivo,Outerwear,Jackets & Coats,Retired,5900.0,1.0,0,4.0,0,5
V0625030,Vivo Aleri Coat,Vivo Aleri Coat - Burgundy,V0625030BURS,60057462,Vivo,Outerwear,Jackets & Coats,Retired,5900.0,0,0,3.0,0,3
V0625032,Vivo Aleri A-Line Pleated Dress,Vivo Aleri A-Line Pleated Dress - Black,V0625032BLAL,60057452,Vivo,Dresses,Knee Length Dresses,Retired,5500.0,1.0,0,1,1,3
V0625032,Vivo Aleri A-Line Pleated Dress,Vivo Aleri A-Line Pleated Dress - Black,V0625032BLAM,60057451,Vivo,Dresses,Knee Length Dresses,Retired,5500.0,3.0,0,0,1,4
V0625032,Vivo Aleri A-Line Pleated Dress,Vivo Aleri A-Line Pleated Dress - Black,V0625032BLAS,60057450,Vivo,Dresses,Knee Length Dresses,Retired,5500.0,2.0,1.0,0,1,4
V0625032,Vivo Aleri A-Line Pleated Dress,Vivo Aleri A-Line Pleated Dress - Mustard,V0625032MUSM,60057455,Vivo,Dresses,Knee Length Dresses,Retired,2250.0,0,0,0,1,1
V0625032,Vivo Aleri A-Line Pleated Dress,Vivo Aleri A-Line Pleated Dress - Mustard,V0625032MUS1X,60057457,Vivo,Dresses,Knee Length Dresses,Retired,2250.0,0,0,1.0,0,1
V0625040,Vivo Alani Boat Neck Midi Dress,Vivo Alani Boat Neck Midi Dress - Black Checkered Print,V0625040PR1M,60056503,Vivo,Dresses,Midi & Capri Dresses,Retired,1950.0,0,0,1,0,1
V0625040,Vivo Alani Boat Neck Midi Dress,Vivo Alani Boat Neck Midi Dress - Black Checkered Print,V0625040PR1S,60056502,Vivo,Dresses,Midi & Capri Dresses,Retired,1950.0,0,0,2.0,0,2
V0625041,Vivo Iyana Wide Leg Pants,Vivo Iyana Wide Leg Pants - Black,V0625041BLA1X,60057818,Vivo,Bottoms,Full Length Pants,Retired,4900.0,0,0,0,1,1
V0625041,Vivo Iyana Wide Leg Pants,Vivo Iyana Wide Leg Pants - Black,V0625041BLAM,60057816,Vivo,Bottoms,Full Length Pants,Retired,4900.0,0,0,1.0,0,1
V0625041,Vivo Iyana Wide Leg Pants,Vivo Iyana Wide Leg Pants - Maroon,V0625041MARS,60057823,Vivo,Bottoms,Full Length Pants,Retired,4900.0,0,0,0,1,1
V0625041,Vivo Iyana Wide Leg Pants,Vivo Iyana Wide Leg Pants - Maroon,V0625041MARL,60057825,Vivo,Bottoms,Full Length Pants,Retired,4900.0,0,0,0,1,1
V0625041,Vivo Iyana Wide Leg Pants,Vivo Iyana Wide Leg Pants - Navy,V0625041NAVM,60057820,Vivo,Bottoms,Full Length Pants,Retired,4900.0,0,4.0,1.0,1,6
V0625041,Vivo Iyana Wide Leg Pants,Vivo Iyana Wide Leg Pants - Navy,V0625041NAVL,60057821,Vivo,Bottoms,Full Length Pants,Retired,4900.0,0,1.0,0,1,2
V0625041,Vivo Iyana Wide Leg Pants,Vivo Iyana Wide Leg Pants - Navy,V0625041NAV1X,60057822,Vivo,Bottoms,Full Length Pants,Retired,4900.0,0,0,0,1,1
V0625041,Vivo Iyana Wide Leg Pants,Vivo Iyana Wide Leg Pants - Navy,V0625041NAVS,60057819,Vivo,Bottoms,Full Length Pants,Retired,4900.0,0,2.0,0,1,3
V0625043,Vivo Iyana Bubble Midi Skirt,Vivo Iyana Bubble Midi Skirt - Black,V0625043BLAS,60057604,Vivo,Skirts,Midi & Capri Skirts,Retired,4050.0,0,1.0,0,1,2
V0625043,Vivo Iyana Bubble Midi Skirt,Vivo Iyana Bubble Midi Skirt - Black,V0625043BLAM,60057605,Vivo,Skirts,Midi & Capri Skirts,Retired,4050.0,1.0,2.0,2.0,2,7
V0625043,Vivo Iyana Bubble Midi Skirt,Vivo Iyana Bubble Midi Skirt - Black,V0625043BLA1X,60057607,Vivo,Skirts,Midi & Capri Skirts,Retired,4050.0,0,2.0,0,1,3
V0625043,Vivo Iyana Bubble Midi Skirt,Vivo Iyana Bubble Midi Skirt - Black,V0625043BLAL,60057606,Vivo,Skirts,Midi & Capri Skirts,Retired,4050.0,1.0,0,1.0,0,2
V0625043,Vivo Iyana Bubble Midi Skirt,Vivo Iyana Bubble Midi Skirt - Green / Pink Iya Print,V0625043PR1M,60057609,Vivo,Skirts,Midi & Capri Skirts,Retired,4050.0,0,0,0,2,2
V0625043,Vivo Iyana Bubble Midi Skirt,Vivo Iyana Bubble Midi Skirt - Green / Pink Iya Print,V0625043PR1S,60057608,Vivo,Skirts,Midi & Capri Skirts,Retired,4050.0,2.0,4.0,0,1,7
V0625043,Vivo Iyana Bubble Midi Skirt,Vivo Iyana Bubble Midi Skirt - Green / Pink Iya Print,V0625043PR11X,60057611,Vivo,Skirts,Midi & Capri Skirts,Retired,4050.0,0,1.0,0,1,2
V0625043,Vivo Iyana Bubble Midi Skirt,Vivo Iyana Bubble Midi Skirt - Navy,V0625043NAVS,60057600,Vivo,Skirts,Midi & Capri Skirts,Retired,4900.0,0,2.0,0,3,5
V0625043,Vivo Iyana Bubble Midi Skirt,Vivo Iyana Bubble Midi Skirt - Navy,V0625043NAVL,60057602,Vivo,Skirts,Midi & Capri Skirts,Retired,4900.0,0,1.0,0,1,2
V0625043,Vivo Iyana Bubble Midi Skirt,Vivo Iyana Bubble Midi Skirt - Navy,V0625043NAV1X,60057603,Vivo,Skirts,Midi & Capri Skirts,Retired,4900.0,0,4.0,0,1,5
V0625043,Vivo Iyana Bubble Midi Skirt,Vivo Iyana Bubble Midi Skirt - Navy,V0625043NAVM,60057601,Vivo,Skirts,Midi & Capri Skirts,Retired,4900.0,0,5.0,0,1,6
V0625043,Vivo Iyana Bubble Midi Skirt,Vivo Iyana Bubble Midi Skirt - Yellow / Lilac Iya Print,V0625043PR2L,60057614,Vivo,Skirts,Midi & Capri Skirts,Retired,4900.0,0,0,1,1,2
V0625043,Vivo Iyana Bubble Midi Skirt,Vivo Iyana Bubble Midi Skirt - Yellow / Lilac Iya Print,V0625043PR2S,60057612,Vivo,Skirts,Midi & Capri Skirts,Retired,4900.0,0,0,0,1,1
V0625044,Vivo Iyana Tank Top,Vivo Iyana Tank Top - Dark Purple,V0625044DAPL,60057506,Vivo,Tops,Midriff & Crop Tops,Retired,1900.0,0,4.0,1,1,6
V0625044,Vivo Iyana Tank Top,Vivo Iyana Tank Top - Dark Purple,V0625044DAPS,60057504,Vivo,Tops,Midriff & Crop Tops,Retired,1900.0,0,3.0,2.0,1,6
V0625044,Vivo Iyana Tank Top,Vivo Iyana Tank Top - Dark Purple,V0625044DAPM,60057505,Vivo,Tops,Midriff & Crop Tops,Retired,1900.0,2.0,4.0,1,1,8
V0625044,Vivo Iyana Tank Top,Vivo Iyana Tank Top - Dark Purple,V0625044DAP1X,60057507,Vivo,Tops,Midriff & Crop Tops,Retired,1900.0,0,2.0,0,1,3
V0625044,Vivo Iyana Tank Top,Vivo Iyana Tank Top - Green,V0625044GRNS,60057516,Vivo,Tops,Midriff & Crop Tops,Retired,1900.0,2.0,0,1,2,5
V0625044,Vivo Iyana Tank Top,Vivo Iyana Tank Top - Green,V0625044GRN1X,60057519,Vivo,Tops,Midriff & Crop Tops,Retired,1900.0,0,0,2,1,3
V0625044,Vivo Iyana Tank Top,Vivo Iyana Tank Top - Green,V0625044GRNM,60057517,Vivo,Tops,Midriff & Crop Tops,Retired,1900.0,2.0,5.0,2,1,10
V0625044,Vivo Iyana Tank Top,Vivo Iyana Tank Top - Green,V0625044GRNL,60057518,Vivo,Tops,Midriff & Crop Tops,Retired,1900.0,0,0,0,1,1
V0625044,Vivo Iyana Tank Top,Vivo Iyana Tank Top - Lime Yellow,V0625044LMYL,60057514,Vivo,Tops,Midriff & Crop Tops,Retired,1900.0,0,0,1,1,2
V0625044,Vivo Iyana Tank Top,Vivo Iyana Tank Top - Lime Yellow,V0625044LMY1X,60057515,Vivo,Tops,Midriff & Crop Tops,Retired,1900.0,0,0,1,1,2
V0625044,Vivo Iyana Tank Top,Vivo Iyana Tank Top - Lime Yellow,V0625044LMYS,60057512,Vivo,Tops,Midriff & Crop Tops,Retired,1900.0,0,4.0,0,1,5
V0625044,Vivo Iyana Tank Top,Vivo Iyana Tank Top - Lime Yellow,V0625044LMYM,60057513,Vivo,Tops,Midriff & Crop Tops,Retired,1900.0,0,6.0,1,2,9
V0625044,Vivo Iyana Tank Top,Vivo Iyana Tank Top - White,V0625044WHI1X,60057511,Vivo,Tops,Midriff & Crop Tops,Retired,1350.0,0,0,0,1,1
V0625044,Vivo Iyana Tank Top,Vivo Iyana Tank Top - White,V0625044WHIS,60057508,Vivo,Tops,Midriff & Crop Tops,Retired,1350.0,0,1.0,0,1,2
V0625045,Vivo Iyana Bow Tie Mini Dress,Vivo Iyana Bow Tie Mini Dress - Green / Pink Iya Print,V0625045PR1L,60057702,Vivo,Dresses,Short & Mini Dresses,Retired,3850.0,0,0,1,0,1
V0625045,Vivo Iyana Bow Tie Mini Dress,Vivo Iyana Bow Tie Mini Dress - Green / Pink Iya Print,V0625045PR1S,60057700,Vivo,Dresses,Short & Mini Dresses,Retired,3850.0,0,0,1,0,1
V0625049,Vivo Iyana Cape Top,Vivo Iyana Cape Top - Green,V0625049GREF,60057814,Vivo,Tops,Loose Tops,Retired,2750.0,1.0,0,0,1,2
V0625049,Vivo Iyana Cape Top,Vivo Iyana Cape Top - Hunters,V0625049HUNF,60060628,Vivo,Tops,Loose Tops,Retired,2750.0,0,0,1,0,1
V0625049,Vivo Iyana Cape Top,Vivo Iyana Cape Top - Light Blue,V0625049LBLF,60062764,Vivo,Tops,Loose Tops,Retired,3900.0,0,0,10.0,0,10
V0625049,Vivo Iyana Cape Top,Vivo Iyana Cape Top - Lilac,V0625049LILF,60062765,Vivo,Tops,Loose Tops,Retired,3900.0,1.0,0,3.0,1,5
V0625049,Vivo Iyana Cape Top,Vivo Iyana Cape Top - Mustard,V0625049MUSF,60062763,Vivo,Tops,Loose Tops,Retired,3900.0,0,0,2.0,1,3
V0625049,Vivo Iyana Cape Top,Vivo Iyana Cape Top - White,V0625049WHITEF,60060627,Vivo,Tops,Loose Tops,Retired,3900.0,2.0,0,4.0,0,6
V0625049,Vivo Iyana Cape Top,Vivo Iyana Cape Top In Chiffon - Chocolate,V0625049CHOCF,60064116,Vivo,Tops,Loose Tops,Retired,3900.0,0,0,1,0,1
V0625049,Vivo Iyana Cape Top,Vivo Iyana Cape Top In Chiffon - Navy,V0625049NAVF,60064115,Vivo,Tops,Loose Tops,Retired,3900.0,53.0,0,29.0,4,86
V0625049,Vivo Iyana Cape Top,Vivo Iyana Cape Top In Chiffon - Red,V0625049REDF,60064114,Vivo,Tops,Loose Tops,Retired,3900.0,0,0,6.0,1,7
V0625049,Vivo Iyana Cape Top,Vivo Iyana Cape Top In Chiffon - Sea Green,V0625049SGRNF,60064117,Vivo,Tops,Loose Tops,Retired,3900.0,14.0,0,15.0,1,30
V0625049,Vivo Iyana Cape Top,Vivo Iyana Cape Top in Chiffon - Black,V0625049BLAF,60057812,Vivo,Tops,Loose Tops,Retired,3900.0,26.0,0,46.0,3,76
V0625049,Vivo Iyana Cape Top,Vivo Iyana Cape Top in Chiffon - Lime / Dark Green Bori Print ,V0625049PR4F,60066816,Vivo,Tops,Loose Tops,Retired,3900.0,9.0,0,16.0,4,30
V0625049,Vivo Iyana Cape Top,Vivo Iyana Cape Top in Chiffon - Mustard / Brown Bori Print,V0625049PR3F,60066815,Vivo,Tops,Loose Tops,Retired,3900.0,1.0,0,21.0,4,28
V0625049,Vivo Iyana Cape Top,Vivo Iyana Cape Top in Chiffon - Purple / Black Bori Print ,V0625049PR5F,60066817,Vivo,Tops,Loose Tops,Retired,3900.0,4.0,0,23.0,4,31
V0625059,Vivo Aleri Trench Coat Dress,Vivo Aleri Trench Coat Dress - Black,V0625059BLAS,60057784,Vivo,Dresses,Knee Length Dresses,Retired,5900.0,1.0,0,1.0,0,2
V0625059,Vivo Aleri Trench Coat Dress,Vivo Aleri Trench Coat Dress - Black,V0625059BLA1X,60057787,Vivo,Dresses,Knee Length Dresses,Retired,5900.0,0,0,0,1,1
V0625059,Vivo Aleri Trench Coat Dress,Vivo Aleri Trench Coat Dress - Black,V0625059BLAL,60057786,Vivo,Dresses,Knee Length Dresses,Retired,5900.0,1.0,0,0,0,1
V0625059,Vivo Aleri Trench Coat Dress,Vivo Aleri Trench Coat Dress - Black,V0625059BLAM,60057785,Vivo,Dresses,Knee Length Dresses,Retired,5900.0,0,0,3.0,0,3
V0625059,Vivo Aleri Trench Coat Dress,Vivo Aleri Trench Coat Dress - Maroon,V0625059MAR1X,60057795,Vivo,Dresses,Knee Length Dresses,Retired,5900.0,0,0,3,1,4
V0625059,Vivo Aleri Trench Coat Dress,Vivo Aleri Trench Coat Dress - Maroon,V0625059MARL,60057794,Vivo,Dresses,Knee Length Dresses,Retired,5900.0,1.0,1.0,3.0,1,6
V0625059,Vivo Aleri Trench Coat Dress,Vivo Aleri Trench Coat Dress - Maroon,V0625059MARM,60057793,Vivo,Dresses,Knee Length Dresses,Retired,5900.0,1.0,4.0,3,2,10
V0625059,Vivo Aleri Trench Coat Dress,Vivo Aleri Trench Coat Dress - Maroon,V0625059MARS,60057792,Vivo,Dresses,Knee Length Dresses,Retired,5900.0,0,0,1,1,2
V0625059,Vivo Aleri Trench Coat Dress,Vivo Aleri Trench Coat Dress - Mustard,V0625059MUSL,60057798,Vivo,Dresses,Knee Length Dresses,Retired,5900.0,1.0,0,0,1,2
V0625059,Vivo Aleri Trench Coat Dress,Vivo Aleri Trench Coat Dress - Mustard,V0625059MUSS,60057796,Vivo,Dresses,Knee Length Dresses,Retired,5900.0,0,2.0,0,1,3
V0625059,Vivo Aleri Trench Coat Dress,Vivo Aleri Trench Coat Dress - Mustard,V0625059MUSM,60057797,Vivo,Dresses,Knee Length Dresses,Retired,5900.0,0,1.0,0,1,2
V0625059,Vivo Aleri Trench Coat Dress,Vivo Aleri Trench Coat Dress - Mustard,V0625059MUS1X,60057799,Vivo,Dresses,Knee Length Dresses,Retired,5900.0,0,1.0,0,1,2
V0625059,Vivo Aleri Trench Coat Dress,Vivo Aleri Trench Coat Dress - Rust,V0625059RUS1X,60057791,Vivo,Dresses,Knee Length Dresses,Retired,5900.0,0,2.0,0,1,3
V0625059,Vivo Aleri Trench Coat Dress,Vivo Aleri Trench Coat Dress - Rust,V0625059RUSS,60057788,Vivo,Dresses,Knee Length Dresses,Retired,5900.0,0,4.0,0,1,5
V0625059,Vivo Aleri Trench Coat Dress,Vivo Aleri Trench Coat Dress - Rust,V0625059RUSM,60057789,Vivo,Dresses,Knee Length Dresses,Retired,5900.0,0,2.0,0,2,4
V0625059,Vivo Aleri Trench Coat Dress,Vivo Aleri Trench Coat Dress - Rust,V0625059RUSL,60057790,Vivo,Dresses,Knee Length Dresses,Retired,5900.0,0,0,0,2,2
V0625059,Vivo Aleri Trench Coat Dress,Vivo Aleri Trench Coat Dress - White,V0625059WHI1X,60057544,Vivo,Dresses,Knee Length Dresses,Retired,5900.0,0,1.0,0,1,2
V0625059,Vivo Aleri Trench Coat Dress,Vivo Aleri Trench Coat Dress - White,V0625059WHIM,60057542,Vivo,Dresses,Knee Length Dresses,Retired,5900.0,0,2.0,3,1,6
V0625059,Vivo Aleri Trench Coat Dress,Vivo Aleri Trench Coat Dress - White,V0625059WHIL,60057543,Vivo,Dresses,Knee Length Dresses,Retired,5900.0,0,0,1,0,1
V0625059,Vivo Aleri Trench Coat Dress,Vivo Aleri Trench Coat Dress - White,V0625059WHIS,60057541,Vivo,Dresses,Knee Length Dresses,Retired,5900.0,1.0,0,0,0,1
V0719007,Vivo Basic 3/4 Sleeve A-Line Wrap Maxi Dress,Vivo Basic 3/4 Sleeve A-Line Wrap Maxi Dress - Hunters,V0719007HUNM,60041267,Vivo,Dresses,Maxi Dresses,Retired,1050.0,1.0,0,0,0,1
V0719007,Vivo Basic 3/4 Sleeve A-Line Wrap Maxi Dress,Vivo Basic 3/4 Sleeve A-Line Wrap Maxi Dress - Hunters Green,V0719007HGN1X,60040651,Vivo,Dresses,Maxi Dresses,Retired,1650.0,0,0,0,1,1
V0719105,Vivo Basic A-line Maxi Skirt,Vivo Basic A-line Maxi Skirt - Black,V0719105BLAM,40001055,Vivo,Skirts,Maxi Skirts,Retired,4500.0,2.0,0,1.0,0,3
V0719105,Vivo Basic A-line Maxi Skirt,Vivo Basic A-line Maxi Skirt - Black,V0719105BLAXL,40001666,Vivo,Skirts,Maxi Skirts,Retired,4500.0,0,0,3.0,0,3
V0719105,Vivo Basic A-line Maxi Skirt,Vivo Basic A-line Maxi Skirt - Black,V0719105BLAS,40001054,Vivo,Skirts,Maxi Skirts,Retired,4500.0,1.0,0,1.0,0,2
V0719105,Vivo Basic A-line Maxi Skirt,Vivo Basic A-line Maxi Skirt - Black,V0719105BLAL,40001056,Vivo,Skirts,Maxi Skirts,Retired,4500.0,2.0,0,2.0,0,4
V0719105,Vivo Basic A-line Maxi Skirt,Vivo Basic A-line Maxi Skirt - Burgundy,V0719105BURXL,60044490,Vivo,Skirts,Maxi Skirts,Retired,4250.0,1.0,0,0,0,1
V0719105,Vivo Basic A-line Maxi Skirt,Vivo Basic A-line Maxi Skirt - Burgundy,V0719105BURL,60044489,Vivo,Skirts,Maxi Skirts,Retired,4250.0,3.0,0,0,0,3
V0719105,Vivo Basic A-line Maxi Skirt,Vivo Basic A-line Maxi Skirt - Burgundy,V0719105BUR2X,60044526,Vivo,Skirts,Maxi Skirts,Retired,4250.0,1.0,0,0,0,1
V0719105,Vivo Basic A-line Maxi Skirt,Vivo Basic A-line Maxi Skirt - Dark Maroon,V0719105DAMM,60056687,Vivo,Skirts,Maxi Skirts,Retired,4250.0,1.0,0,3.0,1,5
V0719105,Vivo Basic A-line Maxi Skirt,Vivo Basic A-line Maxi Skirt - Dark Maroon,V0719105DAMXL,60056689,Vivo,Skirts,Maxi Skirts,Retired,4250.0,0,0,1,0,1
V0719105,Vivo Basic A-line Maxi Skirt,Vivo Basic A-line Maxi Skirt - Dark Maroon,V0719105DAMS,60056686,Vivo,Skirts,Maxi Skirts,Retired,4250.0,1.0,0,0,1,2
V0719105,Vivo Basic A-line Maxi Skirt,Vivo Basic A-line Maxi Skirt - Dark Maroon,V0719105DAM2XL,60056690,Vivo,Skirts,Maxi Skirts,Retired,4250.0,1.0,0,1.0,1,3
V0719105,Vivo Basic A-line Maxi Skirt,Vivo Basic A-line Maxi Skirt - Navy Blue,V0719105NABL,50011449,Vivo,Skirts,Maxi Skirts,Retired,4250.0,0,0,1.0,1,2
V0719105,Vivo Basic A-line Maxi Skirt,Vivo Basic A-line Maxi Skirt - Navy Blue,V0719105NABXL,50011450,Vivo,Skirts,Maxi Skirts,Retired,4250.0,0,0,0,1,1
V0719105,Vivo Basic A-line Maxi Skirt,Vivo Basic A-line Maxi Skirt - Navy Blue,V0719105NABM,50011448,Vivo,Skirts,Maxi Skirts,Retired,4250.0,2.0,0,2.0,1,5
V0719105,Vivo Basic A-line Maxi Skirt,Vivo Basic A-line Maxi Skirt - Navy Blue,V0719105NABS,50011447,Vivo,Skirts,Maxi Skirts,Retired,4250.0,0,0,2,0,2
V0719105,Vivo Basic A-line Maxi Skirt,Vivo Basic A-line Maxi Skirt - Navy Blue,V0719105NAB2XL,60056691,Vivo,Skirts,Maxi Skirts,Retired,4250.0,0,1.0,2,0,3
V0719105,Vivo Basic A-line Maxi Skirt,Vivo Basic A-line Maxi Skirt -Teal,V0719105TEAL,40001062,Vivo,Skirts,Maxi Skirts,Retired,4250.0,2.0,1.0,0,0,3
V0719105,Vivo Basic A-line Maxi Skirt,Vivo Basic A-line Maxi Skirt -Teal,V0719105TEAXL,40001667,Vivo,Skirts,Maxi Skirts,Retired,4250.0,0,1.0,0,0,1
V0719112,Vivo Basic Long Sleeved Bodysuit,Vivo Basic Long Sleeve Bodysuit in Jersey - Dark Green,V0719112DGNM,40015265,Vivo,Tops,Bodysuits,Retired,2900.0,1.0,0,21.0,4,27
V0719112,Vivo Basic Long Sleeved Bodysuit,Vivo Basic Long Sleeve Bodysuit in Jersey - Dark Green,V0719112DGNL,40015266,Vivo,Tops,Bodysuits,Retired,2900.0,4.0,0,24.0,5,33
V0719112,Vivo Basic Long Sleeved Bodysuit,Vivo Basic Long Sleeve Bodysuit in Jersey - Dark Green,V0719112DGN1X,40015267,Vivo,Tops,Bodysuits,Retired,2900.0,4.0,0,13.0,0,17
V0719112,Vivo Basic Long Sleeved Bodysuit,Vivo Basic Long Sleeve Bodysuit in Jersey - Dark Green,V0719112DGN2X,60065522,Vivo,Tops,Bodysuits,Retired,2900.0,1.0,0,7.0,2,10
V0719112,Vivo Basic Long Sleeved Bodysuit,Vivo Basic Long Sleeve Bodysuit in Jersey - Dark Green,V0719112DGNS,40015264,Vivo,Tops,Bodysuits,Retired,2900.0,5.0,0,11.0,2,18
V0719112,Vivo Basic Long Sleeved Bodysuit,Vivo Basic Long Sleeve Bodysuit in Jersey - Dark Mustard,V0719112DMUS1X,60069810,Vivo,Tops,Bodysuits,Retired,2900.0,4.0,0,11.0,2,17
V0719112,Vivo Basic Long Sleeved Bodysuit,Vivo Basic Long Sleeve Bodysuit in Jersey - Dark Mustard,V0719112DMUSM,60069808,Vivo,Tops,Bodysuits,Retired,2900.0,7.0,0,17.0,3,27
V0719112,Vivo Basic Long Sleeved Bodysuit,Vivo Basic Long Sleeve Bodysuit in Jersey - Dark Mustard,V0719112DMUSS,60069807,Vivo,Tops,Bodysuits,Retired,2900.0,4.0,0,11.0,2,17
V0719112,Vivo Basic Long Sleeved Bodysuit,Vivo Basic Long Sleeve Bodysuit in Jersey - Dark Mustard,V0719112DMUS2X,60069811,Vivo,Tops,Bodysuits,Retired,2900.0,2.0,0,6.0,1,9
V0719112,Vivo Basic Long Sleeved Bodysuit,Vivo Basic Long Sleeve Bodysuit in Jersey - Dark Mustard,V0719112DMUSL,60069809,Vivo,Tops,Bodysuits,Retired,2900.0,8.0,0,17.0,3,28
V0719112,Vivo Basic Long Sleeved Bodysuit,Vivo Basic Long Sleeve Bodysuit in Jersey - Off White,V0719112OFWM,60069813,Vivo,Tops,Bodysuits,Retired,2900.0,23.0,0,14.0,3,41
V0719112,Vivo Basic Long Sleeved Bodysuit,Vivo Basic Long Sleeve Bodysuit in Jersey - Off White,V0719112OFWL,60069814,Vivo,Tops,Bodysuits,Retired,2900.0,23.0,0,14.0,3,40
V0719112,Vivo Basic Long Sleeved Bodysuit,Vivo Basic Long Sleeve Bodysuit in Jersey - Off White,V0719112OFW2X,60069816,Vivo,Tops,Bodysuits,Retired,2900.0,6.0,0,5.0,1,13
V0719112,Vivo Basic Long Sleeved Bodysuit,Vivo Basic Long Sleeve Bodysuit in Jersey - Off White,V0719112OFWS,60069812,Vivo,Tops,Bodysuits,Retired,2900.0,15.0,0,9.0,2,26
V0719112,Vivo Basic Long Sleeved Bodysuit,Vivo Basic Long Sleeve Bodysuit in Jersey - Off White,V0719112OFW1X,60069815,Vivo,Tops,Bodysuits,Retired,2900.0,15.0,0,9.0,2,26
V0719112,Vivo Basic Long Sleeved Bodysuit,Vivo Basic Long Sleeved Bodysuit in Jersey - Black,V0719112BLAS,40002851,Vivo,Tops,Bodysuits,Retired,2900.0,0,0,2.0,0,2
V0719112,Vivo Basic Long Sleeved Bodysuit,Vivo Basic Long Sleeved Bodysuit in Jersey - Black,V0719112BLAM,40002852,Vivo,Tops,Bodysuits,Retired,2900.0,1.0,0,3.0,0,4
V0719112,Vivo Basic Long Sleeved Bodysuit,Vivo Basic Long Sleeved Bodysuit in Jersey - Black,V0719112BLA1X,40015268,Vivo,Tops,Bodysuits,Retired,2900.0,0,0,6.0,0,6
V0719112,Vivo Basic Long Sleeved Bodysuit,Vivo Basic Long Sleeved Bodysuit in Jersey - Black,V0719112BLA2X,60028063,Vivo,Tops,Bodysuits,Retired,2900.0,0,0,3.0,0,3
V0719112,Vivo Basic Long Sleeved Bodysuit,Vivo Basic Long Sleeved Bodysuit in Jersey - Black,V0719112BLAL,40002853,Vivo,Tops,Bodysuits,Retired,2900.0,0,0,3.0,0,3
V0719112,Vivo Basic Long Sleeved Bodysuit,Vivo Basic Long Sleeved Bodysuit in Jersey - Burgundy,V0719112BURS,50010088,Vivo,Tops,Bodysuits,Retired,2900.0,0,0,7.0,0,7
V0719112,Vivo Basic Long Sleeved Bodysuit,Vivo Basic Long Sleeved Bodysuit in Jersey - Burgundy,V0719112BURL,50010089,Vivo,Tops,Bodysuits,Retired,2900.0,3.0,0,14.0,1,18
V0719112,Vivo Basic Long Sleeved Bodysuit,Vivo Basic Long Sleeved Bodysuit in Jersey - Burgundy,V0719112BUR1X,50010090,Vivo,Tops,Bodysuits,Retired,2900.0,0,0,8.0,0,8
V0719112,Vivo Basic Long Sleeved Bodysuit,Vivo Basic Long Sleeved Bodysuit in Jersey - Burgundy,V0719112BUR2X,60065521,Vivo,Tops,Bodysuits,Retired,2900.0,0,0,4.0,0,4
V0719112,Vivo Basic Long Sleeved Bodysuit,Vivo Basic Long Sleeved Bodysuit in Jersey - Burgundy,V0719112BURM,50010087,Vivo,Tops,Bodysuits,Retired,2900.0,1.0,0,16.0,1,18
V0719112,Vivo Basic Long Sleeved Bodysuit,Vivo Basic Long Sleeved Bodysuit in Jersey - Hunters Green,V0719112HGN4X,60036553,Vivo,Tops,Bodysuits,Retired,2050.0,4.0,1.0,1.0,0,6
V0719112,Vivo Basic Long Sleeved Bodysuit,Vivo Basic Long Sleeved Bodysuit in Jersey - Hunters Green,V0719112HGN3X,60036552,Vivo,Tops,Bodysuits,Retired,2050.0,2.0,1.0,0,0,3
V0719112,Vivo Basic Long Sleeved Bodysuit,Vivo Basic Long Sleeved Bodysuit in Jersey - Hunters Green,V0719112HGNXS,60036549,Vivo,Tops,Bodysuits,Retired,2050.0,0,0,0,0,1
V0719112,Vivo Basic Long Sleeved Bodysuit,Vivo Basic Long Sleeved Bodysuit in Jersey - Light Taupe,V0719112LTAU3X,60036539,Vivo,Tops,Bodysuits,Retired,1800.0,1.0,0,1.0,0,2
V0719112,Vivo Basic Long Sleeved Bodysuit,Vivo Basic Long Sleeved Bodysuit in Jersey - Mustard,V0719112MUS2X,60036555,Vivo,Tops,Bodysuits,Retired,850.0,0,0,1.0,0,1
V0719112,Vivo Basic Long Sleeved Bodysuit,Vivo Basic Long Sleeved Bodysuit in Jersey - Mustard,V0719112MUS4X,60036557,Vivo,Tops,Bodysuits,Retired,850.0,1.0,0,1.0,0,2
V0719112,Vivo Basic Long Sleeved Bodysuit,Vivo Basic Long Sleeved Bodysuit in Jersey - Mustard,V0719112MUSL,40015262,Vivo,Tops,Bodysuits,Retired,850.0,0,0,1.0,0,1
V0719112,Vivo Basic Long Sleeved Bodysuit,Vivo Basic Long Sleeved Bodysuit in Jersey - Mustard,V0719112MUS3X,60036556,Vivo,Tops,Bodysuits,Retired,850.0,0,0,1.0,0,1
V0719112,Vivo Basic Long Sleeved Bodysuit,Vivo Basic Long Sleeved Bodysuit in Jersey - Mustard,V0719112MUSXL,40015263,Vivo,Tops,Bodysuits,Retired,850.0,0,0,1.0,0,1
V0719112,Vivo Basic Long Sleeved Bodysuit,Vivo Basic Long Sleeved Bodysuit in Jersey - Navy Blue,V0719112NABXL,50010084,Vivo,Tops,Bodysuits,Retired,2550.0,1.0,0,0,0,1
V0719112,Vivo Basic Long Sleeved Bodysuit,Vivo Basic Long Sleeved Bodysuit in Jersey - Teal,V0719112TEAS,60045588,Vivo,Tops,Bodysuits,Retired,2550.0,0,0,1.0,0,1
V0719112,Vivo Basic Long Sleeved Bodysuit,Vivo Basic Long Sleeved Bodysuit in Jersey - Teal,V0719112TEAL,60045590,Vivo,Tops,Bodysuits,Retired,2550.0,4.0,0,5.0,0,9
V0719112,Vivo Basic Long Sleeved Bodysuit,Vivo Basic Long Sleeved Bodysuit in Jersey - Teal,V0719112TEA1X,60045591,Vivo,Tops,Bodysuits,Retired,2550.0,4.0,0,0,1,5
V0719112,Vivo Basic Long Sleeved Bodysuit,Vivo Basic Long Sleeved Bodysuit in Jersey - Teal,V0719112TEAM,60045589,Vivo,Tops,Bodysuits,Retired,2550.0,0,0,4.0,0,4
V0719112,Vivo Basic Long Sleeved Bodysuit,Vivo Basic Long Sleeved Bodysuit in Jersey - White,V0719112WHIL,40016079,Vivo,Tops,Bodysuits,Retired,2900.0,0,0,4.0,1,5
V0719112,Vivo Basic Long Sleeved Bodysuit,Vivo Basic Long Sleeved Bodysuit in Jersey - White,V0719112WHIM,40016078,Vivo,Tops,Bodysuits,Retired,2900.0,0,0,1.0,1,2
V0719112,Vivo Basic Long Sleeved Bodysuit,Vivo Basic Long Sleeved Bodysuit in Jersey - White,V0719112WHIS,40011970,Vivo,Tops,Bodysuits,Retired,2900.0,0,0,1.0,0,1
V0719112,Vivo Basic Long Sleeved Bodysuit,Vivo Basic Long Sleeved Bodysuit in Jersey - White,V0719112WHIXL,40016080,Vivo,Tops,Bodysuits,Retired,2900.0,0,0,3.0,0,3
V0719112,Vivo Basic Long Sleeved Bodysuit,Vivo Basic Long Sleeved Bodysuit in Jersey - White,V0719112WHI2X,60032021,Vivo,Tops,Bodysuits,Retired,2900.0,0,0,2.0,1,3
V0719112,Vivo Basic Long Sleeved Bodysuit,Vivo Basic Long Sleeved Bodysuit in Jersey - Yellow,V0719112YELXL,60017692,Vivo,Tops,Bodysuits,Retired,2900.0,0,0,1.0,0,1
V0719112,Vivo Basic Long Sleeved Bodysuit,Vivo Basic Long Sleeved Bodysuit in Jersey - Yellow,V0719112YELL,50010085,Vivo,Tops,Bodysuits,Retired,2900.0,2.0,0,2.0,0,4
V0719113,Vivo Basic Long Sleeved Top,Vivo Basic Long Sleeved Top - Light Grey,V0719113LGRY2X,60048366,Vivo,Tops,T-shirts & Tank Tops,Retired,1750.0,1.0,2.0,0,4,7
V0719113,Vivo Basic Long Sleeved Top,Vivo Basic Long Sleeved Top - Light Grey,V0719113LGRYL,40003300,Vivo,Tops,T-shirts & Tank Tops,Retired,1750.0,0,0,0,0,1
V0719113,Vivo Basic Long Sleeved Top,Vivo Basic Long Sleeved Top - Mustard,V0719113MUSL,60002792,Vivo,Tops,T-shirts & Tank Tops,Retired,1750.0,0,0,0,1,1
V0719113,Vivo Basic Long Sleeved Top,Vivo Basic Long Sleeved Top - Mustard,V0719113MUSS,60002790,Vivo,Tops,T-shirts & Tank Tops,Retired,1750.0,0,0,0,1,1
V0719113,Vivo Basic Long Sleeved Top,Vivo Basic Long Sleeved Top - Orange,V0719113ORA2X,60036481,Vivo,Tops,T-shirts & Tank Tops,Retired,1400.0,0,2.0,0,0,2
V0719113,Vivo Basic Long Sleeved Top,Vivo Basic Long Sleeved Top - Pink,V0719113PINKM,60053926,Vivo,Tops,T-shirts & Tank Tops,Retired,1750.0,0,0,0,1,1
V0719113,Vivo Basic Long Sleeved Top,Vivo Basic Long Sleeved Top - Pink,V0719113PINK1X,60053928,Vivo,Tops,T-shirts & Tank Tops,Retired,1750.0,0,0,0,1,1
V0719113,Vivo Basic Long Sleeved Top,Vivo Basic Long Sleeved Top - Rust,V0719113RUSTM,60053922,Vivo,Tops,T-shirts & Tank Tops,Retired,1750.0,0,4.0,0,1,5
V0719113,Vivo Basic Long Sleeved Top,Vivo Basic Long Sleeved Top - Rust,V0719113RUST1X,60053924,Vivo,Tops,T-shirts & Tank Tops,Retired,1750.0,0,0,0,2,2
V0719113,Vivo Basic Long Sleeved Top,Vivo Basic Long Sleeved Top - Yellow,V0719113YELL,60003415,Vivo,Tops,T-shirts & Tank Tops,Retired,525.0,0,0,1.0,0,1
V0719121,Vivo Basic Straight Maxi Dress,Vivo Basic Straight Maxi Dress - Light Taupe,V0719121LTAUL,60036883,Vivo,Dresses,Maxi Dresses,Retired,5950.0,1.0,0,0,1,2
V0719121,Vivo Basic Straight Maxi Dress,Vivo Basic Straight Maxi Dress - Taupe,V0719121TAUM,50015346,Vivo,Dresses,Maxi Dresses,Retired,2950.0,1.0,0,0,0,1
V0719254,Vivo Destiny Chiffon Top,Vivo Basic Destiny Chiffon Top - Green / Pink Print,V0719254PR15F,60039420,Vivo,Tops,Loose Tops,Retired,1250.0,1.0,5.0,0,0,6
V0719254,Vivo Destiny Chiffon Top,Vivo Basic Destiny Chiffon Top - Light Blue,V0719254LIBF,60050901,Vivo,Tops,Loose Tops,Retired,1050.0,0,0,1.0,0,1
V0719261,Vivo Basic Long Sleeved Double Layered Bodycon,Vivo Basic Long Sleeved Double Layered Bodycon - Black,0719261BLAS,50003008,Vivo,Dresses,Knee Length Dresses,Retired,4250.0,1.0,0,1.0,0,2
V0719261,Vivo Basic Long Sleeved Double Layered Bodycon,Vivo Basic Long Sleeved Double Layered Bodycon - Burgundy,V0719261BURM,50003023,Vivo,Dresses,Knee Length Dresses,Retired,1350.0,0,0,1.0,0,1
V0719261,Vivo Basic Long Sleeved Double Layered Bodycon,Vivo Basic Long Sleeved Double Layered Bodycon - Hunters Green,V0719261HGNL,60037958,Vivo,Dresses,Knee Length Dresses,Retired,2450.0,0,0,3,0,3
V0719261,Vivo Basic Long Sleeved Double Layered Bodycon,Vivo Basic Long Sleeved Double Layered Bodycon - Hunters Green,V0719261HGN2X,60037960,Vivo,Dresses,Knee Length Dresses,Retired,2450.0,0,0,1.0,0,1
V0719261,Vivo Basic Long Sleeved Double Layered Bodycon,Vivo Basic Long Sleeved Double Layered Bodycon - Mustard,V0719261MUSM,50009756,Vivo,Dresses,Knee Length Dresses,Retired,4250.0,1.0,0,2.0,0,3
V0719261,Vivo Basic Long Sleeved Double Layered Bodycon,Vivo Basic Long Sleeved Double Layered Bodycon - Mustard,V0719261MUSL,50009757,Vivo,Dresses,Knee Length Dresses,Retired,4250.0,1.0,1.0,3.0,0,5
V0719261,Vivo Basic Long Sleeved Double Layered Bodycon,Vivo Basic Long Sleeved Double Layered Bodycon - Rust,0719261RUSL,60023515,Vivo,Dresses,Knee Length Dresses,Retired,2600.0,1.0,0,0,0,1
V0719261,Vivo Basic Long Sleeved Double Layered Bodycon,Vivo Basic Long Sleeved Double Layered Bodycon - Taupe,V0719261TAUL,60028175,Vivo,Dresses,Knee Length Dresses,Retired,2950.0,0,0,0,2,2
V0719261,Vivo Basic Long Sleeved Double Layered Bodycon,Vivo Basic Long Sleeved Double Layered Bodycon - White,V0719261WHIL,60037964,Vivo,Dresses,Knee Length Dresses,Retired,2950.0,0,0,1.0,1,2
V0719553,Vivo Mock Neck Tent Maxi Dress,Vivo Mock Maxi Dress - Orange,V0719553ORAL,60040372,Vivo,Dresses,Maxi Dresses,Retired,4750.0,0,0,0,2,2
V0719553,Vivo Mock Neck Tent Maxi Dress,Vivo Mock Maxi Dress - Orange,V0719553ORAM,60040371,Vivo,Dresses,Maxi Dresses,Retired,4750.0,0,4.0,0,1,5
V0719553,Vivo Mock Neck Tent Maxi Dress,Vivo Mock Maxi Dress - Taupe,V0719553TAUM,60040374,Vivo,Dresses,Maxi Dresses,Retired,3350.0,0,0,0,1,1
V0719553,Vivo Mock Neck Tent Maxi Dress,Vivo Mock Maxi Dress - Taupe,V0719553TAUL,60040375,Vivo,Dresses,Maxi Dresses,Retired,3350.0,0,0,0,1,1
V0719677,Vivo Basic Short Lily Waterfall,Vivo Basic Short Lily Waterfall - White,V0719677WHIM/L,60041000,Vivo,Outerwear,Waterfalls & Kimonos,Retired,2450.0,1.0,0,0,0,1
V0719693,Vivo Side Twist Dress,Vivo Everyday Side Twist Bodycon in Jersey - Dark Green,V0719693DGN2X,60066629,Vivo,Dresses,Knee Length Dresses,Retired,4500.0,0,0,3.0,1,4
V0719693,Vivo Side Twist Dress,Vivo Everyday Side Twist Bodycon in Jersey - Dark Green,V0719693DGNL,40012632,Vivo,Dresses,Knee Length Dresses,Retired,4500.0,1.0,0,9.0,2,12
V0719693,Vivo Side Twist Dress,Vivo Everyday Side Twist Bodycon in Jersey - Dark Green,V0719693DGNS,40012605,Vivo,Dresses,Knee Length Dresses,Retired,4500.0,0,0,12.0,2,14
V0719693,Vivo Side Twist Dress,Vivo Everyday Side Twist Bodycon in Jersey - Dark Green,V0719693DGN1X,40012633,Vivo,Dresses,Knee Length Dresses,Retired,4500.0,0,0,9.0,2,11
V0719693,Vivo Side Twist Dress,Vivo Everyday Side Twist Bodycon in Jersey - Dark Green,V0719693DGNM,40012631,Vivo,Dresses,Knee Length Dresses,Retired,4500.0,0,0,9.0,2,11
V0719693,Vivo Side Twist Dress,Vivo Everyday Side Twist Bodycon in Jersey - Dark Mustard,V0719693DAML,60056800,Vivo,Dresses,Knee Length Dresses,Retired,4500.0,0,0,3.0,4,7
V0719693,Vivo Side Twist Dress,Vivo Everyday Side Twist Bodycon in Jersey - Dark Mustard,V0719693DAM2X,60066628,Vivo,Dresses,Knee Length Dresses,Retired,4500.0,1.0,0,1.0,1,3
V0719693,Vivo Side Twist Dress,Vivo Everyday Side Twist Bodycon in Jersey - Dark Mustard,V0719693DAMS,60056798,Vivo,Dresses,Knee Length Dresses,Retired,4500.0,0,0,0,2,2
V0719693,Vivo Side Twist Dress,Vivo Everyday Side Twist Bodycon in Jersey - Dark Mustard,V0719693DAMM,60056799,Vivo,Dresses,Knee Length Dresses,Retired,4500.0,3.0,0,2.0,7,12
V0719693,Vivo Side Twist Dress,Vivo Everyday Side Twist Bodycon in Jersey - Dark Mustard,V0719693DAM1X,60056801,Vivo,Dresses,Knee Length Dresses,Retired,4500.0,0,0,1.0,3,4
V0719693,Vivo Side Twist Dress,Vivo Everyday Side Twist Bodycon in Jersey - Dark Purple,V0719693DAPS,60056802,Vivo,Dresses,Knee Length Dresses,Retired,4500.0,3.0,0,0,1,4
V0719693,Vivo Side Twist Dress,Vivo Everyday Side Twist Bodycon in Jersey - Dark Purple,V0719693DAPM,60056803,Vivo,Dresses,Knee Length Dresses,Retired,4500.0,0,0,0,1,1
V0719693,Vivo Side Twist Dress,Vivo Everyday Side Twist Bodycon in Jersey - Dark Red,V0719693DREDL,60066620,Vivo,Dresses,Knee Length Dresses,Retired,4500.0,0,0,4.0,2,6
V0719693,Vivo Side Twist Dress,Vivo Everyday Side Twist Bodycon in Jersey - Dark Red,V0719693DREDM,60066619,Vivo,Dresses,Knee Length Dresses,Retired,4500.0,0,0,2.0,2,4
V0719693,Vivo Side Twist Dress,Vivo Everyday Side Twist Bodycon in Jersey - Dark Red,V0719693DRED1X,60066621,Vivo,Dresses,Knee Length Dresses,Retired,4500.0,0,0,6.0,2,8
V0719693,Vivo Side Twist Dress,Vivo Everyday Side Twist Bodycon in Jersey - Dark Red,V0719693DRED2X,60066622,Vivo,Dresses,Knee Length Dresses,Retired,4500.0,0,0,3.0,0,3
V0719693,Vivo Side Twist Dress,Vivo Everyday Side Twist Bodycon in Jersey - Dark Red,V0719693DREDS,60066618,Vivo,Dresses,Knee Length Dresses,Retired,4500.0,0,0,5.0,2,7
V0719693,Vivo Side Twist Dress,Vivo Everyday Side Twist Bodycon in Jersey - Off White,V0719693OWHIS,60066623,Vivo,Dresses,Knee Length Dresses,Retired,4500.0,5.0,0,10.0,2,17
V0719693,Vivo Side Twist Dress,Vivo Everyday Side Twist Bodycon in Jersey - Off White,V0719693OWHIM,60066624,Vivo,Dresses,Knee Length Dresses,Retired,4500.0,0,0,11.0,3,15
V0719693,Vivo Side Twist Dress,Vivo Everyday Side Twist Bodycon in Jersey - Off White,V0719693OWHI2X,60066627,Vivo,Dresses,Knee Length Dresses,Retired,4500.0,0,0,5.0,1,6
V0719693,Vivo Side Twist Dress,Vivo Everyday Side Twist Bodycon in Jersey - Off White,V0719693OWHIL,60066625,Vivo,Dresses,Knee Length Dresses,Retired,4500.0,0,0,10.0,3,13
V0719693,Vivo Side Twist Dress,Vivo Everyday Side Twist Bodycon in Jersey - Off White,V0719693OWHI1X,60066626,Vivo,Dresses,Knee Length Dresses,Retired,4500.0,3.0,0,13.0,2,19
V0719693,Vivo Side Twist Dress,Vivo Everyday Side Twist Bodycon in Jersey - Teal,V0719693TEAL,60040913,Vivo,Dresses,Knee Length Dresses,Retired,4500.0,0,0,13.0,3,16
V0719693,Vivo Side Twist Dress,Vivo Everyday Side Twist Bodycon in Jersey - Teal,V0719693TEA2X,60066630,Vivo,Dresses,Knee Length Dresses,Retired,4500.0,0,0,5.0,1,6
V0719693,Vivo Side Twist Dress,Vivo Everyday Side Twist Bodycon in Jersey - Teal,V0719693TEAS,60040911,Vivo,Dresses,Knee Length Dresses,Retired,4500.0,0,0,11.0,2,13
V0719693,Vivo Side Twist Dress,Vivo Everyday Side Twist Bodycon in Jersey - Teal,V0719693TEA1X,60040914,Vivo,Dresses,Knee Length Dresses,Retired,4500.0,1.0,0,10.0,5,16
V0719693,Vivo Side Twist Dress,Vivo Everyday Side Twist Bodycon in Jersey - Teal,V0719693TEAM,60040912,Vivo,Dresses,Knee Length Dresses,Retired,4500.0,0,0,8.0,2,10
V0719828,Vivo Yoga Wrap,Vivo Yoga Wrap - Buttermilk,V0719828BUTS/M,60024279,Vivo,Outerwear,Waterfalls & Kimonos,Retired,1150.0,0,1.0,0,0,1
V0719839,Vivo Basic Sleeveless Long Lily Waterfall,Vivo Basic Sleeveless Long Lily Waterfall - Mustard,V0719839MUS1X/2X,60037391,Vivo,Outerwear,Waterfalls & Kimonos,Retired,1450.0,1.0,2.0,0,1,4
V0719839,Vivo Basic Sleeveless Long Lily Waterfall,Vivo Basic Sleeveless Long Lily Waterfall - Tan,V0719839TANL/1X,60034617,Vivo,Outerwear,Waterfalls & Kimonos,Retired,1750.0,1.0,0,0,1,2
V0719839,Vivo Basic Sleeveless Long Lily Waterfall,Vivo Basic Sleeveless Long Lily Waterfall - Tan,V0719839TANS/M,60034616,Vivo,Outerwear,Waterfalls & Kimonos,Retired,1750.0,0,1.0,0,1,2
V0719839,Vivo Basic Sleeveless Long Lily Waterfall,Vivo Basic Sleeveless Long Lily Waterfall - Yellow,V0719839YELS/M,40008347,Vivo,Outerwear,Waterfalls & Kimonos,Retired,1650.0,0,1.0,0,0,1
V0719839,Vivo Basic Sleeveless Long Lily Waterfall,Vivo Basic Sleeveless Long Lily Waterfall - Yellow,V0719839YELL/XL,50000056,Vivo,Outerwear,Waterfalls & Kimonos,Retired,1650.0,0,0,1.0,0,1
V0722033,Vivo Basic Julia 3/4 Sleeve Back Pleat Maxi Dress,Vivo Basic Julia 3/4 Sleeve Back Pleat Maxi Dress - Dark Green,V0722033DAG1X,60039585,Vivo,Dresses,Maxi Dresses,Retired,2050.0,0,0,1.0,0,1
V0722033,Vivo Basic Julia 3/4 Sleeve Back Pleat Maxi Dress,Vivo Basic Julia 3/4 Sleeve Back Pleat Maxi Dress - Dark Green,V0722033DAGL,60039584,Vivo,Dresses,Maxi Dresses,Retired,2050.0,0,0,1.0,0,1
V0722033,Vivo Basic Julia 3/4 Sleeve Back Pleat Maxi Dress,Vivo Basic Julia 3/4 Sleeve Back Pleat Maxi Dress - Mustard,V0722033MUSXL,60006487,Vivo,Dresses,Maxi Dresses,Retired,2350.0,1.0,0,0,0,1
V0722034,Vivo Basic Julia 3/4 Sleeve Back Pleat Knee Length Dress,Vivo Basic Julia 3/4 Sleeve Back Pleat Knee Length Dress - Hunters Green,V0722034HGNXS/S,60036682,Vivo,Dresses,Knee Length Dresses,Retired,4250.0,0,0,1,0,1
V0722034,Vivo Basic Julia 3/4 Sleeve Back Pleat Knee Length Dress,Vivo Basic Julia 3/4 Sleeve Back Pleat Knee Length Dress - Hunters Green,V0722034HGN1X/2X,60036684,Vivo,Dresses,Knee Length Dresses,Retired,4250.0,0,0,0,2,2
V0722034,Vivo Basic Julia 3/4 Sleeve Back Pleat Knee Length Dress,Vivo Basic Julia 3/4 Sleeve Back Pleat Knee Length Dress - Hunters Green,V0722034HGNM/L,60036683,Vivo,Dresses,Knee Length Dresses,Retired,4250.0,4.0,0,0,1,5
V0722034,Vivo Basic Julia 3/4 Sleeve Back Pleat Knee Length Dress,Vivo Basic Julia 3/4 Sleeve Back Pleat Knee Length Dress - Mustard,V0722034MUS1X/2X,60036687,Vivo,Dresses,Knee Length Dresses,Retired,2200.0,2.0,0,2.0,1,5
V0722034,Vivo Basic Julia 3/4 Sleeve Back Pleat Knee Length Dress,Vivo Basic Julia 3/4 Sleeve Back Pleat Knee Length Dress - Mustard,V0722034MUSM/L,60036686,Vivo,Dresses,Knee Length Dresses,Retired,2200.0,0,0,0,2,2
V0723033,Vivo Basic Long Sleeve Cascade Waterfall,Vivo Basic Long Sleeve Cascade Waterfall - Green,V0723033GREL/1X,60027039,Vivo,Outerwear,Waterfalls & Kimonos,Retired,1950.0,0,0,1,1,2
V0723033,Vivo Basic Long Sleeve Cascade Waterfall,Vivo Basic Long Sleeve Cascade Waterfall - Green,V0723033GRES/M,60027038,Vivo,Outerwear,Waterfalls & Kimonos,Retired,1950.0,4.0,0,0,2,6
V0723033,Vivo Basic Long Sleeve Cascade Waterfall,Vivo Basic Long Sleeve Cascade Waterfall - Hunters Green,V0723033HGNS/M,60038573,Vivo,Outerwear,Waterfalls & Kimonos,Retired,1950.0,0,2.0,0,1,3
V0723042,Vivo Val 3/4 Sleeve Top,Vivo Val 3/4 Sleeve Top - Yellow,V0723042YELL,60029449,Vivo,Tops,T-shirts & Tank Tops,Retired,750.0,0,0,1.0,0,1
V0723048,Vivo Sawari Long Sleeve V-Neck Midriff Top,Vivo Sawari Long Sleeve V-Neck Midriff Top - Grey,V0723048GRY1X,60022194,Vivo,Tops,Fitted Tops,Retired,1920.0,0,0,1,0,1
V0723048,Vivo Sawari Long Sleeve V-Neck Midriff Top,Vivo Sawari Long Sleeve V-Neck Midriff Top - White,V0723048WHIM,60022196,Vivo,Tops,Fitted Tops,Retired,1000.0,0,0,2,0,2
V0723065,Vivo Jira Lounge Pants,Vivo Jira Lounge Pants - Navy Blue,V0723065NAB3X,60024095,Vivo,Bottoms,Full Length Pants,Retired,1050.0,0,0,1.0,0,1
V0723065,Vivo Jira Lounge Pants,Vivo Jira Lounge Pants - Tan,V0723065TAN2X,60024071,Vivo,Bottoms,Full Length Pants,Retired,2750.0,0,0,1.0,0,1
V0723068,Vivo Jira Scoop Neck Jumpsuit,Vivo Jira Scoop Neck Jumpsuit - Tan,V0723068TAN1X,60024684,Vivo,Bottoms,Jumpsuits & Playsuits,Retired,550.0,1.0,0,0,0,1
V0723074,Vivo Jira Maxi Skirt,Vivo Jira Maxi Skirt - Navy Blue,V0723074NABM,60024327,Vivo,Skirts,Midi & Capri Skirts,Retired,1750.0,0,0,1.0,0,1
V0723079,Vivo Soleil Handkerchief Drape Wide Top,Vivo Soleil Handkerchief Drape Wide Top - Dark Mustard / Peach,V0723079PR7XS/S,60048633,Vivo,Tops,Loose Tops,Retired,1450.0,0,0,3.0,0,3
V0723079,Vivo Soleil Handkerchief Drape Wide Top,Vivo Soleil Handkerchief Drape Wide Top - Dark Mustard / Peach,V0723079PR7M/L,60048634,Vivo,Tops,Loose Tops,Retired,1450.0,0,0,1.0,0,1
V0723079,Vivo Soleil Handkerchief Drape Wide Top,Vivo Soleil Handkerchief Drape Wide Top - Peach / Navy,V0723079PR5M/L,60048642,Vivo,Tops,Loose Tops,Retired,3750.0,0,1.0,0,1,2
V0723079,Vivo Soleil Handkerchief Drape Wide Top,Vivo Soleil Handkerchief Drape Wide Top - Peach / Navy,V0723079PR5XS/S,60048641,Vivo,Tops,Loose Tops,Retired,3750.0,0,0,0,1,1
V0723098,Vivo Malindi Tunic Dress With Frills,Vivo Malindi Tunic Dress With Frills - Green,V0723098GRNF,60047973,Vivo,Dresses,Short & Mini Dresses,Retired,4550.0,1.0,0,0,0,1
V0723098,Vivo Malindi Tunic Dress With Frills,Vivo Malindi Tunic Dress With Frills - Olive,V0723098OLIF,60047775,Vivo,Dresses,Short & Mini Dresses,Retired,4550.0,0,0,1.0,0,1
V0724037,Vivo Nkasi Asymmetrical Top,Vivo Nkasi Asymmetrical Top - Burgundy / Orange Kasi Print,V0724037PR1M/L,60041617,Vivo,Tops,Loose Tops,Retired,2250.0,0,0,0,1,1
V0724037,Vivo Nkasi Asymmetrical Top,Vivo Nkasi Asymmetrical Top - Teal / Burgundy Kasi Print,V0724037PR2M/L,60041621,Vivo,Tops,Loose Tops,Retired,2250.0,0,0,0,1,1
V0724037,Vivo Nkasi Asymmetrical Top,Vivo Nkasi Asymmetrical Top - Teal / Burgundy Kasi Print,V0724037PR2XS/S,60041620,Vivo,Tops,Loose Tops,Retired,2250.0,0,0,0,1,1
V0724038,Vivo Nkasi Wide Top,Vivo Nkasi Wide Top - Teal / Burgundy Kasi Print,V0724038PR1F,60041624,Vivo,Tops,Loose Tops,Retired,1350.0,0,1.0,0,0,1
V0724047,Vivo Nkasi Wide Leg Pants,Vivo Nkasi Wide Leg Pants - Burgundy / Orange Kasi Print,V0724047PR1M,60041636,Vivo,Bottoms,Full Length Pants,Retired,4250.0,0,0,0,1,1
V0724047,Vivo Nkasi Wide Leg Pants,Vivo Nkasi Wide Leg Pants - Teal / Burgundy Kasi Print,V0724047PR2M,60041641,Vivo,Bottoms,Full Length Pants,Retired,4250.0,0,0,0,1,1
V0724047,Vivo Nkasi Wide Leg Pants,Vivo Nkasi Wide Leg Pants - Teal / Burgundy Kasi Print,V0724047PR2S,60041640,Vivo,Bottoms,Full Length Pants,Retired,4250.0,0,0,0,1,1
V0724094,Vivo Hadiya Flounce Sleeve Maxi Dress,Vivo Hadiya Flounce Sleeve Maxi Dress - Navy Blue,V0724094NABS,60043804,Vivo,Dresses,Maxi Dresses,Retired,6250.0,1.0,0,0,1,2
V0724094,Vivo Hadiya Flounce Sleeve Maxi Dress,Vivo Hadiya Flounce Sleeve Maxi Dress - Navy Blue,V0724094NABM,60043805,Vivo,Dresses,Maxi Dresses,Retired,6250.0,0,0,0,1,1
V0724094,Vivo Hadiya Flounce Sleeve Maxi Dress,Vivo Hadiya Flounce Sleeve Maxi Dress - Olive,V0724094OLIL,60043810,Vivo,Dresses,Maxi Dresses,Retired,4350.0,0,0,1.0,0,1
V0724094,Vivo Hadiya Flounce Sleeve Maxi Dress,Vivo Hadiya Flounce Sleeve Maxi Dress - Pink,V0724094PINS,60043812,Vivo,Dresses,Maxi Dresses,Retired,3050.0,0,0,0,1,1
V0724094,Vivo Hadiya Flounce Sleeve Maxi Dress,Vivo Hadiya Flounce Sleeve Maxi Dress - Pink,V0724094PINM,60043813,Vivo,Dresses,Maxi Dresses,Retired,3050.0,0,0,0,1,1
V0724107,Vivo Paji Boat Neck Sheath Dress,Vivo Paji Boat Neck Sheath Dress - Navy Dotted,V0724107PR5S,60051627,Vivo,Dresses,Knee Length Dresses,Retired,4250.0,0,1.0,0,0,1
V0724132,Vivo Situ Off-Shoulder Tie Maxi Dress,Vivo Situ Off-Shoulder Tie Maxi Dress - Navy,V0724132NAV1X,60059451,Vivo,Dresses,Maxi Dresses,Retired,5900.0,0,0,0,1,1
V0724132,Vivo Situ Off-Shoulder Tie Maxi Dress,Vivo Situ Off-Shoulder Tie Maxi Dress - Navy,V0724132NAVM,60059449,Vivo,Dresses,Maxi Dresses,Retired,5900.0,0,0,0,1,1
V0724132,Vivo Situ Off-Shoulder Tie Maxi Dress,Vivo Situ Off-Shoulder Tie Maxi Dress - Navy,V0724132NAVL,60059450,Vivo,Dresses,Maxi Dresses,Retired,5900.0,0,0,0,1,1
V0724132,Vivo Situ Off-Shoulder Tie Maxi Dress,Vivo Situ Off-Shoulder Tie Maxi Dress - Navy,V0724132NAVS,60059448,Vivo,Dresses,Maxi Dresses,Retired,5900.0,1.0,0,0,1,2
V0724132,Vivo Situ Off-Shoulder Tie Maxi Dress,Vivo Situ Off-Shoulder Tie Maxi Dress - Orange / Black Lina Print,V0724132PR10S,60059428,Vivo,Dresses,Maxi Dresses,Retired,5900.0,1.0,0,0,1,2
V0724132,Vivo Situ Off-Shoulder Tie Maxi Dress,Vivo Situ Off-Shoulder Tie Maxi Dress - Sea Green / Dark Teal Lina Print,V0724132PR12S,60059438,Vivo,Dresses,Maxi Dresses,Retired,4150.0,1.0,0,1.0,1,3
V0724132,Vivo Situ Off-Shoulder Tie Maxi Dress,Vivo Situ Off-Shoulder Tie Maxi Dress - Sea Green / Dark Teal Lina Print,V0724132PR12M,60059439,Vivo,Dresses,Maxi Dresses,Retired,4150.0,0,0,1.0,0,1
V0725004,Vivo Alani Plaid Midi Dress,Vivo Alani Plaid Midi Dress - Black / Tan Plaid,V0725004PR1S,60056622,Vivo,Dresses,Midi & Capri Dresses,Retired,1950.0,0,0,1.0,1,2
V0725004,Vivo Alani Plaid Midi Dress,Vivo Alani Plaid Midi Dress - Black / Tan Plaid,V0725004PR1M,60056623,Vivo,Dresses,Midi & Capri Dresses,Retired,1950.0,0,0,0,1,1
V0725022,Vivo Essi Wide Leg Pants in Satin,Vivo Essi Wide Leg Pants - Dark Mustard,V0725022DMU1X,60060436,Vivo,Bottoms,Full Length Pants,Retired,4900.0,0,0,0,1,1
V0725022,Vivo Essi Wide Leg Pants in Satin,Vivo Essi Wide Leg Pants - Dark Mustard,V0725022DMUL,60060435,Vivo,Bottoms,Full Length Pants,Retired,4900.0,0,0,0,1,1
V0725022,Vivo Essi Wide Leg Pants in Satin,Vivo Essi Wide Leg Pants - Dark Mustard,V0725022DMUS,60060433,Vivo,Bottoms,Full Length Pants,Retired,4900.0,1.0,0,0,1,2
V0725022,Vivo Essi Wide Leg Pants in Satin,Vivo Essi Wide Leg Pants - Dark Mustard,V0725022DMUM,60060434,Vivo,Bottoms,Full Length Pants,Retired,4900.0,1.0,0,2.0,1,4
V0725022,Vivo Essi Wide Leg Pants in Satin,Vivo Essi Wide Leg Pants - Dark Olive,V0725022DOLS,60060429,Vivo,Bottoms,Full Length Pants,Retired,4900.0,1.0,0,0,0,1
V0725022,Vivo Essi Wide Leg Pants in Satin,Vivo Essi Wide Leg Pants - Dark Olive,V0725022DOL1X,60060432,Vivo,Bottoms,Full Length Pants,Retired,4900.0,0,0,0,1,1
V0725022,Vivo Essi Wide Leg Pants in Satin,Vivo Essi Wide Leg Pants - Dark Olive,V0725022DOLM,60060430,Vivo,Bottoms,Full Length Pants,Retired,4900.0,5.0,0,0,1,6
V0725022,Vivo Essi Wide Leg Pants in Satin,Vivo Essi Wide Leg Pants - Dark Olive,V0725022DOLL,60060431,Vivo,Bottoms,Full Length Pants,Retired,4900.0,0,0,0,1,1
V0725022,Vivo Essi Wide Leg Pants in Satin,Vivo Essi Wide Leg Pants - White,V0725022WHIM,60060438,Vivo,Bottoms,Full Length Pants,Retired,4900.0,0,0,3.0,1,4
V0725022,Vivo Essi Wide Leg Pants in Satin,Vivo Essi Wide Leg Pants - White,V0725022WHIS,60060437,Vivo,Bottoms,Full Length Pants,Retired,4900.0,0,0,1.0,0,1
V0725022,Vivo Essi Wide Leg Pants in Satin,Vivo Essi Wide Leg Pants In Satin - Fuschia,V0725022FUSM,60063600,Vivo,Bottoms,Full Length Pants,Retired,4900.0,1.0,0,6.0,1,8
V0725022,Vivo Essi Wide Leg Pants in Satin,Vivo Essi Wide Leg Pants In Satin - Fuschia,V0725022FUSS,60063599,Vivo,Bottoms,Full Length Pants,Retired,4900.0,2.0,0,4.0,0,6
V0725022,Vivo Essi Wide Leg Pants in Satin,Vivo Essi Wide Leg Pants In Satin - Fuschia,V0725022FUSL,60063601,Vivo,Bottoms,Full Length Pants,Retired,4900.0,0,0,9.0,0,9
V0725022,Vivo Essi Wide Leg Pants in Satin,Vivo Essi Wide Leg Pants In Satin - Fuschia,V0725022FUS1X,60063602,Vivo,Bottoms,Full Length Pants,Retired,4900.0,1.0,0,2.0,0,3
V0725022,Vivo Essi Wide Leg Pants in Satin,Vivo Essi Wide Leg Pants In Satin - Navy,V0725022NAV1X,60063597,Vivo,Bottoms,Full Length Pants,Retired,4900.0,0,0,1.0,1,2
V0725022,Vivo Essi Wide Leg Pants in Satin,Vivo Essi Wide Leg Pants In Satin - Navy,V0725022NAVL,60063596,Vivo,Bottoms,Full Length Pants,Retired,4900.0,2.0,0,3.0,1,6
V0725022,Vivo Essi Wide Leg Pants in Satin,Vivo Essi Wide Leg Pants In Satin - Navy,V0725022NAVM,60063595,Vivo,Bottoms,Full Length Pants,Retired,4900.0,3.0,0,3.0,1,7
V0725022,Vivo Essi Wide Leg Pants in Satin,Vivo Essi Wide Leg Pants In Satin - Navy,V0725022NAVS,60063594,Vivo,Bottoms,Full Length Pants,Retired,4900.0,0,0,11.0,1,12
V0725022,Vivo Essi Wide Leg Pants in Satin,Vivo Essi Wide Leg Pants In Satin - Red,V0725022REDS,60063589,Vivo,Bottoms,Full Length Pants,Retired,4900.0,4.0,2.0,4.0,1,11
V0725022,Vivo Essi Wide Leg Pants in Satin,Vivo Essi Wide Leg Pants In Satin - Red,V0725022RED1X,60063592,Vivo,Bottoms,Full Length Pants,Retired,4900.0,1.0,1.0,2.0,1,5
V0725022,Vivo Essi Wide Leg Pants in Satin,Vivo Essi Wide Leg Pants In Satin - Red,V0725022REDM,60063590,Vivo,Bottoms,Full Length Pants,Retired,4900.0,8.0,3.0,10.0,2,23
V0725022,Vivo Essi Wide Leg Pants in Satin,Vivo Essi Wide Leg Pants In Satin - Red,V0725022REDL,60063591,Vivo,Bottoms,Full Length Pants,Retired,4900.0,4.0,1.0,5.0,1,11
V0725022,Vivo Essi Wide Leg Pants in Satin,Vivo Essi Wide Leg Pants in Satin - Black,V0725022BLA1X,60060428,Vivo,Bottoms,Full Length Pants,Retired,4900.0,0,0,0,1,1
V0725022,Vivo Essi Wide Leg Pants in Satin,Vivo Essi Wide Leg Pants in Satin - Black,V0725022BLAL,60060427,Vivo,Bottoms,Full Length Pants,Retired,4900.0,1.0,0,1.0,1,4
V0725022,Vivo Essi Wide Leg Pants in Satin,Vivo Essi Wide Leg Pants in Satin - Chocolate,V0725022CHOCL,60068893,Vivo,Bottoms,Full Length Pants,Retired,4900.0,0,0,0,0,2
V0725022,Vivo Essi Wide Leg Pants in Satin,Vivo Essi Wide Leg Pants in Satin - Chocolate,V0725022CHOCM,60068892,Vivo,Bottoms,Full Length Pants,Retired,4900.0,0,0,1.0,0,1
V0725022,Vivo Essi Wide Leg Pants in Satin,Vivo Essi Wide Leg Pants in Satin - Olive / Black Shina Print,V0725022PR3L,60068888,Vivo,Bottoms,Full Length Pants,Retired,4900.0,0,0,0,0,6
V0725022,Vivo Essi Wide Leg Pants in Satin,Vivo Essi Wide Leg Pants in Satin - Olive / Black Shina Print,V0725022PR3S,60068886,Vivo,Bottoms,Full Length Pants,Retired,4900.0,0,0,0,0,1
V0725022,Vivo Essi Wide Leg Pants in Satin,Vivo Essi Wide Leg Pants in Satin - Olive / Black Shina Print,V0725022PR31X,60068889,Vivo,Bottoms,Full Length Pants,Retired,4900.0,0,0,0,0,2
V0725022,Vivo Essi Wide Leg Pants in Satin,Vivo Essi Wide Leg Pants in Satin - Olive / Black Shina Print,V0725022PR32X,60068890,Vivo,Bottoms,Full Length Pants,Retired,4900.0,0,0,0,0,2
V0725022,Vivo Essi Wide Leg Pants in Satin,Vivo Essi Wide Leg Pants in Satin - Rust / Black Shina Print,V0725022PR2L,60068883,Vivo,Bottoms,Full Length Pants,Retired,4900.0,0,0,0,0,1
V0725022,Vivo Essi Wide Leg Pants in Satin,Vivo Essi Wide Leg Pants in Satin - Rust / Black Shina Print,V0725022PR21X,60068884,Vivo,Bottoms,Full Length Pants,Retired,4900.0,0,0,0,0,1
V0725022,Vivo Essi Wide Leg Pants in Satin,Vivo Essi Wide Leg Pants in Satin - Rust / Black Shina Print,V0725022PR22X,60068885,Vivo,Bottoms,Full Length Pants,Retired,4900.0,0,0,0,0,2
V0725022,Vivo Essi Wide Leg Pants in Satin,Vivo Essi Wide Leg Pants in Satin - Rust / Black Shina Print,V0725022PR2S,60068881,Vivo,Bottoms,Full Length Pants,Retired,4900.0,0,0,0,0,1
V0725022,Vivo Essi Wide Leg Pants in Satin,Vivo Essi Wide Leg Pants in Satin - Rust / Black Shina Print,V0725022PR2M,60068882,Vivo,Bottoms,Full Length Pants,Retired,4900.0,0,0,1.0,0,3
V0725022,Vivo Essi Wide Leg Pants in Satin,Vivo Essi Wide Leg Pants in Satin - White / Black Shina Print,V0725022PR1S,60068876,Vivo,Bottoms,Full Length Pants,Retired,4900.0,0,0,1.0,0,9
V0725022,Vivo Essi Wide Leg Pants in Satin,Vivo Essi Wide Leg Pants in Satin - White / Black Shina Print,V0725022PR1M,60068877,Vivo,Bottoms,Full Length Pants,Retired,4900.0,0,0,0,0,6
V0725022,Vivo Essi Wide Leg Pants in Satin,Vivo Essi Wide Leg Pants in Satin - White / Black Shina Print,V0725022PR1L,60068878,Vivo,Bottoms,Full Length Pants,Retired,4900.0,0,0,0,0,5
V0725029,Vivo Ari Sleeveless Straight Maxi Slit Dress,Vivo Ari Sleeveless Straight Maxi Slit Dress - Black,V0725029BLAL,60057235,Vivo,Dresses,Maxi Dresses,Retired,3450.0,1.0,0,0,0,1
V0725029,Vivo Ari Sleeveless Straight Maxi Slit Dress,Vivo Ari Sleeveless Straight Maxi Slit Dress - Chocolate Brown,V0725029CHBS,60057237,Vivo,Dresses,Maxi Dresses,Retired,4900.0,0,0,0,3,3
V0725029,Vivo Ari Sleeveless Straight Maxi Slit Dress,Vivo Ari Sleeveless Straight Maxi Slit Dress - Chocolate Brown,V0725029CHB1X,60057240,Vivo,Dresses,Maxi Dresses,Retired,4900.0,0,0,0,1,1
V0725029,Vivo Ari Sleeveless Straight Maxi Slit Dress,Vivo Ari Sleeveless Straight Maxi Slit Dress - Chocolate Brown,V0725029CHBM,60057238,Vivo,Dresses,Maxi Dresses,Retired,4900.0,1.0,4.0,1,1,7
V0725029,Vivo Ari Sleeveless Straight Maxi Slit Dress,Vivo Ari Sleeveless Straight Maxi Slit Dress - Red,V0725029REDS,60057245,Vivo,Dresses,Maxi Dresses,Retired,4900.0,0,0,1,1,2
V0725029,Vivo Ari Sleeveless Straight Maxi Slit Dress,Vivo Ari Sleeveless Straight Maxi Slit Dress - Red,V0725029REDM,60057246,Vivo,Dresses,Maxi Dresses,Retired,4900.0,0,2.0,0,1,3
V0725029,Vivo Ari Sleeveless Straight Maxi Slit Dress,Vivo Ari Sleeveless Straight Maxi Slit Dress - Red,V0725029REDL,60057247,Vivo,Dresses,Maxi Dresses,Retired,4900.0,1.0,6.0,0,1,8
V0725029,Vivo Ari Sleeveless Straight Maxi Slit Dress,Vivo Ari Sleeveless Straight Maxi Slit Dress - Red,V0725029RED1X,60057248,Vivo,Dresses,Maxi Dresses,Retired,4900.0,1.0,0,1,1,3
V0725029,Vivo Ari Sleeveless Straight Maxi Slit Dress,Vivo Ari Sleeveless Straight Maxi Slit Dress - Sea Green,V0725029SEG1X,60057244,Vivo,Dresses,Maxi Dresses,Retired,4900.0,0,0,0,2,2
V0725029,Vivo Ari Sleeveless Straight Maxi Slit Dress,Vivo Ari Sleeveless Straight Maxi Slit Dress - Sea Green,V0725029SEGS,60057241,Vivo,Dresses,Maxi Dresses,Retired,4900.0,1.0,9.0,4,3,17
V0725029,Vivo Ari Sleeveless Straight Maxi Slit Dress,Vivo Ari Sleeveless Straight Maxi Slit Dress - Sea Green,V0725029SEGM,60057242,Vivo,Dresses,Maxi Dresses,Retired,4900.0,3.0,10.0,4,2,19
V0725029,Vivo Ari Sleeveless Straight Maxi Slit Dress,Vivo Ari Sleeveless Straight Maxi Slit Dress - Sea Green,V0725029SEGL,60057243,Vivo,Dresses,Maxi Dresses,Retired,4900.0,1.0,6.0,3,2,12
V0725044,Vivo  Tanda A-Line Maxi Dress,Vivo Tanda A-Line Maxi Dress - Grey,V0725044GREL,60058080,Vivo,Dresses,Maxi Dresses,Retired,3450.0,0,0,0,1,1
V0725044,Vivo  Tanda A-Line Maxi Dress,Vivo Tanda A-Line Maxi Dress - Grey,V0725044GREM,60058079,Vivo,Dresses,Maxi Dresses,Retired,3450.0,0,0,0,1,1
V0725044,Vivo  Tanda A-Line Maxi Dress,Vivo Tanda A-Line Maxi Dress - Offwhite,V0725044OFWM,60058083,Vivo,Dresses,Maxi Dresses,Retired,4900.0,0,0,2.0,0,2
V0725044,Vivo  Tanda A-Line Maxi Dress,Vivo Tanda A-Line Maxi Dress - Offwhite,V0725044OFWL,60058084,Vivo,Dresses,Maxi Dresses,Retired,4900.0,1.0,0,0,0,1
V0725044,Vivo  Tanda A-Line Maxi Dress,Vivo Tanda A-Line Maxi Dress - Offwhite,V0725044OFWS,60058082,Vivo,Dresses,Maxi Dresses,Retired,4900.0,0,0,1,1,2
V0725046,Vivo Alma Skirt & Top Set,Vivo Alma Mini Skirt - Dark Grey,V0725046DGRYL,60059924,Vivo,Two-Piece Sets,Skirts & Top Set,Retired,2500.0,7.0,0,1.0,1,9
V0725046,Vivo Alma Skirt & Top Set,Vivo Alma Mini Skirt - Dark Grey,V0725046DGRY2X,60060160,Vivo,Two-Piece Sets,Skirts & Top Set,Retired,2500.0,0,0,0,1,1
V0725046,Vivo Alma Skirt & Top Set,Vivo Alma Mini Skirt - Dark Grey,V0725046DGRYS,60059922,Vivo,Two-Piece Sets,Skirts & Top Set,Retired,2500.0,15.0,0,1,4,20
V0725046,Vivo Alma Skirt & Top Set,Vivo Alma Mini Skirt - Powder Blue,V0725046POBL,60060011,Vivo,Two-Piece Sets,Skirts & Top Set,Retired,2500.0,3.0,0,0,1,4
V0725046,Vivo Alma Skirt & Top Set,Vivo Alma Skirt & Top Set - Dark Grey,V0725046DGRY1X,60059925,Vivo,Two-Piece Sets,Skirts & Top Set,Retired,2500.0,4.0,0,2,1,7
V0725046,Vivo Alma Skirt & Top Set,Vivo Alma Skirt & Top Set - Gold,V0725046GOLL,60059920,Vivo,Two-Piece Sets,Skirts & Top Set,Retired,2500.0,12.0,0,0,2,14
V0725046,Vivo Alma Skirt & Top Set,Vivo Alma Skirt & Top Set - Gold,V0725046GOL1X,60059921,Vivo,Two-Piece Sets,Skirts & Top Set,Retired,2500.0,7.0,0,2,1,10
V0725046,Vivo Alma Skirt & Top Set,Vivo Alma Skirt & Top Set - Gold,V0725046GOLM,60059919,Vivo,Two-Piece Sets,Skirts & Top Set,Retired,2500.0,13.0,0,0,2,15
V0725046,Vivo Alma Skirt & Top Set,Vivo Alma Skirt & Top Set - Gold,V0725046GOLS,60059918,Vivo,Two-Piece Sets,Skirts & Top Set,Retired,2500.0,13.0,0,1,0,14
V0725046,Vivo Alma Skirt & Top Set,Vivo Alma Skirt & Top Set - Powder Blue,V0725046POBM,60060010,Vivo,Two-Piece Sets,Skirts & Top Set,Retired,2500.0,11.0,0,0,1,12
V0725046,Vivo Alma Skirt & Top Set,Vivo Alma Skirt & Top Set - Powder Blue,V0725046POB1X,60060012,Vivo,Two-Piece Sets,Skirts & Top Set,Retired,2500.0,1.0,0,0,2,3
V0725046,Vivo Alma Skirt & Top Set,Vivo Alma Skirt & Top Set - Powder Blue,V0725046POBS,60060009,Vivo,Two-Piece Sets,Skirts & Top Set,Retired,2500.0,5.0,0,0,2,7
V0819011,Vivo Basic Abby Loose Top,Vivo Basic Abby Loose Top - Black,0819011BLAS/M,50011256,Vivo,Tops,Loose Tops,Retired,2275.0,1.0,0,0,0,1
V0819036,Vivo Basic Bodycon,Vivo Basic Bodycon Dress in Rayon - Chocolate,V0819036CHOCM,60067507,Vivo,Dresses,Knee Length Dresses,Retired,3900.0,4.0,0,18.0,3,25
V0819036,Vivo Basic Bodycon,Vivo Basic Bodycon Dress in Rayon - Chocolate,V0819036CHOC2X,60067510,Vivo,Dresses,Knee Length Dresses,Retired,3900.0,0,0,5.0,0,5
V0819036,Vivo Basic Bodycon,Vivo Basic Bodycon Dress in Rayon - Chocolate,V0819036CHOC1X,60067509,Vivo,Dresses,Knee Length Dresses,Retired,3900.0,1.0,0,11.0,2,14
V0819036,Vivo Basic Bodycon,Vivo Basic Bodycon Dress in Rayon - Chocolate,V0819036CHOCL,60067508,Vivo,Dresses,Knee Length Dresses,Retired,3900.0,1.0,0,16.0,3,21
V0819036,Vivo Basic Bodycon,Vivo Basic Bodycon Dress in Rayon - Chocolate,V0819036CHOCS,60067506,Vivo,Dresses,Knee Length Dresses,Retired,3900.0,0,0,16.0,1,17
V0819064,Vivo Basic Long Lily Waterfall,Vivo Basic Long Lily Waterfall - Navy Blue,V0819064NABL/XL,40000365,Vivo,Outerwear,Waterfalls & Kimonos,Retired,2250.0,0,0,1.0,0,1
V0819064,Vivo Basic Long Lily Waterfall,Vivo Basic Long Lily Waterfall - Teal,V0819064TEA1X/2X,60045682,Vivo,Outerwear,Waterfalls & Kimonos,Retired,1750.0,0,0,0,2,2
V0819064,Vivo Basic Long Lily Waterfall,Vivo Basic Long Lily Waterfall - Yellow,V0819064YELL/XL,40006849,Vivo,Outerwear,Waterfalls & Kimonos,Retired,2250.0,0,1.0,0,0,1
V0819101,Vivo Basic Dada Poncho,Vivo Basic Dada Poncho - Raspberry / Off-white,V0819101RAS/OWHI,60022990,Vivo,Outerwear,Sweaters & Ponchos,Retired,4950.0,1.0,0,0,0,1
V0819124,Vivo Basic Ali Jacket,Vivo Basic Ali Jacket - Burgundy,V0819124BURS,60042178,Vivo,Outerwear,Jackets & Coats,Retired,2950.0,0,0,1.0,1,2
V0819124,Vivo Basic Ali Jacket,Vivo Basic Ali Jacket - Burgundy,V0819124BURM,60042179,Vivo,Outerwear,Jackets & Coats,Retired,2950.0,1.0,0,0,4,5
V0819124,Vivo Basic Ali Jacket,Vivo Basic Ali Jacket - Hunters Green,V0819124HGNS,60027999,Vivo,Outerwear,Jackets & Coats,Retired,2950.0,1.0,2.0,0,0,3
V0819124,Vivo Basic Ali Jacket,Vivo Basic Ali Jacket - Navy Blue,V0819124NABM,40010856,Vivo,Outerwear,Jackets & Coats,Retired,2950.0,0,2.0,0,0,2
V0819124,Vivo Basic Ali Jacket,Vivo Basic Ali Jacket - Navy Blue,V0819124NABS,40008533,Vivo,Outerwear,Jackets & Coats,Retired,2950.0,0,7.0,0,0,7
V0819124,Vivo Basic Ali Jacket,Vivo Basic Ali Jacket - Red,V0819124REDS,60056076,Vivo,Outerwear,Jackets & Coats,Retired,2950.0,1.0,2.0,0,1,4
V0819124,Vivo Basic Ali Jacket,Vivo Basic Ali Jacket - Red,V0819124REDM,60056077,Vivo,Outerwear,Jackets & Coats,Retired,2950.0,1.0,2.0,1.0,4,8
V0819124,Vivo Basic Ali Jacket,Vivo Basic Ali Jacket - Red,V0819124REDL,60056078,Vivo,Outerwear,Jackets & Coats,Retired,2950.0,1.0,4.0,1.0,2,8
V0819126,Vivo Basic Tulip Sweater,Vivo Basic Tulip Sweater - Dark Navy,V0819126DNAXS,60062785,Vivo,Outerwear,Sweaters & Ponchos,Retired,2450.0,1.0,0,0,0,1
V0819126,Vivo Basic Tulip Sweater,Vivo Basic Tulip Sweater - Grey,V0819126GRES,60016441,Vivo,Outerwear,Sweaters & Ponchos,Retired,3550.0,0,0,1.0,0,1
V0819126,Vivo Basic Tulip Sweater,Vivo Basic Tulip Sweater - Grey,V0819126GREL,60016443,Vivo,Outerwear,Sweaters & Ponchos,Retired,3550.0,0,0,2.0,0,2
V0819126,Vivo Basic Tulip Sweater,Vivo Basic Tulip Sweater - Mustard,V0819126MUSS,60032320,Vivo,Outerwear,Sweaters & Ponchos,Retired,2500.0,0,0,2.0,0,2
V0819126,Vivo Basic Tulip Sweater,Vivo Basic Tulip Sweater - Mustard,V0819126MUSL,60032322,Vivo,Outerwear,Sweaters & Ponchos,Retired,2500.0,0,0,2.0,0,2
V0819126,Vivo Basic Tulip Sweater,Vivo Tulip Sweater - Dusty Red,V0819126DURD1X,60068223,Vivo,Outerwear,Sweaters & Ponchos,Retired,3900.0,1.0,0,16.0,0,17
V0819126,Vivo Basic Tulip Sweater,Vivo Tulip Sweater - Dusty Red,V0819126DURD2X,60068224,Vivo,Outerwear,Sweaters & Ponchos,Retired,3900.0,0,0,8.0,0,8
V0819126,Vivo Basic Tulip Sweater,Vivo Tulip Sweater - Dusty Red,V0819126DURDL,60068222,Vivo,Outerwear,Sweaters & Ponchos,Retired,3900.0,0,0,18.0,0,19
V0819126,Vivo Basic Tulip Sweater,Vivo Tulip Sweater - Dusty Red,V0819126DURDM,60068221,Vivo,Outerwear,Sweaters & Ponchos,Retired,3900.0,0,0,13.0,0,13
V0819126,Vivo Basic Tulip Sweater,Vivo Tulip Sweater - Dusty Red,V0819126DURDS,60068220,Vivo,Outerwear,Sweaters & Ponchos,Retired,3900.0,0,0,9.0,0,9
V0819126,Vivo Basic Tulip Sweater,Vivo Tulip Sweater - Light Yellow,V0819126LYEL2X,60068219,Vivo,Outerwear,Sweaters & Ponchos,Retired,3900.0,1.0,0,6.0,1,8
V0819126,Vivo Basic Tulip Sweater,Vivo Tulip Sweater - Light Yellow,V0819126LYELL,60068217,Vivo,Outerwear,Sweaters & Ponchos,Retired,3900.0,1.0,0,18.0,3,22
V0819126,Vivo Basic Tulip Sweater,Vivo Tulip Sweater - Light Yellow,V0819126LYELM,60068216,Vivo,Outerwear,Sweaters & Ponchos,Retired,3900.0,0,0,16.0,0,16
V0819126,Vivo Basic Tulip Sweater,Vivo Tulip Sweater - Light Yellow,V0819126LYELS,60068215,Vivo,Outerwear,Sweaters & Ponchos,Retired,3900.0,0,0,10.0,0,10
V0819126,Vivo Basic Tulip Sweater,Vivo Tulip Sweater - Light Yellow,V0819126LYEL1X,60068218,Vivo,Outerwear,Sweaters & Ponchos,Retired,3900.0,0,0,9.0,2,12
V0819126,Vivo Basic Tulip Sweater,Vivo Tulip Sweater - Olive Green,V0819126OGNS,60068210,Vivo,Outerwear,Sweaters & Ponchos,Retired,3900.0,0,0,4.0,1,5
V0819126,Vivo Basic Tulip Sweater,Vivo Tulip Sweater - Olive Green,V0819126OGN1X,60068213,Vivo,Outerwear,Sweaters & Ponchos,Retired,3900.0,2.0,0,8.0,0,10
V0819126,Vivo Basic Tulip Sweater,Vivo Tulip Sweater - Olive Green,V0819126OGNL,60068212,Vivo,Outerwear,Sweaters & Ponchos,Retired,3900.0,0,0,6.0,2,8
V0819126,Vivo Basic Tulip Sweater,Vivo Tulip Sweater - Olive Green,V0819126OGNM,60068211,Vivo,Outerwear,Sweaters & Ponchos,Retired,3900.0,1.0,0,5.0,2,8
V0819126,Vivo Basic Tulip Sweater,Vivo Tulip Sweater - Olive Green,V0819126OGN2X,60068214,Vivo,Outerwear,Sweaters & Ponchos,Retired,3900.0,0,0,3.0,0,3
V0819126,Vivo Basic Tulip Sweater,Vivo Tulip Sweater - Red,V0819126REDS,60056105,Vivo,Outerwear,Sweaters & Ponchos,Retired,3900.0,0,0,8.0,1,9
V0819126,Vivo Basic Tulip Sweater,Vivo Tulip Sweater - Red,V0819126REDL,60056107,Vivo,Outerwear,Sweaters & Ponchos,Retired,3900.0,0,0,11.0,2,14
V0819126,Vivo Basic Tulip Sweater,Vivo Tulip Sweater - Red,V0819126RED1X,60056108,Vivo,Outerwear,Sweaters & Ponchos,Retired,3900.0,0,0,12.0,2,14
V0819126,Vivo Basic Tulip Sweater,Vivo Tulip Sweater - Red,V0819126RED2X,60068194,Vivo,Outerwear,Sweaters & Ponchos,Retired,3900.0,0,0,4.0,0,4
V0819126,Vivo Basic Tulip Sweater,Vivo Tulip Sweater - Red,V0819126REDM,60056106,Vivo,Outerwear,Sweaters & Ponchos,Retired,3900.0,0,0,7.0,1,8
V0821064,Vivo Basic Crepe Cap Sleeved Top,Vivo Basic Cap Sleeve Top In Crepe - Buttermilk,V0821064BUTS,60064526,Vivo,Tops,Fitted Tops,Retired,2500.0,0,0,0,1,1
V0821064,Vivo Basic Crepe Cap Sleeved Top,Vivo Basic Cap Sleeve Top In Crepe - Buttermilk,V0821064BUT1X,60064529,Vivo,Tops,Fitted Tops,Retired,2500.0,0,0,0,1,1
V0821064,Vivo Basic Crepe Cap Sleeved Top,Vivo Basic Cap Sleeve Top In Crepe - Dark Mustard,V0821064DMUM,60064557,Vivo,Tops,Fitted Tops,Retired,2500.0,0,0,2.0,0,2
V0821064,Vivo Basic Crepe Cap Sleeved Top,Vivo Basic Cap Sleeve Top In Crepe - Dark Mustard,V0821064DMU2X,60064560,Vivo,Tops,Fitted Tops,Retired,2500.0,0,0,1.0,0,1
V0821064,Vivo Basic Crepe Cap Sleeved Top,Vivo Basic Cap Sleeve Top In Crepe - Dark Mustard,V0821064DMUL,60064558,Vivo,Tops,Fitted Tops,Retired,2500.0,2.0,0,6.0,1,9
V0821064,Vivo Basic Crepe Cap Sleeved Top,Vivo Basic Cap Sleeve Top In Crepe - Dark Mustard,V0821064DMUS,60064556,Vivo,Tops,Fitted Tops,Retired,2500.0,1.0,0,5.0,1,7
V0821064,Vivo Basic Crepe Cap Sleeved Top,Vivo Basic Cap Sleeve Top In Crepe - Dark Mustard,V0821064DMU1X,60064559,Vivo,Tops,Fitted Tops,Retired,2500.0,2.0,0,6.0,0,8
V0821064,Vivo Basic Crepe Cap Sleeved Top,Vivo Basic Cap Sleeve Top In Crepe - Dark Olive,V0821064DOLM,60064552,Vivo,Tops,Fitted Tops,Retired,2500.0,1.0,0,0,2,3
V0821064,Vivo Basic Crepe Cap Sleeved Top,Vivo Basic Cap Sleeve Top In Crepe - Dark Olive,V0821064DOL1X,60064554,Vivo,Tops,Fitted Tops,Retired,2500.0,2.0,0,0,1,3
V0821064,Vivo Basic Crepe Cap Sleeved Top,Vivo Basic Cap Sleeve Top In Crepe - Dark Olive,V0821064DOLL,60064553,Vivo,Tops,Fitted Tops,Retired,2500.0,1.0,0,2.0,1,4
V0821064,Vivo Basic Crepe Cap Sleeved Top,Vivo Basic Cap Sleeve Top In Crepe - Dark Olive,V0821064DOL2X,60064555,Vivo,Tops,Fitted Tops,Retired,2500.0,1.0,0,0,0,1
V0821064,Vivo Basic Crepe Cap Sleeved Top,Vivo Basic Cap Sleeve Top In Crepe - Light Grey,V0821064LGRL,60064538,Vivo,Tops,Fitted Tops,Retired,2500.0,0,0,2,0,2
V0821064,Vivo Basic Crepe Cap Sleeved Top,Vivo Basic Cap Sleeve Top In Crepe - Light Grey,V0821064LGR1X,60064539,Vivo,Tops,Fitted Tops,Retired,2500.0,1.0,0,3.0,1,5
V0821064,Vivo Basic Crepe Cap Sleeved Top,Vivo Basic Cap Sleeve Top In Crepe - Light Grey,V0821064LGR2X,60064540,Vivo,Tops,Fitted Tops,Retired,2500.0,0,0,1.0,0,1
V0821064,Vivo Basic Crepe Cap Sleeved Top,Vivo Basic Cap Sleeve Top In Crepe - Light Grey,V0821064LGRS,60064536,Vivo,Tops,Fitted Tops,Retired,2500.0,0,0,1.0,1,2
V0821064,Vivo Basic Crepe Cap Sleeved Top,Vivo Basic Cap Sleeve Top In Crepe - Lilac,V0821064LIL1X,60064524,Vivo,Tops,Fitted Tops,Retired,2500.0,0,0,0,3,3
V0821064,Vivo Basic Crepe Cap Sleeved Top,Vivo Basic Cap Sleeve Top In Crepe - Lilac,V0821064LILS,60064521,Vivo,Tops,Fitted Tops,Retired,2500.0,1.0,0,0,1,2
V0821064,Vivo Basic Crepe Cap Sleeved Top,Vivo Basic Cap Sleeve Top In Crepe - Lilac,V0821064LILL,60064523,Vivo,Tops,Fitted Tops,Retired,2500.0,1.0,0,0,1,2
V0821064,Vivo Basic Crepe Cap Sleeved Top,Vivo Basic Cap Sleeve Top In Crepe - Maroon,V0821064MAR1X,60064549,Vivo,Tops,Fitted Tops,Retired,2500.0,0,0,1,0,1
V0821064,Vivo Basic Crepe Cap Sleeved Top,Vivo Basic Cap Sleeve Top In Crepe - Maroon,V0821064MARL,60064548,Vivo,Tops,Fitted Tops,Retired,2500.0,0,0,0,1,1
V0821064,Vivo Basic Crepe Cap Sleeved Top,Vivo Basic Cap Sleeve Top In Crepe - Red,V0821064RED1X,60064544,Vivo,Tops,Fitted Tops,Retired,2500.0,0,0,0,1,1
V0821064,Vivo Basic Crepe Cap Sleeved Top,Vivo Basic Cap Sleeve Top In Crepe - Rose Pink,V0821064RPIM,60064532,Vivo,Tops,Fitted Tops,Retired,2500.0,0,0,0,1,1
V0821064,Vivo Basic Crepe Cap Sleeved Top,Vivo Basic Cap Sleeve Top In Crepe - Rose Pink,V0821064RPI1X,60064534,Vivo,Tops,Fitted Tops,Retired,2500.0,0,0,0,1,1
V0821064,Vivo Basic Crepe Cap Sleeved Top,Vivo Basic Cap Sleeve Top In Crepe - Rose Pink,V0821064RPI2X,60064535,Vivo,Tops,Fitted Tops,Retired,2500.0,0,0,1.0,0,1
V0821064,Vivo Basic Crepe Cap Sleeved Top,Vivo Basic Crepe Cap Sleeve Top - Light Blue,V0821064LBLU4X,60026307,Vivo,Tops,Fitted Tops,Retired,750.0,1.0,0,0,1,2
V0821064,Vivo Basic Crepe Cap Sleeved Top,Vivo Basic Crepe Cap Sleeve Top - Light Blue,V0821064LBLU3X,60026303,Vivo,Tops,Fitted Tops,Retired,750.0,0,0,1.0,0,1
V0821064,Vivo Basic Crepe Cap Sleeved Top,Vivo Basic Crepe Cap Sleeve Top - Navy / Mustard Print,V0821064PR89S,60059376,Vivo,Tops,Fitted Tops,Retired,2500.0,0,0,4,1,5
V0821064,Vivo Basic Crepe Cap Sleeved Top,Vivo Basic Crepe Cap Sleeve Top - Rust / Black Print,V0821064PR90S,60059466,Vivo,Tops,Fitted Tops,Retired,2550.0,1.0,0,2,1,4
V0821064,Vivo Basic Crepe Cap Sleeved Top,Vivo Basic Crepe Cap Sleeve Top - Sky Blue,V0821064SBLUM,60062069,Vivo,Tops,Fitted Tops,Retired,1750.0,1.0,0,0,0,1
V0821064,Vivo Basic Crepe Cap Sleeved Top,Vivo Basic Crepe Cap Sleeve Top - White,V0821064WHI2X,60061986,Vivo,Tops,Fitted Tops,Retired,2500.0,0,0,1.0,0,1
V0821064,Vivo Basic Crepe Cap Sleeved Top,Vivo Basic Crepe Cap Sleeve Top In Crepe - Dark Green,V0821064DGNM,60020463,Vivo,Tops,Fitted Tops,Retired,2500.0,0,0,1.0,1,2
V0821064,Vivo Basic Crepe Cap Sleeved Top,Vivo Basic Crepe Cap Sleeve Top In Crepe - Dark Green,V0821064DGNL,60020464,Vivo,Tops,Fitted Tops,Retired,2500.0,0,0,0,1,1
V0821064,Vivo Basic Crepe Cap Sleeved Top,Vivo Basic Crepe Cap Sleeve Top In Crepe - Dark Green,V0821064DGN1X,60020465,Vivo,Tops,Fitted Tops,Retired,2500.0,0,0,0,1,1
V0821064,Vivo Basic Crepe Cap Sleeved Top,Vivo Basic Crepe Cap Sleeve Top In Crepe - Mustard,V0821064MUSL,60010923,Vivo,Tops,Fitted Tops,Retired,2500.0,0,0,0,1,1
V0821064,Vivo Basic Crepe Cap Sleeved Top,Vivo Basic Crepe Cap Sleeve Top In Crepe - Mustard,V0821064MUS1X,60010924,Vivo,Tops,Fitted Tops,Retired,2500.0,0,0,0,2,2
V0821064,Vivo Basic Crepe Cap Sleeved Top,Vivo Basic Crepe Cap Sleeve Top In Crepe - Mustard,V0821064MUSM,60010922,Vivo,Tops,Fitted Tops,Retired,2500.0,0,0,0,1,1
V0821064,Vivo Basic Crepe Cap Sleeved Top,Vivo Basic Crepe Cap Sleeve Top In Crepe - Mustard,V0821064MUSS,60010921,Vivo,Tops,Fitted Tops,Retired,2500.0,0,0,0,2,2
V0821064,Vivo Basic Crepe Cap Sleeved Top,Vivo Basic Crepe Cap Sleeved Top - Peach,0821064PEAL,60020459,Vivo,Tops,Fitted Tops,Retired,2550.0,1.0,0,0,0,1
V0821064,Vivo Basic Crepe Cap Sleeved Top,Vivo Basic Crepe Cap Sleeved Top In Crepe - Navy Blue,V0821064NABL,60003979,Vivo,Tops,Fitted Tops,Retired,2500.0,0,0,3.0,0,3
V0821064,Vivo Basic Crepe Cap Sleeved Top,Vivo Basic Crepe Cap Sleeved Top In Crepe - Navy Blue,V0821064NABXL,60003980,Vivo,Tops,Fitted Tops,Retired,2500.0,0,0,3.0,0,3
V0821064,Vivo Basic Crepe Cap Sleeved Top,Vivo Basic Crepe Cap Sleeved Top In Crepe - Navy Blue,V0821064NABM,60003978,Vivo,Tops,Fitted Tops,Retired,2500.0,0,0,3.0,0,3
V0821064,Vivo Basic Crepe Cap Sleeved Top,Vivo Basic Crepe Cap Sleeved Top In Crepe - Navy Blue,V0821064NABS,60003977,Vivo,Tops,Fitted Tops,Retired,2500.0,0,0,2.0,1,3
V0821064,Vivo Basic Crepe Cap Sleeved Top,Vivo Basic Crepe Cap Sleeved Top In Crepe - Navy Blue,V0821064NAB2X,60064562,Vivo,Tops,Fitted Tops,Retired,2500.0,0,0,1.0,0,1
V0821190,Vivo Tsavo Sleeveless Scalloped Hem Dress Top,Vivo Tsavo Sleeveless Scalloped Hem Dress Top - Black,V0821190BLAM,60020477,Vivo,Tops,Fitted Tops,Retired,1450.0,1.0,0,0,0,1
V0821190,Vivo Tsavo Sleeveless Scalloped Hem Dress Top,Vivo Tsavo Sleeveless Scalloped Hem Dress Top - Rust,V0821190RUSM,60020481,Vivo,Tops,Fitted Tops,Retired,1150.0,1.0,0,1.0,0,2
V0822002,Vivo Wingu Puff Sleeve Knee Length Dress,Vivo Wingu Puff Sleeve Knee Length Dress - Light Navy,V0822002LNVYL,60048261,Vivo,Dresses,Knee Length Dresses,Retired,3400.0,0,1.0,0,1,2
V0822002,Vivo Wingu Puff Sleeve Knee Length Dress,Vivo Wingu Puff Sleeve Knee Length Dress - Light Navy,V0822002LNVYM,60048260,Vivo,Dresses,Knee Length Dresses,Retired,3400.0,0,2.0,0,2,4
V0822022,Vivo Basic Sleeveless Tent Dress,Vivo Basic Sleeveless Tent Dress - Black,V0822022BLA1X,60058933,Vivo,Dresses,Knee Length Dresses,Retired,4900.0,0,0,1.0,0,1
V0822022,Vivo Basic Sleeveless Tent Dress,Vivo Basic Sleeveless Tent Dress - Black,V0822022BLAL,60058932,Vivo,Dresses,Knee Length Dresses,Retired,4900.0,0,0,1,0,1
V0822022,Vivo Basic Sleeveless Tent Dress,Vivo Basic Sleeveless Tent Dress - Black,V0822022BLAM,60058931,Vivo,Dresses,Knee Length Dresses,Retired,4900.0,0,0,2,0,2
V0822022,Vivo Basic Sleeveless Tent Dress,Vivo Basic Sleeveless Tent Dress - Black,V0822022BLAS,60058930,Vivo,Dresses,Knee Length Dresses,Retired,4900.0,1.0,0,6.0,1,8
V0822022,Vivo Basic Sleeveless Tent Dress,Vivo Basic Sleeveless Tent Dress - Pink / Chocolate Print,V0822022PR281X,60058941,Vivo,Dresses,Knee Length Dresses,Retired,4900.0,0,0,1.0,0,1
V0822022,Vivo Basic Sleeveless Tent Dress,Vivo Basic Sleeveless Tent Dress - Pink / Chocolate Print,V0822022PR28S,60058938,Vivo,Dresses,Knee Length Dresses,Retired,4900.0,0,0,1,0,1
V0822022,Vivo Basic Sleeveless Tent Dress,Vivo Basic Sleeveless Tent Dress - Pink / Chocolate Print,V0822022PR28M,60058939,Vivo,Dresses,Knee Length Dresses,Retired,4900.0,0,0,5,0,5
V0822022,Vivo Basic Sleeveless Tent Dress,Vivo Basic Sleeveless Tent Dress - Rust,V0822022RUS1X,60058929,Vivo,Dresses,Knee Length Dresses,Retired,4900.0,0,0,1,0,1
V0822022,Vivo Basic Sleeveless Tent Dress,Vivo Basic Sleeveless Tent Dress - Tan/Black Print,V0822022PRT19L,60031396,Vivo,Dresses,Knee Length Dresses,Retired,3450.0,0,0,1.0,1,2
V0822022,Vivo Basic Sleeveless Tent Dress,Vivo Basic Sleeveless Tent Dress - Tan/Black Print,V0822022PRT19M,60031395,Vivo,Dresses,Knee Length Dresses,Retired,3450.0,0,0,1,0,1
V0822022,Vivo Basic Sleeveless Tent Dress,Vivo Basic Sleeveless Tent Dress - White / Coral Ziza Print,V0822022PR37S,60062085,Vivo,Dresses,Knee Length Dresses,Retired,4900.0,0,0,2,0,2
V0822022,Vivo Basic Sleeveless Tent Dress,Vivo Basic Sleeveless Tent Dress in Crepe - Mustard / Black Print,V0822022PR41M,60064277,Vivo,Dresses,Knee Length Dresses,Retired,4900.0,1.0,0,9.0,0,10
V0822022,Vivo Basic Sleeveless Tent Dress,Vivo Basic Sleeveless Tent Dress in Crepe - Mustard / Black Print,V0822022PR41L,60064278,Vivo,Dresses,Knee Length Dresses,Retired,4900.0,0,0,1.0,0,1
V0822022,Vivo Basic Sleeveless Tent Dress,Vivo Basic Sleeveless Tent Dress in Crepe - White / Dark Hunters Print,V0822022PR39M,60064267,Vivo,Dresses,Knee Length Dresses,Retired,4900.0,0,0,1.0,1,2
V0822022,Vivo Basic Sleeveless Tent Dress,Vivo Basic Sleeveless Tent Dress in Crepe - White / Dark Hunters Print,V0822022PR39L,60064268,Vivo,Dresses,Knee Length Dresses,Retired,4900.0,0,0,2.0,0,2
V0822022,Vivo Basic Sleeveless Tent Dress,Vivo Basic Sleeveless Tent Dress in Crepe - White / Dark Hunters Print,V0822022PR391X,60064269,Vivo,Dresses,Knee Length Dresses,Retired,4900.0,0,0,2.0,1,3
V0822022,Vivo Basic Sleeveless Tent Dress,Vivo Basic Sleeveless Tent Dress in Crepe - White / Olive Print,V0822022PR401X,60064274,Vivo,Dresses,Knee Length Dresses,Retired,4900.0,0,0,0,1,1
V0822027,Vivo Tana Off Shoulder Maxi Dress,Vivo Tana Off Shoulder Maxi Dress - Pink / Black Dana Print,V0822027PR27XS/S,60054788,Vivo,Dresses,Maxi Dresses,Retired,1950.0,0,0,1.0,0,1
V0822027,Vivo Tana Off Shoulder Maxi Dress,Vivo Tana Off Shoulder Maxi Dress - Pink / Green Print,V0822027PR20M/L,60040739,Vivo,Dresses,Maxi Dresses,Retired,4750.0,0,1.0,0,1,2
V0822027,Vivo Tana Off Shoulder Maxi Dress,Vivo Tana Off Shoulder Maxi Dress - White / Purple Dana Print,V0822027PR28XS/S,60054785,Vivo,Dresses,Maxi Dresses,Retired,6750.0,0,0,1.0,1,2
V0822077,Vivo Tana Puff Sleeve Bodysuit,Vivo Tana Puff Sleeve Bodysuit In Jersey - Dark Green,V0822077DGN2X,60064351,Vivo,Tops,Bodysuits,Retired,2700.0,2.0,0,6.0,1,9
V0822077,Vivo Tana Puff Sleeve Bodysuit,Vivo Tana Puff Sleeve Bodysuit In Jersey - Red,V0822077RED2X,60064349,Vivo,Tops,Bodysuits,Retired,2700.0,0,2.0,5.0,2,9
V0823125,Vivo Naya One Shoulder Flounce Jumpsuit,Vivo Naya One Shoulder Flounce Jumpsuit - Pweza Print,V0823125PR23X,60023370,Vivo,Bottoms,Jumpsuits & Playsuits,Retired,1100.0,0,0,0,1,1
V0823125,Vivo Naya One Shoulder Flounce Jumpsuit,Vivo Naya One Shoulder Flounce Jumpsuit - Pweza Print,V0823125PR2L,60023367,Vivo,Bottoms,Jumpsuits & Playsuits,Retired,1100.0,0,0,0,1,1
V0823125,Vivo Naya One Shoulder Flounce Jumpsuit,Vivo Naya One Shoulder Flounce Jumpsuit - Pweza Print,V0823125PR2M,60023366,Vivo,Bottoms,Jumpsuits & Playsuits,Retired,1100.0,0,1.0,0,2,3
V0823125,Vivo Naya One Shoulder Flounce Jumpsuit,Vivo Naya One Shoulder Flounce Jumpsuit - Pweza Print,V0823125PR2S,60023365,Vivo,Bottoms,Jumpsuits & Playsuits,Retired,1100.0,0,1.0,0,0,1
V0823125,Vivo Naya One Shoulder Flounce Jumpsuit,Vivo Naya One Shoulder Flounce Jumpsuit - Pweza Print,V0823125PR2XS,60023364,Vivo,Bottoms,Jumpsuits & Playsuits,Retired,1100.0,0,0,1.0,0,1
V0823129,Vivo Naya One Shoulder Flounce Top,Vivo Naya One Shoulder Flounce Top - Alizeti,V0823129PR11X,60023617,Vivo,Tops,Fitted Tops,Retired,700.0,0,0,0,1,1
V0823129,Vivo Naya One Shoulder Flounce Top,Vivo Naya One Shoulder Flounce Top - Tawi,V0823129PR3M,60023248,Vivo,Tops,Fitted Tops,Retired,700.0,0,4.0,0,1,5
V0823129,Vivo Naya One Shoulder Flounce Top,Vivo Naya One Shoulder Flounce Top - Tawi,V0823129PR33X,60023627,Vivo,Tops,Fitted Tops,Retired,700.0,0,0,0,1,1
V0823134,Vivo Basic Long Sleeve Bodysuit (Seamless),Vivo Basic Long Sleeve Bodysuit (Seamless) - Navy Blue,V0823134NAB4X,60028327,Vivo,Tops,Bodysuits,Retired,2000.0,6.0,0,0,1,7
V0823134,Vivo Basic Long Sleeve Bodysuit (Seamless),Vivo Basic Long Sleeve Bodysuit (Seamless) - Navy Blue,V0823134NABXS,60028324,Vivo,Tops,Bodysuits,Retired,2000.0,0,0,0,1,1
V0823134,Vivo Basic Long Sleeve Bodysuit (Seamless),Vivo Basic Long Sleeve Bodysuit (Seamless) - Navy Blue,V0823134NAB3X,60028326,Vivo,Tops,Bodysuits,Retired,2000.0,0,0,0,1,1
V0823134,Vivo Basic Long Sleeve Bodysuit (Seamless),Vivo Basic Long Sleeve Bodysuit (Seamless) - Navy Blue,V0823134NAB2X,60028325,Vivo,Tops,Bodysuits,Retired,2000.0,0,0,0,1,1
V0823134,Vivo Basic Long Sleeve Bodysuit (Seamless),Vivo Basic Long Sleeve Bodysuit in Jersey - Olive Green,V0719112OGRM,60069818,Vivo,Tops,Bodysuits,Retired,2900.0,0,0,13.0,3,16
V0823134,Vivo Basic Long Sleeve Bodysuit (Seamless),Vivo Basic Long Sleeve Bodysuit in Jersey - Olive Green,V0719112OGR1X,60069820,Vivo,Tops,Bodysuits,Retired,2900.0,0,0,8.0,2,10
V0823134,Vivo Basic Long Sleeve Bodysuit (Seamless),Vivo Basic Long Sleeve Bodysuit in Jersey - Olive Green,V0719112OGR2X,60069821,Vivo,Tops,Bodysuits,Retired,2900.0,0,0,5.0,1,6
V0823134,Vivo Basic Long Sleeve Bodysuit (Seamless),Vivo Basic Long Sleeve Bodysuit in Jersey - Olive Green,V0719112OGRS,60069817,Vivo,Tops,Bodysuits,Retired,2900.0,0,0,10.0,2,12
V0823134,Vivo Basic Long Sleeve Bodysuit (Seamless),Vivo Basic Long Sleeve Bodysuit in Jersey - Olive Green,V0719112OGRL,60069819,Vivo,Tops,Bodysuits,Retired,2900.0,0,0,15.0,3,18
V0823134,Vivo Basic Long Sleeve Bodysuit (Seamless),Vivo Basic Long Sleeved Bodysuit in Jersey - Dark Taupe,V0719112DTAUM,60065517,Vivo,Tops,Bodysuits,Retired,2900.0,3.0,0,8.0,0,11
V0823134,Vivo Basic Long Sleeve Bodysuit (Seamless),Vivo Basic Long Sleeved Bodysuit in Jersey - Dark Taupe,V0719112DTAUL,60065518,Vivo,Tops,Bodysuits,Retired,2900.0,5.0,0,6.0,3,14
V0823134,Vivo Basic Long Sleeve Bodysuit (Seamless),Vivo Basic Long Sleeved Bodysuit in Jersey - Dark Taupe,V0719112DTAU2X,60065520,Vivo,Tops,Bodysuits,Retired,2900.0,1.0,0,3.0,1,5
V0823134,Vivo Basic Long Sleeve Bodysuit (Seamless),Vivo Basic Long Sleeved Bodysuit in Jersey - Dark Taupe,V0719112DTAUS,60065516,Vivo,Tops,Bodysuits,Retired,2900.0,1.0,0,7.0,1,9
V0823134,Vivo Basic Long Sleeve Bodysuit (Seamless),Vivo Basic Long Sleeved Bodysuit in Jersey - Dark Taupe,V0719112DTAU1X,60065519,Vivo,Tops,Bodysuits,Retired,2900.0,1.0,0,6.0,1,8
V0823141,Vivo Golf Fly Front Shorts,Vivo Golf Fly Front Shorts - Dark Taupe,V0823141DTAU4X,60022815,Vivo,Bottoms,Shorts & Skorts,Retired,560.0,0,0,0,1,1
V0823155,Vivo X This Is Essential Strappy Bodysuit,Vivo X This Is Essential Strappy Bodysuit - White,V0823155WHI2X,60024900,Vivo,Tops,Bodysuits,Retired,2250.0,1.0,4.0,0,3,8
V0823155,Vivo X This Is Essential Strappy Bodysuit,Vivo X This Is Essential Strappy Bodysuit - White,V0823155WHIXXS,60038998,Vivo,Tops,Bodysuits,Retired,2250.0,0,1.0,0,0,1
V0823158,Vivo X This Is Essential Sleeveless Scooped Neck Bodysuit,Vivo X This Is Essential  Sleeveless Scooped Neck Bodysuit - Black,V0823158BLAXXS,60039037,Vivo,Tops,Bodysuits,Retired,1950.0,0,0,0,1,1
V0823158,Vivo X This Is Essential Sleeveless Scooped Neck Bodysuit,Vivo X This Is Essential  Sleeveless Scooped Neck Bodysuit - Chocolate,V0823158CHOCXXS,60045154,Vivo,Tops,Bodysuits,Retired,1950.0,0,10.0,0,2,12
V0823158,Vivo X This Is Essential Sleeveless Scooped Neck Bodysuit,Vivo X This Is Essential  Sleeveless Scooped Neck Bodysuit - Grey,V0823158GREYXXS,60045163,Vivo,Tops,Bodysuits,Retired,1950.0,0,4.0,0,2,6
V0823158,Vivo X This Is Essential Sleeveless Scooped Neck Bodysuit,Vivo X This Is Essential  Sleeveless Scooped Neck Bodysuit - Red,V0823158REDXXS,60045172,Vivo,Tops,Bodysuits,Retired,1950.0,0,5.0,0,3,8
V0823158,Vivo X This Is Essential Sleeveless Scooped Neck Bodysuit,Vivo X This Is Essential  Sleeveless Scooped Neck Bodysuit - Taupe,V0823158TAUXXS,60039038,Vivo,Tops,Bodysuits,Retired,1950.0,0,0,0,1,1
V0823158,Vivo X This Is Essential Sleeveless Scooped Neck Bodysuit,Vivo X This Is Essential Sleeveless Scooped Neck Bodysuit - Chocolate,V0823158CHOC2X,60045151,Vivo,Tops,Bodysuits,Retired,1950.0,1.0,2.0,0,3,6
V0823158,Vivo X This Is Essential Sleeveless Scooped Neck Bodysuit,Vivo X This Is Essential Sleeveless Scooped Neck Bodysuit - Grey,V0823158GREY1X,60045159,Vivo,Tops,Bodysuits,Retired,1950.0,0,4.0,0,1,5
V0823158,Vivo X This Is Essential Sleeveless Scooped Neck Bodysuit,Vivo X This Is Essential Sleeveless Scooped Neck Bodysuit - Grey,V0823158GREY2X,60045160,Vivo,Tops,Bodysuits,Retired,1950.0,1.0,7.0,0,3,11
V0823158,Vivo X This Is Essential Sleeveless Scooped Neck Bodysuit,Vivo X This Is Essential Sleeveless Scooped Neck Bodysuit - Taupe,V0823158TAU2X,60026993,Vivo,Tops,Bodysuits,Retired,1950.0,0,0,0,2,2
V0823158,Vivo X This Is Essential Sleeveless Scooped Neck Bodysuit,Vivo X This Is Essential Sleeveless Scooped Neck Bodysuit - Taupe,V0823158TAUXS,60026988,Vivo,Tops,Bodysuits,Retired,1950.0,0,0,0,2,2
V0823158,Vivo X This Is Essential Sleeveless Scooped Neck Bodysuit,Vivo X This Is Essential Sleeveless Scooped Neck Bodysuit - White,V0823158WHI2X,60025155,Vivo,Tops,Bodysuits,Retired,1950.0,0,2.0,0,0,2
V0823185,Vivo Naya Flounce Sleeve Kimono,Vivo Naya Flounce Sleeve Kimono - Johari,V0823185PR4L/1X,60023814,Vivo,Outerwear,Waterfalls & Kimonos,Retired,4350.0,0,0,0,1,1
V0823L1,Vivo Naya One Shoulder Flounce Top,Vivo Naya One Shoulder Flounce Top - Tausi,V0823L129PR2L,60023620,Vivo,Tops,Fitted Tops,Retired,700.0,0,0,0,1,1
V0824021,Vivo Wila Dolman Tunic,Vivo Wila Dolman Tunic - Rust,V0824021RST1X,60043259,Vivo,Tops,Loose Tops,Retired,3350.0,0,0,0,1,1
V0824021,Vivo Wila Dolman Tunic,Vivo Wila Dolman Tunic - Taupe,V0824021TAUM,60043275,Vivo,Tops,Loose Tops,Retired,1850.0,0,5.0,0,2,7
V0824034,Vivo Paji Dress Coat,Vivo Paji Dress Coat - Navy,V0824034NVYM,60043014,Vivo,Outerwear,Jackets & Coats,Retired,750.0,0,0,1.0,0,1
V0824073,Vivo Amai Knee Length Dresses,Vivo Amai Knee Length Dresses - Black,V0824073BLAM,60044972,Vivo,Dresses,Knee Length Dresses,Retired,5950.0,0,0,0,1,1
V0824073,Vivo Amai Knee Length Dresses,Vivo Amai Knee Length Dresses - Black,V0824073BLAL,60044973,Vivo,Dresses,Knee Length Dresses,Retired,5950.0,0,0,1.0,0,1
V0824073,Vivo Amai Knee Length Dresses,Vivo Amai Knee Length Dresses - Purple / Black,V0824073PUBLAM,60044982,Vivo,Dresses,Knee Length Dresses,Retired,4150.0,0,0,0,1,1
V0824081,Vivo Chidii Off Shoulder Maxi Dress,Vivo Chidii Off Shoulder Maxi Dress - Green,V0824081GRNXS/S,60048162,Vivo,Dresses,Maxi Dresses,Retired,4150.0,0,0,1.0,0,1
V0824081,Vivo Chidii Off Shoulder Maxi Dress,Vivo Chidii Off Shoulder Maxi Dress - Green,V0824081GRNM/L,60048163,Vivo,Dresses,Maxi Dresses,Retired,4150.0,0,0,2.0,0,2
V0824081,Vivo Chidii Off Shoulder Maxi Dress,Vivo Chidii Off Shoulder Maxi Dress -Light Yellow / Dark Brown Rema Print,V0824081PR51X/2X,60054337,Vivo,Dresses,Maxi Dresses,Retired,4050.0,0,0,1.0,0,1
V0824101,Vivo Ayla Bubble Sleeve Maxi Dress,Vivo Ayla Bubble Sleeve Maxi Dress - Brown,V0824101BRWNL,60045428,Vivo,Dresses,Maxi Dresses,Retired,6950.0,0,0,0,1,1
V0824108,Vivo Ayla Off-Shoulder Jumpsuit,Vivo Ayla Off-Shoulder Jumpsuit -Orange / Burgundy Umbo Print,V0824108PR6XS/S,60050774,Vivo,Bottoms,Jumpsuits & Playsuits,Retired,6750.0,0,0,0,1,1
V0825002,Vivo Tanda Handkerchief Drape Top,Vivo Tanda Handkerchief Drape Top - Olive,V0825002OLIXS/S,60058189,Vivo,Tops,Loose Tops,Retired,2750.0,1.0,0,0,0,1
V0825002,Vivo Tanda Handkerchief Drape Top,Vivo Tanda Handkerchief Drape Top - Rust,V0825002RUSXS/S,60058186,Vivo,Tops,Loose Tops,Retired,2750.0,0,0,0,1,1
V0825008,Vivo Ria Pants & Waterfall Set,Vivo Ria Pants & Waterfall Set - Lilac,V0825008LILS-WATE,60058470,Vivo,Two-Piece Sets,Pants & Top Set,Retired,7500.0,1.0,0,0,0,1
V0825008,Vivo Ria Pants & Waterfall Set,Vivo Ria Pants & Waterfall Set - Lilac,V0825008LILL-WATE,60058472,Vivo,Two-Piece Sets,Pants & Top Set,Retired,7500.0,1.0,0,0,0,1
V0825008,Vivo Ria Pants & Waterfall Set,Vivo Ria Pants & Waterfall Set - Lilac,V0825008LILM-WATE,60058471,Vivo,Two-Piece Sets,Pants & Top Set,Retired,7500.0,4.0,0,0,0,4
V0825008,Vivo Ria Pants & Waterfall Set,Vivo Ria Pants & Waterfall Set - Taupe,V0825008TAU2X,60058657,Vivo,Two-Piece Sets,Pants & Top Set,Retired,5250.0,0,0,0,1,1
V0825008,Vivo Ria Pants & Waterfall Set,Vivo Ria Pants & Waterfall Set - Taupe,V0825008TAUS-WATE,60058466,Vivo,Two-Piece Sets,Pants & Top Set,Retired,5250.0,1.0,0,0,0,1
V0825009,Vivo Nora 3/4 Sleeve Peplum Top,Vivo Nora 3/4 Sleeve Peplum Top - Hunters,V0825009HUNM,60058541,Vivo,Tops,Fitted Tops,Retired,2250.0,0,1.0,0,3,4
V0825009,Vivo Nora 3/4 Sleeve Peplum Top,Vivo Nora 3/4 Sleeve Peplum Top - Hunters,V0825009HUNL,60058542,Vivo,Tops,Fitted Tops,Retired,2250.0,0,1.0,0,1,2
V0825009,Vivo Nora 3/4 Sleeve Peplum Top,Vivo Nora 3/4 Sleeve Peplum Top - Hunters,V0825009HUNS,60058540,Vivo,Tops,Fitted Tops,Retired,2250.0,0,1.0,0,1,2
V0825009,Vivo Nora 3/4 Sleeve Peplum Top,Vivo Nora 3/4 Sleeve Peplum Top - Navy,V0825009NAVS,60058552,Vivo,Tops,Fitted Tops,Retired,2900.0,0,10.0,0,3,13
V0825009,Vivo Nora 3/4 Sleeve Peplum Top,Vivo Nora 3/4 Sleeve Peplum Top - Navy,V0825009NAVL,60058554,Vivo,Tops,Fitted Tops,Retired,2900.0,0,1.0,1,1,3
V0825009,Vivo Nora 3/4 Sleeve Peplum Top,Vivo Nora 3/4 Sleeve Peplum Top - Navy,V0825009NAVM,60058553,Vivo,Tops,Fitted Tops,Retired,2900.0,0,9.0,4,1,14
V0825009,Vivo Nora 3/4 Sleeve Peplum Top,Vivo Nora 3/4 Sleeve Peplum Top - Navy,V0825009NAV1X,60058555,Vivo,Tops,Fitted Tops,Retired,2900.0,0,1.0,1,0,2
V0825009,Vivo Nora 3/4 Sleeve Peplum Top,Vivo Nora 3/4 Sleeve Peplum Top - Purple,V0825009PURM,60058557,Vivo,Tops,Fitted Tops,Retired,2900.0,0,9.0,0,0,9
V0825009,Vivo Nora 3/4 Sleeve Peplum Top,Vivo Nora 3/4 Sleeve Peplum Top - Purple,V0825009PURL,60058558,Vivo,Tops,Fitted Tops,Retired,2900.0,0,1.0,0,1,2
V0825009,Vivo Nora 3/4 Sleeve Peplum Top,Vivo Nora 3/4 Sleeve Peplum Top - Purple,V0825009PURS,60058556,Vivo,Tops,Fitted Tops,Retired,2900.0,0,4.0,2,1,7
V0825009,Vivo Nora 3/4 Sleeve Peplum Top,Vivo Nora 3/4 Sleeve Peplum Top - Red,V0825009REDS,60058548,Vivo,Tops,Fitted Tops,Retired,2900.0,1.0,6.0,0,1,8
V0825009,Vivo Nora 3/4 Sleeve Peplum Top,Vivo Nora 3/4 Sleeve Peplum Top - Red,V0825009REDM,60058549,Vivo,Tops,Fitted Tops,Retired,2900.0,0,4.0,0,3,7
V0825009,Vivo Nora 3/4 Sleeve Peplum Top,Vivo Nora 3/4 Sleeve Peplum Top - Red,V0825009REDL,60058550,Vivo,Tops,Fitted Tops,Retired,2900.0,0,3.0,0,1,4
V0825009,Vivo Nora 3/4 Sleeve Peplum Top,Vivo Nora 3/4 Sleeve Peplum Top - Taupe,V0825009TAUM,60058545,Vivo,Tops,Fitted Tops,Retired,2900.0,0,5.0,0,1,6
V0825009,Vivo Nora 3/4 Sleeve Peplum Top,Vivo Nora 3/4 Sleeve Peplum Top - Taupe,V0825009TAUS,60058544,Vivo,Tops,Fitted Tops,Retired,2900.0,0,9.0,2,1,12
V0825009,Vivo Nora 3/4 Sleeve Peplum Top,Vivo Nora 3/4 Sleeve Peplum Top - Taupe,V0825009TAUL,60058546,Vivo,Tops,Fitted Tops,Retired,2900.0,1.0,1.0,0,1,3
V0825012,Vivo Nora Front Slit Knee Length Skirt,Vivo Nora Front Slit Knee Length Skirt - Hunters,V0825012HUN1X,60058523,Vivo,Skirts,Knee Length Skirts,Retired,3500.0,1.0,3.0,0,1,5
V0825012,Vivo Nora Front Slit Knee Length Skirt,Vivo Nora Front Slit Knee Length Skirt - Hunters,V0825012HUNM,60058521,Vivo,Skirts,Knee Length Skirts,Retired,3500.0,0,6.0,0,2,8
V0825012,Vivo Nora Front Slit Knee Length Skirt,Vivo Nora Front Slit Knee Length Skirt - Hunters,V0825012HUNL,60058522,Vivo,Skirts,Knee Length Skirts,Retired,3500.0,0,0,0,3,3
V0825012,Vivo Nora Front Slit Knee Length Skirt,Vivo Nora Front Slit Knee Length Skirt - Hunters,V0825012HUNS,60058520,Vivo,Skirts,Knee Length Skirts,Retired,3500.0,0,7.0,0,0,7
V0825012,Vivo Nora Front Slit Knee Length Skirt,Vivo Nora Front Slit Knee Length Skirt - Navy,V0825012NAVM,60058533,Vivo,Skirts,Knee Length Skirts,Retired,3500.0,0,14.0,1,3,18
V0825012,Vivo Nora Front Slit Knee Length Skirt,Vivo Nora Front Slit Knee Length Skirt - Navy,V0825012NAVS,60058532,Vivo,Skirts,Knee Length Skirts,Retired,3500.0,0,11.0,3,0,14
V0825012,Vivo Nora Front Slit Knee Length Skirt,Vivo Nora Front Slit Knee Length Skirt - Navy,V0825012NAVL,60058534,Vivo,Skirts,Knee Length Skirts,Retired,3500.0,0,7.0,3,0,10
V0825012,Vivo Nora Front Slit Knee Length Skirt,Vivo Nora Front Slit Knee Length Skirt - Navy,V0825012NAV1X,60058535,Vivo,Skirts,Knee Length Skirts,Retired,3500.0,0,2.0,4,1,7
V0825012,Vivo Nora Front Slit Knee Length Skirt,Vivo Nora Front Slit Knee Length Skirt - Purple,V0825012PURM,60058537,Vivo,Skirts,Knee Length Skirts,Retired,3500.0,1.0,22.0,1,0,24
V0825012,Vivo Nora Front Slit Knee Length Skirt,Vivo Nora Front Slit Knee Length Skirt - Purple,V0825012PUR1X,60058539,Vivo,Skirts,Knee Length Skirts,Retired,3500.0,0,4.0,1,1,6
V0825012,Vivo Nora Front Slit Knee Length Skirt,Vivo Nora Front Slit Knee Length Skirt - Purple,V0825012PURS,60058536,Vivo,Skirts,Knee Length Skirts,Retired,3500.0,0,12.0,2,0,14
V0825012,Vivo Nora Front Slit Knee Length Skirt,Vivo Nora Front Slit Knee Length Skirt - Purple,V0825012PURL,60058538,Vivo,Skirts,Knee Length Skirts,Retired,3500.0,0,4.0,2.0,1,7
V0825012,Vivo Nora Front Slit Knee Length Skirt,Vivo Nora Front Slit Knee Length Skirt - Red,V0825012REDL,60058530,Vivo,Skirts,Knee Length Skirts,Retired,3500.0,1.0,8.0,0,3,12
V0825012,Vivo Nora Front Slit Knee Length Skirt,Vivo Nora Front Slit Knee Length Skirt - Red,V0825012REDM,60058529,Vivo,Skirts,Knee Length Skirts,Retired,3500.0,1.0,14.0,0,4,19
V0825012,Vivo Nora Front Slit Knee Length Skirt,Vivo Nora Front Slit Knee Length Skirt - Red,V0825012REDS,60058528,Vivo,Skirts,Knee Length Skirts,Retired,3500.0,1.0,12.0,0,3,16
V0825012,Vivo Nora Front Slit Knee Length Skirt,Vivo Nora Front Slit Knee Length Skirt - Red,V0825012RED1X,60058531,Vivo,Skirts,Knee Length Skirts,Retired,3500.0,0,8.0,0,1,9
V0825012,Vivo Nora Front Slit Knee Length Skirt,Vivo Nora Front Slit Knee Length Skirt - Taupe,V0825012TAUM,60058525,Vivo,Skirts,Knee Length Skirts,Retired,3500.0,2.0,4.0,4.0,0,10
V0825012,Vivo Nora Front Slit Knee Length Skirt,Vivo Nora Front Slit Knee Length Skirt - Taupe,V0825012TAUS,60058524,Vivo,Skirts,Knee Length Skirts,Retired,3500.0,1.0,6.0,0,4,11
V0825012,Vivo Nora Front Slit Knee Length Skirt,Vivo Nora Front Slit Knee Length Skirt - Taupe,V0825012TAU1X,60058527,Vivo,Skirts,Knee Length Skirts,Retired,3500.0,0,3.0,0,1,4
V0825012,Vivo Nora Front Slit Knee Length Skirt,Vivo Nora Front Slit Knee Length Skirt - Taupe,V0825012TAUL,60058526,Vivo,Skirts,Knee Length Skirts,Retired,3500.0,2.0,3.0,0,3,8
V0825015,Vivo Lena Slim Fit Pants in Pinstripe,Vivo Lena Slim Fit Pants in Pinstripe - Black / White Stripes,V0825015PR1S,60059521,Vivo,Bottoms,Full Length Pants,Retired,3900.0,0,0,1.0,0,1
V0825015,Vivo Lena Slim Fit Pants in Pinstripe,Vivo Lena Slim Fit Pants in Pinstripe - Black / White Stripes,V0825015PR1M,60059522,Vivo,Bottoms,Full Length Pants,Retired,3900.0,0,0,1.0,0,1
V0825015,Vivo Lena Slim Fit Pants in Pinstripe,Vivo Lena Slim Fit Pants in Pinstripe - Black / White Thin Stripes ,V0825015PR21X,60067588,Vivo,Bottoms,Full Length Pants,Retired,3900.0,0,0,4.0,2,6
V0825015,Vivo Lena Slim Fit Pants in Pinstripe,Vivo Lena Slim Fit Pants in Pinstripe - Black / White Thin Stripes ,V0825015PR2M,60067586,Vivo,Bottoms,Full Length Pants,Retired,3900.0,2.0,0,0,2,4
V0825015,Vivo Lena Slim Fit Pants in Pinstripe,Vivo Lena Slim Fit Pants in Pinstripe - Black / White Thin Stripes ,V0825015PR22X,60067589,Vivo,Bottoms,Full Length Pants,Retired,3900.0,0,0,3.0,1,5
V0825015,Vivo Lena Slim Fit Pants in Pinstripe,Vivo Lena Slim Fit Pants in Pinstripe - Black / White Thin Stripes ,V0825015PR2S,60067585,Vivo,Bottoms,Full Length Pants,Retired,3900.0,1.0,0,3.0,1,5
V0825015,Vivo Lena Slim Fit Pants in Pinstripe,Vivo Lena Slim Fit Pants in Pinstripe - Black / White Thin Stripes ,V0825015PR2L,60067587,Vivo,Bottoms,Full Length Pants,Retired,3900.0,0,0,5.0,3,8
V0825019,Vivo Nora Wide Leg Pants,Vivo Nora Wide Leg Pants - Black,V0825019BLAM,60058600,Vivo,Bottoms,Full Length Pants,Retired,2450.0,0,0,3,1,4
V0825019,Vivo Nora Wide Leg Pants,Vivo Nora Wide Leg Pants - Black,V0825019BLA1X,60058602,Vivo,Bottoms,Full Length Pants,Retired,2450.0,0,0,1,0,1
V0825019,Vivo Nora Wide Leg Pants,Vivo Nora Wide Leg Pants - Black,V0825019BLAL,60058601,Vivo,Bottoms,Full Length Pants,Retired,2450.0,0,0,3.0,0,3
V0825019,Vivo Nora Wide Leg Pants,Vivo Nora Wide Leg Pants - Black,V0825019BLAS,60058599,Vivo,Bottoms,Full Length Pants,Retired,2450.0,0,0,1,0,1
V0825019,Vivo Nora Wide Leg Pants,Vivo Nora Wide Leg Pants - Dark Green,V0825019DAGS,60058603,Vivo,Bottoms,Full Length Pants,Retired,1950.0,1.0,0,0,0,1
V0825019,Vivo Nora Wide Leg Pants,Vivo Nora Wide Leg Pants - Dark Green,V0825019DAG1X,60058606,Vivo,Bottoms,Full Length Pants,Retired,1950.0,0,0,1.0,0,1
V0825019,Vivo Nora Wide Leg Pants,Vivo Nora Wide Leg Pants - Dark Green,V0825019DAGM,60058604,Vivo,Bottoms,Full Length Pants,Retired,1950.0,0,0,1.0,0,1
V0825019,Vivo Nora Wide Leg Pants,Vivo Nora Wide Leg Pants - Dark Olive,V0825019DAOL,60058609,Vivo,Bottoms,Full Length Pants,Retired,1950.0,0,0,3,1,4
V0825019,Vivo Nora Wide Leg Pants,Vivo Nora Wide Leg Pants - Dark Olive,V0825019DAOS,60058607,Vivo,Bottoms,Full Length Pants,Retired,1950.0,1.0,0,1,1,3
V0825019,Vivo Nora Wide Leg Pants,Vivo Nora Wide Leg Pants - Dark Olive,V0825019DAOM,60058608,Vivo,Bottoms,Full Length Pants,Retired,1950.0,0,0,1,0,1
V0825019,Vivo Nora Wide Leg Pants,Vivo Nora Wide Leg Pants - Dark Olive,V0825019DAO1X,60058610,Vivo,Bottoms,Full Length Pants,Retired,1950.0,1.0,0,0,0,1
V0825019,Vivo Nora Wide Leg Pants,Vivo Nora Wide Leg Pants - Dark Pink,V0825019DAPS,60060090,Vivo,Bottoms,Full Length Pants,Retired,2950.0,1.0,0,0,0,1
V0825019,Vivo Nora Wide Leg Pants,Vivo Nora Wide Leg Pants - Dark Red,V0825019DARM,60058596,Vivo,Bottoms,Full Length Pants,Retired,1950.0,0,0,4.0,0,4
V0825019,Vivo Nora Wide Leg Pants,Vivo Nora Wide Leg Pants - Dark Red,V0825019DARL,60058597,Vivo,Bottoms,Full Length Pants,Retired,1950.0,1.0,0,3.0,1,5
V0825019,Vivo Nora Wide Leg Pants,Vivo Nora Wide Leg Pants - Dark Red,V0825019DARS,60058595,Vivo,Bottoms,Full Length Pants,Retired,1950.0,0,0,0,1,1
V0825025,Vivo Anavi Maxi Dress In Jersey,Vivo Anavi Maxi Dress In Jersey - Chocolate,V0825025CHO1X,60063279,Vivo,Dresses,Maxi Dresses,Retired,6500.0,2.0,0,0,1,3
V0825025,Vivo Anavi Maxi Dress In Jersey,Vivo Anavi Maxi Dress In Jersey - Chocolate,V0825025CHOL,60063278,Vivo,Dresses,Maxi Dresses,Retired,6500.0,13.0,0,1,2,16
V0825025,Vivo Anavi Maxi Dress In Jersey,Vivo Anavi Maxi Dress In Jersey - Chocolate,V0825025CHO2X,60063280,Vivo,Dresses,Maxi Dresses,Retired,6500.0,3.0,0,1,1,5
V0825025,Vivo Anavi Maxi Dress In Jersey,Vivo Anavi Maxi Dress In Jersey - Chocolate,V0825025CHOS,60063276,Vivo,Dresses,Maxi Dresses,Retired,6500.0,15.0,0,1,1,17
V0825025,Vivo Anavi Maxi Dress In Jersey,Vivo Anavi Maxi Dress In Jersey - Chocolate,V0825025CHOM,60063277,Vivo,Dresses,Maxi Dresses,Retired,6500.0,20.0,0,2,1,23
V0825025,Vivo Anavi Maxi Dress In Jersey,Vivo Anavi Maxi Dress In Jersey - Rust,V0825025RUSM,60063267,Vivo,Dresses,Maxi Dresses,Retired,6500.0,25.0,0,1,2,28
V0825025,Vivo Anavi Maxi Dress In Jersey,Vivo Anavi Maxi Dress In Jersey - Rust,V0825025RUS2X,60063270,Vivo,Dresses,Maxi Dresses,Retired,6500.0,8.0,0,0,2,10
V0825025,Vivo Anavi Maxi Dress In Jersey,Vivo Anavi Maxi Dress In Jersey - Rust,V0825025RUSS,60063266,Vivo,Dresses,Maxi Dresses,Retired,6500.0,14.0,0,1,2,17
V0825025,Vivo Anavi Maxi Dress In Jersey,Vivo Anavi Maxi Dress In Jersey - Rust,V0825025RUS1X,60063269,Vivo,Dresses,Maxi Dresses,Retired,6500.0,6.0,0,1,2,9
V0825025,Vivo Anavi Maxi Dress In Jersey,Vivo Anavi Maxi Dress In Jersey - Rust,V0825025RUSL,60063268,Vivo,Dresses,Maxi Dresses,Retired,6500.0,19.0,0,2,2,23
V0825025,Vivo Anavi Maxi Dress In Jersey,Vivo Anavi Maxi Dress In Jersey - White,V0825025WHIS,60063271,Vivo,Dresses,Maxi Dresses,Retired,6500.0,3.0,0,0,1,4
V0825025,Vivo Anavi Maxi Dress In Jersey,Vivo Anavi Maxi Dress In Jersey - White,V0825025WHI2X,60063275,Vivo,Dresses,Maxi Dresses,Retired,6500.0,6.0,0,0,3,9
V0825025,Vivo Anavi Maxi Dress In Jersey,Vivo Anavi Maxi Dress In Jersey - White,V0825025WHI1X,60063274,Vivo,Dresses,Maxi Dresses,Retired,6500.0,6.0,0,0,1,7
V0825025,Vivo Anavi Maxi Dress In Jersey,Vivo Anavi Maxi Dress In Jersey - White,V0825025WHIL,60063273,Vivo,Dresses,Maxi Dresses,Retired,6500.0,6.0,0,0,1,7
V0825025,Vivo Anavi Maxi Dress In Jersey,Vivo Anavi Maxi Dress In Jersey - White,V0825025WHIM,60063272,Vivo,Dresses,Maxi Dresses,Retired,6500.0,9.0,0,0,1,10
V0825025,Vivo Anavi Maxi Dress In Jersey,Vivo Anavi V-Neck Maxi Dress - Black,V0825025BLAM,60061502,Vivo,Dresses,Maxi Dresses,Retired,6500.0,2.0,0,2.0,1,5
V0825025,Vivo Anavi Maxi Dress In Jersey,Vivo Anavi V-Neck Maxi Dress - Black,V0825025BLAL,60061503,Vivo,Dresses,Maxi Dresses,Retired,6500.0,2.0,0,1.0,2,5
V0825025,Vivo Anavi Maxi Dress In Jersey,Vivo Anavi V-Neck Maxi Dress - Black,V0825025BLA1X,60061504,Vivo,Dresses,Maxi Dresses,Retired,6500.0,5.0,0,0,1,6
V0825025,Vivo Anavi Maxi Dress In Jersey,Vivo Anavi V-Neck Maxi Dress - Black,V0825025BLAS,60061501,Vivo,Dresses,Maxi Dresses,Retired,6500.0,1.0,0,2.0,0,3
V0825025,Vivo Anavi Maxi Dress In Jersey,Vivo Anavi V-Neck Maxi Dress - Black,V0825025BLA2X,60061505,Vivo,Dresses,Maxi Dresses,Retired,6500.0,5.0,0,0,1,6
V0825032,Vivo Kemi Skirt & Top Set,Vivo Kemi Skirt & Top Set - Lime Green / Maroon Emi Print,V0825032PR21X,60059186,Vivo,Skirts,Maxi Skirts,Retired,8500.0,0,0,0,1,1
V0825033,Vivo Nuru Strappy Top,Vivo Nuru Strappy Top - Brown,V0825033BROM/L,60060329,Vivo,Tops,Fitted Tops,Retired,2900.0,18.0,0,0,1,19
V0825033,Vivo Nuru Strappy Top,Vivo Nuru Strappy Top - Brown,V0825033BROXS/S,60060328,Vivo,Tops,Fitted Tops,Retired,2900.0,19.0,0,0,1,20
V0825033,Vivo Nuru Strappy Top,Vivo Nuru Strappy Top - Brown,V0825033BRO1X/2X,60060330,Vivo,Tops,Fitted Tops,Retired,2900.0,6.0,0,0,2,8
V0825033,Vivo Nuru Strappy Top,Vivo Nuru Strappy Top - Dark Green,V0825033DAG1X/2X,60060333,Vivo,Tops,Fitted Tops,Retired,2250.0,5.0,0,0,2,7
V0825033,Vivo Nuru Strappy Top,Vivo Nuru Strappy Top - Dark Green,V0825033DAGM/L,60060332,Vivo,Tops,Fitted Tops,Retired,2250.0,7.0,0,0,2,9
V0825033,Vivo Nuru Strappy Top,Vivo Nuru Strappy Top - Dark Green,V0825033DAGXS/S,60060331,Vivo,Tops,Fitted Tops,Retired,2250.0,10.0,0,0,2,12
V0825033,Vivo Nuru Strappy Top,Vivo Nuru Strappy Top - Dusty Pink / Navy Uri Print,V0825033PR2XS/S,60060325,Vivo,Tops,Fitted Tops,Retired,2900.0,3.0,0,0,1,4
V0825033,Vivo Nuru Strappy Top,Vivo Nuru Strappy Top - Dusty Pink / Navy Uri Print,V0825033PR21X/2X,60060327,Vivo,Tops,Fitted Tops,Retired,2900.0,0,0,0,1,1
V0825033,Vivo Nuru Strappy Top,Vivo Nuru Strappy Top - Dusty Pink / Navy Uri Print,V0825033PR2M/L,60060326,Vivo,Tops,Fitted Tops,Retired,2900.0,0,0,2,0,2
V0825033,Vivo Nuru Strappy Top,Vivo Nuru Strappy Top - Taupe / Chocolate Uri Print,V0825033PR1XS/S,60060322,Vivo,Tops,Fitted Tops,Retired,2900.0,9.0,0,0,1,10
V0825033,Vivo Nuru Strappy Top,Vivo Nuru Strappy Top - Taupe / Chocolate Uri Print,V0825033PR1M/L,60060323,Vivo,Tops,Fitted Tops,Retired,2900.0,4.0,0,0,2,6
V0825033,Vivo Nuru Strappy Top,Vivo Nuru Strappy Top - Taupe / Chocolate Uri Print,V0825033PR11X/2X,60060324,Vivo,Tops,Fitted Tops,Retired,2900.0,3.0,0,0,2,5
V0825060,Vivo Alma Short Sleeve Mini Bodycon,Vivo Alma Short Sleeve Mini Bodycon - Black,V0825060BLAL,60060318,Vivo,Dresses,Short & Mini Dresses,Retired,3500.0,0,3.0,3.0,2,8
V0825060,Vivo Alma Short Sleeve Mini Bodycon,Vivo Alma Short Sleeve Mini Bodycon - Black,V0825060BLAM,60060317,Vivo,Dresses,Short & Mini Dresses,Retired,3500.0,0,13.0,1,2,16
V0825060,Vivo Alma Short Sleeve Mini Bodycon,Vivo Alma Short Sleeve Mini Bodycon - Black,V0825060BLAS,60060316,Vivo,Dresses,Short & Mini Dresses,Retired,3500.0,1.0,5.0,5.0,1,12
V0825060,Vivo Alma Short Sleeve Mini Bodycon,Vivo Alma Short Sleeve Mini Bodycon - Lime,V0825060LIMS,60060312,Vivo,Dresses,Short & Mini Dresses,Retired,3500.0,1.0,14.0,2,3,20
V0825060,Vivo Alma Short Sleeve Mini Bodycon,Vivo Alma Short Sleeve Mini Bodycon - Lime,V0825060LIM1X,60060315,Vivo,Dresses,Short & Mini Dresses,Retired,3500.0,0,7.0,1,1,9
V0825060,Vivo Alma Short Sleeve Mini Bodycon,Vivo Alma Short Sleeve Mini Bodycon - Lime,V0825060LIMM,60060313,Vivo,Dresses,Short & Mini Dresses,Retired,3500.0,0,26.0,2,3,31
V0825060,Vivo Alma Short Sleeve Mini Bodycon,Vivo Alma Short Sleeve Mini Bodycon - Lime,V0825060LIML,60060314,Vivo,Dresses,Short & Mini Dresses,Retired,3500.0,2.0,10.0,2,7,21
V0919039,Vivo Basic Puff Sleeved Bodycon,Vivo Basic Puff Sleeved Bodycon - Dark Teal,V0919039DTEA1X,60026173,Vivo,Dresses,Knee Length Dresses,Retired,3350.0,0,0,0,1,1
V0919039,Vivo Basic Puff Sleeved Bodycon,Vivo Basic Puff Sleeved Bodycon - Dark Teal,V0919039DTEAL,60026172,Vivo,Dresses,Knee Length Dresses,Retired,3350.0,0,1.0,0,1,2
V0919039,Vivo Basic Puff Sleeved Bodycon,Vivo Basic Puff Sleeved Bodycon - Hunters Green,V0919039HGNS,60026165,Vivo,Dresses,Knee Length Dresses,Retired,1850.0,0,0,1.0,0,1
V0919039,Vivo Basic Puff Sleeved Bodycon,Vivo Basic Puff Sleeved Bodycon - Hunters Green,V0919039HGNXS,60026164,Vivo,Dresses,Knee Length Dresses,Retired,1850.0,0,0,1.0,1,2
V0919039,Vivo Basic Puff Sleeved Bodycon,Vivo Basic Puff Sleeved Bodycon - Mustard,V0919039MUSL,40008520,Vivo,Dresses,Knee Length Dresses,Retired,4750.0,0,2.0,0,0,2
V0919039,Vivo Basic Puff Sleeved Bodycon,Vivo Basic Puff Sleeved Bodycon - Mustard,V0919039MUSM,40008519,Vivo,Dresses,Knee Length Dresses,Retired,4750.0,0,0,0,0,1
V0919039,Vivo Basic Puff Sleeved Bodycon,Vivo Basic Puff Sleeved Bodycon - Teal,V0919039TEA4X,60042406,Vivo,Dresses,Knee Length Dresses,Retired,1250.0,1.0,0,0,0,1
V0920021,Vivo Basic Tolani Jersey Dress,Vivo Basic Tolani Dress in Jersey - Chocolate,V0920021CHOL,60065248,Vivo,Dresses,Knee Length Dresses,Retired,4900.0,1.0,4.0,0,2,7
V0920021,Vivo Basic Tolani Jersey Dress,Vivo Basic Tolani Dress in Jersey - Chocolate,V0920021CHO1X,60065249,Vivo,Dresses,Knee Length Dresses,Retired,4900.0,0,1.0,2.0,1,4
V0920021,Vivo Basic Tolani Jersey Dress,Vivo Basic Tolani Dress in Jersey - Chocolate,V0920021CHOS,60065246,Vivo,Dresses,Knee Length Dresses,Retired,4900.0,0,1.0,0,1,2
V0920021,Vivo Basic Tolani Jersey Dress,Vivo Basic Tolani Dress in Jersey - Chocolate,V0920021CHO2X,60065250,Vivo,Dresses,Knee Length Dresses,Retired,4900.0,0,0,0,1,1
V0920021,Vivo Basic Tolani Jersey Dress,Vivo Basic Tolani Dress in Jersey - Chocolate,V0920021CHOM,60065247,Vivo,Dresses,Knee Length Dresses,Retired,4900.0,0,2.0,1,1,4
V0920021,Vivo Basic Tolani Jersey Dress,Vivo Basic Tolani Dress in Jersey - Fuschia,V0920021FUSS,60065241,Vivo,Dresses,Knee Length Dresses,Retired,4900.0,1.0,2.0,2.0,0,5
V0920021,Vivo Basic Tolani Jersey Dress,Vivo Basic Tolani Dress in Jersey - Fuschia,V0920021FUS1X,60065244,Vivo,Dresses,Knee Length Dresses,Retired,4900.0,0,5.0,5.0,2,12
V0920021,Vivo Basic Tolani Jersey Dress,Vivo Basic Tolani Dress in Jersey - Fuschia,V0920021FUSL,60065243,Vivo,Dresses,Knee Length Dresses,Retired,4900.0,0,5.0,2.0,3,10
V0920021,Vivo Basic Tolani Jersey Dress,Vivo Basic Tolani Dress in Jersey - Fuschia,V0920021FUS2X,60065245,Vivo,Dresses,Knee Length Dresses,Retired,4900.0,0,3.0,1.0,1,5
V0920021,Vivo Basic Tolani Jersey Dress,Vivo Basic Tolani Dress in Jersey - Fuschia,V0920021FUSM,60065242,Vivo,Dresses,Knee Length Dresses,Retired,4900.0,0,7.0,0,1,8
V0920021,Vivo Basic Tolani Jersey Dress,Vivo Basic Tolani Dress in Jersey - Mulberry,V0920021MULS,60065236,Vivo,Dresses,Knee Length Dresses,Retired,4900.0,2.0,0,0,2,4
V0920021,Vivo Basic Tolani Jersey Dress,Vivo Basic Tolani Dress in Jersey - Mulberry,V0920021MULL,60065238,Vivo,Dresses,Knee Length Dresses,Retired,4900.0,1.0,5.0,4.0,2,12
V0920021,Vivo Basic Tolani Jersey Dress,Vivo Basic Tolani Dress in Jersey - Mulberry,V0920021MUL1X,60065239,Vivo,Dresses,Knee Length Dresses,Retired,4900.0,0,1.0,4.0,2,7
V0920021,Vivo Basic Tolani Jersey Dress,Vivo Basic Tolani Dress in Jersey - Mulberry,V0920021MULM,60065237,Vivo,Dresses,Knee Length Dresses,Retired,4900.0,0,5.0,3.0,1,9
V0920021,Vivo Basic Tolani Jersey Dress,Vivo Basic Tolani Dress in Jersey - Mulberry,V0920021MUL2X,60065240,Vivo,Dresses,Knee Length Dresses,Retired,4900.0,2.0,0,1.0,4,7
V0920021,Vivo Basic Tolani Jersey Dress,Vivo Basic Tolani Dress in Jersey - Olive,V0920021OLIM,60065252,Vivo,Dresses,Knee Length Dresses,Retired,4900.0,1.0,8.0,11.0,1,21
V0920021,Vivo Basic Tolani Jersey Dress,Vivo Basic Tolani Dress in Jersey - Olive,V0920021OLIS,60065251,Vivo,Dresses,Knee Length Dresses,Retired,4900.0,2.0,0,5.0,2,9
V0920021,Vivo Basic Tolani Jersey Dress,Vivo Basic Tolani Dress in Jersey - Olive,V0920021OLIL,60065253,Vivo,Dresses,Knee Length Dresses,Retired,4900.0,0,11.0,11.0,5,27
V0920021,Vivo Basic Tolani Jersey Dress,Vivo Basic Tolani Dress in Jersey - Olive,V0920021OLI2X,60065255,Vivo,Dresses,Knee Length Dresses,Retired,4900.0,2.0,3.0,3.0,2,10
V0920021,Vivo Basic Tolani Jersey Dress,Vivo Basic Tolani Dress in Jersey - Olive,V0920021OLI1X,60065254,Vivo,Dresses,Knee Length Dresses,Retired,4900.0,2.0,10.0,4.0,3,19
V0920021,Vivo Basic Tolani Jersey Dress,Vivo Basic Tolani Dress in Jersey - Taupe,V0920021TAU2X,60065527,Vivo,Dresses,Knee Length Dresses,Retired,4900.0,2.0,5.0,1,1,9
V0920021,Vivo Basic Tolani Jersey Dress,Vivo Basic Tolani Dress in Jersey - Taupe,V0920021TAU1X,60065526,Vivo,Dresses,Knee Length Dresses,Retired,4900.0,1.0,3.0,2,0,6
V0920021,Vivo Basic Tolani Jersey Dress,Vivo Basic Tolani Dress in Jersey - Taupe,V0920021TAUL,60065525,Vivo,Dresses,Knee Length Dresses,Retired,4900.0,6.0,8.0,3,3,20
V0920021,Vivo Basic Tolani Jersey Dress,Vivo Basic Tolani Dress in Jersey - Taupe,V0920021TAUS,60065523,Vivo,Dresses,Knee Length Dresses,Retired,4900.0,4.0,8.0,1,1,14
V0920021,Vivo Basic Tolani Jersey Dress,Vivo Basic Tolani Dress in Jersey - Taupe,V0920021TAUM,60065524,Vivo,Dresses,Knee Length Dresses,Retired,4900.0,3.0,11.0,1,2,17
V0920021,Vivo Basic Tolani Jersey Dress,Vivo Basic Tolani Jersey Dress - Black,V0920021BLAM,40015553,Vivo,Dresses,Knee Length Dresses,Retired,3450.0,0,0,1.0,0,1
V0920021,Vivo Basic Tolani Jersey Dress,Vivo Basic Tolani Jersey Dress - Black,V0920021BLAS,40015552,Vivo,Dresses,Knee Length Dresses,Retired,3450.0,0,0,1.0,0,1
V0920021,Vivo Basic Tolani Jersey Dress,Vivo Basic Tolani Jersey Dress - Hunters Green,V0920021HGNL,60027344,Vivo,Dresses,Knee Length Dresses,Retired,2450.0,0,0,1.0,0,1
V0920021,Vivo Basic Tolani Jersey Dress,Vivo Basic Tolani Jersey Dress - Hunters Green,V0920021HGNM,60027343,Vivo,Dresses,Knee Length Dresses,Retired,2450.0,0,0,1.0,0,1
V0921140,Vivo Alek 3/4 Sleeve A-Line Maxi Kimono,Vivo Alek 3/4 Sleeve A-Line Kimono - Navy / Orange Aber Print,V0921140PR10M/L,60044913,Vivo,Outerwear,Waterfalls & Kimonos,Retired,4550.0,1.0,0,0,1,2
V0921140,Vivo Alek 3/4 Sleeve A-Line Maxi Kimono,Vivo Alek 3/4 Sleeve A-Line Kimono - Navy / Orange Aber Print,V0921140PR101X/2X,60044570,Vivo,Outerwear,Waterfalls & Kimonos,Retired,4550.0,1.0,0,0,1,2
V0921140,Vivo Alek 3/4 Sleeve A-Line Maxi Kimono,Vivo Alek 3/4 Sleeve A-Line Kimono - Navy / Orange Aber Print,V0921140PR10XS/S,60044569,Vivo,Outerwear,Waterfalls & Kimonos,Retired,4550.0,1.0,0,0,1,2
V0921140,Vivo Alek 3/4 Sleeve A-Line Maxi Kimono,Vivo Alek 3/4 Sleeve A-Line Kimono - Navy / Peach Liwa Print,V0921140PR91X/2X,60044578,Vivo,Outerwear,Waterfalls & Kimonos,Retired,3150.0,0,0,1.0,1,2
V0921140,Vivo Alek 3/4 Sleeve A-Line Maxi Kimono,Vivo Alek 3/4 sleeve A-Line Kimono - Mustard / Black Umbo Print,V0921140PR111X/2X,60050790,Vivo,Outerwear,Waterfalls & Kimonos,Retired,3150.0,0,0,0,1,1
V0921140,Vivo Alek 3/4 Sleeve A-Line Maxi Kimono,Vivo Alek 3/4 sleeve A-Line Kimono - Teal / Black Umbo Print,V0921140PR121X/2X,60050795,Vivo,Outerwear,Waterfalls & Kimonos,Retired,3150.0,0,0,0,1,1
V0921140,Vivo Alek 3/4 Sleeve A-Line Maxi Kimono,Vivo Alek 3/4 sleeve A-Line Kimono - Teal / Black Umbo Print,V0921140PR12XS/S,60050793,Vivo,Outerwear,Waterfalls & Kimonos,Retired,3150.0,0,0,1,0,1
V0922007,Vivo Pesi Drop Shoulder Tent Dress,Vivo Pesi Drop Shoulder Tent Dress - Light Tan,V0922007LTANL,60048249,Vivo,Dresses,Knee Length Dresses,Retired,1650.0,0,0,0,1,1
V0922009,Vivo Pesi Drop Shoulder Tunic,Vivo Pesi Drop Shoulder Tunic - Black / White Una Print,V0922009PR4M,60049694,Vivo,Tops,Fitted Tops,Retired,2050.0,0,1.0,0,1,2
V0922009,Vivo Pesi Drop Shoulder Tunic,Vivo Pesi Drop Shoulder Tunic - Chocolate / White Una Print,V0922009PR5M,60049698,Vivo,Tops,Fitted Tops,Retired,2250.0,0,0,0,1,1
V0922009,Vivo Pesi Drop Shoulder Tunic,Vivo Pesi Drop Shoulder Tunic - Grey / Brown Una Print,V0922009PR3S,60049701,Vivo,Tops,Fitted Tops,Retired,2050.0,0,0,0,1,1
V0922010,Vivo Pesi Notch Collar Tent Dress,Vivo Pesi Notch Collar Tent Dress - Taupe / White Print,V0922010PR9M,60040535,Vivo,Dresses,Knee Length Dresses,Retired,5950.0,0,0,0,1,1
V0922049,Vivo Luna 3/4 Sleeve High Low Top,Vivo Luna 3/4 Sleeve High Low Top - Coral / White Floral Print,V0922049PR6S,60026418,Vivo,Tops,Loose Tops,Retired,1050.0,0,0,0,1,1
V0923001,Vivo Soleil Sleeveless Drape Jumpsuit,Vivo Soleil Sleeveless Drape Jumpsuit - Mulberry / Dusty Pink Almasi Print,V0923001PR2M-MUL,60025308,Vivo,Bottoms,Jumpsuits & Playsuits,Retired,6950.0,0,0,1.0,0,1
V0923010,Vivo Jira Capri Leggings,Vivo Jira Capri Leggings - Navy Blue,V0923010NABS,60024148,Vivo,Bottoms,Leggings,Retired,900.0,0,0,1.0,0,1
V0923023,Vivo Zaria Long Sleeve Coat,Vivo Zaria Long Sleeve Coat - Mvua,V0923023PR1XS,60024191,Vivo,Outerwear,Jackets & Coats,Retired,3150.0,0,1.0,0,1,2
V0923039,Vivo X This Is Essential Long Sleeve Bodysuit,Vivo X This Is Essential Long Sleeve Bodysuit - White,V0923039WHI2X,60024917,Vivo,Tops,Bodysuits,Retired,3750.0,0,0,0,1,1
V0923047,Vivo Ava Tent Flounce Maxi Dress,Vivo Ava Tent Flounce Maxi Dress - Dark Green,V0923047DG2X,60059887,Vivo,Dresses,Maxi Dresses,Retired,6900.0,0,0,0,1,1
V0923047,Vivo Ava Tent Flounce Maxi Dress,Vivo Ava Tent Flounce Maxi Dress - Dark Green,V0923047DGM,60059711,Vivo,Dresses,Maxi Dresses,Retired,6900.0,0,0,0,2,2
V0923047,Vivo Ava Tent Flounce Maxi Dress,Vivo Ava Tent Flounce Maxi Dress - Dark Green,V0923047DGS,60059710,Vivo,Dresses,Maxi Dresses,Retired,6900.0,0,0,0,1,1
V0923047,Vivo Ava Tent Flounce Maxi Dress,Vivo Ava Tent Flounce Maxi Dress - Mustard Orange Sella Print,V0923047PR13L,60059700,Vivo,Dresses,Maxi Dresses,Retired,6900.0,0,0,0,2,2
V0923047,Vivo Ava Tent Flounce Maxi Dress,Vivo Ava Tent Flounce Maxi Dress - Mustard Orange Sella Print,V0923047PR13S,60059698,Vivo,Dresses,Maxi Dresses,Retired,6900.0,0,0,0,1,1
V0923047,Vivo Ava Tent Flounce Maxi Dress,Vivo Ava Tent Flounce Maxi Dress - Mustard Orange Sella Print,V0923047PR132X,60059882,Vivo,Dresses,Maxi Dresses,Retired,6900.0,0,0,0,1,1
V0923047,Vivo Ava Tent Flounce Maxi Dress,Vivo Ava Tent Flounce Maxi Dress - Mustard Orange Sella Print,V0923047PR13M,60059699,Vivo,Dresses,Maxi Dresses,Retired,6900.0,0,0,0,2,2
V0923047,Vivo Ava Tent Flounce Maxi Dress,Vivo Ava Tent Flounce Maxi Dress - Navy,V0923047NAVYS,60059706,Vivo,Dresses,Maxi Dresses,Retired,6900.0,0,0,1.0,1,2
V0923047,Vivo Ava Tent Flounce Maxi Dress,Vivo Ava Tent Flounce Maxi Dress - Navy,V0923047NAVY2X,60059888,Vivo,Dresses,Maxi Dresses,Retired,6900.0,0,0,0,1,1
V0923047,Vivo Ava Tent Flounce Maxi Dress,Vivo Ava Tent Flounce Maxi Dress - Navy,V0923047NAVY1X,60059709,Vivo,Dresses,Maxi Dresses,Retired,6900.0,0,0,1.0,0,1
V0923047,Vivo Ava Tent Flounce Maxi Dress,Vivo Ava Tent Flounce Maxi Dress - Navy,V0923047NAVYM,60059707,Vivo,Dresses,Maxi Dresses,Retired,6900.0,0,0,1.0,0,1
V0923047,Vivo Ava Tent Flounce Maxi Dress,Vivo Ava Tent Flounce Maxi Dress - Sage / Navy Sella Print,V0923047PR12L,60059884,Vivo,Dresses,Maxi Dresses,Retired,4850.0,0,0,0,1,1
V0923047,Vivo Ava Tent Flounce Maxi Dress,Vivo Ava Tent Flounce Maxi Dress - Sage / Navy Sella Print,V0923047PR12M,60059883,Vivo,Dresses,Maxi Dresses,Retired,4850.0,0,0,0,1,1
V0923047,Vivo Ava Tent Flounce Maxi Dress,Vivo Ava Tent Flounce Maxi Dress - Sage / Navy Sella Print,V0923047PR121X,60059885,Vivo,Dresses,Maxi Dresses,Retired,4850.0,0,0,0,1,1
V0923047,Vivo Ava Tent Flounce Maxi Dress,Vivo Ava Tent Flounce Maxi Dress - Sage / Navy Sella Print,V0923047PR122X,60059886,Vivo,Dresses,Maxi Dresses,Retired,4850.0,0,0,0,1,1
V0923052,Vivo Ava Tapered Pants,Vivo Ava Tapered Pants - Black,V0923052BLAXS,60025525,Vivo,Bottoms,Full Length Pants,Retired,1350.0,0,0,0,1,1
V0923053,Vivo Ava Pleated Wide Leg Pants,Vivo Ava Pleated Wide Leg Pants - Olive Green,V0923053OLGXS,60025558,Vivo,Bottoms,Full Length Pants,Retired,1250.0,0,0,1.0,0,1
V0923060,Vivo X This Is Essential Short Sleeve Bodysuit,Vivo X This Is Essential  Short Sleeve Bodysuit - Chocolate,V0923060CHOCXXS,60045110,Vivo,Tops,Bodysuits,Retired,2750.0,0,0,0,1,1
V0923060,Vivo X This Is Essential Short Sleeve Bodysuit,Vivo X This Is Essential  Short Sleeve Bodysuit - Grey,V0923060GREYXXS,60045119,Vivo,Tops,Bodysuits,Retired,2750.0,1.0,1.0,0,2,4
V0923060,Vivo X This Is Essential Short Sleeve Bodysuit,Vivo X This Is Essential  Short Sleeve Bodysuit - Red,V0923060REDXXS,60045128,Vivo,Tops,Bodysuits,Retired,2750.0,0,3.0,0,2,5
V0923060,Vivo X This Is Essential Short Sleeve Bodysuit,Vivo X This Is Essential  Short Sleeve Bodysuit - Taupe,V0923060TAUXXS,60038995,Vivo,Tops,Bodysuits,Retired,2750.0,0,0,0,2,2
V0923060,Vivo X This Is Essential Short Sleeve Bodysuit,Vivo X This Is Essential Short Sleeve Bodysuit - White,V0923060WHIXXS,60038996,Vivo,Tops,Bodysuits,Retired,2750.0,1.0,0,0,0,1
V0923086,Vivo Soleil Shorts,Vivo Soleil Shorts - Black / Taupe Almasi Print,V0923086PR1S,60025050,Vivo,Bottoms,Shorts & Skorts,Retired,630.0,0,0,1.0,0,1
V0923089,Vivo Ava Shirt Collar Tunic Top,Vivo Ava Shirt Collar Tunic Top - Light Tan,V0923089LTANF,60048190,Vivo,Tops,Loose Tops,Retired,2750.0,0,2.0,0,1,3
V0924031,Vivo Lalani Lounge Pants,Vivo Lalani Lounge Pants - Beige,V0924031BEIL,60043845,Vivo,Bottoms,Full Length Pants,Retired,1050.0,0,0,0,1,1
V0924031,Vivo Lalani Lounge Pants,Vivo Lalani Lounge Pants - Beige,V0924031BEI1X,60043846,Vivo,Bottoms,Full Length Pants,Retired,1050.0,0,0,0,1,1
V0924031,Vivo Lalani Lounge Pants,Vivo Lalani Lounge Pants - Black,V0924031BLAS,60043762,Vivo,Bottoms,Full Length Pants,Retired,1050.0,0,0,1.0,0,1
V0924031,Vivo Lalani Lounge Pants,Vivo Lalani Lounge Pants - Maroon,V0924031MAR2X,60046702,Vivo,Bottoms,Full Length Pants,Retired,1050.0,0,0,0,1,1
V0924031,Vivo Lalani Lounge Pants,Vivo Lalani Lounge Pants - Maroon,V0924031MARL,60043768,Vivo,Bottoms,Full Length Pants,Retired,1050.0,0,0,0,1,1
V0924031,Vivo Lalani Lounge Pants,Vivo Lalani Lounge Pants - Maroon,V0924031MARS,60043766,Vivo,Bottoms,Full Length Pants,Retired,1050.0,0,0,1.0,0,1
V0924031,Vivo Lalani Lounge Pants,Vivo Lalani Lounge Pants - Rust,V0924031RUSS,60043770,Vivo,Bottoms,Full Length Pants,Retired,1050.0,0,0,0,1,1
V0924031,Vivo Lalani Lounge Pants,Vivo Lalani Lounge Pants - Rust,V0924031RUSM,60043771,Vivo,Bottoms,Full Length Pants,Retired,1050.0,0,0,1.0,2,3
V0924032,Vivo Lalani Rib Maxi Waterfall,Vivo Lalani Rib Maxi Waterfall - Black,V0924032BLA2X/3X,60046714,Vivo,Outerwear,Waterfalls & Kimonos,Retired,1350.0,0,0,1,1,2
V0924032,Vivo Lalani Rib Maxi Waterfall,Vivo Lalani Rib Maxi Waterfall - Rust,V0924032RUS2X/3X,60046720,Vivo,Outerwear,Waterfalls & Kimonos,Retired,1350.0,0,0,0,1,1
V0924033,Vivo Hoodie High Low Poncho,Vivo Asymmetric Poncho - Mustard,V0924033MUSF-ASYM,60048461,Vivo,Outerwear,Sweaters & Ponchos,Retired,6550.0,3.0,0,0,0,3
V0924033,Vivo Hoodie High Low Poncho,Vivo Hoodie High Low Poncho - Beige,V0924033BEIF,60043838,Vivo,Outerwear,Sweaters & Ponchos,Retired,6550.0,1.0,0,0,1,2
V0924042,Vivo Mandla High Neck A-Line Dress,Vivo Mandla High Neck A-Line Dress - Navy,V0924042NAVXS,60047097,Vivo,Dresses,Knee Length Dresses,Retired,1900.0,0,0,0,3,3
V0924042,Vivo Mandla High Neck A-Line Dress,Vivo Mandla High Neck A-Line Dress - Navy,V0924042NAVS,60045224,Vivo,Dresses,Knee Length Dresses,Retired,1900.0,0,0,0,1,1
V0924043,Vivo Mandla Side Flap A-Line Dress,Vivo Mandla Side Flap A-Line Dress - Beige / Rust Manla Print,V0924043PR7M,60045466,Vivo,Dresses,Knee Length Dresses,Retired,3800.0,0,1.0,0,0,1
V0924049,Vivo Hari Flared Sleeve Tunic,Vivo Hari Flared Sleeve Tunic - Green,V0924049GREEN2X,60048517,Vivo,Tops,Fitted Tops,Retired,1550.0,0,0,1.0,0,1
V0924049,Vivo Hari Flared Sleeve Tunic,Vivo Hari Flared Sleeve Tunic - Green,V0924049GREEN1X,60048516,Vivo,Tops,Fitted Tops,Retired,1550.0,0,0,1.0,0,1
V0924049,Vivo Hari Flared Sleeve Tunic,Vivo Hari Flared Sleeve Tunic - Green,V0924049GREENS,60048513,Vivo,Tops,Fitted Tops,Retired,1550.0,0,0,1.0,0,1
V0924049,Vivo Hari Flared Sleeve Tunic,Vivo Hari Flared Sleeve Tunic - Pink,V0924049PINM,60047860,Vivo,Tops,Fitted Tops,Retired,1550.0,0,0,1.0,0,1
V0924049,Vivo Hari Flared Sleeve Tunic,Vivo Hari Flared Sleeve Tunic - Pink,V0924049PINS,60047859,Vivo,Tops,Fitted Tops,Retired,1550.0,0,0,1.0,0,1
V0924049,Vivo Hari Flared Sleeve Tunic,Vivo Hari Flared Sleeve Tunic - Pink,V0924049PIN1X,60047862,Vivo,Tops,Fitted Tops,Retired,1550.0,0,0,1.0,0,1
V0924049,Vivo Hari Flared Sleeve Tunic,Vivo Hari Flared Sleeve Tunic - Pink,V0924049PIN2X,60047863,Vivo,Tops,Fitted Tops,Retired,1550.0,0,2.0,1.0,1,4
V0924049,Vivo Hari Flared Sleeve Tunic,Vivo Hari Flared Sleeve Tunic - Red,V0924049REDL,60047855,Vivo,Tops,Fitted Tops,Retired,1550.0,0,0,0,1,1
V0924049,Vivo Hari Flared Sleeve Tunic,Vivo Hari Flared Sleeve Tunic - Red,V0924049REDS,60047853,Vivo,Tops,Fitted Tops,Retired,1550.0,0,3.0,0,2,5
V0924049,Vivo Hari Flared Sleeve Tunic,Vivo Hari Flared Sleeve Tunic - Red,V0924049RED2X,60047857,Vivo,Tops,Fitted Tops,Retired,1550.0,0,0,0,1,1
V0924074,Vivo Leila Short Sleeve Bodycon,Vivo Leila Short Sleeve Bodycon - Burgundy,V0924074BURGS,60045016,Vivo,Dresses,Knee Length Dresses,Retired,3550.0,0,0,0,1,1
V0924074,Vivo Leila Short Sleeve Bodycon,Vivo Leila Short Sleeve Bodycon - Burgundy,V0924074BURG2X,60045795,Vivo,Dresses,Knee Length Dresses,Retired,3550.0,0,0,0,2,2
V0924074,Vivo Leila Short Sleeve Bodycon,Vivo Leila Short Sleeve Bodycon - White,V0924074WHI1X,60045025,Vivo,Dresses,Knee Length Dresses,Retired,3550.0,0,1.0,0,2,3
V0924103,Vivo Serwa Wide Leg Jumpsuit,Vivo Serwa Wide Leg Jumpsuit - Blue / Black Sera Print,V0924103PR61X/2X,60046288,Vivo,Bottoms,Jumpsuits & Playsuits,Retired,1950.0,0,1.0,0,0,1
V0925010,Vivo Basic Crepe Bishop Sleeve Top,Vivo Basic Crepe Bishop Sleeve Top - Black / Peach Print,V0925010PR5S,60060292,Vivo,Tops,Fitted Tops,Retired,3500.0,0,0,1.0,0,1
V0925010,Vivo Basic Crepe Bishop Sleeve Top,Vivo Basic Crepe Bishop Sleeve Top - Cream / Olive Print,V0925010PR6L,60060299,Vivo,Tops,Fitted Tops,Retired,3500.0,0,0,0,1,1
V0925010,Vivo Basic Crepe Bishop Sleeve Top,Vivo Basic Crepe Bishop Sleeve Top - Cream / Olive Print,V0925010PR6S,60060297,Vivo,Tops,Fitted Tops,Retired,3500.0,1.0,0,0,1,2
V0925010,Vivo Basic Crepe Bishop Sleeve Top,Vivo Basic Crepe Bishop Sleeve Top - Dark Green,V0925010DGRNS,60062882,Vivo,Tops,Fitted Tops,Retired,3500.0,0,0,1.0,1,2
V0925010,Vivo Basic Crepe Bishop Sleeve Top,Vivo Basic Crepe Bishop Sleeve Top - Dark Green,V0925010DGRNL,60062884,Vivo,Tops,Fitted Tops,Retired,3500.0,0,0,1.0,0,1
V0925010,Vivo Basic Crepe Bishop Sleeve Top,Vivo Basic Crepe Bishop Sleeve Top - Dark Olive,V0925010DOLM,60062356,Vivo,Tops,Fitted Tops,Retired,3500.0,0,0,1.0,0,1
V0925010,Vivo Basic Crepe Bishop Sleeve Top,Vivo Basic Crepe Bishop Sleeve Top - Dark Olive,V0925010DOLL,60062357,Vivo,Tops,Fitted Tops,Retired,3500.0,1.0,0,1,0,2
V0925010,Vivo Basic Crepe Bishop Sleeve Top,Vivo Basic Crepe Bishop Sleeve Top - Dark Olive,V0925010DOLS,60062355,Vivo,Tops,Fitted Tops,Retired,3500.0,0,0,0,1,1
V0925010,Vivo Basic Crepe Bishop Sleeve Top,Vivo Basic Crepe Bishop Sleeve Top - Dark Red,V0925010DRES,60062350,Vivo,Tops,Fitted Tops,Retired,3500.0,0,0,1.0,0,1
V0925010,Vivo Basic Crepe Bishop Sleeve Top,Vivo Basic Crepe Bishop Sleeve Top - Gold / Purple Print,V0925010PR7L,60062148,Vivo,Tops,Fitted Tops,Retired,3500.0,0,0,4.0,0,4
V0925010,Vivo Basic Crepe Bishop Sleeve Top,Vivo Basic Crepe Bishop Sleeve Top - Gold / Purple Print,V0925010PR7M,60062147,Vivo,Tops,Fitted Tops,Retired,3500.0,0,0,7.0,1,8
V0925010,Vivo Basic Crepe Bishop Sleeve Top,Vivo Basic Crepe Bishop Sleeve Top - Gold / Purple Print,V0925010PR7S,60062146,Vivo,Tops,Fitted Tops,Retired,3500.0,0,0,1,0,1
V0925010,Vivo Basic Crepe Bishop Sleeve Top,Vivo Basic Crepe Bishop Sleeve Top - Gold / Purple Print,V0925010PR71X,60062149,Vivo,Tops,Fitted Tops,Retired,3500.0,1.0,0,1.0,0,2
V0925010,Vivo Basic Crepe Bishop Sleeve Top,Vivo Basic Crepe Bishop Sleeve Top - Gold / Purple Print,V0925010PR72X,60062150,Vivo,Tops,Fitted Tops,Retired,3500.0,2.0,0,3.0,0,5
V0925010,Vivo Basic Crepe Bishop Sleeve Top,Vivo Basic Crepe Bishop Sleeve Top - Light Grey,V0925010LGRYS,60062892,Vivo,Tops,Fitted Tops,Retired,3500.0,0,0,1.0,1,2
V0925010,Vivo Basic Crepe Bishop Sleeve Top,Vivo Basic Crepe Bishop Sleeve Top - Light Grey,V0925010LGRYL,60062894,Vivo,Tops,Fitted Tops,Retired,3500.0,0,0,0,1,1
V0925010,Vivo Basic Crepe Bishop Sleeve Top,Vivo Basic Crepe Bishop Sleeve Top - Light Mustard,V0925010LMUS1X,60062890,Vivo,Tops,Fitted Tops,Retired,3500.0,1.0,0,0,1,2
V0925010,Vivo Basic Crepe Bishop Sleeve Top,Vivo Basic Crepe Bishop Sleeve Top - Light Mustard,V0925010LMUSL,60062889,Vivo,Tops,Fitted Tops,Retired,3500.0,0,0,0,1,1
V0925010,Vivo Basic Crepe Bishop Sleeve Top,Vivo Basic Crepe Bishop Sleeve Top - Lilac,V0925010LILM,60062346,Vivo,Tops,Fitted Tops,Retired,3500.0,0,0,2,1,3
V0925010,Vivo Basic Crepe Bishop Sleeve Top,Vivo Basic Crepe Bishop Sleeve Top - Lilac,V0925010LILS,60062345,Vivo,Tops,Fitted Tops,Retired,3500.0,2.0,0,2,1,5
V0925010,Vivo Basic Crepe Bishop Sleeve Top,Vivo Basic Crepe Bishop Sleeve Top - Maroon,V0925010MARL,60062879,Vivo,Tops,Fitted Tops,Retired,3500.0,1.0,0,0,1,2
V0925010,Vivo Basic Crepe Bishop Sleeve Top,Vivo Basic Crepe Bishop Sleeve Top - Navy / Mustard Print,V0925010PR3S,60060282,Vivo,Tops,Fitted Tops,Retired,3500.0,0,0,3,0,3
V0925010,Vivo Basic Crepe Bishop Sleeve Top,Vivo Basic Crepe Bishop Sleeve Top - Navy / Mustard Print,V0925010PR3L,60060284,Vivo,Tops,Fitted Tops,Retired,3500.0,0,0,0,1,1
V0925010,Vivo Basic Crepe Bishop Sleeve Top,Vivo Basic Crepe Bishop Sleeve Top - Rust / Black Print,V0925010PR4S,60060287,Vivo,Tops,Fitted Tops,Retired,3500.0,1.0,0,0,0,1
V0925010,Vivo Basic Crepe Bishop Sleeve Top,Vivo Basic Crepe Bishop Sleeve Top - Rust / Black Print,V0925010PR42X,60060291,Vivo,Tops,Fitted Tops,Retired,3500.0,0,0,0,1,1
V0925010,Vivo Basic Crepe Bishop Sleeve Top,Vivo Basic Crepe Bishop Sleeve Top - White / Blue Rozi Print,V0925010PR10L,60064311,Vivo,Tops,Fitted Tops,Retired,3500.0,0,0,0,1,1
V0925010,Vivo Basic Crepe Bishop Sleeve Top,Vivo Basic Crepe Bishop Sleeve Top - Yellow / Black Rozi Print,V0925010PR8M,60064300,Vivo,Tops,Fitted Tops,Retired,3500.0,0,0,1.0,0,1
V0925026,Vivo Liora Shorts,Vivo Liora Shorts - Black,V0925026BLA2X,60061670,Vivo,Bottoms,Shorts & Skorts,Retired,2500.0,0,0,0,1,1
V0925026,Vivo Liora Shorts,Vivo Liora Shorts - Black,V0925026BLAM,60061667,Vivo,Bottoms,Shorts & Skorts,Retired,2500.0,2.0,11.0,6,3,22
V0925026,Vivo Liora Shorts,Vivo Liora Shorts - Black,V0925026BLAL,60061668,Vivo,Bottoms,Shorts & Skorts,Retired,2500.0,0,1.0,3,1,5
V0925026,Vivo Liora Shorts,Vivo Liora Shorts - Black,V0925026BLA1X,60061669,Vivo,Bottoms,Shorts & Skorts,Retired,2500.0,0,0,2,0,2
V0925026,Vivo Liora Shorts,Vivo Liora Shorts - Black,V0925026BLAS,60061666,Vivo,Bottoms,Shorts & Skorts,Retired,2500.0,0,11.0,4,2,17
V0925026,Vivo Liora Shorts,Vivo Liora Shorts - Chocolate,V0925026CHOCM,60061672,Vivo,Bottoms,Shorts & Skorts,Retired,2500.0,0,4.0,0,2,6
V0925026,Vivo Liora Shorts,Vivo Liora Shorts - Chocolate,V0925026CHOCS,60061671,Vivo,Bottoms,Shorts & Skorts,Retired,2500.0,0,0,0,1,1
V0925026,Vivo Liora Shorts,Vivo Liora Shorts - Cream / Coral Ziza Print,V0925026PR2L,60062117,Vivo,Bottoms,Shorts & Skorts,Retired,2500.0,0,0,0,1,1
V0925026,Vivo Liora Shorts,Vivo Liora Shorts - Cream / Coral Ziza Print,V0925026PR2S,60062115,Vivo,Bottoms,Shorts & Skorts,Retired,2500.0,0,0,2,2,4
V0925026,Vivo Liora Shorts,Vivo Liora Shorts - Cream / Coral Ziza Print,V0925026PR2M,60062116,Vivo,Bottoms,Shorts & Skorts,Retired,2500.0,0,5.0,3,1,9
V0925026,Vivo Liora Shorts,Vivo Liora Shorts - Red / Black Ziza Print,V0925026PR1M,60062111,Vivo,Bottoms,Shorts & Skorts,Retired,2500.0,0,2.0,0,3,5
V0925026,Vivo Liora Shorts,Vivo Liora Shorts - Red / Black Ziza Print,V0925026PR1L,60062112,Vivo,Bottoms,Shorts & Skorts,Retired,2500.0,0,0,1,0,1
V0925031,Vivo Anavi Short Sleeve Top,Vivo Anavi Short Sleeve Top - Dark Mustard,V0925031DMUSM,60061452,Vivo,Tops,T-shirts & Tank Tops,Retired,2500.0,7.0,0,1,2,10
V0925031,Vivo Anavi Short Sleeve Top,Vivo Anavi Short Sleeve Top - Dark Mustard,V0925031DMUSL,60061453,Vivo,Tops,T-shirts & Tank Tops,Retired,2500.0,0,0,1,2,3
V0925031,Vivo Anavi Short Sleeve Top,Vivo Anavi Short Sleeve Top - Dark Mustard,V0925031DMUSS,60061451,Vivo,Tops,T-shirts & Tank Tops,Retired,2500.0,6.0,0,0,1,7
V0925031,Vivo Anavi Short Sleeve Top,Vivo Anavi Short Sleeve Top - Dark Mustard,V0925031DMUS1X,60061454,Vivo,Tops,T-shirts & Tank Tops,Retired,2500.0,0,0,0,1,1
V0925031,Vivo Anavi Short Sleeve Top,Vivo Anavi Short Sleeve Top - Dark Red,V0925031DREDL,60061457,Vivo,Tops,T-shirts & Tank Tops,Retired,2500.0,3.0,0,1,2,6
V0925031,Vivo Anavi Short Sleeve Top,Vivo Anavi Short Sleeve Top - Dark Red,V0925031DREDS,60061455,Vivo,Tops,T-shirts & Tank Tops,Retired,2500.0,5.0,0,4,2,11
V0925031,Vivo Anavi Short Sleeve Top,Vivo Anavi Short Sleeve Top - Dark Red,V0925031DREDM,60061456,Vivo,Tops,T-shirts & Tank Tops,Retired,2500.0,9.0,0,3.0,0,12
V0925031,Vivo Anavi Short Sleeve Top,Vivo Anavi Short Sleeve Top - Dark Red,V0925031DRED1X,60061458,Vivo,Tops,T-shirts & Tank Tops,Retired,2500.0,1.0,0,1,1,3
V0925031,Vivo Anavi Short Sleeve Top,Vivo Anavi Short Sleeve Top - Navy,V0925031NAVL,60061461,Vivo,Tops,T-shirts & Tank Tops,Retired,2500.0,9.0,0,5,2,16
V0925031,Vivo Anavi Short Sleeve Top,Vivo Anavi Short Sleeve Top - Navy,V0925031NAVM,60061460,Vivo,Tops,T-shirts & Tank Tops,Retired,2500.0,27.0,0,6,1,34
V0925031,Vivo Anavi Short Sleeve Top,Vivo Anavi Short Sleeve Top - Navy,V0925031NAVS,60061459,Vivo,Tops,T-shirts & Tank Tops,Retired,2500.0,16.0,0,4,1,21
V0925031,Vivo Anavi Short Sleeve Top,Vivo Anavi Short Sleeve Top - Navy,V0925031NAV1X,60061462,Vivo,Tops,T-shirts & Tank Tops,Retired,2500.0,3.0,0,1,2,6
V0925031,Vivo Anavi Short Sleeve Top,Vivo Anavi Short Sleeved Top - Black,V0925031BLA1X,60061370,Vivo,Tops,T-shirts & Tank Tops,Retired,2500.0,1.0,0,0,2,3
V0925031,Vivo Anavi Short Sleeve Top,Vivo Anavi Short Sleeved Top - Black,V0925031BLAS,60061367,Vivo,Tops,T-shirts & Tank Tops,Retired,2500.0,2.0,0,0,3,5
V0925031,Vivo Anavi Short Sleeve Top,Vivo Anavi Short Sleeved Top - Black,V0925031BLAM,60061368,Vivo,Tops,T-shirts & Tank Tops,Retired,2500.0,4.0,0,0,3,7
V0925031,Vivo Anavi Short Sleeve Top,Vivo Anavi Short Sleeved Top - Black,V0925031BLAL,60061369,Vivo,Tops,T-shirts & Tank Tops,Retired,2500.0,0,0,0,1,1
V0925053,Vivo Studio 2-piece in Mixed Media,Vivo Studio 2-piece in Mixed Media - Black,V0925053BLAS,60062431,Vivo,Two-Piece Sets,Skirts & Top Set,Retired,6900.0,14.0,0,0,1,15
V0925053,Vivo Studio 2-piece in Mixed Media,Vivo Studio 2-piece in Mixed Media - Black,V0925053BLAM,60062432,Vivo,Two-Piece Sets,Skirts & Top Set,Retired,6900.0,0,10.0,4,1,15
V0925053,Vivo Studio 2-piece in Mixed Media,Vivo Studio 2-piece in Mixed Media - Black,V0925053BLAL,60062433,Vivo,Two-Piece Sets,Skirts & Top Set,Retired,6900.0,5.0,4.0,5,2,16
V0925053,Vivo Studio 2-piece in Mixed Media,Vivo Studio 2-piece in Mixed Media - Black,V0925053BLA1X,60062434,Vivo,Two-Piece Sets,Skirts & Top Set,Retired,6900.0,1.0,1.0,2,1,5
V0925053,Vivo Studio 2-piece in Mixed Media,Vivo Studio 2-piece in Mixed Media - Burgundy,V0925053BURS,60062426,Vivo,Two-Piece Sets,Skirts & Top Set,Retired,6900.0,4.0,1.0,2.0,1,8
V0925053,Vivo Studio 2-piece in Mixed Media,Vivo Studio 2-piece in Mixed Media - Burgundy,V0925053BURM,60062427,Vivo,Two-Piece Sets,Skirts & Top Set,Retired,6900.0,15.0,1.0,4.0,2,22
V0925053,Vivo Studio 2-piece in Mixed Media,Vivo Studio 2-piece in Mixed Media - Burgundy,V0925053BURL,60062428,Vivo,Two-Piece Sets,Skirts & Top Set,Retired,6900.0,6.0,1.0,2,1,10
V0925053,Vivo Studio 2-piece in Mixed Media,Vivo Studio 2-piece in Mixed Media - Burgundy,V0925053BUR1X,60062429,Vivo,Two-Piece Sets,Skirts & Top Set,Retired,6900.0,4.0,1.0,1,2,8
V0925053,Vivo Studio 2-piece in Mixed Media,Vivo Studio 2-piece in Mixed Media - Orange,V0925053ORA1X,60062439,Vivo,Two-Piece Sets,Skirts & Top Set,Retired,6900.0,7.0,0,1,3,11
V0925053,Vivo Studio 2-piece in Mixed Media,Vivo Studio 2-piece in Mixed Media - Orange,V0925053ORAS,60062436,Vivo,Two-Piece Sets,Skirts & Top Set,Retired,6900.0,12.0,0,2,4,18
V0925053,Vivo Studio 2-piece in Mixed Media,Vivo Studio 2-piece in Mixed Media - Orange,V0925053ORAL,60062438,Vivo,Two-Piece Sets,Skirts & Top Set,Retired,6900.0,12.0,0,2,3,17
V0925053,Vivo Studio 2-piece in Mixed Media,Vivo Studio 2-piece in Mixed Media - Orange,V0925053ORAM,60062437,Vivo,Two-Piece Sets,Skirts & Top Set,Retired,6900.0,22.0,0,0,2,24
V0925053,Vivo Studio 2-piece in Mixed Media,Vivo Studio 2-piece in Mixed Media- Hunters Green,V0925053HGRNS,60062441,Vivo,Two-Piece Sets,Skirts & Top Set,Retired,6900.0,11.0,0,1,2,14
V0925053,Vivo Studio 2-piece in Mixed Media,Vivo Studio 2-piece in Mixed Media- Hunters Green,V0925053HGRNL,60062443,Vivo,Two-Piece Sets,Skirts & Top Set,Retired,6900.0,15.0,0,2,1,18
V0925053,Vivo Studio 2-piece in Mixed Media,Vivo Studio 2-piece in Mixed Media- Hunters Green,V0925053HGRNM,60062442,Vivo,Two-Piece Sets,Skirts & Top Set,Retired,6900.0,20.0,1.0,2,2,25
V0925053,Vivo Studio 2-piece in Mixed Media,Vivo Studio 2-piece in Mixed Media- Hunters Green,V0925053HGRN1X,60062444,Vivo,Two-Piece Sets,Skirts & Top Set,Retired,6900.0,3.0,3.0,0,2,8
V1019045,Vivo Basic Liv Chiffon Top,Vivo Basic Liv Chiffon Top - Off-white / Black Print,V1019045PR22F,60052207,Vivo,Tops,Loose Tops,Retired,1150.0,0,5.0,0,1,6
V1020122,Vivo Tsavo Scalloped Hem Dress Top,Vivo Tsavo Scalloped Hem Dress Top - Black,V1020122BLAS,60017229,Vivo,Tops,Fitted Tops,Retired,850.0,0,0,1.0,0,1
V1021027,Vivo Lani Satin High Low Dress,Vivo Lani Satin High Low Dress - Mustard,V1021027MUSF,60047874,Vivo,Dresses,Knee Length Dresses,Retired,3650.0,0,0,0,1,1
V1022057,Vivo Basic Maternity Leggings,Vivo Basic Maternity Leggings - Black,V1022057BLAS,60009915,Vivo,Bottoms,Full Length Pants,Retired,1050.0,0,0,1.0,0,1
V1022057,Vivo Basic Maternity Leggings,Vivo Basic Maternity Leggings - Black,V1022057BLAL,60009917,Vivo,Bottoms,Full Length Pants,Retired,1050.0,0,0,1.0,0,1
V1022057,Vivo Basic Maternity Leggings,Vivo Basic Maternity Leggings - Navy Blue,V1022057NABS,60013552,Vivo,Bottoms,Full Length Pants,Retired,2750.0,1.0,8.0,6.0,2,17
V1022076,Vivo Raha Waist Tie Top,Vivo Raha Waist Tie Top - Mustard/ Black Ameli Print,V1022076PR2M,60044091,Vivo,Tops,Fitted Tops,Retired,2050.0,0,0,1.0,0,1
V1023018,Vivo Sarabi Strappy Low Back Maxi Dress,Vivo Sarabi Strappy Low Back Maxi Dress - Taupe / Peach Kira Print,V1023018PR10M/L,60053298,Vivo,Dresses,Maxi Dresses,Retired,4150.0,0,0,0,1,1
V1023018,Vivo Sarabi Strappy Low Back Maxi Dress,Vivo Sarabi Strappy Low Back Maxi Dress - Teal / Hot pink Kira Print,V1023018PR91X/2X,60053296,Vivo,Dresses,Maxi Dresses,Retired,4150.0,0,0,0,1,1
V1023029,Vivo Sarabi Panelled V-Neck Kaftan,Vivo Sarabi Panelled V-Neck Kaftan - Hot Pink,V1023029HPINF,60028113,Vivo,Dresses,Maxi Dresses,Retired,5950.0,0,0,1.0,0,1
V1023042,Vivo Ava 3/4 Sleeve Kimono,Vivo Ava 3/4 Sleeve Kimono - Black,V1023042BLAM,60052122,Vivo,Outerwear,Waterfalls & Kimonos,Retired,3450.0,0,0,1.0,1,2
V1023042,Vivo Ava 3/4 Sleeve Kimono,Vivo Ava 3/4 Sleeve Kimono - Dark Green,V1023042DARGS,60051993,Vivo,Outerwear,Waterfalls & Kimonos,Retired,3450.0,0,0,0,1,1
V1023042,Vivo Ava 3/4 Sleeve Kimono,Vivo Ava 3/4 Sleeve Kimono -Burnt Orange,V1023042BUROM,60052125,Vivo,Outerwear,Waterfalls & Kimonos,Retired,3450.0,0,0,0,1,1
V1023042,Vivo Ava 3/4 Sleeve Kimono,Vivo Ava 3/4 Sleeve Kimono -Light Olive,V1023042LIGHOM,60052150,Vivo,Outerwear,Waterfalls & Kimonos,Retired,3450.0,1.0,0,0,0,1
V1023042,Vivo Ava 3/4 Sleeve Kimono,Vivo Ava 3/4 Sleeve Kimono -Navy,V1023042NAVS,60052145,Vivo,Outerwear,Waterfalls & Kimonos,Retired,3450.0,0,0,0,1,1
V1023042,Vivo Ava 3/4 Sleeve Kimono,Vivo Ava 3/4 Sleeve Kimono -Yellow,V1023042YELS,60052141,Vivo,Outerwear,Waterfalls & Kimonos,Retired,1950.0,0,0,0,1,1
V1023070,Vivo Sanyu Bubble Off,Vivo Sanyu Bubble Off - Shoulder Top - Pink,V1023070PIN1X,60028748,Vivo,Tops,Loose Tops,Retired,1350.0,1.0,0,1.0,0,2
V1023084,Vivo Sanyu Bubble Sleeve Tent Dress,Vivo Sanyu Bubble Sleeve Tent Dress - Lime / White Zazi Print,V1023084PR2S,60029005,Vivo,Dresses,Maxi Dresses,Retired,2500.0,0,0,1.0,0,1
V1023084,Vivo Sanyu Bubble Sleeve Tent Dress,Vivo Sanyu Bubble Sleeve Tent Dress - Pink,V1023084PINS,60029010,Vivo,Dresses,Maxi Dresses,Retired,2350.0,0,0,1.0,0,1
V1023086,Vivo Sanyu Pleated Pants,Vivo Sanyu Pleated Pants - Purple,V1023086PUR1X,60028790,Vivo,Bottoms,Full Length Pants,Retired,1350.0,0,0,0,1,1
V1023086,Vivo Sanyu Pleated Pants,Vivo Sanyu Pleated Pants - Purple,V1023086PURL,60028789,Vivo,Bottoms,Full Length Pants,Retired,1350.0,0,0,0,1,1
V1023086,Vivo Sanyu Pleated Pants,Vivo Sanyu Pleated Pants - Purple,V1023086PURM,60028788,Vivo,Bottoms,Full Length Pants,Retired,1350.0,0,0,1.0,0,1
V1023097,Vivo Amara Sleeveless High Low Top,Vivo Amara Sleeveless High Low Top - Navy,V1023097NAVM,60026448,Vivo,Tops,Loose Tops,Retired,550.0,0,0,1.0,0,1
V1023097,Vivo Amara Sleeveless High Low Top,Vivo Amara Sleeveless High Low Top - Tan,V1023097TANS,60026452,Vivo,Tops,Loose Tops,Retired,900.0,0,0,0,1,1
V1023097,Vivo Amara Sleeveless High Low Top,Vivo Amara Sleeveless High Low Top - Tan,V1023097TANM,60026453,Vivo,Tops,Loose Tops,Retired,900.0,1.0,0,0,2,3
V1023097,Vivo Amara Sleeveless High Low Top,Vivo Amara Sleeveless High Low Top - Tan,V1023097TANL,60026454,Vivo,Tops,Loose Tops,Retired,900.0,0,0,0,1,1
V1023100,Vivo Amara Back Pleat Dress,Vivo Amara Back Pleat Dress - Dark Purple,V1023100PURS,60031987,Vivo,Dresses,Knee Length Dresses,Retired,2480.0,0,0,0,1,1
V1023100,Vivo Amara Back Pleat Dress,Vivo Amara Back Pleat Dress - Dark Purple,V1023100PURL,60031989,Vivo,Dresses,Knee Length Dresses,Retired,2480.0,0,0,0,1,1
V1023100,Vivo Amara Back Pleat Dress,Vivo Amara Back Pleat Dress - Orange / White Ukwi Print,V1023100PR41X,60042269,Vivo,Dresses,Knee Length Dresses,Retired,2550.0,0,0,1.0,0,1
V1024002,Vivo Merika Knee Length Wrap Dress,Vivo Merika Knee Length Wrap Dress - Plum,V1024002PLM1X,60048678,Vivo,Dresses,Knee Length Dresses,Retired,2350.0,0,0,1.0,0,1
V1024002,Vivo Merika Knee Length Wrap Dress,Vivo Merika Knee Length Wrap Dress - Plum,V1024002PLML,60048677,Vivo,Dresses,Knee Length Dresses,Retired,2350.0,0,0,1.0,0,1
V1024002,Vivo Merika Knee Length Wrap Dress,Vivo Merika Knee Length Wrap Dress - Red,V1024002REDS,60048683,Vivo,Dresses,Knee Length Dresses,Retired,2950.0,0,0,0,1,1
V1024002,Vivo Merika Knee Length Wrap Dress,Vivo Merika Knee Length Wrap Dress - Royal Blue,V1024002RBLUL,60046493,Vivo,Dresses,Knee Length Dresses,Retired,2350.0,1.0,0,0,1,2
V1024002,Vivo Merika Knee Length Wrap Dress,Vivo Merika Knee Length Wrap Dress - Rust,V1024002RSTS,60048687,Vivo,Dresses,Knee Length Dresses,Retired,1650.0,1.0,0,0,0,1
V1024002,Vivo Merika Knee Length Wrap Dress,Vivo Merika Knee Length Wrap Dress - Rust,V1024002RSTL,60048689,Vivo,Dresses,Knee Length Dresses,Retired,1650.0,1.0,0,0,0,1
V1024029,Vivo Kelemi Ruffle Sleeve Top,Vivo Kelemi Ruffle Sleeve Top - Yellow / Green Lana Print,V1024029PR21X,60047491,Vivo,Tops,Loose Tops,Retired,4550.0,0,0,0,1,1
V1024029,Vivo Kelemi Ruffle Sleeve Top,Vivo Kelemi Ruffle Sleeve Top - Yellow / Green Lana Print,V1024029PR2M,60047489,Vivo,Tops,Loose Tops,Retired,4550.0,0,2.0,0,1,3
V1024030,Vivo Beali Shirred Midriff Top,Vivo Beali Shirred Midriff Top - Beige / Gold Lea Print,V1024030PR21X,60047982,Vivo,Tops,Fitted Tops,Retired,665.0,0,0,1,0,1
V1024031,Vivo Beali Baby Doll Dress,Vivo Beali Baby Doll Dress - Off White / Gold Lea Print,V1024031PR4M,60048451,Vivo,Dresses,Short & Mini Dresses,Retired,4850.0,0,0,0,1,1
V1024031,Vivo Beali Baby Doll Dress,Vivo Beali Baby Doll Dress - Off White / Gold Lea Print,V1024031PR4XS,60048449,Vivo,Dresses,Short & Mini Dresses,Retired,4850.0,0,0,0,1,1
V1024032,Vivo Beali Shorts,Vivo Beali Shorts - Beige / Gold Lea Print,V1024032PR2S,60047909,Vivo,Bottoms,Shorts & Skorts,Retired,1350.0,0,0,0,1,1
V1024032,Vivo Beali Shorts,Vivo Beali Shorts - Beige / Gold Lea Print,V1024032PR2XS,60048503,Vivo,Bottoms,Shorts & Skorts,Retired,1350.0,0,0,1.0,0,1
V1024032,Vivo Beali Shorts,Vivo Beali Shorts - Tan / Navy Lea Print,V1024032PR11X,60047917,Vivo,Bottoms,Shorts & Skorts,Retired,1850.0,0,0,0,1,1
V1024032,Vivo Beali Shorts,Vivo Beali Shorts - Tan / Navy Lea Print,V1024032PR1XS,60048504,Vivo,Bottoms,Shorts & Skorts,Retired,1850.0,0,2.0,0,1,3
V1024036,Vivo Beali Wrap Shirt Dress,Vivo Beali Wrap Shirt Dress - White / Gold Lea Print,V1024036PR2XS,60048575,Vivo,Dresses,Knee Length Dresses,Retired,1850.0,0,0,1.0,0,1
V1024037,Vivo Beali Sarong Skirt,Vivo Beali Sarong Skirt - Cream / Taupe Lea Print,V1024037PR3F,60047889,Vivo,Skirts,Midi & Capri Skirts,Retired,1750.0,0,0,0,2,2
V1024043,Vivo Beali Two Way Wrap Top,Vivo Beali Two Way Wrap Top - Cream / Chocolate Lea Print,V1024043PR2S,60048033,Vivo,Tops,Midriff & Crop Tops,Retired,1350.0,0,0,0,1,1
V1024043,Vivo Beali Two Way Wrap Top,Vivo Beali Two Way Wrap Top - Cream / Chocolate Lea Print,V1024043PR21X,60048036,Vivo,Tops,Midriff & Crop Tops,Retired,1350.0,0,0,0,1,1
V1024043,Vivo Beali Two Way Wrap Top,Vivo Beali Two Way Wrap Top - Cream / Chocolate Lea Print,V1024043PR2XS,60048505,Vivo,Tops,Midriff & Crop Tops,Retired,1350.0,1.0,0,0,0,1
V1024043,Vivo Beali Two Way Wrap Top,Vivo Beali Two Way Wrap Top - Cream / Gold Lea Print,V1024043PR11X,60048040,Vivo,Tops,Midriff & Crop Tops,Retired,1350.0,1.0,0,0,0,1
V1024043,Vivo Beali Two Way Wrap Top,Vivo Beali Two Way Wrap Top - Cream / Gold Lea Print,V1024043PR1M,60048038,Vivo,Tops,Midriff & Crop Tops,Retired,1350.0,1.0,0,0,1,2
V1024043,Vivo Beali Two Way Wrap Top,Vivo Beali Two Way Wrap Top - Cream / Gold Lea Print,V1024043PR1L,60048039,Vivo,Tops,Midriff & Crop Tops,Retired,1350.0,0,0,0,1,1
V1024043,Vivo Beali Two Way Wrap Top,Vivo Beali Two Way Wrap Top - Cream / Gold Lea Print,V1024043PR1XS,60048506,Vivo,Tops,Midriff & Crop Tops,Retired,1350.0,0,0,1.0,0,1
V1024043,Vivo Beali Two Way Wrap Top,Vivo Beali Two Way Wrap Top - Cream / Gold Lea Print,V1024043PR1S,60048037,Vivo,Tops,Midriff & Crop Tops,Retired,1350.0,0,0,1.0,0,1
V1024043,Vivo Beali Two Way Wrap Top,Vivo Beali Two Way Wrap Top - Cream / Taupe Lea Print,V1024043PR31X,60048044,Vivo,Tops,Midriff & Crop Tops,Retired,1550.0,0,0,0,1,1
V1024043,Vivo Beali Two Way Wrap Top,Vivo Beali Two Way Wrap Top - Cream / Taupe Lea Print,V1024043PR3XS,60048507,Vivo,Tops,Midriff & Crop Tops,Retired,1550.0,0,1.0,0,1,2
V1024043,Vivo Beali Two Way Wrap Top,Vivo Beali Two Way Wrap Top - White / Taupe Lea Print,V1024043PR4S,60048509,Vivo,Tops,Midriff & Crop Tops,Retired,2250.0,0,0,0,1,1
V1024045,Vivo Pelia Kimono,Vivo Pelia Kimono - Black / White Meni Print,V1024045PR5F,60046396,Vivo,Outerwear,Waterfalls & Kimonos,Retired,950.0,0,1.0,0,1,2
V1024045,Vivo Pelia Kimono,Vivo Pelia Kimono - Maroon / White Meni Print,V1024045PR6F,60046397,Vivo,Outerwear,Waterfalls & Kimonos,Retired,950.0,1.0,6.0,0,2,9
V1024063,Vivo Basic Hooded Kimono,Vivo Basic Hooded Kimono - Beige / White Print,V1024063PR1S,60052186,Vivo,Outerwear,Waterfalls & Kimonos,Retired,2750.0,0,3.0,0,2,6
V1024063,Vivo Basic Hooded Kimono,Vivo Basic Hooded Kimono - Black / Mint Print,V1024063PR5S,60052190,Vivo,Outerwear,Waterfalls & Kimonos,Retired,2350.0,0,0,0,1,1
V1024063,Vivo Basic Hooded Kimono,Vivo Basic Hooded Kimono - Black / Yellow Print,V1024063PR3S,60052188,Vivo,Outerwear,Waterfalls & Kimonos,Retired,3850.0,0,0,0,1,1
V1024063,Vivo Basic Hooded Kimono,Vivo Basic Hooded Kimono - White / Brown Print,V1024063PR14S,60057020,Vivo,Outerwear,Waterfalls & Kimonos,Retired,1550.0,0,0,0,1,1
V1024064,Vivo Basic Sleeveless Tent Kimono,Vivo Basic Sleeveless Tent Kimono - Baby Blue,V1024064BBLUF,60047168,Vivo,Outerwear,Waterfalls & Kimonos,Retired,1950.0,0,22.0,3.0,4,29
V1024064,Vivo Basic Sleeveless Tent Kimono,Vivo Basic Sleeveless Tent Kimono - Mint,V1024064MINF,60047169,Vivo,Outerwear,Waterfalls & Kimonos,Retired,3250.0,0,0,3.0,1,4
V1024064,Vivo Basic Sleeveless Tent Kimono,Vivo Basic Sleeveless Tent Kimono - Pink,V1024064PINF,60047170,Vivo,Outerwear,Waterfalls & Kimonos,Retired,3250.0,0,20.0,1.0,4,25
V1024066,Vivo Wena High Slit Maxi Shirt,Vivo Wena High Slit Maxi Shirt - Burgundy,V1024066BUR1X,60047188,Vivo,Tops,Loose Tops,Retired,1750.0,0,0,1,0,1
V1024066,Vivo Wena High Slit Maxi Shirt,Vivo Wena High Slit Maxi Shirt - Sea Green,V1024066SGRNM,60047192,Vivo,Tops,Loose Tops,Retired,1750.0,0,0,1,0,1
V1024066,Vivo Wena High Slit Maxi Shirt,Vivo Wena High Slit Maxi Shirt - Sea Green,V1024066SGRNL,60047193,Vivo,Tops,Loose Tops,Retired,1750.0,0,0,1,0,1
V1024066,Vivo Wena High Slit Maxi Shirt,Vivo Wena High Slit Maxi Shirt - Sea Green,V1024066SGRN2X,60047195,Vivo,Tops,Loose Tops,Retired,1750.0,0,0,1.0,0,1
V1025009,Vivo Liora Wide Leg Pants,Vivo Liora Wide Leg Pants - Hunters,V1025009HUN1X,60064422,Vivo,Bottoms,Full Length Pants,Retired,4900.0,0,0,9.0,1,10
V1025009,Vivo Liora Wide Leg Pants,Vivo Liora Wide Leg Pants - Hunters,V1025009HUN2X,60064423,Vivo,Bottoms,Full Length Pants,Retired,4900.0,1.0,0,2.0,1,4
V1025009,Vivo Liora Wide Leg Pants,Vivo Liora Wide Leg Pants - Hunters,V1025009HUNS,60064419,Vivo,Bottoms,Full Length Pants,Retired,4900.0,2.0,0,4.0,1,7
V1025009,Vivo Liora Wide Leg Pants,Vivo Liora Wide Leg Pants - Hunters,V1025009HUNM,60064420,Vivo,Bottoms,Full Length Pants,Retired,4900.0,1.0,0,6.0,1,8
V1025009,Vivo Liora Wide Leg Pants,Vivo Liora Wide Leg Pants - Hunters,V1025009HUNL,60064421,Vivo,Bottoms,Full Length Pants,Retired,4900.0,0,0,2.0,1,3
V1025009,Vivo Liora Wide Leg Pants,Vivo Liora Wide Leg Pants - Navy,V1025009NAV1X,60064417,Vivo,Bottoms,Full Length Pants,Retired,4900.0,2.0,0,11.0,1,14
V1025009,Vivo Liora Wide Leg Pants,Vivo Liora Wide Leg Pants - Navy,V1025009NAVL,60064416,Vivo,Bottoms,Full Length Pants,Retired,4900.0,0,0,14.0,2,16
V1025009,Vivo Liora Wide Leg Pants,Vivo Liora Wide Leg Pants - Navy,V1025009NAVS,60064414,Vivo,Bottoms,Full Length Pants,Retired,4900.0,0,0,9.0,1,10
V1025009,Vivo Liora Wide Leg Pants,Vivo Liora Wide Leg Pants - Navy,V1025009NAVM,60064415,Vivo,Bottoms,Full Length Pants,Retired,4900.0,1.0,0,19.0,2,22
V1025009,Vivo Liora Wide Leg Pants,Vivo Liora Wide Leg Pants - Navy,V1025009NAV2X,60064418,Vivo,Bottoms,Full Length Pants,Retired,4900.0,0,0,7.0,1,8
V1025009,Vivo Liora Wide Leg Pants,Vivo Liora Wide Leg Pants - White / Blue Rozi Print,V1025009PR62X,60064408,Vivo,Bottoms,Full Length Pants,Retired,4900.0,0,0,1,1,2
V1025009,Vivo Liora Wide Leg Pants,Vivo Liora Wide Leg Pants - White / Blue Rozi Print,V1025009PR6L,60064406,Vivo,Bottoms,Full Length Pants,Retired,4900.0,1.0,0,0,1,2
V1025009,Vivo Liora Wide Leg Pants,Vivo Liora Wide Leg Pants - White / Blue Rozi Print,V1025009PR6M,60064405,Vivo,Bottoms,Full Length Pants,Retired,4900.0,0,0,3.0,0,3
V1025009,Vivo Liora Wide Leg Pants,Vivo Liora Wide Leg Pants - White / Red Rozi Print,V1025009PR7M,60064410,Vivo,Bottoms,Full Length Pants,Retired,4900.0,0,0,1.0,0,1
V1025009,Vivo Liora Wide Leg Pants,Vivo Liora Wide Leg Pants - White / Yellow Rozi Print,V1025009PR52X,60064403,Vivo,Bottoms,Full Length Pants,Retired,4900.0,0,0,0,1,1
V1025009,Vivo Liora Wide Leg Pants,Vivo Liora Wide Leg Pants - White / Yellow Rozi Print,V1025009PR5L,60064401,Vivo,Bottoms,Full Length Pants,Retired,4900.0,0,0,1.0,0,1
V1025009,Vivo Liora Wide Leg Pants,Vivo Liora Wide Leg Pants - White / Yellow Rozi Print,V1025009PR51X,60064402,Vivo,Bottoms,Full Length Pants,Retired,4900.0,0,0,1.0,1,2
V1025009,Vivo Liora Wide Leg Pants,Vivo Liora Wide Leg Pants - Yellow / Black Rozi Print,V1025009PR42X,60064398,Vivo,Bottoms,Full Length Pants,Retired,4900.0,0,0,0,1,1
V1025009,Vivo Liora Wide Leg Pants,Vivo Liora Wide Leg Pants - Yellow / Black Rozi Print,V1025009PR4M,60064395,Vivo,Bottoms,Full Length Pants,Retired,4900.0,0,0,0,1,1
V1025009,Vivo Liora Wide Leg Pants,Vivo Liora Wide Leg Pants - Yellow / Black Rozi Print,V1025009PR41X,60064397,Vivo,Bottoms,Full Length Pants,Retired,4900.0,1.0,0,0,2,3
V1025012,Vivo Anavi Cascade Waterfall,Vivo Anavi Cascade Waterfall - Black,V1025012BLAM/L,60061426,Vivo,Outerwear,Waterfalls & Kimonos,Retired,4500.0,2.0,0,2.0,1,5
V1025012,Vivo Anavi Cascade Waterfall,Vivo Anavi Cascade Waterfall - Black,V1025012BLA1X/2X,60061427,Vivo,Outerwear,Waterfalls & Kimonos,Retired,4500.0,0,0,3.0,1,4
V1025012,Vivo Anavi Cascade Waterfall,Vivo Anavi Cascade Waterfall - Black,V1025012BLAXS/S,60061425,Vivo,Outerwear,Waterfalls & Kimonos,Retired,4500.0,2.0,0,5.0,1,8
V1025012,Vivo Anavi Cascade Waterfall,Vivo Anavi Cascade Waterfall - Dark Mustard,V1025012DMUM/L,60061432,Vivo,Outerwear,Waterfalls & Kimonos,Retired,4500.0,14.0,0,6.0,2,22
V1025012,Vivo Anavi Cascade Waterfall,Vivo Anavi Cascade Waterfall - Dark Mustard,V1025012DMUXS/S,60061431,Vivo,Outerwear,Waterfalls & Kimonos,Retired,4500.0,15.0,0,5.0,2,22
V1025012,Vivo Anavi Cascade Waterfall,Vivo Anavi Cascade Waterfall - Dark Mustard,V1025012DMU1X/2X,60061433,Vivo,Outerwear,Waterfalls & Kimonos,Retired,4500.0,5.0,0,2,1,8
V1025012,Vivo Anavi Cascade Waterfall,Vivo Anavi Cascade Waterfall - Orange,V1025012ORA1X/2X,60061430,Vivo,Outerwear,Waterfalls & Kimonos,Retired,4500.0,4.0,0,5.0,1,10
V1025012,Vivo Anavi Cascade Waterfall,Vivo Anavi Cascade Waterfall - Orange,V1025012ORAXS/S,60061428,Vivo,Outerwear,Waterfalls & Kimonos,Retired,4500.0,14.0,0,4,4,22
V1025012,Vivo Anavi Cascade Waterfall,Vivo Anavi Cascade Waterfall - Orange,V1025012ORAM/L,60061429,Vivo,Outerwear,Waterfalls & Kimonos,Retired,4500.0,11.0,0,3,2,16
V1025012,Vivo Anavi Cascade Waterfall,Vivo Anavi Cascade Waterfall - Orange,V1025012ORAS/M,60060868,Vivo,Outerwear,Waterfalls & Kimonos,Retired,4500.0,0,0,0,1,1
V1025012,Vivo Anavi Cascade Waterfall,Vivo Anavi Cascade Waterfall - Orange,V1025012ORAL/1X,60060869,Vivo,Outerwear,Waterfalls & Kimonos,Retired,4500.0,0,0,0,1,1
V1025012,Vivo Anavi Cascade Waterfall,Vivo Anavi Cascade Waterfall - Sea Green,V1025012SGRNXS/S,60061437,Vivo,Outerwear,Waterfalls & Kimonos,Retired,4500.0,13.0,0,2,2,17
V1025012,Vivo Anavi Cascade Waterfall,Vivo Anavi Cascade Waterfall - Sea Green,V1025012SGRNM/L,60061438,Vivo,Outerwear,Waterfalls & Kimonos,Retired,4500.0,14.0,0,3.0,4,21
V1025012,Vivo Anavi Cascade Waterfall,Vivo Anavi Cascade Waterfall - Sea Green,V1025012SGRN1X/2X,60061439,Vivo,Outerwear,Waterfalls & Kimonos,Retired,4500.0,8.0,0,1,1,10
V1025012,Vivo Anavi Cascade Waterfall,Vivo Anavi Cascade Waterfall - White,V1025012WHIXS/S,60061434,Vivo,Outerwear,Waterfalls & Kimonos,Retired,4500.0,8.0,0,2.0,1,11
V1025012,Vivo Anavi Cascade Waterfall,Vivo Anavi Cascade Waterfall - White,V1025012WHIM/L,60061435,Vivo,Outerwear,Waterfalls & Kimonos,Retired,4500.0,8.0,0,2.0,2,12
V1025012,Vivo Anavi Cascade Waterfall,Vivo Anavi Cascade Waterfall - White,V1025012WHI1X/2X,60061436,Vivo,Outerwear,Waterfalls & Kimonos,Retired,4500.0,2.0,0,3.0,1,6
V1025029,Vivo liora Satin Midi Dress,Vivo liora Satin Midi Dress - Chocolate,V1025029CHOCF,60062177,Vivo,Dresses,Midi & Capri Dresses,Retired,6200.0,17.0,1.0,11.0,4,33
V1025029,Vivo liora Satin Midi Dress,Vivo liora Satin Midi Dress - Dark Green,V1025029DGRF,60062175,Vivo,Dresses,Midi & Capri Dresses,Retired,6200.0,0,0,7.0,2,9
V1025029,Vivo liora Satin Midi Dress,Vivo liora Satin Midi Dress - Dark Rust,V1025029DRUSF,60062174,Vivo,Dresses,Midi & Capri Dresses,Retired,6200.0,27.0,0,17.0,3,47
V1025029,Vivo liora Satin Midi Dress,Vivo liora Satin Midi Dress - Red,V1025029REDF,60062176,Vivo,Dresses,Midi & Capri Dresses,Retired,6200.0,42.0,0,5.0,5,52
V1025034,Vivo Lulu Contrast Stitch Tent Dress in Cotton,Vivo Zania Wide Hem Tent Dress - Ankara,V1025034PR11X,60061108,Vivo,Dresses,Knee Length Dresses,Retired,4150.0,1.0,0,0,0,1
V1025038,Vivo Rayon Jersey Slip Dress,Vivo Rayon Jersey Slip Dress - Black,V1025038BLA1X,60062024,Vivo,Dresses,Short & Mini Dresses,Retired,2800.0,0,0,1.0,0,1
V1025038,Vivo Rayon Jersey Slip Dress,Vivo Rayon Jersey Slip Dress - Black,V1025038BLAL,60062023,Vivo,Dresses,Short & Mini Dresses,Retired,2800.0,0,1.0,0,1,2
V1025038,Vivo Rayon Jersey Slip Dress,Vivo Rayon Jersey Slip Dress - Black,V1025038BLA2X,60062025,Vivo,Dresses,Short & Mini Dresses,Retired,2800.0,0,0,1.0,0,1
V1025038,Vivo Rayon Jersey Slip Dress,Vivo Rayon Jersey Slip Dress - Black,V1025038BLAM,60062022,Vivo,Dresses,Short & Mini Dresses,Retired,2800.0,0,0,1.0,1,2
V1025038,Vivo Rayon Jersey Slip Dress,Vivo Rayon Jersey Slip Dress - Chocolate,V1025038CHO1X,60062039,Vivo,Dresses,Short & Mini Dresses,Retired,2800.0,0,0,3,0,3
V1025038,Vivo Rayon Jersey Slip Dress,Vivo Rayon Jersey Slip Dress - Chocolate,V1025038CHOS,60062036,Vivo,Dresses,Short & Mini Dresses,Retired,2800.0,0,12.0,5.0,1,18
V1025038,Vivo Rayon Jersey Slip Dress,Vivo Rayon Jersey Slip Dress - Chocolate,V1025038CHOL,60062038,Vivo,Dresses,Short & Mini Dresses,Retired,2800.0,1.0,2.0,4.0,2,9
V1025038,Vivo Rayon Jersey Slip Dress,Vivo Rayon Jersey Slip Dress - Chocolate,V1025038CHO2X,60062040,Vivo,Dresses,Short & Mini Dresses,Retired,2800.0,0,1.0,0,1,2
V1025038,Vivo Rayon Jersey Slip Dress,Vivo Rayon Jersey Slip Dress - Chocolate,V1025038CHOM,60062037,Vivo,Dresses,Short & Mini Dresses,Retired,2800.0,1.0,14.0,4,2,21
V1025038,Vivo Rayon Jersey Slip Dress,Vivo Rayon Jersey Slip Dress - Navy,V1025038NAVM,60062032,Vivo,Dresses,Short & Mini Dresses,Retired,2800.0,2.0,14.0,6.0,3,25
V1025038,Vivo Rayon Jersey Slip Dress,Vivo Rayon Jersey Slip Dress - Navy,V1025038NAV1X,60062034,Vivo,Dresses,Short & Mini Dresses,Retired,2800.0,2.0,2.0,2.0,1,7
V1025038,Vivo Rayon Jersey Slip Dress,Vivo Rayon Jersey Slip Dress - Navy,V1025038NAVS,60062031,Vivo,Dresses,Short & Mini Dresses,Retired,2800.0,4.0,9.0,3.0,3,19
V1025038,Vivo Rayon Jersey Slip Dress,Vivo Rayon Jersey Slip Dress - Navy,V1025038NAVL,60062033,Vivo,Dresses,Short & Mini Dresses,Retired,2800.0,1.0,8.0,1.0,2,12
V1025038,Vivo Rayon Jersey Slip Dress,Vivo Rayon Jersey Slip Dress - Navy,V1025038NAV2X,60062035,Vivo,Dresses,Short & Mini Dresses,Retired,2800.0,2.0,0,2.0,2,6
V1025038,Vivo Rayon Jersey Slip Dress,Vivo Rayon Jersey Slip Dress - White,V1025038WHI1X,60062029,Vivo,Dresses,Short & Mini Dresses,Retired,2800.0,0,2.0,1.0,1,4
V1025038,Vivo Rayon Jersey Slip Dress,Vivo Rayon Jersey Slip Dress - White,V1025038WHIL,60062028,Vivo,Dresses,Short & Mini Dresses,Retired,2800.0,0,3.0,1.0,3,7
V1025038,Vivo Rayon Jersey Slip Dress,Vivo Rayon Jersey Slip Dress - White,V1025038WHIM,60062027,Vivo,Dresses,Short & Mini Dresses,Retired,2800.0,0,7.0,0,1,8
V1025038,Vivo Rayon Jersey Slip Dress,Vivo Rayon Jersey Slip Dress - White,V1025038WHI2X,60062030,Vivo,Dresses,Short & Mini Dresses,Retired,2800.0,0,1.0,1.0,1,3
V1025038,Vivo Rayon Jersey Slip Dress,Vivo Rayon Jersey Slip Dress - White,V1025038WHIS,60062026,Vivo,Dresses,Short & Mini Dresses,Retired,2800.0,0,3.0,0,2,5
V1026039,Vivo High Low Top In Crepe,Vivo High Low Top In Crepe - White / Blue  Rozi Print,V1026039PR3L/1X,60064518,Vivo,Tops,Loose Tops,Retired,4200.0,0,0,3.0,0,3
V1026039,Vivo High Low Top In Crepe,Vivo High Low Top In Crepe - White / Yellow Rozi Print,V1026039PR2L/1X,60064516,Vivo,Tops,Loose Tops,Retired,4200.0,0,0,1.0,1,2
V1026039,Vivo High Low Top In Crepe,Vivo High Low Top In Crepe - Yellow / Black Rozi Print,V1026039PR1L/1X,60064514,Vivo,Tops,Loose Tops,Retired,4200.0,0,0,2.0,1,3
V1119112,Vivo Basic Sleeveless Double Layered Bodycon,Vivo Basic Sleeveless Double Layered Bodycon - Burgundy,V1119112BURL,60026465,Vivo,Dresses,Knee Length Dresses,Retired,1950.0,0,0,1.0,0,1
V1120033,Vivo Lamu Knee Length Chiffon Dress,Vivo Lamu Knee Length Chiffon Dress - Hunters Green,V1120033HGNS,60036055,Vivo,Dresses,Knee Length Dresses,Retired,2950.0,0,0,0,2,2
V1120033,Vivo Lamu Knee Length Chiffon Dress,Vivo Lamu Knee Length Chiffon Dress - Navy,V1120033NAVS,60052293,Vivo,Dresses,Knee Length Dresses,Retired,2950.0,0,0,0,1,1
V1120036,Vivo Everyday Cap Sleeve Top in Jersey,Vivo Basic Val Cap Sleeve Top - Buttermilk,1120036BUT1X,60027901,Vivo,Accessories,Accessories,Retired,2200.0,1.0,0,0,0,1
V1121104,Vivo Sana Asymmetrical Angel Sleeve Top,Vivo Sana Asymmetrical Angel Sleeve Top - Black / White Print,V1121104PR58L/1X,60046181,Vivo,Tops,Loose Tops,Retired,2050.0,0,0,0,1,1
V1122145,Vivo Fahari 3/4 Sleeve Shirred Shirt,Vivo Fahari 3/4 Sleeve Shirred Shirt - Dark Mustard,V1122145DAMM,60049791,Vivo,Tops,Fitted Tops,Retired,3250.0,0,0,0,1,1
V1122145,Vivo Fahari 3/4 Sleeve Shirred Shirt,Vivo Fahari 3/4 Sleeve Shirred Shirt - Dark Mustard,V1122145DAML,60049792,Vivo,Tops,Fitted Tops,Retired,3250.0,0,1.0,0,1,2
V1122145,Vivo Fahari 3/4 Sleeve Shirred Shirt,Vivo Fahari 3/4 Sleeve Shirred Shirt - Dark Mustard,V1122145DAMS,60049790,Vivo,Tops,Fitted Tops,Retired,3250.0,0,1.0,0,1,2
V1122145,Vivo Fahari 3/4 Sleeve Shirred Shirt,Vivo Fahari 3/4 Sleeve Shirred Shirt - Dark Mustard,V1122145DAMXL,60049793,Vivo,Tops,Fitted Tops,Retired,3250.0,0,0,0,1,1
V1122192,Vivo Basic Sleeveless Midi Jersey Waterfall,Vivo Basic Sleeveless Midi Jersey Waterfall - Mustard,V1122192MUS1X/2X,60045344,Vivo,Outerwear,Waterfalls & Kimonos,Retired,1350.0,0,1.0,0,2,3
V1122192,Vivo Basic Sleeveless Midi Jersey Waterfall,Vivo Basic Sleeveless Midi Jersey Waterfall - Navy Blue,V1122192NABM/L,60026505,Vivo,Outerwear,Waterfalls & Kimonos,Retired,2000.0,0,5.0,0,2,7
V1122192,Vivo Basic Sleeveless Midi Jersey Waterfall,Vivo Basic Sleeveless Midi Jersey Waterfall - Navy Blue,V1122192NABXS/S,60026504,Vivo,Outerwear,Waterfalls & Kimonos,Retired,2000.0,0,1.0,0,1,2
V1122192,Vivo Basic Sleeveless Midi Jersey Waterfall,Vivo Basic Sleeveless Midi Jersey Waterfall - Navy Blue,V1122192NABL/1X,60025524,Vivo,Outerwear,Waterfalls & Kimonos,Retired,2000.0,0,2.0,0,1,3
V1122192,Vivo Basic Sleeveless Midi Jersey Waterfall,Vivo Basic Sleeveless Midi Jersey Waterfall - Navy Blue,V1122192NABS/M,60025523,Vivo,Outerwear,Waterfalls & Kimonos,Retired,2000.0,0,1.0,0,1,2
V1122192,Vivo Basic Sleeveless Midi Jersey Waterfall,Vivo Basic Sleeveless Midi Jersey Waterfall - Navy Blue,V1122192NAB1X/2X,60026506,Vivo,Outerwear,Waterfalls & Kimonos,Retired,2000.0,0,8.0,1.0,1,10
V1122192,Vivo Basic Sleeveless Midi Jersey Waterfall,Vivo Basic Sleeveless Midi Jersey Waterfall - Taupe,V1122192TAUL/XL,60022025,Vivo,Outerwear,Waterfalls & Kimonos,Retired,1550.0,1.0,0,0,0,1
V1122193,Vivo Basic Sleeveless Extra Long Lily Waterfall,Vivo Basic Sleeveless Extra Long Lily Waterfall - Burgundy,V1122193L/XL,60012048,Vivo,Outerwear,Waterfalls & Kimonos,Retired,1350.0,0,0,0,1,1
V1122193,Vivo Basic Sleeveless Extra Long Lily Waterfall,Vivo Basic Sleeveless Extra Long Lily Waterfall - Deep Teal,V1122193DTEAL/1X,60025518,Vivo,Outerwear,Waterfalls & Kimonos,Retired,1350.0,1.0,0,0,0,1
V1122193,Vivo Basic Sleeveless Extra Long Lily Waterfall,Vivo Basic Sleeveless Extra Long Lily Waterfall - Forest Green,V1122193FGNL/XL,60012052,Vivo,Outerwear,Waterfalls & Kimonos,Retired,2150.0,0,0,0,1,1
V1122193,Vivo Basic Sleeveless Extra Long Lily Waterfall,Vivo Basic Sleeveless Extra Long Lily Waterfall - Yellow,V1122193YELS/M,60024951,Vivo,Outerwear,Waterfalls & Kimonos,Retired,1950.0,2.0,0,0,2,4
V1122193,Vivo Basic Sleeveless Extra Long Lily Waterfall,Vivo Basic Sleeveless Extra Long Lily Waterfall - Yellow,V1122193YELL/1X,60024952,Vivo,Outerwear,Waterfalls & Kimonos,Retired,1950.0,0,5.0,0,1,6
V1123012,Vivo Hanabi Off,Vivo Hanabi Off - Shoulder Top - Black,V1123012BLAM,60028384,Vivo,Tops,Loose Tops,Retired,1050.0,0,0,0,2,2
V1123036,Vivo Sanyu Maxi Tent Dress,Vivo Sanyu Maxi Tent Dress - Lime Green,V1123036LGNF,60028901,Vivo,Dresses,Maxi Dresses,Retired,4750.0,0,0,3.0,0,3
V1123047,Vivo Hanabi Wrap Maxi Dress,Vivo Hanabi Wrap Maxi Dress - Dark Red,V1123047DREDS,60028895,Vivo,Dresses,Maxi Dresses,Retired,5750.0,0,0,0,1,1
V1123047,Vivo Hanabi Wrap Maxi Dress,Vivo Hanabi Wrap Maxi Dress - Dark Red,V1123047DREDL,60028897,Vivo,Dresses,Maxi Dresses,Retired,5750.0,0,0,0,1,1
V1123047,Vivo Hanabi Wrap Maxi Dress,Vivo Hanabi Wrap Maxi Dress - Dark Red,V1123047DREDM,60028896,Vivo,Dresses,Maxi Dresses,Retired,5750.0,1.0,0,0,1,2
V1123047,Vivo Hanabi Wrap Maxi Dress,Vivo Hanabi Wrap Maxi Dress - Dark Rust,V1123047DRUSM,60048373,Vivo,Dresses,Maxi Dresses,Retired,4050.0,1.0,0,0,1,2
V1123047,Vivo Hanabi Wrap Maxi Dress,Vivo Hanabi Wrap Maxi Dress - Dark Rust,V1123047DRUSL,60048374,Vivo,Dresses,Maxi Dresses,Retired,4050.0,1.0,0,0,1,2
V1123047,Vivo Hanabi Wrap Maxi Dress,Vivo Hanabi Wrap Maxi Dress - Hot Pink,V1123047HPINL,60048379,Vivo,Dresses,Maxi Dresses,Retired,5750.0,1.0,0,0,1,2
V1123047,Vivo Hanabi Wrap Maxi Dress,Vivo Hanabi Wrap Maxi Dress - Hot Pink,V1123047HPINS,60048377,Vivo,Dresses,Maxi Dresses,Retired,5750.0,1.0,0,0,1,2
V1123047,Vivo Hanabi Wrap Maxi Dress,Vivo Hanabi Wrap Maxi Dress - Hot Pink,V1123047HPINM,60048378,Vivo,Dresses,Maxi Dresses,Retired,5750.0,2.0,0,0,1,3
V1123047,Vivo Hanabi Wrap Maxi Dress,Vivo Hanabi Wrap Maxi Dress - Hot Pink,V1123047HPIN1X,60048380,Vivo,Dresses,Maxi Dresses,Retired,5750.0,1.0,0,0,1,2
V1123113,Vivo Hanabi Tent Maxi Dress,Vivo Hanabi Tent Maxi Dress - Dark Rust / Black Lia Print,V1123113PR13M,60054518,Vivo,Dresses,Maxi Dresses,Retired,4850.0,0,0,0,1,1
V1123113,Vivo Hanabi Tent Maxi Dress,Vivo Hanabi Tent Maxi Dress - Dark Rust / Black Lia Print,V1123113PR13S,60054517,Vivo,Dresses,Maxi Dresses,Retired,4850.0,0,0,0,1,1
V1123113,Vivo Hanabi Tent Maxi Dress,Vivo Hanabi Tent Maxi Dress - Rose Pink / Fuschia Lia Print,V1123113PR12S,60054526,Vivo,Dresses,Maxi Dresses,Retired,6900.0,0,0,0,1,1
V1123125,Vivo Lero Fitness Leggings,Vivo Lero Fitness Leggings - Black + Blue Kiwi Print,V1123125PR2S,60029653,Vivo,Bottoms,Full Length Pants,Retired,525.0,0,0,0,2,2
V1123138,Vivo Sanali Off,Vivo Sanali Off - Shoulder Top - Dark Teal,V1123138DTEAS/M,60030675,Vivo,Tops,Loose Tops,Retired,1050.0,0,0,0,1,1
V1123154,Vivo Mira Straight Leg Pants,Vivo Mira Straight Leg Pants - Teal / Black Print,V1123154PR7S,60054933,Vivo,Bottoms,Full Length Pants,Retired,3150.0,0,0,0,1,1
V1123157,Vivo Mira V-Neck Overlap Top,Vivo Mira V-Neck Overlap Top - Peach / Brown Fan Print,V1123157PR2M,60030602,Vivo,Tops,Loose Tops,Retired,1850.0,0,0,0,1,1
V1123158,Vivo Mira Reversible Wrap Top,Vivo Mira Reversible Wrap Top - Lime,V1123158LIML,60030607,Vivo,Tops,Fitted Tops,Retired,1000.0,0,1.0,0,1,2
V1123158,Vivo Mira Reversible Wrap Top,Vivo Mira Reversible Wrap Top - PEACH / BROWN FAN PRINT,V1123158PR1L,60030611,Vivo,Tops,Fitted Tops,Retired,950.0,0,0,0,1,1
V1123158,Vivo Mira Reversible Wrap Top,Vivo Mira Reversible Wrap Top - PEACH / BROWN FAN PRINT,V1123158PR1M,60030610,Vivo,Tops,Fitted Tops,Retired,950.0,0,2.0,3.0,1,6
V1123158,Vivo Mira Reversible Wrap Top,Vivo Mira Reversible Wrap Top - PEACH / BROWN FAN PRINT,V1123158PR1XL,60030612,Vivo,Tops,Fitted Tops,Retired,950.0,0,0,0,1,1
V1123158,Vivo Mira Reversible Wrap Top,Vivo Mira Reversible Wrap Top - PEACH / BROWN FAN PRINT,V1123158PR1S,60030609,Vivo,Tops,Fitted Tops,Retired,950.0,1.0,1.0,0,3,6
V1123168,Vivo Sakari V-Neck Drop Shoulder Top,Vivo Sakari V-Neck Drop Shoulder Top - Buttermilk,V1123168BUTTERS,60050622,Vivo,Tops,Loose Tops,Retired,950.0,0,0,0,1,1
V1124076,Vivo Meli Sleeveless Coat,Vivo Meli Sleeveless Coat - Black,V1124076BLAM/L,60047621,Vivo,Outerwear,Jackets & Coats,Retired,3250.0,1.0,1.0,0,2,4
V1124076,Vivo Meli Sleeveless Coat,Vivo Meli Sleeveless Coat - Black,V1124076BLA1X/2X,60047622,Vivo,Outerwear,Jackets & Coats,Retired,3250.0,0,1.0,0,1,2
V1124076,Vivo Meli Sleeveless Coat,Vivo Meli Sleeveless Coat - Navy,V1124076NAV1X/2X,60047629,Vivo,Outerwear,Jackets & Coats,Retired,1350.0,1.0,0,0,0,1
V1124076,Vivo Meli Sleeveless Coat,Vivo Meli Sleeveless Coat - Olive,V1124076OLI1X/2X,60047632,Vivo,Outerwear,Jackets & Coats,Retired,1350.0,0,0,0,1,1
V1124086,Vivo Lalani Turtle Neck Sweater Dress,Vivo Lalani Turtle Neck Sweater Dress - Chocolate / Mustard Samba Print,V1124086PR2L/1X,60047298,Vivo,Dresses,Knee Length Dresses,Retired,2250.0,2.0,0,1.0,1,4
V1124086,Vivo Lalani Turtle Neck Sweater Dress,Vivo Lalani Turtle Neck Sweater Dress - Chocolate / Orange Ukwi Print,V1124086PR3S/M,60047288,Vivo,Dresses,Knee Length Dresses,Retired,2250.0,1.0,0,0,0,1
V1124086,Vivo Lalani Turtle Neck Sweater Dress,Vivo Lalani Turtle Neck Sweater Dress - Chocolate / Orange Ukwi Print,V1124086PR3L/1X,60047300,Vivo,Dresses,Knee Length Dresses,Retired,2250.0,1.0,0,1.0,0,2
V1124086,Vivo Lalani Turtle Neck Sweater Dress,Vivo Lalani Turtle Neck Sweater Dress - Chocolate / Orange Ukwi Print,V1124086PR32X/3X,60047301,Vivo,Dresses,Knee Length Dresses,Retired,2250.0,0,0,1.0,0,1
V1124086,Vivo Lalani Turtle Neck Sweater Dress,Vivo Lalani Turtle Neck Sweater Dress - Mustard / Black Ukwi Print,V1124086PR4S/M,60047290,Vivo,Dresses,Knee Length Dresses,Retired,2250.0,0,0,1.0,1,2
V1124086,Vivo Lalani Turtle Neck Sweater Dress,Vivo Lalani Turtle Neck Sweater Dress - Mustard / Black Ukwi Print,V1124086PR4L/1X,60047302,Vivo,Dresses,Knee Length Dresses,Retired,2250.0,0,0,1.0,0,1
V1124086,Vivo Lalani Turtle Neck Sweater Dress,Vivo Lalani Turtle Neck Sweater Dress - Mustard / Black Ukwi Print,V1124086PR42X/3X,60047303,Vivo,Dresses,Knee Length Dresses,Retired,2250.0,0,0,0,1,1
V1124086,Vivo Lalani Turtle Neck Sweater Dress,Vivo Lalani Turtleneck Sweater Dress - Light Emerald Green / Ivory Samba Print,V1124086PR12X/3X,60047305,Vivo,Dresses,Knee Length Dresses,Retired,2250.0,0,0,0,4,4
V1124094,Vivo Serwa Crepe Pants,Vivo Serwa Crepe Pants - Dark Navy,V1124094DNAV3X,60047946,Vivo,Bottoms,Full Length Pants,Retired,2950.0,0,0,2,0,2
V1124094,Vivo Serwa Crepe Pants,Vivo Serwa Crepe Pants - Dark Navy,V1124094DNAVXS,60047940,Vivo,Bottoms,Full Length Pants,Retired,2950.0,0,1.0,0,1,2
V1124094,Vivo Serwa Crepe Pants,Vivo Serwa Crepe Pants - Light Blue / Navy Sera Print,V1124094PR23X,60049387,Vivo,Bottoms,Full Length Pants,Retired,2150.0,0,0,1,0,1
V1124094,Vivo Serwa Crepe Pants,Vivo Serwa Crepe Pants - Light Blue / Navy Sera Print,V1124094PR24X,60049388,Vivo,Bottoms,Full Length Pants,Retired,2150.0,0,0,1,0,1
V1124094,Vivo Serwa Crepe Pants,Vivo Serwa Crepe Pants - Peach / Rust Sera Print,V1124094PR1S,60046346,Vivo,Bottoms,Full Length Pants,Retired,1350.0,0,0,1.0,0,1
V1124110,Vivo Seli Shorts,Vivo Seli Shorts - Black,V1124110BLA1X,60049541,Vivo,Bottoms,Shorts & Skorts,Retired,2550.0,0,0,1.0,0,1
V1124110,Vivo Seli Shorts,Vivo Seli Shorts - Black,V1124110BLAS,60050893,Vivo,Bottoms,Shorts & Skorts,Retired,1750.0,0,0,1.0,1,2
V1124111,Vivo Seli Maxi Skirt,Vivo Seli Maxi Skirt - Black,V1124111BLAXS,60051427,Vivo,Skirts,Maxi Skirts,Retired,2950.0,0,0,0,1,1
V1124111,Vivo Seli Maxi Skirt,Vivo Seli Maxi Skirt - Black,V1124111BLAS,60049621,Vivo,Skirts,Maxi Skirts,Retired,2950.0,0,0,1,0,1
V1124111,Vivo Seli Maxi Skirt,Vivo Seli Maxi Skirt - Navy Blue,V1124111NABXS,60051426,Vivo,Skirts,Maxi Skirts,Retired,1750.0,0,0,1.0,0,1
V1124111,Vivo Seli Maxi Skirt,Vivo Seli Maxi Skirt - Navy Blue,V1124111NABS,60051066,Vivo,Skirts,Maxi Skirts,Retired,1750.0,0,1.0,0,1,2
V1124138,Vivo Yene Wide Leg Pants,Vivo Yene Wide Leg Pants - Black,V1124138BLAL,60051313,Vivo,Bottoms,Full Length Pants,Retired,1550.0,0,0,0,1,1
V1124138,Vivo Yene Wide Leg Pants,Vivo Yene Wide Leg Pants - Black,V1124138BLAM,60051312,Vivo,Bottoms,Full Length Pants,Retired,1550.0,0,0,0,1,1
V1124138,Vivo Yene Wide Leg Pants,Vivo Yene Wide Leg Pants - Black,V1124138BLAS,60051311,Vivo,Bottoms,Full Length Pants,Retired,1550.0,0,0,0,2,2
V1124138,Vivo Yene Wide Leg Pants,Vivo Yene Wide Leg Pants - Hot Pink,V1124138HOPM,60051182,Vivo,Bottoms,Full Length Pants,Retired,1550.0,0,0,0,3,3
V1124138,Vivo Yene Wide Leg Pants,Vivo Yene Wide Leg Pants - Hot Pink,V1124138HOP1X,60051184,Vivo,Bottoms,Full Length Pants,Retired,1550.0,0,0,0,1,1
V1124138,Vivo Yene Wide Leg Pants,Vivo Yene Wide Leg Pants - Light Teal,V1124138LIGTS,60051185,Vivo,Bottoms,Full Length Pants,Retired,2750.0,0,0,0,4,4
V1124138,Vivo Yene Wide Leg Pants,Vivo Yene Wide Leg Pants - Light Teal,V1124138LIGT1X,60051188,Vivo,Bottoms,Full Length Pants,Retired,2750.0,0,1.0,1.0,1,3
V1124138,Vivo Yene Wide Leg Pants,Vivo Yene Wide Leg Pants - Navy Blue,V1124138NABS,60051173,Vivo,Bottoms,Full Length Pants,Retired,1550.0,0,2.0,0,1,3
V1124138,Vivo Yene Wide Leg Pants,Vivo Yene Wide Leg Pants - Navy Blue,V1124138NABM,60051174,Vivo,Bottoms,Full Length Pants,Retired,1550.0,0,3.0,0,1,4
V1124138,Vivo Yene Wide Leg Pants,Vivo Yene Wide Leg Pants - Olive,V1124138OLIM,60055142,Vivo,Bottoms,Full Length Pants,Retired,1550.0,0,0,0,1,1
V1124138,Vivo Yene Wide Leg Pants,Vivo Yene Wide Leg Pants - Olive,V1124138OLIL,60055143,Vivo,Bottoms,Full Length Pants,Retired,1550.0,0,1.0,3.0,0,4
V1124138,Vivo Yene Wide Leg Pants,Vivo Yene Wide Leg Pants - Purple,V1124138PURL,60055147,Vivo,Bottoms,Full Length Pants,Retired,1550.0,0,0,0,3,3
V1124138,Vivo Yene Wide Leg Pants,Vivo Yene Wide Leg Pants - Purple,V1124138PUR1X,60055148,Vivo,Bottoms,Full Length Pants,Retired,1550.0,0,0,0,1,1
V1124138,Vivo Yene Wide Leg Pants,Vivo Yene Wide Leg Pants - Purple,V1124138PURS,60055145,Vivo,Bottoms,Full Length Pants,Retired,1550.0,0,2.0,0,1,3
V1124138,Vivo Yene Wide Leg Pants,Vivo Yene Wide Leg Pants - Purple,V1124138PURM,60055146,Vivo,Bottoms,Full Length Pants,Retired,1550.0,0,0,1.0,1,2
V1124138,Vivo Yene Wide Leg Pants,Vivo Yene Wide Leg Pants - White,V1124138WHTS,60051177,Vivo,Bottoms,Full Length Pants,Retired,3900.0,1.0,0,0,0,1
V1124138,Vivo Yene Wide Leg Pants,Vivo Yene Wide Leg Pants - White,V1124138WHTM,60051178,Vivo,Bottoms,Full Length Pants,Retired,3900.0,0,0,0,1,1
V1124143,Vivo Meli Ruffle Sleeve Top,Vivo Meli Ruffle Sleeve Top - Brown,V1124143BROM,60048333,Vivo,Tops,Loose Tops,Retired,3550.0,0,1.0,0,1,2
V1124143,Vivo Meli Ruffle Sleeve Top,Vivo Meli Ruffle Sleeve Top - Brown,V1124143BROS,60048332,Vivo,Tops,Loose Tops,Retired,3550.0,0,0,0,1,1
V1124143,Vivo Meli Ruffle Sleeve Top,Vivo Meli Ruffle Sleeve Top - Grey,V1124143GRY1X,60048339,Vivo,Tops,Loose Tops,Retired,1350.0,0,0,0,1,1
V1124143,Vivo Meli Ruffle Sleeve Top,Vivo Meli Ruffle Sleeve Top - Navy Blue,V1124143NABS,60048356,Vivo,Tops,Loose Tops,Retired,1250.0,0,1.0,0,0,1
V1124153,Vivo Chari Basic Chiffon Bishop Sleeve Top (Double Layered),Vivo Chari Basic Chiffon Bishop Sleeve Top (Double Layered) - Tan,V1124153TANL,60049503,Vivo,Tops,Fitted Tops,Retired,2050.0,0,0,0,1,1
V1124156,Vivo Chari Shift Dress,Vivo Chari Shift Dress - White / Black Riah Print,V1124156PR6M,60054913,Vivo,Dresses,Knee Length Dresses,Retired,1350.0,0,0,1,0,1
V1125001,Vivo Jersey Drop Shoulder Top,Vivo Jersey Drop Shoulder Tank Top - Black,V1125001BLAS,60061403,Vivo,Tops,T-shirts & Tank Tops,Retired,2500.0,0,0,2.0,0,2
V1125001,Vivo Jersey Drop Shoulder Top,Vivo Jersey Drop Shoulder Top - Dark Green,V1125001DGRN1X,60061470,Vivo,Tops,T-shirts & Tank Tops,Retired,2500.0,1.0,0,2.0,0,3
V1125001,Vivo Jersey Drop Shoulder Top,Vivo Jersey Drop Shoulder Top - Dark Green,V1125001DGRNM,60061468,Vivo,Tops,T-shirts & Tank Tops,Retired,2500.0,0,0,7.0,1,8
V1125001,Vivo Jersey Drop Shoulder Top,Vivo Jersey Drop Shoulder Top - Dark Green,V1125001DGRNL,60061469,Vivo,Tops,T-shirts & Tank Tops,Retired,2500.0,0,0,7.0,1,8
V1125001,Vivo Jersey Drop Shoulder Top,Vivo Jersey Drop Shoulder Top - Dark Green,V1125001DGRNS,60061467,Vivo,Tops,T-shirts & Tank Tops,Retired,2500.0,1.0,0,3.0,1,5
V1125001,Vivo Jersey Drop Shoulder Top,Vivo Jersey Drop Shoulder Top - Dark Purple,V1125001DPUR1X,60061474,Vivo,Tops,T-shirts & Tank Tops,Retired,2500.0,0,0,0,1,1
V1125001,Vivo Jersey Drop Shoulder Top,Vivo Jersey Drop Shoulder Top - Dark Purple,V1125001DPURS,60061471,Vivo,Tops,T-shirts & Tank Tops,Retired,2500.0,2.0,2.0,2.0,1,7
V1125001,Vivo Jersey Drop Shoulder Top,Vivo Jersey Drop Shoulder Top - Dark Purple,V1125001DPURL,60061473,Vivo,Tops,T-shirts & Tank Tops,Retired,2500.0,0,1.0,2.0,1,4
V1125001,Vivo Jersey Drop Shoulder Top,Vivo Jersey Drop Shoulder Top - Dark Purple,V1125001DPURM,60061472,Vivo,Tops,T-shirts & Tank Tops,Retired,2500.0,0,2.0,2.0,1,5
V1125001,Vivo Jersey Drop Shoulder Top,Vivo Jersey Drop Shoulder Top - Olive,V1125001OLIS,60061463,Vivo,Tops,T-shirts & Tank Tops,Retired,2500.0,1.0,0,8.0,0,9
V1125001,Vivo Jersey Drop Shoulder Top,Vivo Jersey Drop Shoulder Top - Olive,V1125001OLIM,60061464,Vivo,Tops,T-shirts & Tank Tops,Retired,2500.0,0,0,4.0,0,4
V1125001,Vivo Jersey Drop Shoulder Top,Vivo Jersey Drop Shoulder Top - Olive,V1125001OLIL,60061465,Vivo,Tops,T-shirts & Tank Tops,Retired,2500.0,0,0,2.0,0,2
V1125001,Vivo Jersey Drop Shoulder Top,Vivo Jersey Drop Shoulder Top - Olive,V1125001OLI1X,60061466,Vivo,Tops,T-shirts & Tank Tops,Retired,2500.0,1.0,0,1,0,2
V1125006,Vivo Lulu Cotton Barrel Pants,Vivo Lulu Cotton Barrel Pants - Black,V1125006BLAS,60061741,Vivo,Bottoms,Full Length Pants,Retired,4900.0,0,3.0,3.0,2,8
V1125006,Vivo Lulu Cotton Barrel Pants,Vivo Lulu Cotton Barrel Pants - Black,V1125006BLA2X,60061745,Vivo,Bottoms,Full Length Pants,Retired,4900.0,0,0,3.0,1,4
V1125006,Vivo Lulu Cotton Barrel Pants,Vivo Lulu Cotton Barrel Pants - Black,V1125006BLA1X,60061744,Vivo,Bottoms,Full Length Pants,Retired,4900.0,0,1.0,1.0,1,3
V1125006,Vivo Lulu Cotton Barrel Pants,Vivo Lulu Cotton Barrel Pants - Black,V1125006BLAL,60061743,Vivo,Bottoms,Full Length Pants,Retired,4900.0,0,2.0,2.0,1,5
V1125006,Vivo Lulu Cotton Barrel Pants,Vivo Lulu Cotton Barrel Pants - Black,V1125006BLAM,60061742,Vivo,Bottoms,Full Length Pants,Retired,4900.0,2.0,1.0,7.0,1,11
V1125006,Vivo Lulu Cotton Barrel Pants,Vivo Lulu Cotton Barrel Pants - Khaki Green,V1125006KHGRN1X,60061734,Vivo,Bottoms,Full Length Pants,Retired,4900.0,0,0,0,1,1
V1125006,Vivo Lulu Cotton Barrel Pants,Vivo Lulu Cotton Barrel Pants - Khaki Green,V1125006KHGRNL,60061733,Vivo,Bottoms,Full Length Pants,Retired,4900.0,0,0,0,2,2
V1125006,Vivo Lulu Cotton Barrel Pants,Vivo Lulu Cotton Barrel Pants - Khaki Green,V1125006KHGRNS,60061731,Vivo,Bottoms,Full Length Pants,Retired,4900.0,0,7.0,0,2,9
V1125006,Vivo Lulu Cotton Barrel Pants,Vivo Lulu Cotton Barrel Pants - Khaki Green,V1125006KHGRN2X,60061735,Vivo,Bottoms,Full Length Pants,Retired,4900.0,1.0,2.0,0,1,4
V1125006,Vivo Lulu Cotton Barrel Pants,Vivo Lulu Cotton Barrel Pants - Khaki Green,V1125006KHGRNM,60061732,Vivo,Bottoms,Full Length Pants,Retired,4900.0,0,11.0,1.0,2,14
V1125006,Vivo Lulu Cotton Barrel Pants,Vivo Lulu Cotton Barrel Pants - Maroon,V1125006MARM,60061737,Vivo,Bottoms,Full Length Pants,Retired,4900.0,6.0,12.0,4,2,24
V1125006,Vivo Lulu Cotton Barrel Pants,Vivo Lulu Cotton Barrel Pants - Maroon,V1125006MARL,60061738,Vivo,Bottoms,Full Length Pants,Retired,4900.0,0,2.0,4,1,7
V1125006,Vivo Lulu Cotton Barrel Pants,Vivo Lulu Cotton Barrel Pants - Maroon,V1125006MAR2X,60061740,Vivo,Bottoms,Full Length Pants,Retired,4900.0,1.0,1.0,0,1,3
V1125006,Vivo Lulu Cotton Barrel Pants,Vivo Lulu Cotton Barrel Pants - Maroon,V1125006MAR1X,60061739,Vivo,Bottoms,Full Length Pants,Retired,4900.0,1.0,1.0,3,1,6
V1125006,Vivo Lulu Cotton Barrel Pants,Vivo Lulu Cotton Barrel Pants - Maroon,V1125006MARS,60061736,Vivo,Bottoms,Full Length Pants,Retired,4900.0,1.0,9.0,4,2,16
V1125006,Vivo Lulu Cotton Barrel Pants,Vivo Lulu Cotton Barrel Pants - Rust,V1125006RUSL,60061637,Vivo,Bottoms,Full Length Pants,Retired,4900.0,1.0,0,2.0,0,3
V1125006,Vivo Lulu Cotton Barrel Pants,Vivo Lulu Cotton Barrel Pants - Rust,V1125006RUSM,60061636,Vivo,Bottoms,Full Length Pants,Retired,4900.0,1.0,5.0,3.0,2,11
V1125006,Vivo Lulu Cotton Barrel Pants,Vivo Lulu Cotton Barrel Pants - Rust,V1125006RUS2X,60061639,Vivo,Bottoms,Full Length Pants,Retired,4900.0,0,0,2.0,2,4
V1125006,Vivo Lulu Cotton Barrel Pants,Vivo Lulu Cotton Barrel Pants - Rust,V1125006RUS1X,60061638,Vivo,Bottoms,Full Length Pants,Retired,4900.0,1.0,0,0,0,1
V1125006,Vivo Lulu Cotton Barrel Pants,Vivo Lulu Cotton Barrel Pants - Rust,V1125006RUSS,60061635,Vivo,Bottoms,Full Length Pants,Retired,4900.0,1.0,1.0,0,1,3
V1222304,Vivo Dali 3/4 Cut Out Sleeve Maxi Dress,Vivo Dali 3/4 Cut Out Sleeve Maxi Dress - Cream / Maroon Print,V1222304PR8M,60048899,Vivo,Dresses,Maxi Dresses,Retired,1850.0,0,0,0,1,1
V1223014,Vivo Dua Satin Bishop Sleeve Top,Vivo Dua Satin Bishop Sleeve Top - Beige / Black Ala Print,V1223014PR4M,60052466,Vivo,Tops,Loose Tops,Retired,3550.0,0,0,0,2,2
V1223014,Vivo Dua Satin Bishop Sleeve Top,Vivo Dua Satin Bishop Sleeve Top - Cream / Light Green Print,V1223014PR6S,60052538,Vivo,Tops,Loose Tops,Retired,3550.0,0,0,0,1,1
V1223014,Vivo Dua Satin Bishop Sleeve Top,Vivo Dua Satin Bishop Sleeve Top - Dark Mustard / Black Print,V1223014PR14S,60059079,Vivo,Tops,Loose Tops,Retired,1250.0,1.0,0,0,1,2
V1223014,Vivo Dua Satin Bishop Sleeve Top,Vivo Dua Satin Bishop Sleeve Top - Dark Mustard / Black Print,V1223014PR14L,60059081,Vivo,Tops,Loose Tops,Retired,1250.0,0,0,0,1,1
V1223014,Vivo Dua Satin Bishop Sleeve Top,Vivo Dua Satin Bishop Sleeve Top - Dark Mustard / Black Print,V1223014PR14M,60059080,Vivo,Tops,Loose Tops,Retired,1250.0,1.0,0,0,0,1
V1223014,Vivo Dua Satin Bishop Sleeve Top,Vivo Dua Satin Bishop Sleeve Top - Dusty Green,V1223014DUGRNM,60052474,Vivo,Tops,Loose Tops,Retired,1250.0,3.0,0,3.0,0,6
V1223014,Vivo Dua Satin Bishop Sleeve Top,Vivo Dua Satin Bishop Sleeve Top - Dusty Green,V1223014DUGRNS,60052473,Vivo,Tops,Loose Tops,Retired,1250.0,2.0,0,0,1,3
V1223014,Vivo Dua Satin Bishop Sleeve Top,Vivo Dua Satin Bishop Sleeve Top - Mole Dusty,V1223014MODUM,60052478,Vivo,Tops,Loose Tops,Retired,2450.0,0,1.0,0,1,2
V1223016,Vivo Yumi Long Sleeve Tent Shirt Dress,Vivo Yumi Long Sleeve Tent Shirt Dress - Black,V1223016BLAM,60041568,Vivo,Dresses,Knee Length Dresses,Retired,3150.0,0,0,0,1,1
V1223017,Vivo Yumi Long Sleeve Shirt Dress,Vivo Yumi Long Sleeve Shirt Dress - Black / Taupe Print,V1223017PR1L,60030170,Vivo,Dresses,Knee Length Dresses,Retired,950.0,0,0,0,1,1
V1223018,Vivo Tana Puff Sleeve A-Line Dress,Vivo Tana Puff Sleeve A-Line Dress - Yellow,V1223018YELLL,60029467,Vivo,Dresses,Knee Length Dresses,Retired,1750.0,0,0,1.0,0,1
V1223020,Vivo Lero Capri Leggings,Vivo Lero Capri Leggings - Black + Blue Kiwi Print,V1223020PR2S,60029714,Vivo,Bottoms,Full Length Pants,Retired,250.0,0,0,1.0,0,1
V1223022,Vivo Ajani V-Neck Shift Dress,Vivo Ajani V-Neck Shift Dress - Gold,V1223022GOLL,60034466,Vivo,Dresses,Knee Length Dresses,Retired,4750.0,0,0,0,1,1
V1223022,Vivo Ajani V-Neck Shift Dress,Vivo Ajani V-Neck Shift Dress - Gold,V1223022GOLS,60034464,Vivo,Dresses,Knee Length Dresses,Retired,4750.0,0,0,0,1,1
V1223037,Vivo X This Is Essentials Long Sleeve Crew Neck Bodysuit,Vivo X This Is Essentials Long Sleeve Crew Neck Bodysuit - Grey,V1223037GREYL,60045258,Vivo,Tops,Bodysuits,Retired,3750.0,0,1.0,0,0,1
V1223037,Vivo X This Is Essentials Long Sleeve Crew Neck Bodysuit,Vivo X This Is Essentials Long Sleeve Crew Neck Bodysuit - Grey,V1223037GREYXXS,60045254,Vivo,Tops,Bodysuits,Retired,3750.0,0,7.0,0,1,8
V1223037,Vivo X This Is Essentials Long Sleeve Crew Neck Bodysuit,Vivo X This Is Essentials Long Sleeve Crew Neck Bodysuit - Red,V1223037REDXXS,60045261,Vivo,Tops,Bodysuits,Retired,3800.0,0,9.0,0,1,10
V1223037,Vivo X This Is Essentials Long Sleeve Crew Neck Bodysuit,Vivo X This Is Essentials Long Sleeve Crew Neck Bodysuit - Red,V1223037RED2X,60045267,Vivo,Tops,Bodysuits,Retired,3800.0,0,1.0,0,1,2
V1223037,Vivo X This Is Essentials Long Sleeve Crew Neck Bodysuit,Vivo X This Is Essentials Long Sleeve Crew Neck Bodysuit - Red,V1223037RED1X,60045266,Vivo,Tops,Bodysuits,Retired,3800.0,0,0,0,1,1
V1223038,Vivo Hanabi High Low Top,Vivo Hanabi High Low Top - Gold / Black Koto Print,V1223038PR8F,60060243,Vivo,Tops,Loose Tops,Retired,2750.0,0,1.0,0,1,2
V1223041,Vivo Situ Side Slit Midi Kimono,Vivo Situ Side Slit Midi Kimono - Black,V1223041BLAL,60032373,Vivo,Outerwear,Waterfalls & Kimonos,Retired,5250.0,0,1.0,0,1,2
V1223041,Vivo Situ Side Slit Midi Kimono,Vivo Situ Side Slit Midi Kimono - Black,V1223041BLAM,60031095,Vivo,Outerwear,Waterfalls & Kimonos,Retired,5250.0,0,0,0,1,1
V1223041,Vivo Situ Side Slit Midi Kimono,Vivo Situ Side Slit Midi Kimono - Black,V1223041BLAS,60031094,Vivo,Outerwear,Waterfalls & Kimonos,Retired,5250.0,0,0,0,2,2
V1223058,Vivo Alika High Waist Pants,Vivo Alika High Waist Pants - Navy Blue,V1223058NAB1X,60032618,Vivo,Bottoms,Full Length Pants,Retired,4950.0,0,0,1.0,0,1
V1223064,Vivo Asha High Low Top,Vivo Asha High Low Top - Black,V1223064BLAM,60031996,Vivo,Tops,Loose Tops,Retired,1450.0,0,0,0,1,1
V1225006,Vivo Maisha Kimono & Pant Set,Vivo Maisha Kimono & Pant Set - Grey / Black Print,V1225006PR1M,60062309,Vivo,Two-Piece Sets,Pants & Waterfall Set,Retired,7500.0,0,0,0,1,1
V1225006,Vivo Maisha Kimono & Pant Set,Vivo Maisha Kimono & Pant Set - Grey / Black Print,V1225006PR1S,60062308,Vivo,Two-Piece Sets,Pants & Waterfall Set,Retired,7500.0,0,0,2.0,1,3
V1225006,Vivo Maisha Kimono & Pant Set,Vivo Maisha Kimono & Pant Set - White / Black Print,V1225006PR2S,60062313,Vivo,Two-Piece Sets,Pants & Waterfall Set,Retired,5250.0,0,0,2,0,2
V1225012,Vivo Studio Mini Pencil Skirt in Ponte,Vivo Studio Mini Pencil Skirt in Ponte - Black,V1225012BLAL,60064284,Vivo,Skirts,Short & Mini Skirts,Retired,2900.0,5.0,0,11.0,3,19
V1225012,Vivo Studio Mini Pencil Skirt in Ponte,Vivo Studio Mini Pencil Skirt in Ponte - Black,V1225012BLAM,60064283,Vivo,Skirts,Short & Mini Skirts,Retired,2900.0,18.0,0,10.0,2,30
V1225012,Vivo Studio Mini Pencil Skirt in Ponte,Vivo Studio Mini Pencil Skirt in Ponte - Black,V1225012BLA1X,60064285,Vivo,Skirts,Short & Mini Skirts,Retired,2900.0,1.0,0,3.0,1,5
V1225012,Vivo Studio Mini Pencil Skirt in Ponte,Vivo Studio Mini Pencil Skirt in Ponte - Black,V1225012BLAXS,60064281,Vivo,Skirts,Short & Mini Skirts,Retired,2900.0,7.0,0,5.0,2,14
V1225012,Vivo Studio Mini Pencil Skirt in Ponte,Vivo Studio Mini Pencil Skirt in Ponte - Black,V1225012BLAS,60064282,Vivo,Skirts,Short & Mini Skirts,Retired,2900.0,18.0,0,10.0,2,30
V1225012,Vivo Studio Mini Pencil Skirt in Ponte,Vivo Studio Mini Pencil Skirt in Ponte - Burgundy,V1225012BURM,60064288,Vivo,Skirts,Short & Mini Skirts,Retired,2900.0,34.0,0,9.0,1,44
V1225012,Vivo Studio Mini Pencil Skirt in Ponte,Vivo Studio Mini Pencil Skirt in Ponte - Burgundy,V1225012BURL,60064289,Vivo,Skirts,Short & Mini Skirts,Retired,2900.0,14.0,0,11.0,2,27
V1225012,Vivo Studio Mini Pencil Skirt in Ponte,Vivo Studio Mini Pencil Skirt in Ponte - Burgundy,V1225012BUR1X,60064290,Vivo,Skirts,Short & Mini Skirts,Retired,2900.0,10.0,0,3.0,2,15
V1225012,Vivo Studio Mini Pencil Skirt in Ponte,Vivo Studio Mini Pencil Skirt in Ponte - Burgundy,V1225012BURXS,60064286,Vivo,Skirts,Short & Mini Skirts,Retired,2900.0,10.0,0,4.0,2,16
V1225012,Vivo Studio Mini Pencil Skirt in Ponte,Vivo Studio Mini Pencil Skirt in Ponte - Burgundy,V1225012BURS,60064287,Vivo,Skirts,Short & Mini Skirts,Retired,2900.0,24.0,0,8.0,2,34
VE0001M,Vivo Essentials Tank Top,Vivo Essentials Tank Top - Mulberry,VE0001MUL4X,90000501,Vivo,Tops,T-shirts & Tank Tops,Retired,1550.0,0,1.0,1.0,1,3
VE0001M,Vivo Essentials Tank Top,Vivo Essentials Tank Top - Mulberry,VE0001MULM,90000496,Vivo,Tops,T-shirts & Tank Tops,Retired,1550.0,0,0,0,1,1
VE0001M,Vivo Essentials Tank Top,Vivo Essentials Tank Top - Mulberry,VE0001MUL2X,90000499,Vivo,Tops,T-shirts & Tank Tops,Retired,1550.0,0,0,1,1,2
VE0001M,Vivo Essentials Tank Top,Vivo Essentials Tank Top - Mulberry,VE0001MULXS3X,90000500,Vivo,Tops,T-shirts & Tank Tops,Retired,1550.0,0,0,1,0,1
VE0001M,Vivo Essentials Tank Top,Vivo Essentials Tank Top - Mulberry,VE0001MUL1X,90000498,Vivo,Tops,T-shirts & Tank Tops,Retired,1550.0,0,0,0,1,1
VE0001M,Vivo Essentials Tank Top,Vivo Essentials Tank Top - Mulberry,VE0001MULXS,90000284,Vivo,Tops,T-shirts & Tank Tops,Retired,1550.0,0,2.0,1,1,4
VE0001M,Vivo Essentials Tank Top,Vivo Essentials Tank Top - Mustard,VE0001MUSXS,90000283,Vivo,Tops,T-shirts & Tank Tops,Retired,1050.0,0,0,0,1,1
VE0001M,Vivo Essentials Tank Top,Vivo Essentials Tank Top - Mustard,VE0001MUS3X,90000507,Vivo,Tops,T-shirts & Tank Tops,Retired,1050.0,0,0,0,1,1
VE0001O,Vivo Essentials Tank Top,Vivo Essentials Tank Top - Orange,VE0001ORA2X,60023810,Vivo,Tops,T-shirts & Tank Tops,Retired,1550.0,0,0,0,1,1
VE0001O,Vivo Essentials Tank Top,Vivo Essentials Tank Top - Orange,VE0001ORA3X,60023811,Vivo,Tops,T-shirts & Tank Tops,Retired,1550.0,0,0,0,1,1
VE0001O,Vivo Essentials Tank Top,Vivo Essentials Tank Top - Orange,VE0001ORAXS,60023805,Vivo,Tops,T-shirts & Tank Tops,Retired,1550.0,0,0,0,1,1
VE0001O,Vivo Essentials Tank Top,Vivo Essentials Tank Top - Orange,VE0001ORA4X,60023812,Vivo,Tops,T-shirts & Tank Tops,Retired,1550.0,0,3.0,0,1,4
VE0001T,Vivo Essentials Tank Top,Vivo Essentials Tank Top - Teal,VE0001TEA4X,90000521,Vivo,Tops,T-shirts & Tank Tops,Retired,750.0,0,0,0,1,1
VE0001T,Vivo Essentials Tank Top,Vivo Essentials Tank Top - Teal,VE0001TEA2X,90000519,Vivo,Tops,T-shirts & Tank Tops,Retired,750.0,0,4.0,2.0,1,7
VE0001T,Vivo Essentials Tank Top,Vivo Essentials Tank Top - Teal,VE0001TEA3X,90000520,Vivo,Tops,T-shirts & Tank Tops,Retired,750.0,0,2.0,0,1,3
VE0001W,Vivo Essentials Tank Top,Vivo Essentials Tank Top - White,VE0001WHI3X,90000527,Vivo,Tops,T-shirts & Tank Tops,Retired,1550.0,0,0,3.0,1,4
VE0001W,Vivo Essentials Tank Top,Vivo Essentials Tank Top - White,VE0001WHI4X,90000528,Vivo,Tops,T-shirts & Tank Tops,Retired,1550.0,0,1.0,0,1,2
VE0001Y,Vivo Essentials Tank Top,Vivo Essentials Tank Top - Yellow,VE0001YEL4X,90000535,Vivo,Tops,T-shirts & Tank Tops,Retired,750.0,0,2.0,0,1,3
VE0001Y,Vivo Essentials Tank Top,Vivo Essentials Tank Top - Yellow,VE0001YEL3X,90000534,Vivo,Tops,T-shirts & Tank Tops,Retired,750.0,0,3.0,0,1,4
VE0001Y,Vivo Essentials Tank Top,Vivo Essentials Tank Top - Yellow,VE0001YEL1X,90000532,Vivo,Tops,T-shirts & Tank Tops,Retired,750.0,0,0,1.0,0,1
VE0001Y,Vivo Essentials Tank Top,Vivo Essentials Tank Top - Yellow,VE0001YELXS,90000281,Vivo,Tops,T-shirts & Tank Tops,Retired,750.0,0,0,0,1,1
VE0001Y,Vivo Essentials Tank Top,Vivo Essentials Tank Top - Yellow,VE0001YEL2X,90000533,Vivo,Tops,T-shirts & Tank Tops,Retired,750.0,0,1.0,2.0,1,4
VE0002B,Vivo Essentials Biker Shorts,Vivo Essentials Biker Shorts - Black,VE0002BLKXS,60021855,Vivo,Bottoms,Shorts & Skorts,Retired,1750.0,0,0,0,1,1
VE0002B,Vivo Essentials Biker Shorts,Vivo Essentials Biker Shorts - Black,VE0002BLKM,60021857,Vivo,Bottoms,Shorts & Skorts,Retired,1750.0,0,0,1.0,0,1
VE0002B,Vivo Essentials Biker Shorts,Vivo Essentials Biker Shorts - Black,VE0002BLK2X,60021860,Vivo,Bottoms,Shorts & Skorts,Retired,1750.0,0,0,1.0,2,3
VE0002M,Vivo Essentials Biker Shorts,Vivo Essentials Biker Shorts - Mulberry,VE0002MULXS,60021871,Vivo,Bottoms,Shorts & Skorts,Retired,1750.0,0,1.0,0,1,2
VE0002M,Vivo Essentials Biker Shorts,Vivo Essentials Biker Shorts - Mulberry,VE0002MUL4X,60021878,Vivo,Bottoms,Shorts & Skorts,Retired,1750.0,0,0,0,1,1
VE0002M,Vivo Essentials Biker Shorts,Vivo Essentials Biker Shorts - Mulberry,VE0002MULS,60021872,Vivo,Bottoms,Shorts & Skorts,Retired,1750.0,0,0,0,1,1
VE0002T,Vivo Essentials Biker Shorts,Vivo Essentials Biker Shorts - Teal,VE0002TEAXS,60021879,Vivo,Bottoms,Shorts & Skorts,Retired,1750.0,0,0,0,1,1
VE0002W,Vivo Essentials Biker Shorts,Vivo Essentials Biker Shorts - White,VE0002WHI3X,60021869,Vivo,Bottoms,Shorts & Skorts,Retired,850.0,0,0,1.0,0,1
VE0002W,Vivo Essentials Biker Shorts,Vivo Essentials Biker Shorts - White,VE0002WHIM,60021865,Vivo,Bottoms,Shorts & Skorts,Retired,850.0,0,0,1.0,0,1
VE0003M,Vivo Essentials Capri Leggings,Vivo Essentials Capri Leggings - Mulberry,VE0003MUL3X,60021909,Vivo,Bottoms,Leggings,Retired,1750.0,0,0,1,0,1
VE0003M,Vivo Essentials Capri Leggings,Vivo Essentials Capri Leggings - Mulberry,VE0003MULS,60021904,Vivo,Bottoms,Leggings,Retired,1750.0,0,0,1.0,0,1
VE0003M,Vivo Essentials Capri Leggings,Vivo Essentials Capri Leggings - Mulberry,VE0003MULXS,60021903,Vivo,Bottoms,Leggings,Retired,1750.0,0,0,2.0,0,2
VE0003T,Vivo Essentials Capri Leggings,Vivo Essentials Capri Leggings - Teal,VE0003TEA2X,60021916,Vivo,Bottoms,Leggings,Retired,2500.0,0,0,2.0,0,2
VE0003T,Vivo Essentials Capri Leggings,Vivo Essentials Capri Leggings - Teal,VE0003TEA1X,60021915,Vivo,Bottoms,Leggings,Retired,2500.0,0,0,2.0,0,2
VE0003T,Vivo Essentials Capri Leggings,Vivo Essentials Capri Leggings - Teal,VE0003TEAL,60021914,Vivo,Bottoms,Leggings,Retired,2500.0,0,0,1.0,0,1
VE0003T,Vivo Essentials Capri Leggings,Vivo Essentials Capri Leggings - Teal,VE0003TEA3X,60021917,Vivo,Bottoms,Leggings,Retired,2500.0,0,0,1,0,1
VE0006T,Vivo Essentials Full Length Leggings,Vivo Essentials Full Length Leggings - Teal,VE0006TEAXS,60022008,Vivo,Bottoms,Leggings,Retired,1950.0,0,0,0,1,1
VE0006W,Vivo Essentials Full Length Leggings,Vivo Essentials Full Length Leggings - White,VE0006WHI4X,60021999,Vivo,Bottoms,Leggings,Retired,1950.0,0,0,1.0,0,1
VE0006W,Vivo Essentials Full Length Leggings,Vivo Essentials Full Length Leggings - White,VE0006WHIXS,60021992,Vivo,Bottoms,Leggings,Retired,1950.0,0,0,1.0,0,1
VE0008B,Vivo Essentials Bodycon,Vivo Essentials Bodycon - Black,VE0008BLAS,90000642,Vivo,Dresses,Knee Length Dresses,Retired,3950.0,0,0,0,1,1
VE0008B,Vivo Essentials Bodycon,Vivo Essentials Bodycon - Black,VE0008BLAL,90000644,Vivo,Dresses,Knee Length Dresses,Retired,3950.0,1.0,0,0,0,1
VE0008B,Vivo Essentials Bodycon,Vivo Essentials Bodycon - Black,VE0008BLAXS,90000303,Vivo,Dresses,Knee Length Dresses,Retired,3950.0,0,2.0,0,2,4
VE0008O,Vivo Essentials Bodycon,Vivo Essentials Bodycon - Orange,VE0008ORA3X,90000654,Vivo,Dresses,Knee Length Dresses,Retired,3950.0,0,1.0,0,1,2
VE0008O,Vivo Essentials Bodycon,Vivo Essentials Bodycon - Orange,VE0008ORAXS,90000305,Vivo,Dresses,Knee Length Dresses,Retired,3950.0,0,4.0,0,2,6
VE0008O,Vivo Essentials Bodycon,Vivo Essentials Bodycon - Orange,VE0008ORAS,90000649,Vivo,Dresses,Knee Length Dresses,Retired,3950.0,0,0,0,1,1
VE0008W,Vivo Essentials Bodycon,Vivo Essentials Bodycon - White,VE0008WHI1X,90000659,Vivo,Dresses,Knee Length Dresses,Retired,3950.0,1.0,0,0,1,2
VE0008W,Vivo Essentials Bodycon,Vivo Essentials Bodycon - White,VE0008WHI3X,90000661,Vivo,Dresses,Knee Length Dresses,Retired,3950.0,1.0,0,0,1,2
VE0008W,Vivo Essentials Bodycon,Vivo Essentials Bodycon - White,VE0008WHIXS,90000304,Vivo,Dresses,Knee Length Dresses,Retired,3950.0,1.0,0,1.0,1,3
VE0008Y,Vivo Essentials Bodycon,Vivo Essentials Bodycon - Yellow,VE0008YELS,90000663,Vivo,Dresses,Knee Length Dresses,Retired,1050.0,0,0,1,0,1
VE0008Y,Vivo Essentials Bodycon,Vivo Essentials Bodycon - Yellow,VE0008YELXS,90000306,Vivo,Dresses,Knee Length Dresses,Retired,1050.0,0,0,1,1,2
VE0008Y,Vivo Essentials Bodycon,Vivo Essentials Bodycon - Yellow,VE0008YEL3X,90000668,Vivo,Dresses,Knee Length Dresses,Retired,1050.0,0,0,2,0,2
VE0008Y,Vivo Essentials Bodycon,Vivo Essentials Bodycon - Yellow,VE0008YEL2X,90000667,Vivo,Dresses,Knee Length Dresses,Retired,1050.0,0,0,0,1,1
VE0009B,Vivo Essentials Strappy Cold Shoulder Top,Vivo Essentials Strappy Cold Shoulder Top - Black,VE0009BLAS/M,90001703,Vivo,Tops,Loose Tops,Retired,2600.0,0,1.0,0,1,2
VE0009B,Vivo Essentials Strappy Cold Shoulder Top,Vivo Essentials Strappy Cold Shoulder Top - Black,VE0009BLAL/1X,90001704,Vivo,Tops,Loose Tops,Retired,2600.0,0,4.0,0,1,5
VE0010B,Vivo Essentials Sleeveless One Shoulder Crop Top,Vivo Essentials Sleeveless One Shoulder Crop Top - Black,VE0010BLA2X,60021947,Vivo,Tops,Midriff & Crop Tops,Retired,455.0,0,0,3,0,3
VE0010B,Vivo Essentials Sleeveless One Shoulder Crop Top,Vivo Essentials Sleeveless One Shoulder Crop Top - Black,VE0010BLA3X,60021948,Vivo,Tops,Midriff & Crop Tops,Retired,455.0,0,0,3,0,3
VE0010B,Vivo Essentials Sleeveless One Shoulder Crop Top,Vivo Essentials Sleeveless One Shoulder Crop Top - Black,VE0010BLA4X,60021949,Vivo,Tops,Midriff & Crop Tops,Retired,455.0,0,0,1,0,1
VE0013B,Vivo Essentials Strappy Maxi Dress,Vivo Essentials Strappy Maxi Dress - Black,VE0013BLA2X/3X,60021968,Vivo,Dresses,Maxi Dresses,Retired,2850.0,0,0,1,0,1
VE0017B,Vivo Essentials Bandeau,Vivo Essentials Bandeau - Black,VE0017BLK4X,60021965,Vivo,Tops,Midriff & Crop Tops,Retired,525.0,2.0,0,0,0,2
VE0020T,Vivo Essentials Lounge Pants,Vivo Essentials Lounge Pants - Taupe,VE0020TAU3X,90000723,Vivo,Bottoms,Full Length Pants,Retired,1950.0,0,0,1.0,1,2
VE0020T,Vivo Essentials Lounge Pants,Vivo Essentials Lounge Pants - Taupe,VE0020TAU4X,90000724,Vivo,Bottoms,Full Length Pants,Retired,1950.0,0,0,0,1,1
VE0028B,Vivo Trench Coat,Vivo Trench Coat - Benue,VE0028BEN4X,90000773,Vivo,Outerwear,Jackets & Coats,Retired,5950.0,0,0,1,0,1
VE0028B,Vivo Trench Coat,Vivo Trench Coat - Benue,VE0028BEN3X,90000772,Vivo,Outerwear,Jackets & Coats,Retired,5950.0,0,0,1,0,1
VE0028N,Vivo Trench Coat,Vivo Trench Coat - Natal,VE0028NAT4X,90000808,Vivo,Outerwear,Jackets & Coats,Retired,5950.0,0,0,1,0,1
VE0029I,Vivo Tiered Shirt Dress,Vivo Tiered Shirt Dress - Isiolo,VE0029ISI4X,90000815,Vivo,Dresses,Knee Length Dresses,Retired,5500.0,0,0,3,0,3
VE0029K,Vivo Tiered Shirt Dress,Vivo Tiered Shirt Dress - Kasai,VE0029KAS4X,90000850,Vivo,Dresses,Knee Length Dresses,Retired,3850.0,0,0,1.0,0,1
VE0029S,Vivo Tiered Shirt Dress,Vivo Tiered Shirt Dress - Semliki,VE0029SEM4X,90000829,Vivo,Dresses,Knee Length Dresses,Retired,1950.0,0,0,2.0,0,2
VE0031A,Vivo Long Sleeve Blazer,Vivo Long Sleeve Blazer - Atbara,VE0031ATBS,90000854,Vivo,Outerwear,Jackets & Coats,Retired,3900.0,0,0,0,1,1
VE0031S,Vivo Long Sleeve Blazer,Vivo Long Sleeve Blazer - Savannah,VE0031SAVXS,90000353,Vivo,Outerwear,Jackets & Coats,Retired,3900.0,0,1.0,0,1,2
VE0031S,Vivo Long Sleeve Blazer,Vivo Long Sleeve Blazer - Savannah,VE0031SAVL,90000863,Vivo,Outerwear,Jackets & Coats,Retired,3900.0,0,2.0,0,1,3
VE0031S,Vivo Long Sleeve Blazer,Vivo Long Sleeve Blazer - Savannah,VE0031SAV4X,90000867,Vivo,Outerwear,Jackets & Coats,Retired,3900.0,0,0,0,1,1
VE0031S,Vivo Long Sleeve Blazer,Vivo Long Sleeve Blazer - Savannah,VE0031SAVS,90000861,Vivo,Outerwear,Jackets & Coats,Retired,3900.0,0,2.0,0,1,3
VE0032A,Vivo Wide-Leg Pants,Vivo Wide-Leg Pants - Asmara,VE0032ASMS,90000875,Vivo,Bottoms,Full Length Pants,Retired,2250.0,0,0,1.0,0,1
VE0032A,Vivo Wide-Leg Pants,Vivo Wide-Leg Pants - Asmara,VE0032ASMXS,90000083,Vivo,Bottoms,Full Length Pants,Retired,2250.0,0,0,1.0,1,2
VE0032A,Vivo Wide-Leg Pants,Vivo Wide-Leg Pants - Asmara,VE0032ASM4X,90000881,Vivo,Bottoms,Full Length Pants,Retired,2250.0,0,0,0,1,1
VE0032P,Vivo Kitenge Wide Leg Pants,Vivo Kitenge Wide Leg Pants - Ashai,VE0032PR9PR9M,60042931,Vivo,Bottoms,Full Length Pants,Retired,2250.0,0,0,0,1,1
VE0032P,Vivo Kitenge Wide Leg Pants,Vivo Kitenge Wide Leg Pants - Ashai,VE0032PR9PR92X,60042934,Vivo,Bottoms,Full Length Pants,Retired,2250.0,0,0,0,1,1
VE0032P,Vivo Kitenge Wide Leg Pants,Vivo Kitenge Wide Leg Pants - Blue / Pink Azizi Print,VE0032PR14M,60059230,Vivo,Bottoms,Full Length Pants,Retired,2250.0,3.0,3.0,1.0,1,8
VE0032P,Vivo Kitenge Wide Leg Pants,Vivo Kitenge Wide Leg Pants - Blue / Pink Azizi Print,VE0032PR14S,60059229,Vivo,Bottoms,Full Length Pants,Retired,2250.0,0,0,2.0,0,2
VE0032P,Vivo Kitenge Wide Leg Pants,Vivo Kitenge Wide Leg Pants - Green / Black Adia Print,VE0032PR15S,60059233,Vivo,Bottoms,Full Length Pants,Retired,4500.0,0,2.0,0,0,2
VE0032P,Vivo Kitenge Wide Leg Pants,Vivo Kitenge Wide Leg Pants - Green / Black Adia Print,VE0032PR15M,60059234,Vivo,Bottoms,Full Length Pants,Retired,4500.0,0,0,0,1,1
VE0032P,Vivo Kitenge Wide Leg Pants,Vivo Kitenge Wide Leg Pants - Juja,VE0032PR13M,60050270,Vivo,Bottoms,Full Length Pants,Retired,4500.0,0,0,0,2,2
VE0032P,Vivo Kitenge Wide Leg Pants,Vivo Kitenge Wide Leg Pants - Juja,VE0032PR13L,60050271,Vivo,Bottoms,Full Length Pants,Retired,4500.0,0,1.0,0,1,2
VE0032P,Vivo Kitenge Wide Leg Pants,Vivo Kitenge Wide Leg Pants - Juja,VE0032PR131X,60050272,Vivo,Bottoms,Full Length Pants,Retired,4500.0,0,0,0,1,1
VE0032P,Vivo Kitenge Wide Leg Pants,Vivo Kitenge Wide Leg Pants - Juja,VE0032PR13S,60050269,Vivo,Bottoms,Full Length Pants,Retired,4500.0,0,0,0,1,1
VE0032P,Vivo Kitenge Wide Leg Pants,Vivo Kitenge Wide Leg Pants - Lashi,VE0032PR10M,60042938,Vivo,Bottoms,Full Length Pants,Retired,2250.0,0,0,1.0,2,3
VE0032P,Vivo Kitenge Wide Leg Pants,Vivo Kitenge Wide Leg Pants - Maroon / Pink Ara Print,VE0032PR17S,60059241,Vivo,Bottoms,Full Length Pants,Retired,4500.0,0,2.0,0,0,2
VE0032P,Vivo Kitenge Wide Leg Pants,Vivo Kitenge Wide Leg Pants - Maroon / Pink Ara Print,VE0032PR17M,60059242,Vivo,Bottoms,Full Length Pants,Retired,4500.0,0,8.0,0,1,9
VE0032P,Vivo Kitenge Wide Leg Pants,Vivo Kitenge Wide Leg Pants - Navy / Brown Chiku Print,VE0032PR19S,60059249,Vivo,Bottoms,Full Length Pants,Retired,4500.0,0,1.0,0,1,2
VE0032P,Vivo Kitenge Wide Leg Pants,Vivo Kitenge Wide Leg Pants - Navy / Brown Chiku Print,VE0032PR19M,60059250,Vivo,Bottoms,Full Length Pants,Retired,4500.0,0,2.0,0,1,3
VE0032P,Vivo Kitenge Wide Leg Pants,Vivo Kitenge Wide Leg Pants - Navy / Pink Bakari Print,VE0032PR16M,60059238,Vivo,Bottoms,Full Length Pants,Retired,4500.0,0,1.0,0,1,2
VE0032P,Vivo Kitenge Wide Leg Pants,Vivo Kitenge Wide Leg Pants - Navy / Pink Bakari Print,VE0032PR16S,60059237,Vivo,Bottoms,Full Length Pants,Retired,4500.0,0,0,0,1,1
VE0032P,Vivo Kitenge Wide Leg Pants,Vivo Kitenge Wide Leg Pants - Sipo,VE0032PR11M,60042945,Vivo,Bottoms,Full Length Pants,Retired,1850.0,0,0,0,1,1
VE0032P,Vivo Kitenge Wide Leg Pants,Vivo Kitenge Wide Leg Pants - Sipo,VE0032PR11S,60042944,Vivo,Bottoms,Full Length Pants,Retired,1850.0,0,0,0,1,1
VE0032P,Vivo Kitenge Wide Leg Pants,Vivo Kitenge Wide Leg Pants - Sipo,VE0032PR11L,60042946,Vivo,Bottoms,Full Length Pants,Retired,1850.0,0,0,0,1,1
VE0034A,Vivo Shorts,Vivo Shorts - Atbara,VE0034ATB3X,90000935,Vivo,Bottoms,Shorts & Skorts,Retired,3550.0,0,0,1,0,1
VE0034A,Vivo Shorts,Vivo Shorts - Atbara,VE0034ATBXS,90000372,Vivo,Bottoms,Shorts & Skorts,Retired,3550.0,0,0,1,0,1
VE0034A,Vivo Shorts,Vivo Shorts - Atbara,VE0034ATB4X,90000936,Vivo,Bottoms,Shorts & Skorts,Retired,3550.0,0,0,1,0,1
VE0034K,Vivo Shorts,Vivo Shorts - Kidal,VE0034KIDXS,90000371,Vivo,Bottoms,Shorts & Skorts,Retired,2450.0,0,0,0,1,1
VE0034K,Vivo Shorts,Vivo Shorts - Kidal,VE0034KID4X,90000922,Vivo,Bottoms,Shorts & Skorts,Retired,2450.0,1.0,0,0,0,1
VE0034M,Vivo Shorts,Vivo Shorts - Moabi,VE0034MOAXS,90000357,Vivo,Bottoms,Shorts & Skorts,Retired,2450.0,0,0,0,1,1
VE0034M,Vivo Shorts,Vivo Shorts - Moabi,VE0034MOA3X,90000949,Vivo,Bottoms,Shorts & Skorts,Retired,2450.0,0,0,1,0,1
VE0034M,Vivo Shorts,Vivo Shorts - Moabi,VE0034MOA4X,90000950,Vivo,Bottoms,Shorts & Skorts,Retired,2450.0,0,0,1,0,1
VE0034M,Vivo Shorts,Vivo Shorts - Mvua,VE0034MVUS,90000895,Vivo,Bottoms,Shorts & Skorts,Retired,2450.0,0,0,0,1,1
VE0034M,Vivo Shorts,Vivo Shorts - Mvua,VE0034MVU3X,90000900,Vivo,Bottoms,Shorts & Skorts,Retired,2450.0,0,0,0,1,1
VE0034S,Vivo Shorts,Vivo Shorts - Savannah,VE0034SAVXS,90000358,Vivo,Bottoms,Shorts & Skorts,Retired,2450.0,0,0,0,2,2
VE0041A,Vivo Sleeveless Blazer,Vivo Sleeveless Blazer - Asmara,VE0041ASM4X,90001045,Vivo,Outerwear,Jackets & Coats,Retired,3950.0,0,3.0,0,1,4
VE0041A,Vivo Sleeveless Blazer,Vivo Sleeveless Blazer - Asmara,VE0041ASM2X,90001043,Vivo,Outerwear,Jackets & Coats,Retired,3950.0,0,0,0,1,1
VE0041M,Vivo Sleeveless Blazer,Vivo Sleeveless Blazer - Manda,VE0041MANM,90001047,Vivo,Outerwear,Jackets & Coats,Retired,2750.0,0,0,0,1,1
VE0041M,Vivo Sleeveless Blazer,Vivo Sleeveless Blazer - Marula,VE0041MAR4X,90001038,Vivo,Outerwear,Jackets & Coats,Retired,2750.0,0,0,0,1,1
VE0042P,Vivo Kitenge Bubble Sleeve Tent Dress,Vivo Kitenge Bubble Sleeve Tent Dress - Lashi Print,VE0042PR101X,60042511,Vivo,Dresses,Knee Length Dresses,Retired,3650.0,0,0,1.0,0,1
VE0042P,Vivo Kitenge Bubble Sleeve Tent Dress,Vivo Kitenge Bubble Sleeve Tent Dress - Lashi Print,VE0042PR10M,60042509,Vivo,Dresses,Knee Length Dresses,Retired,3650.0,0,0,1.0,0,1
VE0049P,Vivo Kitenge Midi Kimono,Vivo Kitenge Midi Kimono - Shama Print,VE0049PR11X/2X,60042276,Vivo,Outerwear,Waterfalls & Kimonos,Retired,3450.0,0,0,0,1,1
VE0049P,Vivo Kitenge Midi Kimono,Vivo Kitenge Midi Kimono - Shama Print,VE0049PR1M/L,60042275,Vivo,Outerwear,Waterfalls & Kimonos,Retired,3450.0,1.0,0,0,0,1
VE0049P,Vivo Kitenge Midi Kimono,Vivo Kitenge Midi Kimono - Tana Print,VE0049PR4XS/S,60044693,Vivo,Outerwear,Waterfalls & Kimonos,Retired,1750.0,0,0,0,1,1
VE0050B,Vivo Joggers,Vivo Joggers - Benue,VE0050BEN3X,90001560,Vivo,Bottoms,Full Length Pants,Retired,2750.0,0,0,1,0,1
VE0050B,Vivo Joggers,Vivo Joggers - Benue,VE0050BENM,90001556,Vivo,Bottoms,Full Length Pants,Retired,2750.0,0,0,0,1,1
VE0050B,Vivo Joggers,Vivo Joggers - Benue,VE0050BENS,90001555,Vivo,Bottoms,Full Length Pants,Retired,2750.0,0,0,1,0,1
VE0050L,Vivo Joggers,Vivo Joggers - Lamu,VE0050LAM4X,90001589,Vivo,Bottoms,Full Length Pants,Retired,3900.0,0,0,1,0,1
VE0050L,Vivo Joggers,Vivo Joggers - Lamu,VE0050LAMM,90001584,Vivo,Bottoms,Full Length Pants,Retired,3900.0,0,0,1,0,1
VE0050N,Vivo Joggers,Vivo Joggers - Nile,VE0050NILS,90001569,Vivo,Bottoms,Full Length Pants,Retired,2750.0,0,0,0,1,1
VE0050N,Vivo Joggers,Vivo Joggers - Nile,VE0050NIL4X,90001575,Vivo,Bottoms,Full Length Pants,Retired,2750.0,0,0,0,1,1
VE0050N,Vivo Joggers,Vivo Joggers - Nile,VE0050NILXS,90000174,Vivo,Bottoms,Full Length Pants,Retired,2750.0,0,0,0,1,1
VE0050S,Vivo Joggers,Vivo Joggers - Sabie,VE0050SAB4X,90001568,Vivo,Bottoms,Full Length Pants,Retired,1350.0,0,0,0,1,1
VE0050S,Vivo Joggers,Vivo Joggers - Sabie,VE0050SAB1X,90001565,Vivo,Bottoms,Full Length Pants,Retired,1350.0,0,0,0,1,1
VE0050S,Vivo Joggers,Vivo Joggers - Sabie,VE0050SAB3X,90001567,Vivo,Bottoms,Full Length Pants,Retired,1350.0,0,0,0,1,1
VE0054B,Vivo Nimali Satin Halter Top,Vivo Nimali Satin Halter Top - Black,VE0054BLA3X,90001176,Vivo,Tops,Fitted Tops,Retired,1750.0,0,0,1.0,0,1
VE0054D,Vivo Nimali Satin Halter Top,Vivo Nimali Satin Halter Top - Dark Green,VE0054DAGR4X,90001193,Vivo,Tops,Fitted Tops,Retired,1750.0,0,0,0,1,1
VE0054L,Vivo Nimali Satin Halter Top,Vivo Nimali Satin Halter Top - Lilac,VE0054LIL4X,90001209,Vivo,Tops,Fitted Tops,Retired,950.0,0,0,0,1,1
VE0054L,Vivo Nimali Satin Halter Top,Vivo Nimali Satin Halter Top - Lilac,VE0054LILS,90001203,Vivo,Tops,Fitted Tops,Retired,950.0,0,0,0,1,1
VE0054P,Vivo Nimali Satin Halter Top,Vivo Nimali Satin Halter Top - Purple,VE0054PURM,90001212,Vivo,Tops,Fitted Tops,Retired,1350.0,0,0,0,1,1
VE0055B,Vivo Nimali Satin Joggers,Vivo Nimali Satin Joggers - Blue,VE0055BLUS,90001233,Vivo,Bottoms,Full Length Pants,Retired,1450.0,1.0,0,0,1,2
VE0055B,Vivo Nimali Satin Joggers,Vivo Nimali Satin Joggers - Blue,VE0055BLUXS,90000213,Vivo,Bottoms,Full Length Pants,Retired,1450.0,1.0,0,0,1,2
VE0055B,Vivo Nimali Satin Joggers,Vivo Nimali Satin Joggers - Blue,VE0055BLU3X,90001238,Vivo,Bottoms,Full Length Pants,Retired,1450.0,1.0,0,0,1,2
VE0055B,Vivo Nimali Satin Joggers,Vivo Nimali Satin Joggers - Blue,VE0055BLUM,90001234,Vivo,Bottoms,Full Length Pants,Retired,1450.0,0,0,0,1,1
VE0055B,Vivo Nimali Satin Joggers,Vivo Nimali Satin Joggers - Blue,VE0055BLU4X,90001239,Vivo,Bottoms,Full Length Pants,Retired,1450.0,1.0,0,0,1,2
VE0055D,Vivo Nimali Satin Joggers,Vivo Nimali Satin Joggers - Dark Green,VE0055DAGRS,90001254,Vivo,Bottoms,Full Length Pants,Retired,1450.0,0,0,0,2,2
VE0055G,Vivo Nimali Satin Joggers,Vivo Nimali Satin Joggers - Gold,VE0055GOLS,90001261,Vivo,Bottoms,Full Length Pants,Retired,1450.0,0,0,0,1,1
VE0055G,Vivo Nimali Satin Joggers,Vivo Nimali Satin Joggers - Gold,VE0055GOL4X,90001267,Vivo,Bottoms,Full Length Pants,Retired,1450.0,0,0,0,1,1
VE0055G,Vivo Nimali Satin Joggers,Vivo Nimali Satin Joggers - Gold,VE0055GOLXS,90000219,Vivo,Bottoms,Full Length Pants,Retired,1450.0,0,0,0,2,2
VE0055G,Vivo Nimali Satin Joggers,Vivo Nimali Satin Joggers - Gold,VE0055GOLM,90001262,Vivo,Bottoms,Full Length Pants,Retired,1450.0,0,1.0,0,2,3
VE0055G,Vivo Nimali Satin Joggers,Vivo Nimali Satin Joggers - Grey,VE0055GRE3X,90001273,Vivo,Bottoms,Full Length Pants,Retired,1450.0,1.0,0,0,1,2
VE0055G,Vivo Nimali Satin Joggers,Vivo Nimali Satin Joggers - Grey,VE0055GRE4X,90001274,Vivo,Bottoms,Full Length Pants,Retired,1450.0,1.0,0,0,1,2
VE0055G,Vivo Nimali Satin Joggers,Vivo Nimali Satin Joggers - Grey,VE0055GRE1X,90001271,Vivo,Bottoms,Full Length Pants,Retired,1450.0,0,0,0,1,1
VE0055G,Vivo Nimali Satin Joggers,Vivo Nimali Satin Joggers - Grey,VE0055GREXS,90000214,Vivo,Bottoms,Full Length Pants,Retired,1450.0,0,0,0,1,1
VE0055G,Vivo Nimali Satin Joggers,Vivo Nimali Satin Joggers - Grey,VE0055GRES,90001268,Vivo,Bottoms,Full Length Pants,Retired,1450.0,1.0,2.0,0,1,4
VE0055G,Vivo Nimali Satin Joggers,Vivo Nimali Satin Joggers - Grey,VE0055GREM,90001269,Vivo,Bottoms,Full Length Pants,Retired,1450.0,1.0,2.0,0,1,4
VE0055G,Vivo Nimali Satin Joggers,Vivo Nimali Satin Joggers - Grey,VE0055GREL,90001270,Vivo,Bottoms,Full Length Pants,Retired,1450.0,0,1.0,0,1,2
VE0055L,Vivo Nimali Satin Joggers,Vivo Nimali Satin Joggers - Lilac,VE0055LIL4X,90001281,Vivo,Bottoms,Full Length Pants,Retired,1450.0,1.0,0,0,1,2
VE0055L,Vivo Nimali Satin Joggers,Vivo Nimali Satin Joggers - Lilac,VE0055LIL2X,90001279,Vivo,Bottoms,Full Length Pants,Retired,1450.0,0,0,0,1,1
VE0055L,Vivo Nimali Satin Joggers,Vivo Nimali Satin Joggers - Lilac,VE0055LIL3X,90001280,Vivo,Bottoms,Full Length Pants,Retired,1450.0,0,0,0,1,1
VE0055L,Vivo Nimali Satin Joggers,Vivo Nimali Satin Joggers - Lilac,VE0055LILM,90001276,Vivo,Bottoms,Full Length Pants,Retired,1450.0,2.0,0,1.0,1,4
VE0055L,Vivo Nimali Satin Joggers,Vivo Nimali Satin Joggers - Lilac,VE0055LILXS,90000215,Vivo,Bottoms,Full Length Pants,Retired,1450.0,1.0,0,0,1,2
VE0055L,Vivo Nimali Satin Joggers,Vivo Nimali Satin Joggers - Lilac,VE0055LILS,90001275,Vivo,Bottoms,Full Length Pants,Retired,1450.0,1.0,0,0,1,2
VE0055P,Vivo Nimali Satin Joggers,Vivo Nimali Satin Joggers - Pink,VE0055PIN3X,90001287,Vivo,Bottoms,Full Length Pants,Retired,1450.0,0,0,0,1,1
VE0055P,Vivo Nimali Satin Joggers,Vivo Nimali Satin Joggers - Pink,VE0055PINXS,90000212,Vivo,Bottoms,Full Length Pants,Retired,1450.0,1.0,0,0,1,2
VE0055P,Vivo Nimali Satin Joggers,Vivo Nimali Satin Joggers - Pink,VE0055PIN4X,90001288,Vivo,Bottoms,Full Length Pants,Retired,1450.0,0,0,0,1,1
VE0055P,Vivo Nimali Satin Joggers,Vivo Nimali Satin Joggers - Pink,VE0055PINS,90001282,Vivo,Bottoms,Full Length Pants,Retired,1450.0,1.0,0,0,1,2
VE0055P,Vivo Nimali Satin Joggers,Vivo Nimali Satin Joggers - Pink,VE0055PINM,90001283,Vivo,Bottoms,Full Length Pants,Retired,1450.0,1.0,2.0,0,1,4
VE0055R,Vivo Nimali Satin Joggers,Vivo Nimali Satin Joggers - Red,VE0055REDXS,90000218,Vivo,Bottoms,Full Length Pants,Retired,1450.0,0,0,0,1,1
VE0055R,Vivo Nimali Satin Joggers,Vivo Nimali Satin Joggers - Red,VE0055REDL,90001291,Vivo,Bottoms,Full Length Pants,Retired,1450.0,0,0,0,1,1
VE0055R,Vivo Nimali Satin Joggers,Vivo Nimali Satin Joggers - Red,VE0055RED4X,90001295,Vivo,Bottoms,Full Length Pants,Retired,1450.0,1.0,0,0,1,2
VE0055R,Vivo Nimali Satin Joggers,Vivo Nimali Satin Joggers - Red,VE0055RED3X,90001294,Vivo,Bottoms,Full Length Pants,Retired,1450.0,0,0,0,1,1
VE0055R,Vivo Nimali Satin Joggers,Vivo Nimali Satin Joggers - Red,VE0055REDM,90001290,Vivo,Bottoms,Full Length Pants,Retired,1450.0,0,0,0,1,1
VE0055R,Vivo Nimali Satin Joggers,Vivo Nimali Satin Joggers - Red,VE0055REDS,90001289,Vivo,Bottoms,Full Length Pants,Retired,1450.0,1.0,1.0,0,2,4
VE0055R,Vivo Nimali Satin Joggers,Vivo Nimali Satin Joggers - Rust,VE0055RUSS,90001296,Vivo,Bottoms,Full Length Pants,Retired,1450.0,0,0,0,1,1
VE0055R,Vivo Nimali Satin Joggers,Vivo Nimali Satin Joggers - Rust,VE0055RUS3X,90001301,Vivo,Bottoms,Full Length Pants,Retired,1450.0,0,0,0,1,1
VE0055W,Vivo Nimali Satin Joggers,Vivo Nimali Satin Joggers - White,VE0055WHIXS,90000216,Vivo,Bottoms,Full Length Pants,Retired,2050.0,0,0,0,1,1
VE0060D,Vivo Nimali Satin Flounce Kimono,Vivo Nimali Satin Flounce Kimono - Dawn,VE0060DAWF,90000234,Vivo,Outerwear,Waterfalls & Kimonos,Retired,4150.0,2.0,0,1,1,4
VE0060L,Vivo Nimali Satin Flounce Kimono,Vivo Nimali Satin Flounce Kimono - Lilac,VE0060LILF,60039206,Vivo,Outerwear,Waterfalls & Kimonos,Retired,2350.0,1.0,0,0,2,3
VE0060P,Vivo Nimali Satin Flounce Kimono,Vivo Nimali Satin Flounce Kimono - Pink,VE0060PINF,60039211,Vivo,Outerwear,Waterfalls & Kimonos,Retired,4150.0,1.0,0,0,1,2
VE0060P,Vivo Nimali Satin Flounce Kimono,Vivo Nimali Satin Flounce Kimono - Purple,VE0060PURF,60039208,Vivo,Outerwear,Waterfalls & Kimonos,Retired,1650.0,0,0,0,1,1
VE0078B,Vivo Essentials Drop Shoulder Top,Vivo Essentials Drop Shoulder Top - Blue,VE0078BLUS,90001670,Vivo,Tops,Loose Tops,Retired,2500.0,1.0,0,0,0,1
VE0078Y,Vivo Essentials Drop Shoulder Top,Vivo Essentials Drop Shoulder Top - Yellow,VE0078YEL1X,90001677,Vivo,Tops,Loose Tops,Retired,1750.0,0,0,0,1,1
VE00NAT,Vivo Joggers,Vivo Joggers - Natal,VE00NAT4X,90001596,Vivo,Bottoms,Full Length Pants,Retired,3900.0,0,0,1,0,1
VE00NAT,Vivo Joggers,Vivo Joggers - Natal,VE00NAT3X,90001595,Vivo,Bottoms,Full Length Pants,Retired,3900.0,0,0,1,0,1
Z0123051,Zoya Party Strappy One Shoulder Midi Dress,Zoya Party Strappy One Shoulder Midi Dress - Black,Z0123051BLAM,60014845,Zoya,Dresses,Midi & Capri Dresses,Retired,700.0,0,0,0,1,1
Z0123053,Zoya Party Sleeveless Side Cut Midi Dress,Zoya Party Sleeveless Side Cut Midi Dress - Purple,Z0123053PURXS,60014673,Zoya,Dresses,Midi & Capri Dresses,Retired,500.0,0,0,0,1,1
Z0124037,Zoya Luna Halter Neck Top,Zoya Luna Halter Neck Top - Black,Z0124037BLAS,60032232,Zoya,Tops,Midriff & Crop Tops,Retired,1750.0,0,0,0,1,1
Z0124037,Zoya Luna Halter Neck Top,Zoya Luna Halter Neck Top - Black,Z0124037BLAL,60032234,Zoya,Tops,Midriff & Crop Tops,Retired,1750.0,0,2.0,0,0,2
Z0124037,Zoya Luna Halter Neck Top,Zoya Luna Halter Neck Top - Black,Z0124037BLA4X,60032238,Zoya,Tops,Midriff & Crop Tops,Retired,1750.0,0,0,0,2,2
Z0124037,Zoya Luna Halter Neck Top,Zoya Luna Halter Neck Top - Black,Z0124037BLA3X,60032237,Zoya,Tops,Midriff & Crop Tops,Retired,1750.0,0,0,0,2,2
Z0124037,Zoya Luna Halter Neck Top,Zoya Luna Halter Neck Top - Black,Z0124037BLA1X,60032235,Zoya,Tops,Midriff & Crop Tops,Retired,1750.0,0,0,0,2,2
Z0124037,Zoya Luna Halter Neck Top,Zoya Luna Halter Neck Top - Black,Z0124037BLA2X,60032236,Zoya,Tops,Midriff & Crop Tops,Retired,1750.0,0,0,0,1,1
Z0124037,Zoya Luna Halter Neck Top,Zoya Luna Halter Neck Top - Black,Z0124037BLAM,60032233,Zoya,Tops,Midriff & Crop Tops,Retired,1750.0,0,2.0,0,0,2
Z0124037,Zoya Luna Halter Neck Top,Zoya Luna Halter Neck Top - Black,Z0124037BLAXS,60032231,Zoya,Tops,Midriff & Crop Tops,Retired,1750.0,0,1.0,0,0,1
Z0124037,Zoya Luna Halter Neck Top,Zoya Luna Halter Neck Top -Navy,Z0124037NAVM,60032242,Zoya,Tops,Midriff & Crop Tops,Retired,900.0,0,0,0,3,3
Z0124037,Zoya Luna Halter Neck Top,Zoya Luna Halter Neck Top -Navy,Z0124037NAV2X,60032245,Zoya,Tops,Midriff & Crop Tops,Retired,900.0,0,0,0,1,1
Z0124037,Zoya Luna Halter Neck Top,Zoya Luna Halter Neck Top -Navy,Z0124037NAVL,60032243,Zoya,Tops,Midriff & Crop Tops,Retired,900.0,0,0,0,1,1
Z0124037,Zoya Luna Halter Neck Top,Zoya Luna Halter Neck Top -Navy,Z0124037NAVS,60032241,Zoya,Tops,Midriff & Crop Tops,Retired,900.0,0,2.0,0,0,2
Z0124037,Zoya Luna Halter Neck Top,Zoya Luna Halter Neck Top -Navy,Z0124037NAVXS,60032240,Zoya,Tops,Midriff & Crop Tops,Retired,900.0,0,2.0,0,0,2
Z0124039,Zoya Luna Drape Tie Top,Zoya Luna Drape Tie Top - Dark Blue,Z0124039DBLUM/L,60035042,Zoya,Tops,Loose Tops,Retired,1050.0,0,0,1.0,9,10
Z0124039,Zoya Luna Drape Tie Top,Zoya Luna Drape Tie Top - Pink,Z0124039PINM/L,60035047,Zoya,Tops,Loose Tops,Retired,950.0,0,0,0,6,6
Z0124041,Zoya Luna High Slit Dress,Zoya Luna High Slit Dress - Navy,Z0124041NAV1X,60032226,Zoya,Dresses,Maxi Dresses,Retired,550.0,0,0,0,1,1
Z0124041,Zoya Luna High Slit Dress,Zoya Luna High Slit Dress - Navy,Z0124041NAV3X,60032228,Zoya,Dresses,Maxi Dresses,Retired,550.0,0,0,0,1,1
Z0124041,Zoya Luna High Slit Dress,Zoya Luna High Slit Dress - Navy,Z0124041NAVS,60032223,Zoya,Dresses,Maxi Dresses,Retired,550.0,0,0,0,1,1
Z0124042,Zoya Luna Drawstring Maxi Dress,Zoya Luna Drawstring Maxi Dress - Black,Z0124042BLA3X,60032188,Zoya,Dresses,Maxi Dresses,Retired,550.0,0,0,0,1,1
Z0124042,Zoya Luna Drawstring Maxi Dress,Zoya Luna Drawstring Maxi Dress - Black,Z0124042BLA2X,60032187,Zoya,Dresses,Maxi Dresses,Retired,550.0,0,0,0,1,1
Z0124042,Zoya Luna Drawstring Maxi Dress,Zoya Luna Drawstring Maxi Dress - Black,Z0124042BLAL,60032185,Zoya,Dresses,Maxi Dresses,Retired,550.0,0,0,0,1,1
Z0124042,Zoya Luna Drawstring Maxi Dress,Zoya Luna Drawstring Maxi Dress - Black,Z0124042BLA4X,60032189,Zoya,Dresses,Maxi Dresses,Retired,550.0,0,0,0,1,1
Z0124042,Zoya Luna Drawstring Maxi Dress,Zoya Luna Drawstring Maxi Dress - Navy,Z0124042NAVL,60032193,Zoya,Dresses,Maxi Dresses,Retired,2950.0,0,0,0,1,1
Z0124042,Zoya Luna Drawstring Maxi Dress,Zoya Luna Drawstring Maxi Dress - Navy,Z0124042NAVM,60032192,Zoya,Dresses,Maxi Dresses,Retired,2950.0,0,0,0,1,1
Z0124042,Zoya Luna Drawstring Maxi Dress,Zoya Luna Drawstring Maxi Dress - Navy,Z0124042NAV4X,60032197,Zoya,Dresses,Maxi Dresses,Retired,2950.0,0,0,0,1,1
Z0124043,Zoya Luna Cargo Pants,Zoya Luna Cargo Pants - Dark Green,Z0124043DGRNM,60057407,Zoya,Bottoms,Full Length Pants,Retired,1050.0,0,0,2.0,0,2
Z0124043,Zoya Luna Cargo Pants,Zoya Luna Cargo Pants - Dark Green,Z0124043DGRNXS,60057405,Zoya,Bottoms,Full Length Pants,Retired,1050.0,0,0,0,2,2
Z0124043,Zoya Luna Cargo Pants,Zoya Luna Cargo Pants - Dark Green,Z0124043DGRNS,60057406,Zoya,Bottoms,Full Length Pants,Retired,1050.0,0,0,1.0,0,1
Z0124043,Zoya Luna Cargo Pants,Zoya Luna Cargo Pants - Mustard,Z0124043MUSM,60034217,Zoya,Bottoms,Full Length Pants,Retired,1050.0,0,0,0,1,1
Z0124043,Zoya Luna Cargo Pants,Zoya Luna Cargo Pants - Mustard,Z0124043MUSXS,60034215,Zoya,Bottoms,Full Length Pants,Retired,1050.0,0,0,0,1,1
Z0124043,Zoya Luna Cargo Pants,Zoya Luna Cargo Pants - Navy Blue,Z0124043NAB4X,60032927,Zoya,Bottoms,Full Length Pants,Retired,750.0,0,0,0,1,1
Z0124043,Zoya Luna Cargo Pants,Zoya Luna Cargo Pants - Red,Z0124043REDXS,60057425,Zoya,Bottoms,Full Length Pants,Retired,1150.0,0,0,1.0,0,1
Z0125019,Zoya Sadira Ribbed Top,Zoya Sadira Ribbed Top - Light Grey,Z0125019LIGXS,60051449,Zoya,Tops,Fitted Tops,Retired,2250.0,0,0,0,1,1
Z0125019,Zoya Sadira Ribbed Top,Zoya Sadira Ribbed Top - Light Grey,Z0125019LIGL,60051291,Zoya,Tops,Fitted Tops,Retired,2250.0,0,2.0,0,1,3
Z0125019,Zoya Sadira Ribbed Top,Zoya Sadira Ribbed Top - Light Grey,Z0125019LIG1X,60051293,Zoya,Tops,Fitted Tops,Retired,2250.0,0,1.0,0,1,2
Z0125019,Zoya Sadira Ribbed Top,Zoya Sadira Ribbed Top - Light Grey,Z0125019LIGM,60051292,Zoya,Tops,Fitted Tops,Retired,2250.0,0,0,0,1,1
Z0125019,Zoya Sadira Ribbed Top,Zoya Sadira Ribbed Top - Light Grey,Z0125019LIGS,60051286,Zoya,Tops,Fitted Tops,Retired,2250.0,0,2.0,0,1,3
Z0125020,Zoya Sadira Strappy Bodysuit,Zoya Sadira Strappy Bodysuit - Navy Blue,Z0125020NAVXS,60051430,Zoya,Tops,Bodysuits,Retired,1950.0,0,0,0,1,1
Z0125020,Zoya Sadira Strappy Bodysuit,Zoya Sadira Strappy Bodysuit - Navy Blue,Z0125020NAVS,60051307,Zoya,Tops,Bodysuits,Retired,1950.0,0,0,0,1,1
Z0125020,Zoya Sadira Strappy Bodysuit,Zoya Sadira Strappy Bodysuit - Navy Blue,Z0125020NAV1X,60051310,Zoya,Tops,Bodysuits,Retired,1950.0,0,0,0,1,1
Z0125020,Zoya Sadira Strappy Bodysuit,Zoya Sadira Strappy Bodysuit - White,Z0125020WHIS,60051303,Zoya,Tops,Bodysuits,Retired,1950.0,0,0,0,1,1
Z0125020,Zoya Sadira Strappy Bodysuit,Zoya Sadira Strappy Bodysuit - White,Z0125020WHIXS,60051429,Zoya,Tops,Bodysuits,Retired,1950.0,0,0,0,1,1
Z0125020,Zoya Sadira Strappy Bodysuit,Zoya Sadira Strappy Bodysuit - White,Z0125020WHIM,60051304,Zoya,Tops,Bodysuits,Retired,1950.0,0,1.0,0,1,2
Z0125020,Zoya Sadira Strappy Bodysuit,Zoya Sadira Strappy Bodysuit - White,Z0125020WHI1X,60051306,Zoya,Tops,Bodysuits,Retired,1950.0,0,0,0,1,1
Z0125022,Zoya Sadira Midriff Polo T-Shirt,Zoya Sadira Midriff Polo T-Shirt - Light Grey,Z0125022LIGREYL,60051418,Zoya,Tops,T-shirts & Tank Tops,Retired,1050.0,0,0,0,1,1
Z0125022,Zoya Sadira Midriff Polo T-Shirt,Zoya Sadira Midriff Polo T-Shirt - Light Grey,Z0125022LIGREY1X,60051419,Zoya,Tops,T-shirts & Tank Tops,Retired,1050.0,0,0,0,1,1
Z0125023,Zoya Sadira Men's Polo T-Shirt,Zoya Sadira Men's Polo T-Shirt - Grey,Z0125023GREYS,60051483,Zoya,Tops,Men's Tops,Retired,1950.0,0,0,1.0,0,1
Z0125023,Zoya Sadira Men's Polo T-Shirt,Zoya Sadira Men's Polo T-Shirt - Grey,Z0125023GREYM,60051484,Zoya,Tops,Men's Tops,Retired,1950.0,0,0,2.0,0,2
Z0125024,Zoya Sadira Men's Long Sleeve T Shirt,Zoya Sadira Men's Long Sleeve T Shirt - Black,Z0125024BLAL,60051523,Zoya,Tops,Men's Tops,Retired,1750.0,0,0,0,2,2
Z0125024,Zoya Sadira Men's Long Sleeve T Shirt,Zoya Sadira Men's Long Sleeve T Shirt - Black,Z0125024BLAM,60051522,Zoya,Tops,Men's Tops,Retired,1750.0,0,0,0,1,1
Z0125024,Zoya Sadira Men's Long Sleeve T Shirt,Zoya Sadira Men's Long Sleeve T Shirt - Light Blue,Z0125024LIBS,60051517,Zoya,Tops,Men's Tops,Retired,1750.0,0,0,0,1,1
Z0125024,Zoya Sadira Men's Long Sleeve T Shirt,Zoya Sadira Men's Long Sleeve T Shirt - Light Blue,Z0125024LIB1X,60051520,Zoya,Tops,Men's Tops,Retired,1750.0,0,0,0,1,1
Z0125025,Zoya Sadira Mini Bubble Dress,Zoya Sadira Mini Bubble Dress - Hunters,Z0125025HUNS,60051279,Zoya,Dresses,Short & Mini Dresses,Retired,2250.0,0,0,0,1,1
Z0125025,Zoya Sadira Mini Bubble Dress,Zoya Sadira Mini Bubble Dress - Hunters,Z0125025HUNXS,60051442,Zoya,Dresses,Short & Mini Dresses,Retired,2250.0,0,1.0,0,2,3
Z0125026,Zoya Sadira Mini Cargo Skirt,Zoya Sadira Mini Cargo Skirt - Hunters,Z0125026HUNTM,60051397,Zoya,Skirts,Short & Mini Skirts,Retired,1950.0,0,2.0,0,2,4
Z0125026,Zoya Sadira Mini Cargo Skirt,Zoya Sadira Mini Cargo Skirt - Hunters,Z0125026HUNTS,60051396,Zoya,Skirts,Short & Mini Skirts,Retired,1950.0,0,0,0,6,6
Z0125026,Zoya Sadira Mini Cargo Skirt,Zoya Sadira Mini Cargo Skirt - Hunters,Z0125026HUNTL,60051398,Zoya,Skirts,Short & Mini Skirts,Retired,1950.0,0,0,0,1,1
Z0125026,Zoya Sadira Mini Cargo Skirt,Zoya Sadira Mini Cargo Skirt - Taupe,Z0125026TAUP1X,60051395,Zoya,Skirts,Short & Mini Skirts,Retired,1950.0,0,0,0,1,1
Z0125026,Zoya Sadira Mini Cargo Skirt,Zoya Sadira Mini Cargo Skirt - Taupe,Z0125026TAUPXS,60051440,Zoya,Skirts,Short & Mini Skirts,Retired,1950.0,0,0,0,2,2
Z0125026,Zoya Sadira Mini Cargo Skirt,Zoya Sadira Mini Cargo Skirt - Taupe,Z0125026TAUPS,60051392,Zoya,Skirts,Short & Mini Skirts,Retired,1950.0,0,0,0,2,2
Z0125027,Zoya Sadira Cargo Shorts,Zoya Sadira Cargo Shorts - Taupe,Z0125027TAUPM,60051401,Zoya,Bottoms,Shorts & Skorts,Retired,1950.0,0,0,0,2,2
Z0125027,Zoya Sadira Cargo Shorts,Zoya Sadira Cargo Shorts - Taupe,Z0125027TAUPS,60051400,Zoya,Bottoms,Shorts & Skorts,Retired,1950.0,0,0,1,1,2
Z0125027,Zoya Sadira Cargo Shorts,Zoya Sadira Cargo Shorts - Taupe,Z0125027TAUPL,60051402,Zoya,Bottoms,Shorts & Skorts,Retired,1950.0,0,0,0,1,1
Z0125028,Zoya Sadira Mens' Chino Shorts,Zoya Sadira Mens' Chino Shorts - Black,Z0125028BLAS,60051460,Zoya,Bottoms,Men's Bottoms,Retired,850.0,0,0,2.0,3,5
Z0125028,Zoya Sadira Mens' Chino Shorts,Zoya Sadira Mens' Chino Shorts - Black,Z0125028BLA1X,60051463,Zoya,Bottoms,Men's Bottoms,Retired,850.0,0,0,0,2,2
Z0125028,Zoya Sadira Mens' Chino Shorts,Zoya Sadira Mens' Chino Shorts - Black,Z0125028BLAL,60051462,Zoya,Bottoms,Men's Bottoms,Retired,850.0,0,0,2.0,8,10
Z0125028,Zoya Sadira Mens' Chino Shorts,Zoya Sadira Mens' Chino Shorts - Black,Z0125028BLAM,60051461,Zoya,Bottoms,Men's Bottoms,Retired,850.0,0,0,3.0,2,5
Z0125029,Zoya Sadira Bell Bottom Unitard,Zoya Sadira Bell Bottom Unitard - Navy Blue,Z0125029NAVBL,60051249,Zoya,Bottoms,Jumpsuits & Playsuits,Retired,450.0,0,0,1.0,0,1
Z0125030,Zoya Sadira Bell Bottom Pants,Zoya Sadira Bell Bottom Pants - Grey,Z0125030GREL,60051480,Zoya,Bottoms,Full Length Pants,Retired,1950.0,0,0,3.0,1,4
Z0125030,Zoya Sadira Bell Bottom Pants,Zoya Sadira Bell Bottom Pants - Grey,Z0125030GRE2X,60051718,Zoya,Bottoms,Full Length Pants,Retired,1950.0,0,0,0,1,1
Z0125030,Zoya Sadira Bell Bottom Pants,Zoya Sadira Bell Bottom Pants - Grey,Z0125030GREM,60051479,Zoya,Bottoms,Full Length Pants,Retired,1950.0,0,0,0,2,2
Z0125030,Zoya Sadira Bell Bottom Pants,Zoya Sadira Bell Bottom Pants - Grey,Z0125030GRES,60051478,Zoya,Bottoms,Full Length Pants,Retired,1950.0,0,2.0,4.0,4,10
Z0125030,Zoya Sadira Bell Bottom Pants,Zoya Sadira Bell Bottom Pants - Grey,Z0125030GRE1X,60051481,Zoya,Bottoms,Full Length Pants,Retired,1950.0,0,0,3.0,2,5
Z0125030,Zoya Sadira Bell Bottom Pants,Zoya Sadira Bell Bottom Pants - Grey,Z0125030GREXS,60051528,Zoya,Bottoms,Full Length Pants,Retired,1950.0,0,0,1.0,2,3
Z0125031,Zoya Sadira Mens' Chino Pants,Zoya Sadira Mens' Chino Pants - Black,Z0125031BLAM,60051456,Zoya,Bottoms,Men's Bottoms,Retired,1950.0,0,0,5.0,9,14
Z0125031,Zoya Sadira Mens' Chino Pants,Zoya Sadira Mens' Chino Pants - Black,Z0125031BLAS,60051455,Zoya,Bottoms,Men's Bottoms,Retired,1950.0,0,0,2.0,4,6
Z0125031,Zoya Sadira Mens' Chino Pants,Zoya Sadira Mens' Chino Pants - Black,Z0125031BLAL,60051457,Zoya,Bottoms,Men's Bottoms,Retired,1950.0,0,0,6.0,10,16
Z0125031,Zoya Sadira Mens' Chino Pants,Zoya Sadira Mens' Chino Pants - Black,Z0125031BLA1X,60051458,Zoya,Bottoms,Men's Bottoms,Retired,1950.0,0,0,2.0,4,6
Z0220060,Zoya Capri Leggings,Zoya Capri Leggings - Black,Z0220060BLAM,40012720,Zoya,Bottoms,Leggings,Retired,350.0,0,0,1.0,0,1
Z0220060,Zoya Capri Leggings,Zoya Capri Leggings - Hunters,Z0220060HUNS,60027552,Zoya,Bottoms,Leggings,Retired,1950.0,0,0,1.0,0,1
Z0220060,Zoya Capri Leggings,Zoya Capri Leggings - Navy Blue,Z0220060NABS,40011967,Zoya,Bottoms,Leggings,Retired,1200.0,1.0,0,11.0,0,12
Z0220060,Zoya Capri Leggings,Zoya Capri Leggings - Navy Blue,Z0220060NABM,40012716,Zoya,Bottoms,Leggings,Retired,1200.0,0,0,2.0,0,2
Z0220118,Zoya Basic Bodycon,Zoya Basic Bodycon - Navy Blue,Z0220118NABXS,40013654,Zoya,Dresses,Short & Mini Dresses,Retired,350.0,0,0,1.0,0,1
Z0220118,Zoya Basic Bodycon,Zoya Basic Bodycon - White,Z0220118WHIXS,60036864,Zoya,Dresses,Short & Mini Dresses,Retired,2100.0,0,0,1.0,0,1
Z0220118,Zoya Basic Bodycon,Zoya Basic Bodycon - White,Z0220118WHIS,60010963,Zoya,Dresses,Short & Mini Dresses,Retired,2100.0,0,0,1.0,0,1
Z0225004,Zoya Vasha Sleeveless Turtleneck Mini Bodycon,Zoya Vasha Sleeveless Turtleneck Mini Bodycon - Green / Yellow,Z0225004GRNYELS,60051866,Zoya,Dresses,Short & Mini Dresses,Retired,1950.0,0,0,0,1,1
Z0225004,Zoya Vasha Sleeveless Turtleneck Mini Bodycon,Zoya Vasha Sleeveless Turtleneck Mini Bodycon - Purple / Yellow,Z0225004PURYELS,60051861,Zoya,Dresses,Short & Mini Dresses,Retired,1950.0,0,1.0,0,3,4
Z0225006,Zoya Vasha Midriff Jacket,Zoya Vasha Midriff Jacket - Black / White Mesh,Z0225006BWMXS/S,60051921,Zoya,Outerwear,Jackets & Coats,Retired,1950.0,0,0,1.0,0,1
Z0225007,Zoya Vasha Hooded Jacket,Zoya Vasha Hooded Jacket - White / Neon Green,Z0225007WNGM/L,60051934,Zoya,Outerwear,Jackets & Coats,Retired,550.0,0,0,0,2,2
Z0225008,Zoya Vasha Short Sleeve Mesh Top,Zoya Vasha Short Sleeve Mesh Top - Neon Pink,Z0225008NEPXS,60052181,Zoya,Tops,Midriff & Crop Tops,Retired,250.0,0,2.0,0,0,2
Z0225009,Zoya Vasha Biker Shorts,Zoya Vasha Biker Shorts - Black,Z0225009BLAS,60051766,Zoya,Bottoms,Shorts & Skorts,Retired,950.0,0,0,0,3,3
Z0225009,Zoya Vasha Biker Shorts,Zoya Vasha Biker Shorts - Black,Z0225009BLAM,60051767,Zoya,Bottoms,Shorts & Skorts,Retired,950.0,0,0,2.0,1,3
Z0225010,Zoya Vasha Track Pants,Zoya Vasha Track Pants - Black,Z0225010BLAXS,60057388,Zoya,Bottoms,Full Length Pants,Retired,450.0,0,0,1.0,0,1
Z0225010,Zoya Vasha Track Pants,Zoya Vasha Track Pants - Black,Z0225010BLAM,60057390,Zoya,Bottoms,Full Length Pants,Retired,450.0,0,0,1.0,0,1
Z0225010,Zoya Vasha Track Pants,Zoya Vasha Track Pants - Khaki,Z0225010KHAXS,60057393,Zoya,Bottoms,Full Length Pants,Retired,750.0,0,0,1.0,0,1
Z0225011,Zoya Vasha Raglan Sleeve Playsuit,Zoya Vasha Raglan Sleeve Playsuit - Green / Yellow,Z0225011GRNYELM,60051873,Zoya,Bottoms,Jumpsuits & Playsuits,Retired,2550.0,0,0,0,2,2
Z0225011,Zoya Vasha Raglan Sleeve Playsuit,Zoya Vasha Raglan Sleeve Playsuit - Green / Yellow,Z0225011GRNYELS,60051872,Zoya,Bottoms,Jumpsuits & Playsuits,Retired,2550.0,0,0,0,2,2
Z0324004,Zoya Taani Side Slit Hoodie,Zoya Taani Side Slit Hoodie - Red,Z0324004REDM/L,60045830,Zoya,Outerwear,Hoodies & Sweatshirts,Retired,3250.0,0,0,1.0,1,2
Z0324004,Zoya Taani Side Slit Hoodie,Zoya Taani Side Slit Hoodie - Red,Z0324004REDXS/S,60045829,Zoya,Outerwear,Hoodies & Sweatshirts,Retired,3250.0,0,0,1.0,0,1
Z0324009,Zoya Taani Sleeveless Midriff Top,Zoya Taani Sleeveless Midriff Top - Navy,Z0324009NAVL,60033550,Zoya,Tops,Midriff & Crop Tops,Retired,150.0,0,0,0,1,1
Z0324012,Zoya Taani Maxi Dress,Zoya Taani Maxi Dress - Black,Z0324012BLA4X,60033747,Zoya,Dresses,Maxi Dresses,Retired,1100.0,0,1.0,0,3,4
Z0324012,Zoya Taani Maxi Dress,Zoya Taani Maxi Dress - Black,Z0324012BLA3X,60033746,Zoya,Dresses,Maxi Dresses,Retired,1100.0,0,0,0,1,1
Z0324012,Zoya Taani Maxi Dress,Zoya Taani Maxi Dress - Navy,Z0324012NAV2X,60033637,Zoya,Dresses,Maxi Dresses,Retired,1100.0,0,2.0,0,2,4
Z0324012,Zoya Taani Maxi Dress,Zoya Taani Maxi Dress - Navy,Z0324012NAV3X,60033638,Zoya,Dresses,Maxi Dresses,Retired,1100.0,0,2.0,0,2,4
Z0324012,Zoya Taani Maxi Dress,Zoya Taani Maxi Dress - Navy,Z0324012NAVS,60033483,Zoya,Dresses,Maxi Dresses,Retired,1100.0,0,0,0,3,3
Z0324012,Zoya Taani Maxi Dress,Zoya Taani Maxi Dress - Navy,Z0324012NAV4X,60033639,Zoya,Dresses,Maxi Dresses,Retired,1100.0,0,2.0,0,2,4
Z0324012,Zoya Taani Maxi Dress,Zoya Taani Maxi Dress - Navy,Z0324012NAVL,60033485,Zoya,Dresses,Maxi Dresses,Retired,1100.0,0,1.0,0,2,3
Z0324012,Zoya Taani Maxi Dress,Zoya Taani Maxi Dress - Navy,Z0324012NAV1X,60033486,Zoya,Dresses,Maxi Dresses,Retired,1100.0,0,0,0,4,4
Z0324012,Zoya Taani Maxi Dress,Zoya Taani Maxi Dress - Navy,Z0324012NAVM,60033484,Zoya,Dresses,Maxi Dresses,Retired,1100.0,0,3.0,1.0,3,7
Z0324012,Zoya Taani Maxi Dress,Zoya Taani Maxi Dress - Navy,Z0324012NAVXS,60033636,Zoya,Dresses,Maxi Dresses,Retired,1100.0,0,0,0,1,1
Z0324024,Zoya Naya One Shoulder Flounce Satin Crop Top,Zoya Naya One Shoulder Flounce Satin Crop Top - Teal,Z0324024TEAM,60033032,Zoya,Tops,Midriff & Crop Tops,Retired,1800.0,0,0,0,2,2
Z0324046,Zoya Yuni Oversized Shirt,Zoya Yuni Oversized Shirt - Blue,Z0324046BLUS,60038940,Zoya,Tops,Loose Tops,Retired,3300.0,0,0,0,1,1
Z0324046,Zoya Yuni Oversized Shirt,Zoya Yuni Oversized Shirt - Blue,Z0324046BLUM,60038941,Zoya,Tops,Loose Tops,Retired,3300.0,0,0,0,1,1
Z0324046,Zoya Yuni Oversized Shirt,Zoya Yuni Oversized Shirt - Brown,Z0324046BROM,60038945,Zoya,Tops,Loose Tops,Retired,3500.0,0,0,0,1,1
Z0324049,Zoya Yuni Halter Midriff Top,Zoya Yuni Halter Midriff Top - Beige,Z0324049BEI4X,60034290,Zoya,Tops,Midriff & Crop Tops,Retired,250.0,0,0,0,1,1
Z0324049,Zoya Yuni Halter Midriff Top,Zoya Yuni Halter Midriff Top - Beige,Z0324049BEI2X,60034288,Zoya,Tops,Midriff & Crop Tops,Retired,250.0,0,0,0,1,1
Z0324049,Zoya Yuni Halter Midriff Top,Zoya Yuni Halter Midriff Top - Black,Z0324049BLAM,60034268,Zoya,Tops,Midriff & Crop Tops,Retired,700.0,0,1.0,0,1,2
Z0324049,Zoya Yuni Halter Midriff Top,Zoya Yuni Halter Midriff Top - Black,Z0324049BLA3X,60034272,Zoya,Tops,Midriff & Crop Tops,Retired,700.0,0,2.0,0,0,2
Z0324049,Zoya Yuni Halter Midriff Top,Zoya Yuni Halter Midriff Top - Black,Z0324049BLA4X,60034273,Zoya,Tops,Midriff & Crop Tops,Retired,700.0,0,1.0,0,1,2
Z0324049,Zoya Yuni Halter Midriff Top,Zoya Yuni Halter Midriff Top - Navy Blue,Z0324049NAB3X,60034280,Zoya,Tops,Midriff & Crop Tops,Retired,150.0,0,0,0,2,2
Z0324052,Zoya Yuni Off Shoulder Bodysuit,Zoya Yuni Off Shoulder Bodysuit - Navy Blue,Z0324052NAB1X,60037766,Zoya,Tops,Bodysuits,Retired,550.0,0,0,0,1,1
Z0324052,Zoya Yuni Off Shoulder Bodysuit,Zoya Yuni Off Shoulder Bodysuit - Navy Blue,Z0324052NABL,60037765,Zoya,Tops,Bodysuits,Retired,550.0,0,1.0,0,1,2
Z0324052,Zoya Yuni Off Shoulder Bodysuit,Zoya Yuni Off Shoulder Bodysuit - Navy Blue,Z0324052NABS,60037763,Zoya,Tops,Bodysuits,Retired,550.0,0,0,0,1,1
Z0324056,Zoya Yuni Off shoulder Mini Dress,Zoya Yuni Off shoulder Mini Dress - Black,Z0324056BLAM,60037336,Zoya,Dresses,Short & Mini Dresses,Retired,550.0,0,0,0,1,1
Z0324056,Zoya Yuni Off shoulder Mini Dress,Zoya Yuni Off shoulder Mini Dress - Black,Z0324056BLAXS,60037334,Zoya,Dresses,Short & Mini Dresses,Retired,550.0,0,1.0,0,0,1
Z0324056,Zoya Yuni Off shoulder Mini Dress,Zoya Yuni Off shoulder Mini Dress - Black,Z0324056BLAS,60037335,Zoya,Dresses,Short & Mini Dresses,Retired,550.0,0,0,0,1,1
Z0324057,Zoya Yuni Halter Dress,Zoya Yuni Halter Dress - Black,Z0324057BLA3X,60037349,Zoya,Tops,T-shirts & Tank Tops,Retired,550.0,0,0,0,1,1
Z0324057,Zoya Yuni Halter Dress,Zoya Yuni Halter Dress - Black,Z0324057BLA2X,60037348,Zoya,Tops,T-shirts & Tank Tops,Retired,550.0,0,0,0,1,1
Z0324057,Zoya Yuni Halter Dress,Zoya Yuni Halter Dress - Black,Z0324057BLAM,60037345,Zoya,Tops,T-shirts & Tank Tops,Retired,550.0,0,0,0,1,1
Z0324057,Zoya Yuni Halter Dress,Zoya Yuni Halter Dress - Black,Z0324057BLAS,60037344,Zoya,Tops,T-shirts & Tank Tops,Retired,550.0,0,0,0,1,1
Z0324057,Zoya Yuni Halter Dress,Zoya Yuni Halter Mini Dress - Black,Z0324057BLCKS,60050554,Zoya,Tops,T-shirts & Tank Tops,Retired,2750.0,0,0,0,1,1
Z0324066,Zoya Yuni High Slit Dress,Zoya Yuni High Slit Dress - Orange,Z0324066ORA3X,60035338,Zoya,Dresses,Maxi Dresses,Retired,2550.0,0,0,0,2,2
Z0324066,Zoya Yuni High Slit Dress,Zoya Yuni High Slit Dress - Orange,Z0324066ORA4X,60035339,Zoya,Dresses,Maxi Dresses,Retired,2550.0,0,0,0,2,2
Z0324067,Zoya Yuni Sleeveless Turtle Neck Maxi Top,Zoya Yuni Sleeveless Turtle Neck Maxi Top - Black,Z0324067BLA3X,60037854,Zoya,Tops,Fitted Tops,Retired,2250.0,0,0,0,1,1
Z0324067,Zoya Yuni Sleeveless Turtle Neck Maxi Top,Zoya Yuni Sleeveless Turtle Neck Maxi Top - Black,Z0324067BLA4X,60037855,Zoya,Tops,Fitted Tops,Retired,2250.0,0,0,0,1,1
Z0324067,Zoya Yuni Sleeveless Turtle Neck Maxi Top,Zoya Yuni Sleeveless Turtle Neck Maxi Top - Black,Z0324067BLAS,60037849,Zoya,Tops,Fitted Tops,Retired,2250.0,0,0,0,2,2
Z0324067,Zoya Yuni Sleeveless Turtle Neck Maxi Top,Zoya Yuni Sleeveless Turtle Neck Maxi Top - Black,Z0324067BLAXS,60037848,Zoya,Tops,Fitted Tops,Retired,2250.0,0,1.0,0,2,3
Z0324067,Zoya Yuni Sleeveless Turtle Neck Maxi Top,Zoya Yuni Sleeveless Turtle Neck Maxi Top - Lime Yellow,Z0324067LIMYEL1X,60034959,Zoya,Tops,Fitted Tops,Retired,450.0,0,0,0,1,1
Z0324067,Zoya Yuni Sleeveless Turtle Neck Maxi Top,Zoya Yuni Sleeveless Turtle Neck Maxi Top - Lime Yellow,Z0324067LIMYEL3X,60034961,Zoya,Tops,Fitted Tops,Retired,450.0,0,0,0,1,1
Z0324067,Zoya Yuni Sleeveless Turtle Neck Maxi Top,Zoya Yuni Sleeveless Turtle Neck Maxi Top - Lime Yellow,Z0324067LIMYEL4X,60034962,Zoya,Tops,Fitted Tops,Retired,450.0,0,0,0,1,1
Z0324067,Zoya Yuni Sleeveless Turtle Neck Maxi Top,Zoya Yuni Sleeveless Turtle Neck Maxi Top - Orange,Z0324067ORAXS,60034963,Zoya,Tops,Fitted Tops,Retired,450.0,0,1.0,0,0,1
Z0324067,Zoya Yuni Sleeveless Turtle Neck Maxi Top,Zoya Yuni Sleeveless Turtle Neck Maxi Top - White,Z0324067WHI4X,60037176,Zoya,Tops,Fitted Tops,Retired,1200.0,0,0,0,1,1
Z0324067,Zoya Yuni Sleeveless Turtle Neck Maxi Top,Zoya Yuni Sleeveless Turtle Neck Maxi Top - White,Z0324067WHI3X,60037175,Zoya,Tops,Fitted Tops,Retired,1200.0,0,0,0,3,3
Z0324070,Zoya Yuni One Shoulder Crop Top,Zoya Yuni One Shoulder Crop Top - White,Z0324070WHI4X,60035069,Zoya,Tops,Midriff & Crop Tops,Retired,350.0,0,0,0,1,1
Z0324070,Zoya Yuni One Shoulder Crop Top,Zoya Yuni One Shoulder Crop Top - White,Z0324070WHI3X,60035068,Zoya,Tops,Midriff & Crop Tops,Retired,350.0,0,0,0,1,1
Z0324070,Zoya Yuni One Shoulder Crop Top,Zoya Yuni One Shoulder Crop Top - White,Z0324070WHI1X,60035066,Zoya,Tops,Midriff & Crop Tops,Retired,350.0,0,0,0,1,1
Z0324071,Zoya Yuni Contrast Stitch Mini Skirt,Zoya Yuni Contrast Stitch Mini Skirt - Black,Z0324071BLA3X,60035058,Zoya,Skirts,Short & Mini Skirts,Retired,350.0,0,0,0,1,1
Z0324071,Zoya Yuni Contrast Stitch Mini Skirt,Zoya Yuni Contrast Stitch Mini Skirt - Black,Z0324071BLAL,60035055,Zoya,Skirts,Short & Mini Skirts,Retired,350.0,0,1.0,0,1,2
Z0324071,Zoya Yuni Contrast Stitch Mini Skirt,Zoya Yuni Contrast Stitch Mini Skirt - Black,Z0324071BLAS,60035053,Zoya,Skirts,Short & Mini Skirts,Retired,350.0,0,3.0,0,3,6
Z0324071,Zoya Yuni Contrast Stitch Mini Skirt,Zoya Yuni Contrast Stitch Mini Skirt - Black,Z0324071BLAM,60035054,Zoya,Skirts,Short & Mini Skirts,Retired,350.0,0,1.0,0,1,2
Z0324071,Zoya Yuni Contrast Stitch Mini Skirt,Zoya Yuni Contrast Stitch Mini Skirt - Black,Z0324071BLA4X,60035059,Zoya,Skirts,Short & Mini Skirts,Retired,350.0,0,0,0,2,2
Z0324071,Zoya Yuni Contrast Stitch Mini Skirt,Zoya Yuni Contrast Stitch Mini Skirt - Black,Z0324071BLA1X,60035056,Zoya,Skirts,Short & Mini Skirts,Retired,350.0,0,0,0,1,1
Z0324071,Zoya Yuni Contrast Stitch Mini Skirt,Zoya Yuni Contrast Stitch Mini Skirt - Black,Z0324071BLA2X,60035057,Zoya,Skirts,Short & Mini Skirts,Retired,350.0,0,0,0,1,1
Z0324071,Zoya Yuni Contrast Stitch Mini Skirt,Zoya Yuni Contrast Stitch Mini Skirt - Grey,Z0324071GRY1X,60037288,Zoya,Skirts,Short & Mini Skirts,Retired,1300.0,0,0,0,1,1
Z0324071,Zoya Yuni Contrast Stitch Mini Skirt,Zoya Yuni Contrast Stitch Mini Skirt - Grey,Z0324071GRYS,60037285,Zoya,Skirts,Short & Mini Skirts,Retired,1300.0,0,0,0,1,1
Z0325018,Zoya Vasha Track Pants With Pockets,Zoya Vasha Track Pants With Pockets - Black,Z0325018BLAXS,60052177,Zoya,Bottoms,Full Length Pants,Retired,2550.0,0,0,1.0,0,1
Z0424106,Zoya Men's Round Neck T-shirt,Zoya Men's Round Neck T-shirt - Grey,Z0424106GRYL,60036011,Zoya,Tops,Men's Tops,Retired,1550.0,0,0,1.0,0,1
Z0424106,Zoya Men's Round Neck T-shirt,Zoya Men's Round Neck T-shirt - Grey,Z0424106GRY1X,60036012,Zoya,Tops,Men's Tops,Retired,1550.0,0,0,1.0,0,1
Z0424106,Zoya Men's Round Neck T-shirt,Zoya Men's Round Neck T-shirt - Grey,Z0424106GRYM,60036010,Zoya,Tops,Men's Tops,Retired,1550.0,0,0,2.0,4,6
Z0424106,Zoya Men's Round Neck T-shirt,Zoya Men's Round Neck T-shirt - Grey,Z0424106GRYS,60036009,Zoya,Tops,Men's Tops,Retired,1550.0,0,0,2.0,1,3
Z0424109,Zoya Men's Cargo Pants,Zoya Men's Cargo Pants - Dark Grey,Z0424109DGRY1X,60036975,Zoya,Bottoms,Men's Bottoms,Retired,2300.0,0,0,0,1,1
Z0424109,Zoya Men's Cargo Pants,Zoya Men's Cargo Pants - Dark Grey,Z0424109DGRYM,60036973,Zoya,Bottoms,Men's Bottoms,Retired,2300.0,0,0,0,3,3
Z0424110,Zoya Yuni Men's Sweatshirt,Zoya Yuni Men's Sweatshirt - Grey,Z0424110GRY1X,60036017,Zoya,Tops,Men's Tops,Retired,2750.0,0,0,1,0,1
Z0424110,Zoya Yuni Men's Sweatshirt,Zoya Yuni Men's Sweatshirt - Grey,Z0424110GRYM,60036015,Zoya,Tops,Men's Tops,Retired,2750.0,0,0,1,0,1
Z0424110,Zoya Yuni Men's Sweatshirt,Zoya Yuni Men's Sweatshirt - Navy Blue,Z0424110NABS,60036018,Zoya,Tops,Men's Tops,Retired,2750.0,0,0,1.0,0,1
Z0424110,Zoya Yuni Men's Sweatshirt,Zoya Yuni Men's Sweatshirt - Teal Green,Z0424110TGRNM,60036985,Zoya,Tops,Men's Tops,Retired,1900.0,0,0,0,4,4
Z0424111,Zoya Yuni Men's Fleece Sweat Pants,Zoya Yuni Men's Fleece Sweat Pants - Grey,Z0424111GRYS,60035732,Zoya,Bottoms,Men's Bottoms,Retired,1500.0,0,0,1.0,0,1
Z0424111,Zoya Yuni Men's Fleece Sweat Pants,Zoya Yuni Men's Fleece Sweat Pants - Mint,Z0424111MINM,60040286,Zoya,Bottoms,Men's Bottoms,Retired,1500.0,0,0,0,2,2
Z0424111,Zoya Yuni Men's Fleece Sweat Pants,Zoya Yuni Men's Fleece Sweat Pants - Mint,Z0424111MINL,60040287,Zoya,Bottoms,Men's Bottoms,Retired,1500.0,0,0,0,1,1
Z0424111,Zoya Yuni Men's Fleece Sweat Pants,Zoya Yuni Men's Fleece Sweat Pants - Mint,Z0424111MINS,60040285,Zoya,Bottoms,Men's Bottoms,Retired,1500.0,0,0,0,2,2
Z0424111,Zoya Yuni Men's Fleece Sweat Pants,Zoya Yuni Men's Fleece Sweat Pants - Mint,Z0424111MIN1X,60040288,Zoya,Bottoms,Men's Bottoms,Retired,1500.0,0,0,2.0,2,4
Z0624001,Zoya Shani Kimono,Zoya Shani Kimono - Navy,Z0624001NAVM/L,60040065,Zoya,Outerwear,Waterfalls & Kimonos,Retired,1450.0,0,0,0,1,1
Z0624005,Zoya Shani Scarf Top,Zoya Shani Scarf Top - Purple,Z0624005PURPF,60052868,Zoya,Tops,Midriff & Crop Tops,Retired,550.0,0,0,0,1,1
Z0624006,Zoya Shani Off Shoulder Crop Top,Zoya Shani Off Shoulder Crop Top - Burgundy / Peach Sani Print,Z0624006PR21X,60040764,Zoya,Tops,Midriff & Crop Tops,Retired,450.0,0,1.0,0,1,2
Z0624006,Zoya Shani Off Shoulder Crop Top,Zoya Shani Off Shoulder Crop Top - Burgundy / Peach Sani Print,Z0624006PR2S,60040761,Zoya,Tops,Midriff & Crop Tops,Retired,450.0,0,2.0,0,2,4
Z0624006,Zoya Shani Off Shoulder Crop Top,Zoya Shani Off Shoulder Crop Top - Burgundy / Peach Sani Print,Z0624006PR2L,60040763,Zoya,Tops,Midriff & Crop Tops,Retired,450.0,0,0,0,2,2
Z0624006,Zoya Shani Off Shoulder Crop Top,Zoya Shani Off Shoulder Crop Top - Navy / Peach Sani Print,Z0624006PR11X,60040772,Zoya,Tops,Midriff & Crop Tops,Retired,1400.0,0,0,2.0,0,2
Z0624006,Zoya Shani Off Shoulder Crop Top,Zoya Shani Off Shoulder Crop Top - Navy / Peach Sani Print,Z0624006PR1S,60040769,Zoya,Tops,Midriff & Crop Tops,Retired,1400.0,0,0,0,1,1
Z0624006,Zoya Shani Off Shoulder Crop Top,Zoya Shani Off Shoulder Crop Top - Navy / Peach Sani Print,Z0624006PR14X,60040775,Zoya,Tops,Midriff & Crop Tops,Retired,1400.0,0,0,1.0,0,1
Z0624020,Zoya Shani Sarong Wrap,Zoya Shani Sarong Wrap - Burgundy,Z0624020BURF,60039502,Zoya,Skirts,Maxi Skirts,Retired,3250.0,0,2.0,0,4,6
Z0624103,Zoya Yuni Men's Long Sleeve T-shirt,Zoya Yuni Men's Long Sleeve T-shirt - Light Blue,Z0624103LBLUM,60039808,Zoya,Tops,Men's Tops,Retired,1400.0,0,0,0,2,2
Z0624103,Zoya Yuni Men's Long Sleeve T-shirt,Zoya Yuni Men's Long Sleeve T-shirt - Light Blue,Z0624103LBLU1X,60039810,Zoya,Tops,Men's Tops,Retired,1400.0,0,0,0,2,2
Z0624103,Zoya Yuni Men's Long Sleeve T-shirt,Zoya Yuni Men's Long Sleeve T-shirt - Light Blue,Z0624103LBLUS,60039807,Zoya,Tops,Men's Tops,Retired,1400.0,0,0,3.0,2,5
Z0719149,Zoya Basic Capri Leggings,Zoya Capri Leggings - Black,Z0719149BLAS,40012719,Zoya,Bottoms,Leggings,Retired,350.0,0,0,3.0,0,3
Z0722035,Zoya Basic Long Sleeve Bodycon,Zoya Basic Long Sleeve Bodycon - Taupe,Z0722035TAUXL,60019694,Zoya,Dresses,Knee Length Dresses,Retired,1800.0,0,0,0,1,1
Z0724018,Zoya Shani Men's Drawstring Shorts,Zoya Shani Men's Drawstring Shorts - Dark Grey,Z0724018DGRYS,60040228,Zoya,Bottoms,Men's Bottoms,Retired,650.0,0,0,1.0,1,2
Z0724018,Zoya Shani Men's Drawstring Shorts,Zoya Shani Men's Drawstring Shorts - Dark Grey,Z0724018DGRY1X,60040231,Zoya,Bottoms,Men's Bottoms,Retired,650.0,0,0,4.0,0,4
Z0724018,Zoya Shani Men's Drawstring Shorts,Zoya Shani Men's Drawstring Shorts - Dark Grey,Z0724018DGRYM,60040229,Zoya,Bottoms,Men's Bottoms,Retired,650.0,0,0,0,3,3
Z0724018,Zoya Shani Men's Drawstring Shorts,Zoya Shani Men's Drawstring Shorts - Taupe,Z0724018TAUS,60040233,Zoya,Bottoms,Men's Bottoms,Retired,750.0,0,0,0,1,1
Z0724018,Zoya Shani Men's Drawstring Shorts,Zoya Shani Men's Drawstring Shorts - Taupe,Z0724018TAUM,60040234,Zoya,Bottoms,Men's Bottoms,Retired,750.0,0,0,0,2,2
Z0724022,Zoya Basic Short Sleeve Crop Top,Zoya Basic Short Sleeve Crop Top - Hunters,Z0724022HUNL,60041818,Zoya,Tops,Midriff & Crop Tops,Retired,1550.0,0,0,0,1,1
Z0724022,Zoya Basic Short Sleeve Crop Top,Zoya Basic Short Sleeve Crop Top - White,Z0724022WHIL,60041826,Zoya,Tops,Midriff & Crop Tops,Retired,1550.0,0,0,1.0,0,1
Z0724051,Zoya Banda Bandeau Asymmetrical Crop Top,Zoya Banda Bandeau Asymmetrical Crop Top - Black,Z0724051BLAL,60041903,Zoya,Tops,Midriff & Crop Tops,Retired,350.0,0,0,1.0,0,1
Z0724051,Zoya Banda Bandeau Asymmetrical Crop Top,Zoya Banda Bandeau Asymmetrical Crop Top - White,Z0724051WHI4X,60041916,Zoya,Tops,Midriff & Crop Tops,Retired,350.0,0,0,0,2,2
Z0724051,Zoya Banda Bandeau Asymmetrical Crop Top,Zoya Banda Bandeau Asymmetrical Crop Top - White,Z0724051WHI1X,60041913,Zoya,Tops,Midriff & Crop Tops,Retired,350.0,0,0,0,1,1
Z0724051,Zoya Banda Bandeau Asymmetrical Crop Top,Zoya Banda Bandeau Asymmetrical Crop Top - White,Z0724051WHI2X,60041914,Zoya,Tops,Midriff & Crop Tops,Retired,350.0,0,1.0,0,1,2
Z0724051,Zoya Banda Bandeau Asymmetrical Crop Top,Zoya Banda Bandeau Asymmetrical Crop Top - White,Z0724051WHIM,60041911,Zoya,Tops,Midriff & Crop Tops,Retired,350.0,0,0,0,2,2
Z0724051,Zoya Banda Bandeau Asymmetrical Crop Top,Zoya Banda Bandeau Asymmetrical Crop Top - White,Z0724051WHI3X,60041915,Zoya,Tops,Midriff & Crop Tops,Retired,350.0,0,0,0,2,2
Z0724053,Zoya Banda Crop Hoodie,Zoya Banda Crop Hoodie - Burgundy,Z0724053BURS,60041891,Zoya,Outerwear,Hoodies & Sweatshirts,Retired,550.0,0,0,0,1,1
Z0724054,Zoya Banda Strappy Playsuit,Zoya Banda Strappy Playsuit - Grey,Z0724054GRYXS,60042571,Zoya,Bottoms,Jumpsuits & Playsuits,Retired,450.0,0,0,0,1,1
Z0724059,Zoya Banda Waist Length Zipped Jacket,Zoya Banda Waist Length Zipped Jacket - Blue,Z0724059BLU1X/2X,60042822,Zoya,Outerwear,Jackets & Coats,Retired,750.0,0,0,0,1,1
Z0724059,Zoya Banda Waist Length Zipped Jacket,Zoya Banda Waist Length Zipped Jacket - Blue,Z0724059BLUXS/S,60042368,Zoya,Outerwear,Jackets & Coats,Retired,750.0,0,1.0,0,1,2
Z0724060,Zoya Banda Drop Shoulder Unisex Wide Jacket,Zoya Banda Drop Shoulder Unisex Wide Jacket - Pink,Z0724060PINM/L,60042133,Zoya,Outerwear,Jackets & Coats,Retired,750.0,0,0,0,4,4
Z0724060,Zoya Banda Drop Shoulder Unisex Wide Jacket,Zoya Banda Drop Shoulder Unisex Wide Jacket - Pink,Z0724060PIN1X/2X,60042134,Zoya,Outerwear,Jackets & Coats,Retired,750.0,0,1.0,0,0,1
Z0724061,Zoya Banda Unisex Letterman Jacket,Zoya Banda Unisex Letterman Jacket - Green / Blue Print + Blue,Z0724061PR21X/2X,60042363,Zoya,Outerwear,Jackets & Coats,Retired,1850.0,0,0,0,1,1
Z0724061,Zoya Banda Unisex Letterman Jacket,Zoya Banda Unisex Letterman Jacket - Green / Blue Print + Blue,Z0724061PR2M/L,60042362,Zoya,Outerwear,Jackets & Coats,Retired,1850.0,0,0,0,2,2
Z0724062,Zoya Banda Unisex Shacket,Zoya Banda Unisex Shacket - Blue,Z0724062BLUXS/S,60042079,Zoya,Outerwear,Jackets & Coats,Retired,2500.0,0,0,0,4,4
Z0724062,Zoya Banda Unisex Shacket,Zoya Banda Unisex Shacket - Pink,Z0724062PINXS/S,60042082,Zoya,Outerwear,Jackets & Coats,Retired,2500.0,0,0,0,3,3
Z0724062,Zoya Banda Unisex Shacket,Zoya Banda Unisex Shacket - Pink,Z0724062PINM/L,60042083,Zoya,Outerwear,Jackets & Coats,Retired,2500.0,0,1.0,0,1,2
Z0724069,Zoya Banda Unisex Jorts,Zoya Banda Unisex Jorts - Blue,Z0724069BLUM,60042070,Zoya,Bottoms,Shorts & Skorts,Retired,550.0,0,0,0,3,3
Z0724069,Zoya Banda Unisex Jorts,Zoya Banda Unisex Jorts - Blue,Z0724069BLUS,60042069,Zoya,Bottoms,Shorts & Skorts,Retired,550.0,0,2.0,0,2,4
Z0724069,Zoya Banda Unisex Jorts,Zoya Banda Unisex Jorts - Blue,Z0724069BLUXS,60045569,Zoya,Bottoms,Shorts & Skorts,Retired,550.0,0,0,0,1,1
Z0724069,Zoya Banda Unisex Jorts,Zoya Banda Unisex Jorts - Pink,Z0724069PINS,60042073,Zoya,Bottoms,Shorts & Skorts,Retired,550.0,0,2.0,0,2,4
Z0724069,Zoya Banda Unisex Jorts,Zoya Banda Unisex Jorts - Pink,Z0724069PINM,60042074,Zoya,Bottoms,Shorts & Skorts,Retired,550.0,0,1.0,0,1,2
Z0724070,Zoya Banda Men's Wide Pants,Zoya Banda Men's Wide Pants - Blue,Z0724070BLU1X,60041958,Zoya,Bottoms,Men's Bottoms,Retired,1250.0,0,0,0,4,4
Z0724070,Zoya Banda Men's Wide Pants,Zoya Banda Men's Wide Pants - Pink,Z0724070PIN1X,60041966,Zoya,Bottoms,Men's Bottoms,Retired,1250.0,0,0,0,2,2
Z0724071,Zoya Banda Men's Cargo Pants,Zoya Banda Men's Cargo Pants - Blue,Z0724071BLUM,60042381,Zoya,Bottoms,Men's Bottoms,Retired,1150.0,0,0,0,5,5
Z0724071,Zoya Banda Men's Cargo Pants,Zoya Banda Men's Cargo Pants - Blue,Z0724071BLU1X,60042383,Zoya,Bottoms,Men's Bottoms,Retired,1150.0,0,0,0,2,2
Z0724071,Zoya Banda Men's Cargo Pants,Zoya Banda Men's Cargo Pants - Blue,Z0724071BLUS,60042380,Zoya,Bottoms,Men's Bottoms,Retired,1150.0,0,0,0,1,1
Z0724071,Zoya Banda Men's Cargo Pants,Zoya Banda Men's Cargo Pants - Blue,Z0724071BLUL,60042382,Zoya,Bottoms,Men's Bottoms,Retired,1150.0,0,0,0,3,3
Z0724071,Zoya Banda Men's Cargo Pants,Zoya Banda Men's Cargo Pants - White,Z0724071WHIL,60042387,Zoya,Bottoms,Men's Bottoms,Retired,2800.0,0,0,0,3,3
Z0724071,Zoya Banda Men's Cargo Pants,Zoya Banda Men's Cargo Pants - White,Z0724071WHIM,60042386,Zoya,Bottoms,Men's Bottoms,Retired,2800.0,0,0,0,1,1
Z0724101,Zoya Basic Halter Tie Top,Zoya Basic Halter Tie Top - Black,Z0724101BLAM,60041086,Zoya,Tops,Midriff & Crop Tops,Retired,350.0,0,0,0,2,2
Z0724101,Zoya Basic Halter Tie Top,Zoya Basic Halter Tie Top - Chocolate,Z0724101CHOM,60045926,Zoya,Tops,Midriff & Crop Tops,Retired,1250.0,0,1.0,0,4,5
Z0724101,Zoya Basic Halter Tie Top,Zoya Basic Halter Tie Top - Chocolate,Z0724101CHOS,60045925,Zoya,Tops,Midriff & Crop Tops,Retired,1250.0,0,2.0,1.0,2,5
Z0724101,Zoya Basic Halter Tie Top,Zoya Basic Halter Tie Top - White,Z0724101WHIXS,60041116,Zoya,Tops,Midriff & Crop Tops,Retired,250.0,0,0,0,2,2
Z0724102,Zoya Basic Racer Back Crop Top,Zoya Basic Racer Back Crop Top - Navy Blue,Z0724102NABM,60041076,Zoya,Tops,Midriff & Crop Tops,Retired,450.0,0,1.0,0,0,1
Z0724103,Zoya Shani Men's Summer Shirt,Zoya Shani Men's Summer Shirt - Navy / White Sani Print,Z0724103PR2S,60040032,Zoya,Tops,Men's Tops,Retired,1850.0,0,0,2.0,1,3
Z0724103,Zoya Shani Men's Summer Shirt,Zoya Shani Men's Summer Shirt - Navy / White Sani Print,Z0724103PR2L,60040034,Zoya,Tops,Men's Tops,Retired,1850.0,0,0,0,2,2
Z0724103,Zoya Shani Men's Summer Shirt,Zoya Shani Men's Summer Shirt - Navy / White Sani Print,Z0724103PR2M,60040033,Zoya,Tops,Men's Tops,Retired,1850.0,0,0,0,1,1
Z0821148,Zoya Essentials Mini Bodycon,Zoya Essentials Mini Bodycon - Navy / Beige Print,Z0821148PR5XS,60028668,Zoya,Dresses,Short & Mini Dresses,Retired,2750.0,0,0,1.0,0,1
Z0821148,Zoya Essentials Mini Bodycon,Zoya Essentials Mini Bodycon - Pink / Navy Print,Z0821148PR6S,60028673,Zoya,Dresses,Short & Mini Dresses,Retired,550.0,0,0,2.0,0,2
Z0821148,Zoya Essentials Mini Bodycon,Zoya Essentials Mini Bodycon - Pink / Navy Print,Z0821148PR6L,60028675,Zoya,Dresses,Short & Mini Dresses,Retired,550.0,0,0,0,1,1
Z0821148,Zoya Essentials Mini Bodycon,Zoya Essentials Mini Bodycon - Pink / Navy Print,Z0821148PR6M,60028674,Zoya,Dresses,Short & Mini Dresses,Retired,550.0,0,0,0,2,2
Z0821148,Zoya Essentials Mini Bodycon,Zoya Essentials Mini Bodycon - Teal / Brown Print,Z0821148PR8S,60028681,Zoya,Dresses,Short & Mini Dresses,Retired,2750.0,0,6.0,0,2,8
Z0821148,Zoya Essentials Mini Bodycon,Zoya Essentials Mini Bodycon - Teal / Brown Print,Z0821148PR8XS,60028680,Zoya,Dresses,Short & Mini Dresses,Retired,2750.0,0,1.0,0,3,4
Z0821148,Zoya Essentials Mini Bodycon,Zoya Essentials Mini Bodycon - Teal / Brown Print,Z0821148PR8M,60028682,Zoya,Dresses,Short & Mini Dresses,Retired,2750.0,1.0,0,0,3,4
Z0822081,Zoya Nia Off Shoulder Puff Sleeve Top,Zoya Nia Off Shoulder Puff Sleeve Top - Light Blue,Z0822081LBLUS/M,60009761,Zoya,Tops,Midriff & Crop Tops,Retired,2250.0,0,0,0,1,1
Z0822081,Zoya Nia Off Shoulder Puff Sleeve Top,Zoya Nia Off Shoulder Puff Sleeve Top - Peach,Z0822081PEAS/M,60009757,Zoya,Tops,Midriff & Crop Tops,Retired,2250.0,0,0,0,1,1
Z0822081,Zoya Nia Off Shoulder Puff Sleeve Top,Zoya Nia Off Shoulder Puff Sleeve Top - Peach,Z0822081PEAL/XL,60009758,Zoya,Tops,Midriff & Crop Tops,Retired,2250.0,0,0,0,1,1
Z0822082,Zoya Nia Off Shoulder Knee Length Dress,Zoya Nia Off Shoulder Knee Length Dress - Light Pink,Z0822082LPINL,60009779,Zoya,Dresses,Knee Length Dresses,Retired,3550.0,0,1.0,0,1,2
Z0822082,Zoya Nia Off Shoulder Knee Length Dress,Zoya Nia Off Shoulder Knee Length Dress - Light Pink,Z0822082LPINXL,60009780,Zoya,Dresses,Knee Length Dresses,Retired,3550.0,0,1.0,0,1,2
Z0822082,Zoya Nia Off Shoulder Knee Length Dress,Zoya Nia Off Shoulder Knee Length Dress - Light Pink,Z0822082LPINS,60009777,Zoya,Dresses,Knee Length Dresses,Retired,3550.0,0,0,0,2,2
Z0822082,Zoya Nia Off Shoulder Knee Length Dress,Zoya Nia Off Shoulder Knee Length Dress - Light Pink,Z0822082LPINM,60009778,Zoya,Dresses,Knee Length Dresses,Retired,3550.0,0,0,0,2,2
Z0822082,Zoya Nia Off Shoulder Knee Length Dress,Zoya Nia Off Shoulder Knee Length Dress - Lilac,Z0822082LILXL,60009776,Zoya,Dresses,Knee Length Dresses,Retired,3550.0,0,0,0,1,1
Z0822082,Zoya Nia Off Shoulder Knee Length Dress,Zoya Nia Off Shoulder Knee Length Dress - Lilac,Z0822082LILS,60009773,Zoya,Dresses,Knee Length Dresses,Retired,3550.0,0,0,0,3,3
Z0822082,Zoya Nia Off Shoulder Knee Length Dress,Zoya Nia Off Shoulder Knee Length Dress - Lilac,Z0822082LILL,60009775,Zoya,Dresses,Knee Length Dresses,Retired,3550.0,0,0,0,2,2
Z0822082,Zoya Nia Off Shoulder Knee Length Dress,Zoya Nia Off Shoulder Knee Length Dress - Lilac,Z0822082LILM,60009774,Zoya,Dresses,Knee Length Dresses,Retired,3550.0,0,0,0,1,1
Z0822082,Zoya Nia Off Shoulder Knee Length Dress,Zoya Nia Off Shoulder Knee Length Dress - Navy Blue,Z0822082NABM,60009786,Zoya,Dresses,Knee Length Dresses,Retired,3550.0,0,0,0,1,1
Z0822082,Zoya Nia Off Shoulder Knee Length Dress,Zoya Nia Off Shoulder Knee Length Dress - Navy Blue,Z0822082NABXL,60009788,Zoya,Dresses,Knee Length Dresses,Retired,3550.0,0,0,0,1,1
Z0822082,Zoya Nia Off Shoulder Knee Length Dress,Zoya Nia Off Shoulder Knee Length Dress - Navy Blue,Z0822082NABS,60009785,Zoya,Dresses,Knee Length Dresses,Retired,3550.0,0,0,0,1,1
Z0822082,Zoya Nia Off Shoulder Knee Length Dress,Zoya Nia Off Shoulder Knee Length Dress - Navy Blue,Z0822082NABL,60009787,Zoya,Dresses,Knee Length Dresses,Retired,3550.0,0,0,0,2,2
Z0822086,Zoya Nia Oversized Denim Shirt,Zoya Nia Oversized Denim Shirt - Black,Z0822086BLAL,60009842,Zoya,Outerwear,Jackets & Coats,Retired,2950.0,0,0,0,1,1
Z0822087,Zoya Nia Wide Leg Shorts,Zoya Nia Wide Leg Shorts - Blue/Lime Green Abstract print,Z0822087PR1L,60009851,Zoya,Bottoms,Shorts & Skorts,Retired,2550.0,0,0,0,1,1
Z0822087,Zoya Nia Wide Leg Shorts,Zoya Nia Wide Leg Shorts - Blue/Lime Green Abstract print,Z0822087PR1XL,60009852,Zoya,Bottoms,Shorts & Skorts,Retired,2550.0,0,0,1.0,1,2
Z0822087,Zoya Nia Wide Leg Shorts,Zoya Nia Wide Leg Shorts - Blue/Lime Green Abstract print,Z0822087PR1S,60009849,Zoya,Bottoms,Shorts & Skorts,Retired,2550.0,0,0,0,1,1
Z0822087,Zoya Nia Wide Leg Shorts,Zoya Nia Wide Leg Shorts - Navy Blue,Z0822087NABS,60009844,Zoya,Bottoms,Shorts & Skorts,Retired,450.0,0,0,1,0,1
Z0822092,Zoya Nia Crop Bomber Jacket,Zoya Nia Crop Bomber Jacket - Black,Z0822092BLAS/M,60009965,Zoya,Outerwear,Jackets & Coats,Retired,2950.0,0,0,0,1,1
Z0822092,Zoya Nia Crop Bomber Jacket,Zoya Nia Crop Bomber Jacket - Light Pink,Z0822092LPINL/XL,60009962,Zoya,Outerwear,Jackets & Coats,Retired,2950.0,0,0,0,1,1
Z0822098,Zoya Nia Wide Leg Denim Pants,Zoya Nia Wide Leg Denim Pants - Tickling Stripes Print,Z0822098PR2XL,60009828,Zoya,Bottoms,Full Length Pants,Retired,2950.0,0,0,0,1,1
Z0822098,Zoya Nia Wide Leg Denim Pants,Zoya Nia Wide Leg Denim Pants - Tickling Stripes Print,Z0822098PR2L,60009827,Zoya,Bottoms,Full Length Pants,Retired,2950.0,0,0,0,1,1
Z0822099,Zoya Nia Cargo Shorts,Zoya Nia Cargo Shorts - Black,Z0822099BLAXS,60009868,Zoya,Bottoms,Shorts & Skorts,Retired,2550.0,0,0,0,1,1
Z0822099,Zoya Nia Cargo Shorts,Zoya Nia Cargo Shorts - Black,Z0822099BLAS,60009869,Zoya,Bottoms,Shorts & Skorts,Retired,2550.0,1.0,0,0,1,2
Z0822099,Zoya Nia Cargo Shorts,Zoya Nia Cargo Shorts - Black,Z0822099BLAL,60009871,Zoya,Bottoms,Shorts & Skorts,Retired,2550.0,0,0,0,1,1
Z0822110,Zoya Nia Puff Sleeve Off Shoulder Romper,Zoya Nia Puff Sleeve Off Shoulder Romper - Lilac,Z0822110LILXL,60010038,Zoya,Bottoms,Jumpsuits & Playsuits,Retired,2750.0,0,0,0,1,1
Z0822110,Zoya Nia Puff Sleeve Off Shoulder Romper,Zoya Nia Puff Sleeve Off Shoulder Romper - Lilac,Z0822110LILM,60010036,Zoya,Bottoms,Jumpsuits & Playsuits,Retired,2750.0,0,0,0,1,1
Z0822110,Zoya Nia Puff Sleeve Off Shoulder Romper,Zoya Nia Puff Sleeve Off Shoulder Romper - Lilac,Z0822110LILS,60010035,Zoya,Bottoms,Jumpsuits & Playsuits,Retired,2750.0,0,0,0,1,1
Z0822110,Zoya Nia Puff Sleeve Off Shoulder Romper,Zoya Nia Puff Sleeve Off Shoulder Romper - Peach / Blue Floral,Z0822110PR1XL,60010030,Zoya,Bottoms,Jumpsuits & Playsuits,Retired,2750.0,0,0,1.0,0,1
Z0822110,Zoya Nia Puff Sleeve Off Shoulder Romper,Zoya Nia Puff Sleeve Off Shoulder Romper - White,Z0822110WHIXL,60010034,Zoya,Bottoms,Jumpsuits & Playsuits,Retired,2750.0,0,0,0,1,1
Z0822110,Zoya Nia Puff Sleeve Off Shoulder Romper,Zoya Nia Puff Sleeve Off Shoulder Romper - White,Z0822110WHIL,60010033,Zoya,Bottoms,Jumpsuits & Playsuits,Retired,2750.0,0,0,0,1,1
Z0824040,Zoya Temo Parachute Pants,Zoya Temo Parachute Pants -Dark Grey,Z0824040DAGS,60058153,Zoya,Bottoms,Full Length Pants,Retired,450.0,0,0,0,1,1
Z0824044,Zoya Temo Mens Zipped Overshirt,Zoya Temo Mens Zipped Overshirt - Green Camo,Z0824044PR1S,60045092,Zoya,Tops,Men's Tops,Retired,1300.0,0,0,0,4,4
Z0824044,Zoya Temo Mens Zipped Overshirt,Zoya Temo Mens Zipped Overshirt - Green Camo,Z0824044PR13X,60045324,Zoya,Tops,Men's Tops,Retired,1300.0,0,1.0,0,2,3
Z0824044,Zoya Temo Mens Zipped Overshirt,Zoya Temo Mens Zipped Overshirt - Green Camo,Z0824044PR1L,60045094,Zoya,Tops,Men's Tops,Retired,1300.0,0,0,0,4,4
Z0824044,Zoya Temo Mens Zipped Overshirt,Zoya Temo Mens Zipped Overshirt - Green Camo,Z0824044PR1X,60045095,Zoya,Tops,Men's Tops,Retired,1300.0,0,0,0,4,4
Z0824044,Zoya Temo Mens Zipped Overshirt,Zoya Temo Mens Zipped Overshirt - Green Camo,Z0824044PR12X,60045323,Zoya,Tops,Men's Tops,Retired,1300.0,0,0,0,1,1
Z0824047,Zoya Temo Mens Camo Shirt,Zoya Temo Mens Camo Shirt - Camo Brown,Z0824047CABROL,60044761,Zoya,Tops,Men's Tops,Retired,1350.0,0,0,0,2,2
Z0824047,Zoya Temo Mens Camo Shirt,Zoya Temo Mens Camo Shirt - Camo Brown,Z0824047CABROM,60044760,Zoya,Tops,Men's Tops,Retired,1350.0,0,0,1.0,0,1
Z0824047,Zoya Temo Mens Camo Shirt,Zoya Temo Mens Camo Shirt - Camo Brown,Z0824047CABRO1X,60044762,Zoya,Tops,Men's Tops,Retired,1350.0,0,0,1,0,1
Z0824047,Zoya Temo Mens Camo Shirt,Zoya Temo Mens Camo Shirt - Camo Brown,Z0824047CABROS,60044759,Zoya,Tops,Men's Tops,Retired,1350.0,0,0,1.0,2,3
Z0824048,Zoya Temo Mens Short Sleeve T-shirt,Zoya Temo Mens Short Sleeve T-shirt - Navy / Blue Camo,Z0824048PR24X,60044953,Zoya,Tops,Men's Tops,Retired,700.0,0,1.0,0,1,2
Z0824048,Zoya Temo Mens Short Sleeve T-shirt,Zoya Temo Mens Short Sleeve T-shirt - Navy / Blue Camo,Z0824048PR23X,60044952,Zoya,Tops,Men's Tops,Retired,700.0,0,0,0,2,2
Z0824048,Zoya Temo Mens Short Sleeve T-shirt,Zoya Temo Mens Short Sleeve T-shirt - Navy / Blue Camo,Z0824048PR2S,60044947,Zoya,Tops,Men's Tops,Retired,700.0,0,0,0,1,1
Z0824048,Zoya Temo Mens Short Sleeve T-shirt,Zoya Temo Mens Short Sleeve T-shirt - Navy / Blue Camo,Z0824048PR22X,60044951,Zoya,Tops,Men's Tops,Retired,700.0,0,0,0,2,2
Z0824050,Zoya Temo Men's Patched Straight Leg Pants,Zoya Temo Men's Patched Straight Leg Pants - Blue Camo / Blue,Z0824050BLU4X,60044292,Zoya,Bottoms,Men's Bottoms,Retired,450.0,0,0,0,1,1
Z0824050,Zoya Temo Men's Patched Straight Leg Pants,Zoya Temo Men's Patched Straight Leg Pants - Green Camo / Green,Z0824050GRN1X,60044296,Zoya,Bottoms,Men's Bottoms,Retired,650.0,0,0,1.0,0,1
Z0824059,Zoya Temo Asymmetric Front Cut Crop Top,Zoya Temo Asymmetric Front Cut Crop Top - Black,Z0824059BLA1X,60044930,Zoya,Tops,Fitted Tops,Retired,250.0,0,0,0,1,1
Z0824059,Zoya Temo Asymmetric Front Cut Crop Top,Zoya Temo Asymmetric Front Cut Crop Top - Black,Z0824059BLA2X,60044931,Zoya,Tops,Fitted Tops,Retired,250.0,0,0,0,1,1
Z0824059,Zoya Temo Asymmetric Front Cut Crop Top,Zoya Temo Asymmetric Front Cut Crop Top - Black,Z0824059BLAL,60044929,Zoya,Tops,Fitted Tops,Retired,250.0,0,0,0,2,2
Z0824059,Zoya Temo Asymmetric Front Cut Crop Top,Zoya Temo Asymmetric Front Cut Crop Top - Navy,Z0824059NAVL,60044937,Zoya,Tops,Fitted Tops,Retired,250.0,0,0,0,3,3
Z0824059,Zoya Temo Asymmetric Front Cut Crop Top,Zoya Temo Asymmetric Front Cut Crop Top - Navy,Z0824059NAVS,60044935,Zoya,Tops,Fitted Tops,Retired,250.0,0,0,0,1,1
Z0824059,Zoya Temo Asymmetric Front Cut Crop Top,Zoya Temo Asymmetric Front Cut Crop Top - Navy,Z0824059NAV4X,60044941,Zoya,Tops,Fitted Tops,Retired,250.0,0,0,0,2,2
Z0920119,Zoya Fitness Shorts,Zoya Fitness Shorts - Black / Green Print,Z0920119BLA/PR2S,40018951,Zoya,Bottoms,Shorts & Skorts,Retired,200.0,0,0,1.0,0,1
Z0920129,Zoya Fitness Bra Style # 2,Zoya Fitness Bra Style # 2 - Black / White,Z0920129BLA/WHIM,40018211,Zoya,Tops,Midriff & Crop Tops,Retired,100.0,0,0,1.0,0,1
Z0922062,Zoya Basic Long Sleeve Top,Zoya Basic Long Sleeve Top - Navy Blue,Z0922062NABL,60008888,Zoya,Tops,Fitted Tops,Retired,1600.0,0,0,0,1,1
Z0924029,Zoya Temo Men's Knee Length Shorts,Zoya Temo Men's Knee Length Shorts - Camo Brown,Z0924029PR1M,60044800,Zoya,Bottoms,Men's Bottoms,Retired,1450.0,0,0,5.0,4,9
Z0924029,Zoya Temo Men's Knee Length Shorts,Zoya Temo Men's Knee Length Shorts - Camo Brown,Z0924029PR1S,60044799,Zoya,Bottoms,Men's Bottoms,Retired,1450.0,0,0,1.0,0,1
Z0924029,Zoya Temo Men's Knee Length Shorts,Zoya Temo Men's Knee Length Shorts - Camo Brown,Z0924029PR14X,60044805,Zoya,Bottoms,Men's Bottoms,Retired,1450.0,0,0,1.0,0,1
Z0924029,Zoya Temo Men's Knee Length Shorts,Zoya Temo Men's Knee Length Shorts - Camo Brown,Z0924029PR13X,60044804,Zoya,Bottoms,Men's Bottoms,Retired,1450.0,0,0,0,1,1
Z0924029,Zoya Temo Men's Knee Length Shorts,Zoya Temo Men's Knee Length Shorts - Camo Brown,Z0924029PR12X,60044803,Zoya,Bottoms,Men's Bottoms,Retired,1450.0,0,0,1.0,0,1
Z0924029,Zoya Temo Men's Knee Length Shorts,Zoya Temo Men's Knee Length Shorts - Camo Brown,Z0924029PR1L,60044801,Zoya,Bottoms,Men's Bottoms,Retired,1450.0,0,0,5.0,4,9
Z0924029,Zoya Temo Men's Knee Length Shorts,Zoya Temo Men's Knee Length Shorts - Camo Brown,Z0924029PR11X,60044802,Zoya,Bottoms,Men's Bottoms,Retired,1450.0,0,0,1.0,1,2
Z0924034,Zoya Temo Straight Leg Pants,Zoya Temo Straight Leg Pants - Camo Green,Z0924034CAGRN4X,60044796,Zoya,Bottoms,Full Length Pants,Retired,1450.0,0,0,0,1,1
Z0924034,Zoya Temo Straight Leg Pants,Zoya Temo Straight Leg Pants - Camo Green,Z0924034CAGRNS,60044790,Zoya,Bottoms,Full Length Pants,Retired,1450.0,0,2.0,0,3,5
Z0924064,Zoya Aridi Unisex Shacket (Corduroy),Zoya Aridi Unisex Shacket (Corduroy) - Navy / Blue Flannel,Z0924064NABLXS/S,60045753,Zoya,Outerwear,Jackets & Coats,Retired,1500.0,0,0,2.0,0,2
Z0924065,Zoya Aridi Cropped Jacket,Zoya Aridi Cropped Jacket - Blue Flannel / Navy,Z0924065BLNA1X/2X,60045749,Zoya,Outerwear,Jackets & Coats,Retired,1600.0,0,0,0,2,2
Z0924065,Zoya Aridi Cropped Jacket,Zoya Aridi Cropped Jacket - Blue Flannel / Navy,Z0924065BLNAXS/S,60045747,Zoya,Outerwear,Jackets & Coats,Retired,1600.0,0,0,0,4,4
Z0924065,Zoya Aridi Cropped Jacket,Zoya Aridi Cropped Jacket - Blue Flannel / Navy,Z0924065BLNAM/L,60045748,Zoya,Outerwear,Jackets & Coats,Retired,1600.0,0,0,0,1,1
Z1019075,Zoya Basic Jersey Bandeau,Zoya Basic Jersey Bandeau - Mustard,Z1019075MUSL,50003891,Zoya,Tops,Midriff & Crop Tops,Retired,750.0,0,0,2.0,0,2
Z1019075,Zoya Basic Jersey Bandeau,Zoya Basic Jersey Bandeau - Mustard,Z1019075MUSXL,50003892,Zoya,Tops,Midriff & Crop Tops,Retired,750.0,0,0,8.0,0,8
Z1024004,Zoya Aridi Unisex Shacket (Flannel),Zoya Aridi Unisex Shacket (Flannel) - Red/Black,Z1024004REBXS/S,60056280,Zoya,Outerwear,Jackets & Coats,Retired,2950.0,0,0,1.0,0,1
Z1024021,Zoya Aridi Cropped Jacket,Zoya Aridi Cropped Jacket - Black / White,Z1024021PR33X/4X,60058151,Zoya,Outerwear,Jackets & Coats,Retired,2250.0,0,0,0,3,3
Z1024021,Zoya Aridi Cropped Jacket,Zoya Aridi Cropped Jacket - Black / White,Z1024021PR31X/2X,60046483,Zoya,Outerwear,Jackets & Coats,Retired,2250.0,0,0,0,1,1
Z1024021,Zoya Aridi Cropped Jacket,Zoya Aridi Cropped Jacket - Navy / Blue,Z1024021PR5XS/S,60051550,Zoya,Outerwear,Jackets & Coats,Retired,2050.0,0,1.0,1.0,0,2
Z1024023,Zoya Aridi Leggings,Zoya Aridi Leggings - Navy,Z1024023NAVXS,60046358,Zoya,Bottoms,Leggings,Retired,500.0,0,0,0,2,2
Z1024023,Zoya Aridi Leggings,Zoya Aridi Leggings - Navy,Z1024023NAV1X,60046362,Zoya,Bottoms,Leggings,Retired,500.0,0,0,0,3,3
Z1024023,Zoya Aridi Leggings,Zoya Aridi Leggings - Navy,Z1024023NAV3X,60046364,Zoya,Bottoms,Leggings,Retired,500.0,0,0,0,1,1
Z1024050,Zoya X Metamorphisized 143 Raglan Sleeve Crop Top,Zoya X Metamorphisized 143 Raglan Sleeve Crop Top - Black,Z1024050BLA1X,60048184,Zoya,Tops,Midriff & Crop Tops,Retired,1250.0,0,0,0,1,1
Z1024050,Zoya X Metamorphisized 143 Raglan Sleeve Crop Top,Zoya X Metamorphisized 143 Raglan Sleeve Crop Top - Black,Z1024050BLA2X,60048185,Zoya,Tops,Midriff & Crop Tops,Retired,1250.0,0,0,0,1,1
Z1024050,Zoya X Metamorphisized 143 Raglan Sleeve Crop Top,Zoya X Metamorphisized 143 Raglan Sleeve Crop Top - Navy Blue,Z1024050NABL,60047642,Zoya,Tops,Midriff & Crop Tops,Retired,850.0,0,0,0,1,1
Z1024050,Zoya X Metamorphisized 143 Raglan Sleeve Crop Top,Zoya X Metamorphisized 143 Raglan Sleeve Crop Top - Navy Blue,Z1024050NAB1X,60047643,Zoya,Tops,Midriff & Crop Tops,Retired,850.0,0,0,0,1,1
Z1024051,Zoya X Metamorphisized 143 Raglan Sleeve Midriff Top,Zoya X Metamorphisized 143 Raglan Sleeve Midriff Top - White,Z1024051WHI2X,60047654,Zoya,Tops,Midriff & Crop Tops,Retired,1550.0,0,0,0,1,1
Z1024053,Zoya X Metamorphisized 143 Oversized Bowling Shirt,Zoya X Metamorphisized 143 Oversized Bowling Shirt - White / Black,Z1024053PR11X,60048304,Zoya,Tops,Fitted Tops,Retired,3750.0,0,0,0,2,2
Z1024053,Zoya X Metamorphisized 143 Oversized Bowling Shirt,Zoya X Metamorphisized 143 Oversized Bowling Shirt - White / Black,Z1024053PR1M,60048302,Zoya,Tops,Fitted Tops,Retired,3750.0,0,0,0,1,1
Z1024053,Zoya X Metamorphisized 143 Oversized Bowling Shirt,Zoya X Metamorphisized 143 Oversized Bowling Shirt - White / Black,Z1024053PR1L,60048303,Zoya,Tops,Fitted Tops,Retired,3750.0,0,1.0,1.0,1,3
Z1024053,Zoya X Metamorphisized 143 Oversized Bowling Shirt,Zoya X Metamorphisized 143 Oversized Bowling Shirt - White / Chocolate,Z1024053PR21X,60048308,Zoya,Tops,Fitted Tops,Retired,2250.0,0,0,1.0,1,2
Z1024053,Zoya X Metamorphisized 143 Oversized Bowling Shirt,Zoya X Metamorphisized 143 Oversized Bowling Shirt - White / Chocolate,Z1024053PR2L,60048307,Zoya,Tops,Fitted Tops,Retired,2250.0,0,0,1.0,1,2
Z1024057,Zoya X Metamorphisized 143 Cropped Bomber Jacket,Zoya X Metamorphisized 143 Cropped Bomber Jacket - Black,Z1024057BLAM/L,60047396,Zoya,Outerwear,Jackets & Coats,Retired,3250.0,0,0,0,2,2
Z1024057,Zoya X Metamorphisized 143 Cropped Bomber Jacket,Zoya X Metamorphisized 143 Cropped Bomber Jacket - Black,Z1024057BLA1X/2X,60047397,Zoya,Outerwear,Jackets & Coats,Retired,3250.0,0,1.0,0,0,1
Z1024057,Zoya X Metamorphisized 143 Cropped Bomber Jacket,Zoya X Metamorphisized 143 Cropped Bomber Jacket - Denim Stripes,Z1024057PR11X/2X,60047401,Zoya,Outerwear,Jackets & Coats,Retired,3250.0,0,0,0,1,1
Z1024057,Zoya X Metamorphisized 143 Cropped Bomber Jacket,Zoya X Metamorphisized 143 Cropped Bomber Jacket - Denim Stripes,Z1024057PR1XS/S,60047399,Zoya,Outerwear,Jackets & Coats,Retired,3250.0,0,0,0,1,1
Z1024057,Zoya X Metamorphisized 143 Cropped Bomber Jacket,Zoya X Metamorphisized 143 Cropped Bomber Jacket - Denim Stripes,Z1024057PR1M/L,60047400,Zoya,Outerwear,Jackets & Coats,Retired,3250.0,0,0,1.0,0,1
Z1024059,Zoya X Metamorphisized 143 Cropped Jacket,Zoya X Metamorphisized 143 Cropped Jacket - Blue / Black,Z1024059PR1M/L,60047103,Zoya,Outerwear,Jackets & Coats,Retired,2550.0,0,0,0,2,2
Z1024059,Zoya X Metamorphisized 143 Cropped Jacket,Zoya X Metamorphisized 143 Cropped Jacket - Blue / Black,Z1024059PR11X/2X,60047104,Zoya,Outerwear,Jackets & Coats,Retired,2550.0,0,0,1.0,0,1
Z1024087,Zoya X Metamorphisized 143 Pleated Flannel Mini Skirt,Zoya X Metamorphisized 143 Pleated Flannel Mini Skirt - Blue Plaid,Z1024087PR1XS,60047734,Zoya,Skirts,Short & Mini Skirts,Retired,1950.0,0,0,0,1,1
Z1024087,Zoya X Metamorphisized 143 Pleated Flannel Mini Skirt,Zoya X Metamorphisized 143 Pleated Flannel Mini Skirt - Blue Plaid,Z1024087PR1L,60047737,Zoya,Skirts,Short & Mini Skirts,Retired,1950.0,0,0,1.0,0,1
Z1024087,Zoya X Metamorphisized 143 Pleated Flannel Mini Skirt,Zoya X Metamorphisized 143 Pleated Flannel Mini Skirt - Blue Plaid,Z1024087PR1S,60047735,Zoya,Skirts,Short & Mini Skirts,Retired,1950.0,0,0,1.0,1,2
Z1024087,Zoya X Metamorphisized 143 Pleated Flannel Mini Skirt,Zoya X Metamorphisized 143 Pleated Flannel Mini Skirt - Blue Plaid,Z1024087PR11X,60047738,Zoya,Skirts,Short & Mini Skirts,Retired,1950.0,0,0,2.0,0,2
Z1024087,Zoya X Metamorphisized 143 Pleated Flannel Mini Skirt,Zoya X Metamorphisized 143 Pleated Flannel Mini Skirt - Blue Plaid,Z1024087PR1M,60047736,Zoya,Skirts,Short & Mini Skirts,Retired,1950.0,0,0,0,5,5
Z1024087,Zoya X Metamorphisized 143 Pleated Flannel Mini Skirt,Zoya X Metamorphisized 143 Pleated Flannel Mini Skirt - Hunters Plaid,Z1024087PR21X,60047747,Zoya,Skirts,Short & Mini Skirts,Retired,1950.0,0,0,1.0,0,1
Z1123021,Zoya Party Drawstring Hoodie,Zoya Party Drawstring Hoodie - Buttermilk,Z1123021BUTXS,60029229,Zoya,Outerwear,Hoodies & Sweatshirts,Retired,2750.0,0,0,0,1,1
Z1123021,Zoya Party Drawstring Hoodie,Zoya Party Drawstring Hoodie - Buttermilk,Z1123021BUT3X,60029235,Zoya,Outerwear,Hoodies & Sweatshirts,Retired,2750.0,0,0,0,2,2
Z1123021,Zoya Party Drawstring Hoodie,Zoya Party Drawstring Hoodie - Buttermilk,Z1123021BUTM,60029231,Zoya,Outerwear,Hoodies & Sweatshirts,Retired,2750.0,0,0,0,3,3
Z1123021,Zoya Party Drawstring Hoodie,Zoya Party Drawstring Hoodie - Buttermilk,Z1123021BUTS,60029230,Zoya,Outerwear,Hoodies & Sweatshirts,Retired,2750.0,0,0,0,3,3
Z1123021,Zoya Party Drawstring Hoodie,Zoya Party Drawstring Hoodie - Buttermilk,Z1123021BUT2X,60029234,Zoya,Outerwear,Hoodies & Sweatshirts,Retired,2750.0,0,0,0,1,1
Z1123021,Zoya Party Drawstring Hoodie,Zoya Party Drawstring Hoodie - Safron,Z1123021SAF3X,60029226,Zoya,Outerwear,Hoodies & Sweatshirts,Retired,1050.0,0,0,1.0,0,1
Z1123021,Zoya Party Drawstring Hoodie,Zoya Party Drawstring Hoodie - Safron,Z1123021SAFXS,60029220,Zoya,Outerwear,Hoodies & Sweatshirts,Retired,1050.0,0,0,0,2,2
Z1123021,Zoya Party Drawstring Hoodie,Zoya Party Drawstring Hoodie - Safron,Z1123021SAF1X,60029224,Zoya,Outerwear,Hoodies & Sweatshirts,Retired,1050.0,0,0,1.0,0,1
Z1123021,Zoya Party Drawstring Hoodie,Zoya Party Drawstring Hoodie - Safron,Z1123021SAFL,60029223,Zoya,Outerwear,Hoodies & Sweatshirts,Retired,1050.0,0,0,1.0,0,1
Z1123021,Zoya Party Drawstring Hoodie,Zoya Party Drawstring Hoodie - Safron,Z1123021SAF4X,60029227,Zoya,Outerwear,Hoodies & Sweatshirts,Retired,1050.0,0,0,0,1,1
Z1123021,Zoya Party Drawstring Hoodie,Zoya Party Drawstring Hoodie - Safron,Z1123021SAF2X,60029225,Zoya,Outerwear,Hoodies & Sweatshirts,Retired,1050.0,0,0,0,1,1
Z1123021,Zoya Party Drawstring Hoodie,Zoya Party Drawstring Hoodie - Safron,Z1123021SAFM,60029222,Zoya,Outerwear,Hoodies & Sweatshirts,Retired,1050.0,0,0,0,2,2
Z1123024,Zoya Party Sleeveless Bodysuit,Zoya Party Sleeveless Bodysuit - Black,Z1123024BLA4X,60029399,Zoya,Tops,Bodysuits,Retired,1950.0,0,1.0,0,1,2
Z1123024,Zoya Party Sleeveless Bodysuit,Zoya Party Sleeveless Bodysuit - Black,Z1123024BLA3X,60029398,Zoya,Tops,Bodysuits,Retired,1950.0,0,0,0,1,1
Z1123024,Zoya Party Sleeveless Bodysuit,Zoya Party Sleeveless Bodysuit - Navy Blue,Z1123024NBLXS,60029400,Zoya,Tops,Bodysuits,Retired,1950.0,0,0,0,1,1
Z1123024,Zoya Party Sleeveless Bodysuit,Zoya Party Sleeveless Bodysuit - Navy Blue,Z1123024NBL4X,60029407,Zoya,Tops,Bodysuits,Retired,1950.0,0,0,0,2,2
Z1123024,Zoya Party Sleeveless Bodysuit,Zoya Party Sleeveless Bodysuit - Navy Blue,Z1123024NBLS,60029401,Zoya,Tops,Bodysuits,Retired,1950.0,0,0,0,5,5
Z1123024,Zoya Party Sleeveless Bodysuit,Zoya Party Sleeveless Bodysuit - Navy Blue,Z1123024NBL3X,60029406,Zoya,Tops,Bodysuits,Retired,1950.0,0,0,0,1,1
Z1123024,Zoya Party Sleeveless Bodysuit,Zoya Party Sleeveless Bodysuit - Navy Blue,Z1123024NBLL,60029403,Zoya,Tops,Bodysuits,Retired,1950.0,0,0,0,1,1
Z1123050,Zoya Party Low V-Neck Bodysuit,Zoya Party Low V-Neck Bodysuit - Navy Blue,Z1123050NAB4X,60029311,Zoya,Tops,Bodysuits,Retired,1950.0,0,0,0,1,1
Z1123050,Zoya Party Low V-Neck Bodysuit,Zoya Party Low V-Neck Bodysuit - Pink / Taupe,Z1123050PR1S,60033190,Zoya,Tops,Bodysuits,Retired,1950.0,0,0,0,3,3
Z1123052,Zoya Party Cowl Bare Back Mini Dress,Zoya Party Cowl Bare Back Mini Dress - Black,Z1123052BLA1X,60029342,Zoya,Dresses,Short & Mini Dresses,Retired,1375.0,0,0,0,1,1
Z1123052,Zoya Party Cowl Bare Back Mini Dress,Zoya Party Cowl Bare Back Mini Dress - Black,Z1123052BLA4X,60029345,Zoya,Dresses,Short & Mini Dresses,Retired,1375.0,0,0,0,1,1
Z1123052,Zoya Party Cowl Bare Back Mini Dress,Zoya Party Cowl Bare Back Mini Dress - Black,Z1123052BLA3X,60029344,Zoya,Dresses,Short & Mini Dresses,Retired,1375.0,0,0,0,1,1
Z1123052,Zoya Party Cowl Bare Back Mini Dress,Zoya Party Cowl Bare Back Mini Dress - Black,Z1123052BLA2X,60029343,Zoya,Dresses,Short & Mini Dresses,Retired,1375.0,0,0,0,1,1
Z1123052,Zoya Party Cowl Bare Back Mini Dress,Zoya Party Cowl Bare Back Mini Dress - Navy Blue,Z1123052NAB2X,60029335,Zoya,Dresses,Short & Mini Dresses,Retired,1050.0,0,0,0,1,1
Z1123052,Zoya Party Cowl Bare Back Mini Dress,Zoya Party Cowl Bare Back Mini Dress - Navy Blue,Z1123052NAB4X,60029337,Zoya,Dresses,Short & Mini Dresses,Retired,1050.0,0,0,0,1,1
Z1123052,Zoya Party Cowl Bare Back Mini Dress,Zoya Party Cowl Bare Back Mini Dress - Navy Blue,Z1123052NAB3X,60029336,Zoya,Dresses,Short & Mini Dresses,Retired,1050.0,0,0,0,1,1
Z1123052,Zoya Party Cowl Bare Back Mini Dress,Zoya Party Cowl Bare Back Mini Dress - Safron / Mustard Waridi Print,Z1123052PR24X,60029329,Zoya,Dresses,Short & Mini Dresses,Retired,2750.0,0,0,0,2,2
Z1123052,Zoya Party Cowl Bare Back Mini Dress,Zoya Party Cowl Bare Back Mini Dress - Safron / Mustard Waridi Print,Z1123052PR21X,60029326,Zoya,Dresses,Short & Mini Dresses,Retired,2750.0,0,0,0,1,1
Z1123052,Zoya Party Cowl Bare Back Mini Dress,Zoya Party Cowl Bare Back Mini Dress - Safron / Mustard Waridi Print,Z1123052PR2M,60029324,Zoya,Dresses,Short & Mini Dresses,Retired,2750.0,0,0,0,1,1
Z1123052,Zoya Party Cowl Bare Back Mini Dress,Zoya Party Cowl Bare Back Mini Dress - Taupe / Pink Waridi Print,Z1123052PR11X,60029387,Zoya,Dresses,Short & Mini Dresses,Retired,2750.0,0,0,0,1,1
Z1123052,Zoya Party Cowl Bare Back Mini Dress,Zoya Party Cowl Bare Back Mini Dress - Taupe / Pink Waridi Print,Z1123052PR14X,60029390,Zoya,Dresses,Short & Mini Dresses,Retired,2750.0,0,0,0,1,1
Z1123052,Zoya Party Cowl Bare Back Mini Dress,Zoya Party Cowl Bare Back Mini Dress - Taupe / Pink Waridi Print,Z1123052PR12X,60029388,Zoya,Dresses,Short & Mini Dresses,Retired,2750.0,0,0,0,1,1
Z1123052,Zoya Party Cowl Bare Back Mini Dress,Zoya Party Cowl Bare Back Mini Dress - Taupe / Pink Waridi Print,Z1123052PR13X,60029389,Zoya,Dresses,Short & Mini Dresses,Retired,2750.0,0,0,0,1,1
Z1123052,Zoya Party Cowl Bare Back Mini Dress,Zoya Party Cowl Bare Back Mini Dress - Taupe / Pink Waridi Print,Z1123052PR1S,60029384,Zoya,Dresses,Short & Mini Dresses,Retired,2750.0,0,0,0,2,2
Z1123055,Zoya Party Sheer Pants,Zoya Party Sheer Pants - Buttermilk,Z1123055BUT3X,60029252,Zoya,Bottoms,Full Length Pants,Retired,2250.0,0,0,0,1,1
Z1123055,Zoya Party Sheer Pants,Zoya Party Sheer Pants - Buttermilk,Z1123055BUTL,60029249,Zoya,Bottoms,Full Length Pants,Retired,2250.0,0,0,0,1,1
Z1123055,Zoya Party Sheer Pants,Zoya Party Sheer Pants - Buttermilk,Z1123055BUTM,60029248,Zoya,Bottoms,Full Length Pants,Retired,2250.0,0,1.0,0,2,3
Z1123055,Zoya Party Sheer Pants,Zoya Party Sheer Pants - Buttermilk,Z1123055BUTXS,60029246,Zoya,Bottoms,Full Length Pants,Retired,2250.0,0,0,0,1,1
Z1123055,Zoya Party Sheer Pants,Zoya Party Sheer Pants - Buttermilk,Z1123055BUT2X,60029251,Zoya,Bottoms,Full Length Pants,Retired,2250.0,0,0,0,1,1
Z1123055,Zoya Party Sheer Pants,Zoya Party Sheer Pants - Buttermilk,Z1123055BUT1X,60029250,Zoya,Bottoms,Full Length Pants,Retired,2250.0,0,0,0,1,1
Z1123055,Zoya Party Sheer Pants,Zoya Party Sheer Pants - Buttermilk,Z1123055BUTS,60029247,Zoya,Bottoms,Full Length Pants,Retired,2250.0,0,0,0,1,1
Z1124120,Zoya Kyro Strappy Vest,Zoya Kyro Strappy Vest - Grey,Z1124120GRES,60049189,Zoya,Tops,Fitted Tops,Retired,950.0,0,0,0,1,1
Z1124124,Zoya Kyro Pleated Mini Skirt,Zoya Kyro Pleated Mini Skirt - Grey,Z1124124GREXS,60049890,Zoya,Skirts,Short & Mini Skirts,Retired,450.0,0,0,0,1,1
Z1124124,Zoya Kyro Pleated Mini Skirt,Zoya Kyro Pleated Mini Skirt - Taupe,Z1124124TAUS,60049330,Zoya,Skirts,Short & Mini Skirts,Retired,1550.0,0,0,1.0,0,1
Z1219015,Zoya Basic Val Tank Top,Zoya Basic Val Tank Top - Forest Green,Z1219015FGN2X,60021685,Zoya,Tops,T-shirts & Tank Tops,Retired,1100.0,0,0,1.0,0,1
Z1219015,Zoya Basic Val Tank Top,Zoya Basic Val Tank Top - Navy Blue,Z1219015NAB3X,60036636,Zoya,Tops,T-shirts & Tank Tops,Retired,1300.0,0,0,2.0,0,2
Z1219015,Zoya Basic Val Tank Top,Zoya Basic Val Tank Top - Navy Blue,Z1219015NAB4X,60036637,Zoya,Tops,T-shirts & Tank Tops,Retired,1300.0,0,0,1.0,0,1
Z1219015,Zoya Basic Val Tank Top,Zoya Basic Val Tank Top - Yellow,Z1219015YELM,40012347,Zoya,Tops,T-shirts & Tank Tops,Retired,1000.0,0,0,1.0,0,1
Z1223003,Zoya Sitawi Bodycon,Zoya Sitawi Bodycon - Black,Z1223003BLAXS,60031127,Zoya,Dresses,Short & Mini Dresses,Retired,2550.0,0,0,0,1,1
Z1223003,Zoya Sitawi Bodycon,Zoya Sitawi Bodycon - Navy blue,Z1223003NABM,60030706,Zoya,Dresses,Short & Mini Dresses,Retired,2550.0,0,1.0,0,3,4
Z1223003,Zoya Sitawi Bodycon,Zoya Sitawi Bodycon - Navy blue,Z1223003NAB3X,60031134,Zoya,Dresses,Short & Mini Dresses,Retired,2550.0,0,0,1.0,0,1
Z1223003,Zoya Sitawi Bodycon,Zoya Sitawi Bodycon - Navy blue,Z1223003NABXS,60031132,Zoya,Dresses,Short & Mini Dresses,Retired,2550.0,0,0,0,1,1
Z1223003,Zoya Sitawi Bodycon,Zoya Sitawi Bodycon - Navy blue,Z1223003NABS,60030705,Zoya,Dresses,Short & Mini Dresses,Retired,2550.0,0,2.0,0,3,5
