product_name,barcode,sku,price,retired_qty
Vivo Basic Drop Shoulder Top - Pink,60054366,V0622002PINM,950,83
Vivo Nuru Maxi Kimono - Black,60060257,V0725020BLAF,5500,57
Vivo Nuru Maxi Kimono - Maroon,60060258,V0725020MARF,5500,51
Safari Zene Off Shoulder Top - Hunters,60054299,S1023060HUNM,3550,46
Vivo Basic Drop Shoulder Top - Pink,60054367,V0622002PINL,950,43
Vivo Basic Drop Shoulder Top - Pink,60054365,V0622002PINS,950,32
Vivo Alma Short Sleeve Mini Bodycon - Lime,60060313,V0825060LIMM,3500,26
Vivo Basic Sleeveless Tent Kimono - Baby Blue,60047168,V1024064BBLUF,1950,22
Vivo Nora Front Slit Knee Length Skirt - Purple,60058537,V0825012PURM,3500,22
Vivo Waridi Sleeveless Overcoat - Navy Blue,40017071,V1020056NABS,3950,22
Vivo Basic Sleeveless Tent Kimono - Pink,60047170,V1024064PINF,3250,20
Vivo Diella 3/4 Sleeve A-Line Dress - Dark Purple,60056641,V0425056DPURM,4500,20
Vivo Basic Drop Shoulder Top - Pink,60054368,V0622002PIN1X,950,19
Vivo X This Is Essential Ruched Bodysuit - Red,60044847,V0524005REDXXS,4250,18
Vivo Nora Front Slit Knee Length Skirt - Navy,60058533,V0825012NAVM,3500,17
Safari Tafari Wrap Top - Songwe Print,60060656,S1025031PR11S/M,3400,16
Vivo Basic Tolani Dress in Jersey - Olive,60065253,V0920021OLIL,4900,16
Vivo Imara Cap Sleeve Sheath Dress - Red,60057735,V0123007REDS,3500,16
Vivo Nuru Maxi Kimono - Brown,60060259,V0725020BRNF,5500,16
Vivo Tana Puff Sleeve Bodysuit - Red,60020986,V0822077REDL,2700,15
Shiv & Shikie X Safari Printed Short Sleeve Shirt - Grey / Black Ezi Print,60056440,S0425041PR2M,4800,14
Vivo Alma Short Sleeve Mini Bodycon - Lime,60060312,V0825060LIMS,3500,14
Vivo Nora Front Slit Knee Length Skirt - Red,60058529,V0825012REDM,3500,14
Vivo Rayon Jersey Slip Dress - Chocolate,60062037,V1025038CHOM,2800,14
Vivo Rayon Jersey Slip Dress - Navy,60062032,V1025038NAVM,2800,14
Vivo Tana Puff Sleeve Bodysuit - Red,60020985,V0822077REDM,2700,14
Vivo Alma Short Sleeve Mini Bodycon - Black,60060317,V0825060BLAM,3500,13
Vivo Diella 3/4 Sleeve A-Line Dress - Black,60056637,V0425056BLAM,4500,13
Vivo Nora 3/4 Sleeve Peplum Top - Navy,60058552,V0825009NAVS,2900,13
Vivo Tana Puff Sleeve Bodysuit - Dark Green,60010068,V0822077DGNM,2700,13
Vivo Waridi Sleeveless Overcoat - Navy Blue,40017073,V1020056NABL,3950,13
Vivo X This Is Essential One Shoulder Bodysuit - Navy,60045789,V0524004NAV2X,2250,13
Vivo X This Is Essential Raceback Bralette - Navy Blue,60035814,V0424116NABM,1500,13
Vivo Diella 3/4 Sleeve A-Line Dress - Dark Olive,60056376,V0425056DAOL,4500,12
Vivo J.O V-Neck Sheath Dress - Wine Red,60055819,V0621001WIRS,4250,12
Vivo Leila 3/4 Sleeve Tent Knee Length Dress - Teal,60044608,V0423056TEALL,4950,12
Vivo Lulu Cotton Barrel Pants - Maroon,60061737,V1125006MARM,4900,12
Vivo Nora Front Slit Knee Length Skirt - Purple,60058536,V0825012PURS,3500,12
Vivo Nora Front Slit Knee Length Skirt - Red,60058528,V0825012REDS,3500,12
Vivo Rayon Jersey Slip Dress - Chocolate,60062036,V1025038CHOS,2800,12
Vivo Tana Puff Sleeve Bodysuit - Chocolate Brown,60056903,V0822077CHBL,2700,12
Vivo Tana Puff Sleeve Bodysuit - Dark Green,60010069,V0822077DGNL,2700,12
Vivo X This Is Essential One Shoulder Bodysuit - Navy,60045783,V0524004NAVXXS,2250,12
Safari Naledi Gathered Panel Maxi Skirt - Pink,60055183,S0325065PINF,6400,11
Shiv & Shikie X Safari Short Sleeve Shirt - Black,60055653,S0625017BLAM,4800,11
Vivo 2-Way Wrap Top - Obu Print,60043355,V0224238PR7XS/S,3250,11
Vivo Basic Tolani Dress in Jersey - Olive,60065252,V0920021OLIM,4900,11
Vivo Basic Tolani Dress in Jersey - Taupe,60065524,V0920021TAUM,4900,11
Vivo Liora Shorts - Black,60061667,V0925026BLAM,2500,11
Vivo Liora Shorts - Black,60061666,V0925026BLAS,2500,11
Vivo Lulu Cotton Barrel Pants - Khaki Green,60061732,V1125006KHGRNM,4900,11
Vivo Nora Front Slit Knee Length Skirt - Navy,60058532,V0825012NAVS,3500,11
Vivo Tana Puff Sleeve Bodysuit - Red,60020987,V0822077REDXL,2700,11
Vivo X This Is Essential One Shoulder Bodysuit - Navy,60045785,V0524004NAVS,2250,11
Safari Bush Drop Shoulder Long Sleeve Top - Mustard,60037940,S0424064MUSM/L,1750,10
Safari Solana Bubble Midi Skirt in Cotton - White,60059741,S0825039WHIM,5800,10
Shiv & Shikie X Safari Faux Collar Printed Shirt - Grey/Black Ezi Print,60056094,S0525005PR1XS/S,2800,10
Vivo 2-Way Wrap Top - Neba Print,60042862,V0224238PR5XS,3250,10
Vivo Alma Short Sleeve Mini Bodycon - Lime,60060314,V0825060LIML,3500,10
Vivo Ari Sleeveless Straight Maxi Slit Dress - Sea Green,60057242,V0725029SEGM,4900,10
Vivo Basic Tolani Dress in Jersey - Olive,60065254,V0920021OLI1X,4900,10
Vivo J.O V-Neck Sheath Dress - Wine Red,60055820,V0621001WIRM,4250,10
Vivo Studio 2-piece in Mixed Media - Black,60062432,V0925053BLAM,6900,10
Vivo X This Is Essential  Sleeveless Scooped Neck Bodysuit - Chocolate,60045154,V0823158CHOCXXS,1950,10
Vivo Ari Sleeveless Straight Maxi Slit Dress - Sea Green,60057241,V0725029SEGS,4900,9
Vivo Imara Cap Sleeve Sheath Dress - Red,60057736,V0123007REDM,3500,9
Vivo Kelemi 4.0 Sleeveless Top - Navy / Mustard Nashe Print,60053678,V0325043PR3M,1450,9
Vivo Lulu Cotton Barrel Pants - Maroon,60061736,V1125006MARS,4900,9
Vivo Mistari 3/4 Sleeve V - Neck Collared Tunic Top - Black stripes,60052094,V0622041PR7F,3550,9
Vivo Nora 3/4 Sleeve Peplum Top - Navy,60058553,V0825009NAVM,2900,9
Vivo Nora 3/4 Sleeve Peplum Top - Purple,60058557,V0825009PURM,2900,9
Vivo Nora 3/4 Sleeve Peplum Top - Taupe,60058544,V0825009TAUS,2900,9
Vivo Rayon Jersey Slip Dress - Navy,60062031,V1025038NAVS,2800,9
Vivo Sierra Bishop Sleeve Top - Brown / Yellow Lika Print,60050363,V0121031PR17L,1350,9
Vivo X This Is Essential Raceback Bralette - Navy Blue,60035813,V0424116NABS,1500,9
Vivo X This Is Essentials Long Sleeve Crew Neck Bodysuit - Red,60045261,V1223037REDXXS,3800,9
Safari Kamari Capri Cargo Pants - White,60035281,S0224195WHIM,4750,8
Safari Sizani 2 Way Wrap Top - Tafo Print,60049641,S1124144PR1XS/S,3250,8
Safari Sizani Strappy Tent Top - Black,60050957,S1124116BLAM,2950,8
Safari Zene Off Shoulder Top - Rust,60036293,S1023060RUSM,1050,8
Shiv & Shikie X Safari Short Sleeve Shirt - Black,60055652,S0625017BLAS,4800,8
Shiv & Shikie X Safari Short Sleeve Shirt - Lime,60056223,S0625017LIMM,4800,8
Vivo Basic Jeggings - Black,60052211,V0325021BLAS,3550,8
Vivo Basic Liv Chiffon Top - Off-white / Black Print,60052207,V1019045PR22F,1150,8
Vivo Basic Maternity Leggings - Navy Blue,60013552,V1022057NABS,2750,8
Vivo Basic Sleeveless Midi Jersey Waterfall - Navy Blue,60026506,V1122192NAB1X/2X,2000,8
Vivo Basic Spaghetti Strap Tank Top - Tan,60032507,V0623033TAN2X,450,8
Vivo Basic Tolani Dress in Jersey - Fuschia,60065243,V0920021FUSL,4900,8
Vivo Basic Tolani Dress in Jersey - Taupe,60065525,V0920021TAUL,4900,8
Vivo Basic Tolani Dress in Jersey - Taupe,60065523,V0920021TAUS,4900,8
Vivo J.O V-Neck Sheath Dress - Navy Blue,50014556,V0621001NABS,4250,8
Vivo Kelemi 4.0 Sleeveless Top - Navy,60053225,V0325043NAVM,1150,8
Vivo Kitenge Wide Leg Pants - Maroon / Pink Ara Print,60059242,VE0032PR17M,4500,8
Vivo Nora Front Pleat Knee Length Dress - Black,60058864,V0825014BLAM,2250,8
Vivo Nora Front Slit Knee Length Skirt - Red,60058531,V0825012RED1X,3500,8
Vivo Nora Front Slit Knee Length Skirt - Red,60058530,V0825012REDL,3500,8
Vivo Rayon Jersey Slip Dress - Navy,60062033,V1025038NAVL,2800,8
Vivo Safa Skirt - Black,60058508,V0325007BLAS,2950,8
Vivo X This Is Essential  Sleeveless Scooped Neck Bodysuit - Red,60045172,V0823158REDXXS,1950,8
Safari Bush Drop Shoulder Long Sleeve Top - Mustard,60037939,S0424064MUSXS/S,1750,7
Safari By Vivo Mens Cotton Short Sleeve Shirt - White / Black Print,60060531,S0925060PR1M,4400,7
Safari Chui Lined Jacket - White Cloud,60047579,S1024005WHICS,8950,7
Safari Men's Long Sleeve Shirt - Khaki,60035696,S0424145KHAM,1250,7
Safari Sizani 2 Way Wrap Top - Himo Print,60049637,S1124144PR2M/L,3250,7
Safari Solana Bubble Midi Skirt in Cotton - White,60059740,S0825039WHIS,5800,7
Safari Tafari Wrap Top - Songwe Print,60060657,S1025031PR11L/1X,3400,7
Shiv & Shikie X Safari Faux Collar Shirt - Black,60055307,S0425045BLAXS/S,2800,7
Shiv & Shikie X Safari Printed Short Sleeve Shirt - Taupe / Black Ezi Print,60056444,S0425041PR3M,4800,7
Shiv & Shikie X Safari Short Sleeve Shirt - Lime,60056222,S0625017LIMS,4800,7
Vivo Alani High Low Dress - Black Stripes Print,60056579,V0625018PR5S,2250,7
Vivo Alma Short Sleeve Mini Bodycon - Lime,60060315,V0825060LIM1X,3500,7
Vivo Ayah Satin Pants - Dark Red,60052420,V0225031DARM,3950,7
Vivo Basic Ali Jacket - Navy Blue,40008533,V0819124NABS,2950,7
Vivo Basic Drop Shoulder Top - Mustard,60039835,V0622002MUSL,2550,7
Vivo Basic Drop Shoulder Top - Mustard,60039836,V0622002MUSXL,2550,7
Vivo Basic Sleeveless Sienna Waterfall - Teal,60031674,V0321017TEA1X,2250,7
Vivo Basic Spaghetti Strap Tank Top - Tan,60032509,V0623033TAN4X,450,7
Vivo Basic Tolani Dress in Jersey - Fuschia,60065242,V0920021FUSM,4900,7
Vivo Kelemi 4.0 Kimono - Purple,60046589,V0325041PURL,6950,7
Vivo Kelemi 4.0 Sleeveless Top - Lilac / Magenta Nashe Print,60053219,V0325043PR1M,1450,7
Vivo Kitenge Strappy Tie Back Top - Obu,90004942,V0624025PR91X,2900,7
Vivo Lulu Cotton Barrel Pants - Khaki Green,60061731,V1125006KHGRNS,4900,7
Vivo Nora 3/4 Sleeve Peplum Top - Red,60058549,V0825009REDM,2900,7
Vivo Nora Front Pleat Knee Length Dress - Black,60058863,V0825014BLAS,2250,7
Vivo Nora Front Pleat Knee Length Dress - Pink,60058884,V0825014PINM,2250,7
Vivo Nora Front Slit Knee Length Skirt - Hunters,60058520,V0825012HUNS,3500,7
Vivo Nora Front Slit Knee Length Skirt - Navy,60058534,V0825012NAVL,3500,7
Vivo Rayon Jersey Slip Dress - White,60062027,V1025038WHIM,2800,7
Vivo Seli Strappy Tent Top - Black,60051220,V0125047BLAS,750,7
Vivo Seli Strappy Tent Top - White / Black Esli Print,60051226,V0125047PR1L,750,7
Vivo Tana Puff Sleeve Bodysuit - Dark Green,60010070,V0822077DGNXL,2700,7
Vivo X This Is Essential  Sleeveless High Neck Bodysuit - Chocolate,60045229,V0823154CHOCXXS,2250,7
Vivo X This Is Essential Short Unitard - Black,60031823,V0224109BLAXS,3250,7
Vivo X This Is Essential Sleeveless Scooped Neck Bodysuit - Grey,60045160,V0823158GREY2X,1950,7
Vivo X This Is Essential Strappy Bodysuit - White,60024900,V0823155WHI2X,2250,7
Vivo X This Is Essentials Long Sleeve Crew Neck Bodysuit - Grey,60045254,V1223037GREYXXS,3750,7
Vivo Yene Layered Top - Mint Green,60051236,V0125006MINL,1050,7
Safari By Vivo Mens Cotton Long Sleeve Shirt - White / Navy Print,60060670,S0925062PR1M,5400,6
Safari Kamari Long Sleeve Drawstring Shacket - Hunters Green,60034997,S0224181HGNXS/S,5550,6
Safari Mali Bishop Sleeve Shirt Dress - Khaki,60039160,S0223180KHAM,3500,6
Safari Men's Bomber Jacket - Dark Grey,60037669,S0424035DGRYM,4200,6
Safari Men's Cargo Pants - Dark Grey,60035965,S0424047DGRYM,1750,6
Safari Men's Chinese Collar Long Sleeve Shirt - Coral,60036659,S0424039CORM,1150,6
Safari Naledi 3/4 Sleeve Tent Dress - Navy Pinstripes Print,60055625,S0425057PR1M,6800,6
Safari Naledi Gathered Panel Maxi Skirt - Navy,60055220,S0325065NAVF,6400,6
Safari Sizani 2 Way Wrap Top - Tafo Print,60049642,S1124144PR1M/L,3250,6
Safari Spaghetti Tank Top - Light Taupe,60035318,S0424062LTAU1X/2X,650,6
Vivo Alani High Low Dress - Black Checkered Print,60056572,V0625018PR3M,2850,6
Vivo Ari Sleeveless Straight Maxi Slit Dress - Red,60057247,V0725029REDL,4900,6
Vivo Ari Sleeveless Straight Maxi Slit Dress - Sea Green,60057243,V0725029SEGL,4900,6
Vivo Basic Ali Jacket - Red,60056077,V0819124REDM,2950,6
Vivo Basic Double Layered Wrap Poncho - Off White,50008543,V0819102OFWF,5550,6
Vivo Basic Drop Shoulder Top - Mustard,60039834,V0622002MUSM,2550,6
Vivo Basic Tolani Dress in Jersey - Mulberry,60065237,V0920021MULM,4900,6
Vivo Diella 3/4 Sleeve A-Line Dress - Dark Purple,60056642,V0425056DPURL,4500,6
Vivo Full Length Kimono - Keri,60049405,V0224241PR101X/2X,5900,6
Vivo Iyana Tank Top - Lime Yellow,60057513,V0625044LMYM,1900,6
Vivo Leila 3/4 Sleeve Tent Knee Length Dress - Navy,60044604,V0423056NAVYL,4950,6
Vivo Leila 3/4 Sleeve Tent Knee Length Dress - Navy,60044603,V0423056NAVYM,4950,6
Vivo Nora 3/4 Sleeve Peplum Top - Red,60058548,V0825009REDS,2900,6
Vivo Nora Front Pleat Knee Length Dress - Orange,60058880,V0825014ORAM,2250,6
Vivo Nora Front Slit Knee Length Skirt - Hunters,60058521,V0825012HUNM,3500,6
Vivo Nora Front Slit Knee Length Skirt - Taupe,60058526,V0825012TAUL,3500,6
Vivo Nora Front Slit Knee Length Skirt - Taupe,60058524,V0825012TAUS,3500,6
Vivo Pelia Kimono - Maroon / White Meni Print,60046397,V1024045PR6F,950,6
Vivo X This Is Essential Short Unitard - Navy Blue,60034667,V0224109NABS,3250,6
Vivo Zahari Sweatheart Neck Jumpsuit - Taupe / White Print,60056126,V0623013PR5M,2450,6
Zoya Essentials Mini Bodycon - Teal / Brown Print,60028681,Z0821148PR8S,2750,6
Safari Anga Puffy Short Sleeve Tie Top - Navy Blue / Yellow Ankara Print,60029549,S0623056PR8M,960,5
Safari Bush Drop Shoulder Long Sleeve Top - Mustard,60037941,S0424064MUS1X/2X,1750,5
Safari Chui Cropped Jacket - White Cloud,60047042,S1024007WCLO1X,6250,5
Safari Kamari Capri Cargo Pants - White,60035280,S0224195WHIS,4750,5
Safari Kamari Front Slit Midi Skirt - White Cloud,60038072,S0424080WHCL,2000,5
Safari Kamari Mini Skirt - White Cloud,60037221,S0224199WHC4X,250,5
Safari Kamari Ribbed Top - Hunters Green,60037665,S0424073HGN3X,1100,5
Safari Kamari Ribbed Top - Hunters Green,60037666,S0424073HGN4X,1100,5
Safari Men's Bomber Jacket - Dark Grey,60037670,S0424035DGRYL,4200,5
Safari Sizani Men's Kitenge Tuxedo Shirt - Black,60049597,S1124151PR1L,4400,5
Safari Sizani Strappy Tent Top - Black,60050956,S1124116BLAS,2950,5
Safari Sizani Strappy Tent Top - White,60050953,S1124116WHTM,2950,5
Safari Solana Bubble Midi Skirt in Cotton - Chocolate,60065813,S0825039CHOCS,5800,5
Safari Solana Bubble Midi Skirt in Cotton - Orange,60065819,S0825039SORAM,5800,5
Safari Solana Bubble Midi Skirt in Cotton - White,60059742,S0825039WHIL,5800,5
Safari Tafari Shorts - Shan Print,60060978,S0925046PR10M,2800,5
Safari Tafari Wrap Top - Pangani Print,60060653,S1025031PR9L/1X,3400,5
Safari Tafari Wrap Top - Suma Print,60060651,S1025031PR8L/1X,3400,5
Safari Tiwa Barell Pants - Black,60053949,S0325031BLAS,5400,5
Shiv & Shikie X Safari Barrel Pants - Taupe,60055422,S0425039TAUS,4800,5
Shiv & Shikie X Safari Printed Short Sleeve Shirt - Grey / Black Ezi Print,60056439,S0425041PR2S,4800,5
Shiv & Shikie X Safari Printed Short Sleeve Shirt - Taupe / Black Ezi Print,60056443,S0425041PR3S,4800,5
Vivo Alani High Low Dress - Black Checkered Print,60056571,V0625018PR3S,2850,5
Vivo Alani High Low Dress - Black Stripes Print,60056580,V0625018PR5M,2250,5
Vivo Alma Short Sleeve Mini Bodycon - Black,60060316,V0825060BLAS,3500,5
Vivo Basic Destiny Chiffon Top - Green / Pink Print,60039420,V0719254PR15F,1250,5
Vivo Basic Double Layered Capri Skirt - Navy Blue,40004856,V0819031NABS,3500,5
Vivo Basic Sleeveless Extra Long Lily Waterfall - Yellow,60024952,V1122193YELL/1X,1950,5
Vivo Basic Sleeveless Midi Jersey Waterfall - Navy Blue,60026505,V1122192NABM/L,2000,5
Vivo Basic Spaghetti Strap Tank Top - Hunters Green,60032501,V0623033HGN4X,450,5
Vivo Basic Tolani Dress in Jersey - Fuschia,60065244,V0920021FUS1X,4900,5
Vivo Basic Tolani Dress in Jersey - Mulberry,60065238,V0920021MULL,4900,5
Vivo Basic Tolani Dress in Jersey - Olive,60065255,V0920021OLI2X,4900,5
Vivo Basic Tolani Dress in Jersey - Taupe,60065527,V0920021TAU2X,4900,5
Vivo Chiffon Shorts - Navy,60053198,V0325072NAVS,3550,5
Vivo Diella 3/4 Sleeve A-Line Dress - Black,60056638,V0425056BLAL,4500,5
Vivo Diella 3/4 Sleeve A-Line Dress - Black,60056636,V0425056BLAS,4500,5
Vivo Diella 3/4 Sleeve A-Line Dress - Dark Olive,60056377,V0425056DAO1X,4500,5
Vivo Diella 3/4 Sleeve A-Line Dress - Dark Olive,60056375,V0425056DAOM,4500,5
Vivo Diella 3/4 Sleeve A-Line Dress - Dark Olive,60056374,V0425056DAOS,4500,5
Vivo Diella 3/4 Sleeve A-Line Dress - Dark Purple,60056640,V0425056DPURS,4500,5
Vivo Full Length Kimono - Keri,60049404,V0224241PR10M/L,5900,5
Vivo Iyana Bubble Midi Skirt - Navy,60057601,V0625043NAVM,4900,5
Vivo Iyana Bubble Midi Skirt - Navy,60057600,V0625043NAVS,4900,5
Vivo Iyana Tank Top - Dark Purple,60057506,V0625044DAPL,1900,5
Vivo Iyana Tank Top - Green,60057517,V0625044GRNM,1900,5
Vivo Iyana Tank Top - Lime Yellow,60057512,V0625044LMYS,1900,5
Vivo Kelemi 4.0 Kimono - Purple,60046588,V0325041PURM,6950,5
Vivo Kelemi 4.0 Sleeveless Top - Navy,60053226,V0325043NAVL,1150,5
Vivo Kitenge Wrap Skirt - Tafo,60049402,VE003014PR9F,4950,5
Vivo Liora Shorts - Cream / Coral Ziza Print,60062116,V0925026PR2M,2500,5
Vivo Lulu Cotton Barrel Pants - Rust,60061636,V1125006RUSM,4900,5
Vivo Niari straight leg Pants - Maroon,60053010,V0225011MARM,3950,5
Vivo Nora 3/4 Sleeve Peplum Top - Taupe,60058545,V0825009TAUM,2900,5
Vivo Nora Front Pleat Knee Length Dress - Pink,60058885,V0825014PINL,2250,5
Vivo Nora Front Slit Knee Length Skirt - Taupe,60058525,V0825012TAUM,3500,5
Vivo Safa Skirt - Fuschia,60053315,V0325007FUS1X,2950,5
Vivo Safa Skirt - Fuschia,60053314,V0325007FUSL,2950,5
Vivo Safa Skirt - Fuschia,60053313,V0325007FUSM,2950,5
Vivo Safa Skirt - Taupe,60058514,V0325007TAUL,2950,5
Vivo Samira Maxi Kimono - Hunters / Red Print,60056025,V0525043PR13S/M,5900,5
Vivo Tana Puff Sleeve Bodysuit - Chocolate Brown,60056902,V0822077CHBM,2700,5
Vivo Tana Puff Sleeve Bodysuit - Chocolate Brown,60056901,V0822077CHBS,2700,5
Vivo Tana Puff Sleeve Bodysuit - Red,60020984,V0822077REDS,2700,5
Vivo Wila Dolman Tunic - Taupe,60043275,V0824021TAUM,1850,5
Vivo X This Is Essential One Shoulder Bodysuit - Navy,60045784,V0524004NAVXS,2250,5
Vivo X This Is Essential Raceback Bralette - Black,60035803,V0424116BLAXS,1500,5
Vivo X This Is Essential Raceback Bralette - Navy Blue,60035817,V0424116NAB2X,1500,5
Zoya Banda Unisex Jorts - Blue,60042069,Z0724069BLUS,550,5
Zoya Sitawi Bodycon - Navy blue,60030705,Z1223003NABS,2550,5
Safari Bush Drop Shoulder Long Sleeve Top - Hunters Green,60037938,S0424064HGN1X/2X,2000,4
Safari Chui Cropped Jacket - White Cloud,60047039,S1024007WCLOS,6250,4
Safari Chui Heavy Shirt - White,60047054,S1024013WHIS,5950,4
Safari Chui Lined Jacket - White Cloud,60047582,S1024005WHIC1X,8950,4
Safari Kamari Drop Shoulder Top - Navy Blue,60036024,S0224189NABM/L,1950,4
Safari Kamari Long Sleeve Drawstring Shacket - Black,60034993,S0224181BLAXS/S,5550,4
Safari Men's Shacket - Dark Grey,60035704,S0424037DGRYS,1850,4
Safari Naledi 3/4 Sleeve Tent Dress - White Polka Stripes,60055633,S0425057PR3M,4550,4
Safari Njano Joggers - Navy Blue / Tana Print,60059594,S0724143NABTM,4800,4
Safari Njano Men's Knee Length Shorts - Rust,60044522,S0824030RUSL,1150,4
Safari Njano Men's Knee Length Shorts - Rust,60044521,S0824030RUSM,1150,4
Safari Njano Men's Straight Leg Pants - Obu Print,60044496,S0824029PR2M-OBU,6250,4
Safari Savannah Wrap Top - Hunters,60051568,S0724009HUNM,5250,4
Safari Sizani 2 Way Wrap Top - Tafo Print,60049643,S1124144PR11X/2X,3250,4
Safari Sizani Barrel Pants - Navy Blue,60050928,S1124112NABS,5950,4
Safari Sizani Men's Kitenge Tuxedo Shirt - Black,60049595,S1124151PR1S,4400,4
Safari Sizani Strappy Tent Top - White,60050955,S1124116WHT1X,2950,4
Safari Sizani Strappy Tent Top - White,60050952,S1124116WHTS,2950,4
Safari Solana Bubble Midi Skirt in Cotton - Chocolate,60065814,S0825039CHOCM,5800,4
Safari Solana Bubble Midi Skirt in Cotton - Olive,60065805,S0825039OLIL,5800,4
Safari Solana Bubble Midi Skirt in Cotton - Olive,60065804,S0825039OLIM,5800,4
Safari Solana Bubble Midi Skirt in Cotton - Orange,60065820,S0825039SORAL,5800,4
Safari Solana Bubble Midi Skirt in Cotton - Orange,60065821,S0825039SORAS1X,5800,4
Safari Solana Bubble Midi Skirt in Cotton - Tan,60065809,S0825039TANM,5800,4
Safari Solana Bubble Midi Skirt in Cotton - White,60059743,S0825039WHI1X,5800,4
Safari Spaghetti Tank Top - Dark Taupe,60035314,S0424062DTAU1X/2X,1750,4
Safari Tafari Wrap Top - Cheli Print,60060636,S1025031PR1S/M,3400,4
Safari Tafari Wrap Top - Karanga Print,60060644,S1025031PR5S/M,3400,4
Safari Tafari Wrap Top - Wami Print,60060640,S1025031PR3S/M,3400,4
Safari Tafari Wrap Top - Weru Print,60060648,S1025031PR7S/M,3400,4
Safari Tiwa Barell Pants - Black,60053950,S0325031BLAM,5400,4
Safari Tiwa Shirred Midi Dress - Hunters,60053960,S0125056HUNXS/S,5800,4
Safari Zene Off Shoulder Top - Yellow,60027836,S1023060YELL,1100,4
Safari Zene Off Shoulder Top - Yellow,60027835,S1023060YELM,1100,4
Shiv & Shikie X Safari Barrel Pants - Black,60055427,S0425039BLAM,4800,4
Shiv & Shikie X Safari Barrel Pants - Black,60055426,S0425039BLAS,4800,4
Shiv & Shikie X Safari Faux Collar Printed Shirt - Grey/Black Ezi Print,60056095,S0525005PR1M/L,2800,4
Shiv & Shikie X Safari Short Sleeve Shirt - Black,60055654,S0625017BLAL,4800,4
Vivo  X This Is Essential Short Unitard - Black,60031822,V0224109BLAXXS,3250,4
Vivo Aleri Trench Coat Dress - Maroon,60057793,V0625059MARM,5900,4
Vivo Aleri Trench Coat Dress - Rust,60057788,V0625059RUSS,5900,4
Vivo Ari Sleeveless Straight Maxi Slit Dress - Chocolate Brown,60057238,V0725029CHBM,4900,4
Vivo Basic Ali Jacket - Burgundy,60042179,V0819124BURM,2950,4
Vivo Basic Ali Jacket - Red,60056078,V0819124REDL,2950,4
Vivo Basic Bishop Sleeve Top In Chiffon (Double Layered) - Light Blue,60064086,V0524179LBLL,3500,4
Vivo Basic Boundneck Puff Sleeve Top - Pink,40013982,V0320040PINL,3250,4
Vivo Basic Long Sleeved Double Layered Bodycon - Mustard,50009757,V0719261MUSL,4250,4
Vivo Basic Long Sleeved Top - Rust,60053922,V0719113RUSTM,1750,4
Vivo Basic Nalia High Low Jersey Top - Teal,60044417,V0121134TEAL1X/2X,1050,4
Vivo Basic Palazzo Pants - Hunters Green,60030441,V0819137HGNS,2000,4
Vivo Basic Palazzo Pants - Navy Blue,60043327,V0819137NVBS,2800,4
Vivo Basic Sleeveless Sienna Waterfall - Navy Blue,50010432,V0321017NABXL,2250,4
Vivo Basic Spaghetti Strap Tank Top - Navy Blue,60032504,V0623033NAB3X,550,4
Vivo Basic Spaghetti Strap Tank Top - Navy Blue,60032505,V0623033NAB4X,550,4
Vivo Basic Tolani Dress in Jersey - Chocolate,60065248,V0920021CHOL,4900,4
Vivo Basic Tolani Dress in Jersey - Chocolate,60065247,V0920021CHOM,4900,4
Vivo Basic V-neck Cap Sleeve Top - Orange,60039712,V0323019ORA3X,2550,4
Vivo Chiffon Shorts - Navy,60053199,V0325072NAVM,3550,4
Vivo Diella V-Neck Jumpsuit - Peach / Navy Print,60056241,V0525076PR1M,2350,4
Vivo Essentials Bodycon - Orange,90000305,VE0008ORAXS,3950,4
Vivo Essentials Strappy Cold Shoulder Top - Black,90001704,VE0009BLAL/1X,2600,4
Vivo Essentials Tank Top - Teal,90000519,VE0001TEA2X,750,4
Vivo Extra Long May Jersey Waterfall - Taupe,60026521,V0621112TAUL/XL,4550,4
Vivo Iyana Bubble Midi Skirt - Green / Pink Iya Print,60057608,V0625043PR1S,4050,4
Vivo Iyana Bubble Midi Skirt - Navy,60057603,V0625043NAV1X,4900,4
Vivo Iyana Tank Top - Dark Purple,60057505,V0625044DAPM,1900,4
Vivo Iyana Wide Leg Pants - Navy,60057820,V0625041NAVM,4900,4
Vivo Kelemi 4.0 Frilled Wide Top - Lilac,60053346,V0325047LILS/M,2350,4
Vivo Kelemi 4.0 Frilled Wide Top - White,60053350,V0325047WHIS/M,2350,4
Vivo Kelemi 4.0 Sleeveless Top - Lilac / Magenta Nashe Print,60053220,V0325043PR1L,1450,4
Vivo Leila Cap Sleeve Tent Knee Length Dress - Hunters,60044699,V0423055HUNTL,4550,4
Vivo Liora Shorts - Chocolate,60061672,V0925026CHOCM,2500,4
Vivo Lulu Cotton Barrel Pants - Maroon,60061738,V1125006MARL,4900,4
Vivo Mira Reversible Wrap Top - PEACH / BROWN FAN PRINT,60030609,V1123158PR1S,950,4
Vivo Mock Maxi Dress - Orange,60040371,V0719553ORAM,4750,4
Vivo Must Have Shorts - Shama,60042717,V0224240SHAM,3550,4
Vivo Naya One Shoulder Flounce Jumpsuit - Pweza Print,60023366,V0823125PR2M,1100,4
Vivo Naya One Shoulder Flounce Top - Tawi,60023248,V0823129PR3M,700,4
Vivo Nora 3/4 Sleeve Peplum Top - Hunters,60058541,V0825009HUNM,2250,4
Vivo Nora 3/4 Sleeve Peplum Top - Purple,60058556,V0825009PURS,2900,4
Vivo Nora Front Pleat Knee Length Dress - Black,60058865,V0825014BLAL,2250,4
Vivo Nora Front Pleat Knee Length Dress - Navy,60058868,V0825014NAVM,2250,4
Vivo Nora Front Pleat Knee Length Dress - Orange,60058881,V0825014ORAL,2250,4
Vivo Nora Front Slit Knee Length Skirt - Purple,60058539,V0825012PUR1X,3500,4
Vivo Nora Front Slit Knee Length Skirt - Purple,60058538,V0825012PURL,3500,4
Vivo Rema High Low Maxi Dress - Peach,60054665,V0425007PEAM,3550,4
Vivo Ria Drop Shoulder Top - Dark Mustard,60058495,V0825022DMUM,2500,4
Vivo Ria Mock Neck Top - Grey,60058675,V0725045GREM,2500,4
Vivo Ria Mock Neck Top - Lilac,60058681,V0725045LIL1X,2500,4
Vivo Ria Mock Neck Top - Lilac,60058678,V0725045LILS,2500,4
Vivo Safa Skirt - Fuschia,60053312,V0325007FUSS,2950,4
Vivo Safa Skirt - Off White,60053309,V0325007OWHIM,2950,4
Vivo Safa Skirt - Taupe,60058513,V0325007TAUM,2950,4
Vivo Safa Skirt - Taupe,60058512,V0325007TAUS,2950,4
Vivo Seli Strappy Tent Top - Black,60051221,V0125047BLAM,750,4
Vivo Sierra Bishop Sleeve Top - Brown / Yellow Lika Print,60050362,V0121031PR17M,1350,4
Vivo Studio 2-piece in Mixed Media - Black,60062433,V0925053BLAL,6900,4
Vivo Tana Puff Sleeve Bodysuit - Chocolate Brown,60056904,V0822077CHB1X,2700,4
Vivo Tana Puff Sleeve Bodysuit - Dark Green,60010067,V0822077DGNS,2700,4
Vivo Waridi Sleeveless Overcoat - Dark Teal,60033880,V1020056DTEAL,3950,4
Vivo Waridi Sleeveless Overcoat - Navy Blue,60053092,V1020056NAB2X,3950,4
Vivo X This Is Essential  Sleeveless Scooped Neck Bodysuit - Grey,60045163,V0823158GREYXXS,1950,4
Vivo X This Is Essential Raceback Bralette - Navy Blue,60035812,V0424116NABXS,1500,4
Vivo X This Is Essential Scooped Neck Bralette - Black / White,60038874,V0324021BLA/WHIS,1500,4
Vivo X This Is Essential Scooped Neck Bralette - Black / White,60038873,V0324021BLA/WHIXS,1500,4
Vivo X This Is Essential Scooped Neck Bralette - Navy Blue / White,60033852,V0324021NAB/WHIM,1500,4
Vivo X This Is Essential Short Unitard - Navy Blue,60034666,V0224109NABXS,3250,4
Vivo X This Is Essential Sleeveless Scooped Neck Bodysuit - Grey,60045159,V0823158GREY1X,1950,4
Zoya Basic Tank Top - Bright Green,60029371,Z0819065BGRN3X,350,4
Zoya Essentials Mini Bodycon - Teal / Brown Print,60028680,Z0821148PR8XS,2750,4
Zoya Sitawi Bodycon - Navy blue,60030706,Z1223003NABM,2550,4
Zoya Vasha Sleeveless Turtleneck Top - Black / Grey,60051854,Z0225001BLAGRYXS,1250,4
Safari Anga Puffy Short Sleeve Tie Top - Navy Blue / Yellow Ankara Print,60029548,S0623056PR8S,960,3
Safari Anga Wide Shorts - Navy Blue / Orange Ankara Print,60020944,S0623073PR1S,1050,3
Safari By Vivo Mens Cotton Long Sleeve Shirt - White / Navy Print,60060669,S0925062PR1S,5400,3
Safari By Vivo Mens Cotton Pants - Navy Blue,60061171,S0925061NBLUL,4800,3
Safari By Vivo Mens Cotton Shorts - Dark Grey,60061000,S0925059DGRYM,3400,3
Safari Chui Cropped Jacket - White Cloud,60047041,S1024007WCLOL,6250,3
Safari Chui Heavy Shirt - Red,60047043,S1024013REDS,5950,3
Safari Chui Lined Jacket - White Cloud,60047581,S1024005WHICL,8950,3
Safari Chui Lined Jacket - White Cloud,60048361,S1024005WHICXS,8950,3
Safari Kamari Drop Shoulder Top - Hunters Green,60034990,S0224189HGN1X/2X,1650,3
Safari Kamari Drop Shoulder Top - Navy Blue,60036023,S0224189NABXS/S,1950,3
Safari Kamari Front Slit Midi Skirt - Navy,60044532,S0424080NAVL,5550,3
Safari Kamari Front Slit Midi Skirt - Navy,60044531,S0424080NAVM,5550,3
Safari Kamari Ribbed Top - Beige,60037657,S0424073BEI3X,750,3
Safari Kikoy Joggers -Black,60026806,S0923114BLAM,1920,3
Safari Kikoy Off Shoulder Crop Top - Light Blue Print,60032568,S0923074PR5S,450,3
Safari Mali Bishop Sleeve Shirt Dress - Black,60039155,S0223180BLAM,4950,3
Safari Mali Bishop Sleeve Shirt Dress - Black,60039154,S0223180BLAS,4950,3
Safari Mali Bishop Sleeve Shirt Dress - Khaki,60039161,S0223180KHAL,3500,3
Safari Mali Bishop Sleeve Tent Dress - Teal,60038899,S0223179TEAL,5950,3
Safari Mali Bishop Sleeve Tent Dress - Teal,60038898,S0223179TEAM,5950,3
Safari Mansi Bishop Sleeve Shacket - Black,60048464,S0924002BLAML,2050,3
Safari Mansi Straight Leg Pants - Black,60045728,S0924017BLAL,4950,3
Safari Mansi Straight Leg Pants - Navy,60045733,S0924017NAV1X,4950,3
Safari Men's Bomber Jacket - Dark Grey,60037668,S0424035DGRYS,4200,3
Safari Men's Kitenge Drawstring Shorts - Keri Print,60049956,S0424041PR91X,1800,3
Safari Men's Kitenge Drawstring Shorts - Tana Print,60037799,S0424041PR63X,2050,3
Safari Men's Shacket - Dark Grey,60035705,S0424037DGRYM,1850,3
Safari Naledi 3/4 Sleeve Tent Dress - Pink Polka Stripes,60055637,S0425057PR5M-PIN,6800,3
Safari Nimali Bubble Sleeve Top - Red,60032582,S0124026REDM,3950,3
Safari Njano Men's Straight Leg Pants - Obu Print,60044497,S0824029PR2L,6250,3
Safari Savannah Men's Short Sleeve Shirt - Beige,60041670,S0724125BEIM,5950,3
Safari Savannah Men's Short Sleeve Shirt - Beige,60041669,S0724125BEIS,5950,3
Safari Savannah Men's Short Sleeve Shirt - White,60041675,S0724125WHIM,4200,3
Safari Savannah Men's Straight Leg Pants - Black,60041699,S0624027BLA1X,4800,3
Safari Savannah Wrap Top - Hunters,60051567,S0724009HUNS,5250,3
Safari Sizani 2 Way Wrap Top - Himo Print,60049636,S1124144PR2XS/S,3250,3
Safari Sizani Men's Kitenge Tuxedo Shirt - Black,60049596,S1124151PR1M,4400,3
Safari Sizani Strappy Tent Top - Black,60050958,S1124116BLAL,2950,3
Safari Sizani Strappy Tent Top - Navy Blue,60051326,S1124116NABS,2950,3
Safari Solana Bubble Midi Skirt in Cotton - Chocolate,60065816,S0825039CHOC1X,5800,3
Safari Solana Bubble Midi Skirt in Cotton - Chocolate,60065817,S0825039CHOC2X,5800,3
Safari Solana Bubble Midi Skirt in Cotton - Orange,60065822,S0825039SORAS2X,5800,3
Safari Solana Bubble Midi Skirt in Cotton - White,60065878,S0825039WHI2X,5800,3
Safari Spaghetti Tank Top - Dark Taupe,60035313,S0424062DTAUM/L,1750,3
Safari Tafari Shorts - Black Brown Shade C,60060958,S0925046PR5M,2800,3
Safari Tafari Shorts - Dafi Print,60060974,S0925046PR9M,2800,3
Safari Tafari Shorts - Light Blue Asili Print,60060941,S0925046PR1S,2800,3
Safari Tafari Shorts - Selvi Print,60060970,S0925046PR8M,2800,3
Safari Tafari Wrap Top - Semu Print,60060643,S1025031PR4L/1X,3400,3
Safari Tafari Wrap Top - Suma Print,60060650,S1025031PR8S/M,3400,3
Safari Tafari Wrap Top - Wami Print,60060641,S1025031PR3L/1X,3400,3
Safari Tiwa Barell Pants - Rust,60053953,S0325031RUSTS,5400,3
Safari Tiwa Shirred Top - Navy,60053902,S0125049NAVYM,1150,3
Safari Zene Drop Shoulder Top - Taupe,60040882,S1023059TAUM,1100,3
Safari by Vivo Naledi Bubble Midi Dress - Isara Print,60061219,S0925040PR1M,5800,3
Safari by Vivo Savannah Drawstring Shacket in Linen - White,60043051,S0724086WHIXS/S,8400,3
Shiv & Shikie X Safari Faux Collar Shirt - Lime,60055302,S0425045LIMM/L,2800,3
Shiv & Shikie X Safari Faux Collar Shirt - Lime,60055301,S0425045LIMXS/S,2800,3
Shiv & Shikie X Safari Printed Short Sleeve Shirt - Brown / Black Ezi Print,60056092,S0425041PR1M,4800,3
Shiv & Shikie X Safari Printed Short Sleeve Shirt - Brown / Black Ezi Print,60056091,S0425041PR1S,4800,3
Vivo 2-Way Wrap Top - Sipo Print,60043409,V0224238PR8XS/S,3250,3
Vivo Alani High Low Dress - Black Checkered Print,60056573,V0625018PR3L,2850,3
Vivo Alma Short Sleeve Mini Bodycon - Black,60060318,V0825060BLAL,3500,3
Vivo Ari One Shoulder Maxi Dress - Chocolate Brown,60057342,V0725023CHOM,2250,3
Vivo Ari Sleeveless Straight Maxi Slit Dress - Chocolate Brown,60057237,V0725029CHBS,4900,3
Vivo Ayah Drawstring Pants - Lilac,60051953,V0225003LILM,4900,3
Vivo Ayah Satin Pants - Dark Red,60052421,V0225031DARL,3950,3
Vivo Ayah Shirred Cuff Loose Top - Dark Purple,60052488,V0225032DAPM,3550,3
Vivo Basic Boundneck Puff Sleeve Top - Red,40013979,V0320040REDL,3250,3
Vivo Basic Cowl Jersey Top - White,60040098,V0622062WHI1X/2X,1150,3
Vivo Basic Double Layered Capri Skirt - Navy Blue,40004857,V0819031NABM,3500,3
Vivo Basic Drop Shoulder Top - Navy Blue,60017896,V0622002NABXL,1800,3
Vivo Basic Hooded Kimono - Beige / White Print,60052186,V1024063PR1S,2750,3
Vivo Basic Imelda Top - Hunters,60040905,V0719369HUNM/L,1150,3
Vivo Basic Leggings - Navy Blue,50005755,V0421160NABS,2500,3
Vivo Basic Long Sleeved Double Layered Bodycon - Mustard,50009758,V0719261MUSXL,4250,3
Vivo Basic Nalia High Low Jersey Top - Mustard,60044409,V0121134MUS1X/2X,1350,3
Vivo Basic Nalia High-low Chiffon Top - Black / Blue Print,60051325,V1119024PR691X/2X,2250,3
Vivo Basic Nalia High-low Chiffon Top - Black Textured,60046413,V1119024BLA1X/2X,950,3
Vivo Basic Palazzo Pants - Hunters Green,60030443,V0819137HGNL,2000,3
Vivo Basic Sleeveless Extra Long Lily Waterfall - Yellow,60024951,V1122193YELS/M,1950,3
Vivo Basic Sleeveless Kena Tent Maxi Dress in Ponte - Black,50017236,V1121020BLAM,5500,3
Vivo Basic Sleeveless Midi Jersey Waterfall - Navy Blue,60025524,V1122192NABL/1X,2000,3
Vivo Basic Sleeveless Midi Jersey Waterfall - Navy Blue,60025523,V1122192NABS/M,2000,3
Vivo Basic Sleeveless Sienna Waterfall - Navy Blue,50010431,V0321017NABL,2250,3
Vivo Basic Spaghetti Strap Tank Top - Tan,60032508,V0623033TAN3X,450,3
Vivo Basic Tolani Dress in Jersey - Fuschia,60065245,V0920021FUS2X,4900,3
Vivo Basic Tolani Dress in Jersey - Mulberry,60065240,V0920021MUL2X,4900,3
Vivo Basic Tolani Dress in Jersey - Taupe,60065526,V0920021TAU1X,4900,3
Vivo Basic V-neck Cap Sleeve Top - Buttermilk,60023457,V0323019BUT4X,1250,3
Vivo Boat Neck Top in Scuba - Black,60065749,V0126024BLAM,2900,3
Vivo Bodysuits T- Shirts & Tank Tops - RFS 1,301272,RFS0125009 - RFS1,2000,3
Vivo Chela Basic Cap Sleeve Top - Royal Blue,60052258,V0325019RBLUM,1850,3
Vivo Chela Basic Cap Sleeve Top - Royal Blue,60052257,V0325019RBLUS,1850,3
Vivo Chela Tank Top in Stretch Rib - Lilac,60057227,V0225026LILL,1500,3
Vivo Chela Tank Top in Stretch Rib - Lilac,60057226,V0225026LILM,1500,3
Vivo Chiffon Shorts - Black,60053195,V0325072BLAM,3550,3
Vivo Chiffon Shorts - Black,60053194,V0325072BLAS,3550,3
Vivo Diella 3/4 Sleeve A-Line Dress - Black,60056639,V0425056BLA1X,4500,3
Vivo Diella 3/4 Sleeve A-Line Dress - Dark Purple,60056643,V0425056DPUR1X,4500,3
Vivo Diella V-Neck Jumpsuit - Peach / Navy Print,60056242,V0525076PR1L,2350,3
Vivo Essentials Tank Top - Orange,60023812,VE0001ORA4X,1550,3
Vivo Essentials Tank Top - Yellow,90000534,VE0001YEL3X,750,3
Vivo Essi Wide Leg Pants In Satin - Red,60063590,V0725022REDM,4900,3
Vivo Hari Flared Sleeve Tunic - Red,60047853,V0924049REDS,1550,3
Vivo Isabi Cowl Top - Orange / Black Tiki Print,60052948,V0125036PR2M,2550,3
Vivo Iyana Tank Top - Dark Purple,60057504,V0625044DAPS,1900,3
Vivo J.O V-Neck Sheath Dress - Burgundy,60055824,V0621001BURM,4250,3
Vivo Kelemi Ruffle Sleeve Top - Yellow / Green Lana Print,60047489,V1024029PR2M,4550,3
Vivo Kitenge Wide Leg Pants - Blue / Pink Azizi Print,60059230,VE0032PR14M,2250,3
Vivo Kitenge Wrap Skirt - Himo,60049401,VE0030PR8F,4950,3
Vivo Leila 3/4 Sleeve Tent Knee Length Dress - Navy,60044605,V0423056NAVYXL,4950,3
Vivo Leila 3/4 Sleeve Tent Knee Length Dress - Teal,60044607,V0423056TEALM,4950,3
Vivo Lulu Cotton Barrel Pants - Black,60061741,V1125006BLAS,4900,3
Vivo Meli Sleeveless Coat - Black,60047621,V1124076BLAM/L,3250,3
Vivo Mistari 3/4 Sleeve V - Neck Collared Tunic Top - Black Textured,60052158,V0622041BLTF,3550,3
Vivo Nala Shirt Dress - Teal,60033109,V0224125TEAM,5750,3
Vivo Niari straight leg Pants - Maroon,60053009,V0225011MARS,3950,3
Vivo Nimali Satin Joggers - Red,90001289,VE0055REDS,1450,3
Vivo Nora 3/4 Sleeve Peplum Top - Red,60058550,V0825009REDL,2900,3
Vivo Nora Front Pleat Knee Length Dress - Dark Red,60058876,V0825014DREM,2250,3
Vivo Nora Front Pleat Knee Length Dress - Navy,60058867,V0825014NAVS,2250,3
Vivo Nora Front Slit Knee Length Skirt - Hunters,60058523,V0825012HUN1X,3500,3
Vivo Nora Front Slit Knee Length Skirt - Hunters,60058522,V0825012HUNL,3500,3
Vivo Nora Front Slit Knee Length Skirt - Taupe,60058527,V0825012TAU1X,3500,3
Vivo Off Shoulder Dress in Print Cotton - Yellow Multicolor Print ,60065407,V0226003PR4M,5500,3
Vivo Paji Round Neck Sheath Dress - Black / White Stripes,60052091,V0724107PR4M,2950,3
Vivo Rayon Jersey Slip Dress - White,60062028,V1025038WHIL,2800,3
Vivo Rayon Jersey Slip Dress - White,60062026,V1025038WHIS,2800,3
Vivo Rema High Low Maxi Dress - Peach,60054664,V0425007PEAS,3550,3
Vivo Ria Drop Shoulder Top - Dark Mustard,60058496,V0825022DMUL,2500,3
Vivo Ria Drop Shoulder Top - Dark Olive,60058489,V0825022DOL1X,2500,3
Vivo Ria Mock Neck Top - Fuschia,60058724,V0725045FUSS,1750,3
Vivo Ria Mock Neck Top - Lilac,60058680,V0725045LILL,2500,3
Vivo Safa Skirt - Black,60058509,V0325007BLAM,2950,3
Vivo Safa Skirt - Burnt Orange,60053322,V0325007BORAL,2050,3
Vivo Safa Slit Side Top - Mustard,60053535,V0325071MUSL,3550,3
Vivo Samira Maxi Kimono - Black / Red Print,60056021,V0525043PR11S/M,5900,3
Vivo Samira Maxi Kimono - Hunters / Red Print,60056026,V0525043PR13L/1X,5900,3
Vivo Selah Midi Skirt - Buttermilk,60055621,V0525054BUTM,2900,3
Vivo Sierra Bishop Sleeve Top - Brown / Yellow Lika Print,60050365,V0121031PR172X,1350,3
Vivo Sleeveless Blazer - Asmara,90001045,VE0041ASM4X,3950,3
Vivo Studio 2-piece in Mixed Media- Hunters Green,60062444,V0925053HGRN1X,6900,3
Vivo Studio Longline Shorts in Crepe - Maroon Stripes,60065106,V1225011PR1M,3200,3
Vivo Studio Panelled Mini Dress in Ponte - Navy,60063782,V1125034NAVL,4200,3
Vivo Studio Panelled Mini Dress in Ponte - Navy,60063780,V1125034NAVS,4200,3
Vivo Tahisa Straight Leg Pants - Blue,60055047,V1124102BLUL,3950,3
Vivo Tahisa Straight Leg Pants - Blue,60055045,V1124102BLUS,3950,3
Vivo Waridi Sleeveless Overcoat - Dark Teal,60033879,V1020056DTEAM,3950,3
Vivo Waridi Sleeveless Overcoat - Navy Blue,40017074,V1020056NABXL,3950,3
Vivo X This Is Essential  Short Sleeve Bodysuit - Red,60045128,V0923060REDXXS,2750,3
Vivo X This Is Essential Leggings - Navy Blue / White,60038842,V0324080NAB/WHI2X,2950,3
Vivo X This Is Essential Scooped Neck Bralette - Black / White,60038875,V0324021BLA/WHIM,1500,3
Vivo X This Is Essential Scooped Neck Bralette - Navy Blue / White,60033855,V0324021NAB/WHI2X,1500,3
Vivo X This Is Essential Scooped Neck Bralette - Navy Blue / White,60038882,V0324021NAB/WHIXS,1500,3
Vivo X This Is Essential Short Unitard - Navy Blue,60034671,V0224109NAB2X,3250,3
Vivo Yene Layered Midi Dress - Black,60051207,V0125003BLAS,2350,3
Vivo Yene Layered Top - Navy,60051243,V0125006NAVM,1350,3
Vivo Yene One Shoulder Kaftan - Black,60051170,V0125005BLAL/1X,2250,3
Vivo Yene Wide Leg Pants - Navy Blue,60051174,V1124138NABM,1550,3
Vivo Zahari Sweatheart Neck Jumpsuit - Taupe / White Print,60056127,V0623013PR5L,2450,3
Zoya Banda Unisex Jorts - Blue,60042070,Z0724069BLUM,550,3
Zoya Basic Halter Tie Top - Chocolate,60045926,Z0724101CHOM,1250,3
Zoya Basic Halter Tie Top - White,60041116,Z0724101WHIXS,250,3
Zoya Essentials Mini Bodycon - Teal / Brown Print,60028682,Z0821148PR8M,2750,3
Zoya Luna Halter Neck Top -Navy,60032242,Z0124037NAVM,900,3
Zoya Party Sheer Pants - Buttermilk,60029248,Z1123055BUTM,2250,3
Zoya Sadira Mini Bubble Dress - Hunters,60051442,Z0125025HUNXS,2250,3
Zoya Sadira Mini Cargo Skirt - Hunters,60051397,Z0125026HUNTM,1950,3
Zoya Sadira Ribbed Top - Light Grey,60051291,Z0125019LIGL,2250,3
Zoya Taani Maxi Dress - Navy,60033485,Z0324012NAVL,1100,3
Zoya Taani Maxi Dress - Navy,60033484,Z0324012NAVM,1100,3
Zoya Taani Maxi Dress - Navy,60033483,Z0324012NAVS,1100,3
Zoya Temo Asymmetric Front Cut Crop Top - Navy,60044937,Z0824059NAVL,250,3
Zoya Yuni Contrast Stitch Mini Skirt - Black,60035053,Z0324071BLAS,350,3
Zoya Yuni Off Shoulder Midriff Top - Buttermilk,60037561,Z0324051BUTL,350,3
Zoya Yuni Off Shoulder Midriff Top - Orange,60037581,Z0324051ORA4X,650,3
Zoya Yuni Sleeveless Turtle Neck Maxi Top - Black,60037848,Z0324067BLAXS,2250,3
Safari 3/4 Sleeve Maxi Kimono With Headwrap - Mustard / Cream Print,60055848,S0625014PR1S/M,6400,2
Safari Basic Shirt Tent Dress - Taupe,60019749,S0623047TAUL,5250,2
Safari Bush Cropped Short Sleeve Shacket - Gold,60038484,S0424073GOL1X/2X,2500,2
Safari Bush Men's Long Sleeve T-shirt - Hunters Green,60045317,S0724020HGN3X,1600,2
Safari By Vivo Mens Cotton Long Sleeve Shirt - White / Navy Print,60060672,S0925062PR11X,5400,2
Safari By Vivo Mens Cotton Short Sleeve Shirt - White / Black Print,60060530,S0925060PR1S,4400,2
Safari By Vivo Mens Cotton Shorts - Dark Grey,60060999,S0925059DGRYS,3400,2
Safari By Vivo Mens Cotton Shorts - Khaki Tan,60061005,S0925059KTANL,3400,2
Safari By Vivo Mens Cotton Shorts - Khaki Tan,60061004,S0925059KTANM,3400,2
Safari Chui Cropped Jacket - White Cloud,60047040,S1024007WCLOM,6250,2
Safari Chui Heavy Shirt - Red,60048226,S1024013REDXS,5950,2
Safari Chui Heavy Shirt - White,60047056,S1024013WHIL,5950,2
Safari Chui Lined Jacket - White Cloud,60047580,S1024005WHICM,8950,2
Safari Hawi Cargo Pants - Gold,60032701,S0623035GOLL,3650,2
Safari Hawi Cargo Pants - Light Navy,60046369,S0623035LINAL,5250,2
Safari Hawi Cargo Pants - Light Navy,60046368,S0623035LINAM,5250,2
Safari Haya Drop Shoulder Side Tie Top - Red Koi Print,60031235,S0124007PRT1M,1400,2
Safari Huru Halter Sleeveless High Low Dress - Black,60047113,S0424075BLAS,4050,2
Safari Kamari Capri Cargo Pants - White,60035283,S0224195WHI1X,4750,2
Safari Kamari Capri Cargo Pants - White,60035282,S0224195WHIL,4750,2
Safari Kamari Drop Shoulder Top - Tan,60035988,S0224189TAN1X/2X,1650,2
Safari Kamari Front Slit Midi Skirt - Navy,60044533,S0424080NAV1X,5550,2
Safari Kamari Halter Shirt - Navy Blue,60035214,S0224190NAB3X,1150,2
Safari Kamari Mini Skirt - White Cloud,60037215,S0224199WHCS,250,2
Safari Kamari Ribbed Top - Hunters Green,60037663,S0424073HGN1X,1100,2
Safari Kitenge Men's Sweatshirt - Grey/ Neba Print,60042986,S0824054GNBM,4250,2
Safari Kitenge Men's Sweatshirt - Teal/ Tafo Print,60042994,S0824054TTFM,4250,2
Safari Kitenge Side Frill Kaftan - Keri,60049432,S0223031PR6F,2650,2
Safari Mali Bishop Sleeve Shirt Dress - Khaki,60039162,S0223180KHA1X,3500,2
Safari Mali Bishop Sleeve Shirt Dress - Khaki,60039159,S0223180KHAS,3500,2
Safari Mansi Bishop Sleeve Shacket - Orange,60048468,S0924002ORA1X2X,6950,2
Safari Mansi Bishop Sleeve Shacket - Orange,60048467,S0924002ORAML,6950,2
Safari Mansi Mens Shorts - Black Stripes,60045632,S0924026PR1L,950,2
Safari Mansi Mens Shorts - Black Stripes,60045631,S0924026PR1M,950,2
Safari Mansi Straight Leg Pants - Black,60045729,S0924017BLA1X,4950,2
Safari Mansi Straight Leg Pants - Black,60045727,S0924017BLAM,4950,2
Safari Mansi Straight Leg Pants - Navy,60045730,S0924017NAVS,4950,2
Safari Mara Shirred Bishop Sleeve Dress - Mustard,60026330,S1022008MUSM,5500,2
Safari Mara Shirred Bishop Sleeve Dress - Mustard,60026329,S1022008MUSS,5500,2
Safari Mara Shirred Bishop Sleeve Dress - Orange,60014584,S1022008ORAL,5500,2
Safari Men's Bomber Jacket - Dark Grey,60037671,S0424035DGRY1X,4200,2
Safari Men's Cargo Pants - Dark Grey,60035967,S0424047DGRY1X,1750,2
Safari Men's Cargo Pants - Light Grey,60035970,S0424047LGRYL,2950,2
Safari Men's Chinese Collar Long Sleeve Shirt - Coral,60036660,S0424039CORL,1150,2
Safari Men's Kitenge Drawstring Shorts - Himo Print,60049947,S0424041PR8M,1800,2
Safari Men's Kitenge Drawstring Shorts - Himo Print,60049946,S0424041PR8S,1800,2
Safari Men's Kitenge Drawstring Shorts - Tana Print,60037800,S0424041PR64X,2050,2
Safari Men's Long Sleeve Shirt - Denim Blue,60035691,S0424145DMBLUS,1250,2
Safari Men's Long Sleeve Shirt - Khaki,60035697,S0424145KHAL,1250,2
Safari Men's Long Sleeve Shirt - Khaki,60035695,S0424145KHAS,1250,2
Safari Men's Long Sleeve T-shirt - Black / Elmi Print,60043341,S0824053PR2L,1200,2
Safari Men's Long Sleeve T-shirt - Navy / Tari Print,60043349,S0824053PR1L,650,2
Safari Men's Shacket - Dark Grey,60035706,S0424037DGRYL,1850,2
Safari Men's Short Sleeve Shirt - Black / Chari Print,60037887,S0424198PR63X,2950,2
Safari Men's Short Sleeve Shirt - White / Chari Print,60037909,S0424198PR13X,2950,2
Safari Naledi 3/4 Sleeve Tent Dress - Navy Puff Stripes,60055641,S0425057PR5M-NAV,6800,2
Safari Naledi 3/4 Sleeve Tent Dress - White Pinstripes Print,60055631,S0425057PR21X,4500,2
Safari Naledi 3/4 Sleeve Tent Dress - White Pinstripes Print,60055628,S0425057PR2S,4500,2
Safari Naledi 3/4 Sleeve Tent Dress - White Polka Stripes,60055634,S0425057PR3L,4550,2
Safari Nimali Bubble Sleeve Top - Red,60033327,S0124026REDL,3950,2
Safari Nimali Bubble Sleeve Top - Red,60032581,S0124026REDS,3950,2
Safari Nimali Bubble Sleeve Top - Teal,60032585,S0124026TEAM,1350,2
Safari Njano Front Drawstring Tunic Top - Hunters Green,60047472,S0724137HGRNXS/S,3450,2
Safari Njano Joggers - Green / Tafo Print,60059586,S0724143GRNTM,4800,2
Safari Njano Men's Easy Fit Kitenge Pants - Black / Brown Print,60060686,S0925045PR2M,4800,2
Safari Njano Men's Easy Fit Kitenge Pants - Black / Dark Teal Print,60060682,S0925045PR1M,4800,2
Safari Njano Men's Easy Fit Kitenge Pants - Black / Dark Teal Print,60060681,S0925045PR1S,4800,2
Safari Njano Men's Knee Length Shorts - Rust,60044520,S0824030RUSS,1150,2
Safari Njano Men's Straight Leg Pants - Obu Print,60044498,S0824029PR21X-OBU,6250,2
Safari Njano Men's Straight Leg Pants - Obu Print,60044495,S0824029PR2S-OBU,6250,2
Safari Njano Wide Leg Pants - Shama Print,60045083,S0724127PR14X,3400,2
Safari Savannah Front Slit Midi Skirt - Ashai Print,60043865,S0724014ASHL,5550,2
Safari Savannah Kitenge  Midi Wrap Dress - Sipo Print,60042868,S0824067PR31X,8950,2
Safari Savannah Kitenge Chinese Collar Shirt - Shama Print,60045664,S0724084PR2L,3200,2
Safari Savannah Kitenge Midi Wrap Dress - Sipo Print,60043142,S0824067SIPM,8950,2
Safari Savannah Men's Drawstring Shorts (Tall) - Hunters,60041656,S0624022HUN(TAL)S,2800,2
Safari Savannah Men's Jacket - Hunters,60041712,S0624028HUNL,2650,2
Safari Savannah Men's Long Sleeve Shirt - Beige,60041690,S0724016BEI1X,1850,2
Safari Savannah Men's Long Sleeve Shirt - White,60041692,S0724016WHIS,1850,2
Safari Savannah Men's Short Sleeve Shirt - Beige,60041672,S0724125BEI1X,5950,2
Safari Savannah Men's Short Sleeve Shirt - Beige,60041671,S0724125BEIL,5950,2
Safari Savannah Men's Short Sleeve Shirt - White,60041674,S0724125WHIS,4200,2
Safari Savannah Men's Straight Leg Pants - Black,60041696,S0624027BLAS,4800,2
Safari Savannah Men's Straight Leg Pants - Hunters,60041702,S0624027HUNL,3400,2
Safari Savannah Wrap Top - Beige,60051571,S0724009BEIS,5250,2
Safari Savannah Wrap Top - Beige,60051576,S0724009BEIXS,5250,2
Safari Savannah Wrap Top - Hunters,60051575,S0724009HUNXS,5250,2
Safari Savannah Wrap Top - Rust,60043046,S0724009RSTM,5250,2
Safari Sizani 2 Way Wrap Top - Himo Print,60049638,S1124144PR21X/2X,3250,2
Safari Sizani Men's Kitenge Tuxedo Shirt - Black,60049598,S1124151PR11X,4400,2
Safari Sizani Strappy Tent Top - Black,60050959,S1124116BLA1X,2950,2
Safari Solana Bubble Midi Skirt in Cotton - Chocolate,60065815,S0825039CHOCL,5800,2
Safari Solana Bubble Midi Skirt in Cotton - Olive,60065807,S0825039OLI2X,5800,2
Safari Solana Bubble Midi Skirt in Cotton - Olive,60065803,S0825039OLIS,5800,2
Safari Solana Bubble Midi Skirt in Cotton - Orange,60065818,S0825039SORAS,5800,2
Safari Solana Bubble Midi Skirt in Cotton - Tan,60065810,S0825039TANL,5800,2
Safari Solana Bubble Midi Skirt in Cotton - Tan,60065808,S0825039TANS,5800,2
Safari Spaghetti Tank Top - Dark Taupe,60035315,S0424062DTAU3X/4X,1750,2
Safari Tafari Shorts - Black Brown Shade C,60060957,S0925046PR5S,2800,2
Safari Tafari Shorts - Dafi Print,60060975,S0925046PR9L,2800,2
Safari Tafari Shorts - Dafi Print,60060973,S0925046PR9S,2800,2
Safari Tafari Shorts - Dark Navy Asili Print,60060949,S0925046PR3S,2800,2
Safari Tafari Shorts - Light Blue Asili Print,60060943,S0925046PR1L,2800,2
Safari Tafari Shorts - Selvi Print,60060971,S0925046PR8L,2800,2
Safari Tafari Wrap Top - Cheli Print,60060637,S1025031PR1L/1X,3400,2
Safari Tafari Wrap Top - Karanga Print,60060645,S1025031PR5L/1X,3400,2
Safari Tafari Wrap Top - Pangani Print,60060652,S1025031PR9S/M,3400,2
Safari Tafari Wrap Top - Sigi Print,60060638,S1025031PR2S/M,3400,2
Safari Tara Bishop Sleeve Dress - Peach / Blue Sara Print,60056482,S0525069PR2M,6400,2
Safari Tawi Flounce Tent Dress - Lime Green,60016152,S0322138LGNXL,4950,2
Safari Tawi Off Shoulder Knee Length Dress - Mustard(Plain Belt),60034386,S0322128MUSPB1X,450,2
Safari Tawi Off-Shoulder Top - Lime,60052664,S0325016LIMM,1150,2
Safari Tiwa Shirred Midi Dress - Lime,60053958,S0125056LIMM/L,5800,2
Safari Tiwa Shirred Midi Dress - Rust,60053963,S0125056RUSTXS/S,5800,2
Safari Tiwa Shirred Top - Black,60053912,S0125049BLA1X,1150,2
Safari Tiwa Shirred Top - Black,60053910,S0125049BLAM,1150,2
Safari Tiwa Shirred Top - Hunters,60056340,S0125049HUNS,1150,2
Safari Tiwa Shirred Top - Lime,60056336,S0125049LIMS,1650,2
Safari Zene Off Shoulder Top - Coral,60036298,S1023060CORM,350,2
Safari Zene Off Shoulder Top - Pink,60044174,S1023060PINL,350,2
Safari Zene Tiered Above Knee Dress - White,60027400,S1023063WHIL,5550,2
Safari Zene Tiered Above Knee Dress - White,60027399,S1023063WHIM,5550,2
Safari by Vivo Naledi Bubble Midi Dress - Beta Print,60061239,S0925040PR6M,5800,2
Safari by Vivo Naledi Bubble Midi Dress - Isara Print,60061218,S0925040PR1S,5800,2
Safari by Vivo Savannah Drawstring Shacket in Linen - White,60043052,S0724086WHIM/L,8400,2
Shiv & Shikie X Safari Faux Collar Shirt - Black,60055308,S0425045BLAM/L,2800,2
Shiv & Shikie X Safari Printed Short Sleeve Shirt - Brown / Black Ezi Print,60056093,S0425041PR1L,4800,2
Shiv & Shikie X Safari Short Sleeve Shirt - Lime,60056224,S0625017LIML,4800,2
Vivo  X This Is Essential Short Unitard - Navy Blue,60034665,V0224109NABXXS,3250,2
Vivo Alani High Low Dress - Black Textured Print,60056576,V0625018PR4M,2850,2
Vivo Aleri Trench Coat Dress - Mustard,60057796,V0625059MUSS,5900,2
Vivo Aleri Trench Coat Dress - Rust,60057791,V0625059RUS1X,5900,2
Vivo Aleri Trench Coat Dress - Rust,60057789,V0625059RUSM,5900,2
Vivo Aleri Trench Coat Dress - White,60057542,V0625059WHIM,5900,2
Vivo Amara Sleeveless High Low Top - Tan,60026453,V1023097TANM,900,2
Vivo Analo Sleeveless Tie Kimono - Yellow,60054779,V0425046YELXS/S,1550,2
Vivo Analo Wide Leg Pants - Orange,60053468,V0325069ORAM,1950,2
Vivo Ari One Shoulder Maxi Dress - Dark Green,60057315,V0725023DGRN1X,2250,2
Vivo Ari One Shoulder Maxi Dress - Dark Green,60057312,V0725023DGRNS,2250,2
Vivo Ari Sleeveless Straight Maxi Slit Dress - Red,60057246,V0725029REDM,4900,2
Vivo Asika Kaftan Tunic - Black,60028767,V0323015BLAF,1150,2
Vivo Ava Front Pleat Knee Length Dress In Crepe - Navy,60063430,V1124142NAVM,4900,2
Vivo Ava Shirt Collar Tunic Top - Light Tan,60048190,V0923089LTANF,2750,2
Vivo Ayah Bishop Sleeve Mock Neck Top - Chocolate,60052319,V0225002CHOCS,3050,2
Vivo Ayah Bishop Sleeve Mock Neck Top - Green / Peach Zani Print,60057958,V0225002PR4L,4500,2
Vivo Ayah Bishop Sleeve Mock Neck Top - Lilac / Orange Zani Print,60057952,V0225002PR3S,3050,2
Vivo Ayah Satin Pants - Dark Purple,60052417,V0225031DAP1X,1950,2
Vivo Ayah Satin Pants - Dark Purple,60052415,V0225031DAPM,1950,2
Vivo Ayah Shirred Cuff Loose Top - Dark Purple,60052487,V0225032DAPS,3550,2
Vivo Basic Ali Jacket - Burgundy,60042178,V0819124BURS,2950,2
Vivo Basic Ali Jacket - Hunters Green,60027999,V0819124HGNS,2950,2
Vivo Basic Ali Jacket - Navy Blue,40010856,V0819124NABM,2950,2
Vivo Basic Ali Jacket - Red,60056076,V0819124REDS,2950,2
Vivo Basic Bishop Sleeve Top In Chiffon (Double Layered) - Light Blue,60064085,V0524179LBLM,3500,2
Vivo Basic Boundneck Puff Sleeve Top - Pink,40013981,V0320040PINM,3250,2
Vivo Basic Cap Sleeved Leila Dress - Safron,60027185,V0819136SAF4X,1350,2
Vivo Basic Chiffon Dropped Shoulder Top - Blue,60039001,V0422075BLUL,2950,2
Vivo Basic Chiffon Dropped Shoulder Top - Blue,60038999,V0422075BLUS,2950,2
Vivo Basic Drop Shoulder Top - Burnt Orange,60054375,V0622002BUOL,2550,2
Vivo Basic Drop Shoulder Top - Burnt Orange,60054374,V0622002BUOM,2550,2
Vivo Basic Escape A-Line Dress in Ponte - Red,50001132,V1019069REDM,4900,2
Vivo Basic Jeggings - Black,60052212,V0325021BLAM,3550,2
Vivo Basic Leila Short Waterfall in Jersey - White,60036670,V0423078WHI1X/2X,3700,2
Vivo Basic Long Lily Waterfall - Teal,60045682,V0819064TEA1X/2X,1750,2
Vivo Basic Long Sleeve Cascade Waterfall - Green,60027038,V0723033GRES/M,1950,2
Vivo Basic Long Sleeve Cascade Waterfall - Hunters Green,60038573,V0723033HGNS/M,1950,2
Vivo Basic Long Sleeved Top - Light Grey,60048366,V0719113LGRY2X,1750,2
Vivo Basic Long Sleeved Top - Orange,60036481,V0719113ORA2X,1400,2
Vivo Basic Long Sleeved Top - Rust,60053924,V0719113RUST1X,1750,2
Vivo Basic Neo Waterfall - Pink,60047248,V0422073PINL/1X,2250,2
Vivo Basic Palazzo Pants - Navy Blue,60043329,V0819137NVBL,2800,2
Vivo Basic Puff Sleeved Bodycon - Mustard,40008520,V0919039MUSL,4750,2
Vivo Basic Salma Maxi Boat Neck Dress - Mustard,50012487,V0819056MUSF,3450,2
Vivo Basic Sleeveless Kena Tent Maxi Dress in Ponte - Black,50017235,V1121020BLAS,5500,2
Vivo Basic Sleeveless Kena Tent Maxi Dress in Ponte - Mustard,60023125,V1121020MUSM,5500,2
Vivo Basic Sleeveless Long Lily Waterfall - Mustard,60037391,V0719839MUS1X/2X,1450,2
Vivo Basic Sleeveless Long Lily Waterfall - Mustard,60037390,V0719839MUSM/L,1450,2
Vivo Basic Sleeveless Long Lily Waterfall - Tan,60034616,V0719839TANS/M,1750,2
Vivo Basic Sleeveless Long Lily Waterfall - Yellow,50000056,V0719839YELL/XL,1650,2
Vivo Basic Sleeveless Midi Jersey Waterfall - Deep Teal,60025521,V1122192DTEAS/M,1650,2
Vivo Basic Sleeveless Midi Jersey Waterfall - Navy Blue,60026504,V1122192NABXS/S,2000,2
Vivo Basic Sleeveless Sienna Waterfall - Teal,60031673,V0321017TEAL,2250,2
Vivo Basic Spaghetti Strap Tank Top - Hunters Green,60032500,V0623033HGN3X,450,2
Vivo Basic Spaghetti Strap Tank Top - Navy Blue,60032503,V0623033NAB2X,550,2
Vivo Basic Strappy Cowl Top - Champagne,60053218,V0325044CHA1X,2550,2
Vivo Basic Tolani Dress in Jersey - Fuschia,60065241,V0920021FUSS,4900,2
Vivo Basic Tolani Dress in Jersey - Mulberry,60065236,V0920021MULS,4900,2
Vivo Basic Tolani Dress in Jersey - Olive,60065251,V0920021OLIS,4900,2
Vivo Basic Tolani Jersey Dress - Hunters Green,60027344,V0920021HGNL,2450,2
Vivo Basic Tsavo Scalloped Chiffon Top - Black,60048848,V0422058BLAM,2750,2
Vivo Basic V-Neck Long Sleeve Top - Navy Blue,60033267,V0423052NAB4X,750,2
Vivo Basic V-neck Cap Sleeve Top - Buttermilk,60023456,V0323019BUT3X,1250,2
Vivo Basic V-neck Cap Sleeve Top - Hunters Green,60032166,V0323019HGN4X,450,2
Vivo Beali Shorts - Tan / Navy Lea Print,60048504,V1024032PR1XS,1850,2
Vivo Beali Two Way Wrap Top - Cream / Taupe Lea Print,60048507,V1024043PR3XS,1550,2
Vivo Boat Neck Dress in Ponte - Olive,60065654,V0126025OLIL,4500,2
Vivo Boat Neck Top in Scuba - Black,60065751,V0126024BLA1X,2900,2
Vivo Boat Neck Top in Scuba - Black,60065750,V0126024BLAL,2900,2
Vivo Boat Neck Top in Scuba - Burgundy,60065746,V0126024BUR1X,2900,2
Vivo Boat Neck Top in Scuba - Burgundy,60065744,V0126024BURM,2900,2
Vivo Boat Neck Top in Scuba - Lilac,60065764,V0126024LILM,2900,2
Vivo Boat Neck Top in Scuba - Lime Green,60065759,V0126024LGRM,2900,2
Vivo Boat Neck Top in Scuba - Red,60065754,V0126024REDM,2900,2
Vivo Button Up Shirt in Chiffon - Light Blue,60065367,V0126009LBLUL,4500,2
Vivo Button Up Shirt in Chiffon - Light Blue,60065366,V0126009LBLUM,4500,2
Vivo Button Up Shirt in Chiffon - Navy,60065371,V0126009NAVM,4500,2
Vivo Chela Basic Cap Sleeve Top - Lilac,60052243,V0325019LILL,2250,2
Vivo Chela Basic Cap Sleeve Top - Royal Blue,60052259,V0325019RBLUL,1850,2
Vivo Chela Basic Cap Sleeve Top - Sage,60052264,V0325019SAGL,2250,2
Vivo Chela Basic Cap Sleeve Top - Sage,60052263,V0325019SAGM,2250,2
Vivo Chela Basic Cap Sleeve Top - Sage,60052262,V0325019SAGS,2250,2
Vivo Chela Tank Top in Stretch Rib - Buttermilk,60052233,V0225026BUTM,1500,2
Vivo Chela Tank Top in Stretch Rib - Buttermilk,60052232,V0225026BUTS,1500,2
Vivo Chela Tank Top in Stretch Rib - Lilac,60057228,V0225026LIL1X,1500,2
Vivo Chela Tank Top in Stretch Rib - Lilac,60057225,V0225026LILS,1500,2
Vivo Chesi Wide Leg Pants - Mint / Hunters Green Hesi Print,60039089,V0424124PR1M,4550,2
Vivo Chiffon Wide Kimono - Peach / White Print,60045876,V0424168PR5F,1950,2
Vivo Dalia Sleeveless Gathered Tent Dress - Beige / Black Print,60057546,V0322110PR19S,3850,2
Vivo Dua 3/4 Sleeved V Neck Shirt in Crepe - Beige,60066084,V0121167BEIM/L,3500,2
Vivo Essentials Bodycon - Black,90000303,VE0008BLAXS,3950,2
Vivo Essentials Tank Top - Mulberry,90000284,VE0001MULXS,1550,2
Vivo Essentials Tank Top - Teal,90000520,VE0001TEA3X,750,2
Vivo Essentials Tank Top - Yellow,90000535,VE0001YEL4X,750,2
Vivo Essi Front Slit Maxi Top In Satin - Fuschia,60063951,V0725016FUSF,5500,2
Vivo Essi Wide Leg Pants In Satin - Red,60063589,V0725022REDS,4900,2
Vivo Full Length Kimono - Keri,60049403,V0224241PR10XS/S,5900,2
Vivo Full Length Kimono - Maya,60049409,V0224241PR111X/2X,5900,2
Vivo Full Length Kimono - Maya,60049408,V0224241PR11M/L,5900,2
Vivo Hari Flared Sleeve Tunic - Pink,60047863,V0924049PIN2X,1550,2
Vivo Iyana Bubble Midi Skirt - Black,60057607,V0625043BLA1X,4050,2
Vivo Iyana Bubble Midi Skirt - Black,60057605,V0625043BLAM,4050,2
Vivo Iyana Bubble Midi Skirt - Navy,60057602,V0625043NAVL,4900,2
Vivo Iyana Bubble Midi Skirt - Yellow / Lilac Iya Print,60057612,V0625043PR2S,4900,2
Vivo Iyana Tank Top - Dark Purple,60057507,V0625044DAP1X,1900,2
Vivo Iyana Tank Top - Green,60057516,V0625044GRNS,1900,2
Vivo Iyana Wide Leg Pants - Navy,60057819,V0625041NAVS,4900,2
Vivo J.O V-Neck Sheath Dress - Black,50010206,V0621001BLAS,4250,2
Vivo J.O V-Neck Sheath Dress - Burgundy,60055823,V0621001BURS,4250,2
Vivo Jersey Drop Shoulder Top - Dark Purple,60061472,V1125001DPURM,2500,2
Vivo Jersey Drop Shoulder Top - Dark Purple,60061471,V1125001DPURS,2500,2
Vivo Kala Long Sleeve Top - White,60040301,V0624077WHI1X/2X,1750,2
Vivo Kelemi 4.0 Frilled Wide Top - Magenta,60054110,V0325047MAGS/M,2350,2
Vivo Kelemi 4.0 Frilled Wide Top - White,60053352,V0325047WHIL/1X,2350,2
Vivo Kelemi 4.0 Halter Maxi Dress - Navy,60053425,V0325042NAVL,7950,2
Vivo Kelemi 4.0 Kimono - Lilac / Olive Nashe Print,60053662,V0325041PR2M,6950,2
Vivo Kelemi 4.0 Kimono - Navy / Mustard Nashe Print,60053671,V0325041PR4L,6950,2
Vivo Kelemi 4.0 Kimono - Navy / Mustard Nashe Print,60053670,V0325041PR4M,6950,2
Vivo Kelemi 4.0 Kimono - Purple,60046590,V0325041PUR1X,6950,2
Vivo Keza V Neck Maxi Kaftan In Satin - Coral / Pink Print,60063712,V0525028PR22F,5500,2
Vivo Kitenge Infinity Jumpsuit - Bukavu,60038476,V0524181PR13X/4X,1950,2
Vivo Kitenge Infinity Jumpsuit - Bukavu,60038474,V0524181PR1M/L,1950,2
Vivo Kitenge Strappy Tie Back Top - Obu,90004938,V0624025PR9XS,2900,2
Vivo Kitenge Wide Leg Pants - Green / Black Adia Print,60059233,VE0032PR15S,4500,2
Vivo Kitenge Wide Leg Pants - Maroon / Pink Ara Print,60059241,VE0032PR17S,4500,2
Vivo Kitenge Wide Leg Pants - Navy / Brown Chiku Print,60059250,VE0032PR19M,4500,2
Vivo Lamu Knee Length Chiffon Dress - Hunters Green,60036055,V1120033HGNS,2950,2
Vivo Leila Hip Length Waterfall - Teal,60019120,V0523146TEAL/XL,1050,2
Vivo Leila Short Waterfall - Dark Olive,60056851,V0423078DAOXS/S,3700,2
Vivo Lero Fitness Leggings - Black + Blue Kiwi Print,60029653,V1123125PR2S,525,2
Vivo Lindi High Low Dress In Ponte - Orange,60059553,V1120122ORAM/L,5500,2
Vivo Lindi High Low Dress In Ponte - Orange,60059552,V1120122ORAXS/S,5500,2
Vivo Liora Shorts - Cream / Coral Ziza Print,60062115,V0925026PR2S,2500,2
Vivo Liora Shorts - Red / Black Ziza Print,60062111,V0925026PR1M,2500,2
Vivo Long Sleeve Blazer - Savannah,90000863,VE0031SAVL,3900,2
Vivo Long Sleeve Blazer - Savannah,90000861,VE0031SAVS,3900,2
Vivo Lulu Cotton Barrel Pants - Black,60061743,V1125006BLAL,4900,2
Vivo Lulu Cotton Barrel Pants - Khaki Green,60061735,V1125006KHGRN2X,4900,2
Vivo Maisha Strappy Jumpsuit In Rayon - Olive Green / Off White Print,60063763,V0126029PR1M/L,5500,2
Vivo Maisha Strappy Jumpsuit In Rayon - Olive Green / Off White Print,60063762,V0126029PR1XS/S,5500,2
Vivo Mira Reversible Wrap Top - Lime,60030607,V1123158LIML,1000,2
Vivo Mira Reversible Wrap Top - PEACH / BROWN FAN PRINT,60030610,V1123158PR1M,950,2
Vivo Mistari 3/4 Sleeve V - Neck Collared Tunic Top - Black Checkered,60052157,V0622041PR9F,2450,2
Vivo Mock Maxi Dress - Orange,60040372,V0719553ORAL,4750,2
Vivo Must Have Shorts - Lira Print,90002138,V0224240PR44X-LIR,2450,2
Vivo Must Have Shorts - Shama,60042718,V0224240SHAL,3550,2
Vivo Must Have Shorts - Tusi Print,90002148,V0224240PR5S-TUS,2450,2
Vivo Must Have Shorts - Zena Print,90002162,V0224240PR64X-ZEN,2450,2
Vivo Nala Shirt Dress - Dark Navy Blue,60048976,V0224125DNABM,5750,2
Vivo Nala Shirt Dress - Navy Blue,60048980,V0224125NABM,5750,2
Vivo Nasinka V-Neck Maxi Dress - Lime,60051943,V0724027LIMM,6950,2
Vivo Nasinka V-Neck Maxi Dress - Lime,60052000,V0724027LIMS,6950,2
Vivo Nasinka V-Neck Maxi Dress - Purple,60052004,V0724027PURL,6950,2
Vivo Niari Boat Neck Dress - Dark Tan,60052784,V0325003DTANM,4950,2
Vivo Niari Full Length Pants - Grey,60054637,V0525002GRES,1950,2
Vivo Niari Full Length Pants - Light Blue,60054635,V0525002LBLUL,1950,2
Vivo Niari Full Length Pants - Olive Pinstripes,60054622,V0525002PR1M,3900,2
Vivo Niari straight leg Pants - Black,60053013,V0225011BLAS,3950,2
Vivo Niari straight leg Pants - Green,60053018,V0225011GREM,1950,2
Vivo Nimali Satin Joggers - Gold,90000219,VE0055GOLXS,1450,2
Vivo Nimali Satin Joggers - Grey,90001269,VE0055GREM,1450,2
Vivo Nimali Satin Joggers - Grey,90001268,VE0055GRES,1450,2
Vivo Nimali Satin Joggers - Pink,90001283,VE0055PINM,1450,2
Vivo Nimali Satin Shorts - Blue,90001315,VE0056BLU3X,2950,2
Vivo Nimali Satin Shorts - Blue,90001316,VE0056BLU4X,2950,2
Vivo Nimali Satin Shorts - Blue,90001311,VE0056BLUM,2950,2
Vivo Nimali Satin Shorts - Brown,90000223,VE0056BROXS,2950,2
Vivo Nimali Satin Shorts - Lilac,90001353,VE0056LILM,2950,2
Vivo Nimali Satin Shorts - Pink,90001364,VE0056PIN3X,1450,2
Vivo Nora Front Pleat Knee Length Dress - Pink,60058883,V0825014PINS,2250,2
Vivo Nora Front Pleat Knee Length Dress - Taupe,60058873,V0825014TAUL,2250,2
Vivo Nora Front Slit Knee Length Skirt - Navy,60058535,V0825012NAV1X,3500,2
Vivo Off Shoulder Dress in Print Cotton - Yellow Multicolor Print ,60065409,V0226003PR41X,5500,2
Vivo Off Shoulder Dress in Print Cotton - Yellow Multicolor Print ,60065408,V0226003PR4L,5500,2
Vivo Ponte Back Pleat Maxi Dress - Red,60004290,V0921084REDS,5500,2
Vivo Rayon Jersey Slip Dress - Chocolate,60062038,V1025038CHOL,2800,2
Vivo Rayon Jersey Slip Dress - Navy,60062034,V1025038NAV1X,2800,2
Vivo Rayon Jersey Slip Dress - White,60062029,V1025038WHI1X,2800,2
Vivo Reba Gathered Dress - Navy / Rust Eba Print,60048483,V0224221PR3L,1150,2
Vivo Reba Gathered Dress - Navy / Rust Eba Print,60048482,V0224221PR3M,1150,2
Vivo Reba Gathered Dress - Navy / Rust Eba Print,60048481,V0224221PR3S,1150,2
Vivo Rema High Low Maxi Dress - Sage,60054480,V0425007SAGM,3550,2
Vivo Rema Waterfall - Mustard,60054497,V0425003MUS1X/2X,3900,2
Vivo Ria Drop Shoulder Top - Maroon,60058492,V0825022MARL,1750,2
Vivo Ria Mock Neck Top - Grey,60058676,V0725045GREL,2500,2
Vivo Ria Mock Neck Top - Lilac,60058679,V0725045LILM,2500,2
Vivo Ria Mock Neck Top - Taupe,60058722,V0725045TAUL,2500,2
Vivo Ria Mock Neck Top - Taupe,60058721,V0725045TAUS,2500,2
Vivo Safiya Gathered Shoulder Maxi Dress - Navy,60032993,V0224216NAVL,3400,2
Vivo Sanali Trench Coat - Mustard,60034190,V1123126MUSS,2320,2
Vivo Sarong Skirt - Dark Tan / Lime Print,60057722,V0424161PR7F,1550,2
Vivo Satin Drawstring Pants - Capuccino,60037550,V0524167CAPXS,1550,2
Vivo Seli Strappy Tent Top - Black,60051222,V0125047BLAL,750,2
Vivo Seli Strappy Tent Top - White / Black Esli Print,60051224,V0125047PR1S,750,2
Vivo Shorts - Savannah,90000358,VE0034SAVXS,2450,2
Vivo Sierra Bishop Sleeve Top - Brown / Yellow Lika Print,60050364,V0121031PR171X,1350,2
Vivo Situ Side Slit Midi Kimono - Black,60031094,V1223041BLAS,5250,2
Vivo Sleeveless Side Slit Midi Waterfall - Burgundy,60033731,V0324063RASS/M,5250,2
Vivo Sleeveless Side Slit Midi Waterfall - Teal,60033741,V0324063TEAS/M,5250,2
Vivo Studio Double Layered Tie Bodycon in Jersey - Dark Purple,60065166,V0226023DPURM,5900,2
Vivo Studio Longline Shorts in Crepe - Maroon Stripes,60065107,V1225011PR1L,3200,2
Vivo Studio Longline Shorts in Crepe - Maroon Stripes,60065105,V1225011PR1S,3200,2
Vivo Studio Panelled Mini Dress in Ponte - Navy,60063781,V1125034NAVM,4200,2
Vivo Tahisa Straight Leg Pants - Navy,60055042,V1124102NAVM,3950,2
Vivo Tahisa Straight Leg Pants -Dark Green,60052571,V1124102DAGM,3950,2
Vivo Tahisa Straight Leg Pants -Light Olive,60052577,V1124102LIOL,3950,2
Vivo Tahisa Straight Leg Pants -Light Olive,60052576,V1124102LIOM,3950,2
Vivo Tana Puff Sleeve Bodysuit - Chocolate Brown,60056905,V0822077CHB2X,2700,2
Vivo Tana Puff Sleeve Bodysuit In Jersey - Red,60064349,V0822077RED2X,2700,2
Vivo Tatari Knee Length Coat - Navy Blue,60043538,V0424092NABL,1550,2
Vivo Tatili Wide Leg Pants - Black,60017978,V0423050BLAL,4900,2
Vivo Val Full Length Leggings - Navy Blue,60046635,V0819062NABM,1950,2
Vivo Waridi Sleeveless Overcoat - Black,60037074,V1020056BLAS-V2,3950,2
Vivo Waridi Sleeveless Overcoat - Burgundy,50012832,V1020056BURL,3950,2
Vivo Waridi Sleeveless Overcoat - Dark Teal,60056115,V1020056DTEA2X,3950,2
Vivo Waridi Sleeveless Overcoat - Navy Blue,40017072,V1020056NABM,3950,2
Vivo Waridi Sleeveless Overcoat - Wine Red,60052763,V1020056WREDS,3950,2
Vivo Wide Leg Pants in Crepe - Dark Pink,60065321,V0126042DPINM,4900,2
Vivo Wingu Puff Sleeve Knee Length Dress - Light Navy,60048260,V0822002LNVYM,3400,2
Vivo Wingu Three Tiered Knee Length Dress - Brown / Cream Print,60056944,V0622079PR6S,2250,2
Vivo Wingu Three Tiered Knee Length Dress - Navy / Taupe Print,60057128,V0622079PR7M,2350,2
Vivo X This Is Essential  Sleeveless High Neck Bodysuit - Red,60045137,V0823154REDXXS,2250,2
Vivo X This Is Essential  Sleeveless High Neck Bodysuit - Taupe,60039049,V0823154TAUXXS,2250,2
Vivo X This Is Essential Raceback Bralette - Navy Blue,60035811,V0424116NABXXS,1500,2
Vivo X This Is Essential Scooped Neck Bralette - Navy Blue / White,60033853,V0324021NAB/WHIL,1500,2
Vivo X This Is Essential Short Unitard - Navy Blue,60034668,V0224109NABM,3250,2
Vivo X This Is Essential Sleeveless Scooped Neck Bodysuit - Chocolate,60045151,V0823158CHOC2X,1950,2
Vivo X This Is Essential Sleeveless Scooped Neck Bodysuit - Taupe,60026993,V0823158TAU2X,1950,2
Vivo X This Is Essential Sleeveless Scooped Neck Bodysuit - Taupe,60026988,V0823158TAUXS,1950,2
Vivo X This Is Essential Sleeveless Scooped Neck Bodysuit - White,60025155,V0823158WHI2X,1950,2
Vivo Yene One Shoulder Maxi Dress - White / Teal Shibori Print,60051508,V0125001PR1S,2350,2
Vivo Yene One Soulder Kaftan - Hot Pink,60051317,V0125005HPINL/1X,2250,2
Vivo Yene One Soulder Kaftan - Royal Blue,60051315,V0125005ROYBL/1X,2250,2
Vivo Yene Wide Leg Pants - Navy Blue,60051173,V1124138NABS,1550,2
Vivo Yene Wide Leg Pants - Purple,60055145,V1124138PURS,1550,2
Vivo Yumi High Low Shirt Dress - Magenta,60053817,V0223154MAGM,4750,2
Vivo Zahari Sweatheart Neck Jumpsuit - Maroon / Black Print,60056121,V0623013PR4S,2650,2
Vivo Zahari Sweatheart Neck Jumpsuit - Taupe / White Print,60056125,V0623013PR5S,2450,2
Vivo Zawadi Inverted Pleat Dress - Black,60052630,V1120005BLAS,2950,2
Vivo Zawadi Inverted Pleat Dress - White,60052627,V1120005WHIM,2950,2
Zoya Banda Halter Neck Assymetrical Crop Top - Black,60042640,Z0724050BLA4X,1100,2
Zoya Banda High Slit Maxi Skirt - Blue,60041860,Z0724058BLUS,650,2
Zoya Banda Unisex Jorts - Pink,60042074,Z0724069PINM,550,2
Zoya Banda Unisex Jorts - Pink,60042073,Z0724069PINS,550,2
Zoya Basic Halter Tie Top - Black,60041086,Z0724101BLAM,350,2
Zoya Basic Halter Tie Top - Chocolate,60045925,Z0724101CHOS,1250,2
Zoya Basic Tank Top - Dark Green,60036847,Z0819065DGN4X,1350,2
Zoya Basic Tank Top - Tan,60029364,Z0819065TAN4X,900,2
Zoya Luna Cargo Pants - Dark Green,60057405,Z0124043DGRNXS,1050,2
Zoya Luna Halter Neck Top - Black,60032234,Z0124037BLAL,1750,2
Zoya Luna Halter Neck Top - Black,60032233,Z0124037BLAM,1750,2
Zoya Luna Halter Neck Top -Navy,60032241,Z0124037NAVS,900,2
Zoya Luna Halter Neck Top -Navy,60032240,Z0124037NAVXS,900,2
Zoya Nia Off Shoulder Knee Length Dress - Light Pink,60009779,Z0822082LPINL,3550,2
Zoya Nia Off Shoulder Knee Length Dress - Light Pink,60009778,Z0822082LPINM,3550,2
Zoya Nia Off Shoulder Puff Sleeve Top - Black,60009764,Z0822081BLAL/XL,450,2
Zoya Party Cowl Bare Back Mini Dress - Taupe / Pink Waridi Print,60029384,Z1123052PR1S,2750,2
Zoya Party Sleeveless Bodysuit - Black,60029399,Z1123024BLA4X,1950,2
Zoya Sadira Bell Bottom Pants - Grey,60051478,Z0125030GRES,1950,2
Zoya Sadira Mini Cargo Skirt - Taupe,60051440,Z0125026TAUPXS,1950,2
Zoya Sadira Ribbed Top - Light Grey,60051286,Z0125019LIGS,2250,2
Zoya Shani Off Shoulder Crop Top - Burgundy / Peach Sani Print,60040761,Z0624006PR2S,450,2
Zoya Shani Sarong Wrap - Burgundy,60039502,Z0624020BURF,3250,2
Zoya Taani Easy Fit Joggers -Navy,60033707,Z0324018NAVS,3250,2
Zoya Taani Maxi Dress - Navy,60033637,Z0324012NAV2X,1100,2
Zoya Taani Maxi Dress - Navy,60033638,Z0324012NAV3X,1100,2
Zoya Taani Maxi Dress - Navy,60033639,Z0324012NAV4X,1100,2
Zoya Temo Asymmetric Front Cut Crop Top - Black,60044929,Z0824059BLAL,250,2
Zoya Temo Straight Leg Pants - Camo Green,60044790,Z0924034CAGRNS,1450,2
Zoya Vasha Raglan Sleeve Playsuit - Green / Yellow,60051873,Z0225011GRNYELM,2550,2
Zoya Vasha Raglan Sleeve Playsuit - Green / Yellow,60051872,Z0225011GRNYELS,2550,2
Zoya Vasha Short Sleeve Mesh Top - Neon Pink,60052181,Z0225008NEPXS,250,2
Zoya Vasha Sleeveless Turtleneck Top - Black / Grey,60051858,Z0225001BLAGRY1X,1250,2
Zoya X Metamorphisized 143 Cropped Jacket - Blue / Black,60047103,Z1024059PR1M/L,2550,2
Zoya X Metamorphisized 143 Oversized Bowling Shirt - White / Black,60048304,Z1024053PR11X,3750,2
Zoya Yuni Halter Midriff Top - Black,60034272,Z0324049BLA3X,700,2
Zoya Yuni High Slit Dress - Orange,60035338,Z0324066ORA3X,2550,2
Zoya Yuni High Slit Dress - Orange,60035339,Z0324066ORA4X,2550,2
Zoya Yuni Off Shoulder Midriff Top - Buttermilk,60037560,Z0324051BUTM,350,2
Zoya Yuni Sleeveless Turtle Neck Maxi Top - Black,60037849,Z0324067BLAS,2250,2
Zoya Yuni Sleeveless Turtle Neck Maxi Top - Orange,60034963,Z0324067ORAXS,450,2
Safari 3/4 Sleeve Maxi Kimono With Headwrap - Mustard / Cream Print,60055849,S0625014PR1L/1X,6400,1
Safari Anga Puffy Short Sleeve Tie Top - Lime Green / Black Ankara Print,60029074,S0623056PR7M,650,1
Safari Anga Wide Shorts - Green / Orange Print,60030783,S0623073PR6S,1050,1
Safari Basic Shirt Tent Dress - Coral,60024986,S0623047CORS,5250,1
Safari Basic Shirt Tent Dress - Taupe,60019748,S0623047TAUM,5250,1
Safari Bush 3/4 Sleeve Top - Hunters,60037724,S0424061HGN1X,750,1
Safari Bush 3/4 Sleeve Top - Taupe,60037728,S0424061TAU1X,750,1
Safari Bush Drawstring Shorts - Black,60037630,S0424082BLAM,1650,1
Safari Bush Men's Long Sleeve T-shirt - Grey,60040558,S0724020GRY1X,650,1
Safari Bush Men's Long Sleeve T-shirt - Grey,60045319,S0724020GRYXS,650,1
Safari Bush Men's Long Sleeve T-shirt - Hunters Green,60045318,S0724020HGN4X,1600,1
Safari By Vivo Mens Cotton Long Sleeve Shirt - White / Navy Print,60060671,S0925062PR1L,5400,1
Safari By Vivo Mens Cotton Pants - Khaki Green,60061166,S0925061KGRNM,4800,1
Safari By Vivo Mens Cotton Pants - Khaki Green,60061165,S0925061KGRNS,4800,1
Safari By Vivo Mens Cotton Pants - Navy Blue,60061169,S0925061NBLUS,4800,1
Safari By Vivo Mens Cotton Short Sleeve Shirt - White / Black Print,60060533,S0925060PR11X,4400,1
Safari By Vivo Mens Cotton Shorts - Khaki Tan,60061006,S0925059KTAN1X,3400,1
Safari By Vivo Mens Cotton Shorts - Khaki Tan,60061003,S0925059KTANS,3400,1
Safari Chui 3/4 Sleeve A-Line Dress - White,60048230,S1024009WHIXS,5450,1
Safari Chui Cropped Jacket - White Cloud,60048320,S1024007WCLOXS,6250,1
Safari Chui Heavy Shirt - Red,60047045,S1024013REDL,5950,1
Safari Chui Heavy Shirt - Red,60047044,S1024013REDM,5950,1
Safari Chui Heavy Shirt - Taupe,60047052,S1024013TAU1X,5950,1
Safari Chui Heavy Shirt - Taupe,60047049,S1024013TAUS,5950,1
Safari Chui Heavy Shirt - Taupe,60048227,S1024013TAUXS,5950,1
Safari Chui Jodhpur Pants - White Cloud,60048321,S1024019WHICXS,6250,1
Safari Chui Placket Top - Chui Print,60048387,S1024011PR2XS,5250,1
Safari Haya Drop Shoulder Side Tie Top - Maroon Koi Print,60031239,S0124007PRT2L,1200,1
Safari Haya Drop Shoulder Side Tie Top - Maroon Koi Print,60031238,S0124007PRT2M,1200,1
Safari Haya Strappy Tie Back Maxi Dress - Dark Maroon Koi Print,60031621,S0124010PR1M,2080,1
Safari Huru Halter Sleeveless High Low Dress - Taupe,60047130,S0424075TAUM,4050,1
Safari Kamari Capri Cargo Pants - Green,60035274,S0224195GRE1X,1450,1
Safari Kamari Capri Cargo Pants - White,60035285,S0224195WHI3X,4750,1
Safari Kamari Drop Shoulder Top - Navy Blue,60036025,S0224189NAB1X/2X,1950,1
Safari Kamari Drop Shoulder Top - Tan,60035986,S0224189TANXS/S,1650,1
Safari Kamari Front Slit Midi Skirt - White Cloud,60038073,S0424080WHC1X,2000,1
Safari Kamari Front Slit Midi Skirt - White Cloud,60038071,S0424080WHCM,2000,1
Safari Kamari Halter Shirt - Baby Blue,60036227,S0224190BAB3X,1150,1
Safari Kamari Halter Shirt - Beige,60036232,S0224190BEIL,650,1
Safari Kamari Halter Shirt - Beige,60036229,S0224190BEIXS,650,1
Safari Kamari Halter Shirt - Light Blue,60035206,S0224190LBLU3X,1150,1
Safari Kamari Halter Shirt - Light Blue,60035207,S0224190LBLU4X,1150,1
Safari Kamari Halter Shirt - Light Blue,60035203,S0224190LBLUL,1150,1
Safari Kamari Halter Shirt - Light Blue,60035200,S0224190LBLUXS,1150,1
Safari Kamari Halter Shirt - Navy Blue,60035215,S0224190NAB4X,1150,1
Safari Kamari Halter Shirt - Orange,60036220,S0224190ORA4X,3050,1
Safari Kamari Halter Shirt - Orange,60036216,S0224190ORAL,3050,1
Safari Kamari Halter Shirt - Orange,60036215,S0224190ORAM,3050,1
Safari Kamari Halter Shirt - Rust Orange,60035219,S0224190RUS4X,1150,1
Safari Kamari Halter Shirt - Rust Orange,60035163,S0224190RUSL,1150,1
Safari Kamari Halter Shirt - Rust Orange,60035216,S0224190RUSXS,1150,1
Safari Kamari Long Sleeve Drawstring Shacket - Black,60034995,S0224181BLA1X/2X,5550,1
Safari Kamari Long Sleeve Drawstring Shacket - Hunters Green,60034998,S0224181HGNM/L,5550,1
Safari Kamari Long Sleeve Drawstring Shacket - Navy Blue,60035002,S0224181NABM/L,2250,1
Safari Kamari Mini Skirt - White Cloud,60037220,S0224199WHC3X,250,1
Safari Kamari Mini Skirt - White Cloud,60037216,S0224199WHCM,250,1
Safari Kamari Ribbed Top - Beige,60037651,S0424073BEIXS,750,1
Safari Kamari Ribbed Top - Hunters Green,60037664,S0424073HGN2X,1100,1
Safari Kaya Sleeveless Tent Shirt Dress - Black,60047206,S0224135BLAM,5750,1
Safari Kaya Sleeveless Tent Shirt Dress - Blue,60032295,S0224135BLUM,2850,1
Safari Kikoy Off Shoulder Crop Top - Maroon Print,60032573,S0923074PR7S,500,1
Safari Kikoy Shirred Top Maxi Dress - Gold,60054058,S0923063GOL1X,7950,1
Safari Kikoy Shirred Top Maxi Dress - Gold,60054057,S0923063GOLL,7950,1
Safari Kitenge Men's Sweat Pants - Grey/ Neba Print,60042973,S0824055GNB2X,4550,1
Safari Kitenge Men's Sweat Pants - Grey/ Neba Print,60042969,S0824055GNBS,4550,1
Safari Kitenge Men's Sweat Pants - Teal/ Tafo Print,60042980,S0824055TTF1X,4550,1
Safari Kitenge Men's Sweat Pants - Teal/ Tafo Print,60042979,S0824055TTFL,4550,1
Safari Kitenge Men's Sweat Pants - Teal/ Tafo Print,60042978,S0824055TTFM,4550,1
Safari Kitenge Men's Sweat Pants - Teal/ Tafo Print,60042977,S0824055TTFS,4550,1
Safari Kitenge Men's Sweatshirt - Grey/ Neba Print,60042988,S0824054GNB1X,4250,1
Safari Kitenge Men's Sweatshirt - Grey/ Neba Print,60042987,S0824054GNBL,4250,1
Safari Kitenge Men's Sweatshirt - Grey/ Neba Print,60042985,S0824054GNBS,4250,1
Safari Kitenge Men's Sweatshirt - Grey/ Neba Print,60042984,S0824054GNBXS,4250,1
Safari Kitenge Men's Sweatshirt - Teal/ Tafo Print,60042999,S0824054TTF4X,4250,1
Safari Kitenge Men's Sweatshirt - Teal/ Tafo Print,60042993,S0824054TTFS,4250,1
Safari Lira Front Panelled Shirt Dress - Black / Pink,60041518,S1123111BLA/PIN1X,2320,1
Safari Lira Front Panelled Shirt Dress - Pink / Black,60041533,S1123111PIN/BLA1X,2320,1
Safari Lounge Pants - Powder Blue,60056752,S0424081POBXS/S,4800,1
Safari Mali 3/4 Bishop Sleeve Tie Top - Navy Blue,60032629,S0123088NABL,4250,1
Safari Mali 3/4 Bishop Sleeve Tie Top - White,60032638,S0123088WHI1X,3000,1
Safari Mali Bishop Sleeve Shirt Dress - Black,60039157,S0223180BLA1X,4950,1
Safari Mali Bishop Sleeve Shirt Dress - Black,60039156,S0223180BLAL,4950,1
Safari Mali Bishop Sleeve Tent Dress - Black,60029812,S0223179BLAL,3600,1
Safari Mali Bishop Sleeve Tent Dress - Teal,60038900,S0223179TEA1X,5950,1
Safari Mali Off - Shoulder Ruffle Knee Length Dress - Dark Pink,60033805,S0223175DPIN1X,1450,1
Safari Mansi Bishop Sleeve Shacket - Black,60048463,S0924002BLAXSS,2050,1
Safari Mansi Bishop Sleeve Shacket - Orange,60048466,S0924002ORAXSS,6950,1
Safari Mansi Dolman Top - Taupe,60046299,S0924003TAU3X,2750,1
Safari Mansi Dolman Top - Taupe,60045610,S0924003TAUM,2750,1
Safari Mansi Dolman Top - White,60046303,S0924003WHI3X,2750,1
Safari Mansi Mens Shorts - Green Stripes,60045638,S0924026PR2M,3300,1
Safari Mansi Mens Shorts - Green Stripes,60045637,S0924026PR2S,3300,1
Safari Mansi Mens Summer Shirt - Black Stripes,60045689,S0924024PR1L,1250,1
Safari Mansi Straight Leg Pants - Black,60045726,S0924017BLAS,4950,1
Safari Mara Shirred Bishop Sleeve Dress - Coral,60053117,S1022008CORM,5500,1
Safari Mara Shirred Bishop Sleeve Dress - Orange,60014583,S1022008ORAM,5500,1
Safari Mara Shirred Bishop Sleeve Dress - Orange,60014582,S1022008ORAS,5500,1
Safari Mara Shirred Bishop Sleeve Dress - Taupe,60015787,S1022008TAUL,5500,1
Safari Mara Shirred Bishop Sleeve Dress - Taupe,60015786,S1022008TAUM,5500,1
Safari Men's Bomber Jacket - Light Grey,60037673,S0424035LGRYM,3000,1
Safari Men's Cargo Pants - Dark Grey,60035966,S0424047DGRYL,1750,1
Safari Men's Cargo Pants - Dark Grey,60035964,S0424047DGRYS,1750,1
Safari Men's Chinese Collar Long Sleeve Shirt - Coral,60036658,S0424039CORS,1150,1
Safari Men's Chinese Collar Long Sleeve Shirt - Grey Stripped,60035685,S0423039GRY1X,2700,1
Safari Men's Chinese Collar Long Sleeve Shirt - Grey Stripped,60035683,S0423039GRYM,2700,1
Safari Men's Chinese Collar Long Sleeve Shirt - White,60035690,S0423039WHI1X,1850,1
Safari Men's Drawstring Shorts - Dark Grey,60035979,S0424041DGRYL,1050,1
Safari Men's Kitenge Drawstring Shorts - Chari Print,60037790,S0424041PR7S,1800,1
Safari Men's Kitenge Drawstring Shorts - Himo Print,60049948,S0424041PR8L,1800,1
Safari Men's Kitenge Drawstring Shorts - Keri Print,60049954,S0424041PR9M,1800,1
Safari Men's Kitenge Drawstring Shorts - Keri Print,60049953,S0424041PR9S,1800,1
Safari Men's Long Sleeve Shirt - Denim Blue,60035693,S0424145DMBLUL,1250,1
Safari Men's Long Sleeve Shirt - Khaki,60035698,S0424145KHA1X,1250,1
Safari Men's Shacket - Dark Grey,60042810,S0424037DGRY2X,1850,1
Safari Men's Shacket - Khaki Grey,60035711,S0424037KHGRY1X,4350,1
Safari Men's Short Sleeve Shirt - Black / Chari Print,60037886,S0424198PR62X,2950,1
Safari Men's Short Sleeve Shirt - Black / Chari Print,60037888,S0424198PR64X,2950,1
Safari Men's Short Sleeve Shirt - Black / Tana Print,60037895,S0424198PR54X,2950,1
Safari Naledi 3/4 Sleeve Tent Dress - Navy Pinstripes Print,60055626,S0425057PR1L,6800,1
Safari Naledi 3/4 Sleeve Tent Dress - Navy Pinstripes Print,60055624,S0425057PR1S,6800,1
Safari Naledi 3/4 Sleeve Tent Dress - Pink Polka Stripes,60055636,S0425057PR5S,6800,1
Safari Naledi 3/4 Sleeve Tent Dress - Taupe Puff Stripes,60055651,S0425057PR71X,6800,1
Safari Naledi 3/4 Sleeve Tent Dress - Taupe Puff Stripes,60055649,S0425057PR7M,6800,1
Safari Naledi 3/4 Sleeve Tent Dress - Taupe Puff Stripes,60055648,S0425057PR7S,6800,1
Safari Naledi 3/4 Sleeve Tent Dress - White Polka Stripes,60055632,S0425057PR3S,4550,1
Safari Naledi 3/4 Sleeve Tent Dress - Yellow Puff Stripes,60055645,S0425057PR6M,4750,1
Safari Nazari Coat Dress - Green / Black Adia Print,60059113,S0825005PR2M,4050,1
Safari Nazari Coat Dress - Maroon / Pink Ara Print,60059121,S0825005PR3M-MAR,5800,1
Safari Nimali Bubble Sleeve Top - Navy,60033326,S0124026NAVL,1400,1
Safari Nimali Bubble Sleeve Top - Navy,60032578,S0124026NAVS,1400,1
Safari Nimali Bubble Sleeve Top - Red,60032583,S0124026RED1X,3950,1
Safari Nimali Bubble Sleeve Top - Teal,60033328,S0124026TEAL,1350,1
Safari Njano Front Tie Dress - Tana Print,60044552,S0724139PR2M,1750,1
Safari Njano Joggers - Rust / Himo Print,60059590,S0724143RUSHM,3350,1
Safari Njano Joggers - Rust / Himo Print,60059589,S0724143RUSHS,3350,1
Safari Njano Men's Easy Fit Kitenge Pants - Black / Brown Print,60060685,S0925045PR2S,4800,1
Safari Njano Men's Easy Fit Kitenge Pants - Black / Dark Teal Print,60060683,S0925045PR1L,4800,1
Safari Njano Men's Easy Fit Pants - Hunters Green,60044511,S0824028HGN1X,4800,1
Safari Njano Men's Easy Fit Pants - Hunters Green,60044509,S0824028HGNM,4800,1
Safari Njano Men's Easy Fit Pants - Rust,60044515,S0824028RUS1X,2050,1
Safari Njano Men's Easy Fit Pants - Rust,60044514,S0824028RUSL,2050,1
Safari Njano Men's Easy Fit Pants - Rust,60044513,S0824028RUSM,2050,1
Safari Njano Men's Easy Fit Pants - Rust,60044512,S0824028RUSS,2050,1
Safari Njano Men's Knee Length Shorts - Hunters Green,60044518,S0824030HGNL,1650,1
Safari Njano Men's Knee Length Shorts - Rust,60044523,S0824030RUS1X,1150,1
Safari Njano Men's Short Sleeve Shirt - White / Black Brown Print,60060674,S0925041PR1M,5800,1
Safari Njano Men's Straight Leg Pants - Himo,60049666,S0824029PR3L,6250,1
Safari Njano Men's Straight Leg Pants - Jura Print,60045063,S0824029PR22X-JUR,6250,1
Safari Njano Tie Front Wide Top - White,60044284,S0724130WHIS/M,2350,1
Safari Njano Wide Leg Pants - Neba Print,60045080,S0724127PR24X,2350,1
Safari Njano Wide Leg Pants - Shama Print,60044541,S0724127PR11X,3400,1
Safari Njano Wide Leg Pants - Shama Print,60045082,S0724127PR13X,3400,1
Safari Njano Wide Leg Pants - Shama Print,60044538,S0724127PR1S,3400,1
Safari Savannah Front Slit Midi Skirt - Ashai Print,60043110,S0724014ASHM,5550,1
Safari Savannah Front Slit Midi Skirt - Ashai Print,60043109,S0724014ASHS,5550,1
Safari Savannah Kitenge  Midi Wrap Dress - Sipo Print,60042911,S0824067PR33X,8950,1
Safari Savannah Kitenge  Midi Wrap Dress - Sipo Print,60042867,S0824067PR3L,8950,1
Safari Savannah Kitenge Chinese Collar Shirt - Shama Print,60043873,S0724084PR2M,3200,1
Safari Savannah Kitenge Midi Wrap Dress - Lashi Print,60042859,S0824067PR2M-LAS,8950,1
Safari Savannah Men's Drawstring Shorts (Tall) - Black,60041655,S0624022BLA(TAL)1X,1650,1
Safari Savannah Men's Drawstring Shorts (Tall) - Black,60041653,S0624022BLA(TAL)M,1650,1
Safari Savannah Men's Half Placket Shirt - Hunters,60041681,S0624019HUN1X,4550,1
Safari Savannah Men's Half Placket Shirt - Hunters,60041680,S0624019HUNL,4550,1
Safari Savannah Men's Half Placket Shirt - Hunters,60041678,S0624019HUNS,4550,1
Safari Savannah Men's Half Placket Shirt - White,60041686,S0624019WHI1X,4400,1
Safari Savannah Men's Half Placket Shirt - White,60041685,S0624019WHIL,4400,1
Safari Savannah Men's Jacket - Black,60041708,S0624028BLA1X,1850,1
Safari Savannah Men's Jacket - Black,60041707,S0624028BLAL,1850,1
Safari Savannah Men's Jacket - Black,60041705,S0624028BLAS,1850,1
Safari Savannah Men's Jacket - Hunters,60041711,S0624028HUNM,2650,1
Safari Savannah Men's Long Sleeve Shirt - Beige,60041687,S0724016BEIS,1850,1
Safari Savannah Men's Long Sleeve Shirt - White,60041695,S0724016WHI1X,1850,1
Safari Savannah Men's Short Sleeve Shirt - White,60041677,S0724125WHI1X,4200,1
Safari Savannah Men's Short Sleeve Shirt - White,60041676,S0724125WHIL,4200,1
Safari Savannah Wrap Top - Beige,60051574,S0724009BEI1X,5250,1
Safari Savannah Wrap Top - Hunters,60051570,S0724009HUN1X,5250,1
Safari Savannah Wrap Top - Hunters,60051569,S0724009HUNL,5250,1
Safari Savannah Wrap Top - White,60043038,S0724009WHIS,5250,1
Safari Sizani 2 Way Wrap Top - Sipo,60051529,S1124144PR3XS/S,2250,1
Safari Sizani 2 Way Wrap Top - Tafo Print,60049644,S1124144PR13X/4X,3250,1
Safari Sizani Barrel Pants - Navy Blue,60050931,S1124112NAB1X,5950,1
Safari Sizani Barrel Pants - White,60051336,S1124112WHIM,5950,1
Safari Sizani Barrel Pants - White,60051335,S1124112WHIS,5950,1
Safari Sizani Men's Kitenge Placket Shirt - Keri Print,60049589,S1124152PR2L,3800,1
Safari Sizani Men's Kitenge Placket Shirt - Keri Print,60049588,S1124152PR2M,3800,1
Safari Sizani Men's Kitenge Tuxedo Shirt - Black,60049599,S1124151PR12X,4400,1
Safari Sizani Men's Kitenge Tuxedo Shirt - Black,60049600,S1124151PR13X,4400,1
Safari Solana Bubble Midi Skirt in Cotton - Olive,60065806,S0825039OLI1X,5800,1
Safari Solana Bubble Midi Skirt in Cotton - Tan,60065812,S0825039TAN2X,5800,1
Safari Solana Wrap Dress - Rust Brown,60060509,S0925064RBWL,7400,1
Safari Spaghetti Tank Top - Light Taupe,60035317,S0424062LTAUM/L,650,1
Safari Tafari Shorts - Black Brown Shade C,60060959,S0925046PR5L,2800,1
Safari Tafari Shorts - Dark Navy Asili Print,60060951,S0925046PR3L,2800,1
Safari Tafari Shorts - Dark Navy Asili Print,60060950,S0925046PR3M,2800,1
Safari Tafari Shorts - Laka Print,60060966,S0925046PR7M,2800,1
Safari Tafari Shorts - Light Blue Asili Print,60060942,S0925046PR1M,2800,1
Safari Tafari Shorts - Lusi Print,60060947,S0925046PR2L,2800,1
Safari Tafari Shorts - Selvi Print,60060972,S0925046PR81X,2800,1
Safari Tafari Shorts - Selvi Print,60060969,S0925046PR8S,2800,1
Safari Tafari Shorts - Shan Print,60060977,S0925046PR10S,2800,1
Safari Tafari Wrap Top - Mpiji Print,60060646,S1025031PR6S/M,3400,1
Safari Tafari Wrap Top - Sigi Print,60060639,S1025031PR2L/1X,3400,1
Safari Tafari Wrap Top - Umba Print,60061122,S1025031PR10M/L,3400,1
Safari Tafari Wrap Top - Umba Print,60061632,S1025031PR10XS/S,3400,1
Safari Tafari Wrap Top - Weru Print,60060649,S1025031PR7L/1X,3400,1
Safari Tara Bishop Sleeve Dress - Maroon / Pink Ara Print,60056477,S0525069PR1M,6400,1
Safari Tara Bishop Sleeve Dress - Peach / Blue Sara Print,60056483,S0525069PR2L,6400,1
Safari Tara Bishop Sleeve Dress - Peach / Blue Sara Print,60056481,S0525069PR2S,6400,1
Safari Tara Bishop Sleeve Dress -Navy / Red Maya Print,60056494,S0525069PR3S,6400,1
Safari Tawi Flounce Tent Dress - Black,60010982,S0322138BLAL,1650,1
Safari Tawi Flounce Tent Dress - Lime Green,60016150,S0322138LGNM,4950,1
Safari Tie Knee Length Dress - Blue,60038005,S0524182BLU3X,4350,1
Safari Tie Knee Length Dress - Pink,60038010,S0524182PINL,4350,1
Safari Tiwa Barell Pants - Rust,60053955,S0325031RUSTL,5400,1
Safari Tiwa Barell Pants - White,60053948,S0325031WHI1X,5400,1
Safari Tiwa Reversible Tie Kimono - Mustard + Zuri Print,60054734,S0425029MUSL,6400,1
Safari Tiwa Shirred Midi Dress - Hunters,60053961,S0125056HUNM/L,5800,1
Safari Tiwa Shirred Midi Dress - Lime,60053957,S0125056LIMXS/S,5800,1
Safari Tiwa Shirred Top - Chocolate,60054983,S0125049CHOS,850,1
Safari Tiwa Shirred Top - Lime,60056337,S0125049LIMM,1650,1
Safari Tiwa Shirred Top - Navy,60053901,S0125049NAVYS,1150,1
Safari Tiwa Shirred Top - Orange,60056325,S0125049ORAM,1050,1
Safari Tiwa Shirred Top - White,60053905,S0125049WHIS,1150,1
Safari Zene Drop Shoulder Top - Light Orange,60040877,S1023059LORAM,1050,1
Safari Zene Drop Shoulder Top - Light Orange,60040876,S1023059LORAS,1050,1
Safari Zene Off Shoulder Dress - Peach,60027223,S1023065PEAM,5950,1
Safari Zene Off Shoulder Dress - Peach,60027222,S1023065PEAS,5950,1
Safari by Vivo Naledi Bubble Midi Dress - Isara Print,60061221,S0925040PR11X,5800,1
Safari by Vivo Savannah Drawstring Shacket in Linen - Black,60043054,S0724086BLAXS/S,8400,1
Safari by Vivo Savannah Drawstring Shacket in Linen - Tan,60066344,S0724086TAN1X/2X,8400,1
Safari by Vivo Savannah Drawstring Shacket in Linen - Tan,60066343,S0724086TANM/L,8400,1
Safari by Vivo Savannah Drawstring Shacket in Linen - Tan,60066342,S0724086TANXS/S,8400,1
Safari by Vivo Wide Kaftan in Cotton - Gold,60066478,S0326014GLDF,6400,1
Safari by Vivo Zehra Drawstring Pants - Beige,60061868,S1025026BEIM,5400,1
Safari by Vivo Zehra Drawstring Pants - Rust,60061860,S1025026RUS1X,5400,1
Shiv & Shikie X Safari Barrel Pants - Taupe,60055423,S0425039TAUM,4800,1
Shiv & Shikie X Safari Cargo Pants - Dark Grey,60055562,S0425037DGRL,5800,1
Shiv & Shikie X Safari Faux Collar Printed Shirt - Grey/Black Ezi Print,60056096,S0525005PR11X/2X,2800,1
Shiv & Shikie X Safari Printed Short Sleeve Shirt - Grey / Black Ezi Print,60056442,S0425041PR21X,4800,1
Shiv & Shikie X Safari Printed Short Sleeve Shirt - Taupe / Black Ezi Print,60056446,S0425041PR31X,4800,1
Shiv & Shikie X Safari Printed Short Sleeve Shirt - Taupe / Black Ezi Print,60056445,S0425041PR3L,4800,1
Shiv & Shikie X Safari Short Sleeve Shirt - Black,60056219,S0625017BLA1X,4800,1
Shiv & Shikie X Safari Short Sleeve Shirt - Black,60056227,S0625017BLAXS,4800,1
Shiv & Shikie X Safari Short Sleeve Shirt - Lime,60056225,S0625017LIM1X,4800,1
Shiv & Shikie X Safari Short Sleeve Shirt - Lime,60056228,S0625017LIMXS,4800,1
Unaku Cape Jumpsuit - Red,50021975,U0122157REDL,4500,1
Vivo 2-Way Wrap Top - Lira Print,60034976,V0224238PR3XS/S,2250,1
Vivo 2-Way Wrap Top - Neba Print,60042674,V0224238PR5XS/S,3250,1
Vivo Ajani Long Sleeve Top - Navy Blue,60029770,V1123079NABS,3250,1
Vivo Alani High Low Dress - Black Checkered Print,60056574,V0625018PR31X,2850,1
Vivo Alani High Low Dress - Black Stripes Print,60056581,V0625018PR5L,2250,1
Vivo Alani High Low Dress - Black Textured Print,60056578,V0625018PR41X,2850,1
Vivo Alani High Low Dress - Black Textured Print,60056575,V0625018PR4S,2850,1
Vivo Aleri A-Line Pleated Dress - Black,60057450,V0625032BLAS,5500,1
Vivo Aleri Trench Coat Dress - Maroon,60057794,V0625059MARL,5900,1
Vivo Aleri Trench Coat Dress - Mustard,60057799,V0625059MUS1X,5900,1
Vivo Aleri Trench Coat Dress - Mustard,60057797,V0625059MUSM,5900,1
Vivo Aleri Trench Coat Dress - White,60057544,V0625059WHI1X,5900,1
Vivo Alora Shift Dress - Khaki,60039397,V0624064KHAM,1950,1
Vivo Alora Shift Dress - Khaki,60039396,V0624064KHAS,1950,1
Vivo Amai Asymmetrical Cape Top in Chiffon - Dark Tan / Brown Iwa Print,60065183,V0324028PR4F,4700,1
Vivo Amai Knee Length Dresses - Purple / Black,60044982,V0824073PUBLAM,4150,1
Vivo Amai Side Slit Pants - Black,60044993,V0324043BLA1X,2150,1
Vivo Amai Side Slit Pants - Black,60045660,V0324043BLA4X,2150,1
Vivo Amara Back Pleat Dress - Dark Purple,60031989,V1023100PURL,2480,1
Vivo Amara Back Pleat Dress - Dark Purple,60031988,V1023100PURM,2480,1
Vivo Amara Back Pleat Dress - Dark Purple,60031987,V1023100PURS,2480,1
Vivo Amara Sleeveless High Low Top - Tan,60026454,V1023097TANL,900,1
Vivo Amara Sleeveless High Low Top - Tan,60026452,V1023097TANS,900,1
Vivo Analo Sleeveless Tie Kimono - Black,60054773,V0425046BLAXS/S,1050,1
Vivo Analo Sleeveless Tie Kimono - Yellow,60054780,V0425046YELM/L,1550,1
Vivo Analo Wide Leg Pants - Black,60053480,V0325069BLCKM,2750,1
Vivo Anavi Cascade Waterfall - White,60061436,V1025012WHI1X/2X,4500,1
Vivo Anavi Leggings in Jersey - Black,60063193,V0825024BLA2X,2900,1
Vivo Ari One Shoulder Maxi Dress - Chocolate Brown,60057344,V0725023CHO1X,2250,1
Vivo Ari Sleeveless Straight Maxi Slit Dress - Red,60057248,V0725029RED1X,4900,1
Vivo Ari Sleeveless Straight Maxi Slit Dress - Red,60057245,V0725029REDS,4900,1
Vivo Asha Drop Shoulder Knee Length Dress - Black Aku Print,60044395,V1223033PR18L,4800,1
Vivo Asha Drop Shoulder Knee Length Dress - Ocean Depths,60033798,V1223033ODEL,4050,1
Vivo Ava 3/4 Sleeve Kimono -Navy,60052145,V1023042NAVS,3450,1
Vivo Ava Front Pleat Knee Length Dress In Crepe - Navy,60063432,V1124142NAV1X,4900,1
Vivo Ava Front Pleat Knee Length Dress In Crepe - Navy,60063431,V1124142NAVL,4900,1
Vivo Ava Front Pleat Knee Length Dress In Crepe - Navy,60063429,V1124142NAVS,4900,1
Vivo Ava Front Pleat Maxi Dress - Blue / Cream Ima Print,60050224,V0923049PR16M,5950,1
Vivo Ava Pleated Wide Leg Pants - Pink,60025569,V0923053PINL,1250,1
Vivo Ayah 3/4 Sleeve Jumpsuit - Navy,60052462,V0225007NAVM,2350,1
Vivo Ayah 3/4 Sleeve Jumpsuit - Navy,60052461,V0225007NAVS,2350,1
Vivo Ayah Bishop Sleeve Mock Neck Top - Chocolate,60052321,V0225002CHOCL,3050,1
Vivo Ayah Bishop Sleeve Mock Neck Top - Green / Peach Zani Print,60057957,V0225002PR4M,4500,1
Vivo Ayah Bishop Sleeve Mock Neck Top - Green / Peach Zani Print,60057956,V0225002PR4S,4500,1
Vivo Ayah Bishop Sleeve Mock Neck Top - Lilac / Orange Zani Print,60057953,V0225002PR3M,3050,1
Vivo Ayah Bishop Sleeve Mock Neck Top - Taupe / Orange Zani Print,60057960,V0225002PR5S,4500,1
Vivo Ayah Drawstring Pants - Chocolate,60051951,V0225003CHO1X,4900,1
Vivo Ayah Drawstring Pants - Lilac,60051955,V0225003LIL1X,4900,1
Vivo Ayah Drawstring Pants - Lilac,60051954,V0225003LILL,4900,1
Vivo Ayah Drawstring Pants - Lilac,60051952,V0225003LILS,4900,1
Vivo Ayah Kimono - Orange / Black Tullu Print,60052520,V0225030PR21X/2X,4950,1
Vivo Ayah Satin Pants - Dark Purple,60052416,V0225031DAPL,1950,1
Vivo Ayah Satin Pants - Dark Purple,60052409,V0225031DAPS,1950,1
Vivo Ayah Satin Pants - Dark Red,60052419,V0225031DARS,3950,1
Vivo Ayah Satin Pants - Lilac / Navy Tullu Print,60052427,V0225031PR11X,1950,1
Vivo Ayah Satin Pants - Lilac / Navy Tullu Print,60052426,V0225031PR1L,1950,1
Vivo Ayah Satin Pants - Lilac / Navy Tullu Print,60052425,V0225031PR1M,1950,1
Vivo Ayah Shirred Cuff Loose Top - Dark Purple,60052489,V0225032DAPL,3550,1
Vivo Ayah Shirred Neck Tent Maxi Dress - Dark Teal,60052306,V0225005DATS,4850,1
Vivo Ayla Off-Shoulder Dress - Tan / Black Meti Print,60045442,V0824103PR1M/L,5250,1
Vivo Ayla Off-Shoulder Dress - Tan / Black Meti Print,60045441,V0824103PR1XS/S,5250,1
Vivo Ayo Tent Dress - Mint Green / Off-White Abstract Print,60022528,V0120094PR22L,1750,1
Vivo Ayo Tent Dress - Mustard / Green Print,60049289,V0120094PR40L,2650,1
Vivo Basic 3/4 Sleeved Double Layered Bodysuit - Navy Blue,40016736,V1020048NABXL,2900,1
Vivo Basic 3/4 Sleeved Double Layered Bodysuit - Pink,60053047,V1020048PINKL,2900,1
Vivo Basic A-line Maxi Skirt - Navy Blue,60056691,V0719105NAB2XL,4250,1
Vivo Basic A-line Maxi Skirt - Navy Blue,50011449,V0719105NABL,4250,1
Vivo Basic A-line Maxi Skirt - Navy Blue,50011450,V0719105NABXL,4250,1
Vivo Basic A-line Maxi Skirt -Teal,40001062,V0719105TEAL,4250,1
Vivo Basic A-line Maxi Skirt -Teal,40001667,V0719105TEAXL,4250,1
Vivo Basic Bishop Sleeve Top In Chiffon (Double Layered) - Light Blue,60064087,V0524179LBL1X,3500,1
Vivo Basic Bishop Sleeve Top In Chiffon (Double Layered) - Light Blue,60064088,V0524179LBL2X,3500,1
Vivo Basic Boundneck Puff Sleeve Top - Lime Green,60010700,V0320040LIGS,1350,1
Vivo Basic Cap Sleeved Leila Dress - Taupe,50009063,V0819136TAUXL,2450,1
Vivo Basic Crepe Pants - Black,60023043,V0822019BLAL,4500,1
Vivo Basic Crepe Pants - Black,60023044,V0822019BLAXL,4500,1
Vivo Basic Cuffed Dolman Jersey Dress - Mustard,60044368,V0719222MUSM/L,3950,1
Vivo Basic Dada Poncho - Mustard,40015927,V0819101MUSF,4950,1
Vivo Basic Double Layered Capri Skirt - Navy Blue,40008604,V0819031NABXL,3500,1
Vivo Basic Double Layered Long Sleeved Bodysuit - Mustard,60020725,V0220007MUS1X,1450,1
Vivo Basic Double Layered Wrap Poncho (Without Fringe) - Coral / Grey,60028980,V0523123PR4F,5250,1
Vivo Basic Double Layered Wrap Poncho (Without Fringe) - Pink / Black,60028234,V0523123PR1F,5250,1
Vivo Basic Drop Shoulder Top - Dark Green,60054371,V0622002DAGL,1750,1
Vivo Basic Drop Shoulder Top - Mustard,60039837,V0622002MUS2X,2550,1
Vivo Basic Drop Shoulder Top - Mustard,60039833,V0622002MUSS,2550,1
Vivo Basic Drop Shoulder Top - Yellow,60026354,V0622002YEL4X,750,1
Vivo Basic Hooded Kimono - Black / Mint Print,60052190,V1024063PR5S,2350,1
Vivo Basic Imelda Top - Hunters,60040906,V0719369HUN1X/2X,1150,1
Vivo Basic Kena Tent Maxi Dress - Mustard,60012497,V1119093MUSS,5250,1
Vivo Basic Leggings - Grey,60046011,V0421160GRYS,1750,1
Vivo Basic Leggings - Navy Blue,50005756,V0421160NABM,2500,1
Vivo Basic Leila Short Waterfall - Maroon,60055759,V0423078MARM/L,3700,1
Vivo Basic Leila Short Waterfall - Maroon,60055757,V0423078MARXS/S,3700,1
Vivo Basic Long Lily Waterfall - Yellow,40006849,V0819064YELL/XL,2250,1
Vivo Basic Long Sleeve Cascade Waterfall - Green,60027039,V0723033GREL/1X,1950,1
Vivo Basic Long Sleeved Bishop Top - Navy / Brown Lowa Print,60050345,V0120092PR50M,2950,1
Vivo Basic Long Sleeved Bodysuit in Jersey - Hunters Green,60036552,V0719112HGN3X,2050,1
Vivo Basic Long Sleeved Bodysuit in Jersey - Hunters Green,60036553,V0719112HGN4X,2050,1
Vivo Basic Long Sleeved Bodysuit in Jersey - Navy Blue,50010084,V0719112NABXL,2550,1
Vivo Basic Long Sleeved Double Layered Bodycon - Mustard,50009756,V0719261MUSM,4250,1
Vivo Basic Long Sleeved Double Layered Bodycon - White,60037964,V0719261WHIL,2950,1
Vivo Basic Long Sleeved Top - Mustard,60002790,V0719113MUSS,1750,1
Vivo Basic Long Sleeved Top - Orange,60011014,V0719113ORAL,1400,1
Vivo Basic Long Sleeved Top - Orange,60011015,V0719113ORAXL,1400,1
Vivo Basic Long Sleeved Top - Pink,60053925,V0719113PINKS,1750,1
Vivo Basic May Jersey Waterfall - Dark Green,40014551,V0220053DGNL/XL,2650,1
Vivo Basic May Jersey Waterfall - Dark Green,40014550,V0220053DGNS/M,2650,1
Vivo Basic Nalia High Low Jersey Top - Navy Blue,60044412,V0121134NABL1X/2X,1050,1
Vivo Basic Nalia High-low Chiffon Top - Black / Green Lora Print,60040169,V1119024PR671X/2X,950,1
Vivo Basic Neo Waterfall - Mustard,60047246,V0422073MUSL/1X,3250,1
Vivo Basic Open Kaftan - Lime / Dark Green Print,60060770,V0223225PR28F,5500,1
Vivo Basic Palazzo Pants - Black,40004194,V0819137BLAS,2750,1
Vivo Basic Puff Sleeved Bodycon - Dark Teal,60026172,V0919039DTEAL,3350,1
Vivo Basic Round Neck Maxi Dress - Navy,60055975,VO525075NAVS,6900,1
Vivo Basic Salma Maxi Boat Neck Dress - Teal,60011756,V0819056TEAF,3450,1
Vivo Basic Sienna Jersey Top - Deep Teal,60038915,V0422077DET1X/2X,1200,1
Vivo Basic Sleeveless Extra Long Lily Waterfall - Burnt Orange,60025520,V1122193BUOL/1X,3450,1
Vivo Basic Sleeveless Extra Long Lily Waterfall - Forest Green,60012052,V1122193FGNL/XL,2150,1
Vivo Basic Sleeveless Extra Long Lily Waterfall - Tan,60030450,V1122193BLAL/1X-TAN,1950,1
Vivo Basic Sleeveless Kena Tent Maxi Dress in Ponte - Mustard,60023126,V1121020MUSL,5500,1
Vivo Basic Sleeveless Kena Tent Maxi Dress in Ponte - Mustard,60023124,V1121020MUSS,5500,1
Vivo Basic Sleeveless Kena Tent Maxi Dress in Ponte - Navy Blue,50017240,V1121020NABL,5500,1
Vivo Basic Sleeveless Kena Tent Maxi Dress in Ponte - Navy Blue,50017239,V1121020NABM,5500,1
Vivo Basic Sleeveless Kena Tent Maxi Dress in Ponte - Navy Blue,50017238,V1121020NABS,5500,1
Vivo Basic Sleeveless Long Lily Waterfall - Navy Blue,50015398,V0719839NABL/XL,1250,1
Vivo Basic Sleeveless Long Lily Waterfall - Navy Blue,60045340,V0719839NBLU1X/2X,1250,1
Vivo Basic Sleeveless Long Lily Waterfall - Tan,60034617,V0719839TANL/1X,1750,1
Vivo Basic Sleeveless Long Lily Waterfall - Yellow,40008347,V0719839YELS/M,1650,1
Vivo Basic Sleeveless Midi Jersey Waterfall - Mustard,60045344,V1122192MUS1X/2X,1350,1
Vivo Basic Sleeveless Sienna Waterfall - Navy Blue,50010430,V0321017NABM,2250,1
Vivo Basic Sleeveless Tent Dress in Crepe - White / Dark Hunters Print,60064269,V0822022PR391X,4900,1
Vivo Basic Sleeveless Tent Kimono - Mint,60047169,V1024064MINF,3250,1
Vivo Basic Spaghetti Strap Tank Top - Hunters Green,60032499,V0623033HGN2X,450,1
Vivo Basic Straight Maxi Dress - Navy Blue,60036905,V0719121NAB1X,4150,1
Vivo Basic Strappy Cowl Top - Champagne,60053217,V0325044CHAL,2550,1
Vivo Basic Tolani Dress in Jersey - Chocolate,60065249,V0920021CHO1X,4900,1
Vivo Basic Tolani Dress in Jersey - Chocolate,60065250,V0920021CHO2X,4900,1
Vivo Basic Tolani Dress in Jersey - Chocolate,60065246,V0920021CHOS,4900,1
Vivo Basic Tolani Dress in Jersey - Mulberry,60065239,V0920021MUL1X,4900,1
Vivo Basic Tolani Jersey Dress - Black,60057040,V0920021BLA1X,3450,1
Vivo Basic Tolani Jersey Dress - Tan,60027335,V0920021TANM,2450,1
Vivo Basic Trench Coat - Navy Blue,50006743,V0620079NABXL,4950,1
Vivo Basic Tsavo Scalloped Chiffon Top - Black / White Rosa Print,60050854,V0422058PR151X,1050,1
Vivo Basic Tsavo Scalloped Chiffon Top - Navy Blue,60029423,V0422058NABS,750,1
Vivo Basic Tulip Sweater - Magenta,60062777,V0819126MAGS,2450,1
Vivo Basic V-neck Cap Sleeve Top - Burgundy,60041227,V0323019BUR2X,950,1
Vivo Basic V-neck Cap Sleeve Top - Orange,60039711,V0323019ORA2X,2550,1
Vivo Basic V-neck Cap Sleeve Top - Teal,60032171,V0323019TEA4X,1350,1
Vivo Basic V-neck Cap Sleeve Top - Teal,60017360,V0323019TEAM,1350,1
Vivo Basic V-neck Cap Sleeve Top - Teal,60017363,V0323019TEAXL,1350,1
Vivo Basic V-neck Cap Sleeve Top - Teal,60032168,V0323019TEAXS,1350,1
Vivo Basic V-neck Cap Sleeve Top - White,60023443,V0323019WHI4X,750,1
Vivo Beali Baby Doll Dress - Off White / Gold Lea Print,60048451,V1024031PR4M,4850,1
Vivo Beali Baby Doll Dress - Off White / Gold Lea Print,60048449,V1024031PR4XS,4850,1
Vivo Beali Shorts - Beige / Gold Lea Print,60047909,V1024032PR2S,1350,1
Vivo Beali Shorts - Tan / Navy Lea Print,60047917,V1024032PR11X,1850,1
Vivo Beali Two Way Wrap Top - Cream / Chocolate Lea Print,60048036,V1024043PR21X,1350,1
Vivo Beali Two Way Wrap Top - Cream / Gold Lea Print,60048038,V1024043PR1M,1350,1
Vivo Beali Two Way Wrap Top - Cream / Taupe Lea Print,60048044,V1024043PR31X,1550,1
Vivo Beali Two Way Wrap Top - White / Taupe Lea Print,60048509,V1024043PR4S,2250,1
Vivo Bissa Reversible Maxi Dress - Light Beige / Brown Print,60058650,V0221005PR182X,6500,1
Vivo Boat Neck Dress in Ponte - Olive,60065655,V0126025OLI1X,4500,1
Vivo Boat Neck Dress in Ponte - Olive,60065656,V0126025OLI2X,4500,1
Vivo Boat Neck Dress in Ponte - Olive,60065653,V0126025OLIM,4500,1
Vivo Boat Neck Dress in Ponte - Olive,60065652,V0126025OLIS,4500,1
Vivo Boat Neck Top in Scuba - Black,60065752,V0126024BLA2X,2900,1
Vivo Boat Neck Top in Scuba - Black,60065748,V0126024BLAS,2900,1
Vivo Boat Neck Top in Scuba - Burgundy,60065747,V0126024BUR2X,2900,1
Vivo Boat Neck Top in Scuba - Burgundy,60065743,V0126024BURS,2900,1
Vivo Boat Neck Top in Scuba - Lilac,60065766,V0126024LIL1X,2900,1
Vivo Boat Neck Top in Scuba - Lilac,60065765,V0126024LILL,2900,1
Vivo Boat Neck Top in Scuba - Lilac,60065763,V0126024LILS,2900,1
Vivo Boat Neck Top in Scuba - Lime Green,60065760,V0126024LGRL,2900,1
Vivo Boat Neck Top in Scuba - Red,60065756,V0126024RED1X,2900,1
Vivo Boat Neck Top in Scuba - Red,60065755,V0126024REDL,2900,1
Vivo Boat Neck Top in Scuba - Red,60065753,V0126024REDS,2900,1
Vivo Bottoms - Sample 5,60067084,VS0426003,5750,1
Vivo Button Up Shirt in Chiffon - Light Blue,60065365,V0126009LBLUS,4500,1
Vivo Cap Sleeve Salma Maxi Dress - Navy Blue,60057806,V0725025NABXS/S,5900,1
Vivo Chela Basic Cap Sleeve Top - Light Taupe,60052253,V0325019LTAU1X,2250,1
Vivo Chela Basic Cap Sleeve Top - Light Taupe,60052252,V0325019LTAUL,2250,1
Vivo Chela Basic Cap Sleeve Top - Lilac,60052244,V0325019LIL1X,2250,1
Vivo Chela Basic Cap Sleeve Top - Lilac,60052242,V0325019LILM,2250,1
Vivo Chela Basic Cap Sleeve Top - Lilac,60052254,V0325019LILXS,2250,1
Vivo Chela Basic Cap Sleeve Top - Sage,60052265,V0325019SAG1X,2250,1
Vivo Chela Jersey Pallazo Pants - Fuschia,60060830,V1025044FUSS,3900,1
Vivo Chela Scalloped Sleeveless Top - Royal Blue,60052831,V0225023RBLUS,2050,1
Vivo Chela Sleeveless Waterfall - Maroon,60057223,V0225018MAR1X/2X,3900,1
Vivo Chela Sleeveless Waterfall in Jersey - Fuschia,60060844,V1025015FUSM/L,3900,1
Vivo Chela Tank Top in Stretch Rib - Buttermilk,60052234,V0225026BUTL,1500,1
Vivo Chela Tank Top in Stretch Rib - Lilac,60066371,V0225026LIL2X,1500,1
Vivo Chesi V-neck Jumpsuit - Deep Teal,60039077,V0424130DTEA1X,2650,1
Vivo Chesi Wide Leg Pants - Rust / Black Hesi Print,60040356,V0424124PR31X,2750,1
Vivo Chesi Wide Leg Pants - Rust / Black Hesi Print,60040353,V0424124PR3S,2750,1
Vivo Chiffon Shorts - Black,60053197,V0325072BLA1X,3550,1
Vivo Chiffon Shorts - Navy,60053201,V0325072NAV1X,3550,1
Vivo Chiffon Shorts - Navy,60053200,V0325072NAVL,3550,1
Vivo Cotton 3/4 Sleeve Wrap Top - Sea Green,60060460,V0925065SGNS,3900,1
Vivo Cowl Camisole - Black,60035491,V0424158BLAL,1300,1
Vivo Cowl Camisole - Khaki,60035502,V0424158KHA3X,1050,1
Vivo Dalia Off Shoulder Jumpsuit - Cream / Orange Alia Print,60050523,V0322047PR18L/1X,2050,1
Vivo Dalia Sleeveless Gathered Dress In Cotton - Maroon Multicolor Print,60064690,V0226020PR4L,5500,1
Vivo Dalia Sleeveless Gathered Dress In Cotton - Purple Multicolor Print,60064695,V0226020PR5L,5500,1
Vivo Dalia Sleeveless Gathered Dress In Cotton - Purple Multicolor Print,60064694,V0226020PR5M,5500,1
Vivo Dalia Sleeveless Tie Midi Dress in Print Cotton - Olive Multicolor Print ,60065714,V0226035PR4L,6500,1
Vivo Diella 3/4 Sleeve Pleated Dress SD - Mulberry,60057401,V0625028MULS-SD,3900,1
Vivo Diella V-Neck Jumpsuit - Cream / Black Print,60056246,V0525076PR2L,2350,1
Vivo Diella Wide Leg Pants in Crepe - Navy,60056170,V0625016NAVS,3150,1
Vivo Drop Shoulder Shirt in Organza - Off White,60065786,RE0226001OWHI1X,3900,1
Vivo Drop Shoulder Shirt in Organza - Off White,60065785,RE0226001OWHIL,3900,1
Vivo Drop Shoulder Shirt in Organza - Off White,60065784,RE0226001OWHIM,3900,1
Vivo Drop Shoulder Top in Cotton - White,60064842,V0126043WHI1X/2X,3900,1
Vivo Dua 3/4 Sleeved V Neck Shirt in Crepe - Beige,60066083,V0121167BEIXS/S,3500,1
Vivo Dua Dolman Top - Brown,60039127,V0424127BROM/L,1450,1
Vivo Dua Long Bishop Sleeve Top - Taupe Textured,60029859,V0523147TAUTL,1050,1
Vivo Dua Satin Bishop Sleeve Top - Mole Dusty,60052478,V1223014MODUM,2450,1
Vivo Essentials Biker Shorts - Black,60021860,VE0002BLK2X,1750,1
Vivo Essentials Biker Shorts - Mulberry,60021871,VE0002MULXS,1750,1
Vivo Essentials Bodycon - Orange,90000654,VE0008ORA3X,3950,1
Vivo Essentials Bodycon - White,90000661,VE0008WHI3X,3950,1
Vivo Essentials Strappy Cold Shoulder Top - Black,90001703,VE0009BLAS/M,2600,1
Vivo Essentials Tank Top - Mulberry,90000501,VE0001MUL4X,1550,1
Vivo Essentials Tank Top - White,90000528,VE0001WHI4X,1550,1
Vivo Essentials Tank Top - Yellow,90000533,VE0001YEL2X,750,1
Vivo Essi Front Slit Maxi Top In Satin - Orange,60063949,V0725016ORAF,5500,1
Vivo Essi Front Slit Maxi Top In Satin - White,60063952,V0725016WHIF,5500,1
Vivo Essi Wide Leg Pants In Satin - Red,60063592,V0725022RED1X,4900,1
Vivo Essi Wide Leg Pants In Satin - Red,60063591,V0725022REDL,4900,1
Vivo Everyday Cap Sleeve Top in Jersey - Olive,60060338,V1120036OLIL,2200,1
Vivo Everyday Cap Sleeve Top in Jersey - Olive,60060336,V1120036OLIS,2200,1
Vivo Fahari 3/4 Sleeve Shirred Shirt - Dark Mustard,60049792,V1122145DAML,3250,1
Vivo Fahari 3/4 Sleeve Shirred Shirt - Dark Mustard,60049790,V1122145DAMS,3250,1
Vivo Faraji Side Slit Leisure Pants - Hunters Green,60032177,V0122102HGNS,1250,1
Vivo Full Length Kimono - Keri,60049406,V0224241PR103X/4X,5900,1
Vivo Full Length Kimono - Maya,60049410,V0224241PR113X/4X,5900,1
Vivo Full Length Kimono - Maya,60049407,V0224241PR11XS/S,5900,1
Vivo Godet Midi Dress in Crepe - Olive,60066782,V0226044OLI1X,6900,1
Vivo Godet Midi Dress in Crepe - Olive,60066779,V0226044OLIS,6900,1
Vivo Golf Fly Front Shorts - Dark Taupe,60022815,V0823141DTAU4X,560,1
Vivo Hadiya Flounce Sleeve Maxi Dress - Pink,60043813,V0724094PINM,3050,1
Vivo Hadiya Flounce Sleeve Maxi Dress - Pink,60043812,V0724094PINS,3050,1
Vivo Hanabi High Low Top - Gold / Black Koto Print,60060243,V1223038PR8F,2750,1
Vivo Hanabi Tent Maxi Dress - Dark Rust / Black Lia Print,60054518,V1123113PR13M,4850,1
Vivo Hari Flared Sleeve Tunic - Green,60048516,V0924049GREEN1X,1550,1
Vivo Hooded Kimono With Elastic Cuff - Orange,60035230,V0424160ORA1X/2X,1950,1
Vivo Isabi Cowl Top - Black,60052940,V0125036BLAM,1750,1
Vivo Isabi Loose Top In Chiffon - Black,60063948,V0125039BLAF,3900,1
Vivo Iyana Bubble Midi Skirt - Black,60057604,V0625043BLAS,4050,1
Vivo Iyana Bubble Midi Skirt - Green / Pink Iya Print,60057611,V0625043PR11X,4050,1
Vivo Iyana Bubble Midi Skirt - Yellow / Lilac Iya Print,60057614,V0625043PR2L,4900,1
Vivo Iyana Bubble Sleeveless Top - Fuschia / Green Iya Print,60057863,V0625042PR2S,3900,1
Vivo Iyana Shirred Waist Jumpsuit in Crepe - Cream / Rust Azari Print,60065860,V0625050PR5L,6900,1
Vivo Iyana Shirred Waist Jumpsuit in Crepe - Cream / Yellow Azari Print,60065871,V0625050PR71X,6900,1
Vivo Iyana Shirred Waist Jumpsuit in Crepe - Dark Purple,60065875,V0625050DPURL,6900,1
Vivo Iyana Tank Top - White,60057511,V0625044WHI1X,1350,1
Vivo Iyana Tank Top - White,60057508,V0625044WHIS,1350,1
Vivo Iyana Wide Leg Pants - Black,60057818,V0625041BLA1X,4900,1
Vivo Iyana Wide Leg Pants - Navy,60057821,V0625041NAVL,4900,1
Vivo J.O V-Neck Sheath Dress - Navy Blue,50014557,V0621001NABM,4250,1
Vivo J.O V-Neck Sheath Dress - Wine Red,60055821,V0621001WIRL,4250,1
Vivo Jema High Slit Maxi Kimono - Black / Taupe,60041581,V0622009PR20M/L,2950,1
Vivo Jersey Drop Shoulder Top - Dark Green,60061468,V1125001DGRNM,2500,1
Vivo Jersey Drop Shoulder Top - Dark Purple,60061474,V1125001DPUR1X,2500,1
Vivo Jersey Drop Shoulder Top - Dark Purple,60061473,V1125001DPURL,2500,1
Vivo Jersey Halter Neck Tank Top - Green,60061784,V1125002GREE1X,1500,1
Vivo Joggers - Benue,90001556,VE0050BENM,2750,1
Vivo Joggers - Nile,90001575,VE0050NIL4X,2750,1
Vivo Joggers - Nile,90000174,VE0050NILXS,2750,1
Vivo Kala Long Sleeve Top - White,60040300,V0624077WHIM/L,1750,1
Vivo Kelemi 4.0 Halter Maxi Dress - Mustard,60053413,V0325042MUSL,2250,1
Vivo Kelemi 4.0 Kimono - Lilac / Olive Nashe Print,60053664,V0325041PR21X,6950,1
Vivo Kelemi 4.0 Kimono - Lilac / Olive Nashe Print,60053663,V0325041PR2L,6950,1
Vivo Kelemi 4.0 Kimono - Magenta,60053153,V0325041MAGS,4850,1
Vivo Kelemi 4.0 Kimono - Navy,60053164,V0325041NAV1X,4850,1
Vivo Kelemi 4.0 Kimono - Purple,60046587,V0325041PURS,6950,1
Vivo Kelemi 4.0 Sleeveless Top - Lilac / Magenta Nashe Print,60053221,V0325043PR11X,1450,1
Vivo Kelemi 4.0 Sleeveless Top - Lilac / Magenta Nashe Print,60053208,V0325043PR1S,1450,1
Vivo Kelemi 4.0 Sleeveless Top - Navy,60053206,V0325043NAVS,1150,1
Vivo Kelemi 4.0 Sleeveless Top - Navy / Mustard Nashe Print,60053680,V0325043PR31X,1450,1
Vivo Kelemi Flared Sleeve Kimono - Yellow / Green Lana Print,60047438,V0924046PR21X,4850,1
Vivo Kelemi Hooded Kimono - Mustard / Rust Leke Print,60039527,V0324082PR5L,4850,1
Vivo Kelemi Ruffle Sleeve Top - Yellow / Green Lana Print,60047488,V1024029PR2S,4550,1
Vivo Kitenge Infinity Jumpsuit - Zena,60038481,V0524181PR23X/4X,1950,1
Vivo Kitenge Midi Kimono - Shama Print,60042276,VE0049PR11X/2X,3450,1
Vivo Kitenge Strappy Tie Back Top - Obu,90004941,V0624025PR9L,2900,1
Vivo Kitenge Strappy Tie Back Top - Tana,60042621,V0624025PR6S,2050,1
Vivo Kitenge Wide Leg Pants - Juja,60050271,VE0032PR13L,4500,1
Vivo Kitenge Wide Leg Pants - Navy / Brown Chiku Print,60059249,VE0032PR19S,4500,1
Vivo Kitenge Wide Leg Pants - Navy / Pink Bakari Print,60059238,VE0032PR16M,4500,1
Vivo Laika Long Sleeve Tie Top - White / Black Una Print,60050239,V0523184PR1S,2750,1
Vivo Lamu Knee Length Chiffon Dress - Navy,60052293,V1120033NAVS,2950,1
Vivo Leila 3/4 Sleeve Tent Knee Length Dress - Teal,60044606,V0423056TEALS,4950,1
Vivo Leila 3/4 Sleeve Tent Knee Length Dress - Teal,60044609,V0423056TEALXL,4950,1
Vivo Leila Cap Sleeve Tent Knee Length Dress - Hunters,60044816,V0423055HUNT2X,4550,1
Vivo Leila Cap Sleeve Tent Knee Length Dress - Hunters,60044700,V0423055HUNTXL,4550,1
Vivo Leila Cap Sleeve Tent Knee Length Dress - Navy Blue,60047308,V0423055NABL,3150,1
Vivo Leila Cap Sleeve Tent Knee Length Dress - Teal,60047314,V0423055TEA1X,3150,1
Vivo Leila Cap Sleeve Tent Knee Length Dress - White,60044707,V0423055WHIL,4550,1
Vivo Leila Cap Sleeved Tent Maxi Dress- Dark Brown,60060591,V0423053DBRN1X,6550,1
Vivo Leila Short Sleeve Bodycon - Burgundy,60045016,V0924074BURGS,3550,1
Vivo Leila Short Sleeve Bodycon - White,60045025,V0924074WHI1X,3550,1
Vivo Leila Short Sleeve Bodycon - White,60045024,V0924074WHIM,3550,1
Vivo Leila Short Waterfall - Dark Olive,60056852,V0423078DAOM/L,3700,1
Vivo Lena Sleeveless Top - Dark Mustard,60059195,V0825016DMUS,2500,1
Vivo Lena Sleeveless Top - Navy,60059200,V0825016NAVM,2500,1
Vivo Lena Sleeveless Top - Navy,60059199,V0825016NAVS,2500,1
Vivo Lindi High Low Dress In Ponte - Orange,60059554,V1120122ORA1X/2X,5500,1
Vivo Liora Drawstring Pants In Satin - Dark Mustard / Black Print,60063665,V0126019PR6M,4500,1
Vivo Liora Front Drawstring Kaftan Dress in Satin - Brown Textured Print,60062456,V1125039PR1F,6200,1
Vivo Liora Kaftan Top - Black,60061329,V1025018BLAXS/S,3900,1
Vivo Liora Kaftan Tunic Top - Light Pink,60062372,V1025019LPINF,4200,1
Vivo Liora Scooped Neck Tank Top in Crepe - Orange / Chocolate Yani Print,60066238,V0226005PR12X,2900,1
Vivo Liora Scooped Neck Tank Top in Crepe - Orange / Chocolate Yani Print,60066236,V0226005PR1L,2900,1
Vivo Liora Shorts - Black,60061668,V0925026BLAL,2500,1
Vivo Liora Strappy Culotte Jumpsuit - Dark Green / Tan Print,60061497,V1125023PR451X/2X,5500,1
Vivo Liora Strappy Culotte Jumpsuit - Dark Green / Tan Print,60061496,V1125023PR45M/L,5500,1
Vivo Liora Strappy Culotte Jumpsuit - Dark Green / Tan Print,60061495,V1125023PR45XS/S,5500,1
Vivo Liora Strappy Culotte Jumpsuit - Navy / Tan Print,60061498,V1125023PR46XS/S,5500,1
Vivo Long Sleeve Blazer - Savannah,90000353,VE0031SAVXS,3900,1
Vivo Lulu Bubble Sleeve Top - Fuschia,60061728,V1125005FUSL,3500,1
Vivo Lulu Cotton Barrel Pants - Black,60061744,V1125006BLA1X,4900,1
Vivo Lulu Cotton Barrel Pants - Black,60061742,V1125006BLAM,4900,1
Vivo Lulu Cotton Barrel Pants - Maroon,60061739,V1125006MAR1X,4900,1
Vivo Lulu Cotton Barrel Pants - Maroon,60061740,V1125006MAR2X,4900,1
Vivo Lulu Cotton Barrel Pants - Rust,60061635,V1125006RUSS,4900,1
Vivo Lulu Cotton Bubble Sleeveless Top - Black Flower Print,60061683,V1025004PR2L,3500,1
Vivo Lulu Cotton Bubble Sleeveless Top - Black Flower Print,60061682,V1025004PR2M,3500,1
Vivo Lulu Cotton Tent Mini Dress - Lilac,60063493,V1025002LILS,5900,1
Vivo Lulu Drawstring Top in Cotton - Light Orange,60061099,V1025053LORAS/M,3900,1
Vivo Mandla High Neck A-Line Dress - Grey,60045220,V0924042GREYS,950,1
Vivo Mandla High Neck A-Line Dress - Navy,60045224,V0924042NAVS,1900,1
Vivo Mandla Side Flap A-Line Dress - Beige / Rust Manla Print,60045466,V0924043PR7M,3800,1
Vivo Meli Puff Sleeve Shift Dress - Royal Blue,60049233,V1124145RBLUM,2950,1
Vivo Meli Ruffle Sleeve Top - Brown,60048333,V1124143BROM,3550,1
Vivo Meli Ruffle Sleeve Top - Grey,60048339,V1124143GRY1X,1350,1
Vivo Meli Ruffle Sleeve Top - Navy Blue,60048356,V1124143NABS,1250,1
Vivo Meli Sleeveless Coat - Black,60047622,V1124076BLA1X/2X,3250,1
Vivo Merika Knee Length Wrap Dress - Rust,60048688,V1024002RSTM,1650,1
Vivo Merika Satin Wrap Top - Navy,60053968,V1024048NAVM,3500,1
Vivo Merika Satin Wrap Top - Sea Green,60058782,V1024048SEGM,2450,1
Vivo Mini Dress - SAMPLE 1,40014345,V0720038SAM1,750,1
Vivo Mira Reversible Wrap Top - PEACH / BROWN FAN PRINT,60030611,V1123158PR1L,950,1
Vivo Mira Straight Leg Pants - Teal / Black Print,60054933,V1123154PR7S,3150,1
Vivo Mock Maxi Dress - Taupe,60040375,V0719553TAUL,3350,1
Vivo Mock Maxi Dress - Taupe,60040374,V0719553TAUM,3350,1
Vivo Must Have Shorts - Bukavu,60038328,V0224240PR3XS,2450,1
Vivo Must Have Shorts - Chari Print,60038343,V0224240PR44X-CHA,1250,1
Vivo Must Have Shorts - Hawi Print,90002116,V0224240PR2S,2450,1
Vivo Must Have Shorts - Lira Print,90002131,V0224240PR4XS-LIR,2450,1
Vivo Must Have Shorts - Sai,60042710,V0224240SAIL,2450,1
Vivo Must Have Shorts - Shama,60042716,V0224240SHAS,3550,1
Vivo Must Have Shorts - Tana Print,60034893,V0224240PR73X-TAN,950,1
Vivo Must Have Shorts - Tusi Print,90002154,V0224240PR54X-TUS,2450,1
Vivo Must Have Shorts in Zena Print,60034896,V0224240ZENS,1050,1
Vivo Nala Shift Dress - Olive,60033114,V0224204OLL,1950,1
Vivo Nala Shirt Dress - Dark Navy Blue,60048977,V0224125DNABL,5750,1
Vivo Nala Shirt Dress - Navy Blue,60048982,V0224125NAB1X,5750,1
Vivo Nala Shirt Dress - Navy Blue,60048981,V0224125NABL,5750,1
Vivo Nala Shirt Dress - Navy Blue,60048979,V0224125NABS,5750,1
Vivo Nala Shirt Dress - Teal,60033110,V0224125TEAL,5750,1
Vivo Nasinka Ruffle Sleeve Jumpsuit - Dark Mustard / Black Sinka Print,60040448,V0624032PR11X,5500,1
Vivo Nasinka V-Neck Maxi Dress - Black,60051946,V0724027BLAM,6950,1
Vivo Nasinka V-Neck Maxi Dress - Black,60052009,V0724027BLAS,6950,1
Vivo Nasinka V-Neck Maxi Dress - Fuschia,60051942,V0724027FUSM,4850,1
Vivo Nasinka V-Neck Maxi Dress - Fuschia,60051997,V0724027FUSS,4850,1
Vivo Naya Bishop Sleeve Shift Dress - White,60061211,V0925015WHIM,5500,1
Vivo Naya One Shoulder Flounce Jumpsuit - Pweza Print,60023365,V0823125PR2S,1100,1
Vivo Naya One Shoulder Flounce Top - Alizeti,60023617,V0823129PR11X,700,1
Vivo Naya One Shoulder Flounce Top - Tausi,60023620,V0823L129PR2L,700,1
Vivo Naya One Shoulder Flounce Top - Tawi,60023627,V0823129PR33X,700,1
Vivo Niari Boat Neck Dress - Black,60052790,V0325003BLA1X,4950,1
Vivo Niari Boat Neck Dress - Black,60052787,V0325003BLAS,4950,1
Vivo Niari Boat Neck Dress - Light Olive,60052782,V0325003LOLI1X,3550,1
Vivo Niari Full Length Pants - Dusty Green,60054643,V0525002DGRNL,1950,1
Vivo Niari Full Length Pants - Dusty Green,60054641,V0525002DGRNS,1950,1
Vivo Niari Full Length Pants - Grey,60054639,V0525002GREL,1950,1
Vivo Niari Full Length Pants - Olive Pinstripes,60054624,V0525002PR11X,3900,1
Vivo Niari Pleated Dress in Crepe - Dark Pink,60063332,V1025011DPI2X,4900,1
Vivo Niari Pleated Dress in Crepe - Dark Pink,60063329,V1025011DPIM,4900,1
Vivo Niari Shorts - Light Olive / White Stripes,60053004,V0225027PR1S,850,1
Vivo Niari Tent Dress - Grey,60063082,V0125070GRYS,4900,1
Vivo Niari straight leg Pants - Black,60053014,V0225011BLAM,3950,1
Vivo Niari straight leg Pants - Navy,60053124,V0225011NAVS,2750,1
Vivo Nimali Satin Blouse - Black,90001389,VE0057BLAL,2450,1
Vivo Nimali Satin Blouse - Mustard,90000457,VE0057MUSXS,2450,1
Vivo Nimali Satin Blouse - Orange,90001420,VE0057ORA3X,1450,1
Vivo Nimali Satin Halter Top - Dark Green,90001193,VE0054DAGR4X,1750,1
Vivo Nimali Satin Halter Top - Lilac,90001209,VE0054LIL4X,950,1
Vivo Nimali Satin Halter Top - Lilac,90001204,VE0054LILM,950,1
Vivo Nimali Satin Halter Top - Purple,90001212,VE0054PURM,1350,1
Vivo Nimali Satin Joggers,90001240,VE0055BROS,1450,1
Vivo Nimali Satin Joggers - Blue,90001239,VE0055BLU4X,1450,1
Vivo Nimali Satin Joggers - Blue,90001233,VE0055BLUS,1450,1
Vivo Nimali Satin Joggers - Gold,90001262,VE0055GOLM,1450,1
Vivo Nimali Satin Joggers - Gold,90001261,VE0055GOLS,1450,1
Vivo Nimali Satin Joggers - Grey,90001270,VE0055GREL,1450,1
Vivo Nimali Satin Joggers - Lilac,90001280,VE0055LIL3X,1450,1
Vivo Nimali Satin Joggers - Lilac,90001281,VE0055LIL4X,1450,1
Vivo Nimali Satin Joggers - Lilac,90001276,VE0055LILM,1450,1
Vivo Nimali Satin Joggers - Pink,90000212,VE0055PINXS,1450,1
Vivo Nimali Satin Joggers - Rust,90001301,VE0055RUS3X,1450,1
Vivo Nimali Satin Joggers - Rust,90001296,VE0055RUSS,1450,1
Vivo Nimali Satin Joggers - White,90000216,VE0055WHIXS,2050,1
Vivo Nimali Satin Shorts - Blue,90001312,VE0056BLUL,2950,1
Vivo Nimali Satin Shorts - Blue,90000225,VE0056BLUXS,2950,1
Vivo Nimali Satin Shorts - Brown,90001322,VE0056BRO3X,2950,1
Vivo Nimali Satin Shorts - Brown,90001318,VE0056BROM,2950,1
Vivo Nimali Satin Shorts - Brown,90001317,VE0056BROS,2950,1
Vivo Nimali Satin Shorts - Gold,90001342,VE0056GOL2X,2950,1
Vivo Nimali Satin Shorts - Gold,90001339,VE0056GOLM,2950,1
Vivo Nimali Satin Shorts - Grey,90001350,VE0056GRE3X,2950,1
Vivo Nimali Satin Shorts - Grey,90001351,VE0056GRE4X,2950,1
Vivo Nimali Satin Shorts - Grey,90001345,VE0056GRES,2950,1
Vivo Nimali Satin Shorts - Lilac,90001358,VE0056LIL4X,2950,1
Vivo Nimali Satin Shorts - Pink,90001365,VE0056PIN4X,1450,1
Vivo Nimali Satin Shorts - Pink,90001360,VE0056PINM,1450,1
Vivo Nimali Satin Shorts - Red,90001370,VE0056RED2X,2950,1
Vivo Nimali Satin Shorts - Red,90001371,VE0056RED3X,2950,1
Vivo Nimali Satin Shorts - Red,90001366,VE0056REDS,2950,1
Vivo Nimali Satin Shorts - White,90001386,VE0056WHI4X,2050,1
Vivo Nkasi Asymmetrical Top - Burgundy / Orange Kasi Print,60041617,V0724037PR1M/L,2250,1
Vivo Nkasi Asymmetrical Top - Teal / Burgundy Kasi Print,60041620,V0724037PR2XS/S,2250,1
Vivo Nkasi Wide Leg Pants - Teal / Burgundy Kasi Print,60041640,V0724047PR2S,4250,1
Vivo Nkasi Wide Top - Teal / Burgundy Kasi Print,60041624,V0724038PR1F,1350,1
Vivo Nora 3/4 Sleeve Peplum Top - Hunters,60058542,V0825009HUNL,2250,1
Vivo Nora 3/4 Sleeve Peplum Top - Hunters,60058540,V0825009HUNS,2250,1
Vivo Nora 3/4 Sleeve Peplum Top - Navy,60058555,V0825009NAV1X,2900,1
Vivo Nora 3/4 Sleeve Peplum Top - Navy,60058554,V0825009NAVL,2900,1
Vivo Nora 3/4 Sleeve Peplum Top - Purple,60058558,V0825009PURL,2900,1
Vivo Nora 3/4 Sleeve Peplum Top - Taupe,60058546,V0825009TAUL,2900,1
Vivo Nora Front Pleat Knee Length Dress - Black,60058866,V0825014BLA1X,2250,1
Vivo Nora Front Pleat Knee Length Dress - Chocolate,60058887,V0825014CHOS,2250,1
Vivo Nora Front Pleat Knee Length Dress - Dark Red,60058877,V0825014DREL,2250,1
Vivo Nora Front Pleat Knee Length Dress - Dark Red,60058875,V0825014DRES,2250,1
Vivo Nora Front Pleat Knee Length Dress - Navy,60058869,V0825014NAVL,2250,1
Vivo Nora Front Pleat Knee Length Dress - Pink,60058886,V0825014PIN1X,2250,1
Vivo Off Shoulder Dress in Print Cotton - Yellow Multicolor Print ,60065410,V0226003PR42X,5500,1
Vivo Off Shoulder Dress in Print Cotton - Yellow Multicolor Print ,60065406,V0226003PR4S,5500,1
Vivo Paji Boat Neck Sheath Dress - Navy Dotted,60051627,V0724107PR5S,4250,1
Vivo Paji Dress Coat - Navy,60043016,V0824034NVY1X,750,1
Vivo Pelia Kimono - Black / White Meni Print,60046396,V1024045PR5F,950,1
Vivo Pelia Round Neck Dress - Dusty Green,60062872,V0924104DGRNS,5900,1
Vivo Pesi Basic Long Sleeve Shirt - Lime Stripes,60054031,V0922015LIMSL,1950,1
Vivo Pesi Drop Shoulder Tunic - Black / White Una Print,60049694,V0922009PR4M,2050,1
Vivo Ponte Back Pleat Maxi Dress - Black,50014142,V0921084BLAL,3850,1
Vivo Ponte Back Pleat Maxi Dress - Black,50014140,V0921084BLAS,3850,1
Vivo Rayon Jersey Slip Dress - Black,60062023,V1025038BLAL,2800,1
Vivo Rayon Jersey Slip Dress - Chocolate,60062040,V1025038CHO2X,2800,1
Vivo Rayon Jersey Slip Dress - White,60062030,V1025038WHI2X,2800,1
Vivo Reba Gathered Dress - Green / Mustard Eba Print,60048518,V0224221PR4S,1150,1
Vivo Reba Gathered Dress - Red / Navy Eba Print,60048525,V0224221PR5L,2350,1
Vivo Reba Tent Shirt Dress - Orange,60035854,V0424016ORA1X,3450,1
Vivo Rema High Low Maxi Dress - Royal Blue,60054656,V0425007RBLUS,2750,1
Vivo Rema Straight Leg Pants - Lilac,60057117,V0525011LILL,3500,1
Vivo Rema Waterfall - Dark Taupe,60054494,V0425003DTAU1X/2X,3900,1
Vivo Rema Waterfall - Dark Taupe,60054492,V0425003DTAUXS/S,3900,1
Vivo Ria A-Line Dress - Chocolate,60058464,V0725049CHOL,3450,1
Vivo Ria Drop Shoulder Top - Dark Mustard,60058497,V0825022DMU1X,2500,1
Vivo Ria Drop Shoulder Top - Dark Mustard,60058494,V0825022DMUS,2500,1
Vivo Ria Drop Shoulder Top - Dark Olive,60058487,V0825022DOLM,2500,1
Vivo Ria Drop Shoulder Top - Dark Olive,60058486,V0825022DOLS,2500,1
Vivo Ria Drop Shoulder Top - Teal,60058501,V0825022TEA1X,1750,1
Vivo Ria Drop Shoulder Top - Teal,60058500,V0825022TEAL,1750,1
Vivo Ria Mock Neck Top - Fuschia,60058734,V0725045FUSM,1750,1
Vivo Ria Mock Neck Top - Grey,60058677,V0725045GRE1X,2500,1
Vivo Ria Mock Neck Top - Rust,60058735,V0725045RUSM,2500,1
Vivo Ria Mock Neck Top - Rust,60058727,V0725045RUSS,2500,1
Vivo Ruched Maxi Top in Textured Satin - Light Gold / Black Print,60064846,V0126011PR1F,4900,1
Vivo Safa Drawstring Wide Top - Black,60053396,V0325010BLCKSM,2950,1
Vivo Safa Pallazo Pants - Mustard,60053509,V0325070MUSTM,950,1
Vivo Safa Skirt - Black,60058511,V0325007BLA1X,2950,1
Vivo Safa Skirt - Chocolate,60053300,V0325007CHOS,2050,1
Vivo Safa Skirt - Dark Taupe,60058518,V0325007DTAUL,2950,1
Vivo Safa Skirt - Dark Taupe,60058517,V0325007DTAUM,2950,1
Vivo Safa Skirt - Dark Taupe,60058516,V0325007DTAUS,2950,1
Vivo Safa Skirt - Rust,60053324,V0325007RUSS,2050,1
Vivo Safa Skirt - Taupe,60058515,V0325007TAU1X,2950,1
Vivo Safa Slit Side Top - Mustard,60053533,V0325071MUSS,3550,1
Vivo Safiya Gathered Shoulder Maxi Dress - Navy,60032991,V0224216NAVS,3400,1
Vivo Saida Cigarrets Pants - Navy,60036925,V0424027NAVXS,750,1
Vivo Samira Cape Dress - Black,60063175,V1025014BLAF,5900,1
Vivo Samira Cape Dress - White / Black Print,60060609,V1025014PR5F,4150,1
Vivo Samira Maxi Kimono - Dark Navy / Gold Print,60056005,V0525043PR3S/M,5900,1
Vivo Sanali Off - Shoulder Maxi Dress - Mustard / Black Lifi Print,60038426,V1123144PR101X/2X,4150,1
Vivo Sanali Trench Coat - Black,60034187,V1123126BLAM,2320,1
Vivo Sanyu Pleated Pants - Purple,60028789,V1023086PURL,1350,1
Vivo Sarong Skirt - Burgundy / Tan Print,60057721,V0424161PR6F,1550,1
Vivo Selah Midi Skirt - Buttermilk,60055623,V0525054BUT1X,2900,1
Vivo Seli Maxi Skirt - Black,60051427,V1124111BLAXS,2950,1
Vivo Seli Maxi Skirt - Navy Blue,60051066,V1124111NABS,1750,1
Vivo Seli Strappy Tent Top - Black,60051223,V0125047BLA1X,750,1
Vivo Seli Strappy Tent Top - White / Black Esli Print,60051225,V0125047PR1M,750,1
Vivo Seli Wide Top - Navy Blue,60051059,V0125014NABM/L,3900,1
Vivo Serwa Crepe Pants - Dark Navy,60047940,V1124094DNAVXS,2950,1
Vivo Serwa Square Neck Maxi Dress - Pink / Navy Sera Print,60046265,V0924101PR31X/2X,2750,1
Vivo Serwa Tiered Maxi Skirt - Blue / Black Wera Print,60046267,V0924099PR2S,2450,1
Vivo Serwa Wide Leg Jumpsuit - Blue / Black Sera Print,60046288,V0924103PR61X/2X,1950,1
Vivo Shorts - Kidal,90000371,VE0034KIDXS,2450,1
Vivo Shorts - Moabi,90000357,VE0034MOAXS,2450,1
Vivo Shorts - RFS 4,60053498,RFS0125013 - RFS 4,1050,1
Vivo Sierra Bishop Sleeve Top - Brown / Yellow Lika Print,60050361,V0121031PR17S,1350,1
Vivo Situ Side Slit Midi Kimono - Black,60032373,V1223041BLAL,5250,1
Vivo Sleeveless Bodycon in Stretch Rib - Wine Red,60064788,W0226007WRED2X,5900,1
Vivo Sleeveless Side Slit Midi Waterfall - Burgundy,60033732,V0324063RASL/XL,5250,1
Vivo Sleeveless Side Slit Midi Waterfall - Teal,60033742,V0324063TEAL/1X,5250,1
Vivo Sleeveless Vest in Ponte - Rust,60065688,V0226006RUSM,3500,1
Vivo Solei Shorts(without lining) - Black / White Print,60035531,V0424156PR43X,3450,1
Vivo Solei Shorts(without lining) - Black / White Print,60035525,V0424156PR4XS,3450,1
Vivo Solei Shorts(without lining) - Grey / Black Print,60035539,V0424156PR33X,3450,1
Vivo Solei Shorts(without lining) - Grey / Black Print,60035540,V0424156PR34X,3450,1
Vivo Solei Shorts(without lining) - Grey / Black Print,60035534,V0424156PR3S,3450,1
Vivo Soleil Handkerchief Drape Wide Top - Peach / Navy,60048642,V0723079PR5M/L,3750,1
Vivo Soleil Handkerchief Drape Wide Top - Peach / Navy,60048641,V0723079PR5XS/S,3750,1
Vivo Studio 2-piece in Mixed Media - Black,60062434,V0925053BLA1X,6900,1
Vivo Studio 2-piece in Mixed Media - Burgundy,60062429,V0925053BUR1X,6900,1
Vivo Studio 2-piece in Mixed Media - Burgundy,60062428,V0925053BURL,6900,1
Vivo Studio 2-piece in Mixed Media - Burgundy,60062427,V0925053BURM,6900,1
Vivo Studio 2-piece in Mixed Media - Burgundy,60062426,V0925053BURS,6900,1
Vivo Studio 2-piece in Mixed Media- Hunters Green,60062442,V0925053HGRNM,6900,1
Vivo Studio Bodysuit In Jersey - Burgundy,60063359,V1025049BURM,2500,1
Vivo Studio Bodysuit In Jersey - Burgundy,60063358,V1025049BURS,2500,1
Vivo Studio Crew Neck Tee in Rib - Black,60064829,V0126003BLAXS,2500,1
Vivo Studio Double Layered Tie Bodycon in Jersey - Dark Purple,60065165,V0226023DPURS,5900,1
Vivo Studio Longline Shorts in Crepe - Maroon Stripes,60065108,V1225011PR11X,3200,1
Vivo Studio Longline Shorts in Crepe - Maroon Stripes,60065104,V1225011PR1XS,3200,1
Vivo Studio Mini Bubble Skirt in Satin - Dark Green,60065098,V0126008DGR1X,4900,1
Vivo Studio Panelled Mini Dress in Ponte - Black,60063776,V1125034BLAXS,4200,1
Vivo Studio Panelled Mini Dress in Ponte - Navy,60063783,V1125034NAV1X,4200,1
Vivo Studio Panelled Mini Dress in Ponte - Navy,60063779,V1125034NAVXS,4200,1
Vivo Studio Shoulder Tie Top in Jersey - Lime Green,60065042,V0126014LGR1X,3200,1
Vivo Studio Shoulder Tie Top in Jersey - Lime Green,60065041,V0126014LGRL,3200,1
Vivo Studio Shoulder Tie Top in Jersey - Lime Green,60065040,V0126014LGRM,3200,1
Vivo Studio Shoulder Tie Top in Jersey - Lime Green,60065039,V0126014LGRS,3200,1
Vivo Studio Sweatshirt in Velvet - Navy,60066641,V0326033NAV1X/2X,3900,1
Vivo Tahisa Straight Leg Pants - Blue,60055048,V1124102BLU1X,3950,1
Vivo Tahisa Straight Leg Pants - Blue,60055046,V1124102BLUM,3950,1
Vivo Tahisa Straight Leg Pants - Dark Olive,60052595,V1124102DAOS,2750,1
Vivo Tahisa Straight Leg Pants - Navy,60055043,V1124102NAVL,3950,1
Vivo Tahisa Straight Leg Pants - Navy,60055041,V1124102NAVS,3950,1
Vivo Tahisa Straight Leg Pants - Orange,60052591,V1124102ORAM,1550,1
Vivo Tahisa Straight Leg Pants - Orange,60052590,V1124102ORAS,1550,1
Vivo Tahisa Straight Leg Pants -Light Olive,60052575,V1124102LIOS,3950,1
Vivo Tahisa Straight Leg Pants -Midnight Blue,60052565,V1124102MIDBS,2750,1
Vivo Talia Kimono & Shorts Set - Olive / Hunters Green Print,60062663,V1125011PR2L,6500,1
Vivo Talia Maxi Slip Skirt in Satin - Dark Green,60061749,V0925054DGRN1X,3250,1
Vivo Talia Wide Leg Pants - Rose Pink,60061945,V1125040RPIN2X,4900,1
Vivo Talia Wide Leg Pants - Rose Pink,60061942,V1125040RPINM,4900,1
Vivo Tana Off Shoulder Maxi Dress - Pink / Green Print,60040739,V0822027PR20M/L,4750,1
Vivo Tana Off Shoulder Maxi Dress - White / Purple Dana Print,60054785,V0822027PR28XS/S,6750,1
Vivo Tana Puff Sleeve A-Line Dress - Yellow,60029467,V1223018YELLL,1750,1
Vivo Tana Puff Sleeve A-Line Dress - Yellow,60029465,V1223018YELLS,1750,1
Vivo Tana Puff Sleeve Bodysuit In Jersey- Navy Blue,60015832,V0822077NABXL,2700,1
Vivo Tanda A-Line Maxi Dress - Grey,60058080,V0725044GREL,3450,1
Vivo Tanda A-Line Maxi Dress - Offwhite,60058082,V0725044OFWS,4900,1
Vivo Tanda Handkerchief Drape Top - Rust,60058186,V0825002RUSXS/S,2750,1
Vivo Tanda Maxi Dress in Ponte - Red,60064326,V0226002REDL,5500,1
Vivo Tande Boat Neck Dress - Orange,60039104,V0124028ORA1X,3450,1
Vivo Tande Boat Neck Dress - Orange,60039103,V0124028ORAL,3450,1
Vivo Tande Camisole - White,60031762,V0124084WHIS,350,1
Vivo Tatari Cap Sleeve Sheath Dress - Navy / Rust,60042881,V0724076NVRL,3600,1
Vivo Tatari Knee Length Coat - Navy Blue,60043537,V0424092NABM,1550,1
Vivo Tatari Panelled Skirt - Black / Olive,60043552,V0424100BLA/OLIS,1650,1
Vivo Tatili Wide Leg Pants - Black,60017976,V0423050BLAS,4900,1
Vivo Tatili Wide Leg Pants - Rust,60052026,V0423050RUS1X,4900,1
Vivo Tie Waist Kimono Maxi Dress in Textured Crepe - Olive,60067575,V0426029OLI2X,6900,1
Vivo Tolani Dress - Dark Red,60057039,V0920021DAR1X,4950,1
Vivo Tolani Dress - Dark Red,60057036,V0920021DARS,4950,1
Vivo Trench Coat - Obu,60042357,VE0028PR21X,1650,1
Vivo Tsavo Sleeveless Scalloped Hem Dress Top - Black,60020478,V0821190BLAL,1450,1
Vivo Tsavo Sleeveless Scalloped Hem Dress Top - Black,60020477,V0821190BLAM,1450,1
Vivo Tsavo Sleeveless Scalloped Hem Dress Top - Blush Pink,60032528,V0821190BLPM,1650,1
Vivo Vinna 3/4 Seeve A-Line Dress - Navy / White,60036831,V0224148NAV/WHI2X,1550,1
Vivo Vinna Escape A-Line Dress - Hunters Green,60036358,V0224140HGNXS,1450,1
Vivo Vinna Slit Sleeve Top - White / Black,60035962,V0224142WHI4X,3550,1
Vivo Waridi Sleeveless Overcoat - Black,60037075,V1020056BLAM-V2,3950,1
Vivo Waridi Sleeveless Overcoat - Burgundy,50012831,V1020056BURM,3950,1
Vivo Waridi Sleeveless Overcoat - Dark Teal,60033881,V1020056DTEA1X,3950,1
Vivo Wena High Slit Maxi Shirt - Blue,60047183,V1024066BLU1X,1250,1
Vivo Wide Leg Pants in Crepe - Black,60065338,V0126042BLA1X,4900,1
Vivo Wide Leg Pants in Crepe - Dark Pink,60065324,V0126042DPIN2X,4900,1
Vivo Wide Leg Pants in Crepe - Mustard,60065326,V0126042MUSM,4900,1
Vivo Wide Leg Pants in Textured Satin - Light Gold / Black Print,60064425,V0126017PR1M,4900,1
Vivo Wingu Puff Sleeve Knee Length Dress - Light Navy,60048261,V0822002LNVYL,3400,1
Vivo X This Is Essential  Short Sleeve Bodysuit - Grey,60045119,V0923060GREYXXS,2750,1
Vivo X This Is Essential  Sleeveless Scooped Neck Bodysuit - Taupe,60039038,V0823158TAUXXS,1950,1
Vivo X This Is Essential Leggings - Navy Blue / White,60038838,V0324080NAB/WHIS,2950,1
Vivo X This Is Essential Leggings - Navy Blue / White,60038837,V0324080NAB/WHIXS,2950,1
Vivo X This Is Essential Long Unitard - Navy Blue,60034674,V0224108NABS,3950,1
Vivo X This Is Essential Raceback Bralette - Navy Blue,60035815,V0424116NABL,1500,1
Vivo X This Is Essential Scooped Neck Bralette - Navy Blue / White,60038881,V0324021NAB/WHIXXS,1500,1
Vivo X This Is Essential Short Unitard - Grey,60049293,V0224109GRYS,3250,1
Vivo X This Is Essential Short Unitard - Navy Blue,60034670,V0224109NAB1X,3250,1
Vivo X This Is Essential Short Unitard - Navy Blue,60034669,V0224109NABL,3250,1
Vivo X This Is Essential Sleeveless High Neck Bodysuit - Grey,60045244,V0823154GREY2X,2250,1
Vivo X This Is Essential Strappy Bodysuit - White,60038998,V0823155WHIXXS,2250,1
Vivo X This Is Essentials Long Sleeve Crew Neck Bodysuit - Grey,60045258,V1223037GREYL,3750,1
Vivo X This Is Essentials Long Sleeve Crew Neck Bodysuit - Red,60045267,V1223037RED2X,3800,1
Vivo X This Is Essentials Long Sleeve Crew Neck Bodysuit - White,60030642,V1223037WHIM,3750,1
Vivo Yene High Slit Tunic Top - Navy Blue,60051384,V0125004NABS,1450,1
Vivo Yene High Slit Tunic Top - Plum,60051198,V0125004PLUS,2650,1
Vivo Yene Jumpsuit - White / Burgundy Shibori Print,60051342,V0125032PR21X,3850,1
Vivo Yene Layered Midi Dress - White,60051203,V0125003WHTS,2350,1
Vivo Yene Layered Top - Mint Green,60051235,V0125006MINM,1050,1
Vivo Yene One Shoulder Kaftan - Black,60051171,V0125005BLAS/M,2250,1
Vivo Yene Wide Leg Pants - Black,60051312,V1124138BLAM,1550,1
Vivo Yene Wide Leg Pants - Black,60051311,V1124138BLAS,1550,1
Vivo Yene Wide Leg Pants - Hot Pink,60051184,V1124138HOP1X,1550,1
Vivo Yene Wide Leg Pants - Hot Pink,60051182,V1124138HOPM,1550,1
Vivo Yene Wide Leg Pants - Light Teal,60051188,V1124138LIGT1X,2750,1
Vivo Yene Wide Leg Pants - Light Teal,60051185,V1124138LIGTS,2750,1
Vivo Yene Wide Leg Pants - Olive,60055143,V1124138OLIL,1550,1
Vivo Yene Wide Leg Pants - Purple,60055147,V1124138PURL,1550,1
Vivo Yene Wide Leg Pants - Purple,60055146,V1124138PURM,1550,1
Vivo Yoga Wrap - Buttermilk,60024279,V0719828BUTS/M,1150,1
Vivo Yoga Wrap - Taupe,40010874,V0719828TAUS/M,1000,1
Vivo Yumi Maxi Shirt Dress - Dark Navy,60063259,V0223153DNAV1X,6500,1
Vivo Yumi Off Shoulder Jumpsuit In Crepe - Dark Green,60063512,V0126031DGRNS/M,6900,1
Vivo Yumi Off Shoulder Jumpsuit In Crepe - Maroon,60063511,V0126031MARL/1X,6900,1
Vivo Zahari Straight Leg Pants - Navy,60037497,V0524171NAV4X,1600,1
Vivo Zahari Straight Leg Pants - Sample,60038929,V0524171SAM,4550,1
Vivo Zahari Sweatheart Neck Jumpsuit - Green / Black Print,60056120,V0623013PR31X,2650,1
Vivo Zaria Long Sleeve Coat - Mvua,60024191,V0923023PR1XS,3150,1
Vivo Zawadi Keyhole Dress - Orange,60037120,V0720027ORAL,4950,1
Vivo Zawadi Shift Dress - Dark Red,60061278,V0525036DREDM,4900,1
Vivo Zawadi Shift Dress - Dark Red,60061277,V0525036DREDS,4900,1
Vivo Zelda Panelled Dress In Crepe - Dark Pink,60062823,V0925018DPNM,5500,1
Vivo Zena Bishop Panel Long Sleeve Round Neck Dress - Light Navy Blue,60054035,V0422149LNABM,4950,1
Vivo Zola V Neck Maxi Dress in Crepe - Dark Green,60064389,V0822061DGRNS,6500,1
Vivo liora Satin Midi Dress - Chocolate,60062177,V1025029CHOCF,6200,1
Zoya Aridi Cropped Jacket - Black / White,60046483,Z1024021PR31X/2X,2250,1
Zoya Aridi Cropped Jacket - Blue Flannel / Navy,60045747,Z0924065BLNAXS/S,1600,1
Zoya Aridi Cropped Jacket - Navy / Blue,60051551,Z1024021PR5M/L,2050,1
Zoya Aridi Cropped Jacket - Navy / Blue,60051550,Z1024021PR5XS/S,2050,1
Zoya Banda Bandeau Asymmetrical Crop Top - White,60041914,Z0724051WHI2X,350,1
Zoya Banda Drop Shoulder Unisex Wide Jacket - Pink,60042134,Z0724060PIN1X/2X,750,1
Zoya Banda Drop Shoulder Unisex Wide Jacket - Pink,60042133,Z0724060PINM/L,750,1
Zoya Banda Halter Neck Assymetrical Crop Top - Black,60041920,Z0724050BLA1X,1100,1
Zoya Banda Halter Neck Assymetrical Crop Top - Black,60042639,Z0724050BLA3X,1100,1
Zoya Banda Unisex Shacket - Blue,60042079,Z0724062BLUXS/S,2500,1
Zoya Banda Unisex Shacket - Pink,60042083,Z0724062PINM/L,2500,1
Zoya Banda Unisex Shacket - Pink,60042082,Z0724062PINXS/S,2500,1
Zoya Banda Waist Length Zipped Jacket - Blue,60042822,Z0724059BLU1X/2X,750,1
Zoya Banda Waist Length Zipped Jacket - Blue,60042368,Z0724059BLUXS/S,750,1
Zoya Basic Halter Tie Top - Black,60041084,Z0724101BLAXS,350,1
Zoya Basic Halter Tie Top - White,60041117,Z0724101WHIS,250,1
Zoya Basic Long Sleeve Bodycon - Taupe,60019694,Z0722035TAUXL,1800,1
Zoya Basic Long Sleeve Top - Navy Blue,60008888,Z0922062NABL,1600,1
Zoya Basic Racer Back Crop Top - Navy Blue,60041076,Z0724102NABM,450,1
Zoya Basic Tank Top - Mustard,60036850,Z0819065MUS4X,350,1
Zoya Basic Tank Top - Orange,60030415,Z0819065ORA2X,900,1
Zoya Basic Tank Top - Orange,40012375,Z0819065ORAXL,900,1
Zoya Basic Tank Top - Tan,60029363,Z0819065TAN3X,900,1
Zoya Basic Tank Top - White,40007557,Z0819065WHIL,1250,1
Zoya Basic Tank Top - Yellow,60029376,Z0819065YEL4X,250,1
Zoya Essentials Midi Bodycon - Black / Purple Geometric Print,60028580,Z0821148PR2S,2750,1
Zoya Kyro Pleated Mini Skirt - Grey,60049890,Z1124124GREXS,450,1
Zoya Kyro Strappy Vest - Taupe,60049194,Z1124120TAUS,950,1
Zoya Luna Cargo Pants - Mustard,60034217,Z0124043MUSM,1050,1
Zoya Luna Cargo Pants - Mustard,60034215,Z0124043MUSXS,1050,1
Zoya Luna Drawstring Maxi Dress - Black,60032188,Z0124042BLA3X,550,1
Zoya Luna Halter Neck Top - Black,60032232,Z0124037BLAS,1750,1
Zoya Luna Halter Neck Top - Black,60032231,Z0124037BLAXS,1750,1
Zoya Luna Halter Neck Top -Navy,60032243,Z0124037NAVL,900,1
Zoya Luna High Slit Dress - Navy,60032226,Z0124041NAV1X,550,1
Zoya Luna High Slit Dress - Navy,60032228,Z0124041NAV3X,550,1
Zoya Nia Cargo Overalls - Navy Blue,60009989,Z0822112NABS,3950,1
Zoya Nia Cargo Shorts - Black,60009871,Z0822099BLAL,2550,1
Zoya Nia Cargo Shorts - Black,60009868,Z0822099BLAXS,2550,1
Zoya Nia Long Sleeved Crop Shacket - Blue / White Floral Print,60009893,Z0822096PR3L,2950,1
Zoya Nia Off Shoulder Knee Length Dress - Light Pink,60009780,Z0822082LPINXL,3550,1
Zoya Nia Off Shoulder Knee Length Dress - Lilac,60009774,Z0822082LILM,3550,1
Zoya Nia Off Shoulder Puff Sleeve Top - Light Blue,60009761,Z0822081LBLUS/M,2250,1
Zoya Nia Off Shoulder Puff Sleeve Top - Light Grey,60009760,Z0822081LGRYL/XL,450,1
Zoya Nia Off Shoulder Puff Sleeve Top - Peach,60009758,Z0822081PEAL/XL,2250,1
Zoya Nia Off Shoulder Puff Sleeve Top - Peach,60009757,Z0822081PEAS/M,2250,1
Zoya Nia Oversized Denim Shirt - Black,60009842,Z0822086BLAL,2950,1
Zoya Nia Puff Sleeve Off Shoulder Romper - Lilac,60010036,Z0822110LILM,2750,1
Zoya Nia Puff Sleeve Off Shoulder Romper - Lilac,60010035,Z0822110LILS,2750,1
Zoya Nia Puff Sleeve Off Shoulder Romper - White,60010034,Z0822110WHIXL,2750,1
Zoya Nia Wide Cargo Pants - Beige,60009801,Z0822097BEIM,2950,1
Zoya Nia Wide Leg Denim Pants - Tickling Stripes Print,60009827,Z0822098PR2L,2950,1
Zoya Nia Wide Leg Denim Pants - Tickling Stripes Print,60009828,Z0822098PR2XL,2950,1
Zoya Nia Wide Leg Shorts - Blue/Lime Green Abstract print,60009849,Z0822087PR1S,2550,1
Zoya Party Cowl Bare Back Mini Dress - Safron / Mustard Waridi Print,60029326,Z1123052PR21X,2750,1
Zoya Party Cowl Bare Back Mini Dress - Safron / Mustard Waridi Print,60029324,Z1123052PR2M,2750,1
Zoya Party Cowl Bare Back Mini Dress - Taupe / Pink Waridi Print,60029388,Z1123052PR12X,2750,1
Zoya Party Cowl Bare Back Mini Dress - Taupe / Pink Waridi Print,60029389,Z1123052PR13X,2750,1
Zoya Party Cowl Bare Back Mini Dress - Taupe / Pink Waridi Print,60029390,Z1123052PR14X,2750,1
Zoya Party Low V-Neck Bodysuit - Navy Blue,60029311,Z1123050NAB4X,1950,1
Zoya Party Sheer Pants - Buttermilk,60029250,Z1123055BUT1X,2250,1
Zoya Party Sheer Pants - Buttermilk,60029251,Z1123055BUT2X,2250,1
Zoya Party Sheer Pants - Buttermilk,60029252,Z1123055BUT3X,2250,1
Zoya Party Sheer Pants - Buttermilk,60029249,Z1123055BUTL,2250,1
Zoya Party Sheer Pants - Buttermilk,60029246,Z1123055BUTXS,2250,1
Zoya Party Sleeveless Bodysuit - Navy Blue,60029406,Z1123024NBL3X,1950,1
Zoya Party Sleeveless Side Cut Midi Dress - Purple,60014673,Z0123053PURXS,500,1
Zoya Sadira Bell Bottom Pants - Grey,60051481,Z0125030GRE1X,1950,1
Zoya Sadira Bell Bottom Pants - Grey,60051479,Z0125030GREM,1950,1
Zoya Sadira Cargo Shorts - Taupe,60051400,Z0125027TAUPS,1950,1
Zoya Sadira Midriff Polo T-Shirt - Light Grey,60051419,Z0125022LIGREY1X,1050,1
Zoya Sadira Mini Bubble Dress - Hunters,60051279,Z0125025HUNS,2250,1
Zoya Sadira Mini Cargo Skirt - Hunters,60051398,Z0125026HUNTL,1950,1
Zoya Sadira Ribbed Top - Light Grey,60051293,Z0125019LIG1X,2250,1
Zoya Sadira Strappy Bodysuit - White,60051304,Z0125020WHIM,1950,1
Zoya Sadira Strappy Bodysuit - White,60051303,Z0125020WHIS,1950,1
Zoya Sadira Strappy Bodysuit - White,60051429,Z0125020WHIXS,1950,1
Zoya Shani Off Shoulder Crop Top - Burgundy / Peach Sani Print,60040764,Z0624006PR21X,450,1
Zoya Shani Pleated Pants - Navy Blue,60039495,Z0624024NABM,3750,1
Zoya Shani Pleated Pants - Navy Blue,60039494,Z0624024NABS,3750,1
Zoya Shani Pleated Pants - Navy Blue,60039493,Z0624024NABXS,3750,1
Zoya Shani Satin Off Shoulder Crop Top - Burgundy,60039465,Z0724090BURM,450,1
Zoya Shani Scarf Top - Purple,60052868,Z0624005PURPF,550,1
Zoya Sitawi Bodycon - Black,60031127,Z1223003BLAXS,2550,1
Zoya Sitawi Cropped Jacket - Green / Black Abstract Print,60030530,Z1223001PR1S,2750,1
Zoya Taani Easy Fit Joggers -Navy,60033708,Z0324018NAVM,3250,1
Zoya Taani Easy Fit Joggers -Navy,60033706,Z0324018NAVXS,3250,1
Zoya Taani Maxi Dress - Black,60033746,Z0324012BLA3X,1100,1
Zoya Taani Maxi Dress - Black,60033747,Z0324012BLA4X,1100,1
Zoya Taani Maxi Dress - Navy,60033636,Z0324012NAVXS,1100,1
Zoya Taani Midriff Hoodie - White,60033525,Z0324002WHIM/L,1440,1
Zoya Taani Mini Dress - Black,60033500,Z0324014BLAM,700,1
Zoya Taani Mini Dress - Navy,60033504,Z0324014NAVM,250,1
Zoya Taani Side Slit Hoodie - Red,60045830,Z0324004REDM/L,3250,1
Zoya Taani Wide Joggers - Navy,60033697,Z0324017NAV4X,750,1
Zoya Temo Asymmetric Front Cut Crop Top - Black,60044930,Z0824059BLA1X,250,1
Zoya Temo Asymmetric Front Cut Crop Top - Black,60044931,Z0824059BLA2X,250,1
Zoya Temo Bubble Mini Skirt - Hunters,60044305,Z0824038HUNT1X,1100,1
Zoya Temo Bubble Mini Skirt - Taupe,60044357,Z0824038TAU4X,450,1
Zoya Temo Mens Short Sleeve T-shirt - Navy / Blue Camo,60044953,Z0824048PR24X,700,1
Zoya Temo Mens Zipped Overshirt - Green Camo,60045324,Z0824044PR13X,1300,1
Zoya Temo Straight Leg Pants - Camo Green,60044795,Z0924034CAGRN3X,1450,1
Zoya Vasha Short Sleeve Mesh Top - Neon Green,60051763,Z0225008NEGM,250,1
Zoya Vasha Sleeveless Turtleneck Mini Bodycon - Purple / Yellow,60051861,Z0225004PURYELS,1950,1
Zoya Vasha Sleeveless Turtleneck Top - Black / Grey,60051855,Z0225001BLAGRYS,1250,1
Zoya Vasha Sleeveless Turtleneck Top - Purple / Yellow,60051849,Z0225001PURYELXS,1250,1
Zoya X Metamorphisized 143 Cropped Bomber Jacket - Black,60047397,Z1024057BLA1X/2X,3250,1
Zoya X Metamorphisized 143 Cropped Bomber Jacket - Denim Stripes,60047401,Z1024057PR11X/2X,3250,1
Zoya X Metamorphisized 143 Cropped Bomber Jacket - Denim Stripes,60047400,Z1024057PR1M/L,3250,1
Zoya X Metamorphisized 143 Cropped Bomber Jacket - Denim Stripes,60047399,Z1024057PR1XS/S,3250,1
Zoya X Metamorphisized 143 Oversized Bowling Shirt - White / Black,60048303,Z1024053PR1L,3750,1
Zoya X Metamorphisized 143 Pleated Flannel Mini Skirt - Blue Plaid,60047736,Z1024087PR1M,1950,1
Zoya X Metamorphisized 143 Pleated Flannel Mini Skirt - Blue Plaid,60047735,Z1024087PR1S,1950,1
Zoya X Metamorphisized 143 Raglan Sleeve Crop Top - Black,60048184,Z1024050BLA1X,1250,1
Zoya X Metamorphisized 143 Raglan Sleeve Crop Top - Black,60048185,Z1024050BLA2X,1250,1
Zoya X Metamorphisized 143 Raglan Sleeve Crop Top - Navy Blue,60047642,Z1024050NABL,850,1
Zoya X Metamorphisized 143 Raglan Sleeve Midriff Top - White,60047654,Z1024051WHI2X,1550,1
Zoya Yuni Contrast Stitch Mini Skirt - Black,60035056,Z0324071BLA1X,350,1
Zoya Yuni Contrast Stitch Mini Skirt - Black,60035057,Z0324071BLA2X,350,1
Zoya Yuni Contrast Stitch Mini Skirt - Black,60035058,Z0324071BLA3X,350,1
Zoya Yuni Contrast Stitch Mini Skirt - Black,60035055,Z0324071BLAL,350,1
Zoya Yuni Contrast Stitch Mini Skirt - Black,60035054,Z0324071BLAM,350,1
Zoya Yuni Contrast Stitch Mini Skirt - Grey,60037288,Z0324071GRY1X,1300,1
Zoya Yuni Halter Midriff Top - Black,60034273,Z0324049BLA4X,700,1
Zoya Yuni Halter Midriff Top - Black,60034268,Z0324049BLAM,700,1
Zoya Yuni High Slit Dress - Black,60035331,Z0324066BLA4X,450,1
Zoya Yuni High Slit Dress - Black,60035327,Z0324066BLAL,450,1
Zoya Yuni High Slit Dress - Black,60035325,Z0324066BLAS,450,1
Zoya Yuni Off Shoulder Bodysuit - Navy Blue,60037765,Z0324052NABL,550,1
Zoya Yuni Off Shoulder Midriff Top - Buttermilk,60037563,Z0324051BUT2X,350,1
Zoya Yuni Off Shoulder Midriff Top - Buttermilk,60037564,Z0324051BUT3X,350,1
Zoya Yuni Off Shoulder Midriff Top - Buttermilk,60037565,Z0324051BUT4X,350,1
Zoya Yuni Off Shoulder Midriff Top - Buttermilk,60037558,Z0324051BUTXS,350,1
Zoya Yuni Off Shoulder Midriff Top - Navy Blue,60037570,Z0324051NAB1X,650,1
Zoya Yuni Off Shoulder Midriff Top - Navy Blue,60037571,Z0324051NAB2X,650,1
Zoya Yuni Off Shoulder Midriff Top - Orange,60037580,Z0324051ORA3X,650,1
Zoya Yuni Off shoulder Mini Dress - Black,60037336,Z0324056BLAM,550,1
Zoya Yuni Off shoulder Mini Dress - Black,60037335,Z0324056BLAS,550,1
Zoya Yuni Off shoulder Mini Dress - Black,60037334,Z0324056BLAXS,550,1
Zoya Yuni One Shoulder Crop Top - White,60035068,Z0324070WHI3X,350,1
Zoya Yuni One Shoulder Crop Top - White,60035069,Z0324070WHI4X,350,1
Zoya Yuni Oversized Shirt - Brown,60038945,Z0324046BROM,3500,1
Zoya Yuni Short Sleeve Midriff Top - Orange,60037597,Z0324048ORA3X,1100,1
Zoya Yuni Short Sleeve Midriff Top - Orange,60037598,Z0324048ORA4X,1100,1
Zoya Yuni Sleeveless Turtle Neck Maxi Top - Black,60037854,Z0324067BLA3X,2250,1
Zoya Yuni Sleeveless Turtle Neck Maxi Top - Black,60037855,Z0324067BLA4X,2250,1
Zoya Yuni Sleeveless Turtle Neck Maxi Top - Lime Yellow,60034959,Z0324067LIMYEL1X,450,1
Zoya Yuni Sleeveless Turtle Neck Maxi Top - Lime Yellow,60034961,Z0324067LIMYEL3X,450,1
Zoya Yuni Sleeveless Turtle Neck Maxi Top - White,60037176,Z0324067WHI4X,1200,1
Zoya Yuni Strappy Midriff Top - Beige,60034757,Z0324047BEI2X,800,1
Zoya Yuni Strappy Midriff Top - Navy,60034774,Z0324047NAV3X,350,1
Zoya Yuni Strappy Midriff Top - Taupe,60034783,Z0324047TAU4X,150,1
Zoya Yuni Tank Top - Black,60035251,Z0324050BLA4X,250,1
