product_name,units_sold
Vivo Basic Leggings - Black,4648
Vivo Basic Sienna Waterfall - Black,2356
Vivo Denim Straight Pants - Navy,1955
Vivo Upe Wide Leg Pants in Ponte,1868
Vivo Basic Tank Top - Black,1504
Vivo Basic Tank Top - White,1363
Vivo Basic Cap Sleeve Bodycon - Black,1328
Vivo Waridi Pencil Skirt - Black,1289
Vivo Lindi High Low Dress - Black,1261
Vivo Basic Bodycon - Black,1224
Vivo Basic Panelled Leisure Pants - Black,1155
Vivo Basic Sienna Waterfall - White,1154
Vivo Everyday Cap Sleeve Top - Black,1104
Vivo Basic Cap Sleeved Bodysuit - Black,932
Vivo Dua wide leg pant-Black,859
Vivo Basic Straight Leg Pants - Black,797
Vivo Basic Double Layered Wrap Poncho - Dark Red,754
Vivo Basic Dua Jacket - Burgundy,737
Vivo Val Cap Sleeve Top - White,735
Vivo Ari Sweater - Black,726
Vivo Upe Wide Leg Pants in Ponte - Hunters Green,704
Vivo Basic Escape A-line Dress - Black,701
Vivo Basic Leggings - Navy Blue,700
Vivo Lulu Denim Flared Pants - Navy,697
Vivo Basic Capri Leggings - Black,668
Vivo Basic Sienna Waterfall - Navy,648
Vivo Dua Jacket - Black,628
Vivo Basic Dua Jacket - White,619
Vivo Basic Extra Long Lily Waterfall - Black,601
Vivo Lindi High Low Dress In Ponte - Green,569
Vivo Basic Kena Tent Knee Length Dress - Black,547
Vivo Basic Cap Sleeve Bodycon - Navy Blue,543
Vivo Basic Sleeveless Kena Tent Maxi Dress - Black,524
Vivo Upe Wide Leg Pants in Ponte - Navy,521
Vivo Basic Sienna Waterfall - Dark Red,521
Vivo Basic Straight Leg Pants - Navy,505
Vivo Upe Wide Leg Pants in Ponte - Burgundy,504
Ythera Diani Magic Fine Fragrance Mist,497
Vivo Safa Straight Leg Pants - Black,492
Vivo Basic Sleeveless Bodysuit - Black,487
Vivo Double Layered Wrap Poncho - Mustard,487
Vivo Selah Sleeveless Maxi Dress in Stretch Rib - Black,484
Vivo Safa Drop Shoulder Top - Black,477
Ythera Vanilla Orchid Fine Fragrance Mist,469
Vivo Basic 3/4 Sleeve Kena Tent Knee Length Dress - Navy Blue,465
Vivo Basic Leisure Pants - Black,463
Vivo Basic Short Waterfall - Black,462
Vivo Basic Leisure Pants in Ponte - Black,449
Vivo Basic Kena Tent Maxi Dress - Black,446
Vivo Basic Dua Jacket - Navy Blue,440
Vivo Basic Kena Tent Knee Length Dress - Green,436
Vivo Double Layered Wrap Poncho - Black,432
Ythera Goddess Fine Fragrance Mist,429
Vivo Basic 3/4 Sleeve Double Layered Bodycon Dress - Black,427
Vivo Mini Butterfly Sweater - Black,419
Ythera Tuber Rose Fine Fragrance Mist,418
Vivo Everyday Long Sleeve Top In Jersey - Black,417
Vivo Spaghetti Tank Top in Jersey - Black,411
"Vivo Double Layered Wrap Poncho, Rust",409
Vivo Everyday Cap Sleeve Top - Rust,405
Vivo Sanali Wide Leg Pants,395
Vivo Dalia Sleeveless Gathered Tent Dress - Cream / Green Print,392
Vivo Basic Double Layered Wrap Poncho - Rust,386
Vivo Dua Wide Leg Pants - Black,385
Vivo Ava Front Pleat Knee Length Dress - Cream / Purple Print,384
Vivo Basic Straight Leg Pants - Wine Red,382
Vivo Basic Drop Shoulder Top - Pink,381
Vivo Basic Round Neck Maxi Dress In Crepe - Dark Green,380
Vivo Lindi High Low Dress - Mustard,376
Vivo Basic Crepe Bishop Sleeve Top - Gold / Purple Print,372
Vivo Basic Double Layered Wrap Poncho - Black,371
Vivo Basic Straight Leg Pants - Hunters,365
Vivo Basic Kena Tent Knee Length Dress in Ponte - Mustard,364
Vivo Basic Panelled Leisure Pants - Navy Blue,361
Vivo Basic Sleeveless Kena Tent Maxi Dress in Ponte - Black,355
Vivo Basic Leisure Pants - Burgundy,354
Vivo Basic Kena Tent Knee Length Dress - Navy,353
Vivo Basic 3/4 Sleeve Kena Tent Knee Length Dress - Red,352
Vivo Poncho DL FS 1 - Black,345
Vivo MSD 7,344
Vivo Basic Dua Jacket - Wine Red,344
Vivo Basic Imelda Cowl Sweater - Mustard,342
Vivo Basic Leisure Pants - Navy Blue,338
Vivo Basic Dua Jacket - Black,330
Vivo Basic Cap Sleeve Tent Knee Length Dress - Off White / Light Mustard Print,329
Vivo MSD 1,327
Vivo Basic Bodycon Dress - Navy Blue,326
Vivo Ari Sweater - White,324
Vivo Basic Trench Coat - Black,323
Vivo Anavi Leggings In Jersey - Black,317
Vivo Basic Waridi Pencil Skirt - Dark Teal,316
Vivo Imara Cap Sleeve Sheath Dress - Red,313
Vivo Diella Pleated Dress - Black,312
Vivo Basic Short Waterfall - Navy Blue,306
Vivo Basic Cap Sleeve Tent Knee Length Dress - Navy / Off White Print,306
Vivo Basic Tank Top - Dark Taupe,305
Vivo Tanda Loose Sweater - White,303
Vivo Sleeveless Bodycon in Stretch Rib - Wine Red,303
Vivo Basic Sleeveless Jersey Waterfall - Black,302
Vivo Imara 3/4 Sleeve Tent Dress In Polyester - Burgundy,302
Vivo Basic Val Tank Top - Black,301
Vivo Basic Double Layered Wrap Poncho - Teal,301
Vivo X This Is Essential Long Unitard - Black,300
Vivo Basic Kena Tent Maxi Dress - Mustard,299
Vivo Poncho DL FS 1 - Rust,298
Vivo Poncho DL FS 1 - Dark Red,297
Vivo Basic Double Layered Wrap Poncho - Mustard,294
Vivo Basic Round Neck Maxi Dress - Blue / Black Print,291
Vivo Aleri Wide Leg Pants - Navy,287
Vivo Poncho DL FS 1 - Mustard,286
Vivo Waridi Pencil Skirt - Dark Navy Blue,285
Vivo Basic Round Neck Maxi Dress - Black / Rust Print,284
Vivo Basic Panelled Leisure Pants - Burgundy,284
Ythera Frangipani Fine Fragrance Mist,281
Vivo Iyana Cape Top - White,281
Vivo Lindi High Low Dress In Ponte - Navy Blue,280
Vivo Basic Lined Capri Skirt - Black,280
Vivo Basic Sienna Waterfall - Chocolate,279
Vivo Basic Crepe Cap Sleeved Top - Navy / Mustard Print,278
Vivo Selah Mock Neck Top in Stretch Rib - Off-White,278
Vivo Selah Palazzo Pants in Stretch Rib - White,277
Vivo Basic Escape A-line Dress - Red,277
Vivo Nala 3/4 Sleeve Tent Dress - Navy / Mustard Print,274
Vivo Leila Cap Sleeve Tent Maxi Dress - Black,273
Vivo Waridi Sleeveless Overcoat - Black,273
Vivo Basic Long Sleeved Bodysuit - Black,269
Vivo Basic Sienna Waterfall - Dark Green,269
Vivo Basic Cap Sleeved Bodysuit - Navy Blue,267
Vivo Basic Tank Top - Chocolate,265
Vivo Kani Tent Shirt Dress - Burgundy / Black Print,265
Vivo Kani Tent Shirt Dress - Mustard / Black,264
Vivo Bana Batwing Top - White,262
Vivo Bissa Reversible Maxi Dress - Light Beige / Brown Print,262
Vivo Lindi High Low Dress In Ponte - Orange,259
Vivo Basic Sienna Waterfall - Mustard,257
Vivo Wingu Three Tiered Knee Length Dress - Brown / Cream Print,257
Vivo Basic 3/4 Sleeve Double Layered Bodycon Dress - Dark Red,256
Vivo Basic Double Layered Wrap Poncho - Dark Green,255
Vivo MSD 4,254
Vivo Safa Straight Leg Pants - Chocolate,253
Vivo Basic Crepe Cap Sleeve Top - Rust / Black Print,252
Vivo Sawari Crossed Cuff Batwing Top - Black / Cream Print,251
Vivo Wingu Tiered Knee Length Dress - Navy / Taupe Print,251
Vivo Basic Short Waterfall - Taupe,251
Vivo Basic A-line Maxi Skirt - Black,247
Vivo Kani Bishop Sleeve Top in Crepe - Navy,246
Vivo Basic Tank Top - Pink,244
Vivo Basic Sleeveless Bodysuit - White,244
Vivo Basic Satin Cap Sleeve Top - Black,244
Vivo Lulu Wide Hem Tent Dress - Navy,243
Vivo Zuri Cap Sleeve Knee Length Dress - Blue / Black Print,243
Vivo Knee length Dress - Fs 4,240
Vivo Basic Straight Leg Pants - Burgundy,239
Vivo Basic Cap Sleeve Tent Knee Length Dress - White Navy Print,239
Vivo Basic Double Layered Wrap Poncho - Light Navy Blue,239
Vivo Basic Kena Tent Knee Length Dress - Red,238
Vivo Everyday Cap Sleeve Top - Olive,237
Vivo Bana Batwing Top - Dark Olive,235
Vivo Basic Sienna Waterfall -  Dark Taupe,234
Vivo Tatili Wide Leg Pants - Black,233
Vivo Basic Val Tank Top - Navy Blue,233
Vivo Ari Sweater - Dark Grey,233
Vivo Chari Shift Dress - Black / Orange Riah Print,233
Vivo Basic Double Layered Wrap Poncho - Ivory,232
Vivo Basic Val Tank Top - Maroon,230
Vivo Kani Cap Sleeve Maxi Dress - Black,229
Vivo Basic Panelled Leisure Pants - Navy Dotted,229
Vivo Basic Long Sleeved Bodysuit - White,229
Vivo Aleri Front Slit Sheath Dress - Black,227
Vivo Basic Short Sleeve Top in Jersey - Black,227
Vivo MSD 3,226
Vivo Lindi High Low Dress - Green,226
Vivo Basic Sleeveless Kena Tent Maxi Dress - Navy Blue,226
Vivo Basic Cap Sleeved Bodysuit - White,225
Vivo Basic Chiffon Cap Sleeve Top (Double Layered) - White,225
Vivo Basic Cap Sleeve Maxi Tent Dress - Mustard / Black Print,224
Vivo Basic Sleeveless Tent Dress in Crepe - White / Dark Hunters Print,223
Vivo Muna Cap Sleeve Knee Length Dress - Dark Green / Cream Print,223
Vivo Serwa Flounce Dress - Navy / Taupe,223
Vivo Basic Val Long Sleeve Top - Chocolate,222
Vivo Basic Pencil Skirt - Black,222
Vivo Diella V-Neck Jumpsuit - Peach / Navy Print,221
Vivo Lindi High Low Dress - Red,221
Vivo Sawari Crossed Cuff Batwing Top - Light Cream / Black Print,221
Vivo Aleri Wide Leg Pants - Purple,221
Vivo Lindi High Low Dress In Ponte - Mustard,220
Vivo Ponte Back Pleat Maxi Dress - Red,220
Vivo Laika 3/4 Sleeve Tent Dress In Crepe - Mint / Black Laki Print,219
Vivo Safa Drop Shoulder Top - Chocolate,217
Vivo Dua 3/4 Sleeved V Neck Shirt - White,216
Vivo Everyday Cap Sleeve Top - White,215
Vivo Basic Panelled Leisure Pants - Dark Teal,215
Vivo Essi Wide Leg Pants - White,214
Vivo Asha Drop Shoulder Maxi Shirt Dress - Teal / Beige Print,214
Vivo Laika 3/4 Sleeve Tent Dress - White / Black Print,213
Vivo Selah Sleeveless Maxi Dress in Stretch Rib - Dark Taupe,212
Vivo Kani Wide Leg Pants in Crepe - Navy,212
Safari by Vivo Njano Drawstring Top in Cotton - Navy Blue,211
Vivo Laika 3/4 Sleeve Tent Dress - Cream / Rust Print,211
Vivo Ava Front Pleat Knee Length Dress - Off White / Black Print,210
Vivo Basic Cap Sleeve Maxi Tent Dress - Blue / Black Print,210
Vivo Zahari 3/4 Sleeve Off-Shoulder Jumpsuit - Black,209
Vivo Basic 3/4 Sleeve Kena Tent Knee Length Dress - Black,209
Vivo Everyday Short Waterfall in Jersey - Chocolate,208
Vivo Aleri Wide Leg Pants - Black,207
Vivo Basic Escape A-Line Dress - White,207
Vivo Bana Batwing Top in Jersey - Chocolate,206
Vivo Basic Tank Top - Dark Red,206
Vivo Lindi High Low Dress - Orange,204
Vivo Samira Slip Skirt - Black,203
Vivo Dua 3/4 Sleeved V Neck Shirt - Navy Blue,201
Vivo Kani Cap Sleeve Maxi Dress - Buttermilk / Hunters Nasi Print,201
Vivo Merika Satin Wrap Top - Peach / Burgundy Print,201
Vivo Gift Voucher,200
Vivo Zuri Cap Sleeve Knee Length Dress - White / Mustard Print,200
Vivo Basic Waridi Pencil Skirt - Navy Blue,199
Vivo Kani 3/4 Sleeve Knee Length Dress - Red,199
Vivo Zahari 3/4 Sleeve Off-Shoulder Jumpsuit - Teal / Mustard Print,198
Vivo Merika Satin Wrap Top - Off White / Black Print,198
Vivo Diella V-Neck Jumpsuit - Cream / Black Print,198
Vivo Diella Pleated Dress - Navy,198
Vivo Spaghetti Tank Top in Jersey - White,197
Vivo Ava Front Pleat Maxi Dress - Peach / Navy Print,197
Vivo Tatili Wide Leg Pants - Rust,197
Vivo Basic Ali Jacket - Black,197
Safari Tiwa Wide Leg Pants - Hunters,195
Vivo Basic Joy Sweater - Mustard,195
Vivo Iyana Cape Top in Chiffon - Black,195
Safari Dila Poncho - Dark Sage / Ivory,194
Vivo Laika 3/4 Sleeve Tent Dress - Black / White Print,194
Vivo Ponte Back Pleat Maxi Dress - Navy Blue,194
Vivo Liora Strappy Culotte Jumpsuit - Dark Green / Tan Print,194
Vivo Liora Strappy Culotte Jumpsuit - Navy / Tan Print,194
Vivo Lulu Wide Hem Tent Dress In Cotton - Tan,193
Safari Dila Poncho - Rust / Black,192
Vivo Lulu Denim Shorts - Navy,192
Vivo Basic Sleeveless Jersey Waterfall - Chocolate,191
Vivo Dua Wide Leg Pants - White,190
Vivo Iyana Wide Leg Pants - Black,190
Vivo Diella Pleated Dress - Maroon,190
Vivo Dua Wide Leg Pants - Burgundy,189
Vivo Basic Cap Sleeve Top in Satin - Black,188
Vivo Kani Bishop Sleeve Top - Maroon,187
Vivo Mini Butterfly Sweater - Grey,187
Vivo Basic Leila Short Waterfall - Maroon,187
Vivo Lulu Drawstring Top - White,187
Vivo Imara 3/4 Sleeve Tent Dress,186
Vivo Lulu Cotton Tent Mini Dress - White,186
Vivo Dalia Sleeveless Gathered Tent Dress - Beige / Black Print,185
Vivo Tanda Skirt & Top Set - Pink,185
Vivo Basic Capri Leggings - Navy Blue,183
Vivo Basic Trench Coat - Burgundy,183
Vivo Basic Sleeveless Tent Dress in Crepe - Mustard / Black Print,183
Vivo Basic Kena Tent Maxi Dress - Orange,182
Vivo Basic Kena Tent Maxi Dress - Navy Blue,182
Vivo Everyday Cap Sleeve Top - Navy,181
Vivo Kani Bishop Sleeve Top in Crepe - Hunters,181
Vivo Diella 3/4 Sleeve Pleated Dress - Mulberry,178
Vivo Basic Sleeveless Bodysuit - Grey,178
Vivo Everyday Cap Sleeve Top in Jersey - Orange,177
Vivo Basic Tulip Sweater - Grey,177
Vivo Imelda Cowl Sweater - Red,177
Vivo Basic Sienna Waterfall - Orange,176
Vivo Basic Chiffon Cap Sleeve Top (Double Layered) - Black,176
Vivo Dalia Cap Sleeve Gathered Tent Dress - Black / Peach Print,176
Vivo Kani Cap Sleeve Maxi Dress - Buttermilk / Navy Dashen Print,175
Vivo Turtleneck Knit Fringe Poncho - Rust,174
Vivo Basic May Sweater - Black,174
Vivo Basic Chiffon Tie Kaftan Top - Orange / Light Blue Nisa Print,174
Vivo Cotton High Low Top - Orange,173
Vivo Muna Cap Sleeve Knee Length Dress - Rust / Cream Print,173
Safari Dila Poncho - Mustard / Black,173
Vivo Laika 3/4 Sleeve Tent Dress - White / Dusty Pink Tamra Print,172
Vivo Dalia Cap Sleeve Gathered Tent Dress - Cream / Green Print,171
Vivo Wrap Shawl - Black,171
Vivo Basic Trench Coat - Navy Blue,170
Vivo Zahari Sweatheart Neck Jumpsuit - Maroon / Black Print,170
Vivo Basic Sleeveless Tent Dress - White / Olive Ziza Print,170
Vivo Sierra Cap Sleeve Tent Chiffon Dress - Sea Green / Burgundy Mohi Print,170
Vivo Tanda Skirt & Top Set - Navy,170
Vivo Everyday Cap Sleeve Top - Chocolate,170
Vivo Basic Sleeveless Kena Tent Maxi Dress in Ponte - Navy Blue,169
Vivo Chela Sleeveless Waterfall in Jersey - Black,168
Vivo Chela Tank Top in Stretch Rib - Buttermilk,168
Vivo Basic Pencil Skirt - Burgundy,167
Vivo Imara 3/4 Sleeve Tent Dress In Polyester - Navy,167
Vivo Basic Sienna Waterfall - Light Rust,167
Vivo Leila Short Waterfall - Sea Green,167
Vivo Everyday Short Waterfall in Jersey - White,167
Vivo Zahari Sweatheart Neck Jumpsuit - Green / Black Print,167
Vivo Nasinka A-Line Knee Length Dress - Light Pink / Green Fani Print,166
Vivo Fitted Tops - Fs 3,165
Vivo Sierra Cap Sleeve Tent Chiffon Dress - Black,165
Vivo Basic Cap Sleeve Tent Knee Length Dress in Crepe - White / Dark Green Ula Print,165
Vivo Kemi Side Cowl Maxi Dress - Teal,165
Vivo Tanda Skirt & Top Set - Olive,165
Vivo Turtleneck Knit Fringe Poncho - Black,164
Vivo Diella 3/4 Sleeve Pleated Dress - Black,163
Vivo Asha Sleeveless Knee Length Dress - Purple / Navy Nola Print,163
Vivo Cap Sleeve Salma Maxi Dress - Black,162
Vivo Dua 3/4 Sleeved V Neck Shirt - Black,162
Vivo Basic May Sweater - White,162
Vivo Pana Short Waterfall - Rust,162
Vivo Leila Short Waterfall - Dark Olive,162
Vivo Basic Long Sleeved Bodysuit - Navy Blue,162
Vivo Basic Cap Sleeve Tent Knee Length Dress in Crepe - White / Black Ula Print,162
Vivo J.O V-Neck Sheath Dress - Wine Red,161
Safari Tiwa Wide Leg Pants - Rust,161
Vivo X This Is Essential Long Unitard - Navy Blue,161
Vivo Kaisa Mock Neck Sleeveless Top - Taupe Hill Texture,161
Vivo Talia Maxi Slip Skirt in Satin - Black,161
Vivo Basic Double Layered Wrap Poncho - Fuschia,161
Safari Tiwa Wide Leg Pants - Black,161
Vivo Kaisa Maxi Skirt - Taupe Hill Texture,159
Vivo Long Sleeve Waterfall in Sweater - Mustard,159
Vivo Isabi Loose Top - White,159
Vivo Dua Wide Leg Pants in Ponte - Burgundy,159
Vivo Laika Bishop Sleeve Shift Dress In Crepe - Dark Mustard / Black Aria Print,158
Vivo Yumi Off Shoulder Jumpsuit In Crepe - Dark Green,158
Vivo Zahari 3/4 Sleeve Off Shoulder Jumpsuit - Dusty Green / Black Ziza Print,158
Vivo Niari Tent Dress - Dark Green,158
Vivo Maxi Dress - Fs 3,157
Vivo Basic Joy Sweater - Grey,157
Vivo Basic Imelda Cowl Sweater - Light Grey,157
Vivo Iyana Knee Length Bubble Dress - Orange / Black Iya Print,156
Vivo Laika Bishop Sleeve Shift Dress - Hunters Green,156
Safari Dila Poncho - Chocolate Brown / Tangerine,156
Vivo Ajani V-Neck Top - Dark Green,156
Safari Dila Poncho - Fuschia / Light Navy Blue,155
Safari Dila Poncho - Black / Mustard,155
Vivo Basic Tank Top - Taupe,155
Vivo Sanali Loose Top - Orange /Pink,155
Vivo Basic Sleeveless Bodysuit - Navy,155
Vivo Sawari Crossed Cuff Batwing Top - Olive,154
Vivo Maxi Dress - Fs 4,154
Vivo Dalia Cap Sleeve Gathered Knee Length Dress - Black / Peach Print,153
Vivo Tanda Loose Sweater - Black,153
Vivo Basic Joy Sweater - Red,152
Vivo Everyday Cap Sleeve Top - Dark Red,152
Vivo V-Neck Camisole in Satin,152
Vivo Basic 3/4 Sleeved Double Layered Bodysuit - White,152
Vivo Basic Waridi Pencil Skirt - Burgundy,151
Vivo Kani Bishop Sleeve Top - Dusty Pink / Navy Tamra Print,151
Vivo Tanda Loose Sweater - Dark Grey,150
Vivo Basic Sleeveless Tent Dress - Pink / Chocolate Print,150
Vivo Basic Tulip Sweater - Red,150
Vivo Basic Short Waterfall - Dark Maroon,150
Safari Dila Poncho - Raspberry / Light Grey,149
Vivo Lulu Cotton Bubble Sleeveless Top - Off White Flower Print,149
Vivo Basic Satin Bishop Sleeved Top - Black,149
Vivo Basic Cap Sleeve Tent Knee Length Dress - Navy White Print,149
Vivo Basic Sleeveless Tent Dress - White / Coral Ziza Print,149
Vivo Serwa Tent Dress - Rust,148
Vivo Basic Lined Capri Skirt - Navy Blue,148
Vivo Dua 3/4 Sleeved V Neck Shirt - Dark Green / Lime Yani Print,147
Vivo Basic 3/4 Sleeve Double Layered Bodycon Dress - Navy Blue,147
Vivo Cotton High Low Top - White,147
Vivo Studio Flared Pants In Ponte - Black,147
Vivo Kani Bishop Sleeve Top - Light Mustard / Navy Tamra Print,146
Vivo Niari Sleeveless Top - Buttermilk,146
Vivo Serwa Flounce Dress - Black / Offwhite,146
Vivo Zahari Sweatheart Neck Jumpsuit - Taupe / White Print,146
Vivo Dalia Cap Sleeve Gathered Knee Length Dress - Cream / Green Print,145
Vivo Zola V Neck Cap Sleeve Maxi Dress - Mustard / Black Emin Print,144
Vivo Nasinka Wrap Dress - Peach / Maroon Naka Print,144
Vivo Bana Batwing Top - Black,144
Vivo Rema Straight Leg Pants - Chocolate,144
Vivo Turtleneck Knit Fringe Poncho - Dark Red,144
Vivo Wila Jumpsuit - Navy Blue,143
Vivo Rema 3/4 Sleeve Side Slit Tunic Top - Chocolate,143
Vivo MSD 5,142
Vivo Basic Double Layered Long Sleeved Bodysuit - Dark Mustard,142
Vivo Sierra Maxi Chiffon Dress - Chocolate,141
Vivo Chela Pants in Jersey - Black,141
Vivo Chari Shift Dress - White / Black Riah Print,140
Vivo Basic Round Neck Maxi Dress In Crepe - Rust,140
Vivo Sierra Maxi Chiffon Dress - Rust,140
Vivo Wrap Shawl - Dark Grey,140
Vivo Basic Sienna Waterfall - Sea Green,140
Vivo Everyday Long Sleeve Top In Jersey - White,140
Vivo Essi Scalloped Top - White / Dark Mustard Print,139
Vivo Kaisa Short Sleeve Maxi Bodycon In Polyester Stretch - Maroon,139
Vivo Kani Wide Leg Pants - Maroon,139
Vivo Kaisa Short Sleeve Maxi Bodycon In Polyester Stretch - Mustard,139
Vivo Asha Drop Shoulder Maxi Shirt Dress - Beige / Black Print,139
Vivo Iyana Knee Length Bubble Dress - Brown / Chocolate Iya Print,138
Vivo Basic Sleeveless Jersey Waterfall - Off White,138
Vivo Zola V Neck Maxi Dress in Crepe - White / Blue Kai Print,138
Vivo Liora Scooped Neck Tank Top in Crepe - Dark Green / Lime Yani Print,137
Vivo Basic Pencil Skirt - Navy Blue,137
Vivo Basic Tulip Sweater - Mustard,137
Vivo Essi Wide Leg Pants - Dark Mustard,137
Vivo Nasinka A-Line Knee Length Dress in Crepe - Navy,137
Vivo Kani Wide Leg Pants in Crepe - Hunters,136
Vivo Chela Pants in Jersey - Chocolate,136
Vivo Asymmetrical Dolman Dress in Satin - Grey / Rust Arah Print,136
Vivo Sanali Loose Top - Purple / Olive,136
Vivo Mandla Tent Dress - Dark Hunters,136
Vivo Ayla Maxi Kaftan Dress - Orange / Black Fani Print,136
Vivo J.O V-Neck Sheath Dress - Burgundy,136
Safari Long Sleeve Waterfall - Black,136
Vivo Dalia Cap Sleeve Gathered Tent Dress - White / Mustard Nasi Print,136
Vivo Kani Wide Leg Pants - Dusty Pink / Navy Tamra Print,135
Vivo Basic Cap Sleeve Chiffon Maxi Dress - Dusty Green / Purple Sinka Print,135
Vivo Merika Satin Wrap Top - Brown / Black Animal Print,135
Vivo Alani High Low Dress - Black Stripes Print,135
Vivo Wila Jumpsuit - Black,135
Vivo Maxi Dress - Rfs 4,135
Vivo Niari Shorts - Light Olive / White Stripes,135
Vivo Samira Midi Dress in Textured Satin - Black,135
Vivo Yumi Maxi Shirt Dress - Brown / Beige Print,135
Vivo Basic Escape A-line Dress - Burgundy,135
Vivo Niari Pleated Dress in Crepe - Red,135
Vivo Turtleneck Knit Fringe Poncho - Mustard,135
Vivo Kani Cap Sleeve Maxi Dress - Lime / Orange Sari Print,134
Vivo Sakari Cap Sleeve Maxi Dress - Black,134
Vivo Alani Boat Neck Top - White,134
Vivo MSD 2,134
Vivo Ava Front Pleat Maxi Dress - Green / Rust Print,134
Vivo Basic Sienna Waterfall - Dark Olive,134
Vivo Tanda Cap Sleeve Sheath Dress in Ponte - Black,134
Vivo Basic Kena Tent Knee Length Dress - Orange,134
Vivo Zola V Neck Maxi Dress in Crepe - White / Red Kai Print,133
Vivo Basic Sleeveless Tent Maxi Dress - Navy,132
Vivo Kemi Dolman Top - Lime Green / Maroon Emi Print,132
Vivo Niari Pleated Dress in Crepe - Rust,132
Safari Lounge Pants - Black,132
Vivo Basic Extra Long Lily Waterfall - Dark Taupe,132
Vivo Ava 3/4 Sleeve Tent Shirt Dress in Crepe - Light Olive,131
Vivo Basic Cap Sleeve Chiffon Maxi Dress - Light Blue / Purple Sinka Print,131
Vivo Ayla Maxi Kaftan Dress - Red / Black Fani Print,131
Vivo Basic 3/4 Sleeve Double Layered Bodycon Dress - Dark Green,131
Vivo Sakari Cap Sleeve Maxi Dress - Mustard / Rust Amari Print,131
Vivo Basic Ali Jacket - Burgundy,130
Vivo Safa Drop Shoulder Top - Dark Red,130
Vivo Iyana Knee Length Bubble Dress - Dark Magenta,130
Vivo Takali Asymmetrical Midi Length Kaftan - Dark Tan,130
Vivo Chidii Wide Leg Pants - White / Mint Tulu Print,130
Vivo Kaisa Short Sleeve Maxi Bodycon In Polyester Stretch - Chocolate,130
Vivo Kani Wide Leg Pants - Light Mustard / Navy Tamra Print,130
Vivo Samira Pants in Rayon,129
Safari Long Sleeve Waterfall - Dark Tan,129
Vivo Laika 3/4 Sleeve Tent Dress In Crepe - White / Dark Green Laki Print,129
Safari by Vivo Zehra Tie Waist Kimono Dress - Black Textured Print,129
Safari Tiwa Shirred Midi Dress - Hunters,129
Vivo Nasinka Wrap Dress - Black / Rust Naka Print,129
Zoya Basic Jersey Bandeau - Black,129
Vivo Studio Crew Neck Tee in Rib - Black,129
Zoya Jersey Bandeau - Black,128
Vivo Everyday Side Twist Bodycon in Jersey - Dark Purple,128
Vivo Tatili Bishop Long Sleeve Top In Satin - Olive  Multicolor,128
Vivo Asha Sleeveless Knee Length Dress - Olive Green / Black Tori Print,128
Vivo J.O V-Neck Sheath Dress - Navy Blue,128
Vivo Tatili Bishop Long Sleeve Top - Multi Mustard Print,128
Vivo Ria Panelled Pants - Black,128
Vivo Belts FS 1,128
Vivo Sakari Circular Loose Top - Black / White Print,128
Safari by Vivo Jacket in Denim - Navy,128
Vivo Sanali Batwing Tie Top - Mint / Green Print,128
Vivo Sakari Cap Sleeve Maxi Dress - Orange / Maroon Amari Print,128
Vivo Sanali Loose Top - Purple / Peach,127
Vivo Seli Wide Top - Lime / Green Raha Print,127
Vivo Sakari Circular Loose Top - White / Black Print,127
Vivo Tatili Bishop Long Sleeve Top In Satin - Green  Multicolor,127
Vivo Ria Drop Shoulder Top - Black,127
Vivo Lulu Bubble Sleeve Top - Fuschia,126
Vivo Lulu Wide Hem Tent Dress - Red,126
Vivo Sakari Circular Loose Top - Taupe / White Print,126
Vivo Yumi Maxi Shirt Dress - Dark Navy,126
Vivo Basic Chiffon Bishop Sleeve Top (Double Layered) - White,126
Vivo Diella Pleated Dress - Hunters Green,126
Vivo Pana Short Waterfall - Mustard,125
Vivo Ari Sweater - Navy,125
Vivo Basic 3/4 Sleeved Double Layered Bodysuit - Olive,125
Vivo Basic 3/4 Sleeve Leila Bodycon Dress,125
Vivo Everyday Cap Sleeve Top - Light Olive Green,125
Vivo Sanali Batwing Tie Top - Peach / Tan Print,125
Vivo Maxi Dress in Stretch Rib - Black,125
Vivo Keza Circular Loose Top - Dark Green,125
Vivo Basic 3/4 Sleeve Leila Bodycon Dress - Black,125
Vivo Liora Scalloped Maxi Top in Chiffon - White,125
Vivo Sawari Crossed Cuff Batwing Top - Black / White Polka,124
Vivo Kani Bishop Sleeve Top in Crepe - Black,124
Vivo Merika Satin Wrap Top - Grey / Black Animal Print,124
Vivo Basic Double Layered Long Sleeved Bodysuit - Chocolate Brown,124
Vivo Basic Chiffon Bishop Sleeve Top (Double Layered) - Black,124
Vivo Bana Batwing Top - Sea Green,124
Vivo Laika Bishop Sleeve Shift Dress - Black,124
Vivo Sierra Cap Sleeve Tent Chiffon Dress - Red,124
Vivo Iyana Shirred waist Maxi Dress - Dark Green,124
Vivo Basic Cap Sleeve Chiffon Maxi Dress - Lilac / Purple Sinka Print,123
Vivo Serwa Tent Dress - Beige,123
Vivo Seli Wide Leg Pants - Navy Blue,123
Vivo Lindi High Low Dress In Ponte - Red,123
Vivo Lulu Bubble Sleeve Top - Orange,123
Vivo Basic Sleeveless Tent Maxi Dress - Mustard / Dark Green Ewale Print,123
Vivo Tatili Bishop Long Sleeve Top In Satin - Brown Multicolor,123
Vivo Ari Sleeveless Straight Maxi Slit Dress - Black,123
Vivo Lena Sleeveless Top - Dark Mustard,122
Vivo Niari Pleated Dress in Crepe - Black,122
Vivo Sierra Long Sleeve Top in Chiffon (Double Layered) - Black,122
Vivo Tatili Wide Leg Pants - Hunters Green,122
Vivo Ria Panelled Pants - Maroon,122
Vivo Iyana Bow Tie Mini Dress - Fuschia / Navy Iya Print,121
Vivo Basic Tank Top - Orange,121
Vivo Lulu Cotton Bubble Sleeveless Top - Light Blue Flower Print,121
Vivo Chidii Drop Shoulder Kimono - White / Mint Tulu Print,121
Vivo Dalia Cap Sleeve Gathered Tent Dress - White / Lilac Nasi Print,121
Vivo Imara 3/4 Sleeve Tent Dress In Ponte - Black,121
Vivo Leila Cap Sleeved Tent Maxi Dress,121
Vivo Aleri Front Slit Sheath Dress - Red,121
Vivo Basic Long Sleeve Tent Shirt Dress - Navy,121
Vivo Chela Sleeveless Waterfall - Black,121
Vivo Bana Batwing Top - Fuschia,121
Vivo Essi Wide Leg Pants - Dark Olive,120
Vivo Basic Val Tank Top - Light Olive,120
Vivo Dalia Cap Sleeve Gathered Dress in Crepe - Buttermilk,120
Vivo Basic Val Tank Top - Chocolate Brown,120
Vivo Ria Drop Shoulder Top - Maroon,120
Vivo Basic Open Kaftan - Mustard / Black Print,120
Vivo Ruched Maxi Top in Textured Satin - Taupe / Black Print,120
Vivo Iyana Tank Top - Dark Purple,120
Vivo Yene Front Tie Top - Magenta,120
Vivo Basic Crepe Bishop Sleeve Top - Navy / Mustard Print,120
Vivo Lulu Cotton Tent Mini Dress - Orange,120
Vivo Dalia Cap Sleeve Gathered Tent Dress - White / Light Blue Nasi Print,119
Vivo Essi Wide Leg Pants - Black,119
Vivo Basic 3/4 Sleeve Leila Bodycon Dress - Maroon,119
Vivo Basic Crepe Cap Sleeved Top - White,119
Vivo Iyana Maxi Cover Up - Lilac / Purple Iya Print / Purple,119
Vivo Yene Wide Leg Pants - Purple,119
Vivo Yene Wide Leg Pants - Navy Blue,119
Vivo Seli Wide Top - Navy Blue,119
Vivo Kaisa Short Sleeve Maxi Bodycon In Polyester Stretch - Black,119
Vivo Iyana Cape Top - Hunters,119
Vivo Kemi Dolman Top - Black,118
Vivo Kemi Dolman Top - White / Lime Emi Print,118
Vivo Wila Jumpsuit - Burgundy,118
Vivo Kani Bishop Sleeve Top - Dusty Pink / Black Dashen Print,118
Vivo Seli Wide Leg Pants - Lime / Green Raha Print,118
Vivo Kani Tent Shirt Dress - Mustard / Navy Print,118
Vivo Safa Sweater - Rust,118
Vivo Reba Drop Shoulder Shirt Dress - Mustard / Navy Deka Print,118
Vivo Alek Shirred Off - Black,118
Vivo Nasinka A-Line Knee Length Dress - Mustard / Dark Red Fani Print,117
Vivo Kemi Dolman Top - Dark Red,117
Vivo Pendo Cap Sleeve Tent Knee Length Dress - Royal Blue,117
Vivo Basic Double Layered Capri Skirt - Chocolate,117
Vivo Basic Trench Coat - Dark Teal,117
Vivo Pana Short Waterfall - Olive Green,117
Vivo Lulu Bubble Sleeve Top In Cotton - Lime,117
Vivo Basic Open Kaftan - Navy Blue / Mustard Print,117
Vivo Basic Chiffon Bishop Sleeve Top (Double Layered) - Yellow,116
Vivo Zola V Neck Cap Sleeve Maxi Dress - Navy / Blue Raha Print,116
Vivo Ava Front Pleat Maxi Dress - Black / Peach Print,116
Vivo Asha Drop Shoulder Maxi Shirt Dress - Navy / White Print,116
Vivo Leila Waterfall - Black,116
Vivo Everyday Cap Sleeve Top - Maroon,116
Vivo Liora Scooped Neck Tank Top in Crepe - Orange / Chocolate Yani Print,116
Vivo Zahari 3/4 Sleeve Off-Shoulder Jumpsuit - Brown / Dark Mustard Print,116
Vivo Niari Tent Dress - Beige,115
Vivo Basic Short Waterfall - Mustard,115
Vivo Ruched Maxi Top in Textured Satin - Dusty Green / Black Print,115
Vivo Safa Sweater - Fuschia,115
Vivo Iyana Tank Top - White,115
Vivo Turtleneck Knit Fringe Poncho - Teal,115
Vivo Basic Cap Sleeve Tent Knee Length Dress in Crepe - Buttermilk / Yellow Ula Print,115
Vivo Basic Satin Bishop Sleeved Top - Off White / Navy Nita Print,115
Vivo Everyday Long Sleeve Top In Jersey - Mulberry,115
Vivo Mandla Tent Dress - Beige / Dark Burgundy Kile Print,115
Vivo Keza Satin Border Maxi Kaftan - Peach / Lilac Print,115
Vivo Lulu Cotton Tent Mini Dress - Mustard,114
Vivo Selah Straight Leg Pants - Black,114
Vivo Samira Slip Skirt - Coffee Brown,114
Vivo Basic Sleeveless Tent Maxi Dress - Dark Red / Black Ewale Print,114
Vivo Lulu Drawstring Top - Olive,114
Safari Long Sleeve Waterfall - Powder Blue,114
Vivo Safa Straight Leg Pants - Dark Red,114
Vivo Tatili Long Sleeve Bishop Top - White / Black Kari Print,114
Vivo Wastani  Drawstring Pants - Chocolate,114
Vivo Serwa Flounce Dress - Black / Pink Print,114
Vivo Lena Sleeveless Top - Pink,114
Vivo Safa Skirt - Black,114
Vivo Amai Maxi Kaftan - Red / Navy  Print,113
Vivo Yumi Cap Sleeve Dress In Crepe - Maroon,113
Vivo Basic Cap Sleeve Knee Length Dress - White / Olive Print,113
Vivo Basic Round Neck Maxi Dress - Navy,113
Vivo Selah Straight Leg Pants - Navy,113
Vivo Takali Tunic Top In Satin - Buttermilk,113
Vivo Aleri Front Slit Sheath Dress - Hunters,113
Vivo Basic Satin Bishop Sleeve Top - Dark Green,113
Vivo Serwa Tent Dress - White,113
Vivo Sawari Crossed Cuff Batwing Top - White,113
Vivo Basic Ali Jacket - Navy Blue,113
Vivo Ava Front Pleat Maxi Dress - Cream / Black Print,113
Vivo Selah Dolman Top - Navy,113
Vivo Maisha Kimono & Pant Set - Light Pink / Black Print,112
Vivo Lulu Bubble Sleeve Top - Off White,112
Vivo Full Length Pants - Rfs 3,112
Vivo Zawadi Shift Dress - Chocolate,112
Vivo Lani Maxi Dress - Yellow / Dark Mustard Print,112
Vivo Pendo Cap Sleeve Tent Knee Length Dress - Dark Red,112
Vivo Basic Short Sleeve Top - White,112
Vivo Leila Short Waterfall - Fuschia,112
Vivo Basic Double Layered Wrap Poncho (Without Fringe) - Off White,112
Vivo Safa Drop Shoulder Top - Fuschia,111
Vivo Safa Sweater - Taupe,111
Vivo Basic Cap Sleeve Maxi Tent Dress - Black,111
Vivo Kaisa Short Sleeve Maxi Bodycon - Chocolate,111
Vivo Lulu Contrast Stitch Tent Dress in Cotton - Yellow,111
Vivo Samira Cape Dress - Beige / Black Print,111
Vivo J.O V-Neck Sheath Dress - burgundy,111
Vivo Kani 3/4 Sleeve Knee Length Dress - Red / Black Pink Dashen Print,111
Vivo Sleeveless Bodycon in Stretch Rib - Black,111
Vivo Basic Dua Jacket - Red,111
Vivo Tatili Wide Leg Pants - Lime,111
Vivo Lulu Drawstring Top - Light Orange,110
Vivo Takali Tunic Top In Satin - Green,110
Vivo Knee length Dress - Fs 3,110
Vivo Basic Round Neck Maxi Dress - Chocolate / Orange,110
Vivo Lulu Cotton Tent Mini Dress - Black,110
Vivo Liora Sleeveless Drawstring Top - Rust / Black Ziza Print,110
Vivo Wastani Shirred Sleeve Easy Fit Shirt - Chocolate,110
Vivo Takali Frilled Midi Dress - Black,110
Vivo Liora Multiway Top in Satin - Olive Textured Print,109
Vivo Mandla Tent Dress - Black,109
Vivo Merika Satin Wrap Top - Cream / Black Animal Print,109
Vivo Cap Sleeve Salma Maxi Dress - Navy Blue,109
Vivo Knee length Dress - Rfs 5,109
Vivo Thando Mock Neck Maxi Dress - White / Taupe Aria Print,109
Vivo Zola V Neck Cap Sleeve Maxi Dress - Mulberry,109
Vivo Ruched Maxi Top in Textured Satin - Rose Pink / Black Print,109
Vivo Kani Wide Leg Pants in Crepe - Black,109
Vivo Nora Wide Leg Pants - Black,108
Vivo Jersey Drop Shoulder Tank Top - Black,108
Vivo Maisha Wide High Low Top - White / Olive Ika Print,108
Vivo Basic Val Tank Top - Dark Green,108
Vivo Fitted Tops - Rfs 4,108
Vivo Lalani Lounge Pants - Maroon,108
Vivo Sierra Cap Sleeve Tent Chiffon Dress - Pink Textured Print,108
Vivo Nora Round Neck Sleeveless Top - Sea Green,108
Vivo Iyana Knee Length Bubble Dress - Fuschia / Green Iya Pint,108
Vivo Liora Sleeveless Drawstring Top - Teal,108
Vivo Yumi Maxi Shirt Dress - Burgundy / Peach Print,108
Vivo Liora Wide Leg Pants - Rust / Black Ziza Print,108
Vivo Kemi Skirt & Top Set - Black,107
Vivo Kani Cap Sleeve Maxi Dress - Magenta / Navy Sari Print,107
Vivo Niari Tent Dress - Peach / Teal Saki Print,107
Vivo Leila Maxi Waterfall - Dark Maroon,107
Vivo Keza Circular Loose Top - White,107
Vivo Kani 3/4 Sleeve Knee Length Dress - Mustard / Dusty Pink Dashen Print,107
Vivo Basic Cap Sleeve Maxi Tent Dress - Dark Red,107
Vivo Laika 3/4 Sleeve Tent Dress In Crepe - Buttermilk / Black Laki Print,107
Vivo Safa Sweater - Grey,107
Vivo Selah Dolman Top - Dark Olive,107
Vivo Kani Tent Top - Black,106
Vivo Kaisa Maxi Skirt - Black Hill Texture,106
Vivo Amai Maxi Kaftan Dress - Red / Black Lango Print,106
Vivo Sakari Cap Sleeve Maxi Dress - Dark Purple,106
Vivo Ari Short Sleeve Top - Black,106
Vivo Cowl Neck Knit Sweater - Rust,106
Vivo Midi Bodycon in Stretch Rib - Black,106
Vivo Lani Maxi Top - Olive / Green Ruvu Print,106
Vivo Isabi Loose Top In Chiffon,106
Vivo Ponte Back Pleat Maxi Dress - Black,106
Vivo Seli Maxi Dress - Off White / Mustard Amari Print,106
Vivo Tatili Bishop Long Sleeve Top - Fuschia,106
Vivo Leila Waterfall - Chocolate Brown,106
Vivo Samira Cape Dress - Lime / Dark Navy Voi Print,106
Vivo Basic Chiffon Bishop Sleeve Top (Double Layered) - Sea Green,105
Vivo Maisha Wide High Low Top - White / Lilac Ika Print,105
Vivo Sierra Bishop Sleeve Top - Brown / Yellow Lika Print,105
Vivo Zawadi Shift Dress in Chiffon - Beige / Brown Print,105
Vivo Dalia Sleeveless Gathered Tent Dress - Navy / White Print,105
Vivo Tanda Pant and Top Set - Black,105
Vivo Takali Tunic Top In Satin - Orange,105
Vivo Sierra Cap Sleeve Tent Chiffon Dress - Dark Orange / Black Mohi Print,105
Vivo Iyana Cape Top - Mustard,105
Vivo Liora Scalloped Maxi Top - Red,105
Vivo Selah Maxi Dress - Grey,105
Vivo Maisha Wide High Low Top - White / Orange Ika Print,105
Vivo Bana Batwing Top in Jersey - Orange,105
Vivo Reversible Poncho without Fringes - Black / Off-White Miwa Print,105
Vivo Sawari Crossed Cuff Batwing Top - White / Black Polka,105
Vivo Zena Shirred Waist Maxi Shirt Dress in Crepe - Cream / Orange Dana Print,105
Vivo Basic Round Neck Maxi Dress - Olive / White Ewale Print,104
Vivo Iyana Knee Length Bubble Dress - Mustard / Navy Iya Pint,104
Vivo Keza Circular Loose Top in Satin - White / Olive Mani Print,104
Vivo Kani Tent Top - Navy,104
Vivo Basic Ali Jacket - Red,104
Safari Mansi Wide Hem Tent Dress - Black,104
Vivo Lulu Wide Hem Tent Dress - Lilac,104
Vivo Maisha Kimono & Pant Set - Beige / Black Print,104
Vivo Safa Sweater - Black,104
Vivo Yene Wide Leg Pants - Olive,104
Vivo Ayana Wide High Low Top - Brown / Beige Print,103
Vivo Mistari Gathered Sleeve Top - Cream / Rust Print,103
Vivo Basic Cap Sleeve Maxi Tent Dress - Chocolate,103
Vivo Nora Wide Leg Pants - Dark Green,103
Vivo Long Sleeve Waterfall in Sweater - Light Grey,103
Vivo Basic 3/4 Sleeve Double Layered Bodycon Dress - Teal,103
Vivo Safa Drop Shoulder Top - White,103
Vivo Nora Wide Leg Pants - Dark Olive,103
Vivo Cuffed Wrap Poncho - Black,103
Vivo Lulu Drawstring Top - Yellow,103
VIVO Gift Voucher,103
Vivo Basic Cap Sleeve Tent Knee Length Dress - Rust,103
Vivo Mandla Tent Dress - White / Rust Seka Print,103
Vivo Ruched Maxi Top in Textured Satin - Beige / Black Print,103
Vivo Seli Maxi Dress - Off White / Light Blue Amari Print,103
Vivo Sakari Cap Sleeve Maxi Dress - Brown,103
Vivo Sierra Cap Sleeve Tent Chiffon Dress - Mustard Textured Print,103
Vivo Samira Slip Skirt - Dark Green,102
Vivo Bana Batwing Top - Rust,102
Vivo Chela Tank Top in Stretch Rib - Black,102
Vivo Reversible Poncho without Fringes - Coffee Brown / Taupe Samba Print,102
Vivo Selah Dolman Top - Black,102
Vivo Tana Puff Sleeve Bodysuit - Dark Green,102
Vivo Drop Shoulder Top in Cotton - White,102
Vivo Basic Cap Sleeve Knee Length Dress - Light Blue / Navy Print,101
Vivo Tanda Maxi Dress in Ponte - Black,101
Vivo Basic Satin Bishop Sleeve Top - Sea Green / Navy Nita Print,101
Vivo Dalia Sleeveless Gathered Tent Dress - Black / White Print,101
Vivo Alma Drawstring Top - Gold,101
Vivo Keza Circular Loose Top in Satin - White / Taupe Mani Print,101
Vivo Drop Shoulder Top in Cotton - Purple / Black Pinstripe Print,101
Vivo Chari Shift Dress - Navy / Orange Riah Print,101
Vivo Fitted Tops - Fs 5,101
Vivo Iyana Shirred Waist Jumpsuit - Grey / Black Azari Print,101
Vivo Basic Satin Cap Sleeve Top - Navy Blue,100
Vivo Basic May Sweater - Navy Blue,100
Vivo Laika Bishop Sleeve Shift Dress In Crepe - Buttermilk / Black Aria Print,100
Safari Tiwa Wide Leg Pants - White,100
Vivo Basic Round Neck Maxi Dress In Crepe - Purple,100
Vivo Essi Scalloped Top - Olive,100
Vivo Basic Ali Jacket - Hunters Green,100
Vivo Wastani Shirred Sleeve Easy Fit Shirt - Dark Navy Blue,100
Vivo Basic Crepe Bishop Sleeve Top - Dark Olive,100
Vivo Samira Pants - White / Black Print,100
Vivo Kani Tent Shirt Dress - Dark Green / Cream Print,100
Vivo Tatili Bishop Long Sleeve Top - Mint Green,99
Vivo Keza Satin Border Maxi Kaftan - Dark Green / Purple Print,99
Vivo Basic Chiffon Cap Sleeve Top (Double Layered) - Navy,99
Vivo Iyana Tank Top - Green,99
Vivo Lulu Cotton Bubble Sleeveless Top - Black Flower Print,99
Vivo Sierra Cap Sleeve Tent Chiffon Dress - Mint Textured Print,99
Vivo Samira Cape Dress - Light Purple / Black Voi Print,99
Vivo  Tanda A-Line Maxi Dress - Black,99
Vivo Asha Drop Shoulder Knee Length Dress - Toffee / Navy Avi Print,99
Vivo Safa Sweater - Navy,99
Vivo Keza Satin Border Maxi Kaftan - Tan / Navy Print,99
Vivo Basic Leila Maxi Waterfall - Navy Blue,99
Vivo Essi Front Slit Maxi Top - Olive,99
Vivo Selah Mock Neck Top in Stretch Rib - Black,99
Vivo Nuru Strappy Maxi Dress - Rust / Black Uru Print,99
Vivo Basic Round Neck Maxi Dress - Teal,98
Vivo Zawadi Shift Dress - Black / Yellow Print,98
Vivo Maisha Kimono & Pant Set - White / Black Print,98
Vivo Nasinka A-Line Knee Length Dress - Sea Green / Burgundy Print,98
Vivo Serwa Flounce Dress - Dark Red,98
Vivo Dua Wide Leg Pants - Hunters Green,98
Vivo Turtleneck Knit Fringe Poncho - Fuchsia,98
Vivo Seli Maxi Dress - Orange / Chocolate Yani Print,98
Vivo Thando Mock Neck Maxi Dress - White / Rust Aria Print,98
Vivo Nora Round Neck Sleeveless Top - Yellow,98
Vivo Selah Mock Neck Top in Stretch Rib - Maroon,97
Vivo Lani Maxi Dress -Black / Cream Print,97
Vivo Lani Maxi Dress - Burgundy / Cream Print,97
Vivo Rema Straight Leg Pants - Black,97
Vivo Basic Short Sleeve Top in Jersey - Dark Olive,97
Vivo Ayla Maxi Kimono - Mustard / Green Dola Print,97
Vivo Niari Pleated Dress in Crepe - Dark Pink,97
Vivo Lulu Bubble Sleeve Top - Black,97
Vivo Keza V Neck Light Maxi Kaftan - Dusty Pink / Off White Print,97
Vivo Nasinka A-Line Maxi Dress - Dark Mustard,96
Vivo Basic A-line Maxi Skirt - Navy Blue,96
Vivo Alani Boat Neck Midi Dress - Black Checkered Print,96
Vivo Iyana Cape Top - Green,96
Vivo Liora Scalloped Maxi Top - Navy,96
Vivo Studio Panelled Mini Dress in Ponte - Burgundy,96
Vivo Kaisa Mock Neck Sleeveless Top - Black Hill Texture,96
Vivo Dalia Sleeveless Gathered Dress In Cotton - Light Blue / Navy Print,96
Vivo Basic Open Kaftan - Black / White Print,96
Vivo Nora Round Neck Sleeveless Top - Magenta,96
Vivo Wastani  Drawstring Pants - Dark Navy Blue,96
Vivo Takali Tunic Top In Satin - Magenta,96
Vivo Cuffed Wrap Poncho - Mustard,96
Vivo Basic Tank Top - Mustard,96
Zoya Basic Jersey Bandeau - Chocolate Brown,96
Vivo Sierra Maxi Dress in Chiffon - Off White / Black Bori Print,96
Vivo Cotton 3/4 Sleeve Wrap Top - White,96
Vivo Talia Sleeveless Tank Top - Dark Olive,96
Vivo Lindi High Low Dress - Dark Tan,95
Vivo Nasinka A-Line Knee Length Dress - Red / Black Fani Print,95
Vivo Wastani Shirred Sleeve Easy Fit Shirt - Teal,95
Vivo Ria Drop Shoulder Top - Dark Mustard,95
Vivo Iyana Bow Tie Mini Dress - Green / Pink Iya Print,95
Vivo Cowl Neck Knit Sweater - Mustard,95
Vivo Izzy Satin Bishop Sleeve Top - Dark Purple,95
Vivo Kani 3/4 Sleeve Knee Length Dress - Navy,95
Vivo  Tanda A-Line Maxi Dress - Dark Red,95
Vivo Sierra Long Sleeve Top in Chiffon (Double Layered) - Off White,95
Vivo Lani Maxi Top - Rust / Black Ruvu Print,94
Vivo Reversible Poncho without Fringes - Plum / Champagne Ukwi Print,94
Vivo Zawadi Shift Dress - Maroon / Peach Print,94
Vivo Sierra Cap Sleeve Tent Chiffon Dress - Mustard,94
Vivo Kani Cap Sleeve Maxi Dress - Mustard / Black Dashen Print,94
Vivo Basic Val Tank Top - Red,94
Vivo Sakari Drop Shoulder Jumpsuit - Dark Green,94
Vivo Everyday Cap Sleeve Top - Dark Olive,94
Vivo Drop Shoulder Shirt in Organza - Orange,94
Vivo Cowl Neck Knit Sweater - Black,94
Vivo Basic Tank Top - Sea Green,94
Vivo Liora Wide Leg Pants - Red / Black Ziza Print,94
Vivo Keza Circular Loose Top - Taupe / Green Ruvu Print,94
Vivo Pana Short Waterfall - Ivory,94
Vivo Tatili Bishop Long Sleeve Top In Satin - Pink  Multicolor,93
Vivo Zola V Neck Cap Sleeve Maxi Dress - Light Purple / Black Ewale Print,93
Vivo Cotton High Low Top - Olive,93
Vivo Chela Pants in Jersey - Mulberry,93
Vivo Safa Straight Leg Pants - Fuschia,93
Vivo Essi Scalloped Top - White / Olive Print,93
Vivo Basic Crepe Bishop Sleeve Top - Rust / Black Print,93
Vivo Ria Panelled Pants - Dark Mustard,93
Vivo Contrast Stitch Pants in Denim - Grey,93
Vivo Liora Drawstring Pants - Black,93
Safari Tawi Off-Shoulder Top - Black,93
Vivo Nora Wide Leg Pants - Dark Red,93
Vivo Liora Sleeveless Drawstring Top - Red / Black Ziza Print,93
Vivo Ayah Drawstring Pants - Chocolate,93
Vivo Niari Sleeveless Tent Dress in Crepe - White / Black Print,92
Vivo Iyana Wide Leg Pants - Navy / Dark Red Iya Print,92
Vivo Tatili Bishop Long Sleeve Top In Satin - Mulberry,92
Vivo Selah Straight Leg Pants - Dark Olive,92
Vivo Essi Front Slit Maxi Top - White / Rust Print,92
Vivo Dua 3/4 Sleeved V Neck Shirt - Sea Green,92
Vivo Zahari 3/4 Sleeve Off-Shoulder Jumpsuit - Navy,92
Vivo Basic Val Tank Top - Sea Green,92
Vivo Basic Tank Top In Jersey - Navy,92
Vivo Niari Pleated Dress in Crepe - Off White,92
Vivo Mistari Gathered Sleeve Top - Mint / Green Print,92
Vivo Basic Val Tank Top - Rust,92
Vivo Dua 3/4 Sleeved V Neck Shirt - Light Blue,91
Vivo Wrap Poncho in Sweater - Mustard,91
Vivo Liora Drawstring Pants - Olive Green,91
Vivo Liora Drawstring Pants - Dark Green,91
Vivo Basic Chiffon Tie Kaftan Top - Dark Tan / White Nisa Print,91
Vivo Keza Circular Loose Top - Olive / Green Ruvu Print,91
Vivo Long Sleeve Waterfall in Sweater - Red,91
Vivo Lani Maxi Top - Taupe / Green Ruvu Print,91
Vivo Takali Asymmetrical Midi Length Kaftan In Satin - Dark Green,91
Vivo Alani High Low Dress - White Stripes Print,91
Vivo Ayla Crepe Pants - Mustard / Dark Green Dola Print,91
Vivo Rema 3/4 Sleeve Side Slit Tunic Top - Black,91
Vivo Turtleneck Knit Fringe Poncho - Raspberry,91
Vivo Selah Palazzo Pants in Stretch Rib - Maroon,91
Vivo Yumi Cap Sleeve Dress In Crepe - Light Grey,91
Vivo Ava Front Pleat Knee Length Dress In Crepe - White,91
Vivo Situ Off-Shoulder Tie Maxi Dress - Orange / Black Lina Print,90
Vivo Ria Drop Shoulder Top - Dark Olive,90
Vivo Basic Sleeveless Jersey Waterfall - Mustard,90
Vivo Lindi High Low Dress - Navy Blue,90
Vivo Liora Asymmetrical Satin Kaftan Top - Rust Textured Print,90
Vivo Rema 3/4 Sleeve Side Slit Tunic Top - Burnt Orange,90
Vivo Talia Sleeveless Tank Top - Burgundy,90
Vivo Takali Frilled Midi Dress - Maroon,90
Vivo Iyana Tank Top - Lime Yellow,90
Vivo Ari Short Sleeve Top - Teal,90
Vivo Seli Wide Top - Magenta / Navy Raha Print,90
Vivo Talia Sleeveless Tank Top - Maroon,90
Vivo Basic Panelled Leisure Pants - Teal,90
Vivo Dalia Sleeveless Gathered Dress In Cotton - Purple Multicolor Print,90
Vivo Basic Sleeveless Tent Dress - Black,89
Vivo Asha Sleeveless Knee Length Dress - Red / Black Nola Print,89
Vivo Ayla Maxi Kimono - Olive / Dark Green Dola Print,89
Vivo Maxi Kaftan in Satin - Grey / Rust Rozi Print,89
Vivo Hadiya Maxi Dress - Light Blue / Black Luwe Print,89
Vivo Waridi Sleeveless Overcoat - Burgundy,89
Vivo Isabi Sleeveless Kimono - Dark Navy / Yellow Pasi Print,89
Vivo Nuru Sleeveless Maxi Kimono - Lime / Black Uru Print,89
Vivo Basic Dolman Sweater - Sea Green,88
Vivo Sawari Crossed Cuff Batwing Top - White / Taupe Ruvu Print,88
Vivo Keza Circular Loose Top - Rust / Black Ruvu Print,88
Vivo Chela Wide Leg Pants - Black,88
Vivo Liora Drawstring Kimono Sleeve Top - Olive Green,88
Zoya Basic Jersey Bandeau - White,88
Vivo Kemi Maxi Skirt - Dark Red,88
Vivo Talia Wide Leg Pants - Light Grey,88
Vivo Keza Circular Loose Top - Dark Green / Hunters Print,88
Vivo Drop Shoulder Top in Cotton - Purple Slim Pinstripe Print,88
Vivo Liora Kaftan Top - Black,88
Vivo Tatili Bishop Long Sleeve Top In Satin - Off White,88
Vivo Cotton High Low Top - Navy,88
Vivo Contrast Stitch Pants in Denim - Light Blue,88
Vivo Liora Kaftan Border Maxi Dress - Olive Green,88
Vivo Zawadi Shift Dress in Chiffon - Sea Green / Navy Print,88
Vivo Niari Sleeveless Top - Orange,88
Vivo Iyana Bow Tie Mini Dress - Mustard / Black Iya Print,88
Vivo Liora Wide Leg Pants - Teal,88
Vivo Liora Scalloped Maxi Top - Lilac,88
Vivo Asha Sleeveless Knee Length Dress - Dark Orange / Brown Nola Print,87
Vivo Kemi Skirt & Top Set - White / Lime Emi Print,87
Vivo Selah Double Layered Coat - Beige,87
Vivo Selah Palazzo Pants in Stretch Rib - Black,87
Safari Lounge Pants - Dark Tan,87
Vivo Chela Tank Top - Taupe,87
Vivo Nandi High Slit Kimono - White / Mint Sinka Print,87
Vivo Wastani Drawstring Pants - Teal,87
Vivo Basic Chiffon Bishop Sleeve Top (Double Layered) - Neon Green,87
Vivo Niari Sleeveless Tent Dress in Crepe - Green / Black Print,87
Vivo Talia Wide Leg Pants - Lilac,87
Vivo Basic Sleeveless Jersey Waterfall - Light Olive,87
Vivo Keza Circular Loose Top - Burgundy / Tan Print,87
Vivo Ria Panelled Pants - Dark Olive,87
Vivo Cotton 3/4 Sleeve Wrap Top - Pink,87
Vivo Serwa Tent Dress - Olive,87
Vivo Serwa Tent Dress In Crepe - Buttermilk,87
Vivo Niari Tent Dress - Maroon,87
Vivo Basic Open Kaftan - Yellow / Chocolate Print,87
Vivo Basic Drop Shoulder Top - Mustard,87
Vivo Zena Shirred Waist Maxi Shirt Dress - Hunters / Lime Ebu Print,87
Vivo Maxi Dress - Rfs 5,87
Vivo Basic Sleeveless Tent Dress - Rust,87
Vivo Ruched Maxi Top in Textured Satin - Light Gold / Black Print,86
Vivo Wide Leg Pants in Textured Satin - Taupe / Black Print,86
Vivo Sierra Maxi Chiffon Dress - Dark Pink,86
Vivo Serwa Flounce Dress - Olive,86
Vivo Basic Round Neck Maxi Dress - White / Brown Ika Print,86
Vivo Seli Maxi Dress - Mulberry / Lilac Yani Print,86
Vivo Kani 3/4 Sleeve Knee Length Dress - Chocolate,86
Vivo Rema Straight Leg Pants - Burnt Orange,86
Vivo Ava Tent Flounce Maxi Dress - Red / Navy Sella Print,86
Vivo Serwa Tent Dress- Hunters,86
Vivo Everyday Sleeveless Jersey Waterfall - Fuschia,86
Vivo Basic Extra Long Lily Waterfall - Navy Blue,86
Vivo Multiway Short Kimono in Satin - Burgundy Textured Print,86
Vivo Basic Chiffon Tie Kaftan Top - Light Taupe / Dark Teal Nisa Print,86
Vivo Kani Wide Leg Pants - Dusty Pink / Black Dashen Print,86
Vivo Ajani Long Sleeve Top - Navy Blue,86
Vivo Talia Wide Leg Pants - Dark Olive,86
Vivo Selah Mock Neck Top in Stretch Rib - Lilac,86
Vivo Maisha Straight Leg Pants in Crepe - Black / Pink Print,86
Vivo liora Satin Midi Dress - Dark Green,86
Vivo Double Layered Wrap Poncho - Pink,86
Vivo Situ Off-Shoulder Tie Maxi Dress - Sea Green / Dark Teal Lina Print,86
Vivo Dalia Sleeveless Gathered Dress In Cotton - Maroon Multicolor Print,85
Vivo Studio Flared Pants In Ponte - Burgundy,85
Vivo Iyana Cape Top - White / Fuschia Iya Print,85
Vivo Leila Maxi Waterfall - Olive,85
Vivo Ria Mock Neck Top - Fuschia,85
Vivo Kelemi 4.0 Sleeveless Top - Navy / Mustard Nashe Print,85
Vivo Ari Short Sleeve Top -Mustard,85
Safari by Vivo Barrel Pants in Denim - Navy,85
Vivo Basic Crepe Bishop Sleeve Top - Lilac,85
Vivo Dalia Sleeveless Gathered Dress In Cotton - Orange Multicolor Print,85
Safari Lounge Pants - Powder Blue,85
Vivo Samira Slip Skirt - Maroon,85
Vivo Hari Wide Leg Pants - Dark Purple,85
Vivo Ava Tent Flounce Maxi Dress - Dark Green,85
Vivo Keza Circular Loose Top in Satin - White / Rust Mani Print,85
Vivo Sleeveless Vest in Ponte - Rust,85
Vivo Aleri Wide Leg Pants - Taupe,85
Vivo Liora Multiway Top in Satin - Rust Textured Print,85
Vivo Lalani Rib Maxi Waterfall - Maroon,85
Vivo Anavi Short Sleeve Top - Black,85
Vivo Basic Kena Tent Maxi Dress - Chocolate,85
Vivo Basic May Sweater - Red,85
Vivo Rema 3/4 Sleeve Side Slit Tunic Top - Lilac,85
Vivo Yumi Maxi Shirt Dress - Dark Olive,85
Vivo Basic Round Neck Maxi Dress - Orange / Burgundy Ewale Print,84
Vivo Ava Tent Flounce Maxi Dress - Navy,84
Vivo Basic Leila Maxi Waterfall - Rust,84
Vivo Keza Circular Loose Top - Dark Tan / Lime Print,84
Vivo Zelda Panelled Dress In Crepe - Dark Pink,84
Vivo Dua Wide Leg Pants - Navy,84
Vivo Selah Mock Neck Top in Stretch Rib - Chocolate,84
Vivo Upe Wide Leg Pants in Ponte - Orange,84
Safari Tiwa Shirred Midi Dress - Rust,84
Vivo Basic May Sweater - Mustard,84
Vivo Nuru Side Panel Wide Leg Pants - Lime / Black Uru Print,84
Vivo Ari One Shoulder Maxi Dress - Chocolate Brown,84
Vivo Kani Cap Sleeve Maxi Dress - Pink / Navy Sari Print,84
Vivo Talia Sleeveless Tank Top - White,83
Safari Solana Wrap Dress - White,83
Vivo Zawadi Shift Dress - Navy,83
Vivo Sierra Cap Sleeve Tent Chiffon Dress - Rust / Burgundy Mohi Print,83
Vivo Ayana Wide High Low Top - White / Brown Print,83
Vivo Basic Chiffon Cap Sleeve Top (Double Layered) - Dark Red,83
Vivo Samira High Low Top - Black / White Polka Dot Print,83
Vivo Kemi Side Cowl Maxi Dress - Light Mustard / Orange Emi Print,83
Safari Nazari Bubble Midi Dress - Beige / Black Print,83
Vivo Ayah Bishop Sleeve Mock Neck Top - Chocolate,83
Vivo Seli Maxi Dress - Green,83
Vivo Yene Front Tie Top - Black,83
Vivo Laika Cap Sleeve Shift Dress In Crepe - Red,83
Vivo Serwa Tent Dress- Dark Green,83
Vivo Basic Sleeveless Kena Tent Dress In Ponte - Black,83
Vivo Safa Sweater - Dark Olive,83
Vivo Sakari Drop Shoulder Jumpsuit in Crepe - Lilac / Navy Print,83
Vivo Ayah Satin Pants - Lilac / Navy Tullu Print,83
Vivo Basic A-line Maxi Skirt - Dark Maroon,83
Vivo Sakari Cap Sleeve Maxi Dress - Red,83
Vivo Cowl Neck Knit Sweater - Plum,83
Vivo Tana Puff Sleeve Bodysuit - Chocolate Brown,83
Vivo Ayah Drawstring Pants - Lilac / Orange Zani Print,83
Vivo Selah Double Layered Coat - Rust,83
Vivo Iyana Wide Leg Pants - Maroon,83
Vivo Ari Sweater - Grey,83
Vivo Sakari Cap Sleeve Maxi Dress - Orange,82
Vivo Nuru Strappy Top - Dusty Pink / Navy Uri Print,82
Vivo Asha Sleeveless Maxi Dress - Green / Mustard Lalo Print,82
Vivo Samira Wide Kimono - Mustard / Brown Print,82
Vivo Sleeveless Vest in Ponte - White,82
Vivo Ari One Shoulder Maxi Dress - Black,82
Vivo Sierra Cap Sleeve Tent Chiffon Dress - Red Textured Print,82
Safari Dila Poncho - Teal / Taupe,82
Vivo Niari Pleated Dress in Crepe - Navy,82
Vivo Wide Leg Pants in Heavy Crepe - Black,82
Vivo Jersey Halter Neck Tank Top - Chocolate,82
Vivo Liora Maxi Kimono - White / Red Ziza Print,82
Vivo Asha Sleeveless Knee Length Dress In Crepe - Dark Purple,82
Vivo Niari Sleeveless Tent Dress in Crepe - Black,82
Vivo Sanali Wide Leg Pants - Orange Animal Print,82
Safari by Vivo Zehra Shirred Midi Dress - Mulberry,82
Vivo Wastani Shirred Sleeve Easy Fit Shirt - Rust / Brown Marra Print,81
Vivo Cotton High Low Top - Lilac,81
Vivo Dua Shirt In Satin - Orange,81
Vivo Basic Sleeveless Tent Dress - White / Black Print,81
Vivo Liora Multiway Top in Satin - Taupe Textured Print,81
Vivo Safa Straight Leg Pants - White,81
Vivo Lulu Drawstring Top In Cotton - Orange,81
Vivo Nuru Strappy Maxi Dress - Navy,81
Vivo Basic Bishop Sleeve Top In Chiffon (Double Layered) - Light Blue,81
Vivo Laika 3/4 Sleeve Tent Dress - Red,81
Vivo Niari Tent Dress - Pink / Navy Saki Print,81
Safari Solana Wrap Dress - Rust Brown,81
Vivo Nuru Sleeveless Maxi Kimono - Grey / Navy Uru Print,81
Safari Mansi Wide Hem Tent Dress - Orange,81
Vivo Basic Tolani Jersey Dress - Mulberry,81
Vivo Niari Sleeveless Top - Black,81
Vivo Dalia Cap Sleeve Gathered Dress in Crepe - Sea Green Textured Print,80
Vivo Nasinka A-Line Maxi Dress - Light Blue / Navy Print,80
Vivo Naya Bishop Sleeve Shift Dress - Chocolate,80
Vivo Nora 3/4 Sleeve Peplum Top - Purple,80
Vivo Pana Short Waterfall - Plum,80
Vivo Nasinka A-Line Maxi Dress - Orange / Black Tilla Print,80
Vivo Tatili Long Sleeve Bishop Top - Mint / Yellow Kari Print,80
Vivo Selah Double Layered Coat - Light Grey,80
Vivo Ava Tent Flounce Maxi Dress - Mustard Orange Sella Print,80
Vivo Reversible Poncho without Fringes - Black / Rust Ukwi Print,80
Vivo Kani 3/4 Sleeve Knee Length Dress - Dark Green,80
Vivo Cotton High Low Top - Black,80
Vivo Full Length Pants - Fs 2,80
Vivo Iyana Shirred Waist Jumpsuit - Black,80
Vivo Takali Frilled Midi Dress - Navy,80
Vivo Everyday Side Twist Bodycon in Jersey - Dark Mustard,80
Vivo Laika Cap Sleeve Shift Dress In Crepe - Light Brown,80
Vivo Tanda Pant and Top Set - Mulberry,80
Vivo Naya Bishop Sleeve Shift Dress - Mustard,80
Vivo Cotton 3/4 Sleeve Wrap Top - Navy Blue,80
Vivo Serwa Tent Dress - Black,80
Vivo Seli Maxi Dress - Sea Green / Navy Loura Print,80
Vivo Ayah Drawstring Pants - Taupe / Orange Zani Print,79
Vivo Bissa Reversible Maxi Dress - Black / Cream Print,79
Vivo Anavi Runched Tank Top - Black,79
Vivo Reversible Poncho without Fringes - Light Navy Blue / Fuschia Samba Print,79
Vivo Essi Wide Leg Pants In Satin - Navy,79
Vivo Short Basic Waterfall - White,79
Vivo Ayla Crepe Pants - Olive / Dark Green Dola Print,79
Vivo Wide Leg Pants in Heavy Crepe - Dark Pink,79
Vivo Lulu 3/4 Sleeve Maxi Kaftan - Off White / Green Print,79
Vivo Basic Bodycon Dress in Stretch Reeyon - Grey,79
Vivo Safa Drop Shoulder Top - Buttermilk,79
Vivo Diella Wide Leg Pants - Navy,79
Vivo Everyday Cap Sleeve Top - Lime,79
Vivo Basic Capri Leggings - Dark Teal,79
Vivo Studio Flared Pants In Ponte - Hunters,79
Vivo Seli Maxi Dress - Off White / Orange Amari Print,79
Vivo Keza Satin Border Maxi Kaftan - Maroon / Beige Print,78
Vivo Laika Bishop Sleeve Shift Dress in Crepe - Buttermilk / Lilac Loleni Print,78
Vivo Kemi Side Cowl Maxi Dress - White / Purple Emi Print,78
Vivo Kani Tent Top - White / Mint Dashen Print,78
Vivo Dua Shirt In Satin - Green,78
Vivo Talia Wide Leg Pants - White,78
Vivo Anavi Cascade Waterfall - Black,78
Vivo Hadiya Maxi Dress - Brown / Black Luwe Print,78
Vivo Mandla Tent Dress - Purple / Black Seka Print,78
Vivo Lalani Lounge Pants - Rust,78
Vivo Tatili Bishop Long Sleeve Top - Black,78
Vivo Keza Circular Loose Top - White / Purple Ziza Print,78
Vivo Anavi Short Sleeve Top - Dark Red,78
Vivo Kemi Maxi Skirt - Lime Green / Maroon Emi Print,78
Vivo Seli Maxi Dress - Buttermilk / Rust Loura Print,78
Vivo Chela Tank Top in Stretch Rib - Lilac,78
Vivo Zahari 3/4 Sleeve Off Shoulder Jumpsuit - Purple / Cream Rubi Print,78
Vivo Lena Front Slit Knee Length Dress - Red,78
Vivo Talia Maxi Slip Skirt in Satin - Dark Green,77
Vivo Imara Cap Sleeve Sheath Dress - Navy,77
Vivo Nora 3/4 Sleeve Peplum Top - Hunters,77
Vivo Hadiya Maxi Dress - Hot Pink / Black Luwe Print,77
Vivo Mandla Tent Dress - Dark Pink,77
Vivo Ava Front Pleat Knee Length Dress In Crepe - Dark Green,77
Vivo Wide Leg Pants in Heavy Crepe - Dark Green,77
Vivo Zahari 3/4 Sleeve Off Shoulder Jumpsuit - Red / Black Ziza Print,77
Vivo Kemi Side Cowl Maxi Dress - White / Lime Emi Print,77
Vivo Takali Asymmetrical Midi Length Kaftan - Hunters,77
Vivo Sleeveless Vest in Ponte - Dark Purple,77
Vivo Laika Bishop Sleeve Shift Dress - Dark Pink,77
Vivo Basic Chiffon Cap Sleeve Top (Double Layered) - Coral,77
Vivo Contrast Stitch Pants in Denim - Black,77
Vivo Tatili Bishop Long Sleeve Top In Satin - Champagne,77
Vivo Lulu 3/4 Sleeve Maxi Kaftan - Light Olive / White Print,77
Vivo Reba Gathered Dress - Navy / Rust Eba Print,77
Vivo Zahari 3/4 Sleeve Off Shoulder Jumpsuit - Mustard / Chocolate Ziza Print,77
Vivo Tatili Bishop Long Sleeve Top - Sky Blue,77
Vivo Merika Satin Wrap Top - Rose Pink / Fuschia Nito Print,77
Vivo Talia Slim Pants - Burgundy,77
Vivo Nuru Side Panel Wide Leg Pants - Dusty Pink / Navy Uru Print,77
Vivo Waridi Sleeveless Overcoat - Dark Teal,77
Vivo Nandi High Slit Kimono - Light Grey / Black Print,77
Vivo Zawadi Shift Dress - Dark Red,76
Vivo Basic Cap Sleeve Tent Knee Length Dress - Black / Gold Print,76
Vivo Diella Wide Leg Pants - Black,76
Vivo Sleeveless Vest in Ponte - Navy,76
Vivo Isabi Sleeveless Kimono - Light Brown / Maroon Pasi Print,76
Vivo Escape A Line Dress - Burgundy,76
Vivo Ava Tent Flounce Maxi Dress - Sage / Navy Sella Print,76
Vivo Bana Batwing Top - Lime,76
Vivo Tanda Cap Sleeve Sheath Dress in Ponte - Fuschia,76
Vivo Lani Maxi Dress - Taupe / Mustard Print,76
Vivo Maisha Kimono & Pant Set - Grey / Black Print,76
Vivo Ayah Bishop Sleeve Mock Neck Top - Lilac / Orange Zani Print,76
Vivo Basic Nalia High Low Jersey Top - Mustard,76
Vivo Basic Knee Length Dress In Chiffon - Orange,76
Vivo  Tanda A-Line Maxi Dress - Grey,76
Vivo Lulu Cotton Tent Mini Dress - Burgundy,76
Vivo Rema 3/4 Sleeve Side Slit Tunic Top - Dark Olive,76
Vivo Yumi Off Shoulder Jumpsuit - Light Blue / Navy Nisa Print,76
Vivo Chela Pants in Jersey - Dark Red,76
Vivo Iyana Shirred Waist Jumpsuit - Off White / Maroon Azari Print,76
Vivo Niari Sleeveless Tent Dress in Crepe - Dark Purple,75
Vivo Liora Satin Drawstring Kimono Sleeve Top - Burgundy Textured Print,75
Vivo Mandla Tent Dress - Rust / Black Seka Print,75
Vivo Chela Pants in Jersey - Navy,75
Vivo Ria Mock Neck Top - Taupe,75
Vivo Cotton High Low Top - Mustard,75
Vivo Kemi Side Cowl Maxi Dress - Pink / Purple Emi Print,75
Vivo Mandla Tent Dress - White / Purple Seka Print,75
Vivo Chidii Tunic Dress With Frills - Tan / Brown Print,75
Vivo Basic Sleeveless Jersey Waterfall - Rust,75
Vivo Lulu 3/4 Sleeve Maxi Kaftan - Fuschia / Black Print,75
Vivo Basic Cap Sleeve Knee Length Dress - Navy White Print,75
Vivo Basic Cap Sleeve Maxi Tent Dress - White / Red Print,75
Safari Lounge Pants - Army Green,75
Vivo Nasinka A-Line Maxi Dress - Rust / Beige Print,75
Vivo Ari Sweater - Dark Green,75
Vivo Knee length Dress - FS 2,75
Vivo Kemi Side Cowl Maxi Dress - Dark Orange / Green Emi Print,75
Vivo Nora 3/4 Sleeve Peplum Top - Taupe,75
Vivo Samira Cape Dress - Black,75
Vivo Basic Satin Bishop Sleeve Top - Tan / Black Nita Print,75
Vivo Zahari 3/4 Sleeve Off Shoulder Jumpsuit - Green / Mustard Rubi Print,74
Vivo Maisha Kimono & Pant Set - Black / White Print,74
Vivo Seli Maxi Dress - Mustard / Black Loura Print,74
Vivo Ari One Shoulder Maxi Dress - Dark Green,74
Vivo Samira High Low Top - Black / Yellow Polka Dot Print,74
Vivo Amai Maxi Kaftan - Brown / Mulberry  Print,74
Vivo Satin High Low Top - Multi-Green Print,74
Vivo Nuru Side Panel Wide Leg Pants - Taupe / Chocolate Uru Print,74
Vivo Reversible Poncho without Fringes - Raspberry / Light Grey Samba Print,74
Vivo Fitted Tops - Fs 2,74
Vivo Kemi Side Cowl Maxi Dress - Dark Green,74
Vivo Maisha Top & Pant Set - Light Taupe / Mustard Print,74
Vivo Alani High Low Dress - White Checkered Print,74
Vivo Wrap Poncho in Sweater - Light Grey,74
Vivo Loose Tops - Fs 5,74
Vivo Nuru Strappy Maxi Dress - Lilac / White Uru Print,74
Vivo Scoop Neck Bodycon in Jersey - Dark Red,74
Vivo Maxi Dress in Stretch Rib - Beige,74
Vivo Zola V Neck Cap Sleeve Maxi Dress - Lilac / Navy Emin Print,74
Vivo Bana Batwing Top in Jersey - Mulberry,74
Vivo Studio Bodysuit In Jersey - Dark Red,74
Vivo Alek Shirred Off- Shoulder Jumpsuit - Purple,74
Vivo Alek High Slit Kimono - Light Blue / Turquoise Print,74
Vivo Nora 3/4 Sleeve Peplum Top - Red,73
Vivo Yumi Maxi Shirt Dress - Dark Red,73
Vivo Liora Front Drawstring Kaftan Dress in Satin - Taupe Textured Print,73
Vivo Basic May Sweater - Light Grey,73
Vivo Lalani Lounge Pants - Black,73
Vivo Isabi Cowl Top - Yellow / Chocolate Tiki Print,73
Vivo Liora Maxi Kimono - Light Grey,73
Vivo Tanda Pant and Top Set - White,73
Vivo Basic Extra Long Lily Waterfall - Burgundy,73
Vivo Zawadi Shift Dress - Cream / Hunters Print,73
Vivo Essi Front Slit Maxi Top In Satin - White,73
Vivo Chidii Tunic Dress With Frills - Red Textured Print,72
Vivo Liora Maxi Kimono - Olive / Green Ziza Print,72
Vivo Yene Wide Leg Pants - Black,72
Vivo Nasinka A-Line Maxi Dress - Taupe / Chocolate,72
Vivo Sanali Wide Leg Pants - Rust Animal Print,72
Vivo Basic Long Sleeved Bishop Top - Black / White Ifi Print,72
Vivo Basic Imelda Cowl Sweater - Red,72
Vivo Dalia Sleeveless Gathered Dress In Cotton - Rust / Brown Print,72
Vivo Tana Puff Sleeve Bodysuit - Black,72
Vivo Bana Batwing Top - Taupe,72
Vivo Joy Sweater - Grey,72
Vivo Selah Double Layered Coat - Dark Green,72
Vivo Basic Cap Sleeve Knee Length Dress - White / Turquoise Print,72
Vivo Wide Top in Satin - White / Light Blue  Rozi Print,72
Vivo Wide Top in Satin - White / Red Rozi Print,72
Vivo Kaisa Short Sleeve Maxi Bodycon - Black,72
Vivo Seli Wide Leg Pants - Magenta / Navy Raha Print,72
Vivo Isabi Cowl Top - Lime / Chocolate Tiki Print,72
Vivo Iyana Wide Leg Pants - Navy,72
Vivo Selah Double Layered Coat - Mustard,72
Vivo Wastani Drawstring Pants - Rust / Brown Marra Print,72
Vivo Cuffed Wrap Poncho - Fuchsia,72
Safari Tawi Off-Shoulder Dress - Black,71
Vivo Chela Basic Cap Sleeve Top - Sage,71
Vivo Sweatshirt in Scuba - Dark Green,71
Vivo Tie Kimono in Sweater - Mustard,71
Vivo Jira Maxi Skirt - Navy Blue,71
Vivo Takali Tunic Top In Satin - Olive / Black Arisi Print,71
Vivo Maisha 3/4 Sleeve Maxi Dress - Sea Green / Dark Rust Iza Print,71
Vivo Straight Pants in Scuba - Dark Green,71
Vivo Liora Multiway Top in Satin - Brown Textured Print,71
Vivo Niari Sleeveless Top - Brown,71
Vivo Samira Pants - Mustard / Brown Print,71
Vivo Basic Crepe Pants - Light Blue / Turquoise Print,71
Vivo Liora Asymmetrical Satin Kaftan Top - Baby Blue Textured Print,71
Vivo Dua 3/4 Sleeved V Neck Shirt - Olive / Black Arisi Print,71
Vivo Multiway Short Kimono in Satin - Hunters Textured Print,71
Vivo Safa Straight Leg Pants - Buttermilk,71
Vivo Basic 3/4 Sleeved Double Layered Bodysuit - Black,71
Vivo Full Length Pants - Fs 3,71
Vivo Nasinka A-Line Maxi Dress - Red / Black Tilla Print,71
Vivo Straight Pants in Scuba - Brown,71
Vivo Basic Cap Sleeve Maxi Tent Dress - Blue / Pink Print,71
Vivo Dua 3/4 Sleeved V Neck Shirt - Orange / Chocolate Yani Print,71
Vivo Liora Kaftan Top - Red / Black Ziza Print,71
Vivo Loose Tops - Fs 4,70
Vivo Basic Sleeveless Tent Kimono - Baby Blue,70
Vivo Nandi High Slit Kimono - White / Lilac Sinka Print,70
Vivo Basic Knee Length Dress In Chiffon - Light Green / Cream Print,70
Vivo Lalani Lounge Pants - Dark Green,70
Vivo Basic Short Sleeve Top - Light Olive,70
Vivo Liora Wide Leg Pants - Coral / Navy Ziza Print,70
Vivo Yene Front Tie Top - Light Olive,70
Vivo Hari Wide Leg Pants - Maroon,70
Vivo Nora 3/4 Sleeve Peplum Top - Navy,70
Vivo Pencil Skirt in Ponte - Navy,70
Vivo Wide Leg Pants in Textured Satin - Rose Pink / Black Print,70
Vivo Essi Front Slit Maxi Top - Rust,70
Vivo Rema Straight Leg Pants - Lilac,70
Vivo Studio Lounge Pants in Rib - Black,70
Safari Long Sleeve Waterfall - Army Green,70
Vivo Amai Maxi Kaftan In Textured Satin - Navy,70
Vivo Asha Sleeveless Knee Length Dress - Black,70
Vivo Basic Knee Length Dress In Chiffon - Brown / Cream Print,70
Vivo Tana Off Shoulder Maxi Dress - White / Green Dana Print,70
Vivo Basic Val Long Sleeve Top - Off White,70
Vivo Niari Tent Dress - Lilac,70
Vivo Zola V Neck Cap Sleeve Maxi Dress - Black,69
Vivo Wide Leg Pants in Heavy Crepe - Mustard,69
Vivo Studio Drawstring Pants in Velvet - Navy,69
Vivo Basic Val Cap Sleeve Top - Navy Blue,69
Vivo Tana Puff Sleeve Bodysuit In Jersey - Red,69
Vivo Basic Chiffon Cap Sleeve Top (Double Layered) - Burgundy,69
Vivo Tatili Wide Leg Pants - Dark Green,69
Vivo Talia Maxi Slip Skirt in Satin - Navy,69
Vivo Basic 3/4 Sleeved Double Layered Bodysuit - Orange,69
Vivo Lani Maxi Dress - Lilac / Pink Print,69
Vivo Wide Leg Pants in Textured Satin - Beige / Black Print,69
Vivo Dua 3/4 Sleeved V Neck Shirt - Maroon,69
Vivo Ayah Bishop Sleeve Mock Neck Top - Taupe / Orange Zani Print,69
Vivo Pendo Cap Sleeve Tent Knee Length Dress - Burgundy / Brown Akila Print,68
Vivo Iyana Maxi Cover Up - Navy / Fuschia,68
Vivo Basic Sienna waterfall - Orange,68
Vivo Sierra Long Sleeve Top (Double Layered) - White,68
Vivo Basic Round Neck Maxi Dress - White / Green Ika Print,68
Vivo Basic Cap Sleeved Bodysuit - Burgundy,68
Vivo Samira Wide Satin Kimono - White / Black Print,68
Vivo Basic Leila Short Waterfall - Taupe,68
Vivo Yumi Off Shoulder Jumpsuit - Mulberry,68
Vivo Dua Shirt In Satin - Buttermilk,68
Vivo Ria Panelled Pants - Teal,68
Vivo Takali Jumpsuit - Black,68
Vivo Lena Front Slit Knee Length Dress - Sea Green,68
Safari by Vivo Zehra Shirred Midi Dress - Chocolate,68
Vivo Keza V Neck Light Maxi Kaftan - Teal / Blue Print,68
Vivo Yumi Maxi Shirt Dress - Orange,68
Vivo Wide Top in Satin - Mustard / Dark Green  Rozi Print,68
Vivo Pencil Skirt in Ponte - Burgundy,68
Vivo Cuffed Wrap Poncho - Maroon,68
Vivo Basic Cap Sleeve Maxi Tent Dress - Dark Green / Black Print,68
Vivo Kani Bishop Sleeve Top - Dark Mustard / Black Dashen Print,68
Vivo Safiya Wide Top - Tan,68
Vivo Basic Val Long Sleeve Top - Dark Olive,68
Vivo Iyana Shirred waist Maxi Dress - Light Olive,68
Vivo Serwa Tent Dress - Dark Teal,68
Vivo Basic Cap Sleeve Chiffon Maxi Dress - Orange / Black Nitai Print,68
Vivo Basic Long Sleeve Tent Shirt Dress - Dark Green,68
Vivo Everyday Long Sleeve Top In Jersey - Powder Blue,68
Vivo Basic Cap Sleeve Tent Knee Length Dress - White,68
Vivo Lulu Cotton Barrel Pants - Rust,68
Vivo Everyday Cap Sleeve Top - Navy Blue,68
Zoya Basic Halter Tie Top - Black,68
Vivo Basic Bishop Sleeve Top In Chiffon (Double Layered) - Hunters,67
Vivo Contrast Stitch Pants in Denim - Dark Blue,67
Vivo Serwa Tent Dress- Dusty Green,67
Vivo Talia Front Slit Maxi Top - White / Light Yellow Alia Print,67
Vivo Wastani Drawstring Pants - Hunters,67
Vivo Basic Cap Sleeve Chiffon Maxi Dress - Chocolate,67
Vivo Isabi Sleeveless Kimono - Lilac / Purple Pasi Print,67
Safari by Vivo Naledi Tiered Dress in Cotton - Powder Blue / Black Print,67
Vivo Knee length Dress - Fs 6,67
Vivo V-Neck Dress in Stretch Rib - Lilac,67
Vivo Nora Round Neck Sleeveless Top - Black,67
Vivo Ajani V-Neck Top - Cream,67
Vivo Selah Maxi Dress - Maroon,67
Vivo Nandi High Slit Kimono - Navy / Grey Print,67
Vivo Alani High Low Dress - Black Textured Print,67
Vivo Wastani Drawstring Pants - Dusty Green,67
Vivo Alma Drawstring Top - Dark Grey,67
Vivo X This Is Essential Short Unitard - Black,67
Vivo Lulu 3/4 Sleeve Maxi Kaftan - Yellow / Blue Print,67
Vivo Basic Sienna Waterfall - Rust,67
Vivo Arafa Long Sleeve Tie Dress - Taupe / Orange Rafa Print,66
Vivo Liora Wide Leg Pants - Navy,66
Vivo Nala 3/4 Sleeve Tent Dress - Cream / Blue Print,66
Vivo Alma Short Sleeve Mini Bodycon - Black,66
Zoya Banda Crop Hoodie - Burgundy,66
Vivo Laika Bishop Sleeve Shift Dress in Crepe - Buttermilk / Olive Loleni Print,66
Vivo Niari Sleeveless Top - Light Mustard,66
Vivo Iyana Bubble Sleeveless Top - Navy,66
Vivo Studio Drawstring Pants in Velvet - Black,66
Vivo Keza Circular Loose Top - Grey / Mustard Ziza Print,66
Vivo Wide Leg Pants in Textured Satin - Dusty Green / Black Print,66
Vivo Ria Mock Neck Top - Black,66
Vivo Asha Sleeveless Knee Length Dress - Dark Green,66
Vivo Basic Cap Sleeve Maxi Tent Dress - Dark Green,66
Vivo Liora Kaftan Top - Cream / Coral Ziza Print,66
Vivo Samira High Low Top - Black / Cream Sira Print,66
Vivo Basic Leila Maxi Waterfall - Dark Red,66
Vivo Basic Sleeveless Kena Tent Maxi Dress in Ponte - Mustard,66
Vivo Basic Sleeveless Kena Tent Dress In Ponte - Navy Blue,65
Vivo Iyana Cape Top - Lilac,65
Vivo Off Shoulder Jumpsuit in Crepe - Mint / Black Polka,65
Vivo Lulu Drawstring Top In Cotton - Navy,65
Vivo Dalia Sleeveless Tie Midi Dress in Print Cotton - Mint Multicolor Print,65
Vivo Wide Top in Satin - Light Grey / Rust Rozi Print,65
Vivo Sawari Crossed Cuff Batwing Top - Mint,65
Vivo  Tanda A-Line Maxi Dress - Offwhite,65
Vivo Rema Straight Leg Pants - Dark Olive,65
Vivo Cotton 3/4 Sleeve Wrap Top - Sea Green,65
Vivo Nasinka A-Line Knee Length Dress in Crepe - Lilac,65
Vivo Ayah Bishop Sleeve Mock Neck Top - Green / Peach Zani Print,65
Vivo Basic Chiffon Cap Sleeve Top (Double Layered) - Red,65
Vivo Waridi Sleeveless Overcoat - Navy Blue,65
Vivo Nuru Side Panel Wide Leg Pants - Grey / Navy Uru Print,65
Vivo Jersey Spaghetti Tank Top - Dark Red,65
Vivo Basic Nalia High Low Jersey Top - Navy Blue,65
Vivo Niari Tent Dress - Grey,65
Vivo Laika 3/4 Sleeve Tent Dress - Black,65
Safari Nazari Bubble Midi Dress - Black / Beige Print,65
Vivo Liora Kaftan Border Maxi Dress - Olive,65
Vivo Kelemi 4.0 Sleeveless Top - Navy,64
Vivo Drop Shoulder Shirt in Organza - Brown,64
Vivo Alani Plaid Midi Dress - Black / Tan Plaid,64
Vivo Iyana Bubble Sleeveless Top - Fuschia / Green Iya Print,64
Vivo Hari Flared Sleeve Tunic - Red,64
Vivo Ria Drop Shoulder Top - Teal,64
Vivo Seli Maxi Dress - Light Green / Pink Yani Print,64
Vivo Leila Cap Sleeve Tent Maxi Dress - Sea Green,64
Vivo Jersey Drop Shoulder Top - Dark Purple,64
Vivo Safa Drop Shoulder Top - Grey,64
Vivo Ria A-Line Dress - Chocolate,64
Vivo Studio Sweatshirt in Velvet - Black,64
Vivo Liora Sleeveless Drawstring Top - Coral / Navy Ziza Print,64
Vivo Studio Panelled Mini Dress in Ponte - Black,64
Vivo Seli Bishop Sleeve Knee Length Dress - Black,64
Vivo Seli Maxi Dress - Green / Cream Print,64
Vivo Scoop Neck Bodycon in Jersey - Black,64
Vivo Wastani Drawstring Pants - Light Blue / Teal Marra Print,64
Vivo Essi Wide Leg Pants In Satin - Fuschia,64
Vivo Hanabi Satin High Low Top - Fuschia / Navy Kari Print,64
Vivo Jersey Drop Shoulder Top - Olive,64
Vivo Maisha 3/4 Sleeve Maxi Dress - Grey Mural Print,64
Vivo Ria A-Line Dress - Red,64
Vivo Iyana Shirred waist Maxi Dress - Maroon,63
Vivo Nora Front Slit Knee Length Skirt - Hunters,63
Vivo Sanali Wide Leg Pants - Dark Mustard Animal Print,63
Vivo Cap Sleeve Salma Maxi Dress - Dark Green,63
Vivo Liora Front Drawstring Kaftan Dress in Satin - Brown Textured Print,63
Vivo Liora Kaftan Border Maxi Dress - Cream / Coral Ziza Print,63
Vivo Basic Sleeveless Bodysuit - Light Grey,63
Vivo Merika Satin Wrap Top - Navy,63
Vivo Zena Shirred Waist Shirt Dress - Beige / Mustard Print,63
Vivo Rayon Jersey Slip Dress - Chocolate,63
Vivo Cuffed Wrap Poncho - Rust,63
Vivo Sakari Cap Sleeve Maxi Dress - Rust / Black Reni Print,63
Vivo Wide Leg Pants in Heavy Crepe - Off White,63
Vivo Safa Sweater - Chocolate,63
Vivo Jersey Spaghetti Tank Top - Olive,63
Vivo Amai Maxi Kaftan In Textured Satin - Beige / Black Print,63
Vivo Tanda V-Neck Top in Stretch Rib - Dark Green,63
Vivo Nasinka A-Line Maxi Dress - Light Blue / Orange Tilla Print,63
Safari Mansi Wide Hem Tent Dress - Navy,63
Safari by Vivo Mansi Wide Hem Embroidered Tent Dress - Hunters,63
Vivo Hadiya Wrap Dress - Dark Green,63
Vivo Dalia Cap Sleeve Gathered Tent Dress - Rose Pink,63
Vivo Hadiya 3/4 Sleeve Maxi Dress in Chiffon - Rust,63
Vivo Isabi Loose Top - Fuschia,63
Vivo Basic V-Neck Long Sleeve Top - Navy Blue,62
Vivo Liora Sleeveless Drawstring Top In Satin - Olive / Purple Print,62
Vivo Safa Skirt - Fuschia,62
Safari Dila  Poncho - Teal / Black,62
Vivo Nasinka A-Line Knee Length Dress in Crepe - Dusty Green,62
Vivo Anavi Short Sleeve Top - Dark Mustard,62
Vivo Isabi Loose Top - Dark Chocolate,62
Safari by Vivo Zehra Sleeveless Boxy Top - Navy,62
Vivo Asha Sleeveless Knee Length Dress In Crepe - Red,62
Vivo Talia Wide Leg Pants - Rose Pink,62
Vivo Chela Pants in Jersey - Fuschia,62
Vivo Sawari Crossed Cuff Batwing Top in Satin - Light Olive,62
Vivo Pesi Basic Long Sleeve Shirt - Lime Stripes,62
Vivo Turtleneck Knit Fringe Poncho - Burgundy,62
Vivo Mandla Tent Dress - Orange,62
Vivo Zena Shirred Waist Maxi Shirt Dress - Lime / Brown Ebu Print,62
Vivo Yumi Cap Sleeve Dress - Purple,62
Vivo Reba Drop Shoulder Shirt Dress - Hot Pink / Black Deka Print,62
Vivo Basic Tolani Jersey Dress - Olive,62
Safari Nazari Off Shoulder Dress - Beige / Black Polka Print,62
Safari by Vivo Zehra Barrel Pants - Navy,62
Vivo Pana Short Waterfall - Black,62
Vivo Cotton 3/4 Sleeve Wrap Top - Mulberry,62
Safari by Vivo Zehra Tie Waist Kimono Dress - Black / Cream Print,62
Vivo Nora Front Slit Knee Length Skirt - Taupe,62
Safari Tawi Off-Shoulder Top - Lime,62
Vivo V-Neck With Side Draw String Knee Length Dress - SAMPLE1,62
Vivo Off Shoulder Jumpsuit in Crepe - Peach / Burgundy Polka,62
Vivo Seli Maxi Dress - Dark Green / Lime Yani Print,61
Vivo Basic Double Layered Long Sleeved Bodysuit - Mustard,61
Vivo Tanda V-Neck Top in Stretch Rib - Olive,61
Safari Solana Sleeveless Tiered Maxi Dress - Light Olive / Hunters,61
Vivo Basic Cap Sleeve Top In Crepe - Light Grey,61
Safari by Vivo Cotton Wrap Dress - Yellow / Pink Print,61
Vivo Liora Asymmetrical Satin Kaftan Top - Burgundy Textured Print,61
Vivo Liora Drawstring Midi Dress - Purple / Dark Purple Ziza Print,61
Vivo MSD 6,61
Vivo Basic Bodycon Dress - Light Grey,61
Vivo Lani Maxi Dress In Satin - Black / White Yali Print,61
Vivo Samira Pants - Green / Dark Green Print,61
Safari Solana Wrap Dress - Dark Turquoise,61
Vivo Yumi Off Shoulder Jumpsuit In Crepe - Rust / Black Print,61
Vivo Hanabi Satin High Low Top - Light Pink / Olive Print,61
Vivo Keza V Neck Light Maxi Kaftan - Brown / Taupe Print,61
Vivo Chela Sleeveless Waterfall in Jersey - Navy,61
Vivo Iyana Shirred Waist Jumpsuit - Navy,61
Vivo Liora Sleeveless Drawstring Top In Satin - Dark Mustard / Black Print,61
Safari Nazari Three Tiered Maxi Dress - Mustard / Brown Polka Dot Print,61
Vivo Maxi Dress - Rfs 3,61
Vivo Jersey Halter Neck Tank Top - Teal,61
Safari Naledi Wrap Top - Mustard,61
Vivo Yumi Off Shoulder Jumpsuit In Crepe - Maroon / Black,61
Sample & Sale Items - Sample 1,61
Vivo Iyana Bow Tie Mini Dress - Yellow / Lilac Iya Print,61
Vivo Lulu Cotton Barrel Pants - Black,60
Vivo Ari Sleeveless Straight Maxi Slit Dress - Chocolate Brown,60
Vivo Essi Front Slit Maxi Top - White / Black Print,60
Vivo Maisha Drop Shoulder Maxi Dress - Olive / Dark Red Pasi Print,60
Vivo Ria Drawstring Pants - Brown,60
Vivo Tanda Pant and Top Set - Rust,60
Vivo Liora Front Drawstring Kaftan Dress in Satin - Olive Textured Print,60
Vivo Takali Tunic Top - Buttermilk / Red Arisi Print,60
Vivo Keza Satin Border Maxi Kaftan - Olive / Brown Abstract Print,60
Vivo Chela Pants in Jersey - Olive,60
Vivo Basic Tsavo Scalloped Chiffon Top - Black / White Rosa Print,60
Vivo Iyana Knee Length Bubble Dress in Satin - Lilac / Black Riwa Print,60
Vivo Wastani Shirred Sleeve Easy Fit Shirt - Lime / Hunters Marra Print,60
Zoya Full Length Leggings - Navy Blue,60
Vivo Basic Val Long Sleeve Top - Sea Green,60
Safari Naledi Flounce Tent Dress - White / Black Nale Print,60
Vivo Cotton 3/4 Sleeve Wrap Top - Red,60
Vivo Jacket - Fs 7,60
Vivo Basic Sienna Waterfall - Dark Tan,60
Vivo Lalani Rib Maxi Waterfall - Rust,60
Vivo Dua Shirt In Satin - Magenta,60
Vivo Laika Bishop Sleeve Shift Dress In Crepe - Red / Black Aria Print,60
Vivo Godet Maxi Dress in Satin - Red / Black Arah Print,60
Vivo Chidii Tunic Dress With Frills - Brown Textured Print,60
Vivo Talia Slim Pants - Navy,60
Vivo Sweatshirt in Scuba - Brown,60
Vivo Yene Layered Midi Dress - Black,60
Vivo Zelda Panelled Dress In Crepe - Red,60
Safari by Vivo Naledi Tiered Dress in Cotton - Off White / Hunters Print,59
Vivo Tana Off Shoulder Maxi Dress - White / Purple Dana Print,59
Vivo Wastani Shirred Sleeve Easy Fit Shirt - Light Blue / Teal Marra Print,59
Safari by Vivo Zehra Sleeveless Boxy Top - Olive / White Print,59
Vivo Eveyday Short Waterfall - Dark Taupe,59
Vivo Samira High Low Top - Black / Green Siari Print,59
Vivo Godet Maxi Dress in Satin - Purple / Black Arah Print,59
Vivo Basic 3/4 Sleeved Double Layered Bodysuit - Pink,59
Vivo Maisha 3/4 Sleeve Maxi Dress - Dark Purple,59
Vivo Sakari Circular Loose Top in Chiffon - Brown / Pink Textured Print,59
Vivo Selah Double Layered Coat - Black,59
Vivo Safa Straight Leg Pants - Grey,59
Vivo Basic 3/4 Sleeved Double Layered Bodysuit - Sea Green,59
Safari by Vivo Cotton Wrap Dress - Olive / Peach Print,59
Safari Tafari High Slit Kimono - Black / Kala Print,59
Vivo Yumi Off Shoulder Jumpsuit In Crepe - Black,59
Vivo Talia Front Slit Maxi Top - White / Lilac Alia Print,59
Vivo Maxi Kaftan in Satin - Mustard / Dark Green Rozi Print,59
Vivo Pendo Cap Sleeve Tent Knee Length Dress - Blue / Green Akila Print,59
Vivo Samira High Low Top - Black / Red Polka Dot Print,59
Vivo Ria Pants & Waterfall Set - Fuschia,59
Vivo Wastani Drawstring Pants - Lime / Hunters Marra Print,58
Vivo Basic Short Sleeve Top - Mustard,58
Vivo Iyana Cape Top - Mustard / Navy Iya Print,58
Vivo Basic Cap Sleeve Knee Length Dress - Olive,58
Vivo Basic Sleeveless Tent Dress - Olive / White Print,58
Vivo Serwa Tent Dress - White / Black Print,58
Vivo Ava Front Pleat Knee Length Dress In Crepe - Orange,58
Vivo Situ Off-Shoulder Tie Maxi Dress - Navy,58
Vivo Selah Palazzo Pants in Stretch Rib - Lilac,58
Vivo Reversible Poncho without Fringes - Black / Teal Samba Print,58
Vivo Samira Pants - Cream / Black Print,58
Vivo Maisha Drop Shoulder Maxi Dress - Pink / Black Pasi Print,58
Vivo Maisha Top & Pant Set - Peach / Pink Print,58
Vivo Fitted Tops - Fs 4,58
Vivo Sierra Long Sleeve Top (Double Layered) - Navy,58
Vivo Kelemi 4.0 Sleeveless Top - Lilac / Olive Nashe Print,58
Vivo Off Shoulder Dress in Print Cotton - Mustard Multicolor Print,58
Vivo Basic Knee Length Dress In Chiffon - Green / Cream Print,58
Vivo Takali Frilled Midi Dress - Rust / Black Ela Print,58
Safari Naledi 3/4 Sleeve Tent Dress - Yellow Puff Stripes,58
Safari 3/4 Sleeve Maxi Kimono With Headwrap - Off White / Navy Print,58
Vivo Seli Maxi Dress - Lilac / Purple Loura Print,58
Vivo Maisha 3/4 Sleeve Maxi Dress - Purple / Navy Iza Print,58
Vivo Dalia Cap Sleeve Gathered Dress in Crepe - Black / Beige Textured Print,58
Safari Mara Shirred Bishop Sleeve Dress - Coral,58
Vivo Liora Sleeveless Drawstring Top In Satin - Dark Olive / Black Print,58
Vivo Lulu 3/4 Sleeve Maxi Kaftan - Green / White Print,58
Vivo  X This Is Essential Short Unitard - Navy Blue,58
Vivo Nuru Strappy Top - Taupe / Chocolate Uri Print,58
Safari 3/4 Sleeve Maxi Kimono With Headwrap - Mustard / Cream Print,57
Vivo Nora Front Pleat Knee Length Dress - Chocolate,57
Vivo Yumi Maxi Shirt Dress - Light Green,57
Vivo Sakari Cap Sleeve Maxi Dress - Mustard / Rust Reni Print,57
Vivo Sawari Crossed Cuff Batwing Top - White / Olive Ruvu Print,57
Safari Njano Joggers - Navy Blue / Tana Print,57
Vivo Iyana Shirred Waist Jumpsuit - Pastel Purple / Navy Iya Print,57
Vivo Maisha 3/4 Sleeve Maxi Dress - Olive Green / Chocolate Iza Print,57
Vivo Liora Side Drawstring Kaftan Dress - Cream / Brown Print,57
Safari Njano Cowl Top - Green,57
Vivo Scoop Neck Bodycon in Jersey - Teal,57
Vivo Asha Sleeveless Maxi Dress - Dark Navy / Grey Lalo Print,57
Vivo Liora Asymmetrical Satin Kaftan Top - Taupe Textured Print,57
Vivo Basic Sleeveless Jersey Waterfall - White,57
Vivo Zena Shirred Waist Maxi Shirt Dress in Crepe - White / Maroon Dana Print,57
Safari Zene Off Shoulder Top - Rust,57
Vivo Iyana Shirred waist Maxi Dress - Beige,57
Vivo Basic Sleeveless Tent Kimono - Pink,57
Vivo Sawari Crossed Cuff Batwing Top in Satin - Mustard,57
Vivo Scoop Neck Bodycon in Jersey - Rust,57
Vivo Seli Wide Leg Pants - Dark Green,57
Safari by Vivo Cotton Wrap Dress - Orange / Green Print,57
Vivo Pendo Cap Sleeve Tent Knee Length Dress - Mustard / Brown Akila Print,57
Vivo Liora Shorts - Black,57
Vivo Liora Maxi Kimono - Teal,56
Vivo Essentials Tank Top - Mulberry,56
Vivo Takali Jumpsuit - Dark Green,56
Vivo Lena Waistcoat - Black / White Stripes,56
Vivo Lalani Rib Maxi Waterfall - Dark Green,56
Vivo Basic Chiffon Cap Sleeve Top (Double Layered) - Dark Chocolate,56
Vivo Samira Wide Kimono - Green / Dark Green Print,56
Vivo Basic Escape A-line Dress - Navy,56
Vivo Iyana Knee Length Bubble Dress in Satin - White,56
Vivo Basic Cap Sleeve Top In Crepe - Dark Mustard,56
Vivo Sienna Waterfall - Orange,56
Vivo Basic Sleeveless Bodysuit - Off-White,56
Vivo Liora Wide Leg Pants - Hunters,56
Vivo Ajani V-Neck Top - Peach / Tan Print,56
Safari Bush 3/4 Sleeve Top - Hunters,56
Vivo Nandi High Slit Kimono - White / Light Blue Sinka Print,56
Vivo liora Satin Midi Dress - Red,56
Vivo Basic Sleeveless Jersey Waterfall - Brown,56
Vivo Nasinka A-Line Maxi Dress - Peach / Dark Green Tilla Print,56
Vivo Lulu Cotton Tent Mini Dress - Lilac,56
Vivo Basic Sleeveless Tent Dress in Crepe - White / Olive Print,56
Vivo Lena Slim Fit Pants - Black / White Stripes,56
Safari by Vivo Naledi Tiered Dress in Cotton - Beige / Black Print,56
Safari Solana Sleeveless Tiered Maxi Dress - White / Black,56
Vivo Amai Maxi Kaftan - White / Dark Green Print,56
Vivo Seli Maxi Dress - Maroon / Olive Print,56
Vivo Zena Shirred Waist Maxi Shirt Dress - Yellow / Orange Ebu Print,56
Vivo Maisha Drop Shoulder Maxi Dress - Chocolate / Rust Pasi Print,56
Vivo Basic Leila Maxi Waterfall - White,56
Vivo Basic Double Layered Long Sleeved Bodysuit - Dark Teal,56
Vivo Liora Sleeveless Drawstring Top In Satin - Grey / Black Print,56
Vivo Tolani Dress - Dark Red,56
Vivo Serwa Flounce Dress - Sky Blue,56
Vivo Zola V Neck Maxi Dress in Crepe - White / Lilac Kai Print,56
Vivo Kani Tent Shirt Dress - Rust / Cream Print,55
Safari by Vivo Zehra Sleeveless Boxy Top - Black,55
Vivo Sawari Crossed Cuff Batwing Top - Dark Tan,55
Vivo Basic Open Kaftan - Light Green / Rust Print,55
Vivo Maisha Drop Shoulder Maxi Dress In Rayon - Sea Green / Navy Print,55
Vivo Sakari Cap Sleeve Maxi Dress - Mustard / Orange Amari Print,55
Vivo Basic Round Neck Maxi Dress - Black,55
Vivo Safa Sweater - Brown,55
Vivo Liora Drawstring Pants In Satin - Olive / Purple Print,55
Vivo Chidii Maxi Kaftan - Beige / Black Print,55
Shiv & Shikie X Safari Cargo Pants - Black,55
Vivo Jersey Halter Neck Tank Top - Orange,55
Vivo Yene Layered Midi Dress - White,55
Vivo Jersey Halter Neck Tank Top - Green,55
Vivo Safa Straight Leg Pants - Dark Olive,55
Vivo Aleri A-Line Pleated Dress - Chocolate,55
Vivo Basic 3/4 Sleeve A-Line Maxi Dress - Teal,55
Vivo Takali Tunic Top In Satin - Mustard / Red Arisi Print,55
Safari Tafari High Slit Kimono - Hunters / Lawi Print,55
Vivo Jersey Drop Shoulder Top - Dark Green,55
Vivo Pendo Cap Sleeve Tent Knee Length Dress - Black,55
Vivo Samira Cape Dress - White / Black Print,55
Safari by Vivo Zehra Shirred Midi Dress - Red,55
Vivo Asha Sleeveless Maxi Dress - Eggplant / Pink Lalo Print,55
Vivo Asha Sleeveless Knee Length Dress - White / Black Tori Print,55
Vivo Iyana Shirred Waist Jumpsuit - White / Lilac Azari Print,54
Vivo Tanda Cap Sleeve Sheath Dress in Ponte - Green,54
Safari Solana Sleeveless Tiered Maxi Dress - Rust / Chocolate,54
Vivo Tana Off Shoulder Maxi Dress - Pink / Black Dana Print,54
Vivo Knee length Dress - Rfs 3,54
Vivo Niari Sleeveless Top - Rust,54
Safari Naledi 3/4 Sleeve Tent Dress - White Pinstripes Print,54
Vivo Zena Shirred Waist Maxi Shirt Dress - Orange / Black Ebu Print,54
Vivo Basic Sleeveless Kena Tent Maxi Dress - Mustard,54
Vivo Basic Leila Short Waterfall - White,54
Vivo Liora Wide Leg Pants - White / Red Rozi Print,54
Vivo Takali Asymmetrical Midi Length Kaftan - Light Tan,54
Vivo Pelia Round Neck Dress - Dark Red,54
Vivo Iyana Cape Top In Chiffon - Red,54
Vivo Fitted Tops - Rfs 3,54
Vivo Zena Shirred Waist Maxi Shirt Dress - Hot Pink / Navy Ebu Print,54
Vivo Sleeveless Vest in Ponte - Black,54
Vivo Maisha 3/4 Sleeve Maxi Dress - Dark Red,54
Zoya Basic Short Sleeve Crop Top - Burgundy,54
Safari Tafari Highlow Top - Lusi Print,54
Vivo Iyana Shirred Waist Jumpsuit - Cream / Rust Azari Print,54
Vivo Tatili Bishop Long Sleeve Top In Satin - Teal,54
Safari Tafari Highlow Top - Shan Print,54
Vivo Amai Maxi Kaftan In Textured Satin - Light Gold / Black Print,54
Vivo Tanda Maxi Dress in Ponte - White,54
Vivo Ajani V-Neck Top - Mint / Green Print,54
Vivo Basic Knee Length Dress In Chiffon - Off White,54
Vivo Dua 3/4 Sleeved V Neck Shirt - Mulberry,53
Vivo Keza V-Neck Maxi Kaftan - White / Brown Print,53
Vivo Basic Nalia High Low Jersey Top - Teal,53
Vivo Keza V-Neck Maxi Kaftan - White / Lilac Print,53
Vivo Yumi Off Shoulder Jumpsuit - Chocolate,53
Vivo Amai Maxi Kaftan In Textured Satin - Rose Pink / Black Print,53
Vivo Basic Knee Length Dress In Chiffon - Black / Cream Print,53
Vivo Basic Tolani Jersey Dress - Black,53
Vivo Liora Side Drawstring Kaftan Dress - Mint Green Print,53
Vivo Maisha 3/4 Sleeve Maxi Dress - Mustard / Green Iza Print,53
Safari by Vivo Mansi Wide Hem Embroidered Tent Dress - Mustard,53
Safari Nazari Off Shoulder Dress - White / Black Polka Print,53
Vivo Ria Pants & Waterfall Set - Grey,53
Vivo Studio Sweatshirt in Velvet - Navy,53
Zoya Banda Bandeau Asymmetrical Crop Top - Black,53
Safari by Vivo Zehra Embroidered Linen Kimono,53
Vivo Ayo Tent Dress - Blue / Red Print,53
Vivo Talia Front Slit Maxi Top - Maroon,53
Vivo Sarong Skirt - Burgundy / Tan Print,53
Vivo Takali Asymmetrical Midi Length Kaftan In Satin - Rust,53
Vivo Keza V-Neck Maxi Kaftan - Yellow / Dark Brown Arisi Print,53
Vivo Ava 3/4 Sleeve Tent Shirt Dress in Crepe - Beige,53
Vivo Maisha Drop Shoulder Maxi Dress In Rayon - Black / Cream Print,53
Vivo Takali 3/4 Sleeve Tie Top - Sea Green,53
Vivo Wide Leg Pants in Textured Crepe - Black,53
Safari Naledi 3/4 Sleeve Tent Dress - Pink Polka Stripes,53
Vivo Iyana Cape Top - Light Blue,53
Vivo Tanda Maxi Skirt - Dark Green,53
Vivo Tana Puff Sleeve Bodysuit In Jersey - Chocolate Brown,52
Vivo Liora Wide Leg Pants - White / Blue Rozi Print,52
Vivo Arafa Long Sleeve Tie Dress - Green / Orange Rafa Print,52
Vivo Ayah Drawstring Pants - Green / Peach Zani Print,52
Vivo Basic Chiffon Bishop Sleeve Top (Double Layered) - Orange,52
Vivo Zena Shirred Waist Maxi Shirt Dress in Crepe - White / Yellow Dana Print,52
Vivo Liora Side Drawstring Kaftan Dress in Satin - Dark Green,52
Vivo High Low Top In Crepe - White / Yellow Rozi Print,52
Vivo Amai Maxi Kaftan In Textured Satin - Taupe / Black Print,52
Vivo Tanda V-Neck Top in Stretch Rib - Mulberry,52
Vivo Asha Sleeveless Maxi Dress - Mustard / Brown Lalo Print,52
Safari Naledi Bishop Sleeve Tiered Dress - Olive / Black Wia Print,52
Safari by Vivo Cotton Wrap Dress - Lilac / Brown Print,52
Vivo Merika Satin Wrap Top - Black / Cream Animal Print,52
Safari Solana Sleeveless Tiered Maxi Dress - Yellow / Navy,52
Vivo Samira Cape Dress - Black / White Print,52
Vivo Sierra Maxi Dress in Chiffon - Red / Black Bori Print,52
Vivo Wide Leg Pants in Heavy Crepe - Navy,52
Safari Tafari Highlow Top - Dark Navy Asili Print,52
Safari by Vivo Zehra Barrel Pants - Olive / White Print,52
Vivo Muna Chiffon Kimono - Blue / White Una Print,52
Vivo Pendo Cap Sleeve Tent Knee Length Dress - White,52
Vivo Basic Chiffon Dropped Shoulder Top - Black / Green Lora Print,52
Vivo Basic Bishop Sleeve Top In Chiffon (Double Layered) - White / Green Print,52
Vivo Takali Jumpsuit - Navy Blue,52
Vivo Wena High Slit Maxi Shirt - Burgundy,52
Vivo Maxi Kaftan in Satin - Mustard / Rust Rozi Print,52
Vivo Serwa Tent Dress - Navy / White Print,52
Vivo Cowl Neck Knit Sweater - White,52
Vivo Talia Slim Pants - Maroon,52
Vivo Sierra Long Sleeve Top(Double Layered) - Mustard,52
Vivo Lani Maxi Dress In Satin - Orange / Brown Print,51
Vivo Basic Liv Chiffon Top - White / Black Print,51
Safari Kikoy Tie Back Maxi Dress - Maroon,51
Vivo Maisha Drop Shoulder Maxi Dress - Navy,51
Vivo Isabi Sleeveless Kimono - Lime / White Sabi Print,51
Vivo Yumi Maxi Shirt Dress - Red,51
Vivo Safa Straight Leg Pants - Navy,51
Vivo Off Shoulder Dress in Print Cotton - Dusty Pink Multicolor Print,51
Vivo Keza V Neck Maxi Kaftan In Satin - Cream / Rust Print,51
Shiv & Shikie X Safari Faux Collar Printed Shirt - Taupe/Black Ezi Print,51
Vivo Chela Wide Leg Pants - Buttermilk,51
Vivo Sakari Drop Shoulder Jumpsuit - Orange / Black Lisi Print,51
Safari Solana Wrap Dress - Red,51
Vivo Basic Sleeveless Jersey Waterfall - Orange,51
Vivo Asymmetrical Dolman Dress in Satin - Red / Black Arah Print,51
Vivo Seli Wide Top - Dark Green,51
Vivo Zahari 3/4 Sleeve Off-Shoulder Jumpsuit - Chocolate,51
Vivo Chidii Maxi Kaftan - White / Green Print,51
Vivo Hanabi Satin High Low Top - Mint / Olive Print,51
Vivo Ava 3/4 Sleeve Tent Shirt Dress in Crepe - Fuschia,51
Vivo Aleri A-Line Pleated Dress - Mustard,51
Vivo High Low Top In Crepe - Yellow / Black Rozi Print,51
Safari Njano Joggers - Green / Tafo Print,51
Vivo Basic Crepe Pants - Lime Green,51
Vivo Nasinka A-Line Maxi Dress - Mint / Green Tilla Print,51
Vivo Full Length Pants - Fs 4,51
Vivo Basic Val Long Sleeve Top - Fuschia,51
Vivo Basic Crepe Cap Sleeved Top - Navy Blue,51
Vivo Liora Front Drawstring Kaftan Dress in Satin - Burgundy Textured Print,51
Vivo Naya Bishop Sleeve Shift Dress - White,51
Vivo Tatari Knee Length Coat - Navy Blue,51
Ythera Citrus Cocktail Fragrance Mist,51
Vivo Sierra Cap Sleeve Tent Chiffon Dress - Navy Textured Print,50
Vivo Liora Drawstring Pants In Satin - Dark Olive / Black Print,50
Vivo Ria Drawstring Pants - Black,50
Safari Nazari Three Tiered Maxi Dress - Beige / Mustard Polka Dot Print,50
Vivo Maxi Kaftan in Satin - Olive / Dark Green Rozi Print,50
Vivo Hadiya Wrap Dress - Black,50
Vivo Basic Val Long Sleeve Top - Taupe,50
Vivo Meli Sleeveless Coat - Navy,50
Vivo Wena High Slit Maxi Shirt - Sea Green,50
Vivo Nora Front Slit Knee Length Skirt - Navy,50
Vivo Takali Tunic Top - Lilac / Eggplant Arisi Print,50
Safari Solana Bubble Midi Skirt - White,50
Vivo Keza Circular Loose Top - Purple / Dark Purple Ziza Print,50
Vivo Bissa Reversible Maxi Dress - Navy / Brown Print,50
Vivo Samira Cape Dress - Brown Print,50
Safari Naledi Flounce Tent Dress - Green / Blue Nale Print,50
Vivo Liora Shorts - Red / Black Ziza Print,50
Vivo Tanda Maxi Dress in Ponte - Green,50
Vivo Tatili Bishop Long Sleeve Top In Satin - White / Taupe Garini Print,50
Vivo Liora Drawstring Pants In Satin - Black / White Print,50
Vivo Lulu Cotton Barrel Pants - Khaki Green,50
Vivo Studio Double Layered Tie Bodycon in Jersey - Dark Purple,50
Vivo Basic Open Kaftan - Light Green / Dark Green Print,50
Vivo Basic Double Layered Capri Skirt - Rust,50
Vivo Tatili Bishop Long Sleeve Top In Satin - Lilac / Maroon Garini Print,50
Safari Tafari Off Shoulder Crop Top - Lusi Print,50
Vivo Iyana Maxi Cover Up - Green / Yellow Iya Print / Navy,50
Vivo Amai Maxi Kaftan - Dark Green,50
Vivo Drop Shoulder Shirt in Organza - Black,50
Vivo Hanabi Satin High Low Top - Cream / Tan Print,50
Vivo Long Sleeve Midi Waterfall - Black,50
Vivo Liora Side Drawstring Kaftan Dress - Light Pink / Fuschia Print,50
Vivo Liora Tiered Maxi Skirt in Crepe - Dusty Green,49
Vivo Ajani V-Neck Top - Mustard,49
Vivo Samira High Low Top - Navy / Teal Ami Print,49
Vivo Basic Val Long Sleeve Top - Navy Blue,49
Vivo Asymmetrical Dolman Dress in Satin - Mustard / Brown Arah Print,49
Vivo Basic Short Sleeve Top - Orange,49
Vivo Tanda Pant and Top Set - Olive,49
Vivo Everyday Cap Sleeve Top - Fuschia,49
Vivo Sakari Cap Sleeve Maxi Dress - Pink / Navy Amari Print,49
Vivo Zawadi Shift Dress in Chiffon - Lilac / Purple Print,49
Vivo Zena Shirred Waist Maxi Shirt Dress in Crepe - White / Black Dana Print,49
Vivo Everyday Cap Sleeve Top in Jersey - Mustard,49
Safari Naledi Bishop Sleeve Tiered Dress - White / Black Wia Print,49
Vivo Alani High Low Dress - Black Checkered Print,49
Vivo Kani Bishop Sleeve Top - Mint / Black Dashen Print,49
Vivo Iyana Maxi Cover Up - Black / Red,49
Vivo Tatili Long Sleeve Bishop Top - Navy / Yellow Kari Print,49
Vivo Sierra Cap Sleeve Tent Chiffon Dress - Beige Textured Print,49
Safari by Vivo Savannah Drawstring Shacket in Linen - Rust,49
Vivo Naya Bishop Sleeve Shift Dress - Light Blue,49
Vivo Nandi High Slit Kimono - Light Taupe / Black Print,49
Safari by Vivo Zehra Embroidered Linen Kimono - Rust,49
Vivo Yumi Off Shoulder Jumpsuit - Peach / Dark Purple Nisa Print,49
Zoya Banda Crop Hoodie - Black,49
Vivo Liora Drawstring Midi Dress - White / Purple Ziza Print,49
Vivo Sierra Maxi Chiffon Dress - Black / Beige Print,49
Vivo Bana Batwing Top - Mustard,49
Vivo Selah Palazzo Pants in Stretch Rib - Chocolate,48
Vivo Basic Knee Length Dress In Chiffon - Black / White Print,48
Vivo Safa Skirt - Taupe,48
Vivo Ayah 3/4 Sleeve Jumpsuit - Navy,48
Safari Savannah Drawstring Shacket - Dark Olive,48
Shiv & Shikie X Safari Cargo Pants - Dark Grey,48
Safari by Vivo Zehra Barrel Pants - Black,48
Vivo Basic Long Sleeved Top - Pink,48
Vivo Chidii Maxi Kaftan - Black / White Print,48
Vivo Selah Mock Neck Top in Stretch Rib - Dark Green,48
Vivo Keza V Neck Light Maxi Kaftan - Hunters / Black Print,48
Vivo Essentials Capri Leggings - Black,48
Vivo Zelda Panelled Dress In Crepe - Off White,48
Vivo Nandi High Slit Kimono - Black / Grey Print,48
Vivo Studio Striped Pants In Crepe - Black Striped Print,48
Vivo Iyana Shirred Waist Jumpsuit - Fushia / Green Iya Print,48
Vivo Reba Gathered Dress - Red / Navy Eba Print,48
Vivo Situ Off-Shoulder Tie Maxi Dress - Red / Black Lina Print,48
Vivo Jumpsuit - Fs 3,48
Shiv & Shikie X Safari Cargo Pants - Hunters,48
Vivo Zena Shirred Waist Shirt Dress - Green / Navy Print,48
Vivo Zahari 3/4 Sleeve Off Shoulder Jumpsuit In Crepe - Olive Green,48
Vivo Paji Dress Coat - Navy,48
Vivo Liora Satin Drawstring Kimono Sleeve Top - Baby Blue Print,48
Vivo Satin High Low Top - Black / Taupe Print,48
Vivo Ayana Wide High Low Top - Beige/White,48
Vivo Aleri A-Line Pleated Dress - Black,48
Vivo Keza Satin Border Maxi Kaftan - Brown / Cream Abstract Print,48
Vivo Studio Double Layered Tie Bodycon in Jersey - Chocolate,47
Vivo Cotton High Low Top - Sea Green,47
Vivo Basic Satin Cap Sleeve Top - Burgundy / Tan Print,47
Vivo Wrap Top in Cotton - Black / White Print,47
Vivo Keza V-Neck Maxi Kaftan - Fuschia / Black Arisi Print,47
Vivo Lani Maxi Dress In Satin - Red / Black Print,47
Ythera Fierce Rose Fragrance Mist,47
Vivo Leila Cap Sleeve Tent Maxi Dress - Red,47
Vivo Alma Mini Skirt - Gold,47
Vivo Dalia Sleeveless Gathered Dress In Cotton - Blue Multicolor Print,47
Vivo Studio Panelled Mini Dress in Ponte - Navy,47
Safari Naledi Wrap Top - Black,47
Vivo Liora Drawstring Pants In Satin - Dark Mustard / Black Print,47
Vivo Nasinka A-Line Maxi Dress - Off White / Red Tilla Print,47
Shiv & Shikie X Safari Barrel Pants - Black,47
Vivo Zena Shirred Waist Maxi Shirt Dress - Orange / White Ebu Print,47
Vivo Basic Extra Long Lily Waterfall - Dark Green,47
Vivo Everyday Cap Sleeve Top - Mustard,47
Vivo Lalani Rib Maxi Waterfall - Black,47
Vivo Long Sleeve Maxi Waterfall - White,47
Vivo Button Up Shirt in Chiffon - Black,47
Vivo Izzy Satin Bishop Sleeve Top - Lime,47
Vivo Niari Sleeveless Top In Chiffon - Lilac,47
Safari by Vivo Savannah Drawstring Shacket in Linen - White,47
Vivo Everyday Long Sleeve Top In Jersey - Rust,47
Vivo Iyana Knee Length Bubble Dress in Satin - Fuschia / Black Riwa Print,47
Safari Nazari Coat Dress - Blue / Pink Azizi Print,47
Vivo Maisha Drop Shoulder Maxi Dress - Rust,47
Vivo Basic Tolani Jersey Dress - Chocolate,47
Vivo Basic Panelled Leisure Pants - Wine Red,47
Vivo Nasinka Wrap Dress - Navy / Peach Naka Print,47
Vivo Samira Midi Dress in Textured Satin - Dark Olive,47
Safari by Vivo Naledi Tiered Dress in Cotton - Cream /Mustard Print,47
Vivo Tanda Maxi Dress in Ponte - Red,47
Vivo Lulu Bubble Sleeve Top - Dark Green,47
Vivo Hanabi Satin High Low Top - Cream / Dark Green Print,47
Vivo Mini Butterfly Kimono in Sweater - Mustard,46
Vivo Zelda Panelled Dress In Crepe - Black,46
Vivo Keza V Neck Maxi Kaftan In Satin - Grey / White Print,46
Shiv & Shikie X Safari Barrel Pants - Olive,46
Vivo Wide Leg Pants in Textured Satin - Light Gold / Black Print,46
Vivo Chidii Off Shoulder Maxi Dress - Teal / Dark Navy Rema Print,46
Safari Tiwa Shirred Top - Black,46
Vivo Wastani Shirred Sleeve Easy Fit Shirt - Hunters,46
Safari by Vivo Naledi Bubble Midi Dress - Candy Print,46
Safari by Vivo Zehra Extra Wide Shirt in Linen - Mustard,46
Safari by Vivo Zehra Embroidered Linen Kimono - Black,46
Vivo Essi Front Slit Maxi Top In Satin - Fuschia,46
Vivo Talia Front Slit Maxi Top - White / Dark Olive Alia Print,46
Vivo Basic Cap Sleeve Top In Crepe - Rose Pink,46
Vivo Hanabi Satin High Low Top - Navy / Grey Print,46
Vivo  Nandi High Slit Kimono - Navy / Grey Print,46
Vivo Basic Julia 3/4 Sleeve Back Pleat Knee Length Dress - Mustard,46
Vivo Maxi Dress in Stretch Rib - Off White,46
Vivo Basic Short Sleeve Top - Sea Green,46
Vivo Basic Crepe Bishop Sleeve Top - Black / Peach Print,46
Vivo Basic Sleeveless Long Lily Waterfall - Mustard,45
Vivo Sarong Skirt - Dark Tan / Lime Print,45
Safari Solana Bubble Midi Skirt - Black,45
Vivo Liora Drawstring Pants In Satin - Grey / Black Print,45
Vivo Liora Sleeveless Drawstring Top In Satin - Black / White Print,45
Vivo Mini Butterfly Sweater - Purple,45
Vivo Knee length Dress - FS 8,45
Vivo Essi Wide Leg Pants In Satin - Red,45
Vivo Yumi Maxi Shirt Dress - Mustard,45
Vivo Mandla Tent Dress - Sage / Dark Green Kile Print,45
Vivo Tie Kimono in Sweater - Chocolate,45
Vivo Maisha Drop Shoulder Maxi Dress In Rayon - Yellow / Blue Print,45
Vivo Basic 3/4 Sleeved Double Layered Bodysuit - Dark Red,45
Vivo Nasinka A-Line Maxi Dress - Lilac / Purple Tilla Print,45
Safari Tafari High Slit Kimono - Hunters / Lulu Print,45
Vivo Basic Long Sleeved Double Layered Bodycon - Mustard,45
Vivo Studio Bodysuit In Jersey - Dark Mustard,45
Vivo Basic Crepe Pants - Cream / Brown Print,45
Vivo Cotton 3/4 Sleeve Wrap Top - Lime Green,45
Shiv & Shikie X Safari Turtleneck Vest - Black,45
Vivo Safa Sweater - Olive,45
Vivo Sierra Maxi Dress in Chiffon - Yellow / Black Bori Print,45
Vivo Chidii Off Shoulder Maxi Dress - Light Yellow / Dark Brown Rema Print,45
Vivo Sarong Skirt - Dark Green / Hunters Print,45
Vivo Wrap Shawl in Sweater - Mulberry,45
Safari Naledi Flounce Tent Dress - Brown / Blue Nale Print,45
Safari by Vivo Cotton Wide Drawstring Kaftan - Green / Purple Print,45
Vivo Zola V Neck Maxi Dress in Crepe - Green,45
Vivo Chidii Tunic Dress With Frills - Rust / Black Print,45
Safari Naledi Flounce Tent Dress - Black / White Nale Print,44
Vivo Loose Tops - Fs 3,44
Vivo Talia Maxi Slip Skirt in Satin - White,44
Safari Tiwa Wide Leg Pants - Navy,44
Vivo Maisha Top & Pant Set - Taupe / Blue Print,44
Vivo Amai Asymmetrical Cape - Dark Tan / Brown Iwa Print,44
Vivo Dali 3/4 Cut Out Sleeve Maxi Dress - Burgundy / Peach Print,44
Safari by Vivo Zehra Cotton High Low Shirt - Pink,44
Vivo Accessories - CS 1,44
Safari by Vivo Zehra Shirred Midi Dress - Black,44
Vivo Sweatshirt in Scuba - Navy,44
Vivo Sierra Maxi Dress in Chiffon - Orange / Black Bori Print,44
Vivo Studio Mini Pencil Skirt in Ponte - Black,44
Safari Nazari Three Tiered Maxi Dress - White / Black Polka Dot Print,44
Safari by Vivo Cotton Wide Drawstring Kaftan - Cream / Lilac Print,44
Vivo Zena Shirred Waist Maxi Shirt Dress - Chocolate,44
Vivo Selah Bishop Sleeve Top - Black,44
Vivo liora Satin Midi Dress - Chocolate,44
Safari by Vivo Zehra Drawstring Pants - Hunters Green,44
Vivo Iyana Bubble Sleeveless Top - Navy / Dark Red Iya Print,44
Vivo Niari Sleeveless Top In Chiffon - Bright Purple,44
Vivo Studio Maxi Bodycon in Jersey - Dark Purple,44
Vivo Long Sleeve Midi Waterfall - Dark Red,44
Vivo Basic Lined Capri Skirt - Dark Green,44
Vivo Basic Tolani Jersey Dress - Fuschia,44
Vivo Liora Sleeveless Drawstring Top In Satin - Green / Teal Print,44
Vivo Ria Pants & Waterfall Set - Lilac,44
Vivo Basic Sleeveless Tent Kimono - Mint,44
Vivo Straight Pants in Scuba - Black,44
Shiv & Shikie X Safari Turtleneck Vest - Taupe,44
Vivo Iyana Cape Top In Chiffon - Chocolate,44
Shiv & Shikie X Safari Barrel Pants - Taupe,44
Shiv Shikie X Safari Drawstring Pants in Rib - Black,44
Vivo Basic Cap Sleeve Bodycon - Burgundy,44
Vivo Liora Kaftan Tunic Top - Cream,44
Vivo Kani Wide Leg Pants in Crepe - Chocolate Brown,44
Vivo Midi Bodycon in Stretch Rib - White,44
Vivo Ria Pants & Waterfall Set - Taupe,44
Vivo Wrap Shawl in Sweater - Taupe,44
Vivo Keza V-Neck Maxi Kaftan - Olive / Black Arisi Print,44
Safari Nazari Three Tiered Maxi Dress - Blue / Navy Polka Dot Print,44
Vivo Maisha Top & Pant Set - Off White / Brown Print,44
Vivo Hari Flared Sleeve Tunic - Pink,44
Vivo Cap Sleeve Salma Maxi Dress - Sea Green,43
Vivo Dalia Sleeveless Gathered Tent Dress - Taupe / Black Print,43
Vivo Essentials Full Length Leggings - Black,43
Vivo Niari Full Length Pants - Grey,43
Vivo Long Sleeve Maxi Waterfall - Caramel,43
Vivo Talia Front Slit Maxi Top - Lilac,43
Vivo Anavi Cascade Waterfall - Dark Mustard,43
Vivo Chela Sleeveless Waterfall - Buttermilk,43
Vivo Iyana Knee Length Bubble Dress in Satin - Red / Black Riwa Print,43
Vivo Amai Asymmetrical Cape - Light Blue / Brown Iwa Print,43
Ythera Irresistable Fierce Rose OUD 120ml,43
Vivo Maisha Drop Shoulder Maxi Dress In Rayon - Black / Green Print,43
Vivo Talia Front Slit Maxi Top - Rose Pink,43
Vivo Situ Off-Shoulder Tie Maxi Dress - Dark Green,43
Vivo Selah Palazzo Pants in Stretch Rib - Dark Green,43
Vivo Samira Midi Dress in Textured Satin - White,43
Vivo Basic Long Sleeved Top - Mustard,43
Vivo Liora Drawstring Kimono Sleeve Top - Red,43
Vivo Basic Leila Short Waterfall  - Taupe,43
Vivo Takali Tunic Top In Satin - Lilac / Black Arisi Print,43
Vivo Basic Cap Sleeve Top In Crepe - Buttermilk,43
Vivo Niari Full Length Pants - Light Blue,43
Vivo Keza V Neck Maxi Kaftan In Satin - Beige / Brown Print,43
Vivo Liora Wide Leg Pants - White / Yellow Rozi Print,43
Vivo Alani Boat Neck Maxi Dress - Black,43
Safari by Vivo Zehra Extra Wide Shirt in Linen - White,43
Vivo Straight Pants in Scuba - Navy,43
Safari Tiwa Wide Leg Pants - Maroon,43
Vivo Long Sleeve Midi Waterfall - Dark Green,43
Vivo Chiffon Wide Kimono - Peach / White Print,43
Safari by Vivo Zehra Drawstring Pants - Black,43
Vivo Chela Sleeveless Waterfall - Maroon,43
Vivo Safa Skirt - Dark Taupe,43
Vivo Kani Bishop Sleeve Top in Crepe - Chocolate Brown,42
Vivo Talia Maxi Slip Skirt - White,42
Vivo Basic Double Layered Wrap Poncho - Off White,42
Vivo Wastani 3/4 Shirred Sleeve Wide Tunic - Mustard / Chocolate Zia Print,42
Safari by Vivo Zehra Tie Waist Kimono Dress - Olive Textured Print,42
Vivo Pelia Round Neck Dress - Mustard,42
Vivo Off Shoulder Jumpsuit in Crepe - Taupe / Black Polka,42
Safari Naledi Gathered Panel Wrap Dress - Navy,42
Vivo Essi Front Slit Maxi Top In Satin - Orange,42
Vivo Cotton 3/4 Sleeve Wrap Top - Black,42
Vivo Basic Sleeveless Midi Jersey Waterfall - Navy Blue,42
Vivo Basic Bishop Sleeve Top In Chiffon (Double Layered) - Mustard,42
Vivo Wrap Shawl in Sweater - Orange,42
Vivo Yumi Maxi Shirt Dress - Hunters / Orange Print,42
Vivo Chidii Tunic Dress With Frills - Dark Navy Textured Print,42
Vivo Sleeveless Maxi Dress in Cotton - Cream / Orange Print,42
Vivo Wrap Shawl in Sweater - Dark Brown,42
Vivo Everyday Cap Sleeve Top - Light Red,42
Vivo Yumi Off Shoulder Jumpsuit - Dark Green,42
Vivo Wrap Shawl in Sweater - Teal,42
Vivo Liora Kaftan Border Maxi Dress - Rust / Chocolate Ziza Print,42
Vivo Chela Sleeveless Waterfall in Jersey - Fuschia,42
Vivo Val Cap Sleeve Top - Black,42
Vivo Basic Chiffon Cap Sleeve Top (Double Layered) - Fuschia,42
Zoya Basic Jersey Bandeau - Sea Green,42
Vivo Ari Sleeveless Straight Maxi Slit Dress - Red,42
Vivo Hamle Front Twist Bodysuit - Orange,42
Vivo Kani Wide Leg Pants - Dark Mustard Dashen Print,42
Vivo Nora Front Slit Knee Length Skirt - Purple,42
Vivo Basic Cap Sleeve Tent Knee Length Dress - White / Rust Nisa Print,42
Vivo Basic Cap Sleeve Chiffon Maxi Dress - Green  / Black Nitai Print,42
Vivo Basic Cap Sleeve Chiffon Maxi Dress - Red,42
Vivo Studio Flared Pants In Ponte - Mulberry,42
Vivo Keza V Neck Maxi Kaftan In Satin - Beige / Black Print,42
Vivo Ria Mock Neck Top - Lilac,42
Safari Naledi Wrap Top - Purple,42
Vivo Lena Front Slit Knee Length Dress - Dark Mustard,42
Vivo Maisha 3/4 Sleeve High Low Top - Black / White Print,42
Vivo Maisha Drop Shoulder Maxi Dress - Royal Blue/Black Mai Print,42
Safari Tiwa Shirred Midi Dress - Lime,42
Safari Kamari Long Sleeve Drawstring Shacket - Black,42
Vivo Niari Full Length Pants - Dusty Green,42
Vivo Alma Mini Skirt - Dark Grey,41
Vivo Samira Cape Dress - Taupe / White Print,41
Vivo Tatili Long Sleeve Bishop Top - Lilac / Pink Kari Print,41
Vivo Zena Shirred Waist Maxi Shirt Dress - Red / Peach Ebu Print,41
Safari Naledi Bishop Sleeve Tiered Dress - Beige / Black Wia Print,41
Vivo Cuffed Wide Sweater - Black / Rust,41
Vivo Sakari Drop Shoulder Jumpsuit - Sea Green / Burgundy Lisi Print,41
Vivo V-Neck Dress in Stretch Rib - Black,41
Vivo Essentials Tank Top - Black,41
Zoya Basic Jersey Bandeau  - Hunters Green,41
Vivo Lena Front Slit Knee Length Dress - Navy,41
Vivo Sakari Circular Loose Top in Textured Chiffon - Yellow,41
Safari by Vivo Zehra Cotton High Low Shirt - White,41
Safari Tafari High Slit Kimono - Teal / Lanje Print,41
Vivo Merika Satin Wrap Top - Fuschia / Green Iya Print,41
Vivo Thando Mock Neck Maxi Dress - Buttermilk / Mustard Ruvu Print,41
Zoya Aridi Leggings - Navy,41
Vivo Izzy Satin Bishop Sleeve Top - Lilac,41
Vivo Basic Sleeveless Kena Tent Dress In Ponte - Orange,41
Vivo Rema 3/4 Sleeve Side Slit Tunic Top - Brown,41
Vivo Yumi Off Shoulder Jumpsuit In Crepe - Maroon,41
Vivo Loose Tops - Rfs 3,41
Vivo Iyana Bubble Sleeveless Top - Maroon,41
Vivo Reba Gathered Dress - Green / Mustard Eba Print,41
Vivo Sawari Crossed Cuff Batwing Top - Teal,41
Vivo Dalia Off Shoulder Jumpsuit - Cream / Orange Alia Print,41
Vivo Chidii Maxi Kaftan - White / Black Print,41
Vivo Lena Front Slit Knee Length Dress - Green,41
Vivo Basic Satin Cap Sleeve Top - Dark Green / Hunters Print,41
Vivo Yumi High Low Shirt Dress - Magenta,41
Safari by Vivo Zehra Extra Wide Shirt in Linen - Pink,41
Vivo Lulu Cotton Tent Mini Dress - Navy,40
Vivo Jersey Spaghetti Tank Top - Chocolate,40
Safari Mara Shirred Bishop Sleeve Dress - Mustard,40
Vivo Basic Crepe Pants - Pink / Orange Print,40
Vivo Off Shoulder Maxi Dress in Cotton - Light Green Multicolor Print,40
Vivo Bana Batwing Top - Light Olive,40
Safari by Vivo Zehra Tie Waist Kimono Dress - Cream / Black Print,40
Vivo Loose Tops - RFS 4,40
Vivo Samira Pants - Black / Off-White Print,40
Vivo Sleeveless Maxi Dress in Cotton - Dusty Pink / Burgundy Print,40
Vivo Ayla Crepe Pants - Mulberry,40
Vivo Isabi Loose Top In Chiffon - Dark Purple,40
Vivo Maisha 3/4 Sleeve Maxi Dress - Multicolour Print,40
Vivo Drop Shoulder Shirt in Organza - Off White,40
Vivo Godet Maxi Dress in Satin - Taupe / Black Arah Print,40
Safari by Vivo Zehra Kitenge Short Kimono - Vuga Print,40
Vivo Basic Escape A-line Dress Burgundy,40
Vivo Basic Cap Sleeve Tent Knee Length Dress - Peach / Rust Print,40
Safari by Vivo Naledi Bubble Midi Dress - Beta Print,40
Vivo Basic Extra Long Lily Waterfall - Dark Tan,40
Vivo Asha Sleeveless Maxi Dress - White / Buttermilk Ela Print,40
Shiv Shikie X Safari Drawstring Pants in Rib - Light Taupe,40
Vivo Hadiya Wrap Dress - Green / Grey Tal Print,40
Zoya Basic Jersey Bandeau - Burgundy,40
Shiv & Shikie X Safari Turtleneck Vest - Olive,40
Vivo Samira Drawstring Top - Dark Brown / Light Mustard Nita Print,40
Vivo Samira Drawstring Top - Black / Light Taupe Nita Print,40
Vivo Pelia Round Neck Dress - Red,40
Vivo Leila Maxi Waterfall - Navy,40
Vivo Samira Cape Dress - Navy,40
Vivo High Low Top In Crepe - White / Red  Rozi Print,40
Vivo Studio Striped Pants In Crepe - Navy Striped Print,39
Vivo Maisha Drop Shoulder Maxi Dress In Rayon - Pink / Cream Print,39
Vivo Sierra Maxi Chiffon Dress - Mint / Brown Print,39
Vivo Godet Midi Dress in Crepe - Black,39
Safari by Vivo Zehra Drawstring Pants - Maroon,39
Vivo Ria Mock Neck Top - Grey,39
Safari by Vivo Zehra Sleeveless Boxy Top - Brown,39
Vivo Sawari Crossed Cuff Batwing Top in Satin - Off White,39
Shiv & Shikie X Safari Faux Collar Shirt - Black,39
Zoya X Metamorphisized 143 Workman's Jacket - Black,39
Vivo Safa Drop Shoulder Top - Light Taupe,39
Vivo Lena Sleeveless Top - Dark Green,39
Vivo Rema High Low Maxi Dress - Peach,39
Vivo Maisha Drop Shoulder Maxi Dress In Rayon - Black / White Print,39
Vivo Sawari Crossed Cuff Batwing Top in Satin - Lilac,39
Vivo Sakari Drop Shoulder Jumpsuit - Lilac / Navy Lisi Print,39
Vivo Liora Drawstring Kimono Sleeve Top - Coral,39
Safari Tawi Off-Shoulder Top - Yellow,39
Vivo Asha Sleeveless Maxi Dress - Black,39
Vivo Basic Drop Shoulder Top - Dark Green,39
Vivo Basic Drop Shoulder Top - Burnt Orange,39
Vivo Soleil Handkerchief Drape Wide Top - Dark Mustard / Peach,39
Zoya Basic Jersey Bandeau - Mulberry,39
Vivo Hanabi Satin High Low Top - Fuschia,39
Vivo Basic Sleeveless Jersey Waterfall - Sea Green,39
Vivo Basic Cap Sleeved Leila Dress - Teal,39
Vivo Tahisa Straight Leg Pants - Blue,39
Vivo Samira Drawstring Top - Dark Brown / Light Yellow Nita Print,39
Shiv Shikie X Safari V-Neck Long Sleeve Sweatshirt in Rib - Mulberry,39
Vivo Chela Sleeveless Waterfall in Jersey - Dark Red,39
Vivo Yumi Cap Sleeve Dress In Crepe - Light Olive,39
Vivo Nuru Sleeveless Maxi Kimono - Rust,39
Vivo Ayla Maxi Kimono - Mulberry,39
Vivo Nuru Strappy Top - Dark Green,38
Zoya Banda Men's Wide Pants - Blue,38
Vivo Liora Tiered Maxi Skirt in Crepe - Light Olive,38
Vivo Amara V-Neck Maxi Dress - Safron,38
Vivo Anavi Runched Tank Top - White,38
Vivo Chela Drawstring Shorts - Light Taupe,38
Safari Mansi Wide Hem Tent Dress - Mustard,38
Vivo Keza Satin Border Maxi Kaftan - Light Blue / White Print,38
Vivo liora Satin Midi Dress - Dark Rust,38
Vivo Tatari Knee Length Coat - Hunters Green,38
Vivo Basic Leila Short Waterfall  - White,38
Vivo Liora Drawstring Pants In Satin - Green / Teal Print,38
Vivo Nasinka A-Line Knee Length Dress In Crepe - Olive Green,38
Vivo Aleri Front Slit Sheath Dress - Orange,38
Safari Tafari High Slit Kimono - Rust / Bito Print,38
Vivo Ayana Wide High Low Top - Black / Mint,38
Vivo Niari Full Length Pants - Olive Pinstripes,38
Vivo Nora Front Pleat Knee Length Dress - Navy,38
Vivo Takali 3/4 Sleeve Tie Top - Dark Teal,38
Safari Tafari Shorts - Lusi Print,38
Safari by Vivo Zehra Drawstring Pants - Rust,38
Vivo High Low Top In Crepe - White / Blue  Rozi Print,38
Vivo Selah Bishop Sleeve Top - Buttermilk,38
Safari by Vivo Zehra Drawstring Pants - White,38
Vivo Dalia Cap Sleeve Gathered Dress in Crepe - Mint / Olive Textured Print,38
Vivo Tanda A-Line Maxi Dress - Offwhite,38
Zoya Basic Jersey Bandeau - Orange,38
Vivo Nuru Side Panel Wide Leg Pants - Rust,38
Vivo Hadiya Wrap Dress - Red / Orange Tal Print,38
Vivo Wide Leg Pants in Textured Crepe - Olive,38
Safari by Vivo Zehra Barrel Pants - Brown,38
Vivo Wide Leg Pants in Textured Crepe - Navy,38
Vivo Maisha Strappy Cover Up Jumpsuit In Rayon - White / Pink Print,38
Vivo Serwa Flounce Dress - Navy,37
Vivo Lena Sleeveless Top - Navy,37
Vivo Iyana Knee Length Bubble Dress - Teal / Beige Iya Print,37
Vivo Seli Maxi Dress - Black / Olive Print,37
Vivo Drop Shoulder Top in Cotton - Navy,37
Vivo Nasinka A-Line Maxi Dress - Black,37
Safari Solana Wrap Dress - Brown,37
Vivo Serwa Tent Dress - Black / White Print,37
Vivo Samira Wide Satin Kimono - Cream / Black Print,37
Vivo Aleri Coat - Black,37
Vivo Seli V-Neck Length Dress - Navy Blue,37
Safari Tafari High Slit Kimono - Rust / Mashi Print,37
Zoya Vasha Track Pants - Khaki,37
Vivo Ayla Maxi Kaftan Dress - Dark Orange / Brown Nola Print,37
Vivo Pelia Round Neck Dress - Lilac,37
Vivo Val Full Length Leggings - Navy Blue,37
Vivo Ayana Wide High Low Top - Black / Yellow,37
Vivo Full Length Pants - Rfs 4,37
Safari Tawi Bishop Sleeve Tiered Dress - Orange,37
Safari by Vivo Zehra Extra Wide Shirt in Linen - Olive,37
Vivo Yumi Off Shoulder Jumpsuit In Crepe - Dark Pink,37
Vivo Alek High Slit Kimono - Pink / Orange Print,37
Shiv & Shikie X Safari Faux Collar Shirt - Lime,37
Vivo Jumpsuit - Rfs 2,37
Vivo Dalia Flounce Sleeve Knee Length Dress in Chiffon - White / Chocolate Arah Print,37
Vivo Sawari Crossed Cuff Batwing Top in Satin - Dark Green,37
Vivo Long Sleeve Midi Waterfall - Mustard,37
Vivo Hadiya Wrap Dress - White / Blue Tal Print,37
Safari by Vivo Zehra Extra Wide Shirt in Linen - Black,37
Vivo Alora Shift Dress - Khaki,37
Vivo Dalia Cap Sleeve Gathered Dress in Crepe - Dark Green Textured Print,37
Vivo Basic Crepe Bishop Sleeve Top - Maroon,37
Vivo Vinna Knee Length Piped Skirt - Navy Blue / Grey,37
Zoya Basic Jersey Bandeau  - Red,37
Vivo V-Neck Dress in Stretch Rib - Maroon,37
Vivo Kani Wide Leg Pants - Mint / Black Dashen Print,37
Safari Mali Bishop Sleeve Tent Dress - Khaki,37
Vivo Essi Front Slit Maxi Top In Satin - Navy,37
Vivo Kelemi 4.0 Sleeveless Top - Lilac / Magenta Nashe Print,37
Safari by Vivo Zehra Barrel Pants - Black / White Print,37
Vivo Lani Maxi Dress - Dusty Pink / Off White Print,37
Vivo Serwa Square Neck Maxi Dress - Blue / Black Sera Print,36
Vivo Basic Crepe Bishop Sleeve Top - White / Yellow Rozi Print,36
Vivo Dua Shirt In Satin - Rust,36
Vivo Everyday Side Twist Bodycon in Jersey - Teal,36
Vivo Essi Scalloped Maxi Top in Satin - White / Orange Huwa Print,36
Vivo Knee length Dress - Rfs 4,36
Vivo Zola V Neck Maxi Dress in Crepe - White / Olive Kai Print,36
Vivo Basic Cap Sleeve Bodycon in Rayon - Black,36
Safari Kikoy Tie Back Maxi Dress - Dusty Pink,36
Zoya Basic Halter Tie Top - Navy Blue,36
Shiv Shikie X Safari V-Neck Long Sleeve Sweatshirt in Rib - Light Taupe,36
Vivo Leila Maxi Waterfall - Fuschia,36
Vivo Multiway Cover Up in Chiffon - Mulberry,36
Safari by Vivo Godet Contrast Stitch Midi Skirt in Denim - Navy,36
Vivo Takali 3/4 Sleeve Tie Top - Light Brown,36
Vivo Alma Drawstring Top - Powder Blue,36
Zoya Banda Bandeau Asymmetrical Crop Top - White,36
Vivo Studio Shoulder Tie Top in Jersey - Dark Purple,36
Vivo Basic Sleeveless Long Lily Waterfall - Navy Blue,36
Vivo Sakari Drop Shoulder Jumpsuit - Dark Red,36
Vivo Kani Cap Sleeve Maxi Dress - Orange / Dark Red Nasi Print,36
Safari Lira Panelled Camisole Top - Black,36
Vivo Essentials Strappy Maxi Dress - Black,36
Vivo Basic Strappy Cowl Top - Navy,36
Vivo Merika Satin Wrap Top - Black,36
Vivo Long Sleeve Maxi Waterfall - Teal,36
Zoya Basic Jersey Bandeau  - Safron,36
Vivo Basic Destiny Chiffon Top - Black / White Print,36
Vivo Ria Drawstring Pants - Olive,36
Vivo Basic Cap Sleeve Top In Crepe - Lilac,36
Vivo Basic Cap Sleeved Bodysuit - Dark Teal,36
Vivo Isabi Loose Top In Chiffon - Black,36
Vivo Lamu Knee Length Cold Shoulder Dress - Hunters Green,36
Vivo Dua 3/4 Sleeved V Neck Shirt - Mustard / Red Arisi Print,36
Shiv & Shikie X Safari Faux Collar Printed Shirt - Grey/Black Ezi Print,36
Zoya Basic Jersey Bandeau - Dark Olive,36
Vivo Dalia Sleeveless Tie Midi Dress in Print Cotton - Lilac Multicolor Print,36
Vivo Liora Kaftan Tunic Top - Light Taupe,36
Vivo Hadiya 3/4 Sleeve Maxi Dress in Chiffon - Black,36
Vivo Mini Butterfly Kimono in Sweater - Light Taupe,36
Vivo Ayana Cap Sleeve High Low Tent Dress - Rust / Hunters Print,36
Vivo Ari Sleeveless Straight Maxi Slit Dress - Sea Green,36
Vivo Ayla Maxi Kimono - Light Blue / Burgundy Dola Print,36
Vivo Basic Satin Bishop Sleeved Top - Tan / Black Nita Print,36
Vivo Asha Sleeveless Maxi Dress - Pink / Burgundy Eta Print,36
Vivo Basic V-neck Cap Sleeve Top - Hunters Green,36
Vivo Sakari Drop Shoulder Jumpsuit in Crepe - Buttermilk / Navy Print,36
Vivo Basic Cap Sleeve Chiffon Maxi Dress - Green / Black Nitai Print,36
Vivo Button Up Shirt in Chiffon - Maroon,36
Vivo Amai Side Slit Pants - Navy,36
Vivo Asha Wide Leg Pants in Chiffon - Mulberry,35
Vivo Maisha Strappy Cover Up Jumpsuit In Rayon - White / Blue Print,35
Vivo Basic Strappy Belt - Black Checked Print,35
Vivo Basic Sleeveless Midi Jersey Waterfall - Mustard,35
Vivo Boat Neck Dress in Ponte - Orange,35
Vivo Wrap Poncho in Sweater - Dark Red,35
Vivo Rema Straight Leg Pants - Brown,35
Vivo Basic Leila Maxi Waterfall In Jersey - Dark Tan,35
Vivo Nasinka A-Line Knee Length Dress in Crepe - Light Blue,35
Vivo Maisha Strappy Cover Up Jumpsuit In Rayon - White / Taupe Print,35
Vivo Maisha Drop Shoulder Maxi Dress In Rayon - Black / Light Tan Print,35
Vivo Tatili Satin Bishop Long Sleeve Top - Black Textured,35
Vivo Long Sleeve Maxi Waterfall - Olive Green,35
Vivo Yene Layered Top - Mint Green,35
Vivo Tatili Bishop Long Sleeve Top In Satin - Fuschia / Black Garini Print ,35
Vivo Basic Cap Sleeved Bodysuit - Off White,35
Vivo Safa Drawstring Wide Top - Burnt Orange,35
Vivo Mini Butterfly Kimono in Sweater - Black,35
Vivo Nora Front Slit Knee Length Skirt - Red,35
Vivo Leila Cap Sleeve Tent Knee Length Dress - Mustard,35
Vivo Godet Midi Dress in Crepe - Dark Purple,35
Vivo Basic Cap Sleeve Tent Knee Length Dress - White / Dark Green Nisa Print,35
Vivo Tanda Loose Sweater - Grey,35
Vivo Kelemi 4.0 Kimono - Orange,35
Vivo Samira Maxi Kimono - Black / Red Print,35
Safari Mara Shirred Bishop Sleeve Dress - Orange,35
Vivo Multiway Short Kimono in Satin - Baby Blue Textured Print,35
Safari Solana Bubble Midi Skirt - Dark Green,35
Safari by Vivo Cotton Wide Drawstring Kaftan - Mint / Red Print,35
Vivo Ayana Wide High Low Top - Mustard / Purple,35
Vivo Liora Asymmetrical Satin Kaftan Top - Olive Textured Print,35
Safari Kamari Halter Shirt - Light Blue,35
Vivo Merika Satin Wrap Top - Maroon,35
Vivo Knee length Dress - Rfs 6,35
Vivo Anavi Cascade Waterfall - Orange,35
Safari by Vivo Zehra Extra Wide Shirt in Linen - Orange,35
Vivo Izzy Satin Bishop Sleeve Top - White,35
Vivo Off Shoulder Maxi Dress in Cotton - Red Multicolor Print,35
Vivo Ari One Shoulder Maxi Dress - Red,35
Safari Long Sleeve Waterfall - White,35
Safari by Vivo Zehra 3/4 Sleeve Kitenge Maxi Dress - Black / Olive Vema Print,35
Vivo Yene Layered Top - Navy,35
Vivo Boat Neck Dress in Ponte - Black,35
Zoya Jersey Bandeau - Yellow,34
Safari by Vivo Zehra Embroidered Linen Kimono - Coral,34
Vivo Liora Drawstring Midi Dress - Mustard / Grey Ziza Print,34
Vivo Full Length Pants - Rfs 5,34
Vivo Rema 3/4 Sleeve Side Slit Tunic Top - Taupe,34
Vivo Pelia Round Neck Dress - Dusty Green,34
Vivo Bodysuits T- Shirts & Tank Tops - Rfs 5,34
Vivo Wastani 3/4 Shirred Sleeve Wide Tunic - Taupe / Navy Zia Print,34
Vivo Wastani Drawstring Pants - Dark Green,34
Safari by Vivo Zehra Drawstring Pants - Navy,34
Vivo Everyday Long Sleeve Top In Jersey - Tan,34
Vivo Lulu Cotton Barrel Pants - Maroon,34
Vivo Iyana Cape Top In Chiffon - Navy,34
Vivo Joy Sweater - Red,34
Vivo Basic Crepe Bishop Sleeve Top - Cream / Olive Print,34
Shiv Shikie X Safari Drawstring Pants in Rib - Olive,34
Vivo Amai Hi-Low Top in Satin - Olive / Black Garini Print,34
Safari Savannah Men's Jacket - Hunters,34
Safari by Vivo Zehra Embroidered Linen Kimono - Maroon,34
Vivo Meli Sleeveless Coat - Olive,34
Vivo Chidii Tunic Dress With Frills - Black / Blue Print,34
Vivo Studio Crew Neck Tee in Rib - Maroon,34
Vivo Ayla Crepe Pants - White / Light Taupe Dola Print,34
Vivo Tie Dolman Kimono in Textured Crepe - White,34
Vivo Tatili Wide Leg Pants in Heavy Crepe - Black,34
Vivo Multiway Cover Up in Chiffon - Black,34
Vivo Jersey Spaghetti Tank Top - Navy,34
Vivo Button Up Shirt in Chiffon - Light Blue,34
Zoya Luna Cargo Pants - Navy Blue,34
Vivo Dua Shirt In Satin - Taupe,34
Vivo Leila 3/4 Sleeve Tent Knee Length Dress - Teal,34
Vivo Lani Maxi Dress In Satin - Taupe / White Yali Print,34
Vivo Wide Leg Pants in Textured Crepe - White,33
Vivo Talia Kimono & Shorts Set - Cream / Rust Print,33
Vivo Serwa Tent Dress In Crepe - Grey,33
Safari Kikoy Shirred Top Maxi Dress - Tan,33
Vivo Dalia Sleeveless Tie Midi Dress in Print Cotton - Olive Multicolor Print,33
Vivo Ava Front Pleat Knee Length Dress In Crepe - Navy,33
Vivo Chidii Wide Leg Pants - Dark Red,33
Vivo Off Shoulder Dress in Print Cotton - Yellow Multicolor Print,33
Vivo Basic Long Sleeved Bodysuit - Teal,33
Zoya Sadira Cargo Shorts - Hunters,33
Vivo Wide Leg Pants in Textured Crepe - Off White,33
Zoya Temo Parachute Pants -Dark Grey,33
Vivo Sierra Bishop Sleeve Top - Black / Grey Lipi Print,33
Vivo Zola V Neck Cap Sleeve Maxi Dress - Buttermilk / Chocolate Emin Print,33
Vivo Chidii Tunic Dress With Frills - Black / Burgundy Print,33
Vivo Waridi Pencil Skirt - Chocolate,33
Safari by Vivo Cotton Wide Drawstring Kaftan - Light Olive / Purple Print,33
Vivo Maisha Top & Pant Set - Pink / Chocolate Print,33
Vivo Chidii Drop Shoulder Kimono - Dark Red / Black Tulu Print,33
Safari Solana Bubble Midi Skirt - Olive,33
Vivo Basic V-Neck Long Sleeve Top - Burgundy,33
Vivo Basic Sleeveless Double Layered Coat - Grey,33
Safari by Vivo Zehra Extra Wide Shirt in Linen - Sea Green,33
Safari Solana Bubble Midi Skirt - Rust,33
Vivo Liora Drawstring Pants - Red,33
Shiv & Shikie X Safari Faux Collar Shirt - White,33
Vivo Iyana Knee Length Bubble Dress - White / Teal Iya Print,33
Vivo Upe Wide Leg Pants - Burgundy,33
Vivo Sleeveless Maxi Dress in Cotton - Cream / Teal Print,33
Vivo Sakari Drop Shoulder Jumpsuit - Purple,33
Vivo Ayana Wide High Low Top - Black / Cream,33
Vivo Nora Front Pleat Knee Length Dress - Taupe,33
Vivo Ayah Shirred Cuff Loose Top - Lilac / Navy Ullu Print,33
Vivo Samira Cape Dress - Purple Print,33
Vivo Tie Kimono in Sweater - Teal,33
Vivo Liora Drawstring Midi Dress - Grey / Mustard Ziza Print,33
Vivo Maisha Drop Shoulder Maxi Dress In Rayon - Black / White Spiral Print,33
Vivo Lulu Wide Hem Tent Dress In Cotton - Orange,33
Vivo Dua 3/4 Sleeved V Neck Shirt - Buttermilk / Red Arisi Print,33
Zoya Banda Waist Length Zipped Jacket - White,33
Vivo Wila Turn Up Coat - Taupe,33
Safari Men's Long Sleeve Shirt - Khaki,33
Vivo Nora Front Pleat Knee Length Dress - Dark Red,33
Safari by Vivo Zehra Sleeveless Boxy Top - Black / White Print,33
Vivo Studio Flared Pants In Ponte - Navy,33
Zoya Basic Jersey Bandeau - Mustard,33
Vivo Basic Dolman Sweater - Black,33
Vivo Maxi Dress - Fs 5,33
Vivo Keza V-Neck Maxi Kaftan - Orange / Brown Print,33
Vivo Ayla Maxi Kaftan Dress - Red / Navy Nola Print,33
Vivo Yene One Soulder Kaftan - Hot Pink,33
Vivo Chidii Maxi Kaftan - Black / Beige Print,33
Vivo Long Sleeve Maxi Waterfall - Black,33
Vivo Basic Satin Cap Sleeve Top - Dark Tan / Lime Print,33
Vivo Kaisa Mock Neck Sleeveless Top - Taupe,33
Vivo Laika Bishop Sleeve Shift Dress in Crepe - Beige / Brown Loleni Print,32
Vivo Sakari Drop Shoulder Jumpsuit in Crepe - Dark Hunters,32
Vivo Maxi Kimono in Chiffon - Light Blue / Black Print,32
Vivo Chidii Drop Shoulder Kimono - Dark Red,32
Vivo Maxi Dress - FS 7,32
Vivo Tie Dolman Kimono in Textured Crepe - Olive,32
Vivo Liora Tiered Maxi Skirt in Crepe - Fuschia,32
Zoya Basic Halter Tie Top - Taupe,32
Vivo Asha Drop Shoulder Knee Length Dress - Cream / Mustard Avi Print,32
Zoya Banda High Slit Maxi Skirt - Pink,32
Vivo Samira Pants in Rayon - Black / White Print,32
Safari by Vivo Cotton Wide Drawstring Kaftan - Light Blue / Green Print,32
Vivo Basic Cap Sleeve Top In Crepe - Maroon,32
Vivo Nasinka A-Line Maxi Dress - Sky Blue / Blue Tilla Print,32
Vivo Sawari Crossed Cuff Batwing Top - Hunters,32
Vivo Off Shoulder Maxi Dress in Cotton - Orange Multicolor Print,32
Vivo Keza V-Neck Maxi Kaftan - Olive / Brown Print,32
Vivo Basic Dolman Sweater - Rust,32
Vivo Basic Dolman Sweater - Grey,32
Vivo Niari straight leg Pants - Orange,32
Vivo Fitted Tops - Rfs 5,32
Vivo Dalia Flounce Sleeve Knee Length Dress in Chiffon - Light Green / Hunters Arah Print,32
Vivo Basic Round Neck Maxi Dress - Black / Orange,32
Vivo Basic Crepe Bishop Sleeve Top - Yellow / Black Rozi Print,32
Vivo Dua 3/4 Sleeved V Neck Shirt - Lilac / Eggplant Arisi Print,32
Vivo Nalia Long Sleeve High Low Top - Tan,32
Vivo Safa Drop Shoulder Top - Olive,32
Vivo Sleeveless Maxi Dress in Cotton - Peach / Rust Print,32
Zoya Taani Sleeveless Midriff Top - Navy,32
Vivo Basic Destiny Chiffon Top - Green / Pink Print,32
Vivo Kala Gathered Front Top - Orange,32
Zoya Banda High Slit Maxi Skirt - Blue,32
Safari by Vivo Wide Kaftan in Cotton - Dark Pink,32
Safari Nazari Maxi Shirt Dress - Navy / Cream Stripes,32
Vivo Basic Knee Length Dress In Chiffon - Sea Green,32
Vivo Tana Puff Sleeve Bodysuit In Jersey,32
Vivo Kaisa 3/4 Sleeve Knee Length Bodycon in Stretch Rib - Black,31
Safari Tiwa Barell Pants - Rust,31
Vivo Chela Wide Leg Pants - Maroon,31
Vivo Basic Hooded Kimono - Brown / Beige Print,31
Vivo Maisha Drop Shoulder Maxi Dress In Rayon - Off White / Olive Print,31
Safari Tafari High Slit Kimono - Teal / Keta Print,31
Vivo Basic Long Sleeve Tent Shirt Dress - Cream / Navy Print,31
Vivo Maisha Kimono in Crepe - Beige / Black Abstract Print,31
Safari Kikoy Tie Back Maxi Dress - Firozi,31
Shiv Shikie X Safari Drawstring Pants in Rib - Mulberry,31
Safari Tawi Bishop Sleeve Tiered Dress - Olive,31
Vivo Basic Crepe Bishop Sleeve Top - Dark Green,31
Vivo Loose Tops - Fs 2,31
Vivo Hadiya Wrap Dress - White / Black Tal Print,31
Vivo Lani Maxi Dress In Satin - Light Blue / Navy Print,31
Vivo Chela Sleeveless Waterfall in Jersey - Mustard,31
Zoya Vasha Biker Shorts - Grey,31
Vivo Asha Sleeveless Maxi Dress - Light Olive / Navy Ela Print,31
Vivo Liora Drawstring Pants - Coral,31
Vivo Sakari Circular Loose Top in Chiffon - Black / Rust Textured Print,31
Vivo Basic Puff Sleeved Bodycon - Hunters Green,31
Vivo Maxi Dress - FS 2,31
Safari Solana Bubble Midi Skirt - Chocolate,31
Vivo Long Sleeve Midi Waterfall - White,31
Vivo Multiway Cover Up in Chiffon - Mustard,31
Vivo Studio Crew Neck Tee in Rib - Dark Taupe,31
Vivo Kelemi Halter Maxi Dress - Mustard / Red Lana Print,31
Shiv Shikie X Safari V-Neck Long Sleeve Sweatshirt in Rib - Olive,31
Vivo Dua Shirt In Satin - Dark Red,31
Vivo Serwa Tent Dress In Crepe - Coral,31
Safari Tafari Highlow Top in Kitenge - Ariza Print,31
Vivo Isabi Sleeveless Kimono - Light Grey / Blue Pasi Print,31
Vivo Short Kimono - Maroon / Pink Ara Print,31
Safari Tiwa Shirred Top - Navy,31
Vivo Takali Asymmetrical Midi Length Kaftan - Brown,31
Vivo Nuru Maxi Kimono - Black,31
Vivo Takali Frilled Midi Dress - Lime / Brown Ela Print,31
Vivo Liora Side Drawstring Kaftan Dress in Satin - Dark Navy,31
Vivo Chela Sleeveless Waterfall - Dark Taupe,31
Vivo Asha Drop Shoulder Knee Length Dress - Dark Navy / Cream Samara Print,31
Vivo Analo Wide Leg Pants - Yellow,31
Zoya Temo Mens Zipped  Overshirt - Green Camo,31
Vivo Maxi Dress - RFS 2,31
Vivo Dua 3/4 Sleeved V Neck Shirt - Lilac / Black Arisi Print,30
Vivo Basic Crepe Bishop Sleeve Top - Light Mustard,30
Vivo Alek High Slit Kimono - Light Pink / Mint Print,30
Vivo Basic Crepe Bishop Sleeve Top - White,30
Vivo Isabi Loose Top  in Chiffon - Mustard,30
Vivo Lulu Drawstring Top In Cotton - Lime,30
Zoya Basic Jersey Bandeau  -  Teal,30
Vivo Cowl Neck Camisole in Satin - Cream / Lilac Huwa Print,30
Vivo Maisha Drop Shoulder Maxi Dress - Light Blue / White Mai Print,30
Vivo Iyana Knee Length Bubble Dress in Satin - Dark Green / Black Riwa Print,30
Vivo Pesi Basic Long Sleeve Shirt - White Stripes,30
Vivo Hadiya 3/4 Sleeve Maxi Dress in Chiffon - Red,30
Vivo Basic Crepe Cap Sleeve Top - Dark Red,30
Vivo Nora Front Pleat Knee Length Dress - Black,30
Vivo Basic Val Long Sleeve Top - Dark Green,30
Vivo Liora Multiway Top in Satin - Baby Blue Textured Print,30
Vivo Wastani Shirred Sleeve Easy Fit Shirt - Dusty Green,30
Vivo Zena Shirred Waist Maxi Shirt Dress - Red,30
Vivo Samira Pants - Beige / White Print,30
Safari Bush 3/4 Sleeve Top - Taupe,30
Safari Nazari Maxi Shirt Dress - Red / Cream Stripes,30
Vivo Basic Satin Cap Sleeve Top - Yellow / Black Hini Print,30
Shiv & Shikie X Safari Boxy T Shirt - Olive,30
Vivo Studio Crew Neck Tee in Rib - Olive,30
Vivo Liora Side Drawstring Kaftan Dress in Satin - Navy / Off White Print,30
Vivo Dua Satin Bishop Sleeve Top - Dusty Green,30
Safari Tawi Bishop Sleeve Tiered Dress - Navy,30
Safari by Vivo Zehra Drawstring Pants - Tan,30
Vivo Liora Sleeveless Drawstring Top In Satin - Off White / Black Print,30
Vivo Takali Asymmetrical Midi Length Kaftan In Satin - Light Taupe,30
Vivo Ayla Maxi Kimono - Chocolate / Cream Falo Print,30
Vivo Sleeveless Maxi Dress in Cotton - Mint / Green Print,30
Vivo Aleri Coat - Burgundy,30
Vivo Basic Crepe Bishop Sleeve Top - White / Red Rozi Print,30
Vivo Everyday Side Twist Bodycon in Jersey - Dark Green,30
Vivo Selah Midi Skirt - Black,30
Vivo Safa Straight Leg Pants - Olive,30
Zoya Basic Jersey Bandeau - Rust,30
Safari by Vivo Zehra Drawstring Pants - Beige,30
Vivo Alek Shirred Off- Shoulder Jumpsuit - Mustard,30
Vivo Ayla Crepe Pants - Light Blue / Burgundy Dola Print,30
Vivo Essentials Tank Top - Teal,30
Vivo Lani Maxi Dress - Rust / Mustard Print,30
Vivo Kaisa Maxi Skirt - Taupe,30
Vivo Hamle Side Twist Tie Bodycon - Mustard,30
Safari Tafari High Slit Kimono - Black / Luena Print,29
Vivo Wrap Top in Cotton - Olive / Black Print,29
Shiv Shikie X Safari V-Neck Long Sleeve Sweatshirt in Rib - Black,29
Vivo Ayah 3/4 Sleeve Jumpsuit - Dark Red,29
Vivo Nala Shirt Dress - Dark Navy Blue,29
Vivo Beali Shorts - Beige / Gold Lea Print,29
Safari Kikoy Shirred Top Maxi Dress - Red,29
Vivo Long Sleeve Midi Waterfall - Chocolate Brown,29
Vivo Seli Strappy Tent Top - Black,29
Safari Naledi Wrap Top - Orange,29
Vivo Basic Crepe Bishop Sleeve Top - White / Blue Rozi Print,29
Vivo Sweatshirt in Scuba - Black,29
Vivo Fitted Tops - Fs 6,29
Vivo Chela Basic Cap Sleeve Top - Royal Blue,29
Vivo Yumi Cap Sleeve Dress -  Chocolate,29
Vivo Basic Long Lily Waterfall - Teal,29
Vivo Maisha 3/4 Sleeve Maxi Dress - Teal Leafy Print,29
Safari Chui Heavy Shirt - Taupe,29
Safari by Vivo Pintuck Shirt in Cotton - Rust,29
Safari Lounge Pants - Dark Taupe,29
Safari by Vivo Cotton Wide Drawstring Kaftan - Mint / Olive Print,29
Vivo Studio Flared Pants In Ponte - Rust,29
Vivo Iyana Bubble Midi Skirt - Green / Pink Iya Print,29
Vivo Samira Pants - White / Blue Leaf Print,29
Vivo Maxi Kimono in Chiffon - Mint / Black Print,29
Vivo Iyana Shirred Waist Jumpsuit - Cream / Yellow Azari Print,29
Safari by Vivo Zehra Drawstring Pants - Coral,29
Vivo Keza V Neck Maxi Kaftan In Satin - White / Black Print,29
Vivo Niari Tent Dress - Light Purple,29
Shiv & Shikie X Safari Printed Short Sleeve Shirt - Brown / Black Ezi Print,29
Vivo Yumi Off Shoulder Jumpsuit - Olive / Dark Green Nisa Print,29
Vivo Isabi Sleeveless Kimono - White / Tan Pasi Print,29
Safari by Vivo  Tiwa Shirred Top - White,29
Safari Naledi Gathered Panel Wrap Dress - White,29
Vivo Takali Asymmetrical Midi Length Kaftan In Satin - Navy,29
Safari Kikoy Tie Back Maxi Dress - Dusty Green,29
Safari Spaghetti Tank Top - Light Taupe,29
Vivo Sanali Wide Leg Pants - Taupe Animal Print,29
Vivo Tie Kimono in Sweater - Taupe,29
Vivo Serwa Asymmetric Top - Peach / Rust Sera Print,29
Safari Kamari Wide Leg Pants - Black,29
Vivo Liora Satin Drawstring Kimono Sleeve Top - Hunters Textured Print,29
Safari by Vivo Zehra Extra Wide Shirt in Linen - Lilac,29
Vivo Basic Bishop Sleeve Top In Chiffon (Double Layered) - White / Lilac Print,29
Safari by Vivo Zehra Cotton High Low Shirt - Light Olive,29
Vivo Solei Shorts(without lining) - Grey / Black Print,29
Vivo Maxi Kimono in Chiffon - Beige / Black Print,29
Safari Tawi Off-Shoulder Dress - Rust,29
Vivo Cotton 3/4 Sleeve Wrap Top - Chocolate,29
Vivo Basic Crepe Pants - Light Blue / Green Print,28
Safari by Vivo Zehra Extra Wide Shirt in Linen - Red,28
Vivo Tatari Cap Sleeve Sheath Dress - Olive / Black,28
Vivo Nora Front Pleat Knee Length Dress - Pink,28
Vivo Ayana Wide Top - Blue / Off-White Hua Print,28
Vivo Basic Chiffon Tie Kaftan Top - Black / Taupe Api Print,28
Vivo Pelia Round Neck Dress - Olive,28
Vivo Midi & Capri Dress - Fs 4,28
Vivo Basic Crepe Bishop Sleeve Top - Dark Red,28
Vivo Wila Dolman Tunic - Taupe,28
Vivo Basic Long Sleeved Bodysuit - Burgundy,28
Vivo Maisha Drop Shoulder Maxi Dress - Dark Teal / White Mai Print,28
Vivo Selah Mock Neck Top in Stretch Rib - Buttermilk,28
Vivo Basic Crepe Pants - Tan / Navy Print,28
Safari Tiwa Barell Pants - White,28
Vivo Full Length Pants - Rfs 2,28
Vivo Anavi Short Sleeve Top - Navy,28
Safari Tawi Off-Shoulder Top - White,28
Vivo Ajani V-Neck Top - Black,28
Zoya Vasha Short Sleeve Mesh Top - Neon Green,28
Safari Naledi 3/4 Sleeve Tent Dress - White Polka Stripes,28
Safari Naledi Wrap Top - Navy,28
Zoya Taani Sleeveless Midriff Top - Black,28
Vivo Lulu Contrast Stitch Tent Dress in Cotton - Black,28
Vivo Basic Double Layered Capri Skirt - Navy Blue,28
Vivo Niari Pleated Dress in Crepe - Hunters Green,28
Vivo Takali Asymmetrical Midi Length Kaftan - Buttermilk,28
Safari Tafari Shorts - Shan Print,28
Vivo Basic Tolani Jersey Dress - Tan,28
Safari by Vivo Pintuck Shirt in Cotton - Chocolate,28
Vivo Sleeveless Maxi Dress in Cotton - Taupe / Olive Print,28
Safari by Vivo Mansi Wide Hem Embroidered Tent Dress - Black,28
Vivo Selah Mock Neck Top - Dark Red,28
Vivo Keza V-Neck Maxi Kaftan - Orange / Black Print,28
Vivo Merika Satin Wrap Top - Sea Green,28
Vivo Basic Tulip Sweater - Olive Green,28
Zoya Luna Cargo Pants - Dark Green,28
Zoya Basic Halter Tie Top - White,28
Vivo Basic Dolman Sweater - Dark Green,28
Vivo Basic Sienna Waterfall - Dark Taupe,28
Vivo Basic Long Sleeved Top - Rust,28
Safari Bush Men's Long Sleeve T-shirt - Grey,28
Vivo Off Shoulder Maxi Dress in Cotton - Grey Multicolor Print,28
Vivo Basic Crepe Pants - Brown / Olive Print,28
Vivo Cowl Camisole - Khaki,28
Vivo Basic Cap Sleeve Top In Crepe - Red,28
Vivo Fitted Tops - Fs 1,28
Vivo Basic Chiffon Cap Sleeve Top (Double Layered) - Hunters Green,28
Vivo Basic Crepe Pants - Purple / Black Tiki Print,28
Vivo Niari straight leg Pants - Green,28
Vivo Cowl Neck Camisole in Satin - White /Orange Huwa Print,28
Zoya Naya One Shoulder Flounce Satin Crop Top - Dark Taupe / Navy Siri Print,28
Vivo Samira Wide Kimono - Beige / White Print,28
Vivo Knee Length Kaftan in Satin - Black / White Print,28
Zoya Vasha Midriff Jacket - Khaki / White,28
Vivo Lamu Knee Length Chiffon Dress - Dark Brown / White Omara Print,28
Vivo Lulu 3/4 Sleeve Maxi Kaftan - Black / White Print,28
Vivo Keza Satin Border Maxi Kaftan - Maroon / Rust Abstract Print,28
Vivo Serwa Wide Leg Jumpsuit - Blue / Black Sera Print,28
Vivo Basic Sleeveless Extra Long Lily Waterfall - Yellow,27
Vivo Dua Shirt In Satin - Navy,27
Zoya Luna Cargo Pants - Black,27
Vivo Studio Striped Pants In Crepe - Purple Striped Print,27
Zoya Yuni Men's Long Sleeve T-shirt - Navy Blue,27
Vivo Button Up Shirt in Chiffon - Navy,27
Vivo Selah Maxi Dress - Off White,27
Safari Naledi 3/4 Sleeve Tent Dress - Taupe Puff Stripes,27
Vivo X This Is Essential One Shoulder Bodysuit - Navy,27
Vivo Dalia Sleeveless Gathered Tent Dress - Red,27
Vivo Sierra Maxi Dress in Chiffon - Purple / Black Bori Print,27
Vivo Chidii Wide Leg Pants - Dark Red / Black Tulu Print,27
Vivo Kelemi 4.0 Sleeveless Dress - Lilac / Olive Nashe Print,27
Safari Zene Off Shoulder Top - Coral,27
Vivo Off Shoulder Maxi Dress in Cotton - Green Multicolor Print,27
Zoya Yuni Men's Long Sleeve T-shirt- Grey,27
Vivo Iyana Cape Top In Chiffon - Sea Green,27
Safari Kaya Long Sleeve Collar Shirt - Navy,27
Zoya Basic Short Sleeve Crop Top - Black,27
Vivo Studio Crew Neck Tee in Rib - Teal,27
Zoya Banda Drop Shoulder Unisex Wide Jacket - Pink,27
Vivo Basic Long Sleeve Cascade Waterfall - Hunters Green,27
Vivo Nora Front Pleat Knee Length Dress - Orange,27
Vivo Scalloped Kimono in Crepe - Black / Grey Print,27
Vivo Maisha 3/4 Sleeve Maxi Dress - Blueberry / White Print,27
Zoya Yuni Halter Midriff Top - Navy Blue,27
Zoya Basic Jersey Bandeau  -  Deep Teal,27
Vivo Keza Satin Border Maxi Kaftan - Light Blue / Teal Abstract Print,27
Zoya Basic Jersey Bandeau  - Burnt Orange,27
Vivo Liora Asymmetrical Satin Kaftan Top - Brown Textured Print,27
Vivo Ayana Cap Sleeve High Low Tent Dress - Black / Rust Yana Print,27
Vivo Maisha Top & Pant Set,27
Vivo Liora Scalloped Maxi Top in Chiffon - Chocolate,27
Vivo Ayana Cap Sleeve High Low Tent Dress - Navy / Brown Yana Print,27
Vivo Chari Cap Sleeve Shift Dress - Beige,27
Vivo Safa Skirt - Burnt Orange,27
Vivo Loose Tops - Rfs 2,27
Safari Men's Chinese Collar Long Sleeve Shirt - Coral,27
Vivo Tatili Wide Leg Pants - Burnt Orange,27
Vivo Dua Satin Bishop Sleeve Top - Blue / Purple Print,26
Vivo Zahari 3/4 Sleeve Off Shoulder Jumpsuit In Crepe - Dark Green,26
vivo Situ Ruffle Neck Top - White/Purple Tiri Print,26
Safari Tawi Off Shoulder Knee Length Dress - Mustard(Plain Belt),26
Vivo Seli V-Neck Length Dress - Black,26
Vivo Basic Sleeveless Kena Tent Dress In Ponte - Mustard,26
Shiv Shikie X Safari Drawstring Pants in Rib - Dark Green,26
Vivo Dalia Sleeveless Tie Midi Dress in Print Cotton - Light Blue Multicolor Print,26
Vivo Asha Sleeveless Maxi Dress - Yelllow / Brown  Ela Print,26
Vivo Dalia Flounce Sleeve Knee Length Dress in Chiffon - Orange / Black Arah Print,26
Vivo Niari Sleeveless Top - Magenta,26
Vivo Liora Front Drawstring Kaftan Dress in Satin - Rust Textured Print,26
Vivo Bodysuits T- Shirts & Tank Tops - Rfs 1,26
Vivo Basic Nandi High Slit Kimono - Cream / Blue Print,26
Vivo Merika Satin Wrap Top - Magenta,26
Vivo Cowl Neck Camisole in Satin - Cream / Olive Huwa Print,26
Zoya Shani Pleated Shorts - Navy / Peach Sani Print,26
Vivo Tatili Pinstripe Pants in Medium Crepe - Dark Purple,26
Vivo Tatili Bishop Long Sleeve Top In Satin - Olive / Black Garini Print,26
Vivo Liora Side Drawstring Kaftan Dress in Satin - Grey / Black Print,26
Vivo Side Slit Midi Waterfall - Ivory,26
Vivo Keza Circular Loose Top - Burgundy / Pink Zade Print,26
Vivo Button Up Shirt in Chiffon - Lilac,26
Vivo Knee Length Kaftan in Satin - Teal / Purple Print,26
Vivo Sarabi Strappy Low Back Maxi Dress - Orange / Black Print,26
Vivo Off Shoulder Dress in Print Cotton - Beige Multicolor Print,26
Vivo Alek High Slit Kimono - Light Blue / Green Print,26
Vivo Maisha Wide Kimono - Grey / Black Print,26
Vivo Long Sleeve Midi Waterfall - Offwhite,26
Vivo Hanabi Satin High Low Top - Light Olive /Red Kari Print,26
Vivo Hadiya 3/4 Sleeve Maxi Dress in Chiffon - Navy,26
Vivo Waterfalls & Kimonos - Fs 1,26
Vivo Maisha Top & Pant Set - White / Blue Print,26
Vivo Basic 3/4 Sleeve Double Layered Bodycon Dress - Hunters,26
Safari Zene Off Shoulder Top - Pink,26
Vivo Ayah Shirred Cuff Loose Top - Dark Red,26
Vivo Maisha Strappy Cover Up Jumpsuit In Rayon - Black / Off White Print,26
Safari Kikoy Shirred Top Maxi Dress - Light Green,26
Vivo Basic Satin Cap Sleeve Top - Taupe / Brown Bia Print,26
Vivo Ayla Maxi Kimono - White / Light Taupe Dola Print,26
Vivo Ayah Bishop Sleeve Mock Neck Top - Burnt Orange,26
Vivo Basic Satin Bishop Sleeved Top - Black / Green Bai Print,26
Zoya Basic Halter Tie Top - Orange,26
Vivo Basic Crepe Pants - Light Pink / Mint Print,26
Vivo Samira Wide Kimono in Rayon - Black / Brown Polka Dot,26
Zoya Yuni Men's Long Sleeve T-shirt - Black,26
Vivo Ayla Maxi Kimono - Navy / Brown Alya Print,26
Vivo Laika Bishop Sleeve Shift Dress in Crepe - Peach / Rust Loleni Print,26
Vivo Amai Maxi Kaftan In Textured Satin - Dusty Green / Black Print,26
Vivo Basic Extra Long Lily Waterfall - Olive,26
Vivo Leila 3/4 Sleeve Tent Knee Length Dress - Navy,26
Vivo Aleri Trench Coat Dress - Mustard,26
Safari Zene Off Shoulder Top - Lime,26
Vivo Basic Hooded Kimono - White / Brown Print,26
Vivo Wrap Top in Crepe - Dark Orange,26
Safari by Vivo Cotton Wrap Dress - Mint / Dark Green Print,26
Vivo Kelemi 4.0 Kimono - Purple,26
Vivo Liora Kaftan Tunic Top - Light Pink,26
Vivo Analo Wide Leg Pants - Orange,26
Vivo Iyana Bubble Midi Skirt - Black,26
Vivo Asha Drop Shoulder Knee Length Dress - Orange / Cream Bule Print,26
Vivo Studio 2-piece in Mixed Media - Burgundy,26
Vivo Amai Off-Shoulder Maxi Dress - Lilac / Green Biya Print,26
Vivo Liora Tiered Maxi Skirt in Crepe - Lilac,25
Vivo Aleri Trench Coat Dress - Rust,25
Vivo Bodysuits T- Shirts & Tank Tops - Rfs 3,25
Vivo Lamu Knee Length Cold Shoulder Dress - Tan,25
Vivo Asha Sleeveless Maxi Dress - Yelllow / Brown Ela Print,25
Vivo Keza V Neck Maxi Kaftan In Satin - Mint / Green Print,25
Safari by Vivo Lira Panelled Camisole Top - Black,25
Vivo Midi Bodycon in Stretch Rib - Fuschia,25
Vivo Dua Satin Bishop Sleeve Top - Black / Beige Lai Print,25
Vivo Zena Shirred Waist Maxi Shirt Dress in Crepe - Light Blue,25
Vivo Beali Two Way Wrap Top - Cream / Gold Lea Print,25
Vivo Basic Long Sleeved Top - Dark Green,25
Vivo Sakari Drop Shoulder Jumpsuit in Crepe - Yellow / Black Print,25
Zoya Yuni Halter Midriff Top - Black,25
Vivo Basic Double Layered Long Sleeved Bodysuit - Rust,25
Vivo Tie Dolman Kimono in Textured Crepe - Black,25
Vivo Basic 3/4 Sleeve Double Layered Bodycon Dress - Mustard,25
Vivo Maisha Drop Shoulder Maxi Dress In Rayon - Pink / Light Tan Print,25
Safari Tafari Shorts - Dark Navy Asili Print,25
Safari Chui Heavy Shirt - White,25
Zoya Vasha Short Sleeve Mesh Top - Neon Pink,25
Vivo Maxi Dress - SAMPLE1,25
Vivo Basic Cap Sleeve Tent Knee Length Dress in Crepe - Black,25
Vivo Fitted Tops - Rfs 2,25
Vivo Maisha 3/4 Sleeve Maxi Dress - Purple Mural Print,25
Vivo Leila Cap Sleeve Tent Knee Length Dress - Hunters,25
Vivo Serwa Square Neck Maxi Dress - Pink / Navy Sera Print,25
Vivo Maisha Strappy Culotte Jumpsuit - Black / Cream Print,25
Zoya Basic Halter Tie Top - Chocolate,25
Vivo Sakari Circular Loose Top - Taupe / Grey Print,25
Vivo Ava Tent Knee Length Dress - Blue Debi Print,25
Vivo Chela Wide Leg Pants - Taupe,25
Vivo Kani Cap Sleeve Maxi Dress - Rust / Mulberry Nasi Print,25
Vivo Aleri Front Slit Sheath Dress - Olive,25
Vivo Dalia Flounce Sleeve Knee Length Dress in Chiffon - Light Blue / Navy Arah Print,25
Vivo Zawadi Inverted Pleat Dress - White,25
Vivo Basic Long Sleeved Bodysuit - Hunters Green,25
Vivo Basic Straight Skirt - Navy Blue,25
Vivo Wastani 3/4 Shirred Sleeve Wide Tunic - Navy,25
Safari Naledi Gathered Panel Wrap Dress - Lime,25
Vivo Paji Round Neck Sheath Dress - Black / White Stripes,25
Vivo Basic 3/4 Sleeved Double Layered Bodysuit in Jersey - White,25
Vivo Off Shoulder Maxi Dress in Cotton - Blue Multicolor Print,25
Safari Lira Panelled Camisole Top - Navy Blue,25
Vivo Basic Chiffon Tie Kaftan Top - Black / White Lola Print,25
Vivo Chela Tank Top - Brown,25
Vivo Samira Wide Kimono - White / Black Print,25
Vivo Ayah Satin Pants - Mustard / Black Ullu Print,25
Zoya Shani Satin Off Shoulder Crop Top - Burgundy,25
Vivo Basic Bodycon - Chocolate,25
Vivo Isabi Sleeveless Kimono - White / Yellow Sabi Print,25
Vivo Long Sleeve Maxi Waterfall - Rust,25
Vivo Basic Long Sleeved Bodysuit - Safron,25
Vivo Ayah Bishop Sleeve Mock Neck Top - Rust / Navy Yana Print,25
Vivo Hari Flared Sleeve Tunic - Green,25
Vivo Basic Sleeveless Sienna Waterfall - Teal,25
Vivo Ajani V-Neck Top - Rust,25
Safari Tafari Off Shoulder Crop Top - Shan Print,25
Vivo Extra Long May Jersey Waterfall - Green,25
Vivo Liora Shorts - Cream / Coral Ziza Print,25
Safari by Vivo Zehra Extra Wide Shirt in Linen - Dark Green,25
Vivo Basic Long Sleeve Bodysuit (Seamless) - Dark Taupe,25
Vivo Merika Satin Wrap Top - Navy / Dark Red Iya Print,25
Vivo Chidii Drop Shoulder Kimono - Gold,25
Vivo Solei Shorts(without lining) - Black / White Print,24
Vivo Maisha Drop Shoulder Maxi Dress In Rayon - Light Brown / Cream Print,24
Vivo X Pinky Sleeveless Crossback Fitness Midriff Top - Pink / Dark Pink Abstract Print,24
Vivo Sakari Drop Shoulder Jumpsuit - Navy / White Deka Print,24
Vivo Tatili Bishop Long Sleeve Top - Black / Beige Print,24
Safari Bush Cropped Short Sleeve Shacket - Gold,24
Vivo Lined Capri Skirt - Raspberry,24
Vivo Extra Long Lily Waterfall - Mustard,24
Vivo Basic Chiffon Tie Kaftan Top - Navy / Royal Blue Api Print,24
Vivo Studio Striped Pants In Crepe - Maroon Striped Print,24
Vivo Sanyu Pleated Pants - Purple,24
Zoya Taani Mini Dress - Navy,24
Vivo Knee length Dress - Fs 7,24
Zoya Basic Jersey Bandeau - Taupe,24
Vivo Cotton 3/4 Sleeve Wrap Top - Orange,24
Vivo Dalia Sleeveless Gathered Tent Dress - Orange,24
Vivo Wastani Drawstring Pants - Maroon,24
Vivo Safiya Wide Top - Safron,24
Zoya Banda High Slit Maxi Skirt - White,24
Vivo Waterfalls & Kimonos - FS 4,24
Zoya Aridi Unisex Shacket (Flannel) - Black/Hunters,24
Safari by Vivo Zehra Kitenge Pants - Vuga Print,24
Vivo Liora Wide Leg Pants - Yellow / Black Rozi Print,24
Vivo Side Slit Midi Waterfall - Off White,24
Zoya Vasha Track Pants - White,24
Vivo Maisha Straight Leg Pants In Crepe - Grey / Black Abstract Print,24
Safari Naledi Gathered Panel Wrap Dress - Orange,24
Vivo Tana Puff Sleeve Bodysuit - Red,24
Vivo Niari Tent Dress - Navy Blue,24
Vivo Basic Long Sleeved Top - Hunters Green,24
Vivo Yene High Slit Tunic Top - Navy Blue,24
Safari Kamari Wide Leg Pants - Navy Blue,24
Vivo Naya One Shoulder Flounce Top - Tawi,24
Vivo Basic Cowl Jersey Top - Orange,24
Zoya Basic Racer Back Crop Top - Navy Blue,24
Vivo Zahari 3/4 Sleeve Off-Shoulder Jumpsuit - Purple Ari Print,24
Vivo Merika Knee Length Wrap Dress - Plum,24
Vivo Full Length Pants - Sample 1,24
Vivo Safa Skirt - Off White,24
Vivo Leila Cap Sleeve Tent Knee Length Dress - White,24
Vivo Dalia Sleeveless Tie Midi Dress in Print Cotton - Black Multicolor Print,24
Vivo Analo Wide Leg Pants - White,24
Vivo Basic Tulip Sweater - Dusty Red,24
Waridi Pencil Skirt - Black,24
Vivo Knee Length Skirts - Rfs 2,23
Zoya Shani Scarf Top - Burgundy,23
Vivo Basic Short Waterfall - Burgundy,23
Vivo Tunu Long Slit Sleeve Knee Length Shift Dress - Yellow / Black Kasim Print,23
Vivo Basic Tsavo Scalloped Chiffon Top - Black,23
Vivo Basic Long Sleeved Bishop Top - Red / White Ifi Print,23
Vivo Essentials Bodycon - Black,23
Vivo Knee length Dress - Rfs 1,23
Safari Kikoy Tie Back Maxi Dress - Blue,23
Vivo Kala Palazzo Pants - Taupe / Orange Bemba Print,23
Safari by Vivo Zehra Kitenge Short Kimono - Pollo Print,23
Vivo Pelia Kimono - Maroon / White Meni Print,23
Vivo Basic Long Sleeved Bodysuit - Mustard,23
Vivo Alani Pallazo Pants - Black,23
Vivo Takali Tunic Top - Lime,23
Vivo Alek High Slit Kimono - Taupe Mint Print,23
Vivo Basic Cap Sleeve Chiffon Maxi Dress - Mustard,23
Vivo Chidii Drop Shoulder Kimono - Mustard / Dark Teal Tulu Print,23
Vivo Wastani Shirred Sleeve Easy Fit Shirt - Light Grey,23
Vivo Tie Dolman Kimono in Textured Crepe - Off White,23
Zoya Basic Bodycon - Navy Blue,23
Safari Kikoy Tie Back Maxi Dress - Frost,23
Vivo Basic Sleeveless Tent Maxi Dress - White / Blue Doret Print,23
Vivo Basic Crepe Cap Sleeved Top - Peach / Navy Print,23
Vivo Niari straight leg Pants - Maroon,23
Vivo Chidii Wide Leg Pants - Mustard / Dark Teal Tulu Print,23
Vivo Samira Cape Dress - Mustard Print,23
Vivo Dua Satin Bishop Sleeve Top - White / Light Teal Print,23
Safari by Vivo  Tawi Off-Shoulder Top - Yellow,23
Vivo Samira Maxi Kimono - Hunters / Red Print,23
Vivo Tatili Wide Leg Pants - Light Olive,23
Vivo Kaisa Short Sleeve Maxi Bodycon - Mustard,23
Vivo Niari Full Length Pants - Black Pinstripes,23
Vivo Off Shoulder Maxi Dress in Cotton - Rust Multicolor Print,23
Vivo Yumi Cap Sleeve Dress - Rust,23
Vivo Maxi Dress - Fs 1,23
Vivo Chela Wide Leg Pants - Dark Taupe,23
Vivo Basic Puff Sleeved Bodycon - Teal,23
Safari Kamari Capri Cargo Pants - Green,23
Vivo Selah Palazzo Pants in Stretch Rib - Buttermilk,23
Vivo Mini Butterfly Kimono in Sweater - Navy Blue,23
Vivo Ayah Drawstring Pants -Green / Peach Zani Print,23
Vivo Kala Wide Leg Pants - Burgundy,23
Zoya Capri Leggings - Navy Blue,23
Vivo Mistari 3/4 Sleeve V - Neck Collared Tunic Top - Neck Collared Tunic Top - Black Stripes,23
Vivo Lined Capri Skirt - Rust,23
Zoya Yuni Off shoulder Mini Dress - Black,23
Safari Kamari Mini Skirt - White Cloud,23
Vivo Liora Kaftan Top - Chocolate,23
Vivo Samira Wide Kimono - Cream / Black Print,23
Safari Bush Drop Shoulder Long Sleeve Top - Hunters Green,23
Vivo Hamle Bias Twist Dress - Burgundy,23
Vivo Asha Sleeveless Maxi Dress - Mint / Olive Eta Print,23
Safari Kikoy Shirred Top Maxi Dress - Gold,23
Zoya Vasha Sleeveless Turtleneck Mini Bodycon - Green / Yellow,23
Vivo Basic Nandi A-Line Kimono - White / Navy Kito Print,23
Vivo Waterfalls & Kimonos - FS 2,23
Safari by Vivo Wide Kaftan in Cotton - Taupe,23
Vivo Basic Kena Tent Knee Length Dress in Ponte - Orange,23
Vivo Samira Wide Kimono - Black / Off White Print,23
Vivo Samira Wide Kimono - Black / Green Print,23
Vivo Turtleneck Knit Fringe Poncho - White,23
Vivo Chidii Tunic Dress With Frills - Black / Gold Print,23
Vivo Ria Mock Neck Top - Dark Taupe,23
Vivo Anavi Maxi Dress In Jersey - Black,23
Zoya Basic Jersey Bandeau  - Tan,23
Vivo Hamle Drapped Front Bodycon - Orange,23
Vivo Sakari Cap Sleeve Maxi Dress - Mustard / Black Reni Print,23
Vivo Wrap Shawl in Sweater - Red,23
Safari Sizani 2 Way Wrap Top - Himo Print,23
Vivo Chiffon Shorts - Navy,23
Vivo Basic Cap Sleeve Chiffon Maxi Dress - Beige,23
Safari Long Sleeve Waterfall - Dark Taupe,23
Vivo Basic Sleeveless Double Layered Coat - Black,22
Vivo Pelia Round Neck Dress - Rust,22
Vivo Cuffed Wide Sweater - Raspberry,22
Vivo Basic Double Layered Long Sleeved Bodysuit - Dark Green,22
Vivo Wastani Drawstring Pants - Navy,22
Safari Kaya Sleeveless Tent Shirt Dress - Taupe,22
Vivo Basic Bodycon Dress - Off White,22
Vivo Ajani V-Neck Top - Coral,22
Zoya Vasha Midriff Jacket - Black / White Mesh,22
Zoya Basic Tank Top - Mustard,22
Vivo Yene One Soulder Kaftan - Royal Blue,22
Shiv & Shikie X Safari Drawstring Pants - Dark Tan,22
Zoya Banda Men's Wide Pants - Pink,22
Vivo Liora Drawstring Kimono Sleeve Top - White,22
Vivo Everyday Short Waterfall in Jersey - Olive,22
Vivo Iyana Knee Length Bubble Dress in Satin - Light Yellow,22
Vivo Basic 3/4 Sleeve A-Line Maxi Dress - Hunters Green,22
Vivo Seli V-Neck Knee Length Dress - Light Blue,22
Vivo Knee length Dress - RFS 7,22
Vivo Maisha 3/4 Sleeve Maxi Dress - Navy / Grey Print,22
Vivo Samira Wide Kimono in Rayon - White / Blue Leaf Print,22
Vivo Chidii Wide Leg Pants - Gold,22
Vivo Maisha Strappy Cover Up Jumpsuit In Rayon - Teal / Off White Print,22
Vivo Liora Asymmetrical Satin Kaftan Top - Hunters Textured Print,22
Safari Njano Front Tie Dress - Tana Print,22
Vivo Dua Shirt In Satin - Dark Olive,22
Vivo Yumi Off Shoulder Jumpsuit - Cream / Rust Rumi Print,22
Zoya Banda Unisex Jorts - Pink,22
Vivo Thando Mock Neck Maxi Dress - Lime / Sea Green Ruvu Print,22
Vivo Dalia Sleeveless Tie Midi Dress in Print Cotton - Green Multicolor Print,22
Vivo Yene Front Tie Top - Mint Green,22
Vivo Basic Jersey Cascade Waterfall - Safron,22
Vivo Hadiya Wrap Dress - Navy / White Print,22
Vivo V-Neck Dress in Stretch Rib - Off White,22
Vivo Basic 3/4 Sleeve Double Layered Bodycon Dress - Burgundy,22
Vivo Dalia Sleeveless Tie Midi Dress in Print Cotton - Purple Multicolor Print,22
Vivo Safa Straight Leg Pants - Light Taupe,22
Vivo Fara Off Shoulder Flounce Sleeve Jumpsuit - Light Grey,22
Vivo Dua 3/4 Sleeved V Neck Shirt - Beige,22
Vivo Scalloped Kimono In Crepe - Lime / Dark Green Print,22
Vivo Basic Chiffon Cap Sleeve Top (Double Layered) - Maroon,22
Zoya Basic Long Sleeve Bodycon - Hunters,22
Safari by Vivo Wide Kaftan in Cotton - Dusty Green,22
Vivo Basic Tank Top - Burnt Orange,22
Vivo Basic Long Sleeved Bodysuit - Yellow,22
Vivo Studio 2-piece in Mixed Media - Black,22
Vivo Kelemi 4.0 Frilled Wide Top - Mustard,22
Safari by Vivo Zehra Kitenge Short Kimono - Moli Print,22
Safari Tafari Highlow Top - Laka Print,22
Vivo Asha Wide Leg Pants in Chiffon - Dark Chocolate,22
Safari Lounge Pants In Jersey - Dark Green,22
Vivo Basic Puff Sleeved Bodycon - Mustard,22
Vivo Dua Shirt In Satin - Dark Brown,22
Vivo Cuffed Wide Sweater - White,22
Vivo Samira Pants - Olive / White Print,22
Vivo Rema 3/4 Sleeve Side Slit Tunic Top - Navy,22
Vivo Side Slit Midi Waterfall - Chocolate Brown,22
Safari Savannah Men's Jacket - Black,22
Shiv & Shikie X Safari Boxy T Shirt - Purple,22
Safari by Vivo Zehra Embroidered Linen Kimono - Beige,22
Vivo Basic Waterfall - Hunters Green,22
Vivo Rayon Jersey Slip Dress - Black,22
Safari Kaya Long Sleeve Shirt Dress - Black,22
Vivo Sanyu Pleated Pants - Navy,22
Vivo Sakari Cap Sleeve Maxi Dress - White / Mustard Reni Print,22
Vivo Tanda Maxi Skirt - Mulberry,22
Vivo Liora Drawstring Pants In Satin - Off White / Black Print,22
Vivo Studio Double Layered Tie Bodycon in Jersey - Dark Red,22
Vivo Basic Spaghetti Strap Tank Top - Hunters Green,22
Vivo Alek High Slit Kimono - Cream / Brown Print,22
Vivo Short Kimono - Tana Print,22
Zoya Yuni Halter Dress - Black,22
Safari Naledi Gathered Panel Wrap Dress - Black,22
Vivo Basic Aziza Belt - Bukavu,22
Vivo Basic Crepe Cap Sleeve Top - Olive,22
Vivo Wastani 3/4 Shirred Sleeve Wide Tunic - Lilac / Dark Purple Lupa Print,21
Vivo Cowl Neck Camisole in Satin - White / Teal Huwa Print,21
Vivo Basic 3/4 Sleeve Kena Tent Knee Length Dress - Orange,21
Vivo Studio Lounge Pants in Rib - Olive,21
Vivo Naya Cigarette Pants - Navy Blue,21
Vivo Wastani Drawstring Pants - Dark Olive,21
Vivo Basic Double Layered Long Sleeved Bodysuit - Red,21
Vivo Ayo Tent Dress - Mustard / Green Print,21
Vivo Lamu Knee Length Cold Shoulder Dress - Burgundy,21
Vivo Sawari Crossed Cuff Batwing Top - Light Tan,21
Vivo Kemi Maxi Skirt - White / Lime Emi Print,21
Safari Tie Back Maxi Dress - Black,21
Vivo Meli Sleeveless Coat - Dark Mustard,21
Vivo Studio Lounge Pants in Rib - Maroon,21
Vivo Wena High Slit Maxi Shirt - Blue,21
Safari Nazari Maxi Shirt Dress - Green / Cream Stripes,21
Vivo Multiway Poncho in Sweater - Mustard,21
Vivo Keza Satin Border Maxi Kaftan - Pink / Lime Toco Print,21
Vivo Merika Satin Wrap Top - Green / Pink Iya Print,21
Vivo Ayah Satin Pants - Dark Red,21
Vivo Maisha Strappy Culotte Jumpsuit - Cream / Blue Print,21
Vivo Val Strappy Bodycon Dress - Mustard,21
Vivo Basic Sleeveless Extra Long Lily Waterfall - Deep Teal,21
Safari Kamari Wide Leg Pants - White,21
Vivo Ajani V-Neck Top - Beige / Brown Print,21
Safari Nazari Off Shoulder Top - Navy / Cream Stripes,21
Vivo Lamu 3/4 Sleeve Double Layered Bodycon - Teal,21
Vivo Ayah Shirred Neck Tent Maxi Dress - Rust / Navy Yana Print,21
Safari by Vivo  Mansi Wide Hem Tent Dress - Hunters,21
Vivo Ayana Wide High Low Top - Black Abstract Print,21
Vivo Anavi Maxi Dress In Jersey - Rust,21
Vivo Basic Tolani Jersey Dress - Hunters Green,21
Safari by Vivo Pintuck Shirt in Cotton - Olive,21
Vivo Basic Double Layered Capri Skirt - Teal Green,21
Safari Zene Off Shoulder Top - Hunters,21
Vivo Knee Length Kaftan in Satin - Brown / Sea Green Print,21
Vivo Maxi Dress - Rfs 6,21
Vivo Yumi High Low Shirt Dress - Orange,21
Vivo Basic Chiffon Tie Kaftan Top - Navy / Rust Pia Print,21
Safari by Vivo Zehra Kitenge Short Kimono - Taswi Print,21
Vivo Kelemi 4.0 Frilled Wide Top - Lilac,21
Vivo Basic Cap Sleeve Tent Knee Length Dress - White / Light Blue Nisa Print,21
Vivo Everyday Tank Top - Off White,21
Vivo Kelemi 4.0 Sleeveless Dress - Lime / Navy Nashe Print,21
Vivo Analo Sleeveless Tie Kimono - Orange,21
Vivo Chela Basic Cap Sleeve Top - Peach,21
Vivo Ava Front Pleat Knee Length Dress - Peach / Teal Print,21
Vivo Tanda Maxi Skirt in Stretch Rib - Olive,21
Vivo Nasinka A-Line Maxi Dress - Grey / Blue Tilla Print,21
Vivo Essi Scalloped Maxi Top in Satin - White / Teal Huwa Print,21
Shiv Shikie X Safari Drawstring Pants in Rib - Off White,21
Safari Tafari Highlow Top in Kitenge - Sika Print,21
Vivo Sleeveless Maxi Dress in Cotton - Black / White Abstract Print,21
Safari Kikoy Tie Back Maxi Dress - White,21
Vivo Hanabi Tent Maxi Dress - Rose Pink / Fuschia Lia Print,21
Safari Sizani Barrel Pants - White,21
Safari Tafari Wrap Skirt - Songwe Print,21
Vivo Maisha Straight Leg Pants in Crepe,21
Vivo Basic Crepe Pants - Navy Blue,21
Vivo Tanda V-Neck Top in Stretch Rib - Off White,21
Safari Hawi Peplum Bishop Sleeve Wrap Coat - Black,21
Vivo Selah Midi Skirt - Buttermilk,21
Vivo Serwa Tent Dress In Crepe - Light Blue,21
Zoya Yuni High Slit Dress - Black,21
Vivo Kemi Skirt & Top Set - Lime Green / Maroon Emi Print,21
Safari Nazari Off Shoulder Top - Red / Cream Stripes,20
Vivo Nasinka A-line Knee Length Dress - Blush Plum,20
Safari Mansi Dolman Top - Navy,20
Safari Tawi Bishop Sleeve Tiered Dress - Chocolate,20
Vivo Basic Cap Sleeve Tent Knee Length Dress in Crepe - Dark Teal,20
Zoya Banda Strappy Playsuit - Grey,20
Vivo Everyday Tank Top - Dark Taupe,20
Safari Sizani Barrel Pants - Black,20
Vivo Off Shoulder Dress in Print Cotton - Black Multicolor Print,20
Safari Tara Barell Pants - Light Blue / Navy Dire Print,20
Zoya Luna Cargo Pants - Mustard,20
Vivo Studio Lounge Pants in Rib - Dark Taupe,20
Vivo Aleri Trench Coat Dress - Black,20
Vivo Takali Asymmetrical Midi Length Kaftan In Satin - Black,20
Vivo Sierra Cap Sleeve Tent Chiffon Dress - Rust Textured Print,20
Vivo Basic Imelda Cowl Sweater - Grey,20
Vivo Sierra Maxi Dress in Chiffon  - Red / Black Bori Print  ,20
Vivo Basic Knee Length Dress In Chiffon - Lilac,20
Vivo Diella 3/4 Sleeve A-Line Dress - Black,20
Vivo Nuru Strappy Top - Brown,20
Vivo Nuru Side Panel Wide Leg Pants - Black,20
Vivo Hanabi Tent Maxi Dress - Lime / Sea Green Lia Print,20
Vivo Talia Front Slit Maxi Top - White / Light Olive Alia Print,20
Vivo Malindi Loose Top - Pink,20
Safari Tafari Off Shoulder Crop Top - Dark Navy Asili Print,20
Safari Chui Heavy Shirt - Red,20
Vivo Serwa Tiered Maxi Skirt - Blue / Black Wera Print,20
Vivo Yene Wide Leg Pants - Hot Pink,20
Zoya Yuni Halter Neck Tie Back Top - Black,20
Vivo Basic Maternity Leggings - Navy Blue,20
Vivo Ari Sweater - Tan / Navy Print,20
Vivo Yumi High Low Shirt Dress - Green,20
Safari Solana Bubble Midi Skirt - Orange,20
Vivo Dua 3/4 Sleeved V Neck Shirt - White / Mint Dashen Print,20
Zoya Sadira Mens' Chino Shorts - Black,20
Vivo Liora Drawstring Pants - White,20
Vivo Seli Strappy Tent Top - White / Black Esli Print,20
Zoya Basic Jersey Bandeau - Red,20
Vivo Reba Gathered Dress - Tan / Green Eba Print,20
Safari by Vivo Tawi Shirt Collar Bishop Sleeve Tiered Dress - Black,20
Vivo Yene High Slit Tunic Top - Light Teal,20
Vivo Kala Long Sleeve Top - White,20
Vivo Aleri Trench Coat Dress - Maroon,20
Vivo Tana Puff Sleeve A-Line Dress - Yellow,20
Zoya Banda Unisex Letterman Jacket - Green / Blue Print + White,20
Vivo Knee Length Skirts - Fs 2,20
Vivo Basic Boundneck Puff Sleeve Top - Lime Green,20
Vivo Serwa Crepe Pants - Dark Navy,20
Vivo Nuru Sleeveless Maxi Kimono - Black,20
Safari Mara Shirred Bishop Sleeve Dress - Taupe,20
Vivo Asha Wide Leg Pants in Chiffon - Dark Brown,20
Vivo Hanabi Wrap Maxi Dress - Red,20
Vivo Amai Hi-Low Top - Dark Brown,20
Safari Kamari Ribbed Top - Hunters Green,20
Vivo Kitenge Wide Leg Pants - Blue / Pink Azizi Print,20
Safari by Vivo Zehra Tie Waist Kimono Dress - Taupe,20
Vivo Basic Cap Sleeve Tent Knee Length Dress - White / Light Pink Nisa Print,20
Vivo Liora Shorts - Chocolate,20
Vivo Zahari 3/4 Sleeve Off Shoulder Jumpsuit In Crepe - Lilac,20
Vivo Serwa Wide Leg Jumpsuit - Baby Blue / Navy Sera Print,20
Vivo Wastani Drawstring Pants - Olive Green,20
Vivo Serwa Asymmetric Top - Navy,20
Vivo Chela Sleeveless Waterfall - Taupe,20
Safari Naledi Gathered Panel Wrap Dress - Hunters,20
Vivo Kala Gathered Front Top - Burgundy,20
Vivo Cuffed Wide Sweater - Black,20
Vivo Amai Hi-Low Top - Navy / Blue  Izza Print,20
Vivo Basic V-neck Cap Sleeve Top - Burgundy,20
Vivo Soleil Handkerchief Drape Wide Top - Orange / Yellow Print,20
Vivo Merika Satin Wrap Top - Yellow,20
Vivo Yene Asymmetrical Cape Top - Hot Pink,20
Vivo Wrap Top in Cotton - Pink / Green Print,20
Vivo Cuffed Wrap Poncho - Offwhite,20
Vivo Full Length Pants - RFS 7,19
Vivo Basic Cap Sleeve Top In Crepe - Dark Green,19
Zoya Yuni Off Shoulder Midriff Top - Orange,19
Zoya Vasha Biker Shorts - Black,19
Safari Nazari Coat Dress - Maroon / Pink Ara Print,19
Vivo Yumi Maxi Shirt Dress - Mint / Black Rumi Print,19
Vivo Samira Pants - Black / Brown Polka Dot Print,19
Vivo Basic Crepe Pants - Taupe Mint Print,19
Vivo Basic Sleeveless Long Lily Waterfall - Yellow,19
Vivo Sakari Circular Loose Top in Textured Chiffon - Black,19
Vivo Chela Sleeveless Waterfall in Jersey - Light Olive,19
Vivo Sierra Cap Sleeve Tent Chiffon Dress - Maroon Textured Print,19
Vivo Liora Tiered Maxi Skirt in Crepe - Navy,19
Vivo Basic Sleeveless Sienna Waterfall - Navy Blue,19
Vivo Tatili Wide Leg Pants - Dark Hunters,19
Vivo Boat Neck Dress in Ponte - Olive,19
Vivo Basic Sleeveless Double Layered Coat - Rust,19
Vivo Basic Tank Top - Dark Green,19
Vivo Cuffed Wide Sweater - Tangerine / Coffee Brown,19
Vivo Niari straight leg Pants - Navy,19
Vivo Everyday Short Waterfall in Jersey - Rust,19
Shiv & Shikie X Safari Drawstring Shorts - Purple,19
Vivo Takali Asymmetrical Midi Length Kaftan - Dark Purple,19
Vivo Thando Mock Neck Maxi Dress - Yellow / Rust Aria Print,19
Vivo Basic Strappy Cowl Top - Champagne,19
Vivo Chela Pants in Jersey - Taupe,19
Vivo Tie Dolman Kimono in Textured Crepe - Navy,19
Safari by Vivo Zehra 3/4 Sleeve Kitenge Maxi Dress - Black / White Ana Print,19
Vivo Tatili Bishop Long Sleeve Top In Satin - Beige Multicolor Print,19
Vivo Beali Two Way Wrap Top - Cream / Chocolate Lea Print,19
Vivo Niari Pleated Dress in Crepe - Maroon,19
Vivo Yumi High Low Shirt Dress - Dark Teal,19
Vivo Sweatshirt in Scuba - Dark Olive,19
Vivo Tie Dolman Kimono in Textured Crepe - Red,19
Safari Bush Men's Long Sleeve T-shirt - Hunters Green,19
Vivo Maisha 3/4 Sleeve Maxi Dress - Light Jungle Green Floral Print,19
Vivo Alek High Slit Kimono -Light Pink / Mint  Print,19
Safari Kaya Long Sleeve Shirt Dress - Taupe,19
Safari Hawi Peplum Bishop Sleeve Wrap Coat - Cherry,19
Vivo Tatari Panelled Sheath Dress - Rust / Black,19
Vivo Leila Short Sleeve Bodycon - White,19
Vivo Basic Chiffon Cap Sleeve Top (Double Layered) - Olive Green,19
Vivo Selah Palazzo Pants in Stretch Rib - Dark Red,19
Vivo Safiya Gathered Shoulder Maxi Dress - Burgundy,19
Vivo Yumi Maxi Shirt Dress - Cream / Burgundy Rumi Print,19
Safari Naledi 3/4 Sleeve Tent Dress - Navy Puff Stripes,19
Vivo Ayah Satin Pants - Orange / Black Ullu Print,19
Vivo Essentials Bodycon - Yellow,19
Vivo Lalani Lounge Pants - Burnt Orange,19
Zoya Basic Tank Top - Navy Blue,19
Vivo Talia Kimono & Shorts Set - Olive / Hunters Green Print,19
Vivo Nuru Maxi Kimono - Brown,19
Vivo Ava Tent Knee Length Dress - Purple / Black Savi Print,19
Vivo Laika Bishop Sleeve Shift Dress In Crepe - Lilac / Black Aria Print,19
Vivo Basic Short Sleeve Top - Fuschia,19
Vivo Lamu Knee Length Chiffon Dress - Dark Grey / White Mosa Print,19
Vivo Basic Crepe Bishop Sleeve Top - Light Grey,19
Vivo Tahisa Straight Leg Pants - Navy,19
Vivo Chela Sleeveless Waterfall in Jersey - Chocolate,19
Vivo Chela Basic Cap Sleeve Top - Lilac,19
Vivo Studio Bodysuit In Jersey - Teal,19
Vivo Wrap Top in Crepe - White,19
Vivo Godet Midi Dress in Crepe - Olive,19
Vivo Reversible Poncho without Fringes - Coral / Grey Samba Print,19
Vivo Nasinka A-line Knee Length Dress - Cream / Navy Sika Print,19
Vivo Samira Wide Kimono - Black / White Print,19
Safari Hawi Cargo Pants - Light Navy,19
Vivo Essi Scalloped Maxi Top in Satin - Cream / Olive Huwa Print,19
Shiv & Shikie X Safari Drawstring Shorts - Light Taupe,19
Vivo Basic Short Sleeve Top - Rust,19
Safari Tafari Wrap Top - Songwe Print,19
Vivo Godet Midi Dress in Crepe - Rust,19
Vivo Basic Cap Sleeve Tent Knee Length Dress in Crepe - Red,19
Vivo Yene Front Tie Tunic Top - Champagne,19
Vivo Tanda Cap Sleeve Sheath Dress in Ponte - Navy,19
Vivo Rayon Jersey Slip Dress - Navy,19
Vivo Ayla Maxi Kimono - Navy / Peach Alya Print,18
Vivo Dua Satin Bishop Sleeve Top - Mole Dusty,18
Vivo Basic Crepe Pants -Light Pink / Mint  Print,18
Vivo Maisha Top & Pant Set - Cream / Brown Print,18
Vivo Ayah Shirred Neck Tent Maxi Dress - Yellow / Chocolate Yana Print,18
Zoya Shani Men's Drawstring Shorts - Taupe,18
Vivo Kitenge Wide Leg Pants - Ashai,18
Vivo Ava Tent Maxi Dress - Blue White Print,18
Vivo Hadiya Wrap Dress - Hunters / White Print,18
Vivo Rema High Low Maxi Dress - Sage,18
Vivo Serwa Crepe Pants - Peach / Rust Sera Print,18
Vivo Bottoms - Sample 12,18
Safari Nazari Coat Dress - Green / Black Adia Print,18
Vivo Lamu Knee Length Chiffon Dress - Lime,18
Vivo Basic Chiffon Cap Sleeve Top (Double Layered) - Dark Navy,18
Vivo Basic Double Layered Wrap Poncho - Pink,18
Vivo Maxi Kimono in Chiffon - Lilac / Black Print,18
Vivo Straight Pants in Scuba - Dark Olive,18
Vivo Tops - Sample 12,18
Safari Lounge Pants In Jersey - White,18
Vivo Basic Crepe Pants - Yellow / Chocolate Tiki Print,18
Vivo Seli Head Wrap - Navy Blue,18
Safari Kamari Front Slit Midi Skirt - White Cloud,18
Zoya Sadira Bell Bottom Unitard - Navy Blue,18
Vivo Chela Jersey Sleeveless Waterfall - Light Olive,18
Shiv & Shikie X Safari Printed Short Sleeve Shirt - Taupe / Black Ezi Print,18
Vivo Basic Sleeveless Double Layered Coat - Buttermilk,18
Vivo Ajani V-Neck Top - White / Black Polka Dot,18
Vivo Alek Shirred Off- Shoulder Jumpsuit - Light Peach / Black Haro Print,18
Vivo Ayana Wide Top - Yellow / Black Hua Print,18
Vivo Basic Double Layered Capri Skirt - Dark Red,18
Vivo Full Length Kimono - Maya,18
Vivo Basic Open Kaftan - Peach / Maroon,18
Zoya Aridi Cropped Jacket - Blue Flannel / Navy,18
Vivo Wastani 3/4 Shirred Sleeve Wide Tunic - Magenta / Black Zia Print,18
Safari by Vivo  Naledi Wrap Top - Navy,18
Vivo Studio Lounge Pants in Rib - Teal,18
Vivo Tanda Maxi Skirt - Olive,18
Vivo Maisha Top & Pant Set - Black / Grey Print,18
Zoya Vasha Biker Shorts - Purple,18
Safari Naledi Gathered Panel Maxi Skirt - Chocolate,18
Vivo Basic Aziza Belt - Tawi Print,18
Vivo Basic Sleeveless Extra Long Lily Waterfall - Black Old,18
Zoya Yuni Halter Neck Tie Back Top - Navy Blue,18
Vivo Sleeveless Godet Midi Dress in Jersey - Black,18
Safari by Vivo Zehra Kitenge Short Kimono - Shari Print,18
Vivo Everyday Short Waterfall in Jersey - Burgundy,18
Zoya Shani Off Shoulder Crop Top - Burgundy / Peach Sani Print,18
Vivo Seli Midi Skirt - Dark Green,18
Zoya Yuni Sleeveless Turtle Neck Maxi Top - Lime Yellow,18
Vivo Asha Drop Shoulder Knee Length Dress - Black Aku Print,18
Vivo Merika Satin Wrap Top - Yellow / Lilac Iya Print,18
Vivo Chiffon Wide Kimono - Blue / White Print,18
Vivo Tanda V-Neck Top in Stretch Rib - Black,18
Vivo Panelled Waist Midi Dress in Ponte - Olive Green,18
Zoya Vasha Midriff Jacket - White / Neon Pink,18
Vivo Cuffed Wide Sweater - Fuschia / Light Navy,18
Vivo Tatari Panelled Skirt - Burgundy / Black,18
Vivo Basic Satin Cap Sleeve Top - White / Grey Bia Print,18
Vivo Mistari 3/4 Sleeve V - Neck Collared Tunic Top - Neck Collared Tunic Top - Black Textured,18
Vivo Dalia Sleeveless Tie Midi Dress in Print Cotton - Red Multicolor Print,18
Vivo Basic Leisure Pants - Dark Navy Blue,18
Vivo Boundneck Puff Sleeve Top - Pink,18
Vivo Samira Maxi Kimono - Teal / Red Print,18
Vivo Isabi Sleeveless Kimono - White / Lilac Sabi Print,18
Vivo Yene One Shoulder Maxi Dress - White / Burgundy Shibori Print,18
Vivo Maisha 3/4 Sleeve High Low Top - Black / Lime Print,18
Vivo Seli Midi Skirt - Maroon,18
Vivo Ari Sweater - Cream / Brown Print,18
Safari Kamari Capri Cargo Pants - White,18
Vivo Knee Length Skirts - Rfs 1,18
Safari by Vivo  Tara Bishop Sleeve Dress - Maroon / Pink Ara Print,18
Vivo Studio Bodysuit In Jersey - Burgundy,18
Vivo Wrap Top in Crepe - Dark Mustard,18
Vivo Keza V Neck Maxi Kaftan In Satin - Black / White Print,18
Vivo Maisha Kimono in Crepe - Grey / Black Abstract Print,17
Vivo Zuri Cap Sleeved Maxi Dress - White / Pink Abasi Print,17
Safari Tafari Wrap Top - Wami Print,17
Safari Kamari Maxi Dress - Taupe,17
Vivo Basic Crepe Cap Sleeved Top - Teal,17
Vivo Basic Tolani Jersey Dress - Taupe,17
Vivo Chela Drawstring Shorts - Royal Blue,17
Vivo Basic Crepe Pants - Black,17
Vivo Full Length Pants - Rfs 6,17
Vivo Keza Satin Border Maxi Kaftan - Beige / White Print,17
Zoya Essentials Mini Bodycon - Pink / Navy Print,17
Vivo Kelemi Sleeveless Side Tie Top,17
Vivo Chesi V-neck Jumpsuit - Deep Teal,17
Vivo Basic Satin Bishop Sleeved Top - Orange Hibi Print,17
Vivo Sienna Waterfall - Dark Green,17
Vivo Sakari Circular Loose Top in Chiffon - White Floral Textured Print,17
Vivo Lamu Knee Length Chiffon Dress - Beige,17
Vivo Basic A-line Maxi Skirt -Teal,17
Vivo Dua Satin Bishop Sleeve Top - Dark Mustard / Black Print,17
Vivo Amai Maxi Kaftan - Brown,17
Vivo Long Sleeve Maxi Waterfall - Light Taupe,17
Vivo Basic Nandi High Slit Kimono - Grey / Pink Print,17
Zoya Taani Easy Fit Joggers - Black,17
Vivo Lani Maxi Dress - Taupe / Light Yellow Print,17
Vivo Ajani V-Neck Top - Black / Forest Green Print,17
Vivo Sierra Cap Sleeve Tent Chiffon Dress - Burgundy Textured Print,17
Vivo Basic Long Sleeved Double Layered Bodycon - White,17
Zoya Yuni Contrast Stitch Mini Skirt - Black,17
Vivo Lani Maxi Dress In Satin - Light Gold / Gold Print,17
Vivo Midi Bodycon in Stretch Rib - Teal,17
Vivo Mira Reversible Wrap Top - Peach / Brown Fan Print,17
Vivo Sierra Maxi Chiffon Dress - Black,17
Vivo Zena Bishop Panel Long Sleeve Round Neck Dress - Dark Navy Blue,17
Zoya Vasha  Sleeveless Turtleneck Top - Black / Grey,17
Safari Mansi Wide Hem Tent Dress - Coral,17
Vivo Analo Dress Coat - Grey,17
Vivo Basic Waterfall - Buttermilk,17
Safari Bush Drop Shoulder Long Sleeve Top - Mustard,17
Vivo Basic Satin Bishop Sleeved Top - Beige / Black Bai Print,17
Vivo Basic Wide Jersey Top - Buttermilk,17
Vivo Long Sleeve Midi Waterfall - Teal,17
Vivo Amai Maxi Kaftan In Textured Satin - Cream / Hunters Print,17
Vivo Tatili Bishop Long Sleeve Top - Hunters / Beige Print,17
Vivo Maisha 3/4 Sleeve Maxi Dress - Peach / Orange Print,17
Vivo Niari Boat Neck Dress - Dark Tan,17
Zoya Basic Full Length Leggings - Navy Blue,17
Vivo Basic Crepe Pants - Lilac,17
Vivo Chidii Drop Shoulder Kimono - Mustard,17
Vivo Val 3/4 Sleeve Top - Taupe,17
Shiv & Shikie X Safari Printed Short Sleeve Shirt - Grey / Black Ezi Print,17
Vivo Basic Jersey Cascade Waterfall - Green,17
Vivo Basic Satin Cap Sleeve Top - White / Mustard Tullu Print,17
Vivo Studio Strapless Maxi in Crepe- Dark Red,17
Vivo Leila Short Sleeve Bodycon - Burgundy,17
Vivo Paji Round Neck Sheath Dress - Black,17
Vivo Dua Shirt - White / Mint Dashen Print,17
Vivo Basic Liv Chiffon Top - Grey,17
Zoya Basic Tank Top - Bright Green,17
Vivo Sierra Cap Sleeve Tent Chiffon Dress - Yellow / Chocolate Sabi Print,17
Vivo Jumpsuit - Fs 2,17
Safari by Vivo Zehra 3/4 Sleeve Kitenge Maxi Dress - Zedani Print,17
Safari by Vivo Pintuck Shirt in Cotton - White,17
Vivo Must Have Shorts - Shama,17
Vivo Tatili Satin Bishop Long Sleeve Top - Chocolate Textured,17
Vivo Chiffon Shorts - Black,17
Vivo Alek Shirred Off- Shoulder Jumpsuit - Taupe / Black Haro Print,17
Vivo Ava Tent Knee Length Dress - Purple / Black Nurra Print,17
Vivo Basic Bodycon - Dark Teal,17
Vivo Multiway Poncho in Sweater - Black,17
Vivo Maisha Straight Leg Pants In Crepe - Beige / Black Abstract Print,17
Vivo Maisha Kimono in Crepe - Black / White Abstract Print,17
Zoya Shani Kimono - White,17
Safari Njano Cowl Top - Rust,17
Safari by Vivo Wide Kaftan in Cotton - Blue,17
Safari Savannah Kitenge Midi Wrap Dress - Sipo Print,17
Zoya Vasha Raglan Sleeve Playsuit - Navy / Grey,17
Vivo Nasinka A-line Knee Length Dress - Cream / Green Sika Print,17
Vivo Ayla Off-Shoulder Dress - Tan / Black Meti Print,17
Vivo Basic Nalia High-low Chiffon Top - Black / Green Print,17
Vivo Basic V-neck Cap Sleeve Top - Teal,17
Vivo Basic Knee Length Dress In Chiffon - Maroon / Beige Print,17
Vivo Bodysuits T- Shirts & Tank Tops - Rfs 4,17
Safari Tafari Highlow Top in Kitenge - Lara Print,17
Safari Naledi Bishop Sleeve Tiered Dress - Beige / Black Ledi Print,17
Vivo Pana Short Waterfall - Raspberry,17
Vivo Chela Tank Top - Black,17
Vivo Basic Liv Chiffon Top - Latte,17
Vivo Knee Length Kaftan in Satin - Teal / Black Print,17
Vivo Jasiri Bishop Sleeve Shift Dress - Navy / Orange Tiwi Print,17
Vivo Maisha Strappy Cover Up Jumpsuit In Rayon - White / Dark Green Print,17
Vivo Basic Nandi High Slit Kimono - Black / Rust Print,17
Safari Tawi Shirt Collar Bishop Sleeve Tiered Dress - Black,17
Zoya Sadira Ribbed Top - Black,17
Vivo Basic Chiffon Bishop Sleeve Top (Double Layered) - Dark Navy Blue,17
Safari Tara Bishop Sleeve Dress - Peach / Blue Sara Print,17
Vivo Lamu Knee Length Cold Shoulder Dress - Mustard,17
Vivo Basic Satin Cap Sleeve Top - White / Orange Tullu Print,17
Vivo Keza V Neck Maxi Kaftan In Satin - Coral / Pink Print,17
Vivo Samira Pants - Black / White Spiral Print,17
Vivo Basic Aziza Belt - Zena,17
Vivo Reba Gathered Dress - Yellow / Navy Eba Print,16
Vivo Liora Scalloped Maxi Top in Chiffon - Rust,16
Vivo Basic Neo Waterfall - Pink,16
Vivo Keza Satin Border Maxi Kaftan - Black / Rust Abstract Print,16
Vivo Lalani Turtle Neck Sweater Dress - Chocolate / Mustard Samba Print,16
Vivo Basic Satin Cap Sleeve Top - Lilac,16
Zoya Banda Halter Neck Assymetrical Crop Top - White,16
Safari by Vivo Mansi Wide Hem Embroidered Tent Dress - Orange,16
Vivo Reba Drop Shoulder Shirt Dress - Dark Navy / Peach Print,16
Vivo Boat Neck Top in Scuba - Black,16
Shiv & Shikie X Safari Boxy T Shirt - White,16
Safari Tara Crop Shacket - Light Blue / Navy Dire Print,16
Vivo Diella 3/4 Sleeve A-Line Dress - Dark Olive,16
Zoya Shani Men's Drawstring Shorts - Dark Grey,16
Vivo Basic Waridi Pencil Skirt - Wine Red,16
Vivo Basic 3/4 Sleeve Leila Bodycon Dress- Dark Green,16
Vivo Waterfalls & Kimonos - FS 7,16
Shiv & Shikie X Safari Short Sleeve Shirt - Lime,16
Vivo Basic Satin Bishop Sleeved Top - Beige / Green Bai Print,16
Vivo Sierra Cap Sleeve Tent Chiffon Dress - Chocolate / Rust Yana Print,16
Vivo Zawadi Crepe Shift Dress - Navy Blue,16
Vivo Basic Sleeveless Long Lily Waterfall - Tan,16
Vivo Amai Asymmetrical Cape - Beige / Brown Iwa Print,16
Vivo Tatili Wide Leg Pants - Mulberry,16
Vivo Bissa Reversible Maxi Dress - Rust / Brown Print,16
Safari Savannah Men's Long Sleeve Shirt - Beige,16
Vivo Maisha 3/4 Sleeve Maxi Dress - Orange Floral Print,16
Vivo Side Slit Midi Waterfall - Dark Red,16
Zoya Vasha Track Pants - Black,16
Safari Naledi Gathered Panel Maxi Skirt - White,16
Vivo Basic Sleeveless Double Layered Coat - Mustard,16
Vivo Basic Waterfall - Light Mustard,16
Vivo Chela Basic Cap Sleeve Top - Buttermilk,16
Vivo Asha Sleeveless Knee Length Dress - Cream / Maroon Print,16
Vivo Sleeveless Maxi Dress in Cotton - Chocolate / Green Print,16
Vivo Sawari Crossed Cuff Batwing Top - Dark Brown,16
Vivo Basic Sleeveless Extra Long Lily Waterfall - Tan,16
Vivo Basic Satin Bishop Sleeved Top - White Koto Print,16
Vivo Asha Drop Shoulder Knee Length Dress - Navy Habo Print,16
Vivo Kitenge Bubble Sleeve Tent Dress - Lashi Print,16
Vivo Asha Wide Leg Pants in Chiffon - Burgundy,16
Zoya Sadira Men's Polo T-Shirt  - Grey,16
Safari by Vivo Zehra 3/4 Sleeve Kitenge Maxi Dress - Black / Cream Ana Print,16
Vivo Basic Long Lily Waterfall - Mustard,16
Vivo Amai Maxi Kaftan - White / Rust  Print,16
Safari by Vivo  Tawi Bishop Sleeve Tiered Dress - Chocolate,16
Vivo Essentials High Neck Midriff Top - Black,16
Vivo Sanali Wide Leg Pants - Dark Mustard / Peach Print,16
Vivo Boat Neck Dress in Ponte - Navy,16
Vivo Zawadi Inverted Pleat Dress - Lilac,16
Vivo Studio Strapless Maxi in Crepe - Dark Olive,16
Vivo Basic Julia 3/4 Sleeve Back Pleat Maxi Dress - Mustard,16
Vivo BFS&S 7,16
Safari by Vivo Wide Kaftan in Cotton - Gold,16
Vivo Ayla Maxi Kimono - White / Black Awari Print,16
Safari by Vivo Zehra Cotton High Low Shirt - Lilac,16
Zoya Temo Mens Camo Shirt - Camo Brown,16
Vivo Basic Waterfall - Red,16
Vivo Val 3/4 Sleeve Top - Green,16
Safari by Vivo Zehra Kitenge Pants - Ndiwa Print,16
Vivo Basic Crepe Pants - Grey / Maroon Print,16
Vivo Basic Val Long Sleeve Top - Maroon,16
Zoya Vasha Track Pants With Pockets - Light Olive,16
Vivo Basic Satin Bishop Sleeved Top - Mustard Koto Print,16
Vivo Spaghetti Tank Top in Jersey - Chocolate,16
Vivo Zawadi Inverted Pleat Dress - Sea Green,16
Vivo Sakari Drop Shoulder Jumpsuit - Green / Navy Deka Print,16
Vivo Tie Waist Kimono Maxi Dress in Textured Crepe - Olive,16
Vivo Off Shoulder Maxi Dress in Cotton - Navy Multicolor Print,16
Vivo Scalloped Kimono in Crepe - Maroon / Sage Print,16
Vivo Studio Flared Pants In Ponte - Light Taupe,16
Vivo Full Length Pants - Fs 1,16
Vivo Basic Sleeveless Tent Maxi Dress - Red / Green Print,16
Vivo Waterfalls & Kimonos - RFS 6,16
Vivo Maisha Top & Pant Set- Sea Green/ Purple Print,16
Shiv & Shikie X Safari Drawstring Shorts - White,16
Safari by Vivo Zehra Kitenge Pants - Shari Print,15
Vivo Reversible Poncho without Fringes - Maroon / Frost Samba Print,15
Vivo Basic Leila Short Waterfall - Navy Blue,15
Vivo Seli Head Wrap - Lime / Green Raha Print,15
Vivo Wena Wrap Dress - Burgundy,15
Zoya Temo Men's Knee Length Shorts - Camo Brown,15
Vivo Basic Sleeveless Tent Maxi Dress - White / Green Doret Print,15
Vivo Lalani Rib Maxi Waterfall - Burnt Orange,15
Vivo Maisha Drop Shoulder Maxi Dress - Lime / Navy Mai Print,15
Safari by Vivo Zehra Kitenge Short Kimono - Pena Print,15
Denim Haven High Rise Skinny Ripped Jeans - Light Blue,15
Vivo Basic Long Sleeve Cascade Waterfall - Green,15
Vivo Sakari Circular Loose Top in Chiffon - Teal / Rust Textured Print,15
Safari Naledi Gathered Panel Wrap Dress - Chocolate,15
Shiv & Shikie X Safari Drawstring Shorts - Olive,15
Safari by Vivo Zehra Kitenge Shorts - Vuga Print,15
Vivo Ajani V-Neck Top - Dark Mustard / Black Print,15
Vivo Luna 3/4 Sleeve High Low Top - Coral / White Floral Print,15
Vivo Mistari 3/4 Sleeve V - Neck Collared Tunic Top - Neck Collared Tunic Top - Light Olive Checkered,15
Safari by Vivo  Naledi Wrap Top - Orange,15
Vivo Everyday Side Twist Bodycon in Jersey - Dark Red,15
Safari by Vivo Zehra Kitenge Short Kimono - Kosi Print,15
Vivo Sierra Sleeveless Double Layered Top in Chiffon - White / Chocolate Arah Print,15
Vivo Basic Nandi High Slit Kimono - Blush Pink / White Idu Print,15
Vivo Basic Puff Sleeved Bodycon - Taupe,15
Vivo Tanda Maxi Dress in Ponte - Orange,15
Vivo Basic Satin Cap Sleeve Top - White / Olive Bia Print,15
Vivo Liora Asymmetrical Satin Kaftan Top,15
Zoya Luna Cargo Pants - Red,15
Safari Tafari Highlow Top in Kitenge - Raba Print,15
Vivo Studio Shoulder Tie Top in Jersey - Chocolate,15
Vivo Sakari Circular Loose Top - Off-White / Black Crepe Print,15
Vivo Nuru Maxi Kimono - Maroon,15
Vivo Studio Shoulder Tie Top in Jersey - Mustard,15
Vivo Chidii Tunic Dress With Frills - Black / Taupe Print,15
Vivo Loose Tops - FS 1,15
Vivo Basic Tulip Sweater - Light Yellow,15
Vivo Analo Sleeveless Tie Kimono - White,15
Vivo Wastani Drawstring Pants - Light Grey,15
Vivo Basic Long Sleeved Double Layered Bodycon - Hunters Green,15
Vivo Samira Wide Kimono in Rayon - Black / White Polka Dot,15
Vivo Reversible Poncho without Fringes - Chocolate Brown / Orange Ukwi Print,15
Zoya Temo Asymmetric Front Cut Crop Top - Navy,15
Safari by Vivo Zehra Kitenge Short Kimono - Ndiwa Print,15
Vivo Loose Tops - Rfs 5,15
Vivo Niari Boat Neck Dress - Light Olive,15
Zoya Capri Leggings - Deep Teal,15
Safari Savannah Men's Straight Leg Pants - Black,15
Vivo Basic Satin Bishop Sleeved Top - Hot Pink,15
Vivo Basic Sleeveless Double Layered Coat - Dark Green,15
Vivo Keza V Neck Maxi Kaftan - Pink / Off White Print,15
Vivo Chela Sleeveless Waterfall in Jersey - Orange,15
Vivo Analo Wide Leg Pants - Black,15
Vivo Essentials Full Length Leggings - Mulberry,15
Zoya Vasha Hooded Jacket - White / Neon Green,15
Vivo Tanda Maxi Dress in Ponte - Yellow,15
Vivo Basic Cuffed Dolman Jersey Dress  - Mustard,15
Vivo Kaisa Strappy Maxi Dress - Taupe,15
Zoya Yuni Off Shoulder Midriff Top - Buttermilk,15
Vivo Nasinka V-Neck Maxi Dress - Fuschia,15
Vivo Yene Front Tie Tunic Top - Grey / Purple Tunu Print,15
Vivo Mandla Side Zipper Dress - Mustard / Black Anila Print,15
Vivo Leila Cap Sleeve Tent Knee Length Dress - Teal,15
Vivo Basic Cap Sleeve Maxi Tent Dress - Black / Grey Floral Print,15
Zoya Nia Cargo Shorts - White,15
Vivo Wena Maxi Shirt Dress - Navy,15
Vivo Basic 3/4 Sleeved Double Layered Bodysuit - Teal,15
Safari Mansi Bishop Sleeve Shacket - Taupe,15
Zoya Basic Crop Top - Navy,15
Vivo Alek High Slit Kimono - Brown / Olive Print,15
Vivo Ava 3/4 Sleeve Tent Shirt Dress in Crepe - Dark Purple,15
Vivo Keza Satin Border Maxi Kaftan - Beige / Purple Print,15
Vivo Boat Neck Top in Scuba - Red,15
Vivo Jumpsuit - Rfs 1,15
Vivo Dalia Cap Sleeve Gathered Tent Dress - Black,15
Vivo Basic Tolani Jersey Dress - Orange,15
Vivo Kelemi 4.0 Frilled Wide Top - Olive,15
Safari Savannah Men's Drawstring Shorts (Tall) - Black,15
Vivo Basic Short Sleeve Top - Hunters Green,15
Vivo Basic Spaghetti Strap Tank Top - Tan,15
Zoya Sadira Strappy Bodysuit - Black,15
Vivo Kitenge Tie Top - Lashi,15
Vivo Lalani Turtle Neck Sweater Dress - Chocolate / Orange Ukwi Print,15
Safari by Vivo  Lira Drawstring Knee Length Dress - White + Elmi Print,15
Vivo Sawari Crossed Cuff Batwing Top - Buttermilk,15
Vivo Basic 3/4 Sleeved Double Layered Bodysuit in Jersey - Mustard,15
Vivo Kitenge Tie Top - Jura,15
Safari Kikoy Tie Back Maxi Dress - Light Pink,15
Vivo Chidii Off Shoulder Maxi Dress - Rust / Black Rema Print,14
Vivo Asha Sleeveless Maxi Dress - Mint / Black Robe Print,14
Zoya Sadira Mini Cargo Skirt - Hunters,14
Safari by Vivo Kamari Maxi Dress - Rust,14
Vivo Wrap Shawl in Sweater - Maroon,14
Vivo Sierra Long Sleeve Top in Chiffon (Double Layered) - Chocolate,14
Vivo Amai Maxi Kaftan In Textured Satin - Fuschia,14
Safari Long Sleeve Waterfall - Light Taupe,14
Vivo Wrap Shawl in Sweater - Mustard,14
Vivo Dalia Flounce Sleeve Knee Length Dress in Chiffon - Light Orange / Black Arah Print,14
"Vivo Bodysuits, Shirts, T- Shirts & Tank Tops  - FS 3",14
Vivo Dali 3/4 Cut Out Sleeve Maxi Dress - Cream / Maroon Print,14
Vivo Basic Crepe Pants - Orange / Black Tiki Print,14
Vivo Basic Sleeveless Extra Long Lily Waterfall - Navy Blue,14
Vivo Cowl Camisole - Black,14
Vivo Studio Mini Pencil Skirt in Ponte - Burgundy,14
Vivo Yene Asymmetrical Cape Top - Navy,14
Vivo Long Sleeve Maxi Waterfall - Chocolate Brown,14
Vivo Sierra Tunic Kaftan Top - Green Leaf Print,14
Vivo Tanda Maxi Skirt - Black,14
Safari by Vivo Wide Kaftan in Cotton - Turquoise Blue,14
Vivo Kelemi Flared Sleeve Kimono - Yellow / Green Lana Print,14
Zoya Aridi Mens Straight Leg Pants - Navy,14
Safari Men's Shacket - Dark Grey,14
Safari Tafari Highlow Top in Kitenge - Vuti Print,14
Vivo Basic Crepe Cap Sleeved Top - Cream / Black Print,14
Vivo Merika Knee Length Wrap Dress - Lime,14
Vivo Ponte Back Pleat High Low Dress - Dark Orange,14
Safari Tiwa Shirred Top - Hunters,14
Zoya Basic Tank Top - Orange,14
Vivo Yene Front Tie Tunic Top - Taupe / Cream Tunu Print,14
Vivo Waridi Sleeveless Overcoat - Wine Red,14
Vivo Sanali Trench Coat - Light Grey,14
Vivo Full Length Kimono - Keri,14
Zoya Basic Long Sleeve Top - Safron,14
Vivo Basic 3/4 Sleeve A-Line Wrap Maxi Dress - Burgundy,14
Vivo Studio Mini Bubble Skirt in Satin - Black,14
Vivo Amai Hi-Low Top in Satin - White / Taupe Garini Print,14
Safari by Vivo Naledi Bubble Midi Dress - Riza Print,14
Vivo Rema Straight Leg Pants - Rust,14
Zoya Yuni Off Shoulder Bodysuit - Navy Blue,14
Shiv Shikie X Safari V-Neck Long Sleeve Sweatshirt in Rib - Dark Green,14
Zoya Basic Bodycon - White,14
Zoya Aridi Cropped Jacket - Black / White,14
Denim Haven High Rise Skinny Ripped Jeans - Deep Blue,14
Vivo Ayah Drawstring Pants - Lilac,14
Vivo Essentials Full Length Leggings - White,14
Safari Kamari Halter Shirt - Navy Blue,14
Vivo Iyana Shirred Waist Jumpsuit - Dark Purple,14
Safari Chui Lined Jacket - White Cloud,14
Vivo Alma Mini Skirt - Powder Blue,14
Vivo Sawari Crossed Cuff Batwing Top - Dark Purple,14
Vivo Ayla Maxi Kimono - Navy / Burgundy Hali Print,14
Vivo Sakari Drop Shoulder Jumpsuit in Crepe - Black / Mustard Print,14
Vivo Basic Long Sleeved Bishop Top - Green / White Ifi Print,14
Vivo Basic Neo Waterfall - Mustard,14
Vivo Hanabi Satin High Low Top - Olive,14
Safari by Vivo Pintuck Shirt in Cotton - Black,14
Vivo Escape A-Line Dress - Black,14
Zoya Banda Men's Cargo Pants - Blue,14
Vivo Chela Sleeveless Waterfall in Jersey - Taupe,14
Vivo Asha Sleeveless Knee Length Dress - Grey / Black Print,14
Vivo Maisha Strappy Culotte Jumpsuit - Grey Pingu Print,14
Ythera Lemongrass Firming & Glow Body Oil,14
Vivo Everyday Long Sleeve Top In Jersey - Chocolate,14
Vivo Takali Tunic Top - White / Green Arisi Print,14
Shiv & Shikie X Safari Printed Short Sleeve Shirt - Taupe  / Black Ezi Print,14
Vivo Lulu 3/4 Sleeve Maxi Kaftan in Cotton - Cream / Dark Rust Print,14
Safari by Vivo Two Way Wrap Top in Cotton - Dusty Pink,14
Vivo Asha Drop Shoulder Maxi Shirt Dress - Blue / Black Weni Print,14
Vivo Maisha Straight Leg Pants - Black / Brown Print,14
Vivo Ayah Shirred Neck Tent Maxi Dress - Mustard,14
Zoya Vasha Hooded Jacket - Light Olive,14
Shiv & Shikie X Safari Boxy T Shirt - Light Taupe,14
Vivo Ava Front Pleat Knee Length Dress - Peach / White Print,14
Vivo Nkasi Wide Leg Pants - White / Orange Shibori Print,14
Safari Naledi Gathered Panel Wrap Dress - Pink,14
Vivo Basic Sleeveless Tent Maxi Dress - Purple / Blue Doret Print,14
Vivo Jumpsuit - FS 1,14
Vivo Basic Cowl Hoodie - Burgundy,14
Vivo Lani Maxi Dress In Satin - Light Green / Black Print,14
Vivo Off Shoulder Maxi Dress in Cotton - Yellow Multicolor Print,14
Vivo Sakari Circular Loose Top - Mint / White Akari Print,14
Vivo Chela Jersey Sleeveless Waterfall - Orange,14
Vivo X Pinky Sleeveless Cross Back Fitness Bra - Pink / Dark Pink Abstract Print,14
Vivo Everyday Side Twist Bodycon in Jersey - Off White,14
Vivo Hadiya 3/4 Sleeve Maxi Dress in Chiffon - Dark Brown,14
Safari Spaghetti Tank Top - Hunters,14
Vivo Basic Satin Bishop Sleeved Top - Olive,14
Vivo Essentials Capri Leggings - Teal,14
Vivo Short Kimono - Peach / Blue Sara Print,14
Vivo Safiya Maxi Dress - Safron,14
Vivo Full Length Pants - Rfs 1,14
Vivo Sanali Wide Leg Pants - Orange / Yellow Print,14
Vivo Nasinka A-line Maxi Dress - Rust / Black Bombo Print,14
Vivo Ajani V-Neck Top - Hunters / Black Print,14
Vivo Kelemi 4.0 Halter Maxi Dress - Lilac,14
Vivo Basic Crepe Cap Sleeved Top - Green / Rust Print,14
Zawadi Keyhole Dress - Olive,14
Safari Kamari Halter Shirt - Rust Orange,14
Vivo Basic Val Long Sleeve Top - Lime,14
Vivo Hamle Drapped Front Bodycon - Navy,14
Vivo Niari Sleeveless Tent Dress in Crepe - Hunters / Black Print,14
Zoya Shani Men's Summer Shirt - Black,14
Safari Tawi Flounce Tent Dress - Black,14
Vivo Yumi High Low Shirt Dress - Navy Blue,14
Zoya Yuni Tank Top - Navy Blue,14
Zoya Shani Satin Off Shoulder Crop Top - Burgundy / Peach Sani Print,14
Vivo Studio Bodysuit In Jersey - Navy,14
Vivo Maisha Top & Pant Set - Black / Brown Print,14
Vivo Shorts & Skorts - Sample 1,14
Vivo Knee Length Kaftan in Satin - Grey / Black Print,14
Vivo Tunu Long Slit Sleeve Knee Length Shift Dress - Peach / Teal Print,14
Vivo Anavi Runched Tank Top - Orange,14
Safari Mansi Mens Shorts - Black Stripes,13
Vivo Waterfalls & Kimonos - Rfs 5,13
Zoya Shani Off Shoulder Crop Top - Navy / Peach Sani Print,13
Vivo Keza V-Neck Maxi Kaftan - Red / Black Print,13
Vivo Basic 3/4 Sleeved Double Layered Bodysuit in Jersey - Rust,13
Safari Tawi Off-Shoulder Dress - Green,13
Zoya Shani Pleated Shorts - Burgundy / Peach Sani Print,13
Vivo Anavi Cascade Waterfall - White,13
Vivo Liora Kaftan Tunic Top - Lilac,13
Vivo Wide Leg Pants in Textured Crepe - Red,13
Vivo Maisha Kimono in Crepe - White / Black Abstract Print,13
Vivo Hanabi Satin High Low Top - Off White / Grey Print,13
Vivo Tahisa Loose Top - Midnight Blue,13
Zoya Basic Racer Back Crop Top - Hunters,13
Vivo Amai Hi-Low Top in Satin - Fuschia / Black Garini Print,13
Vivo Basic Drop Shoulder Top - Lime Green,13
Vivo Amai Off-Shoulder Maxi Dress - Purple / Black Biya Print,13
Safari Tiwa Shirred Top - Orange,13
Vivo Wrap Shawl in Sweater - Rust,13
Vivo Alika High Waist Pants - Navy Blue,13
Vivo Yene Asymmetrical Cape Top - Black,13
Vivo Waterfalls & Kimonos - FS 6,13
Vivo Maisha Wide Leg Pants - Black / Cream Isa Print,13
Zoya Taani Midriff Hoodie - Black,13
Vivo Ayana Cap Sleeve High Low Tent Dress - Green Print,13
Safari Tiwa Shirred Top - White,13
Vivo Hamle Side Twist Tie Top - Navy,13
Vivo Basic Escape A-Line Dress - Taupe / Burgundy Esai Print,13
Safari Naledi Gathered Panel Maxi Skirt - Navy,13
Vivo Seli Head Wrap - Dark Green,13
Vivo Sarabi Strappy Low Back Maxi Dress - Taupe / Peach Kira Print,13
Vivo Kelemi Hooded Kimono - Rust / Green Leke Print,13
Vivo Alek High Slit Kimono - Grey / Maroon Print,13
Vivo Cuffed Wide Sweater - Light Taupe,13
Vivo Maxi Kimono - White,13
Vivo Safa Skirt - Light Olive,13
Vivo Bana Batwing Top -  Maroon,13
Vivo X This Is Essential Scooped Neck Bralette - Black / White,13
Zoya Taani Wide Joggers - Black,13
Vivo Basic Drop Shoulder Top - Buttermilk,13
Vivo Turtleneck Knit Fringe Poncho - Dark Sage,13
Vivo Basic Liv Chiffon Top - Cloud Grey,13
Vivo Studio Bell Sleeve Bodycon in Stretch Rib - Mustard,13
Safari by Vivo Zehra Kitenge Short Kimono - Pambo Print,13
Vivo Analo Sleeveless Tie Kimono - Yellow,13
Safari Zene High Low Shirt Dress - Mustard,13
Vivo Basic Cap Sleeve Tent Knee Length Dress - Green / White Oken Print,13
Vivo Analo Dress Coat - Black,13
Vivo Mandla High Neck A-Line Dress - Grey,13
Vivo Dalia Sleeveless Gathered Tent Dress - Sea Green,13
Vivo Maxi Dress - Rfs 7,13
Vivo Dua Satin Bishop Sleeve Top - Blush / Black Print,13
Vivo Saida Cap Sleeve Top - Mustard / Black,13
Safari by Vivo Zehra Kitenge Pants - Kosi Print,13
Vivo Safa Drop Shoulder Top - Maroon,13
Vivo Sleeveless Maxi Dress in Cotton - Black / White Print,13
Vivo Knee Length Kaftan in Satin - Brown / Black Print,13
Vivo Chidii Tunic Dress With Frills - Yellow / Rust Print,13
Zoya Basic Tank Top - Safron,13
Vivo Maxi Dress in Stretch Rib - Dark Taupe,13
Vivo Chela Jersey Sleeveless Waterfall - Mustard,13
Vivo Knee Length Kaftan in Satin - Dark Purple / Cream Print,13
Vivo Serwa Square Neck Maxi Dress - Coral / Black Sera Print,13
Vivo Sanyu Maxi Kimono - Lime Green / White Zazi Print,13
Vivo Basic Knee Length Shirt Dress - Rust / Navy Print,13
Vivo Dalia Cap Sleeve Gathered Tent Dress - Navy Blue,13
Vivo Ayla Loose Top - Rust,13
Vivo Basic Satin Bishop Sleeved Top - White,13
Vivo Basic Chiffon Cap Sleeve Top (Double Layered) - Grey,13
Vivo Ayah Satin Pants - Lilac / Black Ullu Print,13
Vivo Mistari 3/4 Sleeve V - Neck Collared Tunic Top - Neck Collared Tunic Top - White Textured,13
Vivo Seli V-Neck Knee Length Dress - Black,13
Vivo Yene Front Tie Top - Navy Blue,13
Vivo Tatili Bishop Sleeve Top - Navy / Teal Print,13
Safari Nazari Off Shoulder Top - Green / Cream Stripes,13
Safari Savannah Men's Long Sleeve Shirt - White,13
Vivo Talia Kimono & Shorts Set - Light Yellow / Mustard Print,13
Vivo Essentials Biker Shorts - Black,13
Vivo Basic Tsavo Scalloped Chiffon Top - Navy Blue,13
Vivo Knee Length Kaftan in Satin - Teal / Navy Print,13
Vivo Naya One Shoulder Flounce Crop Top - Doa,13
Zoya Aridi Unisex Shacket (Flannel) - Red/Black,13
Vivo Ayana Wide High Low Top - Black / Green Print,13
Vivo Wide Leg Pants - Navy,13
Safari By Vivo Mens Cotton Pants - Khaki Green,13
Vivo Maisha Straight Leg Pants In Crepe - White / Black Abstract Print,13
Vivo Keza Satin Border Maxi Kaftan - Mustard / Red Print,13
Vivo Keza Satin Border Maxi Kaftan - Brown / Mint Abstract Print,13
Vivo Ayah Shirred Neck Tent Maxi Dress - Black,13
Vivo Mandla Side Flap A-Line Dress - Beige / Rust Manla Print,13
Vivo Basic sleeveless jersey waterfall - White,13
Vivo Laika 3/4 Sleeve Tent Dress - Mustard / Black Tuni Print,13
Vivo Basic Aziza Belt - Lira,13
Vivo Alma Short Sleeve Mini Bodycon - Lime,13
Vivo Basic Cap Sleeve Top In Crepe - Dark Olive,13
Vivo Basic Sleeveless Tent Dress - Navy / Tan Sika Print,13
Vivo Basic 3/4 Sleeved Double Layered Bodysuit - Mustard,13
Vivo Maisha Wide Kimono - Cream / Orange Print,13
Vivo Basic May Sweater - Dark Green,13
Zoya Basic Full Length Leggings - Hunters,13
Vivo Saida Straight Leg Pants - Navy Blue,13
Safari Tafari Wrap Top - Sigi Print,13
Vivo Kitenge Wide Leg Pants - Green / Black Adia Print,13
Vivo Studio Mini Bubble Skirt in Satin - Dark Green,13
Vivo Wingu Puff Sleeve Knee Length Dress - Dusty Green,13
Vivo Chidii Tunic Dress With Frills - Navy,13
Vivo Lulu Cotton Tent Mini Dress -  Burgundy,13
Vivo Basic Drop Shoulder Top - Yellow,13
Zoya X Metamorphisized 143 Oversized Bowling Shirt - White / Chocolate,13
Vivo Chela Basic Cap Sleeve Top - Light Taupe,13
Vivo Basic Cowl Jersey Top - White,13
Vivo Maisha Wide High Low Top - Taupe / Blue Print,13
Safari by Vivo Njano Front Tie Dress - Tana Print,13
Safari by Vivo  Njano Front Drawstring Tunic Top - Hunters Green,13
Vivo Safa Drawstring Wide Top - Light Olive,13
Vivo Scalloped Kimono in Crepe - Dusty Pink / Olive Print,13
Vivo Iyana Bubble Midi Skirt - Navy,13
Vivo X Pinky Long Sleeve Fitness Top - White / Pink Abstract Print,13
Vivo Lani Maxi Top - Black / White Print,13
Vivo Yumi Maxi Shirt Dress - Cream / Hunters Lena Print,13
Vivo Iyana Bubble Midi Skirt - Yellow / Lilac Iya Print,13
Zoya Party One Sleeved Side Cut Dress - Royal Blue,13
Vivo Cowl Camisole - White,13
Vivo Nala Shirt Dress - Burgundy,13
Vivo Maisha Long Sleeve High Low Kimono - Cream / Gold Uwa Print,13
Vivo Ayla Bubble Sleeve Maxi Dress - Brown,13
Safari Chui 3/4 Sleeve A-Line Dress - White,13
Vivo Basic Spaghetti Strap Tank Top - Navy Blue,13
Vivo Keza V-Neck Maxi Kaftan - Blue / Black Print,13
Vivo Maisha Strappy Culotte Jumpsuit - Cream / Pink Print,13
Safari by Vivo Zene Drop Shoulder Above Knee Dress - Rust,13
Vivo Knee Length Kaftan in Satin - White / Light Blue Print,13
Zoya Banda Unisex Jorts - Blue,13
Vivo Basic Long Sleeve Bodysuit (Seamless) - Dark Green,13
Safari Men's Long Sleeve T-shirt - Black / Elmi Print,13
Vivo Analo Dress Coat - Navy,13
Vivo Tatili Wide Leg Pants - Mustard,12
Vivo Anavi Runched Tank Top - Sea Green,12
Safari Tafari Off Shoulder Crop Top - Black Brown Shade C,12
Vivo Basic Puff Sleeved Bodycon - Dark Teal,12
Vivo Sarabi Strappy Flounce Maxi Dress - White / Brown Print,12
Vivo Niari Sleeveless Tent Dress in Crepe - Red / Black Print,12
Safari Tara Bishop Sleeve Dress - Maroon / Pink Ara Print,12
Vivo Maisha Top & Pant Set- Black / White Print,12
Vivo Basic Short Waterfall - Yellow,12
Vivo Basic Satin Cap Sleeve Top - Lilac / Navy Ullu Print,12
Zoya Temo Asymmetric Front Cut Crop Top - Black,12
Vivo Essentials Capri Leggings - Mulberry,12
Vivo Maisha 3/4 Sleeve High Low Top - Off White / Dark Peach Print,12
Vivo Panelled Waist Midi Dress in Ponte - Denim Blue,12
Vivo Niari Sleeveless Top - Burgundy,12
Vivo Wena Maxi Shirt Dress - Red,12
Vivo Basic Short Lily Waterfall - Hunters Green,12
Vivo Sierra Cap Sleeve Tent Chiffon Dress - Black Textured Print,12
Vivo Maisha Strappy Jumpsuit In Rayon - Olive Green / Off White Print,12
Vivo Studio Double Layered Tie Bodycon in Jersey - Dark Mustard,12
Vivo Maxi Skirts - Fs 2,12
Vivo Chidii Tunic Dress With Frills - Black / White Print,12
Vivo Lani Maxi Top - Grey / Black Print,12
Safari by Vivo Kitenge 3/4 sleeve Maxi Dress - Sipo Print,12
Vivo Wastani Drawstring Pants - Olive,12
Vivo Upe Wide Leg Pants - Hunters Green,12
Vivo Reba Tent Shirt Dress - Navy Blue,12
Vivo Wena Wrap Dress - Rose Pink,12
Vivo Nala 3/4 Sleeve Tent Dress - Black / Rust Ala Print,12
Vivo Basic Sleeveless Tent Maxi Dress - Cream / Chocolate Doret Print,12
Vivo Tatili Pinstripe Pants in Medium Crepe - Dark Red,12
Vivo Ayana Wide High Low Top - Black / Red Print,12
Vivo Basic V-neck Cap Sleeve Top - Orange,12
Safari Savannah Men's Drawstring Shorts (Regular) - Hunters,12
Zoya Vasha Midriff Jacket - White / Neon Green,12
Vivo Dalia Off Shoulder Jumpsuit - Black / Tan Alia Print,12
Vivo Basic Extra Long Lily Waterfall - Tan,12
Safari by Vivo Two Way Wrap Top in Cotton - Yellow,12
Vivo Yumi Maxi Shirt Dress - Olive,12
Vivo Short Jacket/ Coat - Sample 1,12
Zoya Temo Mens Short Sleeve T-shirt - Navy / Green Camo,12
Vivo Basic Extra Long Lily Waterfall - Hunters Green,12
Vivo Hanabi Tent Maxi Dress - Dark Green,12
Vivo Aleri Trench Coat Dress - White,12
Vivo Kaisa Strappy Maxi Dress - Black,12
Vivo Lulu 3/4 Sleeve Maxi Kaftan in Cotton - Cream / Black Print,12
Vivo Basic Crepe Pants - Rust Orange,12
Vivo Maxi Dress in Stretch Rib - White,12
Vivo Basic Dolman Maxi Dress - Tan,12
Vivo Niari Boat Neck Dress - Black,12
Vivo X Pinky Sleeveless Crossback Fitness Midriff Top - White / Pink Abstract Print,12
Vivo Asha Wide Leg Pants in Chiffon - Dark Mustard,12
Safari by Vivo Zehra Kitenge Pants - Taswi Print,12
Vivo Niari Sleeveless Pleated Dress - Black,12
Vivo Yumi Maxi Shirt Dress - Rust,12
Vivo Ava Shirt Collar Tunic Top - Off White,12
Vivo Muna Cap Sleeved Knee Length Dress - Off White,12
Vivo Basic Sleeveless Leila Bodycon Dress - Light Taupe,12
Safari Tiwa Wide Leg Pants - Mustard,12
Vivo Ayah Drawstring Pants - Burnt Orange,12
Vivo Basic Long Sleeve Tent Shirt Dress - Beige / Black Print,12
Zoya  Taani Maxi Dress - Black,12
Vivo Reversible Poncho Without Fringes - Emerald Green / Ivory Samba Print,12
Safari Tafari Highlow Top - Black Brown Shade C,12
Safari by Vivo Zehra Kitenge Short Kimono - Tuze Print,12
Vivo Lalani Turtleneck Sweater Dress - Light Emerald Green / Ivory Samba Print,12
Safari Tafari Highlow Top in Kitenge - Epha Print,12
Safari Kikoy 3/4 Sleeve Shirt - Maroon,12
Vivo Niari Sleeveless Top - White,12
Vivo Rayon Jersey Slip Dress - White,12
Vivo Ayla Maxi Kimono - Navy / Teal Yla Print,12
Vivo Merika Wrap Top - Dark Green,12
Vivo Basic Hooded Kimono - Black /  Cream Print,12
Vivo Val Long Sleeve Sleeve Top - Navy Blue,12
Vivo Basic May Jersey Waterfall - Orange,12
"Vivo Bodysuits, Shirts, T- Shirts & Tank Tops - Fs 4",12
Safari by Vivo Zehra Extra Wide Shirt in Linen - Light Beige,12
Safari by Vivo Zehra Kitenge Pants - Moli Print,12
Vivo Maisha Straight Leg Pants in Crepe - Black / Olive Print,12
Vivo Lalani Turtle Neck Sweater Dress - Mustard / Black Ukwi Print,12
Vivo Zawadi Crepe Shift Dress - Black,12
Vivo Hadiya Tie Maxi Dress - Light Blue / Black Luwe Print,12
Safari by Vivo Zehra Kitenge Pants - Pena Print,12
Vivo Sleeveless Godet Midi Dress in Jersey - Dark Red,12
Vivo Sarabi Strappy Low Back Maxi Dress - Teal / Hot Pink Kira Print,12
Vivo Tahisa Loose Top - Dark Olive,12
Vivo Essentials Bodycon - White,12
Vivo Basic Cap Sleeve Bodycon - Light Grey,12
Vivo Essentials Capri Leggings - White,12
Safari Kamari Halter Shirt - Beige,12
Vivo Alek 3/4 Sleeve A-Line Kimono - Teal / Black Umbo Print,12
Vivo Basic Round Neck Maxi Dress - Mustard / Orange Ika Print,12
Safari Tiwa Reversible Tie Kimono - Mustard + Zuri Print,12
Safari Zene Off Shoulder Top - Light Pink,12
Vivo Studio Shoulder Tie Top in Jersey - Lime Green,12
Zoya Men's Round Neck T-shirt - Black,12
Vivo Essentials Tank Top - Yellow,12
Safari Mali Off - Shoulder Ruffle Knee Length Dress - Shoulder Ruffle Knee Length Dress - Dark Pink,12
Vivo Sakari Circular Loose Top - Yellow / Purple Print,12
Vivo Multiway Cover Up in Chiffon - Lilac,12
Safari Kikoy Off Shoulder Crop Top - Blue / Pink Print,12
Vivo Meli Ruffle Sleeve Top - Navy Blue,12
Zoya Taani Mini Dress - Black,12
Vivo Zena Bishop Panel Long Sleeve Round Neck Dress - Light Orange,12
Vivo Isabi Bodysuit - White,12
Vivo Ayla Maxi Kimono - Pink / Burgundy Hawa Print,12
Vivo Lamu Knee Length Chiffon Dress - Navy,12
Vivo Maisha Straight Leg Pants in Crepe - Navy / Brown Print,12
Vivo Basic Crepe Cap Sleeved Top - Black / Peach Print,12
Vivo Waterfalls & Kimonos - FS 5,12
Safari Tiwa Straight Leg Pants - Rust,12
Vivo Samira Midi Dress - Off White / Purple Print,12
Vivo Nala 3/4 Sleeve Tent Dress - Grey / Black Ala Print,12
Vivo T-Shirt/ Tanktop - Sample 1,12
Vivo Maisha Straight Leg Pants in Crepe - Grey / Hunters Print,12
Vivo Basic Sienna Jersey Top - Green,12
Vivo Multiway Cover Up in Chiffon - Mint Green,12
Vivo Basic Sleeveless Tent Maxi Dress - Orange / Red Print,12
Vivo Kitenge Multi Purpose Wrap - Red / Pink Ankara Print,12
Vivo Seli Maxi Dress - Brown / Chocolate Eli Print,12
Vivo Sakari Circular Loose Top in Textured Chiffon - Orange,12
Zoya Yuni Halter Tank Top - Orange,12
Vivo Niari Full Length Pants - Navy Pinstripes,12
Safari Mansi Bishop Sleeve Shacket - Black,12
Vivo Basic Long Sleeved Double Layered Bodycon - Burgundy,12
Vivo Yumi Maxi Shirt Dress - Cream / Navy Lena Print,12
Vivo Yumi Cap Sleeve Dress - Navy / Mustard Print,12
Safari Men's Long Sleeve Shirt - Denim Blue,12
Vivo Ayla Loose Top - Chocolate,12
Vivo Mandla Side Flap A-Line Dress - Green / Mustard Manla Print,12
Vivo X This Is Essential Raceback Bralette - Black,12
Vivo Yumi Off Shoulder Jumpsuit - Rust / Black Nisa Print,12
Safari Tafari Shorts - Laka Print,12
Vivo Waterfalls & Kimonos - Rfs 2,12
Vivo Lulu Contrast Stitch Tent Dress in Cotton - Hunters,11
Vivo Samira Wide Kimono - Olive / White Print,11
Zoya Yuni Sleeveless Turtle Neck Maxi Top - Orange,11
Vivo Sierra Cap Sleeve Tent Chiffon Dress - Orange / Black  Ullu Print,11
Vivo Ava 3/4 Sleeve Kimono -Navy,11
Vivo Hoodie High Low Poncho - Beige,11
Vivo Kelemi 4.0 Kimono - Lime / Navy Nashe Print,11
Vivo Sleeveless Blazer - Marula,11
Vivo Basic Leisure Pants - Dark Green,11
Vivo Basic Sleeveless Tent Maxi Dress - Orange / Green Print,11
Zoya Shani Cropped Tie Top - Burgundy / Peach Sani Print,11
Vivo Keza Circular Loose Top - Lilac / Navy Willow Print,11
Vivo Hadiya Flounce Sleeve Maxi Dress - Pink,11
Vivo Isabi Sleeveless Kimono - White / Orange Sabi Print,11
Vivo Maxi Dress - Fs 6,11
Vivo Reba Hi Low  Dress  - Yellow / Navy Print,11
Vivo Basic May Sweater - Dark Rust,11
Vivo Pesi Notch Collar Tent Dress - Grey / Black Print,11
Vivo Esna Drop Shoulder High Low Dress - Hunters,11
Vivo Keza Satin Border Maxi Kaftan - Olive / Dark Green Abstract Print,11
Vivo Zawadi Keyhole Dress - Light Purple,11
Safari Tafari Off Shoulder Crop Top - Black Brown Shade A,11
Vivo Reba Drop Shoulder Shirt Dress - Light Blue / Black Zari Print,11
Vivo Dua 3/4 Sleeved V Neck Shirt - Lime,11
Vivo Zahari 3/4 Sleeve Off-Shoulder Jumpsuit - Grey / Red Bali Print,11
Vivo Zahari Off-Shoulder Maxi Dress - Pink / Green Hari Print,11
Vivo Dua 3/4 Sleeved V Neck Shirt - Hot Pink / Navy Ebu Print,11
Vivo Maisha 3/4 Sleeve High Low Top - Red / Black Print,11
Vivo Pelia Round Neck Dress - Light Grey,11
Vivo Merika Knee Length Wrap Dress - Red,11
Vivo Asha Drop Shoulder Maxi Shirt Dress - Dark Mustard / Black Weni Print,11
Safari Njano Men's Knee Length Shorts - Hunters Green,11
Vivo Knee Length Dress - SAMPLE3,11
Vivo Tunu Long Slit Sleeve Knee Length Shift Dress - Peach / Navy Print,11
Vivo Nimali Satin Blouse - Navy Blue,11
Vivo Scalloped Kimono in Crepe - Black / Orange Print,11
Vivo Short Kimono - Blue / Pink Azizi Print,11
Vivo Loose Tops - FS 7,11
Vivo Jumpsuit - Sample 1,11
Safari Tafari Highlow Top in Kitenge - Shera Print,11
Vivo Reba Drop Shoulder Shirt Dress - Dark Navy / Tan Print,11
Vivo Boat Neck Top in Scuba - Lime Green,11
Vivo Waterfalls & Kimonos - RFS 7,11
Safari Men's Cargo Pants - Dark Grey,11
Vivo Naya One Shoulder Flounce Jumpsuit - Pweza Print,11
Zoya Sadira Mini Bubble Dress - Hunters,11
Vivo Zahari  Dolman Tie Kimono - Maroon,11
Vivo Long Sleeve Midi Waterfall - Navy Blue,11
Safari Lira Drawstring Jacket - Hunters,11
Vivo Maisha Wide High Low Top - Light Taupe / Mustard Print,11
Shiv Shikie X Safari V-Neck Long Sleeve Sweatshirt in Rib - Off White,11
Vivo Nasinka Ruffle Sleeve Jumpsuit - Light Green,11
Safari Tafari Highlow Top - Light Blue Asili Print,11
Vivo Lani Maxi Dress - Mint / Emerald Print,11
Zoya Yuni Strappy Midriff Top - Navy,11
Vivo Zahari  Dolman Tie Kimono - Beige,11
Vivo Extra Long Lily Waterfall - Yellow,11
Vivo Nimali Satin Halter Top - Slate,11
Zoya Vasha Hooded Jacket - White / Neon pink,11
Safari Tiwa Straight Leg Pants - White,11
Zoya Basic Long Sleeve Top - Lime Green,11
Vivo Long Sleeve Leila Bodycon Dress - Dark Green,11
Vivo Basic Nandi A-Line Kimono - Black / White Off-White Nel Print,11
Vivo Sanyu Overlap Maxi Cover Up Top - Lilac / White Zazi Print,11
Vivo Samira Midi Dress - Grey / Olive Print,11
Vivo Basic Long Sleeve Tent Shirt Dress - Cream / Orange Print,11
Vivo Capri/Midi Length Dress - SAMPLE 1,11
Vivo Niari Sleeveless Tent Dress in Crepe - Rust / Black Print,11
Vivo Knee Length Skirts - FS 3,11
Vivo Asha Sleeveless Maxi Dress - Fuschia / Navy Eta Print,11
Zoya Basic Val Tank Top - Navy Blue,11
Vivo Keza V Neck Maxi Kaftan In Satin - Cream / White Print,11
Vivo Ponte Back Pleat High Low Dress - Dark Green,11
Vivo Hadiya Flounce Sleeve Maxi Dress - Navy Blue,11
Vivo Basic Nandi High Slit Kimono -  Black / Rust Print,11
Vivo Ajani V-Neck Top - White / Grey Print,11
Vivo Leila Short Sleeve A-Line Dress - Tan,11
Safari Lounge Pants In Jersey - Light Taupe,11
Vivo Ava Tent Maxi Dress - Grey / Black Jilo Print,11
Vivo Maisha Straight Leg Pants in Crepe - Green / Brown Print,11
Zoya X Metamorphisized 143 Oversized Long Sleeve Shirt - Black / Jungle Green,11
Vivo Dresses - Sample 17,11
Zoya Yuni Tank Top - Black,11
Vivo Studio Bell Sleeve Bodycon in Stretch Rib - Dark Fuschia,11
Vivo Kelemi 4.0 Frilled Wide Top - White,11
Vivo Essentials Bandeau - Black,11
Vivo Basic Extra Long Lily Waterfall - White,11
Safari by Vivo Bush 3/4 Sleeve Top - Hunters,11
Vivo Safa Sweater - Off White,11
Vivo Sawari Crossed Cuff Batwing Top - Navy,11
Vivo Basic Sienna Jersey Top - Tan,11
Vivo Basic Round Neck Maxi Dress in Crepe - Light Blue / Navy Zela Print,11
Vivo Ziwa Long Sleeve Ruffle Midi Kimono - Taupe / Off White Mtende Abstract Print,11
Vivo Basic Crepe Cap Sleeve Top - Sky Blue,11
Vivo Hanabi Wrap Maxi Dress - Hot Pink,11
Vivo Basic Knee Length Shirt Dress - Cream / Navy Print,11
Vivo Maisha Straight Leg Pants in Crepe - Dusty Blue / Brown Print,11
Vivo Basic Neo Extra Long Lily Waterfall - Light Burgundy,11
Safari Naledi Gathered Panel Maxi Skirt - Olive,11
Safari by Vivo  Tiwa Barell Pants - Black,11
Vivo Tatari Panelled Sheath Dress - Black / Rust,11
Ythera Nourishing & Brightening Face Oil,11
Vivo Samira Midi Dress - Black / Taupe Print,11
Vivo Ajani V-Neck Top - Black / Green Print,11
Vivo Maxi Kimono - Black,11
Vivo Basic Crepe Cap Sleeved Top - Cream,11
Vivo Basic Nalia Satin High Low Top - Dust Grey,11
Vivo Ari Sweater - Brown / Olive Print,11
Vivo Kitenge Wide Leg Pants - Obu Print,11
Vivo Upe Wide Leg Pants - Taupe,11
Vivo Essentials Tank Top - Orange,11
Vivo Sarabi Panelled V-Neck Kaftan - Hot Pink,11
Vivo Safiya Back Pleat Dress - Burnt Orange,11
Vivo Tahisa Straight Leg Pants - Rust,11
Safari Tawi Bishop Sleeve Tiered Dress - Denim Blue,11
Vivo Leila Cap Sleeve Tent Knee Length Dress - Navy Blue,11
Vivo Mandla Side Flap A-Line Dress - Black,11
Vivo Kay Sheath Dress - White,11
Vivo Basic Cap Sleeve Top In Crepe - Mustard,11
Vivo Basic Tsavo Scalloped Chiffon Top - Hunters,11
Vivo Chidii Wide Leg Pants - Light Tan / Navy Tulu Print,11
Safari Zene Tiered Above Knee Dress - Mustard,11
Vivo Knee length Dress - Rfs 2,11
Vivo Chela Drawstring Shorts - Black,11
Zoya Basic Long Sleeve Top - Yellow,11
Vivo Basic Cap Sleeve Maxi Tent Dress - White / Orange Sabi Print,11
Vivo Safa Skirt - Rust,11
Vivo Basic sleeveless jersey waterfall - Yellow,11
Safari Men's Kitenge Drawstring Shorts - Keri Print,11
Safari Mansi Straight Leg Pants - Black,11
Vivo Studio Strapless Maxi in Crepe- Lilac,11
Vivo Pelia Kimono - Black / White Meni Print,11
Vivo Nasinka A-line Maxi Dress - Orange / Black Bombo Print,11
Vivo Basic Kena Tent Knee Length Dress - Navy Blue,11
Vivo Kelemi 4.0 Halter Maxi Dress - Light Olive,11
Vivo X Pinky Long Sleeve Fitness Top - Pink / Dark Pink Abstract Print,11
Vivo Maisha Wide Kimono - White / Grey Print,11
Vivo Basic Jeggings - Black,11
Safari Tafari Highlow Top in Kitenge - Wati Print,11
Vivo Golf Long Sleeved Zip Up Jacket - Black,11
Vivo Chidii Drop Shoulder Kimono - Dark Green,11
Vivo Ayah Kimono - Mustard / Black Tullu Print,11
Vivo Dua Satin Bishop Sleeve Top - Cream / Light Green Print,11
Safari Kikoy Off Shoulder Crop Top - Green / Pink Print,11
Vivo Basic Satin Cap Sleeve Top - Brown Polka Dots,11
Vivo Safiya Back Pleat Dress - Safron,11
Vivo Maisha 3/4 Sleeve High Low Top - Hunters / Beige Print,11
Vivo Sakari Circular Loose Top in Chiffon - Tan / Navy Textured Print,11
Vivo Maisha 3/4 Sleeve Maxi Dress - White / Grey Floral Print,11
Vivo Basic 3/4 Sleeve Double Layered Bodycon Dress - White,11
Zoya Vasha Track Pants With Pockets - Khaki,11
Vivo Safa Skirt - Navy Blue,11
Vivo Leila Short Sleeve Bodycon - Hunters,11
Vivo Izzy Bishop Sleeve Top in Textured Satin - Olive Green,11
Vivo Satin Tunic Dress With Frills - Grey / Black Print,11
Vivo Basic Crepe Pants - Maroon / Chocolate Print,11
Vivo Ava 3/4 Sleeve Kimono - Dark Green,11
Vivo Basic Waterfall - Dark Navy,10
Soko Kazuri Mini Disc Hoop - Gold,10
Vivo Basic Leggings - Light Grey,10
Vivo Wide Leg Pants - Taupe,10
Vivo Dua 3/4 Sleeved V Neck Shirt - Orange / White Ebu Print,10
Vivo Safa Pallazo Pants - Olive,10
Vivo Alek High Slit Kimono - Tan / Navy Print,10
Safari Savannah Men's Half Placket Shirt - White,10
Vivo Nalia High Low Jersey Top - Yellow,10
Vivo Niari Tent Dress - Orange,10
Lace-Up Back Spaghetti-Strap Dress - Winsome Orchid,10
Vivo Wide Leg Pants - Off White,10
Vivo Knee Length Skirts - RFS 6,10
Safari Savannah Chinese Collar Shirt - Chocolate,10
Vivo Basic Sleeveless Tent Dress - Cream / Navy Sinka Print,10
Vivo Jacket - Fs 8,10
Vivo Alora Shift Dress - Rose,10
Vivo Amara Drop Shoulder Waterfall - Safron,10
Vivo Ajani V-Neck Top - Cream / Rust Print,10
Vivo Serwa Flounce Dress - Lilac,10
Vivo Lulu 3/4 Sleeve Maxi Kaftan in Cotton - Cream / Tan Print,10
Safari Chui 3/4 Sleeve A-Line Dress - Taupe,10
Vivo Amai Side Slit Pants - Black,10
Vivo Sweatshirt in Scuba - Lilac,10
Vivo Beali Blazer - Tan / Navy Lea Print,10
Vivo Sakari Drop Shoulder Jumpsuit in Crepe - Navy,10
Safari by Vivo  Tawi Bishop Sleeve Tiered Dress - Orange,10
Zoya Yuni Off Shoulder Midriff Top - Navy Blue,10
Vivo Basic Long Sleeve Cascade Waterfall - Yellow,10
Vivo Zuri Cap Sleeve Knee Length Dress - Navy / Mustard Igabi Print,10
Safari Men's Long Sleeve T-shirt - Navy / Tari Print,10
Vivo Full Length Pants - Fs 5,10
Vivo Essi Scalloped Maxi Top in Satin - Cream / Lilac Huwa Print,10
Vivo Ria Drawstring Pants - Off White,10
Vivo Sakari Circular Loose Top - Beige / Blue Print,10
Vivo Basic 3/4 Sleeved Double Layered Bodysuit - Hunters,10
Vivo Yene Front Tie Tunic Top - Teal,10
Vivo Kitenge Wide Leg Pants - Lashi,10
Vivo Chela Sleeveless Waterfall - Navy,10
Vivo Ayla Off-Shoulder Jumpsuit -Orange / Burgundy Umbo Print,10
Vivo Analo Front Placket Coat - Grey,10
Vivo Basic Long Sleeved Double Layered Bodycon - Teal,10
Vivo Ruwa Flounce Sleeve Tent Maxi Dress - Orange / Black Ua Print,10
Vivo Rema 3/4 Sleeve Side Slit Tunic Top - Rust,10
Safari by Vivo Zehra Kitenge Shorts - Shari Print,10
Vivo Cuffed Wrap Poncho - Dark Red,10
Vivo Basic Knee Length Dress In Chiffon - Hunters / Cream Print,10
Vivo Essentials Jersey Top - Sea Green,10
Vivo Amai Hi-Low Top - Buttermilk Wingu Print,10
Safari Zene High Low Shirt Dress - Teal,10
Vivo Nimali Satin Blouse - Black,10
Safari Mansi Dolman Top - Taupe,10
Vivo Basic Long Lily Waterfall - Yellow,10
Vivo Diella 3/4 Sleeve A-Line Dress - Dark Purple,10
Vivo Merika Knee Length Wrap Dress - Rust,10
Vivo Hanabi Tent Maxi Dress - Maroon / Beige Print,10
Zoya Sadira Bell Bottom Pants - Grey,10
Safari by Vivo Zehra Extra Wide Shirt in Linen - Rust,10
Vivo Reba Drop Shoulder Shirt Dress - Dark Navy / Mustard Print,10
Vivo Reba Tent Shirt Dress - Orange,10
Zoya Basic Jersey Bandeau - Fuschia,10
Safari by Vivo Zehra Kitenge Short Kimono - Vovi Print,10
Vivo Ruwa Flounce Sleeve Tent Maxi Dress - Navy / Orange Mizan Print,10
Vivo Basic Cap Sleeve Tent Knee Length Dress - Dusty Pink,10
Vivo Tanda Maxi Skirt - Off White,10
Safari by Vivo Zehra Extra Wide Shirt in Linen - Light Olive,10
Vivo Serwa Crepe Pants - Light Blue / Navy Sera Print,10
Safari by Vivo Zehra Extra Wide Shirt in Linen - Fuschia,10
Vivo Basic Crepe Pants - Rust,10
Zoya Temo Bubble Mini Skirt - Taupe,10
Safari Mali Bishop Sleeve Shirt Dress - Khaki,10
Vivo Rema Straight Leg Pants - Off White,10
Vivo Maisha Strappy Culotte Jumpsuit - Grey / Pink Print,10
Vivo Mistari 3/4 Sleeve V - Neck Collared Tunic Top - Neck Collared Tunic Top - White Stripes,10
Vivo Bissa Reversible Maxi Dress - Green / Pink Print,10
Vivo Outerwears - Sample 13,10
Vivo Ava Front Pleat Maxi Dress - Brown,10
Zoya X Metamorphisized 143 Oversized Bowling  Shirt - White / Black,10
Vivo Ajani V-Neck Top - Green / Pink Print,10
Vivo Basic Long Sleeved Bishop Top - Mint,10
Vivo Isabi Loose Top In Chiffon - Light Blue,10
Vivo Mistari 3/4 Sleeve V - Neck Collared Tunic Top - Neck Collared Tunic Top - Black Checkered,10
Vivo Basic Cuffed Dolman Jersey Dress - Deep Teal,10
Vivo Basic Val Long Sleeve Top - Dark Navy,10
Vivo Basic Long Sleeved Top - Light Grey,10
Zoya Yuni Men's Sweatshirt - Dark Grey,10
Vivo Kala Hooded Poncho - Hunters Green,10
Safari by Vivo Zehra Kitenge Pants - Pollo Print,10
Safari Hawi Bishop Sleeve Tent Shirt Dress - Pink,10
Zoya Aridi Unisex Shacket (Corduroy) - Navy / Blue Flannel,10
Vivo Zuri Cap Sleeve Knee Length Dress - Dark Green,10
Vivo Izzy Bishop Sleeve Top in Textured Satin - Light Taupe,10
Safari by Vivo Zehra 3/4 Sleeve Kitenge Maxi Dress - Misha Print,10
Vivo Pesi Drop Shoulder Tunic - Black / White Una Print,10
Vivo Basic Chiffon Dropped Shoulder Top - Masala,10
Vivo Dila Print Poncho - Raspberry / Light Grey,10
Vivo Serwa Tent Dress - Light Peach / Burgundy Doti Print,10
Vivo Sakari Cap Sleeve Maxi Dress - Dark Navy / Mustard Print,10
Zoya Nia Cargo Shorts - Beige,10
Vivo Dua 3/4 Sleeved V Neck Shirt - White / Green Arisi Print,10
Vivo Basic Short Sleeve Top - Dark Green,10
Vivo Zahari Drawstring Wide Leg Pants - Beige / Black Zari Print,10
Zoya Yuni Men's Fleece Sweat Pants - Mint,10
Vivo Chidii Tunic Dress With Frills - Black,10
Vivo Lani Maxi Dress - Grey / Green Print,10
Vivo Leila Cap Sleeve Tent Maxi Dress - Deep Teal,10
Vivo Samira High Low Top - White / Grey Isa Print,10
Vivo Meli Ruffle Sleeve Top - Grey,10
Vivo Keza Circular Loose Top - Black / Taupe Aez Print,10
Vivo Saida 3/4 Sleeve Top - Lime,10
Safari Kamari Ribbed Top - Beige,10
Safari Chui Cropped Jacket - White Cloud,10
Safari Mali Bishop Sleeve Shirt Dress - Black,10
Vivo Meli Chiffon Pants - Red,10
Vivo Maisha 3/4 Sleeve High Low Top - Maroon / Peach Print,10
Vivo Basic Sleeveless Jersey Waterfall - Hunters Green,10
Safari by Vivo Tawi Off Shoulder Knee Length Dress - Pink(Plain Belt),10
Vivo Basic Sleeveless Tent Dress - Cream / Green Sinka Print,10
Vivo Zahari 3/4 Sleeve Off-Shoulder Jumpsuit - Royal Blue Ari Print,10
Vivo Tahisa Straight Leg Pants - Black,10
Vivo Studio Shoulder Tie Top in Jersey - Orange,10
Vivo Niari Sleeveless Pleated Dress - Magenta,10
Vivo Safa Straight Leg Pants - Maroon,10
Safari by Vivo Zehra Kitenge Pants - Vovi Print,10
Vivo Keza Satin Border Maxi Kaftan - Black / Beige Animal Print,10
Vivo Waterfalls & Kimonos - RFS 4,10
Vivo Tande Front Drape Skirt - Dark Navy,10
Vivo Nimali Satin Halter Top - Rubi,10
Vivo Serwa Flounce Dress - Mint,10
Vivo Basic Tank Top - Rust,10
Vivo BFS&S 8,10
Vivo Mandla Tent Dress - Mustard / Black Manla Print,10
Vivo Yene Jumpsuit - White / Teal Shibori Print,10
Safari Lira Drawstring Knee Length Dress - White + Elmi Print,10
Vivo Loose Tops - Fs 6,10
Vivo Basic Drop Shoulder Top - Navy Blue,10
Zoya Nia Wide Leg Shorts - Tickling Stripes Print,10
Vivo Safiya Back Pleat Dress - Hunters Green,10
Vivo Izzy Satin Bishop Sleeve Top - Hot Pink,10
Zoya X Metamorphisized 143 Detachable Pants - Black,10
Vivo Reba Coat Dress - Mustard,10
Vivo Lamu 3/4 Sleeve Double Layered Bodycon - Navy Blue,10
Vivo Basic Short Dolman Sweater - Fuschia / Black,10
Vivo Zuri Cap Sleeve Knee Length Dress - White,10
Safari Tafari Highlow Top in Kitenge - Liza Print,10
Safari Kaya Long Sleeve Shirt Dress - Mustard,10
Zoya Banda Waist Length Zipped Jacket - Blue,10
Vivo Dua 3/4 Sleeved V Neck Shirt - Lime / Brown Ebu Print,10
Vivo Lani Maxi Dress - Pink,10
Zoya Basic Tank Top - Yellow,10
Vivo Yoga Wrap - Buttermilk,10
Safari Zene Off Shoulder Top - Dark Orange,10
Vivo Zena Long Sleeve Mandarin Collar Shift Dress - Cream / Teal Polka Print,10
Vivo Ayana Wide High Low Top - Black / Blue Print,10
Zoya Sadira Men's Polo T-Shirt - White,9
Vivo Alek 3/4 Sleeve A-Line Kimono - Mustard / Black Umbo Print,9
Zoya Nia Cargo Overalls - Beige,9
Zoya Luna Drape Tie Top - Pink,9
Vivo Safiya Gathered Shoulder Maxi Dress - Hunters,9
Shiv & Shikie X Safari Drawstring Pants - Light Grey,9
Vivo Maisha 3/4 Sleeve Maxi Dress - Teal Mural Print,9
Vivo Chari Basic Pencil Skirt - Black,9
Vivo Basic Cap Sleeve Maxi Tent Dress - Toast / Black Abeni Print,9
Vivo Basic Cap Sleeve Maxi Tent Dress - White / Black Print,9
Vivo Sierra Cap Sleeve Tent Chiffon Dress - Grey / White Print,9
Safari Savannah Men's Short Sleeve Shirt - White,9
Vivo Basic Cap Sleeve Maxi Tent Dress - Jungle Green / Brown Floral Print,9
Vivo Basic Cap Sleeved Bodysuit - Red,9
Vivo Reversible Poncho Without Fringes - Chocolate Brown / Taupe Samba Print,9
Zoya Sadira Mini Bubble Dress - Taupe,9
Zoya Temo Straight Leg Pants - Camo Green,9
Vivo X This Is Essentials Long Sleeve Crew Neck Bodysuit - Grey,9
Vivo Chidii Tunic Dress With Frills - Burnt Orange,9
Vivo Vinna 3/4 Seeve A-Line Dress - Teal / White,9
Vivo Maisha 3/4 Sleeve High Low Top - Cream / Black Print,9
Vivo Basic Crepe Pants - Magenta,9
Vivo Serwa Tent Dress - Red,9
Vivo Satin Drawstring Pants - Taupe /Black,9
Vivo Basic Long Sleeve Bodysuit (Seamless) - Navy Blue,9
Vivo Basic Long Sleeve Bodysuit (Seamless) - Black,9
Vivo Waridi Pencil Skirt - Mustard,9
Vivo Ayla Maxi Kimono - Lilac / Black Hawa Print,9
Vivo Maisha 3/4 Sleeve Maxi Dress - Jungle Green Floral Print,9
Vivo Imara Sleeveless Front Tie Dress - Pink / Black Chale Print,9
Vivo Ayah Bishop Sleeve Mock Neck Top - Lilac,9
Vivo Sanali Trench Coat - Navy,9
Vivo Basic Short May Jersey Waterfall - Yellow,9
Vivo Samira Wide Kimono in Rayon - Black / White Spiral Print,9
Safari Kitenge T-Shirt - Black / Chari Print,9
Vivo Yumi Maxi Shirt Dress - Cream / Navy Rumi Print,9
Vivo Hadiya Flounce Sleeve Maxi Dress - Light Tan,9
Zoya Aridi Unisex Shacket (Flannel) - Red Flannel,9
Safari Mansi Maxi Shirt Dress - Teal,9
Safari Men's Short Sleeve Shirt - Black / Chari Print,9
Vivo Basic Cap Sleeve Tent Knee Length Dress - Black / White Kamai Print,9
Vivo Rema 3/4 Sleeve Side Slit Tunic Top - Dark Brown,9
Safari Mansi Mens Summer Shirt - Green Stripes,9
Vivo Laika Long Sleeve Mandarin Top - Black,9
Vivo Ruwa Flounce Sleeve Tent Maxi Dress - Orange / Hunters Nila Print,9
Vivo Leila Dress - Mustard,9
Vivo Basic Lined Capri Skirt - Rust,9
Safari Kitenge 3/4 sleeve Maxi Dress - Neba Print,9
Vivo Esna Puff Sleeve Tent Dress - Navy,9
Vivo Pesi Drop Shoulder Tent Dress - Beige / Off-White Print,9
Vivo Dalia Sleeveless Gathered Tent Dress - Black,9
Vivo Tie Waist Kimono Maxi Dress in Textured Crepe - Black,9
Vivo Basic 3/4 Sleeve Leila Bodycon Dress - Orange,9
Safari Tafari Off Shoulder Crop Top - Laka Print,9
Vivo Niari straight leg Pants - Black,9
Safari By Vivo Mens Cotton Short Sleeve Shirt - White / Black Print,9
Vivo Nimali Satin Halter Top - Purple,9
Vivo Essentials Sleeveless One Shoulder Crop Top - Black,9
Vivo Knee Length Kaftan in Satin - Brown / Burgundy Print,9
Vivo Waterfalls & Kimonos - RFS 1,9
Vivo Basic V-neck Cap Sleeve Top - White,9
Vivo Sierra Cap Sleeve Tent Chiffon Dress - Olive / Chocolate Sabi Print,9
Vivo Basic Waterfall - Dark Mustard,9
Vivo Ayla Maxi Kimono - Black / Cream Yla Print,9
Vivo Nasinka V-Neck Maxi Dress - Purple,9
Vivo Everyday Cap Sleeve Top in Jersey,9
Vivo Nkasi Wide Leg Pants - Teal / Burgundy Kasi Print,9
Vivo Sakari Circular Loose Top in Chiffon - Brown / Grey Textured Print,9
Vivo Basic Sleeveless Tent Maxi Dress - Navy / Peach Print,9
Vivo Maisha 3/4 Sleeve Maxi Dress - Black / Orange Stripes Print,9
Vivo Safiya Maxi Dress - Burgundy,9
Vivo Nkasi Asymmetrical Top - Teal / Burgundy Kasi Print,9
Vivo Kala Palazzo Pants - Burgundy / Hunters Bemba Print,9
Safari Zene Off Shoulder Top - Orange,9
Vivo Nasinka A-line Maxi Dress - Mustard / Black Bombo Print,9
Vivo Knee Length Skirts - Rfs 4,9
Vivo Kelemi Hooded Kimono - Rust,9
Vivo Nasinka Wrap Dress - Cream / Black Bugendo Print,9
Vivo Basic Bishop Sleeve Top In Chiffon (Double Layered) - Mustard Old,9
X Pinky Sleeveless Cross Back Fitness Tank Top - White / Pink Abstract Print,9
Safari Kaya Long Sleeve Shirt Dress - Orange,9
Vivo Naya Flounce High Low Top - Black,9
Zoya Temo Mens Short Sleeve T-shirt - Navy / Blue Camo,9
Vivo Ajani V-Neck Top - Black / Red Print,9
Vivo Basic 3/4 Sleeve Double Layered Bodycon Dress - Orange,9
Zoya Luna Drape Tie Top - Dark Blue,9
Vivo Ziwa Long Sleeve Ruffle Cuff Maxi Kimono - Green / Off White Zuri Abstract Print,9
Vivo Basic Satin Bishop Sleeve Top - Dark Mustard,9
Vivo Beali Shirred Midriff Top - Beige / Gold Lea Print,9
Vivo Straight Pants in Scuba - Lilac,9
Vivo Basic 3/4 Sleeve Double Layered Bodycon Dress - Green,9
Vivo Nasinka V-Neck Maxi Dress - Orange,9
Vivo Rema 3/4 Sleeve Side Slit Tunic Top - Fuschia,9
Zoya Aridi Cropped Jacket - Black / Red,9
Vivo Sana Asymmetrical Angel Sleeve Top - Brown / White Print,9
Safari Chui Jodhpur Pants - White Cloud,9
Vivo Studio 2-piece in Mixed Media - Orange,9
Safari Naledi 3/4 Sleeve Tent Dress - Navy Pinstripes Print,9
Zoya Sadira Strappy Bodysuit - Navy Blue,9
Vivo Basic Cap Sleeve Knee Length Tent Dress -Cobalt / Orange Capi Print,9
Vivo Zena Bishop Panel Long Sleeve Round Neck Dress - Lime Green,9
Vivo Basic Cap Sleeve Tent Knee Length Dress - Sea Green,9
Vivo Situ Off Shoulder Top - Navy,9
Vivo Malindi Tunic Dress With Frills - Green,9
Safari Tara Crop Shacket - Navy / Light Blue Sutu Print,9
Vivo Maxi Dress in Stretch Rib - Maroon,9
Vivo Safiya Dolman Top - Navy,9
Vivo Kala Maxi Dress - White / Orange Ukwi Print,9
Vivo Kelemi 4.0 Frilled Wide Top - Magenta,9
Vivo Thando Mock Neck Maxi Dress - Lime / Green Aria Print,9
Vivo Nandi High Slit Kimono - Black / Blue Print,9
Vivo Essentials Full Length Leggings - Teal,9
Vivo Basic Cap Sleeve Top in Satin - Cream / Lilac Huwa Print,9
Vivo Keza Satin Border Maxi Kaftan - Mint / Olive Abstract Print,9
Vivo Izzy Satin Bishop Sleeve Top - Mint,9
Vivo Ruwa Flounce Sleeve Knee Length Tent Dress - Yellow / Hunters Nila Print,9
Zoya Capri Leggings - Burgundy,9
Safari Tafari Wrap Top - Semu Print,9
Vivo Satin High Low Top - Taupe / Black Print,9
Safari Men's Shacket - Coral,9
Vivo X This Is Essential  Sleeveless High Neck Bodysuit - Chocolate,9
Vivo Nimali Satin Joggers - Blue,9
Vivo Maisha Top & Pant Set-Burgundy / Lime Print,9
Safari Njano Joggers - Rust / Himo Print,9
Vivo Lalani Scarf With Fringes - Chocolate / Orange Samba Print,9
Safari By Vivo Mens Cotton Pants - Navy Blue,9
Vivo Reba Dolman Dress  - Tan / Brown Riba Print,9
Vivo Basic Cap Sleeve Bodycon - Red,9
Vivo Basic Imelda Top - Tan,9
Vivo Yumi Maxi Shirt Dress - Magenta,9
Sample & Sale Items - Sample 2,9
Safari Sizani Men's Kitenge Placket Shirt - Himo Print,9
Vivo Ava 3/4 Sleeve Kimono -White,9
Vivo Everyday Tank Top - Olive,9
Safari Kitenge Side Frill Kaftan - Maya,9
Vivo Nasinka A-line Maxi Dress - Beige / Black Nama Print,9
Vivo Nasinka V-Neck Maxi Dress - Black,9
Vivo Basic Sleeveless Tent Dress - Black / White Print,9
Vivo Keza Satin Border Maxi Kaftan - Black / Brown Animal Print,9
Vivo Trench Coat - Neba Print,9
Vivo Basic Nandi High Slit Kimono - Cream / Pink Print,9
Vivo Basic Satin Cap Sleeve Top - White / Orange Ullu Print,9
Vivo Basic Val Cap Sleeve Top - Yellow,9
Vivo Ayah Hijab Headwrap - Cream / Chocolate Yana Print,9
Vivo Sakari Cap Sleeve Maxi Dress - Dark Navy / Peach Print,9
Safari by Vivo Zehra 3/4 Sleeve Kitenge Maxi Dress - Amora Print,9
Vivo Boat Neck Top in Scuba - Burgundy,9
Vivo Nimali Satin Wide-Leg Pants - Rubi,9
Vivo Merika Satin Wrap Top - White / Mustard Nito Print,9
Safari by Vivo  Tara Crop Shacket - Light Blue / Navy Dire Print,9
Vivo X This Is Essential  Sleeveless Scooped Neck Bodysuit - Grey,9
Vivo Yene Front Tie Tunic Top - Green,9
Vivo Ava Tent Maxi Dress - Orange / Off White Print,9
Zoya Nia Off Shoulder Knee Length Dress - Blue / Lime Green Abstract Print,9
Zoya X Metamorphisized 143 Pleated Flannel Mini Skirt - Blue Plaid,9
Safari Savannah Midi Wrap Dress - White,9
Safari Kamari Cotton Shorts - Black,9
Vivo Zahari 3/4 Sleeve Off-Shoulder Jumpsuit - Orange / Teal Bali Print,9
Vivo Keza Satin Border Maxi Kaftan - Beige / Pink Tawa Print,9
Vivo Dua Satin Bishop Sleeve Top - Beige / Black Ala Print,9
Vivo Ayah Satin Pants - Dark Purple,9
Vivo Fara Off Shoulder Flounce Sleeve Jumpsuit - Dusty Pink / Tana,9
Vivo Kitenge Tie Top - Sai,9
Safari Men's Short Sleeve Shirt - White / Tana Print,9
Vivo Samira Midi Dress in Textured Satin - Mustard,9
Vivo Basic 3/4 Sleeved Double Layered Bodysuit - Yellow,9
Vivo Tatili Bishop Long Sleeve Top - Pink / Offwhite Print,9
Vivo Amai Hi-Low Top - Rust,9
Vivo Tahisa Straight Leg Pants - Orange,9
Zoya X Metamorphisized 143 Oversized Long Sleeve Shirt - Black / White,9
Safari Nazari Coat Dress - Navy / Pink Bakari Print,9
Vivo Lani Maxi Dress - Grey / White Print,9
Vivo Kemi Side Cowl Maxi Dress - Dark Orange /Green,9
Vivo Basic Satin Cap Sleeve Top - Hot Pink,9
Vivo Nalia Long Sleeve High Low Top - Safron,9
Safari Zene High Low Shirt Dress - Coral,8
Zoya Basic Jersey Bandeau  - White,8
Vivo Basic 3/4 Sleeve Leila Bodycon Dress - Mustard,8
Zuri Cap Sleeved Maxi Dress - Peach / Teal Spiral Print,8
Safari by Vivo Naledi Bubble Midi Dress - Voni Print,8
Safari by Vivo Savannah Drawstring Shacket - Brown,8
Vivo Isabi Loose Top - Dark Orange,8
Vivo Zawadi Shift Dress - Maroon,8
Vivo Maxi Waterfall/ Kimono - Sample 1,8
Vivo Merika Satin Wrap Top - Plum,8
Vivo Sanali Wide Leg Pants - Beige / Red Print,8
Vivo Basic Chiffon Bishop Sleeve Top (Double Layered) - Navy Blue,8
Zoya Basic Long Sleeve Top - Orange,8
Vivo Panelled Waist Midi Dress in Ponte - Taupe,8
Vivo Saida Cigarrets Pants - Beige,8
Vivo Reversible Poncho Without Fringes - Mustard / Chocolate Brown Samba Print,8
Safari Men's Short Sleeve Shirt - White / Chari Print,8
Vivo Pesi Notch Collar Tent Dress - Black / White Print,8
Vivo Kitenge Wrap Skirt - Himo,8
Vivo Ava Tent Knee Length Dress - White / Rust Nurra Print,8
Vivo X This Is Essential  Short Sleeve Bodysuit - Grey,8
Safari Tara Barell Pants - Olive / Brown Khoi Print,8
Vivo Naya Cigarette Pants - Black,8
Vivo Tahisa Loose Top - Rust,8
Safari Kikoy Off Shoulder Crop Top - Blue / Red Print,8
Vivo Waterfalls & Kimonos - FS 3,8
Vivo Dalia Sleeveless Gathered Tent Dress - Light Blue,8
Vivo Basic 3/4 Sleeved Double Layered Bodysuit in Jersey - Brown,8
Vivo Safiya Wide Top - Black,8
Vivo Tatili Bishop Long Sleeve Top - Taupe / Tan Print,8
Vivo Pesi Drop Shoulder Tent Dress - Black / White Print,8
Vivo Basic V-neck Cap Sleeve Top - Buttermilk,8
Vivo Tatari Panelled Skirt - Black / Olive,8
Vivo Tana Off Shoulder Maxi Dress - Mustard / Brown Amari Print,8
Vivo Short Lily Waterfall - Mustard,8
Vivo Nasinka Ruffle Sleeve Jumpsuit - Dark Green,8
Vivo Zuri Cap Sleeve Knee Length Dress - Navy,8
Vivo Long Sleeve Maxi Waterfall - Mustard,8
Vivo Sakari Circular Loose Top - Black / White Akari Print,8
Vivo Ria Pants & Waterfall Set - Rust,8
Vivo Zena Shirred Waist Maxi Shirt Dress - Taupe Jazah Print,8
Vivo Izzy Bishop Sleeve Top in Textured Satin - Rust,8
Ythera Cashmere Room & Linen Spray 250ml,8
Vivo Ava Tent Maxi Dress - Mustard / Black Jilo Print,8
Vivo Hanabi Wrap Maxi Dress - Dark Rust,8
Vivo Basic Lined Capri Skirt - Hunters Green,8
Zoya X Metamorphisized 143 Pleated Flannel Mini Skirt - Hunters Plaid,8
Vivo Esna Puff Sleeve Tent Dress - Army Green,8
Vivo Jacket - FS 6,8
Vivo Maisha Long Sleeve High Low Kimono - Black / Navy Moody Print,8
Vivo Seli Midi Skirt - Light Mustard,8
Vivo Pesi Drop Shoulder Tent Dress - Light Tan,8
Safari Tawi Shirt Collar Bishop Sleeve Tiered Dress - Khaki,8
Vivo Basic Satin Cap Sleeve Top - White / Mustard Ullu Print,8
Vivo Sani Long Sleeve Ruffle Shirt - Navy Blue,8
Vivo Sierra Long Sleeve Top(Double Layered) - Navy,8
Vivo Ayla Maxi Kimono - Hunters / Cream Yla Print,8
Safari Savannah Midi Wrap Dress - Mustard,8
Zoya Sadira Mini Cargo Skirt - Taupe,8
Vivo Asha Drop Shoulder Knee Length Dress - Ocean Depths,8
Zoya Sadira Bell Bottom Unitard - Black,8
Vivo Asha Sleeveless Knee Length Dress - White / Navy  Print,8
Vivo Yene One Shoulder Maxi Dress - White / Teal Shibori Print,8
Safari Tafari Wrap Skirt - Wami Print,8
Vivo Chela Jersey Sleeveless Waterfall - Sea Green,8
Vivo Maisha Top & Pant Set- White / Taupe Print,8
Vivo Lamu Knee Length Chiffon Dress - Dark Green,8
Vivo Basic Cap Sleeve Maxi Tent Dress - Navy,8
Vivo Hisi Dolman Knee Length Dress - Yellow,8
Vivo Jema Off Shoulder Tent Knee Length Dress - Black / White Print,8
Vivo Seli V-Neck Midi Dress - Black,8
"Vivo Bodysuits, Shirts, T- Shirts & Tank Tops - Fs 2",8
Vivo Esna Drop Shoulder High Low Dress - Rust,8
Vivo Multiway Poncho in Sweater - Dark Red,8
Safari Kitenge Side Frill Kaftan - Keri,8
Vivo Tolani Dress - Tan,8
Zoya Basic Val Tank Top - Dark Green,8
Vivo Chidii Drop Shoulder Kimono - Light Tan / Navy Tulu Print,8
Zoya Yuni Men's Sweatshirt - Grey,8
Vivo Basic Short Sleeve Top - Navy Blue,8
Safari Mali Gathered Flounce Sleeve Tent Dress - Khaki,8
Vivo Keza Circular Loose Top - Cream / Green Floral Print,8
Vivo Amara Back Pleat Dress - Orange / White Ukwi Print,8
Zoya Temo Men's Patched Straight Leg Pants - Blue Camo / Blue,8
Vivo Wastani 3/4 Shirred Sleeve Wide Tunic - Dark Rust / Black Zia Print,8
Zoya Basic Jersey Bandeau - Yellow,8
Vivo Kaisa Mock Neck Sleeveless Top - Black,8
Safari By Vivo Mens Cotton Shorts - Dark Grey,8
Vivo Jasiri Bishop Sleeve Shift Dress - Cream / Red Tiwi Print,8
Vivo Nkasi Wide Leg Pants - Burgundy / Orange Kasi Print,8
Vivo Basic Sleeveless Sienna Waterfall - Mustard,8
Zoya Essentials Basic Mini Bodycon - Pink Tie Dye,8
Vivo Basic 3/4 Sleeved Double Layered Bodysuit in Jersey - Dark Purple,8
Vivo Yumi Maxi Shirt Dress - Dark Mustard (poly-cotton),8
Safari Njano Men's Short Sleeve Shirt - Taupe / Black Dark Teal Print,8
Vivo Saida Cigarrets Pants - Navy,8
Tawi Shirt Collar Bishop Sleeve Tiered Dress - Black,8
Vivo Tatili Wide Leg Pants - Light Purple,8
Safari Men's Short Sleeve Shirt - Black / Tana Print,8
Safari by Vivo  Lira Drawstring Knee Length Dress - Black + Bana Print,8
Vivo Tsavo Sleeveless Scalloped Hem Dress Top - Black,8
Vivo Takali Tunic Top in Satin - Olive / Black Arisi Print,8
Vivo Ajani V-Neck Top - Black / Dark Mustard Print,8
Vivo Serwa Flounce Dress - Sea Green,8
Vivo Basic Cap Sleeved Leila Dress - Safron,8
Vivo Tatari Cap Sleeve Sheath Dress - Navy / Rust,8
Vivo Amai Maxi Kaftan In Textured Satin - Cream / Light Taupe Print,8
Vivo Chesi V-Neck Maxi Dress - Lilac / Navy Print,8
Vivo Mandla Tent Dress - Black / Mustard Ela Print,8
Vivo Chidii Off Shoulder Maxi Dress - Green,8
Vivo Analo Sleeveless Tie Kimono - Black,8
Safari Tara Crop Shacket - Olive / Brown Khoi Print,8
Vivo Rema Straight Leg Pants - Fushcia,8
Zoya  Taani Maxi Dress - Navy,8
Vivo Basic Destiny Chiffon Top - Light Blue,8
Vivo Pesi Drop Shoulder Tunic - Grey / Brown Una Print,8
Vivo Basic Escape A-line Dress - White,8
Vivo Anavi Cascade Waterfall - Sea Green,8
Safari By Vivo Mens Cotton Shorts - Khaki Tan,8
Vivo Chari Shift Dress - Cream / Navy Print,8
Safari by Vivo Zehra Kitenge Short Kimono - Loom Print,8
Safari Mali 3/4 Sleeve Tie Shirt - Taupe,8
Vivo Serwa Wide Leg Jumpsuit - Pink /  Rust Sera Print,8
Vivo Sanali Trench Coat - Black,8
Vivo BFS&S 6,8
Vivo Basic Side Twist Knee Length Dress - Safron,8
Vivo Serwa Square Neck Maxi Dress - Navy,8
Vivo Meli Chiffon Pants - Navy Blue,8
Vivo Malindi Tunic Dress With Frills - Olive,8
Safari Tawi Flounce Tent Dress - Blue,8
Vivo Basic Leisure Pants - Green,8
Vivo Zawadi Inverted Pleat Dress - Black,8
Vivo Alek 3/4 sleeve A-Line Kimono - Teal / Black Umbo Print,8
Vivo Studio Maxi Bodycon in Jersey - Dark Green,8
Vivo Zahari 3/4 Sleeve Off-Shoulder Jumpsuit - Taupe Ari Print,8
Vivo Nimali Satin Halter Top - Red,8
Vivo Tahisa Loose Top - Orange,8
Vivo Saida Cap Sleeve Top - Rust,8
Vivo Sakari Circular Loose Top in Chiffon - Chocolate / Brown Textured Print,8
Vivo Dua 3/4 Sleeved V Neck Shirt - Hunters / Lime Ebu Print,8
Safari Men's Drawstring Shorts - Coral,8
Vivo Vinna Escape A-Line Dress - Teal / Black,8
Vivo Hamle Front Twist Bodysuit - White,8
Vivo Basic Lined Capri Skirt - Mustard,8
Vivo Sakari Circular Loose Top - Black / Cream Print,8
Vivo Seli Head Wrap - Magenta / Navy Raha Print,8
Safari by Vivo Zehra 3/4 Sleeve Kitenge Maxi Dress - White / Black Naji Print,8
Vivo Panelled Waist Midi Dress in Ponte - Orange,8
Vivo Hanabi Wrap Maxi Dress - Dark Red,8
Safari by Vivo Zehra Kitenge Shorts - Taswi Print,8
Vivo Panelled Waist Midi Dress in Ponten Ponte - Navy,8
Vivo Maxi Dress - SAMPLE3,8
Zoya Yuni Strappy Midriff Top - Beige,8
Safari Zene Off Shoulder Top - White,8
Vivo Soleil Handkerchief Drape Wide Top - Beige / Red Print,8
Vivo Zahari Straight Leg Pants - Navy,8
Vivo Yumi Maxi Shirt Dress - Dark Green,8
Vivo V-Neck Camisole in Satin - Olive,8
X This Is Essential Raceback Bralette - Navy Blue,8
Safari Basic Shirt Tent Dress - Black,8
Vivo Keza Circular Loose Top - Purple / Navy Daze Print,8
Vivo Ava Tent Maxi Dress - Cream / Brown Print,8
Vivo Ajani V-Neck Top - Earthy Brown / Red Print,8
Vivo Zuri Cap Sleeved Maxi Dress - Orange / Lilac Abasi Print,8
Vivo Yene Front Tie Tunic Top - Cream / Lilac Lora Print,8
Zoya Nia Wide Leg Shorts - Blue / Peach Floral Print,8
Vivo Laika Long Sleeve Tie Top - Chocolate,8
Vivo Tahisa Loose Top -  Light Olive,8
Vivo Ava Front Pleat Maxi Dress - Grey / Black Ala Print,8
Safari Savannah Men's Straight Leg Pants - Hunters,8
Zoya Nia Wide Leg Denim Pants - Blue / White Abstract Print,8
Vivo Ajani V-Neck Top - Leopard Print,8
Vivo Basic Round Neck Maxi Dress In Crepe - Red / Black Zela Print ,8
Vivo Sanali Off - Shoulder Maxi Dress - Shoulder Maxi Dress - Mustard / Black Lifi Print,8
Zoya X Metamorphisized 143 Cropped Jacket - Hunters / White,8
Vivo Serwa Flounce Dress - White,8
Vivo Pesi Drop Shoulder Shift Dress - Navy Esi Print,8
Safari Tafari Wrap Top - Mpiji Print,8
Vivo Talia Kimono & Shorts Set - Lilac / Purple Print,8
Safari Zene High Low Shirt Dress - Pink,8
Vivo Niari Sleeveless Tent Dress in Crepe - Light Purple,8
Racer Front & Back Mini Dress - Prism Pink,8
Vivo Ayah 3/4 Sleeve Jumpsuit - Orange / Grey Tullu Print,8
Vivo Val Cap Sleeve Top - Mustard,8
Zoya X Metamorphisized 143 Workman's Jacket - Denim Stripes,8
Zoya Kyro Pleated Mini Skirt - Grey,8
Vivo Basic Wide Jersey Top - Tan,8
Vivo Ria Mock Neck Top - Rust,8
Vivo Bodysuit - Sample 1,8
Vivo Azawi Pencil Skirt - Burgundy / Black,8
Vivo Maisha Straight Leg Pants in Crepe - Grey / Tan Print,8
Vivo Isabi Cowl Top - Orange / Black Tiki Print,8
Vivo Knee Length Kaftan in Satin - Grey / Pink Print,8
Zoya Vasha Track Pants With Pockets - Black,8
Vivo Basic Nalia High Low Jersey Top -Taupe,8
Vivo X This Is Essential  Sleeveless High Neck Bodysuit - Red,7
Vivo Nasinka A-line Knee Length Dress - Navy / Tan Sika Print,7
Safari Tafari Highlow Top in Kitenge - Saso Print,7
Vivo Basic Leisure Pants - Grey,7
Vivo Sanyu Bubble Off - Shoulder Top - Shoulder Top - Lime,7
Vivo Hoodie High Low Poncho - Mustard,7
Vivo Seli Maxi Skirt - Navy Blue,7
Vivo Basic Crepe Cap Sleeved Top - Lilac / Lime Abasi Print,7
Vivo Ava Front Pleat Maxi Dress - Cypress,7
Safari Njano Men's Short Sleeve Shirt - White / Black Brown Print,7
Vivo Safa Skirt - Chocolate,7
Vivo Pesi Drop Shoulder Shift Dress - Brown Esi Print,7
Vivo Kani Wide Leg Pants - Dark Purple,7
Vivo Basic Waterfall - Grey,7
Vivo Basic Nandi High Slit Kimono - Navy,7
Safari Sizani Barrel Pants - Navy Blue,7
Vivo Lalani Scarf With Fringes - Light Emerald Green / Ivory Samba Print,7
Vivo Satin High Low Top - Black / Brown Print,7
Vivo Kelemi 4.0 Halter Maxi Dress - Mustard,7
Vivo Nala Shirt Dress - Navy Blue,7
Vivo Meli Sleeveless Coat - Black,7
Vivo X This Is Essential Midi Dress - Black,7
Vivo Basic Dolman Maxi Dress - Light Orange,7
Vivo Yumi Off Shoulder Maxi Dress - Brown / Navy Kigali Print,7
Vivo Dua Dolman Top - Brown,7
Zoya Yuni Strappy Midriff Top - Black,7
Vivo Basic Cap Sleeve Knee Length Tent Dress - Peach / Maroon Print,7
Vivo Tana Off Shoulder Maxi Dress - Multicolour Black Print,7
Vivo Merika Satin Wrap Top - Red / Black Ridi Print,7
Zoya Basic Long Sleeve Bodycon - Taupe,7
Vivo Hari Wide Leg Pants - Navy Blue,7
Vivo Sanali Off - Shoulder Top - Shoulder Top - Brown,7
Zoya Yuni Contrast Stitch Cargo Pants - Grey,7
Vivo Imara 3/4 Sleeve A-Line Dress - Taupe / Mustard Lana Print,7
Vivo Asha Sleeveless Maxi Dress - Taupe / Black Tuli Print,7
Zoya Yuni Halter Tank Top - Lime Green,7
Vivo Nasinka Wrap Dress - Mustard / Black Ena Print,7
Vivo Leila Cap Sleeve Tent Maxi Dress - Mustard,7
Vivo Dali Tie Kimono - Grey,7
Vivo Long Sleeve Maxi Waterfall - Maroon,7
Vivo Kala Long Sleeve Top - Hunters Green,7
Vivo Liora Scalloped Maxi Top in Chiffon - Light Blue,7
Vivo X This Is Essential  Sleeveless Scooped Neck Bodysuit - Chocolate,7
Vivo Wide-Leg Pants - Marula,7
Safari by Vivo Savannah Drawstring Shacket - Mustard,7
Vivo Basic Extra Long Lily Waterfall - Powder Blue,7
Zoya Party Cowl Bare Back Mini Dress - Safron / Mustard Waridi Print,7
Vivo Tunu Long Slit Sleeve Knee Length Shift Dress - Pink / Black Tulo Print,7
Vivo Tatili Pinstripe Pants in Medium Crepe - Mustard,7
Safari by Vivo  Naledi Flounce Tent Dress - Green / Blue Nale Print,7
Safari by Vivo Zehra Kitenge Shorts - Ndiwa Print,7
Vivo Wingu Puff Sleeve Maxi Dress - Black,7
Vivo Alora Long Sleeve Top - Black,7
Vivo Sakari Circular Loose Top in Chiffon - White / Black Textured Print,7
Vivo Zahari Off-Shoulder Maxi Dress - Navy / Orange Zaha Print,7
Vivo Wingu Puff Sleeve Maxi Dress - Mustard,7
Vivo Jumpsuit - FS 4,7
Zoya Taani Side Slit Hoodie - White,7
Safari Men's Kitenge Drawstring Shorts - Chari Print,7
Vivo Yumi Cap Sleeve Dress - Hunters / White Print,7
Vivo Side Slit Midi Waterfall - Black,7
Vivo Zahari Puff Sleeve Tent Dress - Army Green,7
Vivo Amai Hi-Low Top in Satin - Lilac / Maroon Garini Print,7
Vivo Basic Imelda Top - Yellow,7
Safari Njano Men's Easy Fit Kitenge Pants - Black / Dark Teal Print,7
Vivo Upe Wide Leg Pants - Navy,7
Vivo Ajani V-Neck Top - Black / Yellow Print,7
Zoya X Metamorphisized 143 Detachable Pants - Hunters,7
Vivo Knee Length Dress - Sample1,7
Vivo Ajani V-Neck Top - Black / Mustard Leafy Print,7
Vivo Basic Julia 3/4 Sleeve Back Pleat Knee Length Dress - Hunters Green,7
Vivo Esna Puff Sleeve Tent Dress - Hunters,7
Vivo Basic Chiffon Cap Sleeve Top (Double Layered) - Mustard,7
Zoya Kyro Pleated Mini Skirt - Taupe,7
Zoya Basic Long Sleeve Bodycon - Black,7
Zoya Shani Kimono - Navy,7
Vivo Sarabi Panelled V-Neck Kaftan - Navy Blue,7
Vivo Ajani V-Neck Top - Multi-Blue Print,7
Vivo Niari Sleeveless Top In Chiffon - Orange,7
Vivo Knee Length Kaftan in Satin - Pink / Orange Print,7
Vivo Lani Maxi Dress - Cream / Blue Print,7
Vivo Basic Satin Bishop Sleeved Top - Orange,7
Vivo Cotton 3/4 Sleeve Wrap Top - Yellow,7
Vivo Square Neck Camisole in Satin - Chocolate,7
Vivo Ajani V-Neck Top - Black / Grey Chui Print,7
Vivo Satin High Low Top - Grey / Offwhite Print,7
Vivo Wila Cowl Tunic - Rust,7
Vivo Val 3/4 Sleeve Top - Buttermilk,7
Vivo Basic 3/4 Sleeve Top - Yellow,7
Safari by Vivo Zehra Kitenge Shorts - Moli Print,7
Vivo Fahari 3/4 Sleeve Shirred Shirt - Mint / Black Print,7
Vivo Solei Shorts(without lining) - White / Black Print,7
Vivo Kelemi Satin Pants - Mustard / Red Waso Print,7
Vivo Basic Crepe Pants - Peach / White Print,7
Vivo Yene Front Tie Tunic Top - Navy / White Mia Print,7
Safari Kamari Cotton Shorts - Olive Green,7
Vivo Slim Fit Pants in Ponte - Rust,7
Safari by Vivo Zehra Kitenge Shorts - Vovi Print,7
Vivo Zahari Shift Dress - Maroon,7
Vivo Kitenge Wrap Skirt - Tafo,7
Vivo Zawadi Keyhole Dress - Orange,7
Vivo Basic Long Sleeved Top - Tan,7
X This Is Essential Raceback Bralette - Black,7
Vivo Basic Cap Sleeved Bodysuit - Grey,7
Vivo Short Kimono - Green / Black Adia Print,7
Safari Tie Back Maxi Dress - Light Pink,7
Vivo Ayah Kimono - Orange / Black Tullu Print,7
Zoya Vasha Hooded Jacket - Rust,7
Vivo Asha Sleeveless Knee Length Dress - Mint / Dark Green Nola Print,7
Vivo Kaisa Maxi Skirt - Black,7
Vivo Alek Shirred Off - Rust Jazah Print,7
Vivo Reba Hi Low  Dress - Orange / Navy Print,7
Vivo Amai Maxi Kaftan Dress - Grey / Taupe Emi Print,7
Vivo Sarabi Strappy Flounce Maxi Dress - Orange / Black Mali Print,7
Vivo Nimali Satin Blouse - Dark Green,7
Safari Zene Off Shoulder Dress - Pink,7
Vivo Mandla Tent Dress - Taupe / White Ela Print,7
Vivo Sierra Cap Sleeve Tent Chiffon Dress - White / Grey Print,7
Vivo Esna Puff Sleeve Tent Dress - Dark Taupe,7
Vivo Amai Off-Shoulder Maxi Dress - Navy / Blue Biya Print,7
Safari by Vivo Zehra 3/4 Sleeve Kitenge Maxi Dress - Avena Print,7
Vivo Basic Wide High Loww Jersey Top - Hunters,7
Safari Tiwa Reversible Tie Kimono - Rust + Ama Print,7
Vivo Nimali Satin Blouse - Orange,7
Vivo Basic Julia Back Pleat Maxi Dress - Mustard,7
Vivo Seli Maxi Dress - Cream / Burgundy Eli Print,7
Vivo Nimali Satin Blouse - Rust,7
Safari by Vivo  Tiwa Barell Pants - Rust,7
Safari Zene Drop Shoulder Above Knee Dress - Mustard,7
Vivo X Pinky Sleeveless Cross Back Fitness Tank Top - White / Pink Abstract Print,7
Vivo Situ Ruffle Neck Top - Blush/Black Tiri Print,7
Vivo Sleeveless Blazer - Manda,7
Safari Kikoy Wide Elastic Shorts - Green / Pink Print,7
Vivo Analo Dress Coat - Light Purple,7
Vivo Paji 3/4 Sleeve Shift Dress (Tall) - Mustard,7
Vivo Basic Short Dolman Sweater - Teal / Black,7
Vivo Tatili Bishop Long Sleeve Top In Satin - Grey Multicolor Print,7
Safari by Vivo  Tawi Off-Shoulder Dress - Green,7
Safari Savannah Men's Short Sleeve Shirt - Beige,7
Zoya Temo Bubble Mini Skirt - Hunters,7
Vivo Issa Shawl Jersey Waterfall - Taupe,7
Vivo Alora Long Sleeve Top - Chocolate,7
Vivo Studio Double Layered Tie Bodycon in Jersey - Olive,7
Vivo Saida Straight Leg Pants - Rust,7
Vivo Ava 3/4 Sleeve Kimono - Yellow,7
Vivo Chela Sleeveless Waterfall - Royal Blue,7
Vivo Kala Side Slit Hooded Maxi Dress - Burgundy,7
Vivo Paji Dress Coat - Black,7
Vivo Basic 3/4 Sleeve Leila Bodycon Dress - Deep Teal,7
Vivo Talia Sleeveless Tank Top - White / Lilac Alia Print,7
Safari by Vivo Zene Drop Shoulder Above Knee Dress - Taupe,7
Vivo Basic Panelled Leisure Pants - Grey,7
Vivo Basic Hooded Kimono - Purple,7
Vivo Rema Palazzo Pants - Black,7
Zoya Temo Cropped Jacket - Green Camo,7
Safari Tiwa Shirred Top - Lime,7
Zoya X Metamorphisized 143 Raglan Sleeve Midriff Top - White,7
Vivo Zuri Cap Sleeve Knee Length Dress - Orange / Black Umaca Print,7
Vivo Basic Sleeveless Tent Maxi Dress - Cream / Red Print,7
Vivo Maisha Top & Pant Set - Light Taupe / Black Print,7
Vivo Basic Aziza Belt - Nyota Print,7
Vivo Maisha Wide Leg Pants - Rust / Black Isa Print,7
Vivo Amai Hi-Low Top - Taupe Wingu Print,7
Vivo Nandi High Slit Kimono - Tan / Gold Print,7
Vivo Zuri Cap Sleeved Maxi Dress - Lime / Yellow Abasi Print,7
Vivo Beali Sarong Skirt - Cream / Taupe Lea Print,7
Vivo Meli Satin Pants - Navy,7
Vivo Serwa Tent Dress - Burnt Orange,7
Vivo Safa Pallazo Pants - Mustard,7
Vivo Niari Sleeveless Top In Chiffon - Black,7
Vivo Naya One Shoulder Flounce Jumpsuit - Nyota Print,7
Vivo Anavi Leggings In Jersey - Navy,7
Vivo Takali Tunic Top In Satin - White / Green Arisi Print,7
Vivo Chari Shift Dress - Peach / Navy Print,7
Vivo Basic Cap Sleeve Knee Length Tent Dress - Navy / White Print,7
Vivo Samira High Low Top - Cream / Black Ira Print,7
Vivo Jira Sleeveless Waterfall - Yellow,7
Vivo Maisha Top & Pant Set - Black/ Green Print,7
Vivo Hamle Side Twist Tie Bodycon - Navy,7
Vivo Samira Pants - Black / White Polka Dot Print,7
Vivo Safa Slit Side Top - Black,7
Vivo Ayah Shirred Cuff Loose Top - Dark Purple,7
Zoya Vasha Midriff Jacket - Black / Neon Green,7
Zoya Banda Halter Neck Assymetrical Crop Top - Black,7
Vivo Basic Straight Maxi Dress - Navy Blue,7
Vivo Asha Drop Shoulder Knee Length Dress - Navy / Orange Nala Print,7
Safari Mansi Straight Leg Pants - Navy,7
Safari Tiwa Reversible Tie Kimono - Black +Tayo Print,7
Vivo Amai Maxi Kaftan In Textured Satin - Grey / Mulberry Print,7
Vivo Basic Escape A-Line Dress in Ponte - Navy Blue,7
Vivo Ruwa Flounce Sleeve Tent Maxi Dress - Buttermilk / Blue Ua Print,7
"Vivo Spinners Dolman Sweater, Mustard",7
Vivo Zola V Neck Maxi Dress in Crepe - Dark Green,7
Vivo Serwa Flounce Dress - Rose Pink,7
Vivo Short Kimono - Ashai Print,7
Vivo Basic Long Sleeve Cascade Waterfall - Burgundy,7
Vivo Chela Sleeveless Waterfall - Off White,7
Soko Kazuri Lariat,7
Vivo Studio Longline Shorts in Crepe - Navy Stripes,7
Vivo Val Strappy Bodycon Dress - White,7
Safari Njano Front Tie Dress - Lira,7
Yoga Wrap - Yellow,7
Vivo Basic Chiffon Bishop Sleeve Top (Double Layered) - Magenta,7
Vivo Ponte Back Pleat High Low Dress - Off White,7
Vivo Boat Neck Top in Scuba - Lilac,7
Safari by Vivo Adinkra Tank in Rib - Black,7
Safari Tiwa Barell Pants - Black,7
Safari Mali Gathered Flounce Sleeve Shirt Dress - Mustard,7
Vivo Lalani Scarf Without Fringes - Mustard,7
Vivo Yene Jumpsuit - White / Burgundy Shibori Print,7
Vivo Ayah Kimono - Lilac / Black Tullu Print,7
Vivo Meli Puff Sleeve Shift Dress - Dark Green,7
Vivo Samira Midi Dress - Beige / Brown Print,7
Vivo Ayah Drawstring Pants - Purple,7
Vivo Asha Drop Shoulder Knee Length Dress - Navy Aku Print,7
Vivo Hanabi Satin High Low Top - Black / Cream Hiba Print,7
Safari Savannah Kitenge Shacket - Ashai Print,6
Vivo Basic Satin Cap Sleeve Top - Mustard,6
Zoya Basic Long Sleeve Top - Navy Blue,6
Vivo Zuri Cap Sleeve Knee Length Dress - Rust,6
Zoya Sitawi A-line Mini Dress - Black,6
Vivo Rema Drawstring Turtleneck - Brown,6
Vivo Ayla Off-Shoulder Jumpsuit -Black / Taupe Umbo Print,6
Vivo Basic Ayo Tent Dress - Pink / Black Geometric Print,6
Vivo Saida Straight Leg Pants - Black,6
Zoya Nia Cargo Shorts - Black,6
Vivo Beali Wrap Asymmetrical Midi Dress - Taupe / Chocolate Lea Print,6
Vivo Ayla Off-Shoulder Dress - Cream / Black Meti Print,6
Vivo Basic Crepe Cap Sleeved Top - Beige / Brown Print,6
Vivo Faraji Side Slit Leisure Pants - Grey,6
Zoya X Metamorphisized 143 Raglan Sleeve Midriff Top - Black,6
Safari Tiwa Reversible Tie Kimono - Navy + Sefa Print,6
Zoya Yuni Strappy Midriff Top - Taupe,6
Safari by Vivo  Tara Crop Shacket - Black / Yellow Fali Print,6
Safari Tafari Wrap Skirt - Karanga Print,6
Zoya Sadira Ribbed Top - Light Grey,6
Vivo Ava Front Pleat Maxi Dress - Grey / Rust Print,6
Vivo Sleeveless Godet Midi Dress in Jersey - Chocolate,6
Vivo Nasinka A-line Maxi Dress - Orange / Black Sinka Print,6
Safari Kamari Drop Shoulder Top - Navy Blue,6
Vivo Nkasi Asymmetrical Top - Burgundy / Orange Kasi Print,6
Vivo Situ Ruffle Neck Maxi Dress- Black / Blush Tiri Print,6
Vivo Talia Sleeveless Tank Top  - White / Light Yellow Alia Print,6
"Vivo Bodysuits, Shirts, T- Shirts & Tank Tops - Fs 5",6
Vivo Asha Drop Shoulder Maxi Shirt Dress - Tan / Black Bia Print,6
Vivo Vinna 3/4 Sleeve Top - Hunters / Orange Nina Print,6
Vivo Lalani Scarf Without Fringes - Black / White  Ukwi Print,6
Vivo Chari V-Neck Top - Black,6
Vivo Knee Length Kaftan in Satin - Navy / Lilac Print,6
Vivo Basic Satin Dropped Shoulder Top - Black / Pink Abstract Print,6
Vivo Kelemi Flared Sleeve Kimono - Royal Blue / Green Lana Print,6
Vivo Ava Front Pleat Maxi Dress - Blue / Cream Ima Print,6
Vivo Nasinka A-line Maxi Dress - Light Navy Blue,6
Zoya Sadira Mens' Chino Pants - Black,6
Zoya Banda Lantern Pants - Blue,6
Vivo Safiya Gathered Shoulder Maxi Dress - Tan,6
Safari Zene Off Shoulder Dress - Lime,6
Vivo Satin Drawstring Pants - Capuccino,6
Vivo Kala Long Sleeve Top - Black,6
Safari by Vivo Zehra Kitenge Pants - Tuze Print,6
Vivo Scalloped Kimono in Crepe - Teal / Off White Print,6
Vivo Studio Mini Bubble Skirt in Satin - Orange,6
Vivo Ava Tent Knee Length Dress - Hunters Green / Cream Print,6
Safari by Vivo Zehra Kitenge Shorts - Pena Print,6
Vivo Basic Cap Sleeve Maxi Dress In Chiffon - Red,6
Vivo Dua Satin Bishop Sleeve Top - White / Grey Print,6
Vivo Lumi Back Pleat Maxi Dress - White / Orange Ukwi Print,6
Vivo Keza  Circular Loose Top - Cream / Gray Aze Print,6
Vivo Jumpsuit - RFS 4,6
Vivo Zahari 3/4 Sleeve Off Shoulder Jumpsuit In Crepe - Dark Purple,6
Vivo Basic Liv Chiffon Top - Watermelon,6
Safari Tafari Highlow Top - Jiri Print,6
Safari Mara Shirred Bishop Sleeve Dress - Navy,6
Vivo Zena Shirred Waist Maxi Shirt Dress in Crepe - Light Olive,6
Zoya Nia Oversized Denim Shirt - Blue / White Floral Print,6
Zoya Basic Long Sleeve Top - Taupe,6
Tawi Shirt Collar Bishop Sleeve Tiered Dress - Khaki,6
Vivo Safiya Dolman Top - Buttermilk,6
Vivo Zuri Cap Sleeve Knee Length Dress - Mustard / Green Umaca Print,6
Zoya Sadira Halter Neck Vest - Black,6
Vivo Amara Back Pleat Dress - Burgundy / Hunters Bemba Print,6
Safari Kitenge Men's Sweatshirt - Teal/ Tafo Print,6
Vivo Zawadi Keyhole Dress - Hunters Green,6
Vivo Dua Satin Bishop Sleeve Top - Light Sage / Rust Print,6
Vivo Maisha Straight Leg Pants in Crepe - Brown / Blue Print,6
Vivo X This Is Essential Strappy Bodysuit - White,6
Vivo Mira V-Neck Overlap Top - Tan / Black Fan Print,6
Vivo Zuri Cap Sleeve Knee Length Dress - Light Mustard,6
Vivo Lumi Back Pleat Maxi Dress - Pink / Burgundy Isi Print,6
Vivo Yumi Off Shoulder Maxi Dress - Blue / Navy Kigali Print,6
Vivo Vinna Midi & Capri Piped Skirt - Burgundy / Black,6
Safari Tie Knee Length Dress - Pink,6
Vivo Izzy Bishop Sleeve Top in Textured Satin - Dark Brown,6
Safari Njano Men's Knee Length Shorts - Rust,6
Vivo Zahari Straight Leg Pants - Off White,6
Vivo Rema Drawstring Pants - Mustard,6
Vivo Nasinka A-line Knee Length Dress - Dark Green,6
Vivo Safiya Back Pleat Dress - Mustard,6
Vivo Yene Wide Leg Pants - White,6
Vivo Reba Dolman Dress - Dark Teal,6
Vivo Basic Cap Sleeve Knee Length Tent Dress - Black / White Biana Print,6
Vivo Beali Baby Doll Dress - Off White / Gold Lea Print,6
Zoya Yuni Men's Long Sleeve T-shirt - Light Blue,6
Vivo Bana Batwing Top -  Dark Navy,6
Vivo Iyana Cape Top in Chiffon - Mustard / Brown Bori Print,6
Vivo Shorts - RFS 5,6
Vivo Ajani V-Neck Top - Green Petals Print,6
Vivo Pelia Round Neck Dress - Maroon,6
Vivo Basic Wide High Low Jersey Top - Orange,6
Vivo Serwa Square Neck Maxi Dress - White / Navy Sera Print,6
Vivo Sierra Sleeveless Double Layered Top in Chiffon - Light Blue / Navy Arah Print,6
Vivo Arafa Sleeveless Jacket - Dark Green,6
Safari Tara Barell Pants - Navy / Light Blue Sutu Print,6
Vivo Reba Hi Low  Dress  - Rust / Cream Print,6
Vivo Slim Fit Pants in Ponte - Black,6
Vivo Chela Sleeveless Waterfall - Light Taupe,6
Vivo Basic Val Cap Sleeve Top - Green,6
Vivo Maisha Long Sleeve High Low Kimono - Dark Green / Brown Feather Print,6
Vivo Basic Sienna Waterfall - Navy Blue,6
Vivo Kitenge Wide Leg Pants - Sipo,6
Vivo Basic Wide Jersey Top - Green,6
Safari Kitenge Men's Sweatshirt - Grey/ Neba Print,6
Vivo Serwa Flounce Dress - Lime / Black Kele Print,6
Vivo Vinna Escape A-Line Dress - Hunters Green,6
Vivo X This Is Essential  Sleeveless High Neck Bodysuit - Grey,6
Vivo Kelemi 4.0 Halter Maxi Dress - Olive,6
Vivo Basic Nandi A-Line Kimono - Coral / Green Esti Print,6
Vivo Hoodie High Low Poncho - Black,6
Vivo Analo Front Placket Coat - Navy,6
Vivo Kitenge Wide Leg Pants - Navy / Peach Johari Print,6
Vivo Sanyu Bubble Sleeve Tent Dress - Pink,6
Vivo Basic 3/4 Sleeved Double Layered Bodysuit - Navy Blue,6
Vivo Zuri Cap Sleeve Knee Length Dress - Black,6
Vivo Tote Bag - Bukavu Print,6
Safari Njano Front Drawstring Tunic Top - White,6
Zoya Yuni Cargo Pants - Dusty Pink,6
Vivo Reversible Poncho without Fringes - Black / Teal Miwa Print,6
Safari Kikoy Tunic High Low Top - Brown,6
Vivo Meli Cowl Top - Royal Blue,6
Vivo Izzy Satin Bishop Sleeve Top - Khaki Green,6
Vivo Bana Batwing Top - Dark Navy,6
Zoya Nia Wide Leg Denim Pants - Light Pink,6
Vivo X Pinky Sleeveless Cross Back Fitness Tank Top - Pink / Dark Pink Abstract Print,6
Vivo Nimali Satin Shorts - Lilac,6
Vivo Basic Nandi High Slit Kimono - White,6
Safari Njano Men's Easy Fit Kitenge Pants - Black / Brown Print,6
Vivo Alek Shirred Off- Shoulder Jumpsuit - Blue / White Print,6
Vivo Naya Wide Leg Pants - Navy Blue,6
Vivo Studio 2-piece in Mixed Media,6
Zoya Full Length Leggings - Mustard,6
Vivo Asha Drop Shoulder Knee Length Dress - Dark Green,6
Vivo Kala Loose Maxi Top - Taupe / Orange Bemba Print,6
Vivo Maisha Straight Leg Pants in Crepe - Grey / Black Print,6
Safari by Vivo Zehra 3/4 Sleeve Kitenge Maxi Dress - Ravina Print,6
Safari by Vivo  Tiwa Straight Leg  Pants - Black,6
Vivo Tahisa Loose Top - Dark Green,6
Zoya Vasha Raglan Sleeve Playsuit - Black / Yellow,6
Safari Tafari Wrap Skirt - Pangani Print,6
Vivo Kitenge Wide Leg Pants - Maroon / Pink Ara Print,6
Vivo Basic Chiffon Cap Sleeve Top (Double Layered) - Lilac,6
Vivo Lamu Knee Length Chiffon Dress - Hunters Green,6
Vivo Ruwa Flounce Sleeve Tent Maxi Dress - Orange / Black Sese Print,6
Vivo Rema Drawstring Turtleneck - Black,6
Vivo Basic Palazzo Pants - Hunters Green,6
Vivo Basic Satin Cap Sleeve Top - Olive,6
Vivo Maisha Straight Leg Pants in Crepe - Black / Grey Print,6
Vivo Essentials Lounge Pants - Black,6
Vivo Ava Front Pleat Maxi Dress - Pink Nectar,6
Vivo Basic Panelled Leisure Pants - Hunters Green,6
Vivo Mira Reversible Wrap Top - Lime,6
Safari Tafari Wrap Skirt - Semu Print,6
Vivo Sarabi Panelled V-Neck Kaftan - Teal,6
Vivo Reba Drop Shoulder Shirt Dress - Mint / Black Zari Print,6
Vivo Dalia Cap Sleeve Gathered Tent Dress - Off White,6
Safari Savannah Men's Half Placket Shirt - Hunters,6
Vivo Keza Satin Border Maxi Kaftan - Beige / Black Ata Print,6
Zoya Kyro Strappy Vest - Taupe,6
Vivo Basic Abby Loose Top - Orange,6
Vivo Meli Halter Neck Dress - Rust,6
Vivo Tande Boat Neck Dress  - Dark Navy,6
Vivo Wila Jumpsuit - Rust,6
Vivo Basic Aziza Belt - Tana Print,6
Safari Naledi Gathered Panel Wrap Dress - Olive,6
Vivo Chesi V-Neck Dress - Rose / Pink Hesi Print,6
Vivo Basic Hooded Kimono - Black / Mint Print,6
Vivo Pesi Notch Collar Tent Dress - Taupe / White Print,6
Vivo Talia Maxi Slip Skirt - Navy,6
Vivo Sanali Off - Shoulder Top - Shoulder Top - Dark Teal,6
Vivo Knee Length Kaftan in Satin - Off White / Beige Print,6
Safari by Vivo Kaya Sleeveless Tent Shirt Dress - Hunters,6
Vivo Serwa Tent Dress - Mustard,6
Vivo Pendo Cap Sleeve Shift Dress - Black,6
Vivo Hanabi Tent Maxi Dress - Mustard/ Black Hini Print,6
Vivo Samira Midi Dress - Black / Olive Print,6
Vivo Basic Cap Sleeve Bodycon - Off White,6
Vivo Alek Shirred Off- Shoulder Jumpsuit - Taupe Jazah Print,6
Classic Flared Miniskirt - Black,6
Safari by Vivo Zehra 3/4 Sleeve Kitenge Maxi Dress - Nira Print,6
Vivo Alek 3/4 Sleeve A-Line Maxi Kimono - Peach / White print,6
Safari by Vivo Zene High Low Shirt Dress - Rust,6
Vivo Leila Asymmetrical Angel Sleeve Top - Yellow,6
Vivo Crop Top - Sample 1,6
Zoya Basic Val Tank Top - Forest Green,6
Vivo Ayla Crepe Pants - Pink / Burgundy Hawa Print,6
Vivo Tatili Satin Bishop Long Sleeve Top - Rust Textured,6
Safari Huru 3/4 Sleeved Loose Top - Navy Blue,6
Safari Zene Drop Shoulder Above Knee Dress - Taupe,6
Vivo Ajani V-Neck Top - Grey / Black Print,6
Vivo Basic Double Layered Wrap Poncho (Without Fringe) - Coral / Grey,6
Vivo Basic Cap Sleeve Maxi Tent Dress - Khaki / Black Abeni Print,6
Vivo Jasiri Bishop Sleeve Layered Top - Lime Green / Black Dala Print,6
Safari Mali 3/4 Sleeve Tie Shirt - Navy Blue,6
Vivo Dua Satin Bishop Sleeve Top - Grey / Purple Print,6
Safari Tara Crop Shacket - Black / Yellow Fali Print,6
Vivo Ajani V-Neck Top - Sea Green / Orange Print,6
Vivo Kelemi A-Line Knee Length Dress - Taupe / Blue Lemi Print,6
Vivo Long Sleeve Midi Waterfall - Dark Mustard,6
Vivo Basic Double Layered Wrap Poncho (Without Fringe) - Black,6
Safari Savannah Drawstring Shacket - Mustard,6
Vivo Maua Sleeveless Tent Knee Length Dress - Maroon,6
Safari by Vivo Chui 3/4 Sleeve A-Line Dress - Navy,6
Safari Tafari Wrap Skirt - Sigi Print,6
Vivo Tatari Knee Length Coat - Burgundy,6
Safari Kikoy Tunic High Low Top With Side Slits - Light Blue Print,6
Vivo Dua 3/4 Sleeved V Neck Shirt - Buttermilk,6
Vivo Sleeveless Maxi Dress in Cotton - White / Black Print,6
Zoya Sadira Strappy Bodysuit - White,6
Vivo Keza V-Neck Maxi Kaftan - Grey / Brown Print,6
Vivo Basic Nalia High Low Jersey Top - Green,6
Vivo Chari Straight Leg Pants - Black,6
Vivo Ayana Cap Sleeve High Low Tent Dress - Mustard / Navy Print,6
Vivo Tande Boat Neck Dress  - Orange,6
Vivo Pana Cascade Waterfall - Mustard / Black,6
Vivo Basic Cap Sleeve Maxi Tent Dress - White / Yellow Sabi Print,6
Safari Chui Placket Top - Chui Print,6
Safari Tafari Shorts - Jiri Print,6
Vivo Reversible Poncho without Fringes - Black / Pink Ukwi Print,6
Vivo Yumi Off Shoulder Jumpsuit - Navy / Orange Miyu Print,6
Vivo Ayla Maxi Kimono - Mustard / Black Lala Print,6
Vivo Basic Cap Sleeve Tent Knee Length Dress - Mustard,6
Vivo Yumi Off Shoulder Maxi Dress - Rust / Brown Kigali Print,6
Vivo Asha Sleeveless Maxi Dress - Burgundy Peli Print,6
Vivo Tana Off Shoulder Maxi Dress - Magenta / Black Amari Print,6
Vivo Kitenge Wide Leg Pants - Neba Print,6
Vivo Val Full Length Leggings - Hunters Green,6
Vivo Nasinka V-Neck Maxi Dress - Lime,6
Vivo Studio Mini Bubble Skirt in Satin - White,6
Safari Kamari Mini Skirt - Sand,6
Vivo Tie Waist Kimono Maxi Dress in Textured Crepe - White,6
Zoya Essentials Mini Bodycon - Orange / Pink Print,6
Vivo Talia Kimono & Shorts Set - Light Pink / Green Print,6
Safari Savannah Midi Wrap Dress - Lashi,6
Vivo Naya One Shoulder Flounce Top - Alizeti,6
Vivo Basic May Jersey Waterfall - Mustard,6
Vivo Essentials Sleeveless Maxi Waterfall - Black,6
Safari by Vivo Zehra Kitenge Pants - Loom Print,6
Vivo Jema Off Shoulder Tent Knee Length Dress - Brown / White Print,6
Vivo Long Sleeve Leila Bodycon Dress - Taupe,6
Vivo Basic Satin Bishop Sleeve Top - Chocolate,6
Zoya Party Strappy One Shoulder Midi Dress - Black,6
Vivo Basic Salma Maxi Boat Neck Dress - Hunters,6
Vivo Liv Wide Crepe Top - Hot Pink,6
Vivo Dua Long Bishop Sleeve Top - Rose Pink Textured,6
Vivo Isabi Loose Top In Chiffon - Lilac,6
Vivo Kelemi Ruffle Sleeve Top - Mustard / Burgundy Lana Print,6
Vivo X This Is Essential Scooped Neck Bralette - Navy Blue / White,6
Vivo Sanali Kaftan Top - Black,6
Vivo Essentials Biker Shorts - White,6
Vivo Laika Long Sleeve Mandarin Top - Navy Blue,6
Zoya Basic Full Length Leggings - Teal,6
Vivo Pana Cascade Waterfall - Coral / Grey,6
Wila Cowl Poncho - Rust,6
Vivo Wingu Puff Sleeve Knee Length Dress - Light Navy,6
Vivo Basic Long Sleeved Bishop Top - Black / White Nima Print,6
Zoya Nia Wide Leg Shorts - Blue/Lime Green Abstract print,6
Vivo Vinna Slit Sleeve Top - White / Black,6
Vivo Wena Wrap Dress - Dark Green,6
Vivo Basic Waterfall - White,6
Vivo Yumi Off Shoulder Jumpsuit - Orange / Black Miyu Print,6
Vivo Basic Leila Maxi Waterfall - Chocolate Brown,6
Vivo Reversible Poncho Without Fringes - Burnt Orange / Black Samba Print,6
Zoya Vasha Short Sleeve Mesh Top - White,6
Vivo Beali Baby Doll Dress - Dark Taupe / Navy Lea Print,6
Safari Savannah Front Slit Midi Skirt - Ashai Print,6
Vivo Dali 3/4 Cut Out Sleeve Maxi Dress - Green / Orange Print,6
Vivo Yumi Off Shoulder Jumpsuit - Rust / Black Miyu Print,6
Shiv & Shikie X Safari V-Neck Long Sleeve T-shirt - Light Grey,6
Vivo Wide-Leg Pants - Asmara,6
Vivo Jema Off Shoulder Tent Knee Length Dress - Grey / White Print,6
Vivo Basic Hooded Kimono - Beige / White Print,6
Vivo Wrap Shawl in Sweater - Dark Green,6
Vivo Chesi V-neck Jumpsuit - Black,6
Zoya Party Sleeveless Side Cut Midi Dress - Purple,6
Vivo Beali Wrap Shirt Dress - White / Gold Lea Print,6
Vivo Basic Nalia High-low Chiffon Top - Black Textured,6
Vivo Basic Hooded Kimono - Mustard / Purple Print,6
Vivo Knee Length Kaftan in Satin - Mint / Green Print,6
Zoya Basic Tank Top - Dark Green,6
Vivo Hanabi Satin High Low Top - Black / Taupe Nabi Print,6
Vivo Ava Front Pleat Knee Length Dress - Rust / Cream Print,6
Vivo Maisha 3/4 Sleeve Maxi Dress - Taupe / Red Print,6
Safari Tiwa Straight Leg Pants - Black,5
Vivo Maisha Wide High Low Top - Pink / Black Print,5
Vivo Nala Shift Dress - Olive,5
Zoya Basic Full Length Leggings - White,5
Vivo Lalani Scarf Without Fringes - Mustard / Black Ukwi Print,5
Vivo Dalia Sleeveless Gathered Tent Dress - Mustard,5
Zoya Sadira Cargo Shorts - Taupe,5
Vivo Asha Sleeveless Knee Length Dress - Off White / Brown Print,5
Vivo Dalia Sleeveless Gathered Tent Dress - Taupe,5
Vivo Zanzi Side Cowl Maxi Dress - Mustard,5
Vivo Basic Bodycon Dress - Black,5
Vivo Serwa Tent Dress - Magenta,5
Vivo Kelemi A-Line Knee Length Dress - Green / Teal Lemi Print,5
Vivo Sana Cape Top - Lavender,5
Safari Savannah Men's Drawstring Shorts (Tall) - Hunters,5
Vivo Alek 3/4 Sleeve A-Line Maxi Kimono - Brown / White print,5
Vivo Raha Waist Tie Top - Black,5
Vivo Zena Shirred Waist Maxi Shirt Dress - Cream Jazah Print,5
Vivo Trench Coat - Neba,5
Vivo Basic Wide Liv Chiffon Maxi Dress - Cream / Green,5
Vivo Kitenge Infinity Jumpsuit - Zena,5
Vivo Ayana Wide High Low Top - Black / Beige Print,5
Vivo Ayla Bubble Sleeve Maxi Dress - Blush Pink/ Black Lala Print,5
Vivo Lani Maxi Dress - Olive / Cherry Print,5
Zoya Kyro Straight Leg Pants - Beige,5
Vivo Reversible Poncho without Fringes - Light Navy / Dark Pink Samba Print,5
Vivo Nimali Satin Short Kimono - Wingu,5
Vivo Seli Maxi Dress - Lilac + Lilac / Black Esli Print,5
Vivo Basic 3/4 Sleeve Top - Orange,5
Safari Njano Joggers - Hunters Green / Shama Print,5
Vivo Basic Cap Sleeve Maxi Tent Dress - Rust / Black Abeni Print,5
Vivo Shorts - FS 3,5
Vivo Basic 3/4 Sleeve Double Layered Bodycon Dress - Burnt Orange,5
Vivo Laika 3/4 Sleeve Tent Dress - Purple / Black Tuni Print,5
Vivo Knee length Dress - FS 1,5
Vivo Saida Dress Coat - Beige,5
Vivo Basic Izzy Satin Bishop Sleeve Top - Dark Teal,5
Safari by Vivo Mali Gathered Flounce Sleeve Shirt Dress - Deep Teal,5
Vivo Fitness Leggings - Black,5
Vivo Essentials Sleeveless Tent Maxi Waterfall - Black,5
Vivo Lani Maxi Dress - Light Gold Print,5
Vivo Maisha Top & Pant Set- Grey / Black Print,5
Zoya Sitawi A-line Mini Dress - Black / White Abstract Print,5
Vivo Safa Slit Side Top - Mustard,5
Vivo Sanyu Bubble Off - Shoulder Top - Shoulder Top - Pink,5
Zoya Nia Wide Leg Denim Pants - White,5
Safari Tafari Wrap Skirt - Mpiji Print,5
Vivo Hari Wide Leg Pants - Rust,5
Vivo Basic Cap Sleeve Tent Knee Length Dress - Black / White Print,5
Vivo Paji Pencil Skirt - Black Checkered Print,5
Vivo Hadiya Flounce Sleeve Maxi Dress - Black,5
Vivo Basic Satin Bishop Sleeve Top - Maroon,5
Vivo Basic Nalia Satin High Low Top - Peach,5
Vivo Basic Nalia High-low Chiffon Top - Black / Blue Print,5
Vivo Asha Sleeveless Knee Length Dress - White / Brown Print,5
Vivo Kaisa Short Sleeve Maxi Bodycon - Maroon,5
Vivo Ava 3/4 Sleeve Kimono - Burnt Orange,5
Safari Kamari Halter Shirt - Orange,5
Zoya Yuni Wide Leg Pants - Camo Brown,5
Vivo Studio Mini Bubble Skirt in Satin - Navy,5
Vivo Nimali Satin Wide-Leg Pants - Wingu,5
Safari Tafari Highlow Top - Selvi Print,5
Vivo Alora 3/4 Sleeve Shift Dress - Cream,5
Vivo Basic Imelda Top - Taupe,5
Vivo Scalloped Kimono in Crepe - Beige / Grey Print,5
Vivo Waridi Pencil Skirt - Yellow,5
Vivo Asha Sleeveless Maxi Dress - White Peli Print,5
Vivo Midi Waterfall/ Kimono - Sample 1,5
Zoya Vasha  Sleeveless Turtleneck Top - Purple / Yellow,5
Vivo Basic Sienna Waterfall - Green,5
Vivo Maisha Long Sleeve High Low Kimono - Black / White Line Print,5
Vivo Chela Basic Cap Sleeve Top - Black,5
Vivo Kemi Side Cowl Maxi Dress - Pink / Purple,5
Safari Mens Kitenge Drawstring Shorts - Black / Yellow Print,5
Vivo Hanabi Satin High Low Top - Green / Beige Shima Print,5
Safari Sizani Men's Kitenge Placket Shirt - Keri Print,5
Vivo Maxi Kimono in Chiffon - Yellow / Black Print,5
Vivo Maisha Long Sleeve High Low Kimono - Lime Green / Black Sande Print,5
Vivo Merika Satin Wrap Top - Mustard / Dark Brown Nito Print,5
Safari Njano Front Tie Dress - Sai Print,5
Safari Chui Placket Top - Marara Print,5
Vivo Long Sleeve Blazer - Atbara,5
Safari Tawi Flounce Tent Dress - Navy Blue,5
Vivo Seli Maxi Skirt - White / Black Esli Print,5
Vivo Ayla Maxi Kimono - Grey / Orange Hali Print,5
Vivo Nimali Satin Joggers,5
Vivo Basic Cap Sleeve Maxi Tent Dress - White / Lilac Sabi Print,5
Vivo Asika Kaftan Tunic - Black,5
Vivo Alora 3/4 Sleeve Shift Dress - Tan,5
Vivo Kelemi Satin Pants - Navy / White Waso Print,5
Safari Tafari Wrap Skirt - Umba Print,5
Vivo Chidii Off Shoulder Maxi Dress - Rust / Black  Rema Print,5
Safari by Vivo Njano Tie Front Wide Top - Mustard,5
Vivo Vinna Slit Sleeve Top - Hunters / Orange  Nina Print,5
Vivo Scalloped Kimono in Crepe - Mint / Tan Print,5
Vivo Sakari Circular Loose Top in Chiffon - Black / Beige Textured Print,5
Safari Kaya Sleeveless Tent Shirt Dress - Black,5
Vivo Basic Chiffon Cap Sleeve Top (Double Layered) - Light Taupe,5
Vivo Tana Puff Sleeve Bodysuit In Jersey - Dark Green,5
Vivo Lumi Back Pleat Maxi Dress - Orange / Burgundy Isi Print,5
Safari Tafari Wrap Skirt - Suma Print,5
Vivo Maisha Straight Leg Pants - Black / Green Print,5
Safari Tafari Wrap Skirt - Cheli Print,5
Safari Basic Shirt Tent Dress - Taupe,5
Vivo Dalia Cap Sleeve Gathered Tent Dress - Dark Navy / Peach Print,5
Vivo Maisha Wide Leg Pants - Pink / Orange Hita Print,5
Vivo Basic Leisure Pants - Midnight Blue,5
Vivo Jasiri Bishop Sleeve Shift Dress - Beige / Green Mali Print,5
Safari Spaghetti Tank Top - Dark Taupe,5
Safari Men's Short Sleeve Shirt - Black / Tari Print,5
Vivo Basic Salma Maxi Boat Neck Dress - Burgundy,5
Vivo Basic 3/4 Sleeve Double Layered Bodycon Dress - Yellow,5
Safari Mansi Bishop Sleeve Shacket - Mustard,5
Vivo Zuri Cap Sleeve Knee Length Dress - Burgundy / Rust Berek Print,5
Vivo Reba Hi Low  Dress  - Orange / Navy Print,5
Vivo Nkasi Bubble Sleeve Knee Length Dress - White / Burgundy Shibori Print,5
Safari Kaya Long Sleeve Shirt Dress - White,5
Vivo Reversible Poncho Without Fringes - Black / Off White Pepeo Print,5
Vivo Tatari Side Panelled Sheath Dress - Olive / Black,5
Vivo Naya 3/4 Sleeve Satin Cover Up - Navy Blue,5
Vivo Maisha Strappy Culotte Jumpsuit - Brown Animal Print,5
Vivo Lumi Back Pleat Maxi Dress - Black / Burgundy Ulira Print,5
Vivo Basic Cap Sleeve Tent Knee Length Dress - Peach / Maroon Print,5
Vivo Lero Capri Leggings - Black + Grey Kiwi Print,5
Vivo Basic Satin Bishop Sleeved Top - Yellow,5
Vivo Knee Length Skirts - Rfs 3,5
Vivo Sakari Cap Sleeve Maxi Dress - Green / Mustard Print,5
Vivo Anavi Maxi Dress In Jersey - White,5
Vivo Tunu Long Slit Sleeve Knee Length Shift Dress - Mustard / Green Print,5
Anika Ribbed Pencil Skirt - Paradise Green,5
Vivo Beali Shorts - Tan / Navy Lea Print,5
Vivo Basic Sleeveless Sienna Waterfall - Safron,5
Vivo Hadiya Flounce Sleeve Maxi Dress - Dark Green,5
Vivo Lalani Rib Maxi Waterfall - Ivory,5
Safari Sizani Strappy Tent Top - Black,5
Vivo Basic Dolman Sweater - White,5
Vivo Reba Hi Low  Dress  - Olive / Mustard Riba Print,5
Vivo Essentials Biker Shorts - Mulberry,5
Vivo Basic Sleeveless Long Lily Waterfall - Orange,5
Vivo Ayla Bubble Sleeve Maxi Dress - Mustard / Black Lala Print,5
Vivo Chidii Tunic Dress With Frills - Grey / White Print,5
Vivo Zuri Cap Sleeved Maxi Dress - Navy / Dark Mustard Uri Print,5
Vivo Tote Bag - Jura,5
Safari Mens Kitenge Drawstring Shorts - Navy / Blue Print,5
Vivo Basic May Jersey Waterfall - Safron,5
Safari Savannah Men's Drawstring Shorts (Regular) - Black,5
Vivo Mandla Side Zipper Dress - Beige / Rust Anila Print,5
Vivo Safa Sweater - Dark Brown,5
Vivo Beali Shirred Midriff Top - Tan / Navy Lea Print,5
Vivo Basic Chiffon Dropped Shoulder Top - Blue,5
Vivo Basic Nandi A-Line Kimono - Black / Purple Ane Print,5
Safari Men's Short Sleeve Shirt - White / Tari Print,5
Zoya Basic Short Sleeve Crop Top - Red,5
Vivo Kani Bishop Sleeve Top - Dark Purple,5
Vivo Zena Bishop Panel Long Sleeve Round Neck Dress - Buttermilk,5
Vivo Yumi Off Shoulder Maxi Dress - Red / Black Print,5
Vivo Tahisa Straight Leg Pants - Dark Olive,5
Safari Zene Off Shoulder Top - Yellow,5
Vivo Analo Front Placket Coat - White,5
Vivo Midi & Capri Skirts - Fs 3,5
Vivo Samira Slip Skirt - Purple,5
Vivo Dua 3/4 Sleeved V Neck Shirt - Red / Peach Ebu Print,5
Safari Tafari Wrap Skirt - Weru Print,5
Vivo Ayana Wide High Low Top - Black / White Print,5
Vivo Keza Satin Border Maxi Kaftan - Lilac / Light Blue Awat Print,5
Vivo Tatari Side Panelled Sheath Dress - Black / Olive,5
Vivo Fimi Drop Shoulder Maxi Dress - Tan/ Black Chana Print,5
Vivo Kitenge Bubble Sleeve Tent Dress - Shama Print,5
Safari Mali Off - Shoulder Ruffle Knee Length Dress - Shoulder Ruffle Knee Length Dress - White,5
Vivo Lulu Contrast Stitch Tent Dress in Cotton - White,5
Vivo Kelemi Wide Leg Pants - Mustard / Green Leke Print,5
Vivo Basic 3/4 Sleeve A-Line Wrap Maxi Dress - Hunters,5
Vivo Seli Maxi Dress - Navy Blue,5
Safari Hawi Cargo Pants - Black,5
Vivo Basic Short Lily Waterfall - White,5
Safari by Vivo Njano Front Drawstring Tunic Top - White,5
Vivo X This Is Essential Ruched Bodysuit - Red,5
Vivo Basic Sienna Jersey Top - Buttermilk,5
Vivo Jema High Low Tent Dress - Navy / White Print,5
Vivo Tatari Dropped High Neck Top - Burgundy,5
Safari Tafari Shorts - Light Blue Asili Print,5
Vivo Hadiya Tie Maxi Dress - Pink / Black Hadi Print,5
Vivo Tolani Dress in Jersey - Chocolate,5
Vivo Mandla High Neck A-Line Dress - Navy,5
Vivo Ruwa Flounce Sleeve Tent Maxi Dress - Mustard / Black Sese Print,5
Vivo Basic Crepe Cap Sleeved Top - Tan / Black Meti print,5
Vivo Naya One Shoulder Flounce Top - Tausi,5
Vivo Dalia Sleeveless Gathered Tent Dress - Orange / Green Print,5
Vivo Zuri Cap Sleeve Knee Length Dress - Maroon,5
Vivo V-Neck Camisole in Satin- Dark Teal,5
Vivo Maisha Wide High Low Top - Burgundy / Lime Print,5
Vivo Tahisa Straight Leg Pants -Dark Green,5
Vivo Chela Sleeveless Waterfall in Jersey - Sea Green,5
Vivo Laika 3/4 Sleeve Tent Dress - Navy,5
Vivo Talia Sleeveless Tank Top  - Lilac,5
Vivo Maisha Straight Leg Pants - White / Blue Print,5
Vivo Basic Sienna Waterfall - Off White,5
Vivo Keza V-Neck Maxi Kaftan - Tan / Black,5
Vivo Chidii Wide Leg Pants - Teal / Black Ameli Print,5
Vivo Bana Batwing Top - Dark Green,5
Safari Tafari Wrap Top - Weru Print,5
Vivo Basic Trench Coat - Rust,5
Vivo Maisha Straight Leg Pants - Cream / Brown Print,5
Safari Zene Drop Shoulder Above Knee Dress - Light Orange,5
Vivo Saida 3/4 Sleeve Top - Rust/Black Gola Print,5
Vivo Basic Palazzo Pants  - Chocolate,5
Vivo Amai Maxi Kaftan Dress - Lime / Black Lango Print,5
Vivo Chidii Wide Leg Pants - Rust / Black Sidi Print,5
Vivo Alek Hi-low Top - Yellow,5
Vivo Leila Waterfall - Yellow,5
Vivo Leila Short Sleeve A-Line Dress - Yellow,5
Vivo Ari Sweater - Maroon / Chocolate Print,5
Vivo Sleeveless Side  Slit Midi  Waterfall - Burgundy,5
Vivo Ava Front Pleat Maxi Dress - Navy / Mustard Ama Print,5
Vivo Amai Maxi Kaftan In Textured Satin - Blue / Gold Print,5
Vivo Sawari Crossed Cuff Batwing Top - Champagne,5
Vivo Samira Wide Kimono in Rayon - Navy / White Polka Dot,5
Vivo Ava Pleated Wide Leg Pants - Pink,5
Vivo Basic Drop Shoulder Top - White,5
Vivo Basic Cap Sleeve Knee Length Tent Dress - White / Red Stawi Print,5
Safari Njano Men's Straight Leg Pants - Himo,5
Safari Tiwa Reversible Tie Kimono - Hunters + Lulu Print,5
Vivo Basic Chiffon Cap Sleeve Top (Double Layered) - Light Navy,5
Vivo Essentials Biker Shorts - Teal,5
Zoya Nia Wide Leg Denim Pants - Blue / Lime Green Abstract Print,5
Vivo Basic May Jersey Waterfall - Tan,5
Vivo Maxi Skirts - FS 3,5
Vivo Joggers - Natal,5
Vivo Safiya Dolman Top - Yellow,5
Vivo Wingu Puff Sleeve Knee Length Dress - Light Tan,5
Safari Kitenge Men's Sweat Pants - Teal/ Tafo Print,5
Vivo Dua Long Bishop Sleeve Top - Red,5
Vivo Basic Crepe Cap Sleeved Top - Lime / Yellow Abasi Print,5
Vivo Kala Palazzo Pants - White / Orange Ukwi Print,5
Zoya Sadira Midriff Polo T-Shirt - Light Grey,5
Zoya Temo Crop T- Shirt - Navy / Green Camo,5
Safari by Vivo Zehra 3/4 Sleeve Kitenge Maxi Dress - Elia Print,5
Vivo Basic Open Kaftan - White / Black Print,5
Vivo Ava Front Pleat Maxi Dress - Brown / Black Milo Print,5
Vivo Reba Hi Low  Dress  - Navy / White Print,5
Vivo Maisha Wide High Low Top - Orange / Pink Print,5
Vivo Seli Maxi Dress - Cream / Black Eli Print,5
Vivo Hanabi Tent Maxi Dress - White / Black Zawi Print,5
Vivo Waridi Pencil Skirt - Dark Grey,5
Vivo Alek 3/4 Sleeve A-Line Kimono - Navy / Orange Liwa Print,5
Vivo Wingu Long Sleeve Side Drape Tunic Top - Green,5
Soko Dash Hoops,5
Safari Sizani 2 Way Wrap Top - Tafo Print,5
Vivo Basic Aziza Belt - Peach / Blue Ankara Print,5
Vivo Reba Coat Dress - Black,5
Vivo Meli Chiffon Pants - Black,5
Safari Kaya Long Sleeve Collar Shirt - Taupe,5
Sleeveless Racer-back Dress - Sunflower,5
Vivo Ava Tapered Pants - Navy Blue,5
Safari Njano Mens Short Sleeve Shirt - White / Navy Blue Print,5
Safari Njano Mens Short Sleeve Shirt - Black / Black Yellow Print,5
Vivo Leila Asymmetrical Angel Sleeve Top - White,5
Vivo Basic Tolani Dress in Jersey - Taupe,5
Vivo Meli Satin Pants - Olive,5
Safari by Vivo Sizani Barrel Pants - Navy Blue,5
Soko Maji Mini Hoop Earrings- Gold,5
Vivo Basic Imelda Top - Orange,5
Vivo Zawadi Inverted Pleat Dress - Navy,5
Vivo Basic Wide Liv Chiffon Maxi Dress  - Grey / Black Print,5
Vivo Serwa Tiered Maxi Skirt - Coral / Black Wera Print,5
Vivo Keza Satin Border Maxi Kaftan - Beige / Cream Animal Print,5
Zoya Basic Halter Tie Top - Mustard,5
Vivo Basic Sleeveless Tent Maxi Dress - Black / Orange Print,5
Vivo Seli Wide Top - Lilac / Navy Esli Print,5
Vivo Lumi Back Pleat Maxi Dress - Navy,5
Vivo Meli Puff Sleeve Shift Dress - Red,5
Safari Kitenge Men's Sweat Pants - Grey/ Neba Print,5
Zoya Nia Crop Oversized Jacket - Lilac,5
Zoya Yuni Contrast Stitch Crop Jacket - Black,5
Vivo Basic Cap Sleeve Knee Length Tent Dress - Blue / Black Capi Print,5
Vivo Ayo Tent Dress - Yellow / Black Print,5
Vivo Alika Layered Dress - Green / Navy Blue Siri Print,5
Vivo  Iyana Bubble Midi Skirt - Yellow / Lilac Iya Print,5
Vivo Basic Sienna Jersey Top -  Burnt Orange,5
Vivo Basic Escape A-Line Dress - Navy Blue,5
Vivo Basic Faux Pocket Leisure Pants - Dark Green,5
Vivo Mock Maxi Dress - Taupe,5
Vivo Ava Front Pleat Maxi Dress - Red,5
Vivo Sarabi Strappy Flounce Maxi Dress - Cream / Dark Green Mtelo Print,5
Vivo Knee Length Kaftan in Satin - Tan / Maroon Print,5
Zoya Basic Jersey Bandeau  - Buttermilk,5
Safari Savannah Wrap Top - White,5
Vivo Azawi Peplum Top - Hunters / White,5
Zoya Sitawi Cargo Pants - Purple,5
Safari by Vivo Njano Joggers - Rust / Neba Print,5
Vivo Loose Sweater/Poncho - Sample 1,5
Vivo Amai Maxi Kaftan In Textured Satin - Light Grey / Teal Print,5
Vivo Basic Double Layered Long Sleeved Bodysuit - Green,5
Vivo Hanabi Wrap Maxi Dress - Dark Green,5
Vivo Nasinka A-line Knee Length Dress - Olive / Dark Green Print,5
Vivo X This Is Essentials Long Sleeve Crew Neck Bodysuit - Red,5
Vivo Ajani V-Neck Top - Mustard / Purple Print,5
Zoya Yuni Oversized Shirt - Brown,5
Zoya Yuni One - Shoulder Crop Top - White,5
Vivo Basic Drop Shoulder Top - Teal,5
Vivo Seli Midi Skirt - Light Grey,4
Vivo Basic A-line Maxi Skirt - Burgundy,4
Safari by Vivo Zene Off Shoulder Top - Dark Orange,4
Safari by Vivo Mali Off - Shoulder Ruffle Knee Length Dress - White,4
Zoya Taani Midriff Hoodie - White,4
Vivo Alek 3/4 Sleeve A-Line Maxi Kimono - Blue / White print,4
Vivo Zena Bishop Panel Long Sleeve Round Neck Dress - Dusty Pink,4
Vivo Amara Drawstring Maxi Dress - Navy Blue,4
Vivo Jira Scoop Neck Jumpsuit - Navy Blue,4
Vivo Nandi High Slit Kimono - Light Tan / Black Print,4
Vivo Slim Fit Pants in Ponte - Dark Brown,4
Vivo Izzy Bishop Sleeve Top in Textured Satin - Mustard,4
Vivo Hadiya Flounce Sleeve Maxi Dress - Olive,4
Vivo Asha Drop Shoulder Knee Length Dress - Black / Yellow Floral Print,4
Vivo Jamila Halter Neck Knee Length Dress - Cream / Black Geometric Print,4
Vivo Ava Tent Knee Length Dress - Blue / Navy Print,4
Vivo Basic 3/4 Sleeve Leila Bodycon Dress - Hunters Green,4
Vivo Wide Leg Pants With Short Lining - Black,4
Vivo Ponte Back Pleat High Low Dress - Mustard,4
Vivo Sleeveless Godet Midi Dress in Jersey - Dark  Teal,4
Safari Huru Halter Sleeveless High Low Dress - Pink,4
Vivo Chesi Kimono - Mint / Hunters Green Hesi Print,4
Vivo Lamu Knee Length Chiffon Dress - Magenta,4
Vivo Meli Satin Pants - Dark Mustard,4
Vivo Golf Above Knee Skirt - Black,4
Vivo Nasinka A-line Maxi Dress - Teal,4
Vivo Tahisa Straight Leg Pants -Dark Brown,4
Vivo Amai Knee Length Dresses - Purple / Black,4
Zoya Essentials Mini Bodycon - Teal / Brown Print,4
Vivo Kala Palazzo Pants - White / Hunters Ukwi Print,4
Vivo Trench Coat - Obu,4
Vivo Malindi Shirt Maxi Coverup - Black,4
Vivo Nkasi Wide Top - Teal / Burgundy Kasi Print,4
Safari Mali Wrap Lapel Top - Navy Blue,4
Vivo Meli Halter Neck Dress - Red,4
Vivo Trench Coat - Sabie,4
Vivo Basic Cap Sleeve Tent Knee Length Dress - Navy / Light Mustard Print,4
Vivo Zena Bishop Panel Long Sleeve Round Neck Dress - Navy / Yellow Print,4
Vivo Rema Waterfall - Magenta,4
Safari by Vivo Savannah Midi Wrap Dress - Mustard,4
Vivo Mini Dress - SAMPLE 1,4
Vivo Dua Shirt - Maroon,4
Vivo Basic Aziza Belt - Dafu Print,4
Vivo Amai Hi-Low Top - Cream Wingu Print,4
Vivo Rema Waterfall - Mustard,4
Zoya Basic Long Sleeve Top - Chocolate,4
Vivo Basic Imelda Top - Hunters,4
Vivo Pesi Drop Shoulder Tent Dress - Black / Maroon Print,4
Safari by Vivo Zehra 3/4 Sleeve Kitenge Maxi Dress - Zuberi Print ,4
Vivo Basic Pencil Skirt - Dark Grey,4
Vivo Basic Long Sleeved Top - Yellow,4
Vivo Hamle Side Twist Tie Bodycon - Burgundy,4
Safari Huru Halter Sleeveless High Low Dress - Light Blue,4
Vivo Square Neck Camisole in Satin - Dark Green,4
Vivo Lalani Scarf With Fringes - Dark Green,4
Safari by Vivo Naledi Bubble Midi Dress - Neli Print,4
Vivo Kelemi Ruffle Sleeve Top - Yellow / Green Lana Print,4
Vivo Safiya Back Pleat Dress - Tan,4
Vivo Yumi Off Shoulder Jumpsuit In Crepe - Navy,4
Vivo Hoodie High Low Poncho - Forest Green,4
Vivo Alek 3/4 Sleeve A-Line Maxi Kimono - Black / White print,4
Vivo Sarabi Strappy Flounce Maxi Dress - Orange / Cobalt Print,4
Vivo Zahari Drop Shoulder High Low Dress - Mint,4
Safari Mansi Mens Shorts - Green Stripes,4
Vivo Basic Leisure Pants - Dark Teal,4
Safari Njano Men's Easy Fit Pants - Hunters Green,4
Vivo Full Length Pants - Sample 7,4
Vivo Basic Drop Shoulder Top - Black,4
Zoya Nia Off Shoulder Knee Length Dress - Navy Blue,4
Vivo Tanda Batwing Top - Navy,4
Vivo Reba Drop Shoulder Shirt Dress - Baby Blue / Black Zari Print,4
Vivo Basic Sienna waterfall - Burgundy,4
Zoya Taani Wide Joggers - Red,4
Vivo Safa Skirt - Dark Brown,4
Vivo Lalani Scarf With Fringes - Burnt Orange,4
Vivo Ayla Maxi Kimono - Taupe / Black Awari Print,4
Vivo Knee Length Kaftan in Satin - Purple / Pink Print,4
Vivo Basic Cap Sleeve Knee Length Tent Dress -Olive / Black Capi Print,4
Vivo Dalia Cap Sleeve Gathered Tent Dress - Maroon,4
Vivo Ayla Crepe Pants - Light Dust Pink / Black Lala Print,4
Safari by Vivo Zehra 3/4 Sleeve Kitenge Maxi Dress - Avira Print,4
Vivo Basic Cap Sleeved Leila Dress - White,4
Vivo Merika Satin Wrap Top - Dark Orange,4
Vivo Tanda Maxi Skirt - Pink,4
Vivo Yumi High Low Shirt Dress - Olive,4
Zoya Banda Lantern Pants - Pink,4
Zoya Yuni Men's Sweatshirt - Teal Green,4
Vivo Nasinka A-line Maxi Dress - Rust / Black Nama Print,4
Vivo Samira Midi Dress - Off White / Pink Print,4
Vivo Nimali Satin Halter Top - Lilac,4
Vivo Wrap Top in Crepe - Black,4
Vivo Basic Tsavo Scalloped Chiffon Top - Mustard,4
Vivo Yumi Long Sleeve Shirt Dress - Black / Taupe Print,4
Safari Savannah Wrap Top - Beige,4
Safari Njano Men's Easy Fit Pants - Rust,4
Vivo Beali Blazer - Beige / Gold Lea Print,4
Zoya Basic Jersey Bandeau  - Saffron,4
Zoya Sadira Men's Long Sleeve  T Shirt - Black,4
Vivo Ayla Maxi Kimono - Taupe / Black Ila Print,4
Safari Lira Drawstring Knee Length Dress - Black + Bana Print,4
Zoya Taani Side Slit Hoodie - Red,4
Vivo Samira Midi Dress - Black / White Print,4
Vivo Knee Length Kaftan in Satin - Grey / White Print,4
Vivo Sarabi Strappy Low Back Maxi Dress - Peach / Green Deza Print,4
Vivo Essentials Strap Maxi Dress - Navy Blue,4
Vivo Tana Off Shoulder Maxi Dress - Peach / Mustard Print,4
Vivo Dalia Cap Sleeve Gathered Tent Dress - Orange,4
Vivo Tahisa Loose Top -  Dark Brown,4
Vivo Amara Drawstring Maxi Dress - Hunters Green,4
Zoya X Metamorphisized 143 Cropped Jacket - Blue / Black,4
Zoya X Bold Corduroy Joggers - Navy Blue,4
Vivo Wila Wide Leg Pants - Taupe,4
Zoya Basic Long Sleeve Bodycon - Dark Green,4
Zoya Nia Wide Leg Shorts - Navy Blue,4
Vivo Jema High Low Tent Dress - Peach / Black Print,4
Vivo Hanabi Tent Maxi Dress - Dark Rust / Black Lia Print,4
Vivo Wendy Top - Mustard,4
Safari Kikoy Wrap Dress - Red,4
Zoya Nia  Long Sleeved Crop Shacket - Sample,4
Vivo Lani Maxi Dress - Champange / Black Hini Print,4
Vivo Alek High Slit Kimono - Pink / Blue Print,4
Vivo Amai Cape Top - Black,4
Vivo Basic Angela Cowl Loose Top - Dark Teal,4
Vivo Knee Length Kaftan in Satin - Grey / Light Blue Print,4
Vivo Safiya Back Pleat Dress - Chocolate,4
Vivo Samira Maxi Kimono - Mint / Taupe Print,4
Vivo Samira Midi Dress - Black / Lilac Print,4
Safari Kamari Drop Shoulder Top - Hunters Green,4
Vivo Esna Drop Shoulder High Low Dress - Burgundy,4
Vivo Zahari Drop Shoulder High Low Dress - Black / Mint Zari Print,4
Soko Kazuri Ripple Pendant Necklace - Gold,4
Safari Tie Knee Length Dress - Blue,4
Vivo Kelemi 4.0 Kaftan - White,4
Vivo Yene Front Tie Tunic Top - Mint / Lilac Lora Print,4
Vivo Basic Sienna Jersey Top - Yellow,4
Safari Lira Front Panelled Shirt Dress - White / Black,4
Vivo Fitted Tops - Rfs 6,4
Vivo Chidii Cape Dress - Red / Black Ameli Print,4
Vivo Basic Sienna Jersey Top - Orange,4
Vivo Nimali Satin Blouse - Mustard,4
Ythera Chocolate Souffle Firming & Glow Body Oil,4
Vivo Basic Ayo Bishop Sleeve Dress - Navy / Brown Print,4
Vivo Nimali Satin Halter Top - Dark Green,4
Vivo Ajani V-Neck Top - Royal Blue / Peach Print,4
Vivo Yumi Long Sleeve Tent Shirt Dress - Hot Pink,4
Vivo Nimali Satin Flounce Kimono - Purple,4
Vivo Yumi Cap Sleeve Dress - Chocolate,4
Vivo Asha Drop Shoulder Knee Length Dress - Tan / Black Print,4
Vivo Amai Knee Length Dresses - Dark Green,4
Vivo Arafa Sleeveless Jacket - Grey,4
Vivo Tana Off Shoulder Maxi Dress - Multicolour Rust Print,4
Vivo Basic Crepe Cap Sleeved Top - Orange / Lilac Abasi Print,4
Vivo Basic Long Sleeved Double Layered Bodycon - Taupe,4
Vivo Binti High Low Poncho - Light Olive,4
Vivo Soleil Shorts - Mustard / Dusty Pink Almasi Print,4
Vivo Knee length Dress - Fs 9,4
Vivo Yumi Off Shoulder Maxi Dress - Blue / Pink Print,4
Vivo Beali Wrap Asymmetrical Midi Dress - Taupe / Black Lea Print,4
Vivo Yumi Off Shoulder Jumpsuit - Cream / Brown Mistari Print,4
Vivo Tatili Wide Leg Pants - Dark Mustard,4
Vivo Basic Double Layered Long Sleeved Bodysuit - Deep Teal,4
Vivo Dila Print Poncho - Rust / Black,4
Vivo Safa Pallazo Pants - Black,4
Zoya Yuni Short Sleeve Midriff Top - Orange,4
Vivo Val Full Length Leggings - White,4
Vivo Basic Long Sleeved Bishop Top - Black Textured,4
Vivo Lero Fitness Leggings - Black + Grey Kiwi Print,4
Vivo Niari Pleated Dress in Crepe - White,4
Soko Sayo Bracelet - Gold,4
Vivo Halter Maxi With Lining - Purple / Red Print,4
Vivo Dua 3/4 Sleeved V Neck Shirt - Taupe,4
Safari Kitenge 3/4 sleeve Maxi Dress - Sipo Print,4
Zoya X Metamorphisized 143 Pleated Mini Skirt - Black,4
Vivo Basic Liv Chiffon Top - Portuguese Mint,4
Safari by Vivo Zene Off Shoulder Top - Light Pink,4
Safari by Vivo Zehra Tie Waist Kimono Dress - Navy,4
Vivo Asha Sleeveless Maxi Dress - Grey / Black Jilo Print,4
Safari by Vivo Mansi Dolman Top - White,4
Vivo Zena Shirred Waist Maxi Shirt Dress in Crepe - Fuschia,4
Zoya Aridi Cropped Jacket - Black / Hunters,4
Vivo Maxi Skirts - FS4,4
Vivo Basic Hooded Kimono - Black / Yellow Print,4
Safari Nazari Coat Dress - Navy / Peach Johari Print,4
Vivo Basic Spinners Dolman Sweater - Teal,4
Vivo Lero Wide Leg Pants - Blue,4
Safari Tawi Off Shoulder Knee Length Dress - Pink(Plain Belt),4
Vivo Basic Sleeveless Extra Long Lily Waterfall - Burgundy,4
Vivo Maisha Wide Kimono - Black / Off-white Print,4
Vivo Basic Imelda Top - Rust,4
Vivo Basic Destiny Chiffon Top - Pink / Brown Floral Print,4
Vivo Basic Cap Sleeve Top In Crepe - Navy Blue,4
Vivo Paji Trench Coat - Navy Checkered Print,4
Vivo Pesi Drop Shoulder Tent Dress - Navy,4
Vivo Sana Asymmetrical Angel Sleeve Top - Black / White Print,4
Safari by Vivo Zehra 3/4 Sleeve Kitenge Maxi Dress - Fiora Print,4
Vivo Meli Ruffle Sleeve Top - Brown,4
Vivo Ava Shirt Collar Tunic Top - Light Tan,4
Safari Njano Joggers - Rust / Neba Print,4
Vivo Vinna 3/4 Seeve A-Line Dress - Navy / White,4
Safari by Vivo Zene Drop Shoulder Above Knee Dress - Pink,4
Safari Anga Puffy Short Sleeve Tie Top - Navy Blue / Orange Ankara Print,4
Safari Kikoy Tunic High Low Top With Side Slits - Maroon Print,4
Vivo Basic Crepe Pants - Mustard / Black Umbo Print,4
Vivo Lani Maxi Dress - Black / Pink Dato Print,4
Safari by Vivo Zehra Kitenge Shorts - Pollo Print,4
Vivo Nimali Satin Joggers - Grey,4
Safari by Vivo Tawi Shirt Collar Bishop Sleeve Tiered Dress - Khaki,4
Vivo Lani Maxi Dress - Blue / Cream Print,4
Vivo Hanabi Off - Shoulder Top - Shoulder Top - Black,4
Safari Men's Kitenge Drawstring Shorts - Tari Print,4
Vivo Must Have Shorts - Sai,4
Vivo Basic Straight Maxi Dress - Light Taupe,4
Vivo Zahari Bishop Sleeve Top With Belt - Off White,4
Zoya Yuni Halter Midriff Top - Beige,4
Vivo Isabi Cowl Top - Black,4
Vivo Maisha 3/4 Sleeve High Low Top - Black / Red Print,4
Zoya Yuni Men's Sweatshirt - Navy Blue,4
Vivo Reversible Poncho Without Fringes - Mustard / Black Pepeo Print,4
Vivo Knee Length Kaftan in Satin - Maroon / Off White Print,4
Vivo V-Neck Dress in Stretch Rib - Dark Red,4
Vivo Jira Sleeveless Waterfall - Navy Blue,4
Vivo Maisha Wide Kimono - Cream / Black Print,4
Safari Solana Bubble Midi Skirt - Tan,4
Vivo Dila Print Poncho - Black / Mustard,4
Vivo Merika Satin Wrap Top - Red,4
Safari Bush Drawstring Shorts - Black,4
Safari Kamari Front Slit Midi Skirt - Black,4
Vivo Keza V-Neck Maxi Kaftan - Hunters / White Print,4
Vivo Basic Sienna Waterfall - Burgundy,4
Safari Haya Strappy Tie Back Maxi Dress - Dark Green Kiki Print,4
Vivo Sakari Drop Shoulder Jumpsuit in Crepe - Orange / Black Print,4
Safari by Vivo Njano Joggers - Hunters Green / Shama Print,4
Safari by Vivo Zene Off Shoulder Dress - Hunters,4
Zoya X Metamorphisized 143 Raglan Sleeve Crop Top - Navy Blue,4
Vivo Chesi Kimono - Aloe / Black Hesi Print,4
Vivo Lani Maxi Dress - Sea Green Print,4
Vivo Sanyu Overlap Maxi Cover Up Top - Mustard,4
Safari Tawi Bishop Sleeve Tiered Dress - Rust Orange,4
Vivo Wide Leg Pants in Textured Crepe - White ,4
Vivo Ava Tent Maxi Dress - Cream / Orange Print,4
Vivo Meli Puff Sleeve Shift Dress - Royal Blue,4
Vivo Kelemi 4.0 Halter Maxi Dress - Navy,4
Zoya X AM Full Length Fitness Tights - Black / White Print,4
Zoya Yuni Oversized Shirt - Blue,4
Vivo Saida Dress Coat - Rust,4
Vivo Dalia Cap Sleeve Gathered Tent Dress - Dark Navy / Yellow Print,4
Safari Mansi Maxi Shirt Dress - Taupe Stripes,4
Vivo Full Length Pants - FS 7,4
Safari Zene Dolman Top - Maroon,4
Vivo Merika Knee Length Wrap Dress - Royal Blue,4
Vivo Fara Off Shoulder Flounce Sleeve Jumpsuit - Mustard,4
Vivo Asha Sleeveless Knee Length Dress - Pink / Black Tori Print,4
Vivo Dua Shirt - Chocolate Brown,4
Vivo Basic Hooded Kimono - Black / Red Print,4
Zoya Kyro Sleeveless Bodysuit - Navy,4
Safari Tafari Wrap Top - Karanga Print,4
Vivo Basic Ayo Bishop Sleeve Dress - Navy / White Print,4
Safari by Vivo  Naledi Bishop Sleeve Tiered Dress - White / Black Wia Print,4
Safari by Vivo Zene High Low Shirt Dress - White,4
Vivo Kitenge Midi Kimono - Shama Print,4
Vivo Mira V-Neck Overlap Top - Peach / Brown Fan Print,4
Vivo Sawari Crossed Cuff Batwing Top - Dark Teal,4
Vivo Jira Scoop Neck Jumpsuit - Tan,4
Vivo BFS&S 9,4
Vivo Basic Palazzo Pants - Navy Blue,4
Safari Kikoy Tie Back Maxi Dress - Dark Red,4
Vivo Hooded Kimono With Elastic Cuff - Orange,4
Safari Mali 3/4 Bishop Sleeve Tie Top - Orange,4
Vivo Maisha Straight Leg Pants - Off White / Brown Print,4
Vivo Jumpsuit - FS 5,4
Vivo Chesi Wide Leg Pants - Mint / Hunters Green Hesi Print,4
Vivo Amara Back Pleat Dress - Dark Purple,4
Vivo Keza Circular Loose Top - Black / Gold Clay Print,4
Vivo Samira Pants - Navy / White Polka Dot Print,4
Vivo Sierra Tent Knee Length Dress - Yellow,4
Vivo Jira Scoop Neck Jumpsuit - Burnt Orange,4
Vivo Imara Cap Sleeve Sheath Dress - Taupe,4
Zoya Basic Long Sleeve Top - White,4
Zoya Nia Cargo Overalls - Navy Blue,4
Safari Tie Back Maxi Dress - White,4
Vivo Ayla Loose Top - Caramel,4
Vivo Jema Cap Sleeve Tent Dress - Grey / Black Abstract Print,4
Safari Tafari Shorts - Black Brown Shade A,4
Safari Kikoy Off Shoulder Crop Top - Maroon Print,4
Safari Njano Wide Leg Pants - Shama Print,4
Vivo Amara Drop Shoulder Waterfall - Navy Blue,4
Vivo Talia Sleeveless Tank Top - Rose Pink,4
Vivo Paji Trench Coat - Taupe Checkered Print,4
Zoya Nia Wide Leg Denim Pants - Blue / White Floral Print,4
Vivo Alek Halter Neck Maxi Dress - Orange / Black Mistari Print,4
Vivo Alek 3/4 Sleeve A-Line Kimono - Black / White Print,4
Vivo Hanabi Tent Maxi Dress - Orange/ Black Hini Print,4
Vivo Sanali Trench Coat - Mustard,4
Vivo Reba Hi Low  Dress - Rust / Cream Print,4
Vivo Basic Satin Cap Sleeve Top - White,4
Vivo Short Lily Waterfall - Navy Blue,4
Vivo Jema High Low Tent Dress - Yellow / Black Print,4
Soko Bahari Square Hoop - Gold,4
Vivo Yene Front Tie Tunic Top - Dark Teal,4
Zoya Nia  Long Sleeved Crop Shacket - Tickling Stripes Print,4
Vivo Ava 3/4 Sleeve Kimono -Light Olive,4
Vivo Chari Basic Chiffon Bishop Sleeve Top (Double Layered) - Tan,4
Safari Tafari Wrap Top - Suma Print,4
Vivo Maisha Straight Leg Pants In Crepe - Black / White Abstract Print,4
Vivo Ayla Drop Shoulder Jumpsuit - Navy/ Cream Print,4
Vivo Kelemi Crepe Wide Leg Pants - Yellow / Green Lana Print,4
Zoya Aridi Leggings - Black,4
Vivo Kelemi Satin Boat Neck Midriff Top - Rust / Green Leke Print,4
Vivo Zawadi Shift Dress - Maroon / White Meni Print,4
Vivo Fitness Spaghetti Strap Tank Top - Light Blue,4
Soko Chunky Dash Hoop - Gold,4
Vivo Basic Long Sleeved Top - White,4
Safari Tafari Wrap Top - Pangani Print,4
Vivo Maxi Skirts - SAMPLE 1,4
Zoya Basic Tank Top - Teal,4
Vivo Yumi Maxi Shirt Dress - Blue / White Print,4
Safari Full Length Pants - Sample 1,4
Vivo Essentials Bodycon - Orange,4
Safari by Vivo Tawi Flounce Tent Dress - Black,4
Vivo Talia Sleeveless Tank Top - White / Dark Olive Alia Print,4
Vivo Val 3/4 Sleeve Top - Yellow,4
Vivo Zawadi Inverted Pleat Dress - Blue,4
Vivo Short Kimono - Ashai,4
Vivo Ayah Bishop Sleeve Mock Neck Top - Purple,4
Vivo Sani Long Sleeve Ruffle Placket Shirt - Navy Blue,4
Vivo Seli Maxi Skirt - Black,4
Vivo Lani Maxi Dress - Grey / Brown Print,4
Vivo Basic Sienna Jersey Top - Burnt Orange,4
Vivo Asha High Low Top - Black,4
Vivo Basic Cap Sleeve Knee Length Tent Dress - Navy / Light Mustard Print,4
Vivo Asha Drop Shoulder Knee Length Dress - White / Black Floral Print,4
Soko Twisted Dash Ring - Gold (Size 8),4
Zoya Yuni Halter Midriff Top - Taupe,4
Safari Mansi Wide Hem Tent Dress - White,4
Vivo Basic Satin Cap Sleeve Top - Black / Gold Abstract Print,4
Zawadi Shift Dress - Taupe / White Suku Print,4
Vivo Maisha Long Sleeve High Low Kimono - Black / Purple Beri Print,4
Safari Zene Off Shoulder Dress - Hunters,4
Vivo Basic Cap Sleeve Tent Knee Length Dress - Black / Beige Sedo Print,4
Vivo Leila Dress - Burgundy,4
Shiv & Shikie X Safari Short Sleeve Shirt - Black,4
Vivo Basic Crepe Cap Sleeved Top - Black / White Meni Print,4
Vivo Knee Length Kaftan in Satin - Rust / Pink Print,4
Vivo Sanyu Maxi Kimono - Purple,4
Vivo Imara Puff Sleeve Sheath Dress - Mustard,4
Vivo Serwa Asymmetric Top - White / Navy Sera Print,4
Zoya Temo Men's Patched Straight Leg Pants - Green Camo / Green,4
Vivo Reversible Poncho Without Fringes - Chocolate Brown / Tangerine Pepeo Print,4
Vivo Seli Midi Skirt - Lilac,4
Vivo Ajani V-Neck Shift Dress - Gold,4
Vivo Hari Wide Leg Pants - Black,4
Safari by Vivo Zehra 3/4 Sleeve Kitenge Maxi Dress - Senara Print,4
Vivo Zuri Cap Sleeve Knee Length Dress - Hunters / White Berek Print,4
Vivo Lani Maxi Top - Black / Grey Print,4
Ythera Sweet Mandarin & Room & Linen Spray 250ml,4
Zoya Vasha Track Pants With Pockets - Rust,4
Vivo Knee Length Skirts - Fs 5,4
Vivo Essentials Tank Top - White,4
Safari Tara Barell Pants - Black / Yellow Fali Print,4
Vivo Basic Short Lily Waterfall - Yellow,4
Zoya Sadira Halter Neck Vest - Light Grey,4
Vivo Nkasi Bubble Sleeve Maxi Dress - Taupe / Orange Nkasi Print,4
Vivo Essentials Dolman Maxi Dress - Black,4
Safari by Vivo Mansi Hi-Low Shirt - Green Stripes,4
Vivo Ayah Drawstring Pants - Rust / Navy Yaa Print,4
Vivo Basic Sleeveless Tent Dress - Brown/Black Print,4
Vivo X This Is Essential  Short Sleeve Bodysuit - Red,4
Zoya Nia  Long Sleeved Crop Shacket - Blue / White Floral Print,4
Vivo Sawari Crossed Cuff Batwing Top - Dusty Green,4
Vivo Naya One Shoulder Flounce Satin Crop Top - Black,4
Vivo Basic Val Cap Sleeve Top - Burgundy,4
Vivo Ava 3/4 Sleeve Kimono - Navy,4
Vivo Nimali Satin Shorts - Pink,4
Vivo Amara V-Neck Maxi Dress - Tan,4
Safari by Vivo Mansi Wide Hem Tent Dress - Coral,4
Vivo Long Sleeve Midi Waterfall - Cherry,4
Vivo Dua Long Bishop Sleeve Top - Black,4
Vivo Rema Palazzo Pants - Brown,4
Vivo Maisha Top & Pant Set- Taupe / Black Print,4
Vivo Maisha Top & Pant Set- Orange / Pink Print,4
Vivo Tsavo Sleeveless Scalloped Hem Dress Top - Navy,4
Zoya Basic Jersey Bandeau  -  Light Taupe,4
Vivo Hooded Kimono With Elastic Cuff - Black,4
Vivo Sia  Leisure Pants - Coral,4
Vivo Kelemi 4.0 Kaftan - Mustard,4
Safari Kikoy Joggers - Black,4
Vivo Kala Maxi Dress - White / Hunters Green Ukwi Print,4
Vivo Asha Sleeveless Knee Length Dress - White / Black Jilo Print,4
Safari Tafari Off Shoulder Crop Top - Light Blue Asili Print,3
Vivo Tunu Long Slit Sleeve Knee Length Shift Dress - Light Navy / Yellow Aber Print,3
Safari Savannah Kitenge Midi Wrap Dress - Lashi Print,3
Vivo Yene V Neck Slip Dress - Black,3
Vivo Rema 3/4 Sleeve Side Slit Tunic Top - Off White,3
Zoya Sitawi A-line Mini Dress - Pink / Nude Abstract Print,3
Vivo Sanyu Overlap Maxi Cover Up Top - Pink / White Zazi Print,3
Vivo Safiya Dolman Top - Teal,3
Safari Haya Drop Shoulder Side Tie Top - Maroon Koi Print,3
Vivo Essentials Capri Leggings - Yellow,3
Vivo Sierra Cap Sleeve Tent Chiffon Dress - Grey / Brown Print,3
Safari by Vivo  Kikoy Tie Back Maxi Dress - Frost,3
Vivo Tatari Dropped High Neck Top - Olive,3
Safari Tafari Wrap Top - Umba Print,3
Vivo Paji 3/4 Sleeve Shift Dress (Tall) - Olive,3
Soko Umbo Drop Earrings (Poppy) - Gold,3
Soko Kaya Open Stud Earrings- Gold,3
Vivo Basic Nala Dolman Cowl Sweater Top - Light Pink,3
Zoya Kyro Cropped Shirt - Mustard,3
Safari Zene High Low Shirt Dress MG - Rust,3
Vivo Basic Crepe Cap Sleeved Top - Dusty Pink / Black Meti print,3
Vivo Meli Bishop Sleeve Tie Top - Dark Green,3
Vivo Jema High Low Tent Dress - Black / Purple Print,3
Safari by Vivo Mansi Maxi Shirt Dress - Taupe Stripes,3
Zoya Banda Drop Shoulder Unisex Wide Jacket - Blue,3
Vivo Studio Bell Sleeve Tunic Top in Rib - Olive Green,3
Vivo Basic Julia Back Pleat Knee Length Dress - Orange,3
Vivo Maisha Straight Leg Pants in Crepe - Black / Brown Print,3
Vivo Tana Off Shoulder Maxi Dress - Multicolour Grey Print,3
Vivo X This Is Essential  Sleeveless Scooped Neck Bodysuit - White,3
Zoya Yuni High Slit Dress - Orange,3
Racer Front & Back Mini Dress - Peach,3
Vivo Jira Capri Leggings - Dark Rust,3
Vivo Fara Off Shoulder Flounce Sleeve Jumpsuit - Olive,3
Vivo Basic Nalia Satin High Low Top - Lime,3
Soko Dash Coil Ring (Size 7) - Gold,3
Vivo Lamu 3/4 Sleeve Double Layered Bodycon - Tan,3
Vivo Samira Cape Dress - Coral Print,3
Safari Men's Bomber Jacket - Dark Grey,3
Safari Nimali Ruffle Sleeve Top - Obu Print,3
Vivo Laika Bishop Sleeve Shift Dress - Mint,3
Zoya Kyro Straight Leg Pants - Black,3
Vivo Ava Front Pleat Maxi Dress - Black / Off-white Print,3
Vivo Basic Nalia High-low Chiffon Top - Hunters,3
Vivo Tatili Bishop Long Sleeve Top - Beige / Black Print,3
Zoya X Metamorphisized 143 Cropped Bomber Jacket - Denim Stripes,3
Zoya Nia Off Shoulder Knee Length Dress - Light Pink,3
Vivo Basic Palazzo Pants  - Navy Blue,3
Vivo Yumi Cap Sleeve Dress - Olive,3
Vivo Arafa V-Neck Bodycon - Navy Blue,3
Vivo Loose Maxi Top - Sample 2,3
Vivo Studio Strapless Maxi in Crepe,3
Vivo Ayo Tent Dress - Black / White Print,3
Vivo Chidii Drop Shoulder Kimono - Olive / Black Hini Print,3
Vivo Lumi Back Pleat Maxi Dress - Teal / Purple Kita Print,3
Vivo Tanda Palazzo Pants - Mulberry,3
Vivo Kitenge Multi Purpose Wrap - Orange / Black Ankara Print,3
Vivo Reversible Poncho without Fringes - Burgundy / Taupe Miwa Print,3
Vivo Isabi Sleeveless Kimono - Rust,3
Safari Kikoy Wrap Dress - Red Blue,3
Vivo 2-Way Wrap Top - Neba Print,3
Vivo Kelemi Hooded Kimono - Mustard / Rust Leke Print,3
Safari Zene Off Shoulder Dress - Peach,3
Vivo Bana Batwing Top - Burgundy,3
Safari Mara 3/4 Sleeve Flounce Tunic Top - White / Silver Ankara Print,3
Vivo Basic Sleeveless Double Layered Bodycon - Deep Teal,3
Vivo Zaria Culotte Pants - Navy Blue,3
Vivo Studio Flared Pants in Rib - Taupe,3
Vivo Basic 3/4 Sleeve Kim Bodycon Dress - Navy Blue,3
Zoya Basic Racer Back Crop Top - Burgundy,3
Cowl Lined Midi Halter Dress - Fandango Pink,3
Vivo Amara Back Pleat Dress - Green,3
Safari by Vivo Zehra 3/4 Sleeve Kitenge Maxi Dress - Asheri Print,3
Vivo Sanyu Boat Neck Midriff Top - Mustard / Green Leke Print,3
Vivo Basic Ayo Bishop Sleeve Dress - Cream / Navy Print,3
Vivo Situ Off Shoulder Top - Black / Purple Tiri Print,3
Vivo Basic Leisure Pants - Maroon,3
Vivo Ava 3/4 Sleeve Kimono - Rust,3
Vivo Mistari 3/4 Sleeve V - Neck Collared Tunic Top - Neck Collared Tunic Top - Red / Olive Stripes,3
Vivo Strappy Sun Dress - Zanzibar,3
Vivo Nimali Satin Shorts - Rust,3
Soko Sabi Statement Ring (Gold Size 7),3
Vivo Short Kimono - Navy / Peach Johari Print,3
Vivo Zena Bishop Panel Long Sleeve Round Neck Dress - Light Navy Blue,3
Safari by Vivo Adinkra Tank in Rib - Chocolate,3
Safari Bubble Sleeve Tent Dress - Hunters,3
Vivo Keza V-Neck Maxi Kaftan -Teal/Grey Print,3
Vivo Alek 3/4 Sleeve A-Line Kimono - Navy / Peach Liwa Print,3
Vivo Ayah Hijab Headwrap - Off White / Rust Yana Print,3
Vivo Dua 3/4 Sleeved V Neck Shirt - Lilac,3
Safari Sizani Strappy Tent Top - Navy Blue,3
Vivo Basic Olivia Bishop Sleeve Top - Green / Black Abstract Print,3
Zawadi Inverted Pleat Dress - Peach,3
Soko Mini Mezi Hoops- Gold,3
Zoya Yuni Men's Sweatshirt - Coral,3
Vivo Yumi Off Shoulder Maxi Dress - Black / Cream Print,3
Vivo Rema Drawstring Pants - Magenta,3
Vivo Side Slit Midi Waterfall - Rust,3
Vivo Lero Fitness Leggings - Black + Pink Kiwi Print,3
Vivo Laika Long Sleeve Mandarin Top - White,3
Vivo Chesi Kimono - Rust / Black Hesi Print,3
Vivo Maisha Strappy Maxi Cover Up Dress - Navy / Mustard Print,3
Vivo Samira Midi Dress - Off White / Lilac Print,3
Vivo Mini Skirts - Sample1,3
Vivo Samira Midi Dress - White / Black Print,3
Vivo Slim Fit Pants in Ponte - Navy,3
Vivo Ajani Blouse - Dark Green,3
Vivo Leila Cap Sleeve Tent Maxi Dress - Burgundy,3
Vivo Basic May Jersey Waterfall - Yellow,3
Vivo Yumi Off Shoulder Maxi Dress - Black / Brown Kigali Print,3
Vivo Nimali Satin Joggers - Rust,3
Vivo Long Sleeve Midi Waterfall - Rust,3
Vivo Basic Aziza Belt - Mshale Print,3
Zoya X Metamorphisized 143 Cropped Bomber Jacket - Black,3
Vivo Kelemi Hooded Kimono - Taupe / Green Lemi Print,3
Zoya Taani Maxi Dress - Black,3
Vivo Maisha Straight Leg Pants - Black / White Polka Print,3
Vivo Essentials Lounge Jumpsuit with Slits - Black,3
Vivo Basic Sleeveless Jersey Waterfall - Dark Rust,3
Safari by Vivo  Tawi Bishop Sleeve Tiered Dress - Navy,3
Vivo Serwa Tent Dress - Dark Navy Blue,3
Safari Chui 3/4 Sleeve A-Line Dress - Navy,3
Vivo Zena Shirred Waist Maxi Shirt Dress - Navy Jazah Print,3
Vivo Sanyu Maxi Tent Dress - Lime Green / White Zazi Print,3
Vivo Basic Chiffon Drop Shoulder Top - Light Blue,3
Vivo Lumi Drop Shoulder Side Cowl Drape Dress - Black,3
Vivo Basic Long Sleeved Bishop Top - Navy / Brown Lowa Print,3
Vivo Sanyu Drop Shoulder Top - Lime Green / White Zazi Print,3
Vivo Basic Tsavo Scalloped Chiffon Top - Coral,3
Vivo Jira Lounge Pants - Navy Blue,3
Vivo Basic Sienna Waterfall - Yellow,3
Vivo Kitenge Strappy Jumpsuit - Alizeti Print,3
"Vivo Spinners Dolman Sweater, Rust",3
Safari Anga Puffy Short Sleeve Tie Top - Navy Blue / Yellow Ankara Print,3
Vivo Reversible Poncho without Fringes - Plum / Champagne Miwa Print,3
Vivo Zuri Cap Sleeve Knee Length Dress - Navy / Cream Umaca Print,3
Vivo Yumi Long Sleeve Shirt Dress - Light Navy Print,3
Vivo Nala Leisure Pants - Hunters Green,3
Vivo Ayana Wide High Low Top - Green / Blue Print,3
Zoya Yuni Men's Fleece Sweat Pants - Navy Blue,3
Vivo Sani Sleeveless Ruffle Neck Top - Off White / Orange Heri Abstract Print,3
Vivo Jema High Low Tent Dress - Navy / White Palm Leaves Print,3
Vivo Basic 3/4 Sleeve Leila Bodycon Dress - Dark Green,3
Zoya Taani Wide Joggers - Navy,3
Safari Men's Cargo Pants - Light Grey,3
Vivo Ayah Hijab Headwrap - White / Orange Ullu Print,3
Vivo Lulu Cotton Tent Mini Dress - Pink,3
Vivo Nimali Satin Flounce Kimono - Lilac,3
Vivo Tiered Shirt Dress - Semliki,3
Vivo Zahari  Dolman Tie Kimono - Navy Blue,3
Yumi Cap Sleeve Dress - Olive,3
Vivo Alora Pleated Pants  - Taupe,3
Vivo J.O V-Neck Sheath Dress - White,3
Vivo Nimali Satin Joggers - Black,3
Safari by Vivo Sizani Strappy Tent Top - White,3
Vivo Upe Wide Leg Pants - Rust,3
Vivo Side Twist Dress - Taupe,3
Safari Kaya Sleeveless Tent Shirt Dress - Blue,3
Vivo Amai Maxi Kaftan Dress - Mustard / Black Lango Print,3
Vivo Leggings - FS 4,3
Zoya Basic Short Sleeve Crop Top - White,3
Long Strappy Satin Dress with Pleated Bust - Navy Blue,3
Vivo Hanabi Satin High Low Top - Black / Beige Shima Print,3
Safari Tawi Flounce Tent Dress - Lime Green,3
Safari Sizani Strappy Tent Top - White,3
Vivo Zahari 3/4 Sleeve Off-Shoulder Jumpsuit - Black Ari Print,3
Vivo Maisha Strappy Maxi Dress - Black / Cream Print,3
Vivo Seli Head Wrap - White / Black Esli Print,3
"Vivo Spinners Dolman Sweater, Black",3
Vivo Chidii Tunic Dress With Frills - Dark Green,3
Vivo Basic May Jersey Waterfall - White,3
Vivo Yumi Long Sleeve Tent Shirt Dress - Teal,3
Vivo Basic Crepe Cap Sleeved Top - Light Blue,3
Vivo Tana Off Shoulder Maxi Dress - Pink / Green Print,3
Soko Bidu Wave Threader Earring - Gold,3
Safari by Vivo Zene High Low Shirt Dress - Pink,3
Vivo Basic Aziza Belt - Mvua Print,3
Vivo Saida 3/4 Sleeve Top - Mustard/Black Gola Print,3
Safari Long Peplum Coat - Black,3
Zoya Yuni Men's Fleece Sweat Pants - Grey,3
Vivo Saida Bishop Sleeve Top - Light Cream / Black Gola Print,3
Vivo Jira Cocoon Waterfall - Tan,3
Vivo Ava 3/4 Sleeve Kimono - Off White,3
Vivo Ayo Tent Dress - White / Taupe Print,3
Vivo Sakari Cap Sleeve Maxi Dress - Hunters,3
Vivo Tsavo Scalloped Hem Dress Top - Black,3
Vivo Basic Nandi A-Line Kimono - Black / White Off-white Ane Print,3
Vivo Jira Cocoon Waterfall - Hunters Green,3
Vivo Iyana Cape Top in Chiffon - Lime / Dark Green Bori Print,3
Vivo Ava Tent Knee Length Dress - Grey / Black Print,3
Vivo Zawadi Inverted Pleat Dress - Peach,3
Vivo Keza Wide Satin Kimono -  Navy / Taupe Print,3
Vivo Raha Satin Joggers - Purple,3
Vivo Bana Batwing Top - Maroon,3
Zoya Basic Jersey Bandeau - Hunters Green,3
Vivo Serwa Square Neck Maxi Dress - Mint / Black Sera Print,3
Vivo Ari Sweater - Red,3
Vivo Nkasi Wide Leg Pants - White / Teal Shibori Print,3
Vivo Kala Loose Maxi Top - Burgundy / Hunters Bemba Print,3
Vivo Studio Flared Pants in Rib - Black,3
Vivo Basic crepe Pants - Light Pink/Mint,3
Vivo Basic Hooded Kimono - Orange,3
Vivo Fitness Leggings - Black / Purple Geometric Print,3
Vivo BFS&S 3,3
Vivo Sawari Crossed Cuff Batwing Top - Navy Blue,3
Vivo Basic Chiffon Cap Sleeve Top (Double Layered) - Dark Rust,3
Vivo Pesi Drop Shoulder Tunic - Chocolate / White Una Print,3
Safari by Vivo Lira Drawstring Knee Length Dress - Taupe,3
Vivo Reba Hi Low Dress - Rust / Cream Print,3
Safari Kamari Long Sleeve Drawstring Shacket - Navy Blue,3
Vivo Wastani 3/4 Shirred Sleeve Wide Tunic - Beige / Dark Rust Zia Print,3
Vivo Samira Midi Dress - White / Purple Print,3
Vivo Basic 3/4 Sleeve Leila Bodycon Dress - Burgundy,3
Vivo Ava 3/4 Sleeve Kimono -Burnt Orange,3
Zetu Men's LinenLux Cotton Classic Men's Button Down Shirt - Light Grey,3
Vivo Yumi Off Shoulder Jumpsuit - White Omi Print,3
Zoya Nia Wide Cargo Wide Leg Pants - Lilac,3
Vivo Nimali Side Flounce Top - Black,3
Zoya Nia Off Shoulder Knee Length Dress - Lilac,3
Vivo X Pinky Long Sleeve Cross Back Fitness Playsuit - Black,3
Vivo Nalia Long Sleeve High Low Top - Yellow,3
Vivo V-Neck Camisole in Satin- Olive,3
Vivo Naya Long Sleeve Ruffle Short Jacket - Alizeti,3
Vivo Maisha Straight Leg Pants in Crepe - Grey / Gold Print,3
Vivo Tanda Palazzo Pants - Black,3
Vivo Keza Wide Satin Kimono - Off-White / Black Print,3
Vivo Ayla Crepe Pants - Lilac / Black Hawa Print,3
Safari Kikoy Wrap Dress - Frost,3
Vivo Cowl Sweater Top - Mustard,3
Vivo X Pinky Drop Shoulder Cowl Back Top - Pink / Dark Pink Abstract Print,3
Vivo Basic Panelled Leisure Pants - Green,3
Vivo Lani Maxi Dress - Teal / Purple Ari Print,3
Vivo Seli Wide Leg Pants - Peach / Black Esli Print,3
Soko Karamu Horn Hoop Earrings - Gold / Natural,3
Vivo X Essence High Low Top - Orange / Black Hibi Print,3
Vivo Basic 3/4 Sleeve Top - Green,3
Vivo Sanali Wide Leg Pants - Peach / Navy Print,3
Vivo Sanyu Maxi Tent Dress - Lime Green,3
Vivo Ajani Long Sleeve Top - Hunters / Black Print,3
Vivo Basic Cap Sleeve Maxi Tent Dress - Orange / Black Manda Print,3
Vivo Naya One Shoulder Flounce Satin Crop Top - Navy Blue,3
Vivo Alek 3/4 sleeve A-Line Kimono - Mustard / Black Umbo Print,3
Vivo Situ Ruffle Neck Jumpsuit - Maroon,3
Vivo Rema Drawstring Pants - Black,3
Vivo Basic Straight Skirt - Yellow,3
Vivo Lero Capri Leggings - Black + Pink Kiwi Print,3
Safari Haya 0ne Shoulder Asymmetrical Side Tie Top - Dark Green Kiki Print,3
Vivo Basic Aziza Belt - Obu,3
Vivo Amai Hi-Low Top - Green / Pink Izza Print,3
Vivo Amai Maxi Kaftan Dress - Mustard / Navy Ziwe Print,3
Safari Tafari Highlow Top in Kitenge - Kinra Print,3
Vivo Extra Long May Jersey Waterfall - Taupe,3
Vivo Maisha Wide Leg Pants - Black / Tan Isa Print,3
Vivo X Pinky Sleeveless Cross Back Fitness Bra - White / Pink Abstract Print,3
Vivo Serwa Tent Dress - Ash Grey / Black Doti Print,3
Vivo Basic Leila Short Waterfall - Black,3
Vivo Wastani 3/4 Shirred Sleeve Wide Tunic - Lilac / Purple Zia Print,3
Vivo Asha Sleeveless Maxi Dress - Lime / Dark Navy Eta Print,3
Vivo Saida 3/4 Sleeve Top - Orange,3
Zoya Sadira Bell Bottom Pants - Taupe,3
Vivo Dua 3/4 Sleeved V Neck Shirt - Dak Navy,3
Vivo Amara V-Neck Maxi Dress - Hunters Green,3
Vivo Vinna Slit Sleeve Top - Grey / Navy Nina Print,3
Zoya Full Length Leggings - Burgundy,3
Vivo Beali Wide Leg Pants - Taupe / Black Lea Print,3
Vivo Basic Nandi High Slit Kimono - Black,3
Vivo Basic Liv Chiffon Top - Corn Yellow,3
Vivo Basic Dada Poncho - Chocolate / Light Taupe,3
Vivo Zola V Neck Cap Sleeve Maxi Dress - White / Green Print,3
Vivo Basic Cap Sleeve Maxi Tent Dress - Pink / Black Abeni Print,3
Safari by Vivo  Huru Halter Sleeveless High Low Dress - Black,3
Safari Mansi Bishop Sleeve Shacket - Orange,3
Vivo Short Kimono - Tapo,3
Zoya X Metamorphisized 143 Oversized Bowling Shirt - White / Black,3
Vivo Scalloped Kimono in Crepe - Brown / Olive Print,3
Vivo May Jersey Waterfall- Burgandy,3
Zoya Basic Jersey Bandeau - Purple,3
Safari Nimali Bubble Sleeve Top - Navy,3
Vivo Maisha Straight Leg Pants in Crepe - Brown / Grey Print,3
Safari Savannah Kitenge Shacket - Shama Print,3
Vivo Ajani V-Neck Top - Purple / Black Print,3
Soko Laini Maxi Hoop - Gold,3
Vivo Lani Satin High Low Dress - Mustard,3
Vivo Basic Long Sleeve A-Line Maxi Dress - Burgundy,3
Vivo Sarabi Strappy Low Back Dress - Black Plain,3
Vivo Reba Hi - Low Dress - Low Dress - Dark Green,3
Vivo Basic Cap Sleeve Chiffon Maxi Dress - Buttermilk / Chocolate Nitai Print,3
Vivo Sana Cape Top - Mint,3
Vivo Sleeveless Sweater Bodycon - Caramel,3
Zoya Vasha Sleeveless Turtleneck Top - Purple / Yellow,3
Vivo Basic Escape 3/4 Sleeve Escape A-Line Dress - Black / Blue Ria Print,3
Vivo X This Is Essential Leggings - Black / White,3
Vivo Nimali Satin Short Kimono - Dahlia,3
Vivo Jira Sleeveless Waterfall - Buttermilk,3
Vivo Basic Short Waterfall - Orange,3
Vivo Imara Long Sleeve Jacket - Blue / Black Miwa Print,3
Vivo Kitenge Strappy Tie Back Top - Obu,3
Vivo Beali Wrap Asymmetrical Midi Dress - Buttermilk / Black Lea Print,3
Vivo Basic Hooded Kimono - Black / Blue Print,3
Vivo Maisha Wide High Low Top - Mint / Black Print,3
Shiv Shikie X Safari V-Neck Long Sleeve T-shirt - Light Grey,3
Vivo Chela Wide Leg Pants - Lilac,3
Vivo Ava 3/4 Sleeve Kimono - Black,3
Vivo Knee Length Kaftan in Satin - Cream / Beige Print,3
Safari by Vivo Zene Tiered Above Knee Dress - Mustard,3
Vivo Zahari Off-Shoulder Maxi Dress - Rust / Black Print,3
Vivo Essentials Lounge Pants - Taupe,3
Vivo Basic Long Sleeved Top - Orange,3
Safari by Vivo  Tara Crop Shacket - Olive / Brown Khoi Print,3
Vivo Basic Crepe Pants - Navy / Orange Liwa Print,3
Safari by Vivo Zene Drop Shoulder Top - Mustard,3
Soko Mpira Bone Hoop Earring - White,3
Vivo Alek High Slit Kimono - Grey / Black Print,3
Vivo Kitenge Bubble Sleeve Tent Dress - Obu Print,3
Safari by Vivo Kamari Maxi Dress - White,3
Vivo Basic Sleeveless Kena Tent Dress - Yellow,3
Vivo Meli Bishop Sleeve Tie Top - Mustard,3
Vivo Basic Leila Short Waterfall  - Mustard,3
Vivo Basic Escape A-Line Dress in Ponte - Burgundy,3
Vivo Pesi Notch Collar Tent Dress - Green / White Print,3
Vivo Basic Long Sleeve Bodysuit (Seamless) - Grey,3
Vivo Tahisa Straight Leg Pants -Midnight Blue,3
Vivo Tatili Wide Leg Pants - Orange,3
Vivo Basic Sleeveless Jersey Waterfall - Dark Olive Green,3
Vivo Basic Double Layered Capri Skirt - Black,3
Vivo Basic Double Layered Wrap Poncho - Light Grey,3
Vivo Jema High Low Tent Dress - Blue / Cream Print,3
Vivo Dalia Off Shoulder Jumpsuit - Hunters / White Abstract Print,3
Vivo Lumi Drop Shoulder Maxi Dress - Orange / Teal Kita Print,3
Vivo Maisha Wide High Low Top - Peach / Pink Print,3
Vivo Soleil Sleeveless Layered Top - Pink,3
Vivo Fahari V Neck Sleeveless Top - Black,3
Vivo Leila Cap Sleeve Tent Maxi Dress - Safron,3
Safari Zene Drop Shoulder Top - Mustard,3
Vivo Thando Mock Neck Maxi Dress - Taupe / White Abstract Print,3
Zoya Nia Crop Oversized Jacket - White,3
Vivo Basic Drop Shoulder Dolman Dress - Mustard,3
Safari Nazari Coat Dress - Navy / Brown Chiku Print,3
Vivo Basic Short Waterfall - Tan,3
Savannah Drawstring Shacket - Black,3
Vivo Must Have Shorts - Hawi Print,3
Vivo Zahari Drawstring Wide Leg Pants - Army Green,3
Vivo Lulu 3/4 Sleeve Maxi Kaftan in Cotton - Cream / Blue Print,3
Vivo Wide Leg Chiffon Pants - Black,3
Vivo Sanali Tent Knee Length Dress - Navy,3
Zoya Party Sheer Pants - Black,3
Vivo Full Length Pants - Sample 4,3
Vivo Yene Layered Top - Dark Teal,3
Safari Haya Strappy Tie Back Maxi Dress - Dark Maroon Koi Print,3
Vivo Liv Wide Crepe Top - Hunters / Black Mandy Print,3
Vivo Basic Mini Butterfly Waterfall - Deep Teal,3
Zoya Nia  Puff Sleeve Off Shoulder Romper - White,3
Safari by Vivo Zehra Kitenge Shorts - Kosi Print,3
Vivo Ava Front Pleat Maxi Dress - Blueberry,3
Safari by Vivo  Tiwa Reversible Tie Kimono - Navy + Sefa Print,3
Vivo Basic Tank Top - Red,3
Soko Twisted Dash Cuff - Gold,3
Vivo Izzy Satin Bishop Sleeve Top - Black,3
Vivo Ayla Crepe Pants - Mustard / Black Lala Print,3
Vivo Malindi Loose Top - Dark Navy Blue,3
Vivo Sanyu Boat Neck Midriff Top - Rust / Green Leke Print,3
Zoya Brave Satin Joggers(Regular) - Blue / Black Abstract Print,3
Vivo Maisha Strappy Culotte Jumpsuit - Cream Pingu Print,3
Vivo Fasi Strapless Top - Navy Blue,3
Vivo Tie Waist Kimono Maxi Dress in Textured Crepe - Maroon,3
Vivo Short Kimono - Navy / Pink Bakari Print,3
Vivo Basic Salma Maxi Boat Neck Dress - Teal,3
Vivo Short Kimono - Navy / Brown Chiku Print,3
Vivo Basic Satin Bishop Sleeved Top - Grey / Navy Nina Print,3
Vivo Maisha Strappy Culotte Jumpsuit - Sea Green Pingu Print,3
Vivo Basic Chiffon Cap Sleeve Top (Double Layered) - Cream,3
Zoya Basic Long Sleeve Top - Sea Green,3
Safari Anga Puffy Short Sleeve Tie Top - Navy Blue / Green Ankara Print,3
Vivo Tunu Long Slit Sleeve Knee Length Shift Dress - Navy Blue,3
Soko Amali Threader Hoop Earrings- Gold,3
Safari Kaya Long Sleeve Shirt Dress - Navy,3
Vivo Basic Chiffon Cap Sleeve Top (Double Layered) - Dark Tan,3
Vivo Seli Head Wrap - White,3
Soko Kazuri Mini Disc Hoop - Green,3
Safari Mali 3/4 Bishop Sleeve Tie Top - Light Grey,3
Vivo Muna Cap Sleeved Knee Length Dress - Chocolate / White Print,3
Vivo Alek Shirred Off - Cream Jazah Print,3
Vivo Ayo Tent Dress - Peach / Off-White Abstract Print,3
Safari Kamari Wide Leg Pants - Hunters Green,3
Vivo Tatili Pinstripe Pants in Medium Crepe - Dark Teal,3
Vivo Zena Long Sleeve Mandarin Collar Shift Dress - White / Rust Spiral Print,3
Vivo Loose Tops - RFS 6,3
Vivo Sani Long Sleeve Ruffle Shirt Dress - Dark Taupe,3
Vivo Dua Long Bishop Sleeve Top - Orange,3
Zoya Nia Crop Bomber Jacket - Light Pink,3
Vivo Basic Waterfall - Orange,3
Vivo Beali Shirred Midriff Top - Taupe / Black Lea Print,3
Vivo Paji Pencil Skirt - Taupe Checkered Print,3
Vivo Basic Open Kaftan - Tan Ayla Print,3
Vivo Kelemi 4.0 Kimono - Lilac / Olive Nashe Print,3
Zoya Aridi Cropped Jacket - Navy / Blue,3
Zoya Sitawi Square Neck Bodysuit - Taupe,3
Vivo Tatili Bishop Long Sleeve Top in Satin - Off White,3
Vivo Leila Short Sleeve Tent Dress - Tan,3
Vivo Kelemi Layered Maxi Dress - Khaki + Taupe / Green Lemi Print,3
Vivo Nasinka Maxi Shirt Dress - Mustard / Black Sinka Print,3
Vivo Ava Front Pleat Maxi Dress - Light Pink,3
Safari by Vivo Zehra Kitenge Shorts - Pambo Print,3
Vivo Nasinka Wrap Dress - Orange / Black Nasi Print,3
Vivo Kelemi 4.0 Kimono - Navy / Mustard Nashe Print,3
Vivo Asha Drop Shoulder Maxi Shirt Dress - Navy / Cream Bia Print,3
Vivo Asha Drop Shoulder Maxi Shirt Dress - Golden Nut / Black Milo Print,3
Zoya Yuni Short Sleeve Midriff Top - White,3
Vivo Sakari Cap Sleeve Maxi Dress - Blush Pink / Black Meda Print,3
Safari Tafari Highlow Top - Dafi Print,3
Safari by Vivo Adinkra Tank in Rib - Maroon,3
Soko Mini Umbo Stud Earrings - Gold / Green,3
Vivo Zawadi Shift Dress - Taupe / White Suku Print,3
Vivo Zawadi Shift Dress - White / Grey Print,3
Vivo Val Strappy Bodycon Dress - Chocolate,3
Vivo Basic Leisure Pants - Hunters Green,3
Zoya Yuni Sleeveless Turtle Neck Maxi Top - Black,3
Vivo Maisha Straight Leg Pants in Crepe - Navy / Grey Print,3
Vivo Yumi Maxi Shirt Dress - Black (poly-cotton),3
Safari Men's Shacket - Khaki Grey,3
Vivo Basic Leila Long Sleeve Asymmetrical Waterfall - Safron,3
Vivo Merika Satin Wrap Top - Lime,3
Vivo Escape A Line Dress - Black,3
Safari Kamari Long Sleeve Drawstring Shacket - Hunters Green,3
Vivo Basic Bodycon Dress - White,3
Zoya Chill Spaghetti Strap Tank Top - Orange,3
Anika Pleated Highwaist Aline Side Zipper Short Skater Skirt - Grey,3
Vivo Basic Ayo Bishop Sleeve Dress - Black / Brown Print,3
Vivo Ava Jumpsuit - Olive,3
Vivo Jumpsuit - RFS 6,3
Vivo Meli Bishop Sleeve Tie Top - Hot Pink,3
Vivo Reversible Printed Poncho - White / Blush  Pepeo Print,3
Vivo Keza Satin Border Maxi Kaftan - Navy / Pink Print,3
Vivo Basic Wide Liv Chiffon Maxi - White / Grey Print,3
Vivo Basic Tsavo Scalloped Chiffon Top - Dark Taupe,3
Safari by Vivo  Huru Halter Sleeveless High Low Dress - Taupe,3
Vivo Basic Cap Sleeve Knee Length Tent Dress - Navy / Mustard Print,3
Vivo BFS&S 2,3
Vivo Dali 3/4 Cut Out Sleeve Maxi Dress - Yellow / Navy Print,3
Vivo Sienna Waterfall - Taupe,3
Vivo Sani Cape Sleeve V-Neck Jumpsuit - Black,3
Vivo Hanabi High Low Top - Taupe / Black Koto Print,3
Soko Capped Quill Dangle Earrings,3
Vivo Jema High Slit Maxi Kimono - Cream / Brown,3
Zoya Luna High Slit Dress - Black,3
Vivo Ayla Off-Shoulder Dress - Blush Pink/ Black Meti Print,3
Zoya Shani Kimono - Burgundy / Peach Sani Print,3
Zoya Shani Cropped Tie Top - Navy / Peach Sani Print,3
Vivo Basic Hooded Kimono - Black / Abstract Print,3
Soko Dash Layered Necklace - Gold,3
Vivo Saida Sheath Dress - Black / Mustard,3
Vivo Yumi Cap Sleeve Dress - Mustard Yellow,3
Vivo Basic Ayo Bishop Sleeve Dress - Navy / Orange Iyo Print,3
Vivo Bodysuits T- Shirts & Tank Tops FS1,3
Popular 21 Long Slit Pencil Skirt - Burgundy,3
Vivo Yumi Maxi Shirt Dress - Dark Mustard (cotton),3
Vivo Kelemi Sleeveless Side Tie Top - Lime / Red Waso Print,3
Vivo Dalia Sleeveless Gathered Tent Dress - Peach / Green Print,3
Vivo Basic Crepe Pants - Blue / White Print,3
Vivo Alora Round Neck Top - Light Taupe,3
Zoya Nia  Puff Sleeve Off Shoulder Romper - Peach / Blue Floral,3
Vivo Basic Val Long Sleeve Top - Orange,3
Safari by Vivo Njano Front Drawstring Tunic Top - Mustard,3
Soko Square Signet Pinky Ring 4.5 - Gold,3
Vivo Zawadi Keyhole Dress - White,3
Vivo Basic Cap Sleeved Bodysuit - Light Grey,3
Vivo Arusha Wide Drop Shoulder Tunic Top - Mustard,3
Vivo Basic Crepe Cap Sleeved Top - Maroon / White Meni Print,3
Vivo Pelia Round Neck Dress - Navy,3
Zoya Nia Oversized Denim Shirt - Black,2
Safari Anga Wide Shorts - Green / Orange Print,2
Vivo Ajani V Neck Top - Yellow / Grey Print,2
Soko Delicate Sabi Necklace- Gold,2
Vivo Hamle Side Twist Tie Bodycon - Black,2
Vivo Malindi V-Neck High Low Kaftan Top - Rust,2
Safari by Vivo Mara Shirred Bishop Sleeve Dress - Hunters,2
Safari Naledi Gathered Panel Maxi Skirt - Pink,2
Soko Mezi Tapered Hoops- Gold,2
Safari Kikoy Wrap Dress - Taupe,2
Safari by Vivo Zehra 3/4 Sleeve Kitenge Maxi Dress - Senara Print ,2
Vivo Seli Wide Leg Pants - Lilac / Navy Esli Print,2
Vivo Zuri Cap Sleeved Maxi Dress - Navy / Cream Uri Print,2
Vivo Everyday Cap Sleeve Top - Yellow,2
Vivo Dalia Sleeveless Gathered Tent Dress - Orange / Red Print,2
Vivo X This Is Essentials Long Sleeve Crew Neck Bodysuit - White,2
Soko Meta Bar Necklace,2
Vivo Basic Long Lily Waterfall - Black,2
Vivo Jumpsuit - Sample 4,2
Vivo Strappy Sun Dress - Bahari,2
Vivo Jema High Slit Maxi Kimono - Black / Taupe,2
Vivo Jira Hooded Poncho - Safron,2
Vivo Dalia Sleeveless Gathered Tent Dress - Grey,2
Vivo Basic Cap Sleeve Knee Length Tent Dress -Tan/ Black Capi Print,2
Vivo Basic Jersey Cascade Waterfall - Rust,2
Vivo Chari Basic Chiffon Bishop Sleeve Top (Double Layered) - Dark Tan,2
Vivo Sia Leisure Pants -Rust,2
Vivo Basic Open Kaftan - Mustard Ayla Print,2
Yumi Off Shoulder Top - Teal,2
Vivo Raha Waist Tie Top - Dark Mustard/ Black Ameli Print,2
Vivo Lani Maxi Dress - Grey / Peach Print,2
Long Strappy Satin Dress with Pleated Bust - Light Pink,2
Vivo Sierra Long Sleeve Top in Chiffon (Double Layered)  - Navy,2
Vivo Tana Puff Sleeve Bodysuit - Taupe,2
Vivo Basic Cuffed Dolman Jersey Dress - Mustard,2
Vivo Situ Ruffle Neck Jumpsuit - Purple Mustard Manda Print,2
Vivo Yene Front Tie Top - Hot Pink,2
Vivo Basic Open Kaftan - Tan Meti Print,2
Vivo Alek 3/4 Sleeve A-Line Kimono - Navy / Orange Aber Print,2
Vivo Zahari Off-Shoulder Maxi Dress - Blue / Grey Print,2
Vivo Meli Halter Neck Dress - Mustard,2
Vivo Tanda Palazzo Pants - Rust,2
Safari by Vivo Haya Off Shoulder Maxi Dress - Dark Brown koko,2
Safari Savannah Wrap Top - Rust,2
Vivo Sakari Circular Loose Top - Yellow,2
Vivo Kitenge Multi Purpose Wrap - Black / Blue Ankara Print,2
Vivo Sakari Drop Shoulder Jumpsuit - Hot Pink Sari Print,2
Vivo Laika Long Sleeve Tie Top - Chocolate / White Una Print,2
Vivo Jumpsuit - Fs 6,2
Vivo Lani Maxi Dress - Mint Print,2
Safari Tawi Bishop Sleeve Tiered Dress - Purple,2
Safari by Vivo  Njano Front Tie Dress - Lira,2
Vivo Nasinka Ruffle Sleeve Jumpsuit - Dark Mustard / Black Sinka Print,2
"Vivo Dada Poncho, Navy Blue",2
Vivo Basic Double Layered Long Sleeved Bodysuit - Hunters Green,2
Safari by Vivo Kamari Drop Shoulder Top - Tan,2
Vivo Wila Cowl Poncho - Taupe,2
Zoya Kyro Cropped Shirt - Tan,2
Vivo Basic V-Neck Long Sleeve Top - Dark Green,2
Zoya Luna Drape Tie Top - Blush pink,2
Vivo Keza Satin Border Maxi Kaftan - Black / Tan Animal Print,2
Vivo Samira Maxi Kimono - Lilac / Black Print,2
Vivo Keza V-Neck Maxi Kaftan - Hunters/Blue Print,2
Vivo Jema High Low Tent Dress - Orange / Black Niger Print,2
Vivo Rema Straight Leg Pants - Navy,2
Vivo Dalia Cap Sleeve Gathered Tent Dress - Light Brown,2
Tawi Flounce Tent Dress - Navy Blue,2
Vivo Yumi High Low Shirt Dress - Chocolate,2
Vivo 2-Way Wrap Top - Sipo Print,2
Vivo X Pinky Drop Shoulder Cowl Back Top - White / Pink Abstract Print,2
Vivo Ava 3/4 Sleeve Kimono - Dark Olive,2
Vivo Nandi High Slit Kimono - Grey / Black Print,2
Vivo Asha Drop Shoulder Maxi Shirt Dress - Mustard Yellow / Burgundy Piko Print,2
Vivo Vinna Belted Top - Grey / Navy Nina Print,2
Vivo Upe Wide Leg Pants - Black,2
Safari by Vivo Njano Wide Leg Pants - Shama Print,2
Vivo Paji Pencil Skirt - Navy Checkered Print,2
Vivo Basic Sleeveless Jersey Waterfall - Maroon,2
Vivo Basic Open Kaftan - Navy / Cream,2
Zoya Capri Leggings - Hunters,2
Vivo Yumi High Waist Pants  - Navy Blue,2
Lisa Leather Beaded Bracelet - Multi-Yellow / Black,2
Vivo Ajani Blouse - Olive,2
Vivo Ayla Drop Shoulder Jumpsuit - Navy / Orange Print,2
Vivo Jema High Low Tent Dress - Yellow/Black Palm Leaves Print,2
Safari Lira Drop Shoulder Dress - Lime,2
Vivo Maisha Wide High Low Top - Pink / Chocolate Print,2
Vivo Amai Asymmetrical Cape - Pink / Blue Biya Print,2
Vivo Basic Waterfall - Black,2
Vivo Seli Wide Leg Pants - White / Black Esli Print,2
Vivo Keza V-Neck Maxi Kaftan - Navy / Cream Print,2
Vivo Basic Long Sleeved Bodysuit - Light Taupe,2
Vivo Lani Maxi Dress - Pink Print,2
Safari by Vivo Mansi Bishop Sleeve Shacket - Hunters,2
Vivo Reversible Shrug -Black / Mustard Kato Print,2
Vivo Basic Nandi High Slit Kimono - Taupe,2
Vivo Basic Leila Maxi Waterfall - Tan,2
Vivo Basic Double Layered Capri Skirt - Burgundy,2
Vivo Samira Maxi Kimono - Beige / Brown Print,2
Vivo Sanyu Shift Dress - Mustard,2
Anika Mindy Crepe Pants With Angular Pockets - Purple,2
Zoya X Metamorphisized 143 Pleated Flannel Mini Skirt - Jungle Green Plaid,2
Zoya Basic Tank Top - Tan,2
Vivo Short Waterfall/ Kimono - Sample 5,2
Vivo Wila Dolman Top - Burgundy,2
Vivo Basic Chiffon Cap Sleeve Top (Double Layered) - Lilac Lusture,2
Vivo Dada Poncho - Mustard,2
Vivo Basic Waterfall - Burgundy,2
Vivo Reba Tapered Shirt Dress - White / Mustard Riba Print,2
Vivo Scalloped Kimono in Crepe - Mulberry / Cream Print,2
Vivo Basic 3/4 Sleeved Double Layered Bodysuit - Buttermilk,2
Vivo Basic Nalia High-low Chiffon Top - Blue / White Print,2
Vivo Basic Nalia High-low Chiffon Top - Mustard / Brown Print,2
Vivo Basic Cap Sleeve Knee Length Tent Dress - Blue / Red Floral Print,2
Vivo Basic Long Sleeved Double Layered Bodycon - Orange,2
Soko Sabi Statement Ring - Gold (Size 6),2
Safari Basic Ribbed Tank Top - Dark Green,2
Vivo Seli Head Wrap - Lilac / Navy Esli Print,2
Vivo Basic Cuffed Dolman Jersey Dress - Safron,2
Safari Basic Shirt Tent Dress - Coral,2
Vivo Basic Cap Sleeve Tent Knee Length Dress - Taupe,2
Zoya Basic Val Tank Top - Hunters Green,2
Vivo Keza Circular Loose Top - White / Rust Ruvu Print,2
Safari Haya 0ne Shoulder Asymmetrical Side Tie Top - Gold Kiki Print,2
Vivo Sakari V-Neck Drop Shoulder Top - Black,2
Vivo Basic Crepe Cap Sleeved Top In Crepe - Mustard,2
Vivo Lumi Cuffed Dolman Maxi Dress -  White / Teal Kita Print,2
Vivo Yumi Long Sleeve Tent Shirt Dress - Purple,2
Safari Savannah Chinese Collar Shirt - White,2
Vivo Asymmetric Poncho - Teal,2
Vivo Rema High Low Maxi Dress - Lilac,2
Zoya Sitawi Square Neck Bodysuit - Black,2
Vivo Hisi Cold Shoulder Maxi Dress - Yellow,2
Safari Mali 3/4 Bishop Sleeve  Tie Top - Rust,2
Safari Lira Front Panelled Shirt Dress - Taupe / White,2
Vivo Yene One Shoulder Kaftan - Black,2
Vivo Maisha Long Sleeve High Low Kimono - Brown / Taupe Nea Print,2
Vivo Studio Bell Sleeve Tunic Top in Rib - Black,2
Vivo Asha Sleeveless Knee Length Dress - Cream / Navy Print,2
Vivo Nimali Satin Flounce Kimono - Dawn,2
Vivo Basic Hooded Kimono - Black / White Print,2
Vivo Shorts - Rfs 3,2
Soko Nyundo Stacking Cuffs - Gold,2
Vivo Chesi Wide Leg Pants - Aloe / Black Hesi Print,2
Vivo Kelemi 4.0 Kimono - Magenta / Black Nashe Print,2
Vivo Adisa Cold Shoulder Kaftan - Coral,2
Vivo Nimali Satin Flounce Kimono - Navy Blue,2
Zoya Nia Crop Bomber Jacket - Black,2
Vivo Basic RT Sleeveless Bodysuit - Dark Grey,2
Vivo Hanabi Satin High Low Top - Black / Green Bani Print,2
Soko Twisted Dash Ring - Gold (Size 7),2
Vivo Wide-Leg Pants - Asmara Print,2
Vivo Hoodie/ Sweatshirt - Sample 1,2
Vivo Basic Angela Cowl Loose Top - Yellow,2
Vivo Basic Cap Sleeve Maxi Tent Dress - Navy Polka Print,2
Ribbed Sleeveless Maxi Dress - Orchid Bloom,2
Safari Kamari Halter Shirt - Baby Blue,2
Zoya Basic Jersey Bandeau - Dark Green,2
Vivo Basic Nalia High-low Chiffon Top - Khaki,2
Vivo Situ Side Slit Midi Kimono - Black,2
Vivo Azawi Pencil Skirt - Hunters Green / White,2
Vivo Basic Aziza Belt - Doa Print,2
Vivo Izzy Bishop Sleeve Shift Dress - Navy,2
Vivo Ava Front Pleat Maxi Dress - Orange / Black Ala Print,2
Vivo Zena Long Sleeve Mandarin Collar Shift Dress - White / Teal Polka Print,2
Vivo Lero Fitness Leggings - Black + Blue Kiwi Print,2
Vivo Basic Crepe Pants - Pink / Taupe Print,2
Vivo Basic Straight Maxi Dress - Taupe,2
Zetu Men's LinenLux Cotton Classic Men's Button Down Shirt - Black,2
Vivo Basic Leila Long Sleeve Asymmetrical Waterfall - White,2
Vivo Muna Chiffon Kimono - Red Tia Print,2
Safari Haya Offshoulder Maxi Dress - Dark Brown koko,2
Vivo Tana 3/4 Tulip Sleeve Overlap Maxi Top - Pink Floral Print,2
Vivo Vivo Basic Waterfall - Mustard,2
Vivo Studio Flared Pants in Rib - Olive Green,2
Vivo Kala Gathered Poncho Top - Black,2
Vivo Seli Maxi Dress - Black + White / Black Esli Print,2
Vivo Ajani Wide Leg Pants - Burgundy,2
Vivo Nasinka Ruffle Sleeve Jumpsuit - Dark Orange / Black Sinka Print,2
Vivo Palazzo Pants - Navy Blue,2
Lisa Double Disc Beaded Choker,2
Vivo Basic Crepe Pants - Pink / Blue Print,2
Vivo Binti High Low Poncho - Navy,2
Vivo Lani Maxi Dress - Purple / Light Pink  Squiggle  Print,2
Vivo Studio 2-piece in Mixed Media- Hunters Green,2
Vivo Basic Sleeveless Sienna Waterfall - Taupe,2
Zoya Banda Men's Cargo Pants - White,2
Vivo Basic Chiffon Drop Shoulder Top - Teal,2
Vivo Shorts - Moabi,2
Vivo Cowl Neck Knit Sweater - Ivory,2
Vivo Basic Open Kaftan - Dark Navy /Yellow Aber Print,2
Vivo Ria Waterfall - Rust,2
Vivo Zola V Neck Cap Sleeve Maxi Dress - Light lilac / Black Hesi Print,2
Vivo Dalia Cap Sleeve Gathered Tent Dress - Taupe / Green Print,2
Vivo Sienna Waterfall - White,2
Vivo Short Kimono - Navy / Red Maya Print,2
Safari Tawi 3/4 Sleeve Off Shoulder Maxi - Purple,2
Vivo J.O V-Neck Sheath Dress - Black,2
Ythera Royal Cedarwood Room & Linen Spray 250ml,2
Safari Lira Drawstring Knee Length Dress - Black + Tafo Print,2
Zoya Nia Off Shoulder Puff Sleeve Top - Light Grey,2
Vivo Basic Straight Skirt With Front Slit - Burgundy,2
Safari Huru Short Sleeved Shirt Dress - Navy Blue,2
Safari Mali Bishop Sleeve Tent Dress - Black,2
Vivo Reversible Printed Poncho - Dark Chocolate / Taupe Jito Print,2
Soko Laini Dangle Earrings - Gold,2
Zoya Party Turtle Neck Maxi Top - Buttermilk,2
Vivo Nova Double Layered Bodycon Dress - Burgundy,2
Vivo Rema High Low Maxi Dress - Taupe,2
Soko Mini Bold Hoops- Gold,2
Safari Haya Off Shoulder Maxi Dress - Fown Koko Print,2
Vivo Knee Length Kaftan in Satin - Lilac / Mint Print,2
Soko Open Square Statement Ring - Gold Plated (Size 7),2
Zoya Chill Spaghetti Strap Tank Top - Lime Green,2
Vivo Basic Satin Bishop Sleeved Top - Dark Teal,2
Vivo Nimali Satin Shorts - Gold,2
Vivo X Essence Asha Wide Leg Pants With Short Lining - White / Mustard Manda Print,2
Vivo Basic V-neck Cap Sleeve Top - Taupe,2
Vivo Essentials Capri Leggings - Orange,2
Vivo Chari Basic Chiffon Bishop Sleeve Top (Double Layered) - Chocolate,2
Vivo Alora Long Sleeve Top - Cream,2
Vivo Jasiri Bishop Sleeve Layered Top - Mustard / Black Dala Print,2
Vivo Nasinka V-Neck Maxi Dress - Burgundy,2
Vivo Ava Tent Flounce Maxi Dress - Maroon / White Print,2
Vivo Zahari Bishop Sleeve Top With Belt - Cream / Black Zari Print,2
Vivo Reba Hi Low Dress - Tan / Brown Riba Print,2
Safari Kikoy Wide Leg Pants -Black,2
Zoya Jersey Bandeau - Navy Blue,2
Zoya Basic Bodycon - Black,2
Safari Zene High Low Shirt Dress - Black,2
Vivo Tanda Palazzo Pants - White,2
Vivo Ponte Back Pleat High Low Dress - Orange,2
Vivo Nkasi Wide Top - White / Orange Shibori Print,2
Vivo Sweaters & Ponchos - Fs 5,2
Vivo Basic Short May Jersey Waterfall - Light Taupe,2
Vivo Basic Chiffon Cap Sleeve Top (Double Layered) - Orange,2
Vivo Fitness Capri Leggings - Black,2
Vivo Lamu Satin Top - Purple,2
Vivo Rema High Low Maxi Dress - Black,2
Zoya Nia Off Shoulder Puff Sleeve Top - Ivory,2
Vivo Essentials Dolman Maxi Dress - Teal,2
Zoya Brave Satin Joggers(Tall) - Burgundy Abstract Print,2
Vivo Golf Sleeveless Zip-up Jacket - Black,2
Vivo Basic Cap Sleeve Knee Length Tent Dress - Hunters / Grey Print,2
Vivo Basic Open Kaftan - Dark Navy / Cream,2
Vivo Soleil Shorts - Mustard / Hunters Green Almasi Print,2
Vivo Kelemi Wide Leg Pants - Rust / Green Leke Print,2
Vivo Iyana Knee Length Bubble Dress - Dark Green,2
Safari Men's Drawstring Shorts - Dark Grey,2
Vivo Wila Dolman Top - Taupe,2
Soko Delicate Mezi Necklace - Gold,2
Vivo Yoga Wrap - Yellow,2
Vivo Binti High Low Poncho - Hunters Green,2
Vivo Samira Pants - Red / White Polka Dot Print,2
Zoya Nia  Puff Sleeve Off Shoulder Romper - Lilac,2
Safari Zene Drop Shoulder Above Knee Dress - Hunters Green,2
Vivo Basic Satin Dropped Shoulder Top - Black / Taupe Deli Print,2
Vivo Hamle Side Twist Tie Top - Mustard,2
Vivo Ajani V-Neck Top - Sea Green / Black Print,2
Vivo Off Shoulder Bodysuit - Off White,2
Vivo Must Have Shorts in Zena Print,2
Soko Maxi Cala Earrings - Gold,2
Vivo Mira Joggers - Black,2
Vivo Laika 3/4 Sleeve Tent Dress - Maroon,2
Vivo Kitenge Multi Purpose Wrap - Green / Orange Ankara Print,2
Safari Mansi Bishop Sleeve Shacket - White,2
Zoya Jersey Bandeau - White,2
Vivo Amara midi Midi Waterfall - Tan,2
Vivo Golf Fly Front Shorts - Dark Taupe,2
Vivo Izzy Satin Bishop Sleeve Top - Sea Green,2
Vivo Sakari Cap Sleeve Maxi Dress - Peach / Brown Print,2
Vivo Basic Nandi A-Line Kimono - Off White,2
Vivo Basic Knee Length Shirt Dress - Black / Cream Print,2
Vivo Basic Straight Skirt - Burgundy,2
Vivo Nala Shirt Dress - Teal,2
Vivo Basic Val Long Sleeve Top - Mustard,2
Vivo Vinna 3/4 Sleeve Top - Navy / Yellow Nina Print,2
Vivo Maisha Long Sleeve High Low Kimono - Black / Off White Wia Print,2
Vivo Basic Dolman Maxi Dress - Navy Blue,2
Vivo Lani Maxi Top - Black / Taupe Print,2
Zoya Vasha Track Pants With Pockets  - Black,2
Safari Spaghetti Tank Top - Dark Green,2
Zoya Sadira Midriff Polo T-Shirt -  White,2
Zoya Shani Men's Summer Shirt - Navy / White Sani Print,2
Vivo Basic Cap Sleeved Leila Dress - Taupe,2
Vivo Basic Crepe Cap Sleeved Top - Cream Jazah Print,2
Vivo Alek Shirred Off- Shoulder Jumpsuit - Brown / White Print,2
Vivo Sawari Crossed Cuff Batwing Top - Brown / Blue / Black Print,2
Vivo Alek High Slit Kimono - Pink / Taupe Print,2
Vivo Naya Flounce High Low Top - Pink,2
Vivo EW Top - Yellow,2
Vivo Lero Short Sleeve Drawstring Top - Black,2
Vivo Yumi High Low Shirt Dress - Blue Berry,2
Vivo Maisha Wide High Low Top - Black / White Print,2
Vivo Basic Pencil Skirt - Hunters,2
Vivo Samira Cape Dress - Mustard / Dark Brown Voi Print,2
Vivo Zuri Cap Sleeve Knee Length Dress - Black / White Uri Print,2
Vivo Fitness Long Sleeve Bound Neck Tunic Top - Mustard,2
Zoya Taani Side Slit Hoodie - Black,2
Vivo Maisha Wide High Low Top - Black / Grey Print,2
Vivo Essentials Strappy Cold Shoulder Top - Black,2
Vivo Tanda Maxi Skirt - Navy,2
Vivo Tana Off Shoulder Maxi Dress - Light Pink / Black Lawi Print,2
Vivo Dalia Sleeveless Gathered Tent Dress - Burgundy,2
Safari Savannah Midi Wrap Dress - Rust,2
Lisa Aluminium Bracelets,2
Safari Tafari Shorts - Dafi Print,2
Safari Mali Turn Up Hem Pants - Navy Blue,2
Vivo Ajani V-Neck Shift Dress - Blue,2
Vivo Sleeveless Sweater Bodycon - Mustard,2
Safari Lira Criss - Cross Yoke Shirt - Black,2
Vivo Studio Strapless Maxi in Crepe- White,2
Vivo Meli Cowl Top - Red,2
Vivo Azawi 3/4 Sleeve Top - White,2
Vivo Essentials Drop Shoulder Tunic Top - Mustard,2
Soko Kubwa Bracelet - Gold,2
Vivo Samira Maxi Kimono - Black / Beige Print,2
Vivo Maisha Wide High Low Top - Black / Dark Green Print,2
Vivo Nimali Satin Wide-Leg Pants - Dahlia,2
Vivo Adisa Cold Shoulder Kaftan - Dark Green,2
Zawadi Keyhole Dress - Orange,2
Vivo X This Is Essential  Sleeveless Scooped Neck Bodysuit - Red,2
Vivo Lalea Tulip Flounce High Low Kaftan - Pink Floral,2
Vivo Basic Neo Sienna Waterfall - Red,2
Vivo Basic 3/4 Sleeve Top - Navy Blue,2
Vivo Lani Maxi Dress - Black / Teal Print,2
Vivo Leggings - Fs1,2
Vivo Yumi Long Sleeve Tent Shirt Dress - Black,2
Double O-ring Cami Dress - Sphinx,2
Vivo Lumi Back Pleat Maxi Dress - Taupe / Orange Bemba Print,2
Vivo Pelia Kimono - Taupe / White Meni Print,2
Vivo Naya Strappy Midi Body-Con Dress - Navy Blue,2
Vivo Sarabi Strappy Low Back Maxi Dress - Navy / Brown Print,2
Vivo Pelia Butterfly Kimono - Navy / Peach Print,2
Vivo Zola V Neck Cap Sleeve Maxi Dress - Beige / Brown Kemi Print,2
Zoya Yuni Raglan Sleeve Crop Jacket - Black,2
Vivo Kelemi Crepe Wide Leg Pants - Royal Blue / Green Lana Print,2
Safari Savannah Kitenge Chinese Collar Shirt - Shama Print,2
Vivo Fahari Pencil Skirt - Black,2
Vivo Tatari Dropped High Neck Top - Black,2
Vivo Amai Maxi Kaftan Dress - Pink / Green Biya Print,2
Vivo Bodysuits T- Shirts & Tank Tops - Rfs 2,2
Vivo Basic Open Kaftan - Pink Meti Print,2
Vivo Lumi Cuffed Dolman Maxi Dress - Pink / Yellow Sark Print,2
Vivo Keza Circular Loose Top - Beige / Black Eza Print,2
Zoya Nia Crop Oversized Jacket - Beige,2
Vivo Nimali Satin Joggers - Red,2
Vivo Kelemi 4.0 Halter Maxi Dress - Magenta,2
Vivo Tatili Bishop Long Sleeve Top In Satin - Powder Blue Floral Print,2
Vivo Trench Coat - Lamu,2
Zoya Vasha Raglan Sleeve Playsuit - Green / Yellow,2
Safari Savannah Kitenge Midi Wrap Dress - Juja Print,2
Vivo Asha Sleeveless Maxi Dress - Sea Green / Black Robe Print,2
Vivo Yumi Off Shoulder Jumpsuit - Orange / Navy Rumi Print,2
Vivo Muna Cap Sleeved Knee Length Dress - Black,2
Vivo Basic Cap Sleeve Knee Length Dress - Dark Navy / Mustard Print,2
Vivo Lindi High Low Dress In Ponte - Chocolate,2
Vivo Dua Shirt - Peach,2
Vivo Basic Leila Maxi Waterfall - Taupe,2
Safari Tafari Highlow Top in Kitenge - Avena Print,2
Safari Lira Sleeveless Coat - Taupe,2
Vivo Basic May Sweater - Off White,2
Vivo Ajani Mandarin V-Neck Collar Top - Navy Blue / Gold,2
Zoya Basic Spaghetti Tank Top - Navy Blue,2
Vivo Muna Cap Sleeve Knee length Dress - Black Polka Dot Small Print,2
Safari Mali 3/4 Bishop Sleeve Tie Top - Navy Blue,2
Vivo Amara Drop Shoulder Kimono - Tan,2
Vivo Basic Waterfall - Deep Teal,2
Zoya Taani Side Slit Hoodie - Navy,2
Vivo Malindi V-Neck High Low Kaftan Top - Light Navy,2
Zene Drop Shoulder Above Knee Dress - Orange,2
Vivo Chesi V-Neck Maxi Dress - Carmel / Black Hesi Print,2
Safari Hawi Cargo Pants - Olive Green,2
Soko Amali Dangle Earrings - Gold,2
Vivo Fahari Pencil Skirt - Mustard,2
Vivo Basic Open Kaftan - Rust Ayla Print,2
Vivo Zahari Off-Shoulder Maxi Dress - Brown / Beige Print,2
Vivo Basic 3/4 Sleeve Cowl Double Layered Bodycon - Tan,2
Vivo Basic Leila Maxi Waterfall - Yellow,2
Vivo Muna Oversized Maxi Shirt Dress - Blue / White Berek Print,2
Vivo Analo Front Placket Coat - Black,2
Safari Kamari Maxi Dress - White,2
Vivo Rema Waterfall - Dark Taupe,2
Vivo Maisha Straight Leg Pants in Crepe - Beige / Sea Green Print,2
Safari by Vivo Zehra 3/4 Sleeve Kitenge Maxi Dress - Sheri Print,2
Vivo Chidii Off Shoulder Maxi Dress - Rust,2
Vivo Lani Maxi Dress - Navy / Pink Ota Print,2
Vivo Studio Striped Pants In Crepe - Olive Striped Print,2
Safari Kikoy Wrap Dress - Parrot,2
Vivo Round Neck Top - Light Taupe,2
Zoya Luna Halter Neck Maxi Top - White,2
Vivo Raha Wide Leg Shorts - Royal Blue,2
Vivo Kitenge Strappy Tiered Maxi Dress - Dark Mustard / Navy Blue Ankara Print,2
Zoya Party Long Sleeve Crop Top - Pink,2
Unshaped Spaghetti-Strap Dress - Prism Pink,2
Zoya X Metamorphisized 143 Pleated Mini Skirt - Hunters,2
Safari by Vivo Zene Drop Shoulder Above Knee Dress - Light Orange,2
Vivo Basic Aziza Belt - Alizeti Print,2
Vivo Maisha Straight Leg Pants - Black / White Print,2
Vivo Ayo Tent Dress - Mint Green / Black Print,2
Vivo Seli Maxi Dress - Light Purple / Dark Purple Loura Print,2
Soko Delicate Dash Necklace - Gold,2
Safari by Vivo  Kikoy Tie Back Maxi Dress - Dark Red,2
Vivo Kala Maxi Dress - White / Burgundy Ukwi Print,2
Vivo Basic Leila Maxi Waterfall - Green,2
Vivo Nkasi Maxi Kimono - Teal / Burgundy Kasi Print,2
Vivo Seli Shorts - Black,2
Vivo Maisha Long Sleeve High Low Kimono - Mint / Beige Tawi Print,2
Vivo Hanabi Tent Maxi Dress - Olive / White Print,2
Vivo Kelemi 4.0 Halter Maxi Dress - Lime / Navy Nashe Print,2
Vivo Seli Head Wrap - Peach / Black Esli Print,2
Safari Long Sleeve Waterfall - Dark Green,2
Vivo Basic Long Sleeved Top - Forest Green,2
Safari Tawi Bishop Sleeve Tiered Dress - Mustard,2
Vivo Basic Ayo Bishop Sleeve Dress - Navy / Peach Print,2
Vivo Mistari Gathered Sleeve Top - Dark Berry,2
Vivo Basic Short Lily Waterfall - Light Taupe,2
Vivo X This Is Essential Leggings - Navy Blue / White,2
Vivo Vinna Escape A-Line Dress - Burgundy / Black,2
Vivo Azawi Peplum Top - Burgundy / Black,2
Vivo Amai Off-Shoulder Maxi Dress - Green / Navy Biya Print,2
Vivo Basic Crepe Scarf - Black / Chocolate Floral Print,2
Vivo Adama Poncho - Off White,2
Vivo Basic 3/4 Sleeve Top - Mustard,2
Vivo Zahari Off-Shoulder Maxi Dress - Yellow / Black Print,2
Vivo Short Kimono - Obu Print,2
Safari Nimali Bubble Sleeve Top - Red,2
Vivo Basic Salma Maxi Boat Neck Dress - Mustard,2
Zoya Kyro Strappy Vest - Grey,2
Vivo Beali Wide Leg Pants - Tan / Navy Lea Print,2
Safari by Vivo  Huru Halter Sleeveless High Low Dress - Rust,2
Safari by Vivo Njano Cowl Top - White,2
Vivo Yoga Wrap - Red,2
Vivo Sawari Long Sleeve V-Neck Midriff Top - Grey,2
Vivo Ayo Tent Dress - Taupe / Pink Print,2
Vivo Ava Tent Knee Length Dress - Pink / Hunters Green Print,2
Vivo Thando Mock Neck Maxi Dress - Maroon / White Abstract Print,2
Vivo Zuri Cap Sleeved Maxi Dress - Black / Orange Uri Print,2
Vivo Azawi Cap Sleeve Panelled Dress - Burgundy / Black,2
Vivo Dua Shirt - Olive,2
Vivo Safa Drawstring Wide Top - Chocolate,2
Vivo Nasinka Wrap Dress - Navy / Pink Ena Print,2
Safari Njano Tie Front Wide Top - White,2
Soko Pendo Hoop (Small) - Gold,2
Vivo Amara Cap Sleeve Layered Top - Navy Blue,2
Vivo Ayla Maxi Kimono - Dusty Pink / Black Lala Print,2
Yumi Cap Sleeve Dress - Red,2
Vivo Jersey Halter Neck Tank Top - Black,2
Vivo Basic Crepe Pants - Grey / Black Print,2
Zoya Sitawi Square Neck Bodysuit - White,2
Safari by Vivo Zehra 3/4 Sleeve Kitenge Maxi Dress - Isola Print,2
Vivo X This Is Essentials Long Sleeve Crew Neck Bodysuit - Chocolate,2
Zoya Shani Pleated Pants - Navy Blue,2
Vivo Nimali Satin Halter Top - Navy Blue,2
Vivo Maisha Top & Pant Set- Black / Grey Print,2
Vivo Ava Tent Flounce Maxi Dress - Beige / White Print,2
Vivo Tande Cap Sleeve Round Neck Top - White,2
X This Is Essential  Sleeveless Boat Neck Bodysuit - Taupe,2
Vivo Studio Longline Shorts in Crepe - Maroon Stripes,2
Vivo Arafa Wrap Top - Olive Green,2
Vivo Zahari Off-Shoulder Maxi Dress - Cream / Orange Haza Print,2
Soko Twist Stacked Rings (Size 7) - Gold,2
Vivo Leila Cap Sleeve Tent Knee Length Dress - Yellow,2
Vivo Cargo Pants - Eyasi,2
Vivo Sawari Crossed Cuff Batwing Top - Light Brown,2
Vivo Zanzi Side Cowl Maxi Dress - Navy,2
Peekaboo Front Halter Dress - Black,2
Vivo Ava Front Pleat Maxi Dress - Brown / Black Print,2
Zoya Basic Jersey Bandeau  - Forest Green,2
Vivo Zanzi Wrap Circular Dress - White,2
Safari Tafari Wrap Top - Cheli Print,2
Soko Jepesi Necklace - Gold,2
Safari by Vivo Nimali Bubble Sleeve Top - Navy,2
Vivo Samira Maxi Kimono - Mustard / Cream Print,2
Vivo Basic Cap Sleeve Maxi Tent Dress - Navy / Mustard Tanta Print,2
Vivo Azawi Peplum Top - Black / White,2
Vivo Wide Leg Pants With Short Lining - White,2
Vivo Lalani Lounge Pants - Beige,2
Soko Sabi Organic Drop Pendant Necklace - Gold,2
Vivo Basic 3/4 Sleeved Bodysuit - Yellow,2
Vivo Kelemi Satin Pants - Lime Waso Print,2
Vivo Basic Val Cap Sleeve Top - Orange,2
Vivo Kala Slit Poncho Top - White / Hunters Ukiwi Print,2
Vivo Short Side Pleat Sweater - Teal,2
Zoya Basic Full Length Leggings - Tan,2
Vivo Hanabi Tent Maxi Dress - Dark Brown,2
Vivo Liv Wide Crepe Top - Lime / Black Print,2
Vivo Basic Satin Bishop Sleeved Top - Navy / Yellow Nina Print,2
Vivo Hamle Front Twist Body Suit - Black,2
Vivo Alek Shirred Off- Shoulder Jumpsuit - Hunters / White Print,2
Vivo Basic 3/4 Sleeve Leila Bodycon Dress - Light Taupe,2
Vivo Amai Off-Shoulder Maxi Dress - Hot Pink / Black Biya Print,2
Vivo Asha Sleeveless Knee Length Dress - Off  White / Brown Print,2
Vivo Skirts - Sample 15,2
Vivo Fimi Drop Shoulder Maxi Dress - Orange / Taupe Chana Print,2
Zoya Full Length Leggings - Red,2
Vivo Lumi Strappy Cold Shoulder Top - Mustard,2
Vivo Kitenge Multi Purpose Wrap - Red / Mustard Ankara Print,2
Vivo Sanali Off-Shoulder Knee Length Dress - Purple,2
Vivo Basic Cap Sleeve Tent Knee Length Dress - Cobalt / Orange Capi Print,2
Vivo Zahari Drop Shoulder High Low Dress - Black,2
Vivo Chela Sleeveless Waterfall - Lilac,2
Vivo Basic Aziza Belt - Jua Print,2
Vivo Basic Nandi High Slit Kimono - Blue,2
Safari by Vivo Zehra Kitenge Pants - Pambo Print,2
Vivo Keza V-Neck Maxi Kaftan - Taupe/Black Print,2
Vivo Merika Midi Wrap Dress - Light Plum,2
Vivo Reba Hi Low  Dress - Navy / White Print,2
Safari Zene Off Shoulder Dress - Taupe,2
Vivo Tulip Sweater - Red,2
Safari Lira Front Panelled Shirt Dress - Pink / Black,2
Vivo Side Slit Midi Waterfall -Dark Chocolate,2
Vivo Basic Val Cap Sleeve Top - Hunters Green,2
Zoya Basic Long Sleeve Top - Blue,2
Vivo Asha Drop Shoulder Maxi Shirt Dress - Dark Green,2
Vivo Basic Aziza Belt - Duara Print,2
Vivo Samira Pants - Blue / White Spiral Print,2
Vivo Chari Cap Sleeve Shift Dress -Beige,2
Vivo Fahari 3/4 Sleeve Shirred Shirt - Dark Mustard,2
Vivo Ayla Maxi Kimono Rust / Black Lala Print,2
Vivo Side Slit Midi Waterfall - Mustard,2
Vivo Azawi Cap Sleeve Panelled Dress - Black / White,2
Shiv & Shikie X Safari V-Neck Long Sleeve T-shirt - Dark Tan,2
Vivo Nandi High Slit Kimono - Black / Red Print,2
Vivo Soleil Handkerchief Drape Wide Top - Peach / Navy,2
Vivo Yene One Shoulder Kaftan - Hot Pink,2
Zoya Luna Drape Tie Top - White,2
Soko Sayo Hoops - Gold,2
Vivo Zaria Pleated Sleeve Top - Tawi,2
Zoya Long Sleeved Fitness Crop Top - Royal Blue,2
Zoya Basic Racer Back Crop Top - Mustard,2
Zoya Brave Satin Joggers(Regular) - Green Abstract Print,2
Vivo Ayla Bubble Sleeve Maxi Dress - White / Black Lala Print,2
Vivo Ava Front Pleat Maxi Dress - Black / Rust Print,2
Safari by Vivo Mali Gathered Flounce Sleeve Tent Dress - Khaki,2
Vivo Sia  Leisure Pants - Hunters Green,2
Vivo Nkasi Maxi Kimono - White / Orange Shibori Print,2
Vivo Double Layered High Cowl Bodycon - Taupe,2
Soko Laini Threader- Gold,2
Safari by Vivo Men's Chinese Collar Long Sleeve Shirt - Coral,2
Zoya Yuni Off Shoulder Bodysuit - Black,2
Vivo Kelemi Layered Top - Lime / Red Lana Print + Navy,2
Vivo Rema Straight Leg Pants - Royal Blue,2
Vivo Lani Satin High Low Dress - Olive,2
Vivo Basic Crepe Cap Sleeved Top - Taupe Jazah Print,2
Safari by Vivo Hawi Bishop Sleeve Tent Shirt Dress - White,2
Vivo Basic Drop Shoulder Top - Army Green,2
Safari Haya Drop Shoulder Side Tie Top - Red Koi Print,2
Safari by Vivo Savannah Front Slit Midi Skirt - Ashai Print,2
Safari by Vivo Savannah Midi Wrap Dress - Rust,2
Zoya Basic Long Sleeve Top - Light Grey,2
Vivo Basic Aziza Belt - Blue / White Print,2
Safari by Vivo Zehra 3/4 Sleeve Cotton Maxi Dress - Black Brown Shade B,2
Double O-ring Cami Dress - Dark Amber,2
Vivo Yumi Off Shoulder Jumpsuit  - Brown / Green Print,2
Vivo Thando Mock Neck Maxi Dress - Rust / White Abstract Print,2
Key Hole Halter with Seamed Body - Black,2
Safari Bubble Sleeve Tent Dress MG - Mustard,2
Vivo Fahari Cowl Drape Bodycon - Mustard,2
Vivo Sleeveless Godet Midi Dress in Jersey - Dark Olive,2
Vivo Kay Sheath Dress - Hunters Green,2
Soko Jiwe Long Pendant Necklace - Gold,2
Vivo Satin Bishop Sleeve Top - Navy Blue,2
Vivo Samira Maxi Kimono - Grey / Black Print,2
Vivo Faraji Side Slit Leisure Pants - Hunters Green,2
Vivo Nimali Satin Shorts - Black,2
Vivo Zawadi Shift Dress - Black/Rust Animal Print,2
Vivo Mira Straight Leg Pants - Tan / Black Fan Print,2
Vivo Chela Wide Leg Pants- Off White,2
Soko Mixed Shapes Stacking Cuffs - Gold,2
Vivo Maisha 3/4 Sleeve High Low Top - Off White / Black Print,2
Vivo Jema High Low Tent Dress - Green / Pink Print,2
Vivo Studio Maxi Bodycon in Jersey - Navy,2
Vivo Nasinka A-line Maxi Dress - Dusty Green,2
Vivo Ajani Pleated Cap Sleeve Top - Beige/Mustard Molo Print,2
Vivo Zuri Cap Sleeve Knee Length Dress - Black / Beige Print,2
Vivo Wila Turn Up Coat - Black,2
Vivo Basic Aziza Belt - Tari Print,2
Vivo Basic Dolman Sweater Dress - Rust,2
Safari Mansi Dolman Top - White,2
Safari Zene Drop Shoulder Top - Light Orange,2
Zoya Kyro Women's Oversized Blazer - Beige,2
Vivo Samira Wide Kimono in Rayon - Red / White Polka Dot,2
Vivo Jumpsuit - BF1,2
Wila Turn Up Coat - Black,2
Vivo Basic Sienna Jersey Top -  Black,2
Vivo Saida 3/4 Sleeve Top - Cream / Black Sadia Print,2
VivoLumi Cuffed Dolman Maxi Dress -  Grey / Purple Lifi Print,2
Vivo Nkasi Bubble Sleeve Maxi Dress - Teal / Burgundy Kasi Print,2
Vivo Sanyu Bubble Sleeve Tent Dress - Lime / White Zazi Print,2
Vivo Serwa Tent Dress - Taupe / Black Doti Print,2
Vivo Maisha Wide High Low Top - Yellow / Brown Print,2
Vivo Basic Aziza Belt - Purple / Green Ankara Print,2
Vivo Sani Ruffle Pocket Straight Leg Pants - Hunters Green,2
Soko Square Signet Pinky Ring 3.5 - Gold,2
Vivo Lani Maxi Dress - Taupe / Teal Print,2
Vivo Amara Sleeveless High Low Top - Navy,2
Vivo Double Layered Long Sleeve Bodysuit - White,2
Vivo Zahari Straight Leg Pants - Beige / Black Zari Print,2
Popular 21 Ribbed Long-Sleeve Mini Dress - Mauve,2
Vivo Basic Crepe Scarf - Black / Green Floral Print,2
Vivo Basic Dolman Maxi Dress - Mustard,2
Vivo Must Have Shorts - Bukavu,2
Zoya Taani Easy Fit Joggers -Navy,2
Vivo Amai Hi-Low Top - Dark Green,2
Zoya Nia Wide Leg Denim Pants - Tickling Stripes Print,2
Vivo Maisha Wide High Low Top -  Light Taupe / Black Print,2
Vivo Fitness Shorts - Black / White Geometric Print,2
Vivo Basic Long Lily Waterfall - Navy Blue,2
Safari Kikoy Long Sleeved Shirt Dress,2
Vivo Basic Sleeveless Long Lily Waterfall - Hunters Green,2
Vivo Sierra Cap Sleeve Tent Chiffon Dress - Black Textured Print ,2
Soko Mini Mezi Boxed Hoop - Gold,2
Vivo Maxi Kimono - Khaki Green,2
Zoya Val Tank Top - Mustard,2
Vivo Reba Coat Dress - Navy,2
Vivo Poncho DL FS 1 - Navy,2
Vivo Midi & Capri Skirts - SAMPLE 1,2
Vivo Basic Hooded Kimono - Black / Green Flowers Print,2
Safari Kamari Drop Shoulder Top - Tan,2
Vivo Samira Maxi Kimono - Grey / Brown Print,2
Vivo Basic Julia Back Pleat Knee Length Dress - Black,2
Vivo Basic Cap Sleeve Knee Length Dress - Pink / Black Floral Print,2
Vivo Essentials Strap Maxi Dress - Burgundy,2
Vivo Tiered Shirt Dress - Isiolo,2
Vivo Tote Bag - Zena Print,2
Vivo Ava Front Pleat Maxi Dress - Chocolate,2
Vivo Asha Sleeveless Maxi Dress - Black Peli Print,2
Soko Double Bar Ring - Gold,2
Vivo Sierra Long Sleeve Top in Chiffon (Double Layered)  - Pink,2
Vivo Yumi High Low Shirt Dress - Red,2
Safari by Vivo Zehra 3/4 Sleeve Kitenge Maxi Dress - Jelani Print,2
Vivo X This Is Essential  Short Sleeve Bodysuit - Chocolate,2
Vivo Mandla Tent Dress - White,2
Vivo Imara Cap Sleeve A-Line Dress - Pink Chale Print,2
Safari Kaya Long Sleeve Collar Shirt - Light Blue,2
Vivo Basic Neo Sienna Waterfall - White,2
Vivo Basic Sleeveless Tent Maxi Dress - Black / White Print,2
Vivo Kitenge Wide Leg Pants - Navy / Brown Chiku Print,2
Vivo Yene Front Tie Top - Off White,2
Zoya Luna Drawstring Maxi Dress - Black,2
Safari Kaya Long Sleeve Trench Coat Dress - Gold,2
Vivo Anavi Maxi Dress In Jersey - Chocolate,2
Vivo Liora Kaftan Tunic Top - White,2
Vivo Sakari Drop Shoulder Jumpsuit in Crepe - White / Navy Print,2
Vivo Studio Bell Sleeve Tunic Top in Rib - Taupe,2
Vivo X This Is Essential  Sleeveless Scooped Neck Bodysuit - Taupe,2
Safari Lira Drawstring Jacket - Black,2
Zoya Essentials Mini Bodycon - Yellow / Red Print,2
Long Strappy Satin Dress with Pleated Bust - Hot Pink,2
Soko Mezi Maxi Hoop - Gold,2
Vivo Jema 3/4 Sleeve A-Line Dress - Taupe,2
Vivo Dalia Sleeveless Gathered Tent Dress - Hunters Green,2
Vivo Yene High Slit Tunic Top - White,2
Safari Mansi Mens Summer Shirt - Black Stripes,2
Vivo Pana Cascade Waterfall - Turquoise / Black,2
Safari Mara Cape Top - Sea Green / Blue Ankara Print,2
Vivo Wingu Long Sleeve Side Drape Tunic Top- Hunters Green,2
Racer Front & Back Mini Dress - Winsome Orchid,2
Zoya Men's Cargo Pants - Navy Blue,2
Safari by Vivo Adinkra Tank in Rib - Navy,2
Vivo Adama Poncho - Teal,2
Vivo Basic Liv Chiffon Top - Beige / Mustard Bayu Print,2
Vivo Basic Satin Cap Sleeve Top - White / Black Print,2
Vivo Laika 3/4 Sleeve Tent Dress - Chocolate,2
Vivo Basic Sienna Jersey Top - Deep Teal,2
Vivo Essentials Tank Top - Mustard,2
Vivo Basic Dua Jacket  in Ponte - Navy Blue,2
Vivo Leila Hip Length Waterfall - Forest Green,2
Vivo Arafa Short Sleeve Shift Dress - Navy Blue,2
Vivo Yumi Maxi Shirt Dress - Dark Mustard (Cotton),2
Vivo Basic Nalia High Low Jersey Top - Rust,2
Vivo Raha Waist Tie Top - Mustard/ Black Ameli Print,2
Soko Jani Threaders- Gold,1
Vivo Kitenge Multi Purpose Wrap - Black / Orange Ankara Print,1
Safari Mali Gathered Flounce Sleeve Tent Dress - Red,1
Vivo Loose Top - Sample 1,1
Vivo Short Kimono - Obu,1
Zoya Chill Spaghetti Strap Tank Top - Purple,1
Vivo Basic Satin Bishop Sleeved Top - Light Pink / Grey Abstract Print,1
Vivo Fitness Capri Leggings - Black / White Geometric Print,1
Safari by Vivo Savannah Drawstring Shacket in Linen - Black,1
Soko Umbo Circle Necklace Charm(Poppy) & Mini Ellipse Link Necklace Set - Gold,1
Vivo Merika Satin Wrap Top - Purple,1
Vivo Salma Maxi Boat Neck Dress - Orange,1
Vivo Basic Cap Sleeve Maxi Tent Dress - Brown / Red Print,1
Vivo Fara Side Flounce Top - Pink,1
Zoya Sitawi Bodycon - Navy blue,1
Vivo Leila Cap Sleeve Tent Maxi Dress - Navy Blue,1
Vivo Yumi High Low Shirt Dress - Red - Red / V0223154 / L,1
Lisa Beaded Choker and / or Double Wrap Bracelet - Black / Grey,1
Zoya Kyro Sleeveless Bodysuit - Black,1
Vivo Extra Wide Kaftan - Black / Grey,1
Vivo Chesi Wide Leg Pants - Rust / Black Hesi Print,1
Zoya Basic Long Sleeve Bodycon - Navy Blue,1
Vivo Ruwa Flounce Sleeve Tent Maxi Dress - Mustard / Orange Mizan Print,1
Vivo Kelemi Knee Length Kaftan - Rust / Green Lindi Print,1
Zoya Basic Tank Top - White,1
Vivo Talia Sleeveless Tank Top - White / Light Olive Alia Print,1
Vivo Yumi Maxi Shirt Dress - Yellow / Black Kasim Print,1
Vivo Dali Drawstring Shoulder Jumpsuit - Mint / Black Abstract Print,1
Vivo Dalia Sleeveless Gathered Tent Dress - Provincal Blue,1
Vivo Sarabi Panelled V-Neck Kaftan - Light Green,1
Vivo Basic Imelda Cowl Sweater - White,1
Vivo Basic Long Sleeved Bodysuit - Orange,1
Safari Men's Cargo Shorts - Beige,1
Safari Huru Short Sleeved Shirt Dress - Purple,1
Vivo Basic 3/4 Sleeve Cowl Double Layered Bodycon - Black,1
Vivo Knee Length Dress(special offer) - SAMPLE2,1
Vivo Basic Sienna Waterfall - Taupe,1
Vivo Basic Shirt - Taupe,1
Safari Mara Shirred Bishop Sleeve Dress - Hunters,1
Vivo Knee Length Dress - SAMPLE1 B.,1
Vivo Safa Slit Side Top - Olive,1
Zoya Luna Halter Neck Top - Black,1
Vivo Mock Maxi Dress - Orange,1
Vivo Tande Boat Neck Dress  - Burgundy,1
Vivo Yene Front Tie Tunic Top - Taupe / Green Lora Print,1
Soko Sabi Statement Ring - Gold (Size 9),1
Safari by Vivo Tawi Flounce Tent Dress - Lime Green,1
Vivo Basic Dolman Maxi Dress - Taupe,1
Safari by Vivo Savannah Kitenge Midi Wrap Dress - Juja Print,1
Soko Umbo Circle Necklace Charm(Cobalt) & Mini Ellipse Link Necklace Set - Gold,1
Vivo Jira Hoodie Jumper - Buttermilk,1
Vivo Chela Basic Cap Sleeve Top - Taupe,1
Vivo Keza V-Neck Maxi Kaftan - Off-White / Beige Print,1
Vivo Fahari Straight Leg Pants - Navy Blue,1
Vivo Basic Double Layered Wrap Poncho (Without Fringe) - Chocolate Brown / White,1
Vivo Fitness Long Sleeve V Neck Top - White,1
Zoya Basic Jersey Bandeau - Navy Blue,1
Vivo Fahari Strappy Cowl Top - Pink,1
Vivo Fara High Low Halter Maxi Dress - Black,1
Vivo X This Is Essentials Long Sleeve Crew Neck Bodysuit - Black,1
Vivo Zuri Cap Sleeved Maxi Dress - Burgundy / Rust Uri Print,1
Vivo Zuri Cap Sleeve Knee Length Dress - Black / Orange Print,1
Vivo Ava Tent Knee Length Dress - Black / Off-white Print,1
Soko Njia Dangle Hoops - Gold,1
Vivo Basic Long Sleeve Bodysuit (Seamless) - White,1
Vivo Hisi Dolman Knee Length Dress - Green,1
Vivo Sakari Drop Shoulder Jumpsuit - Grey,1
Vivo Basic Sienna Waterfall - Dark Mustard,1
Vivo Sleeveless Long Lily Waterfall - Dark Green,1
Vivo Sarong Skirt - Dark Green,1
Vivo Kitenge Multi Purpose Wrap - Black / White Spiral Ankara Print,1
Vivo Basic Leggings - Grey,1
Vivo Beali Sarong Skirt - Cream / Chocolate Lea Print,1
Vivo Sawari Crossed Cuff Batwing Top - Cream Bird Print,1
Lisa Leather Beaded Bracelet - Multi-Light Green,1
Vivo Basic Palazzo Pants  - Dark Green,1
Zoya Party Tie Back Bodycon - Buttermilk,1
Vivo Ayo Tent Dress - Black Flowers Print,1
Vivo Basic Leisure Pants - White,1
Vivo Basic Long Sleeved Bishop Top - Dark Grey,1
Vivo Analo Wide Leg Pants - Navy,1
Soko Umbo Square Statement Ring (Clear Size 7) - Gold,1
Vivo Chari Basic Chiffon Bishop Sleeve Top (Double Layered) - Light Beige,1
Vivo Zawadi Shift Dress - Black,1
Vivo Kala Wide Leg Pants - Black,1
Vivo Situ Ruffle Neck Jumpsuit - Yellow / Maroon Print Print,1
Vivo Tanda Handkerchief Drape Top - Black,1
Soko Signet Ring - Gold,1
Zoya Naya One Shoulder Flounce Satin Crop Top - Teal,1
Vivo Leila Asymmetrical Angel Sleeve Top - Teal,1
Vivo Basic Liv Chiffon Top - Marara,1
Vivo Upe Wide Leg Pants - Dark Green,1
Safari Zene Drop Shoulder Top - Taupe,1
Vivo Muna Cap Sleeved Knee Length Dress - Mint / Black Print,1
Vivo Safa Drawstring Wide Top - Forest Green,1
Vivo Basic Sleeveless Tent Maxi Dress - Tan / Black Fan Print,1
Vivo Soleil Shorts - Black / Taupe Almasi Print,1
Soko Imara Mini Hoop- Gold,1
Vivo Ayla Drop Shoulder Jumpsuit - Navy / Red Print,1
Vivo Zahari Drawstring Wide Leg Pants - Rust,1
Vivo X This Is Essential  Sleeveless Scooped Neck Bodysuit - Black,1
Vivo Niari Sleeveless Pleated Dress - White,1
Vivo Ruwa Flounce Sleeve Jumpsuit - Taupe / Black Tawi Print,1
Vivo Yumi Off Shoulder Jumpsuit - Cream / Black Rumi Print,1
Vivo Sanyu Boat Neck Midriff Top - Navy Blue,1
Soko Safu Herringbone Drop Earring - Gold,1
Safari Zene Tiered Above Knee Dress - Orange,1
Safari Nazari Bubble Midi Dress - Chocolate,1
Vivo Full Length Pants - Sample 3,1
Vivo Basic EW Loose Top - Navy Blue,1
Vivo Mira Midi Kimono (Petite) - Black,1
Zoya Sitawi Shirt Dress - Black /  White A bstract Print,1
Vivo Scalloped Kimono in Crepe - Brown / Grey Print,1
Vivo Kala Slit Maxi Dress - Taupe / Orange Bemba Print,1
Vivo Basic Double Layered Wrap Poncho (Without Fringe) - Pink / Black,1
Zoya X Metamorphisized 143 Raglan Sleeve Midriff Top - White / Black,1
Vivo Arafa Wrap Dress - Maroon,1
Zoya Basic Val Tank Top - Black,1
Vivo Jacket - Fs 4,1
Vivo Basic Sleeveless Tent Dress - Peach/Brown Print,1
Vivo Basic Waterfall - Navy Blue,1
Vivo Zawadi Shift Dress - Dark Navy,1
Safari Mali 3/4 Bishop Sleeve Tie Top - Baby Blue,1
Vivo Analo Wide Hem Tent Dress - Grey,1
Vivo Sierra Bishop Sleeve Tent Dress - Dusty Pink,1
Safari Kaya Long Sleeve Collar Shirt - Pink,1
Lisa Love Crazy Candles,1
Safari Lira Sleeveless Coat - Light Taupe,1
Ruffle Trim Tie Side Wrap Dress - Black,1
Vivo Basic Sleeveless Extra Long Lily Waterfall - Orange,1
Soko Umbo Drop Earrings - Gold,1
Vivo X This Is Essential  Short Sleeve Bodysuit - Taupe,1
Vivo Basic Liv Chiffon Top - Coral,1
Vivo Muna Chiffon Kimono - Black Mimo Print,1
Vivo Sanyu Shift Dress - Purple,1
Long Sleeve Crew Neck Dress - Wild Ginger,1
Vivo Unitard - PB5,1
Vivo Faraji Long Sleeve Jacket - Burgundy,1
Vivo Yene Wide Leg Pants - Light Teal,1
Safari by Vivo Kaya Sleeveless Tent Shirt Dress - Blue,1
Vivo Basic Tolani Jersey Dress - Forest Green,1
Vivo Serwa Tent Dress - Pink / Black Wera Print,1
Vivo Imara Sleeveless Front Tie Dress - Blue / Black Chale Print,1
Vivo Laika Long Sleeve Tie Top - Cream Animal Print,1
Vivo Basic Chiffon Bishop Sleeve Top (Double Layered) - Beige,1
Vivo Raha Satin Joggers - Black,1
Vivo Iyana Cape Top in Chiffon - Purple / Black Bori Print,1
Vivo Basic Satin Bishop Sleeved Top - Lilac,1
Vivo Basic Julia 3/4 Sleeve  Back Pleat Knee Length Dress - Mustard,1
Vivo Adisa Flounce Sleeve Open Jacket - Purple,1
Zahari Straight Leg Pants - Off White,1
Zoya Luna Drape Tie Top - Khaki,1
Vivo Yene Layered Top - Off white,1
Safari by Vivo Mali Gathered Flounce Sleeve Tent Dress - Black,1
Vivo Alika High Waist Pants - Navy Blue / Orange Siri Print,1
Vivo Raha Wide Leg Shorts - Pink,1
Soko Twist Stacked Bangles (Small/Medium) - Gold,1
Safari Tafari Off Shoulder Crop Top - Dafi Print,1
Vivo Maxi Dress - RFS 1,1
Safari Dila  Poncho - Olive Green/ Mustard,1
Vivo Waridi Pencil Skirt - White,1
Soko Kazuri Lariat - Gold,1
Vivo Basic Satin Cap Sleeve Top - Black / White Abstract Print,1
Zoya Nia Wide Cargo Wide Leg Pants  - White,1
Vivo Tahisa Straight Leg Pants - White,1
Zoya Mini Dress - SAMPLE 1,1
Vivo Cowl Sweater Top - Rust,1
Soko Imba Mini Hoop Earrings - Gold,1
Vivo Side Twist Dress - Mustard,1
Vivo Yumi High Waist Pants  - Burgundy,1
Vivo Amali Wide Leg Rib Pants - Lilac,1
Vivo Basic Extra Long Lily Waterfall - Taupe,1
Safari Kamari Croped Trench Coat - Black,1
Vivo Basic Palazzo Pants  - Black,1
Vivo Basic Double Layered Long Sleeved Bodysuit - Buttermilk,1
Vivo Thando Mock Neck Maxi Dress - Black / White Abstract Print,1
Vivo Basic Palazzo Pants  - Hunters Green,1
Safari Mali Off Shoulder Ruffle Top - Blue,1
Vivo Rema High Low Maxi Dress - Royal Blue,1
Vivo Essi Scalloped Top - Sea Green,1
Vivo Kitenge Infinity Jumpsuit - Bukavu,1
Lisa Leather Beaded Bracelet - Multi-Dark Green,1
Vivo Safiya Maxi Dress - Hunters,1
Vivo Zahari Drop Shoulder High Low Dress - Cream / Black Print,1
Vivo Basic Side Twist Knee Length Dress - Sea Green,1
Vivo Basic Cap Sleeve Tent Knee Length Dress - Navy / White Print,1
Zoya Basic Short Sleeve Crop Top - Taupe,1
Vivo Hanabi Cape Coat - Black,1
Vivo Cuffed Wrap Poncho - Light Taupe,1
Vivo Tanda Handkerchief Drape Top - White,1
Vivo Pelia Kimono - Taupe / Black Polka Print,1
Vivo Basic Liv Chiffon Top - Cream / Brown Poni Print,1
Vivo Situ Off Shoulder Tie Dress - Peach / Purple Manda Print,1
Vivo Amara Sleeveless High Low Top - Tan,1
Vivo Jira Maxi Skirt - Tan,1
Vivo Golf Long Sleeve Placket Front Top - Orange,1
Vivo Tatili Wide Leg Pants - Peach,1
Vivo Ajani Mandarin V-Neck Collar Top - Gold / Navy Blue,1
Vivo Nasinka Wrap Dress - Dark Mustard / Black Nasi Print,1
Vivo Basic Wide Liv Chiffon Maxi - Black / White Print,1
Vivo Knee Length Kaftan in Satin - White / Grey Print,1
Vivo Chidii Drop Shoulder Kimono - Teal / Black Ameli Print,1
Vivo Amara Cap Sleeve Layered Top - Purple,1
Vivo Basic Faux Pocket Leisure Pants - Hunters Green,1
Vivo Basic Crepe Pants - Purple,1
Vivo Basic Sleeveless Sienna Waterfall - Orange,1
Vivo Sleeveless Sweater Bodycon - Teal,1
Vivo Analo Wide Hem Tent Dress - Mustard,1
Vivo Basic Cap Sleeve Maxi Tent Dress - Black / White Print,1
Vivo Naya Long Sleeve Ruffle Short Jacket - Duara,1
Vivo Pelia Kimono - Beige / Black Print,1
Vivo Nandi Short Kimono - Brown Leaf Print,1
Vivo Mistari Long Sleeved Side Tie Top - Blue,1
Vivo Lani Maxi Dress - Black / Chocolate Print,1
Vivo Zahari Straight Leg Pants - Black,1
Vivo Maisha Wide High Low Top - Black / Brown Print,1
Vivo Safa Straight Leg Pants - Taupe,1
Vivo Hisi Dolman Knee Length Dress - Tan,1
Zoya X Metamorphisized 143 Raglan Sleeve Crop Top - Navy Blue / White,1
Safari by Vivo Njano Men's Knee Length Shorts - Hunters Green,1
Vivo Ava 3/4 Sleeve Kimono -Yellow,1
Vivo Culottes - Aldabra,1
Vivo Basic Cap Sleeved Bodysuit - Purple,1
Zoya Essentials Mini Bodycon - Navy / Beige Print,1
Vivo Joggers - Benue,1
Vivo Mira Cap Sleeve Cross back Top - Hunters Green,1
Vivo X Essence  Ruffle Neck Jumpsuit - Dark Mustard / Black Manda Print,1
Vivo Zahari Long Sleeve Shirt - Dark Green,1
Vivo Alek Shirred Off- Shoulder Jumpsuit - Rust Jazah Print,1
Sleeveless Racer-back Dress - Dusty Blue,1
Zoya Men's Round Neck T-shirt - Grey,1
Soko Wazi Horn Statement Necklace (GOLD)  - Black,1
Vivo Tulia Long Sleeved Top -  Orange,1
Zoya Party Turtle Neck Maxi Top - Black,1
Vivo Hanabi Satin High Low Top - Brown / Beige Shima Print,1
Vivo Waterfalls & Kimonos - FS 8,1
Vivo Amai Cape Top - Teal / Black,1
Soko Moto Hoops- Gold,1
Vivo Chidii Batwing Top  - Rust / Black Sidi Print,1
Safari by Vivo Savannah Drawstring Shacket in Linen - Hunters,1
Vivo Yene V Neck Slip Dress - Plum,1
Vivo Cuffed Wrap Poncho - Olive,1
Vivo Basic Tent Shirt Dress - Blue / Black Abstract Print,1
Vivo Tana Jersey Tulip Back Waterfall - Forest Green,1
Vivo Tatili Cuffed Bishop Sleeve Top - Light Blue / Navy Print,1
Vivo Saida Long Sleeve Jacket - Navy,1
Zoya Capri Leggings - Dark Green,1
Safari Kikoy Tunic High Low Top With Side Slits - Blue / Red Print,1
Vivo Fitness Leggings - Black / Mustard Geometric Print,1
Soko Capsule Collar Necklace - Gold,1
Safari Huru 3/4 Sleeved Loose Top - Black,1
Vivo Basic May Jersey Waterfall - Hunters Green,1
Vivo Basic Satin Cap Sleeve Top - Peach,1
Vivo Basic Crepe Pants - Pink/Turqoise Blue,1
Soko Delicate Bidu Chain Threader Earring - Gold,1
Zoya Kyro Straight Leg Pants - Navy,1
Safari Tiwa Side Slit Kimono - White,1
Vivo Chidii Drop Shoulder Kimono - White / Black Koto Print,1
Vivo Isabi Loose Top - Navy,1
Lisa Leather Beaded Bracelet - Multi-Light Blue / Black,1
Vivo Midi & Capri Skirts - SAMPLE 2,1
Vivo Amai Knee Length Dresses - Black,1
Vivo Basic Chiffon Tie Kaftan Top - Lime Green,1
Vivo Basic Long Sleeve Straight Maxi Dress - Burgundy,1
Vivo Lero Short Sleeve Top - Grey,1
Soko Teak Interlocking Bangles (M/L) - Gold,1
Vivo Dua Shirt - Royal Blue,1
Soko Sabi Studs- Gold,1
Vivo Chela Scalloped Sleeveless Top - Light Taupe,1
"Vivo Pashmina Shawl, Navy Blue",1
Vivo Jema High Slit Maxi Kimono - Red / Black,1
Zoya Sitawi A-line Mini Skirt - Black,1
Vivo Kelemi 4.0 Kaftan - Olive,1
Vivo Fitness Leggings - Black / White Geometric Print,1
Zoya Banda Strappy Playsuit - Black,1
Safari Hawi Cargo Pants - Gold,1
Vivo Basic Liv Chiffon Top - Chui,1
Vivo Tatili Drop Shoulder Cowl Top - Teal,1
Safari Kikoy Wide Elastic Shorts - Pink Print,1
Vivo Jira Scoop Neck Jumpsuit - Hunters Green,1
Vivo Pelia Kimono - Blush / Black Large Polka Print,1
Vivo Basic Julia Back Pleat Maxi Dress - Orange,1
Soko Kaya Charm Necklace- Gold,1
Vivo Sanyu Drop Shoulder Top - Mustard,1
Vivo Mini Butterfly Waterfall - Black,1
Vivo Esna Drop Shoulder High Low Dress - Brown,1
Vivo Keza V-Neck Maxi Kaftan - Grey / Beige Print,1
Vivo Sierra Bishop Sleeve Satin Top - Hot Pink,1
Vivo Keza Wide Satin Kimono -  Maroon / Taupe Print,1
Zoya Nia Crop Bomber Jacket - White,1
Vivo Basic Crepe Cap Sleeved Top - Purple,1
Vivo Jira Front Overlap Midriff Top - Safron,1
Vivo Sana Long Sleeved Maxi cover-Up - White /Blue Animal Stripes Print,1
Yumi Sleeveless Knee Length Dress - Navy Blue,1
Vivo Basic Crepe Cap Sleeve Top - Light Blue,1
Safari Anga Wide Shorts - Navy Blue / Orange Ankara Print,1
Vivo Basic Satin Cap Sleeve Top - Brown,1
Vivo Alora Pleated Pants - Dark Grey,1
Soko Obiti Statement Ring (Size 5) - Gold,1
Vivo Ayla Off-Shoulder Jumpsuit - Blush Pink / Black Lala Print,1
Soko Mpira Threader Earring - Black,1
Safari Huru Halter Sleeveless High Low Dress - Rust,1
Vivo Safa Drop Shoulder Top - Taupe,1
Zoya Banda Unisex Shacket - Blue,1
Vivo Sleeveless Double Layered Bodycon - Mustard,1
Vivo Basic Long Sleeved Top - Sea Green,1
Vivo X Essence High Low Top - Green / White Print,1
Soko Amali Chain Threader Earrings - Gold,1
Vivo Basic Satin Bishop Sleeved Top - Blue / Rust Floral Print,1
Vivo Slim Fit Pants in Ponte - Maroon,1
Vivo Basic Nalia High Low Jersey Top - White,1
Vivo Dua Shirt - Light Taupe,1
Safari Njano Cowl Top - White,1
Vivo Sanyu Bubble Off - Shoulder Top - Shoulder Top - Black,1
Vivo Fara Wide Leg Pants - Green,1
Vivo Muna Cap Sleeved Knee Length Dress - Black / White Print,1
Safari Savannah Wrap Top - Hunters,1
Zoya Sitawi Shirt Blouse - White,1
Vivo Azawi Sleeveless Overcoat - Burgundy,1
Vivo Chidii Drop Shoulder Kimono - Rust / Black Sidi Print,1
Soko Bone Rectangle Medallion Necklace - White,1
Vivo Alika Knee Length Kimono - Navy,1
Vivo Basic Crepe Cap Sleeved Top - Lime Kasai Print,1
Vivo Basic Open Kaftan - Blush Pink Meti Print,1
Square-Back V-Neck Dress - Zen Blue,1
Vivo Sierra Bishop Sleeve Satin Top - Champagne,1
Vivo Kelemi Halter Maxi Dress - Lime Print,1
Safari by Vivo Nimali High Low Tunic Top - Orange,1
Lisa Feather Earrings,1
Vivo Basic Crepe Cap Sleeved Top - Rust Jazah Print,1
Vivo Hadiya Tie Maxi Dress - Red / Green Shira Print,1
Vivo Basic Wide Loose Top - Red / Light Pink Floral Print,1
Denim Haven High Rise Skinny Jeans - Light Blue,1
Popular 21 Shirred Bust Puff Sleeve Bustier Top - Black,1
Soko Laini Mini Hoops- Gold,1
Vivo Tahisa Straight Leg Pants -Light Olive,1
Vivo Jira Maxi Waterfall - Yellow,1
Soko Horn Dash Chain Threader Earrings - Gold Black,1
Vivo Basic Long Sleeved Bodysuit in Jersey - Dark Green,1
Vivo Taji Straight Leg Pants - Navy Blue,1
Vivo Analo Front Placket Coat - Mustard,1
Vivo Mira Front Drape Pants - Black,1
Zoya Kyro Straight Leg Pants - Hunters,1
Soko Thin bar pendant Necklace - Gold,1
Vivo Izzy Satin Bishop Sleeve Top - Offwhite / Black Abstract Pint,1
Vivo Short Side Pleat Sweater - Yellow,1
Soko Meta Stacking Rings (Size 8) - Gold,1
Safari Kikoy Tie Back Maxi Dress - Black,1
Safari Kamari Drop Shoulder Top - Black,1
Vivo Mistari 3/4 Sleeve Round Neck Front Tie Top - Teal,1
Vivo Fahari V Neck Sleeveless Top - Mustard,1
Safari Tiwa Shirred Midi Dress - Chocolate,1
Vivo Yumi Cap Sleeve Dress - Dusty Olive,1
Vivo Safa Drawstring Wide Top - Taupe,1
Vivo Reba Hi Low Dress - Navy / White Print,1
Anika Parachute Miniskirt W/Elasticated Waist & Drawcord and Cargo Like Pockets - Green,1
Vivo Issa Asymmetric Poncho - Dark Green,1
Vivo Basic 3/4 Sleeve Leila Bodycon Dress - Burnt Orange,1
Lisa Lunar Anne Long Earcuff - Gold,1
Soko Delicate Dash Ring - Gold (Size 7),1
Vivo Sierra Cap Sleeve Tent Chiffon Dress - Blue / White Era Print,1
Soko Obiti Hemisphere Ring (Size 6) - Gold,1
Soko Dash Coil Ring (Size 6) - Gold,1
Vivo Sierra Sleeveless Double Layered Top in Chiffon - Hunters,1
Zene Off Shoulder Top - Pink,1
Vivo Fahari Straight Leg Pants - Dark Purple,1
Soko Karamu Horn Hoop Earrings - Gold / Black,1
Safari Tie Knee Length Dress - Red,1
Vivo Rema Drawstring Pants - Dark Taupe,1
Safari Mansi Kick Pleat A-Line Skirt - Maroon,1
Vivo Ayo Tent Dress - Cream / Blue Print,1
Vivo Thando Mock Neck Maxi Dress - Navy,1
Vivo Seli Wide Leg Pants - Navy / Blue Raha Print,1
Vivo Muna Cap Sleeved Knee Length Dress - Purple Print,1
Vivo Essentials Lounge Jumpsuit with Slits - Dark Green,1
Safari Kikoy Long Sleeve Shacket - Green,1
Vivo Knee Length Skirts - Sample1,1
Zoya Sitawi A-line Mini Dress - Green / Grey Houndstooth Print,1
Vivo Sweaters & Ponchos - FS 4,1
Vivo X Pinky Full Length Fitness Leggings - Black,1
Zoya X Bold Corduroy Shorts - Navy Blue,1
Vivo Zahari 3/4 Sleeve Off-Shoulder Jumpsuit - Black / White Print,1
Vivo Ava Tent Flounce Maxi Dress - Blue / White Print,1
Vivo Basic Val Cap Sleeve Top - Buttermilk,1
Vivo Zena Shirred Waist Maxi Shirt Dress - Rust Jazah Print,1
Vivo Basic Shirt - Teal,1
Safari Long Sleeve Waterfall - Hunters,1
Vivo Long Sleeve Leila Bodycon Dress - Navy Blue,1
Safari Ayana 3/4 Sleeved Off Shoulder Tent Maxi Dress - Mustard/ Green Print,1
Vivo Basic Boundneck Puff Sleeve Top - Rust,1
Waridi Sleeveless Overcoat - Maroon,1
Vivo Loose Top - Sample 2,1
Vivo Ava Tent Flounce Maxi Dress - Taupe / White Print,1
Vivo Capri/Midi Length Dress - SAMPLE 2,1
Safari by Vivo Zehra Short Kimono - Black / Dark Brown Print,1
Zoya X Bold Hoodie Print Crop Top - Rainbow / Geometric Print,1
Vivo Basic Sleeveless Long Lily Waterfall - Black,1
Vivo Essentials Sleeveless Tent Maxi Waterfall - Dark Green,1
Vivo Sierra Cap Sleeve Tent Chiffon Dress - White / Cream Meza Print,1
Safari Men's Shacket - Light Green,1
Vivo Raha Wide Leg Pants - Purple,1
Vivo Zena Shirred Waist Maxi Shirt Dress - Pink / Navy Ena Print,1
Soko Delicate Ellipse Bracelet - Gold,1
Vivo Liora Asymmetrical Kaftan Top in Satin - Black / White Print,1
Vivo Basic Shirred Sleeve Dress Top - Dark Taupe,1
Vivo Nora Wide Leg Pants - Dark Pink,1
Vivo Maisha Wide High Low Top - White / Blue Print,1
Vivo Analo Wide Hem Tent Dress - Navy,1
Zoya Halter Neck Fitness Top - Black,1
Vivo Basic Double Layered Long Sleeved Bodysuit - Yellow,1
Vivo Isabi Midi Skirt - Black,1
Vivo Basic Leila Short Waterfall - Safron,1
Vivo Tande Front Slit Skirt - Hunters,1
Vivo Tande Front Drape Skirt - Black,1
Vivo Basic Cap Sleeve Maxi Tent Dress - Blue / Black Sifa Print,1
Anika Knitted Sleeveless Crop With Metallic Details - White,1
Vivo Side Slit Midi Waterfall - Dark Mustard,1
Vivo Fimi Strappy Jumpsuit - Buttermilk/ Blue Ua Print,1
Vivo Kena Tent Dress - Sample,1
Vivo Cuffed Wrap Poncho - Ivory,1
Safari by Vivo Zehra Kitenge Shorts - Loom Print,1
Vivo Trench Coat - Tana Print,1
Vivo Basic Long Sleeved Double Layered Bodycon - Navy Blue,1
Vivo Nimali Satin Halter Top - White,1
Vivo Basic Crepe Cap Sleeve Top - Jungle Green,1
Lisa Leather Beaded Bracelet - Multi-Chocolate / Gold,1
Vivo Tana Off Shoulder Maxi Dress - Navy Blue / Cream Print,1
Zoya Athleisure One Shoulder Crop Top - Animal Print,1
Vivo Sleeveless Blazer - Asmara,1
Vivo Maisha Wide High Low Top - Taupe / Black Print,1
Vivo Amai Hi-Low Top - Navy Wingu Print,1
Vivo Basic Sleeveless Sienna Waterfall - Hunters Green,1
Vivo Basic Cap Sleeve Maxi Tent Dress - Blush Pink / Black Zari Print,1
Vivo Paji Cap Sleeve A-Line Dress (Regular) - Beige,1
Vivo Basic Bodycon Dress - Dark Green,1
Vivo Hanabi Satin High Low Top - Dark Mustard,1
Vivo Mandla Jumpsuit - Olive / Black Anla Print,1
Vivo Basic Chiffon Cap Sleeve Top (Double Layered) - Purple,1
Vivo Ava Tent Knee Length Dress - Lime / Yellow Abasi Print,1
Vivo Basic Mini Butterfly Waterfall - Sea Green,1
Safari by Vivo Zehra 3/4 Sleeve Kitenge Maxi Dress - Zuberi Print,1
Vivo Basic Midi Pencil Skirt - Dark Green,1
Vivo Merika Satin Wrap Top - Tan / Black Ridi Print,1
Zoya Basic Raglan Sleeve Midriff Top - Navy,1
Vivo Fara Off Shoulder Flounce Sleeve Jumpsuit - Dusty Pink,1
Safari Kikoy Bubble Sleeve Crop Wrap Top - Blue,1
Soko Shujaa Cuff (M/L) - Gold,1
Safari Mali 3/4 Bishop Sleeve  Tie Top - Hunters Green,1
Short-Sleeved Lettice Hem Dress - Polignac,1
Vivo Shaa Sleeveless Knee Length Dress - White / Brown Print,1
Vivo Dali Panel Dress - Black,1
Vivo Zahari Bishop Sleeve Top With Belt - Mint Green / Black Zari Print,1
Vivo Sierra Bishop Sleeve Top - Plaid Mustard,1
Zoya Chill Cap Sleeve T-shirt - Blue,1
Vivo Iyana Bubble Knee Length Dress in Satin - Lilac / Black Riwa Print,1
Alara Button down Long Sleeve Shirt-Burgundy,1
Vivo Izzy Satin Bishop Sleeve Top - Pink,1
Safari Bush Sweatshirt - Teal,1
Vivo Sleeveless Side  Slit Midi  Waterfall - Mustard,1
Vivo Talek Lap - Over Top - Beige / Brown Geometric Print,1
Zoya Basic Bodycon - Sea Green,1
Vivo Basic Dua Jacket - Raspberry,1
Soko Twist Hoop Earring - Gold,1
Vivo Basic Leila Short Waterfall - Hunters,1
Safari by Vivo Kaya Long Sleeve Collar Shirt - Grey,1
Vivo Dali Strappy Cold Shoulder Top - Black,1
Vivo Dua Jacket - Hunters Green,1
Lisa Tripple Disc Beaded Earrings - Brown / Black,1
Vivo Basic Nandi High Slit Kimono - Black / White Zondi Print,1
Vivo Dua Long Bishop Sleeve Top - Hot Pink,1
Vivo Sleeveless Side  Slit Midi  Waterfall - OffWhite,1
Vivo Basic Sleeveless Double Layered Bodycon - Navy Blue,1
Zoya Kyro Women's Oversized Blazer - Brown,1
Vivo Ria Waterfall - Lilac,1
Vivo Ria Waterfall - Pink,1
Lisa Leather Beaded Bracelet - Multi-Mustard / Yellow,1
Vivo Malindi Tunic Dress With Frills - Red,1
Safari by Vivo Kaya Long Sleeve Shirt Dress - Navy,1
Vivo Ria Drawstring Pants - Pink,1
Vivo Reversible Poncho without Fringes - Rust / Mustard  Samba Print,1
Safari Lira Front Panelled Shirt Dress - Black / White,1
Vivo Dalia Sleeveless Gathered Tent Dress - Brown / Black Print,1
Safari by Vivo Kaya Sleeveless Tent Shirt Dress - Navy Blue,1
Zoya Nia Off Shoulder Knee Length Dress - Blue / Lime Green Floral Print,1
Vivo Fitness Racer Back Top - Off White,1
Vivo Basic Palazzo Pants - Rust / Brown Abstract Print,1
Safari by Vivo Zehra Kitenge Shorts - Tuze Print,1
Vivo Wila Dolman Tunic - Rust,1
Vivo Basic Dolman Maxi Dress - Dark Green,1
Vivo Talia Maxi Slip Skirt in Satin - Red,1
Safari by Vivo Naledi Bubble Midi Dress - Isara Print,1
Vivo Laika 3/4 Sleeve Tent Dress - Peach,1
Alara Perfect Treasures Leaf Dress - Blue Print,1
Vivo Zola V Neck Cap Sleeve Maxi Dress - Dark Navy / Taupe Print,1
Vivo Lumi Back Pleat Maxi Dress - Peach / Black Chant Print,1
Vivo Dayo Off-Shoulder Slit Maxi Dress - Dark Green,1
Vivo Reba Dolman Dress  - Dark Teal,1
Vivo Adama Poncho - Mustard,1
Safari Tawi Wrap Skirt - Olive Green,1
Vivo Strappy Tiered Maxi Dress - Maua,1
Backless Spaghetti Strap Mini Dress - Blue Green Swirl,1
Vivo Analo Wide Leg Pants - Grey,1
Safari Hawi Peplum Bishop Sleeve Wrap Coat - Red,1
Vivo Jamila Kaftan Top - Lime / Black,1
Vivo Alani Boat Neck Midi Dress - White,1
Vivo Basic Wide Liv Chiffon Maxi - Beige / Black Print,1
Vivo Fitness Bikers - Black,1
Vivo Basic Straight Maxi Dress - Dark Green,1
Vivo Sleeveless Sweater Bodycon - Black,1
Anika Lea Ribbed Sleeveless Bodysuits - Sea Foam Green,1
Soko Sana Horn Cuff (Natural) - Gold,1
Vivo Kitenge Wide Leg Pants - Sipo Print,1
Vivo Analo Wide Leg Pants - Light Purple,1
Vivo Lani Maxi Dress - Gold / Cherry Print,1
Vivo Ayah Satin Pants - White / Orange Ullu Print,1
Vivo Basic Sleeveless Tent Dress - Tan/Black Print,1
Vivo V Neck Flounce Hem Dress - Mustard,1
Vivo Basic Turtle Neck Top - Red,1
Vivo Lani Maxi Dress - White / Black Hini Print,1
Anika Mindy Crepe Pants With Angular Pockets - Burgundy,1
Vivo Pelia Kimono - Dusty Pink / Black Print,1
Vivo Basic Julia 3/4 Sleeve Back Pleat Maxi Dress - Dark Green,1
Vivo Tande Camisole - Grey,1
Zoya Basic Val Tank Top - White,1
Soko Maji Statement Stud Earring - Gold,1
Soko Maji Dangle Earringe - Gold,1
Vivo Studio Bell Sleeve Tunic Top in Rib - Mustard,1
Soko Kazuri Lariat - Green,1
Vivo Shorts - FS 5,1
Vivo Muna Cap Sleeve Dress - Blue Print,1
Soko Tiriko Midi Molten Drip Hoop - Silver,1
Vivo Yene Front Tie Top - Teal,1
Vivo Basic Crepe Pants - Teal / Black Umbo Print,1
Safari Tawi Flounce Tent Dress - Pink,1
Lisa Leather Beaded Bracelet - Multi-Green,1
Vivo Maisha Butterfly Waterfall - Grey / Pink Fani Print,1
Safari by Vivo  Savannah Wrap Top - Beige,1
Vivo Meli Satin Pants - Black,1
Zoya Kyro Women's Oversized Blazer - Navy,1
Vivo X This Is Essential  Short Sleeve Bodysuit - White,1
Vivo Halter Maxi With Lining - Multicolour Print,1
Vivo Basic Satin Cap Sleeve Top - Light Blue,1
Vivo Imara 3/4 Sleeve A-Line Dress - Taupe / Hunters Lana Print,1
Vivo Sierra Maxi Dress in Chiffon  - Orange / Black Bori Print  ,1
Vivo Waridi Pencil Skirt - Green,1
Vivo Tanda Batwing Top - Olive,1
Vivo Alora Shift Dress - Off White,1
Vivo Basic Crepe Cap Sleeved Top - Brown / White Print,1
Vivo Dali Panel Dress - Dark Green,1
Vivo Kelemi 4.0 Kaftan - Navy,1
Vivo Basic Crepe Cap Sleeved Top - Dark Pink,1
Soko Shujaa Wood Link Stud Earring - Natural,1
Vivo Jira Cocoon Waterfall - Navy Blue,1
Safari Kikoy Off Shoulder Crop Top - Light Blue Print,1
Vivo Lumi Drop Shoulder Side Cowl Drape Dress - Burgundy,1
Vivo Dali 3/4 Cut Out Sleeve Maxi Dress - Green,1
Vivo Hisi Drop Shoulder Maxi Dress - Buttermilk,1
Vivo Bissa Reversible Maxi Dress - Yellow / Black Print,1
Safari Tawi Bishop Sleeve Tiered Dress - White,1
Vivo Maisha Wide High Low Top - Cream / Brown Print,1
Vivo Basic Back Pleat High Low Dress - Light Green,1
Vivo Knee Length Skirts - FS 4,1
Soko Umbo Drop Earrings - Silver,1
Vivo Saida Sheath Dress - Navy / Mustard,1
Vivo Basic Satin Bishop Sleeved Top - Navy Teli Print,1
Vivo Pendo Puff Sleeve Shift Dress - Taupe / Lime Shale Print,1
Vivo Ayana Cap Sleeve High Low Tent Dress - Rust / Brown Animal Print,1
Vivo Ruwa Pleated Shoulder Top - Sample,1
Vivo Dalia Off Shoulder Jumpsuit - Cream / Navy Abstract Print,1
Vivo Basic Hooded Kimono - Green / Blue Print,1
Vivo Isabi Sleeveless Kimono - Yellow,1
Vivo Fanah Long Sleeved Waterfall - Dark Grey,1
Vivo Sakari Cap Sleeve Drape Top - Sari Coral Print,1
Vivo Ruwa Pleated Shoulder Top - Yellow,1
Vivo Sanyu Boat Neck Midriff Top - Taupe / Green Lemi Print,1
Vivo Basic Sleeveless Leila Bodycon Dress - Hunters Green,1
Vivo Joggers - Sabie,1
Vivo Wastani Shirred Cuff Asymmetrical Top - Black,1
Vivo Nimali Satin Joggers - Dark Green,1
Vivo Basic EW Loose Top - Tan,1
Vivo Sawari Long Sleeve V-Neck Midriff Top - White,1
Vivo Basic Julia Back Pleat Maxi Dress - Tan,1
Vivo Basic Satin Cap Sleeve Top - Black / White Geometric Print,1
Vivo Yumi Maxi Shirt Dress -  Brown /Olive,1
Safari Anga Puffy Short Sleeve Tie Top - Lime Green / Black Ankara Print,1
Vivo Sierra Long Sleeve Top in Chiffon (Double Layered)  - Chocolate,1
Vivo Rema Straight Leg Pants - Buttermilk,1
Vivo Basic Sienna Jersey Top - Sea Green,1
Safari Lira Front Panelled Shirt Dress - Navy / Blue,1
Vivo Fara Dolman Cuff Top - White,1
Vivo Basic Sienna Jersey Top - Black,1
Vivo Hamle Bias Twist Dress - Black,1
Safari Tara Bishop Sleeve Dress - Navy / Red Maya Print,1
Vivo Jacket - FS 5,1
Vivo Reba Hi Low  Dress  - Tan / Brown Riba Print,1
Zoya Basic  Raglan Sleeve Midriff Top - Navy,1
Vivo Shaa  Drop Shoulder Knee Length Dress - Taupe / Cream Print,1
Soko Makali Delicate Necklace- Gold,1
Vivo Basic Val Long Sleeve Sleeve Top - Deep Teal,1
Safari by Vivo Savannah Kitenge Chinese Collar Shirt - Shama Print,1
Zoya Party Low V-Neck Bodysuit - Black,1
Safari Sizani Men's Kitenge Tuxedo Shirt - Black,1
Vivo Yene High Slit Tunic Top - Plum,1
Vivo Tana Puff Sleeve Bodysuit - Burgundy,1
Vivo Saida Ruffle Neck Sheath Dress - Beige / Rust Gola Print,1
Vivo Upe Wide Leg Pants in Ponte - Taupe,1
Vivo Jamila Halter Neck Maxi Dress - Light Purple / Black Voi Print,1
Safari by Vivo Kikoy Tie Back Maxi Dress - Dark Maroon,1
Lisa Large Disc Beaded Earrings - Black / Gold,1
Vivo Izzy Satin Bishop Sleeve Top - Blue,1
Spaghetti-Strap Mini Dress - Orchid Bloom,1
Vivo Kala Slit Maxi Dress - Burgundy / Hunters Bemba Print,1
Vivo Basic Crepe Pants - Lime,1
Vivo Basic Leila Maxi Waterfall - Buttermilk,1
Anika Corduroy Side Slit Mini Skirt - Beige,1
Soko Bidu Threader- Gold,1
Vivo Maisha Top & Pant Set- Cream / Black Print,1
Vivo Basic Long Sleeve Cascade Waterfall - White,1
Anika Double Layer Tank - Black,1
Safari Njano Men's Straight Leg Pants - Obu Print,1
Soko Twist Bow Earrings - Gold,1
Vivo Tana Puff Sleeve Bodysuit - Yellow,1
Vivo Kitenge Shirred Waist Maxi Skirt - Tana Print,1
Vivo Fahari Drop Shoulder Cowl Top - Grey,1
Vivo Reba Hi Low  Dress - Tan / Brown Riba Print,1
Vivo Laika 3/4 Bishop Sleeve Loose Top - White,1
Vivo Basic Sienna Waterfall - Tan,1
Vivo Amara Cap Sleeve Layered Dress - Hunters Green,1
Safari Zene Drop Shoulder Top - Yellow,1
Vivo Naya Strappy Midi Body-Con Dress - Black,1
Zoya Sitawi Round Neck Midriff Top - Black,1
Vivo 2-Way Wrap Top - Lashi Print,1
Vivo Nasinka A-line Maxi Dress - Black,1
Vivo Amara Asymmetric Top - Black / Mustard Sanna Print,1
Vivo Reba Tapered Shirt Dress - Olive / Mustard Riba Print,1
Safari Anga Sleeveless Halter A-Line Dress - Black,1
Vivo Lani Maxi Top - White / Black Print,1
Zoya Basic Sleeveless Bodysuit - Navy Blue,1
Vivo Jamila Side Drape Top - Yellow Floral Print,1
Vivo Tana Scalloped V-Neck Top - Black / Blue Floral Print,1
Vivo Kitenge Multi Purpose Wrap - Blue / Orange Ankara Print,1
Zoya Basic Jersey Bandeau - Pink,1
Vivo Joggers - Lamu,1
Vivo Safa Sweater - Burnt Orange,1
Vivo Everyday Cap Sleeve Top - Hunters Green,1
Vivo X This Is Essential  Sleeveless High Neck Bodysuit - White,1
Soko Sabi Statement Ring - Gold (Size 8),1
Vivo Hoodie High Low Poncho - Dark Red,1
Vivo Soleil Sleeveless Drape Jumpsuit - Mustard/ Olive Almasi Print,1
Safari Mali Off - Shoulder Ruffle Knee Length Dress - Dark Pink,1
Safari by Vivo Zehra Embroidered Linen Kimono - White,1
Vivo Jema High Low Tent Dress - Teal,1
Zoya Basic Long Sleeve Bodycon - Tan,1
Vivo Jira Batwing Hoodie Top - Yellow,1
Vivo Maxi Skirts - FS 5,1
Vivo Lani Satin High Low Dress - Lime / Black Hini Print,1
Vivo Basic May Jersey Waterfall - Forest Green,1
Vivo Wendy Top - Taupe,1
Vivo Arafa Wrap Dress - Dark Pink,1
Vivo Beali Sarong Skirt - White / Taupe Lea Print,1
Safari Kaya Long Sleeve Collar Shirt - Blue,1
Vivo Basic Double Layered Long Sleeved Bodysuit - Taupe,1
"Vivo Pashmina Shawl, Rust Orange",1
Vivo Jira Maxi Waterfall - Navy Blue,1
Vivo Tande Camisole - Black,1
Vivo Basic 3/4 Sleeve A-Line Maxi Dress - Burgundy,1
Vivo Side Twist Dress - Navy Blue,1
Vivo Basic Long Sleeved Bishop Top - Chocolate Brown,1
Soko Double Bar - Gold,1
Vivo Basic Cap Sleeved Leila Dress - Burgundy,1
Zoya Playsuit - Sample 1,1
Safari by Vivo Zene Drop Shoulder Above Knee Dress - Mustard,1
Soko Twist Lariat Necklace - Gold,1
Ruched Surplice Top - Lavender Grey,1
Vivo Jamila Kaftan Top - Brown / Orange Abstract Print,1
Zoya Essentials One Shoulder Biker Shorts Playsuit - Purple Abstract,1
Vivo Seli Maxi Skirt - Lilac / Navy Esli Print,1
Safari Njano Tie Front Wide Top - Mustard,1
Vivo Sakari Cap Sleeve Maxi Dress - Light Grey / Black Meda Print,1
Zoya Nia Wide Cargo Wide Leg Pants - Black,1
Vivo Fitness Midriff Racer Back Top - Off White,1
Vivo Waridi Pencil Skirt - Maroon,1
Vivo Chalbi Cap Sleeve A-Line Dress - Mustard,1
Vivo Basic Midi Pencil Skirt - Maroon,1
Vivo Lani Maxi Dress - Black / Taupe Print,1
Vivo Loose Top - Sample 6,1
Vivo Amara Drop Shoulder Waterfall - Tan,1
Vivo Fara Sleeveless Halter Neck Top - Orange,1
Shiv & Shikie X Safari Drawstring Pants - Off White,1
Soko Shujaa Cuff (S/M) - Gold,1
Safari Mansi Bishop Sleeve Shacket - Rust,1
Vivo Basic Maxi Butterfly Waterfall - Mulberry,1
Vivo Paji Trench Coat - Black Checkered Print,1
Vivo Asha Sleeveless Maxi Dress - Mustard / Black Robe Print,1
Safari by Vivo Huru Short Sleeved Shirt Dress - Navy Blue,1
Vivo Ayla Off-Shoulder Jumpsuit - Orange / Burgundy Umbo Print,1
Vivo Amara Sleeveless High Low Top - Hunters,1
Soko Imara Oval Hoop - Gold,1
Safari Bush Yoga Wrap - Off White,1
Zoya Fitness Bra Style # 2 - Black,1
Vivo Zena Shirred Waist Maxi Shirt Dress - Dark Purple,1
Safari Haya High Low Dress - Dark Maroon Koi Print,1
Safari Mali 3/4 Bishop Sleeve  Tie Top MG - Hunters Green,1
Vivo Safiya Gathered Shoulder Maxi Dress - Navy,1
Vivo Sanali Wide Leg Pants - Green / Mint Flohibi Print,1
Vivo Side Slit Midi Waterfall -Hunters,1
Vivo Maisha Strappy Maxi Cover Up Dress - Navy / Cream Print,1
Vivo Laika Long Sleeve Tie Top - Lime,1
Safari by Vivo Mansi Dolman Top - Taupe,1
Vivo Nimali Satin Joggers - White,1
Vivo Vinna 3/4 Seeve A-Line Dress - Teal / Grey,1
Vivo Hanabi Sarong Wrap - Black,1
Vivo Safa Drawstring Wide Top - Mustard,1
Vivo Dalia Cap Sleeve Gathered Tent Dress - Red,1
Zoya Mesh Detail Fitness Tights - Black,1
Vivo Fitness Long Sleeved Crop Top - Purple,1
Vivo Skirts - CS 2,1
Vivo Isabi Open Kaftan - Purple,1
Vivo Arusha Dolman Top - Yellow,1
Soko Umbo Circle Necklace Charm - Cobalt Blue,1
Soko Double Bar Dangle Earrings - Gold,1
Vivo Alora Round Neck Top - Chocolate,1
Vivo Kitenge Wide Leg Pants - Navy / Pink Bakari Print,1
Vivo Niari Tent Dress -Mustard,1
Lisa Necklaces Made From Recycled Paper - Light Green,1
Vivo Basic Cap Sleeve Maxi Tent Dress - Taupe Polka Print,1
Vivo Loose Tops - RFS 7,1
Vivo Zahari Off-Shoulder Maxi Dress - Dusty Olive,1
Zoya Sitawi Cropped Jacket - Black,1
Vivo Samira Maxi Kimono - Lilac / Brown Print,1
Zoya X Bold Satin Long Kaftan - Orange Abstract Print,1
Vivo Maisha Long Sleeve High Low Kimono - Black / Cream Polka Print,1
Vivo Basic Crepe Cap Sleeved Top - Blue / White Print,1
Safari Reversible Shirt Jacket - Grey / Print 2,1
Vivo Dalia Sleeveless Gathered Tent Dress - Red / Green Print,1
Vivo Laika 3/4 Sleeve Tent Dress - Dark Olive Green,1
Vivo Safa Drawstring Wide Top - Black,1
Backless Strappy Satin Dress With High Side Slit - Baby Pink,1
Key Hole Halter with Seamed Body - Sulphur Springs,1
Zoya Party Crop Top - Purple,1
Vivo Anavi Runched Tank Top - Dark Mustard,1
Vivo Ava Tent Maxi Dress - Peach / Rust Sera Print,1
Safari Kitenge T-Shirt - White / Chari Print,1
Vivo Yumi Off Shoulder Maxi Dress - Orange / Black Print,1
Zoya Nia Oversized Denim Shirt - Navy Blue,1
Vivo Nimali Satin Tunic Dress - Tularosa,1
Black Leopard Print Cut-out One Shoulder Bodycon Dress - Black,1
Soko Maxi Dash Necklace - Gold,1
Vivo Pashmina Shawl - Mustard,1
Lisa Leather Beaded Bracelet - Multi-Gold,1
Vivo Basic Long Sleeved Bodysuit in Jersey - Mustard,1
Zoya High Rise Fitness Tights - Black / Animal Print,1
Soko Dash Threader- Gold,1
Soko Isle Studs - Gold,1
Vivo Ziwa Ruffle Long Sleeve Shift Dress (Petite) - Navy Blue,1
Safari Nazari Off Shoulder Knee Length Dress - Yellow / Cream Print,1
Vivo Wide-Leg PantsÂ - Manda Old,1
Soko Samburu Hoop - White,1
Vivo Situ Tulip Pants - Black,1
Vivo Sophia Square Neck Bodycon - Teal,1
Safari Fitted Top - Sample 1,1
Vivo Ruwa Flounce Sleeve Tent Maxi Dress - Green Abstract Print,1
Vivo Fahari Cowl Drape Bodycon - Black,1
Vivo Basic Cap Sleeve Maxi Tent Dress - Beige / Mustard Meki Print,1
Vivo Kitenge Multi Purpose Wrap - Peach / Red Ankara Print,1
Vivo Basic Straight Skirt - Dark Green,1
Zoya Essentials Halter Neck Crop Top - Pink Leaves,1
Vivo Essentials Drop Shoulder Top - Yellow,1
Vivo Basic Aziza Belt - Sai,1
Zoya Brave Corduroy Shorts - Navy Blue,1
Soko Amali Lariat Necklace - Gold,1
Vivo Jamila Halter Neck Knee Length Dress - Black / White Geometric Print,1
Vivo Reba Drop Shoulder Shirt Dress - Tan / Brown Riba Print,1
Zoya Banda Men's Wide Pants - White,1
Vivo Azawi Pencil Skirt - Black / White,1
Safari Kikoy Shirred Top Maxi Dress - Dark Green / Yellow Print,1
Vivo Basic Abby Loose Top - Navy Blue,1
Lisa Necklaces Made From Recycled Paper - Off White,1
Soko Karamu Horn Pendant Necklace - Black,1
Zoya Shani Scarf Top - Burgundy / Peach Sani Print,1
Safari Nimali Ruffle Sleeve Top - Neba Print,1
Vivo Mandla Tent Dress - Rust / Green Manla Print,1
Vivo Ava Tent Knee Length Dress - White / Pink Abasi Print,1
Vivo Zena Bishop Panel Long Sleeve Round Neck Dress - Navy Blue,1
Safari by Vivo Mansi Straight Leg Pants - Navy,1
Vivo X Short Kimono - White + Purple / White Print,1
Vivo Luna Single Tiered Strappy Maxi Dress - White / Black Leaf Print,1
Vivo Basic Satin Dropped Shoulder Top - Black / Grey Deli Print,1
Vivo Reba Dolman Dress  - Tan / Brown Reba Print,1
Vivo Ava Tent Maxi Dress - Orange / Olive Multicolor Print,1
Vivo Zena Long Sleeve V Neck tunic Top - Mint Green,1
Vivo Maisha Long Sleeve High Low Kimono - Green Nyua Print,1
Soko Horn Pia Threaders - Gold / Black,1
Safari by Vivo Mansi Bishop Sleeve Shacket - Rust,1
Vivo Basic Aziza Belt - Navy Blue,1
Vivo Waridi Pencil Skirt - Pink,1
Denim Haven High Rise Skinny Jeans- Dark Blue,1
Shop Zetu Basic Leggings - Black,1
Soko Bamboo rectangle Earrings - Gold,1
Vivo Basic Tsavo Scalloped Chiffon Top - Taupe,1
Zoya Basic Sleeveless Bodysuit - Dark Green,1
Zoya Yuni Short Sleeve Midriff Top - Grey,1
Vivo Sakari Cap Sleeve Maxi Dress - Yellow / Black Print,1
Soko Open Square Statement Ring - Gold Plated (Size 9),1
Lisa K-Daki Ring - Gold,1
Vivo Basic Long Sleeved Bishop Top - Pink Polka,1
Vivo Basic Tsavo Scalloped Chiffon Top - White / Hunters Liwi Print,1
Vivo Maisha Strappy Maxi Cover Up Dress - Brown / Navy Print,1
Vivo Yumi Off Shoulder Jumpsuit - Cream / Navy Miyu Print,1
Vivo Ava Jumpsuit - Black,1
Zoya Chill Spaghetti Strap Tank Top - Fuschia,1
Vivo Basic Bodycon Dress - Teal,1
Vivo Rema Waterfall - Black,1
Safari Mali Bishop Sleeve Shirt Dress - Taupe,1
Vivo Waridi Pencil Skirt - Red,1
Vivo Asha Drop Shoulder Maxi Shirt Dress - Beige / Black Lala Print,1
Vivo Analo Wide Leg Pants - Mustard,1
Vivo Tiered Shirt Dress - Kasai,1
Vivo Basic Sleeveless Leila Bodycon Dress - Taupe,1
Zoya Luna High Slit Dress - Navy,1
Vivo  Arusha Wide Drop Shoulder Maxi Dress - Burgundy,1
Vivo Kala Gathered Poncho Top - Burgundy,1
Soko Shujaa Ring (Size 7) - Gold,1
Vivo Basic Long Lily Waterfall - Sea Green,1
Vivo Kitenge Multi Purpose Wrap - Purple / Red Ankara Print,1
Vivo X This Is Essential Raceback Bralette - Navy Blue,1
Soko Mini Ellipse Link Necklace - Gold,1
Soko Scorpio Necklace - Gold,1
Cami Dress With Back Detail - Gold Fusion,1
Safari Men's Bomber Jacket - Light Grey,1
Vivo Maisha Wide Leg Pants - Black / Off-white Isa Print,1
Vivo Basic Destiny Chiffon Top - Cream / Blue Print,1
Vivo Jira Sleeveless Waterfall - Tan,1
Vivo Zuri Cap Sleeve Knee Length Dress - Pink Ikat Print,1
Vivo Basic Satin Cap Sleeve Top - Cream / Blue Print,1
Vivo Knee Length Dress - Sample3,1
Vivo Basic Ayo Bishop Sleeve Dress - Navy / Pink Print,1
Vivo Short Kaftan - Navy,1
Vivo Nasinka Maxi Shirt Dress - Mustard / Green Sinka Print,1
Safari by Vivo Zehra Embroidered Linen Kimono - Navy,1
Vivo Basic Drop Shoulder Top - Green,1
Vivo Ava Pleated Wide Leg Pants - Olive Green,1
Yumi Long Sleeve Tent Shirt Dress - Teal,1
Vivo Dali Panel Jumpsuit - Black,1
Vivo Yumi Off Shoulder Jumpsuit - Navy / Peach Palm Leaves,1
Safari Mansi Bishop Sleeve Shacket - Navy,1
Vivo Seli Kimono - Black,1
Vivo Basic Ribbed Turtleneck Top - Grey,1
Vivo Basic Crepe Scarf - Sea Green Floral Print,1
Zoya Full Length Leggings - Black,1
Vivo Basic Satin Cap Sleeve Top - Grey,1
Vivo Basic 3/4 Sleeve Cowl Double Layered Bodycon - Taupe,1
Vivo Basic Crepe Cap Sleeved Top - Navy Jazah Print,1
Vivo Nimali Satin Joggers - Gold,1
Vivo Basic Open Kaftan - Cream / Black Print,1
Vivo Basic Nalia Satin High Low Top - Light Blue,1
Vivo Basic 3/4 Sleeve Double Layered Bodycon Dress - Deep Teal,1
Vivo Aleri Front Slit Sheath Dress - Chocolate,1
Safari Kikoy Tunic High Low Top With Side Slits - Green Print,1
Vivo Ponte Back Pleat Maxi Dress - Orange,1
Vivo Maisha Strappy Jumpsuit Cover Up - Brown / Cream Print,1
Vivo Basic Sleeveless Overcoat - Navy Blue,1
Vivo Basic Dolman Sweater Dress - Caramel,1
Safari Tafari Shorts - Selvi Print,1
Zoya Basic Spaghetti Tank Top - Hunters Green,1
Vivo Kelemi Knee Length Kaftan - Mustard / Green Lindi Print,1
Vivo Asha High Low Top - Teal,1
Vivo Skirts - BF1,1
Zoya Party Drawstring Hoodie - Buttermilk,1
Safari by Vivo Mali 3/4 Bishop Sleeve Tie Top - Light Grey,1
Vivo Pesi Basic Long Sleeve Shirt - White,1
Lisa Large Disc Beaded Earrings - Red,1
Soko Uzi Cuff - Gold,1
Vivo Sawari Crossed Cuff Batwing Top - Rose Gold,1
Vivo Wide Leg Chiffon Pants - White,1
Vivo Zahari Bishop Sleeve Top With Belt - White / Black Zari Print,1
Vivo Cuffed Dolman Jersey Dress - Orange,1
Vivo Basic Cap Sleeved Bodysuit - Pink,1
Vivo Beali Baby Doll Dress - Taupe / Black Lea Print,1
Vivo Ayla Off-Shoulder Jumpsuit - Light Taupe / Black Lala Print,1
Safari by Vivo Lira Front Panelled Shirt Dress - Black / White,1
Vivo Basic Cap Sleeve Tent Knee Length Dress - Buttermilk,1
Vivo Basic Aziza Belt - Red / Black Print,1
Vivo Hooded Kimono With Elastic Cuff - White,1
Vivo Zuri Long Sleeved Blouse - Maroon Floral  Print,1
Soko Glass Dash Chain Threader Earrings - Light Blue,1
Vivo Nimali Satin Shorts - Dark Green,1
Vivo Sia 3/4 Bishop Sleeve Shift Dress (Petite) - Beige / Rust Gola Print,1
Zoya Vasha Track Pants With Pockets  - Rust,1
Zoya Temo Parachute Pants - Taupe,1
Zoya Fitness Shorts - Black,1
Vivo Hanabi Tent Maxi Dress - Orange / Black Noya Print,1
Vivo Basic Destiny Chiffon Top - Black,1
Zoya Basic Racer Back Crop Top - Taupe,1
Vivo Zahari Off-Shoulder Maxi Dress - Black / Rust Ahari Print,1
Vivo Faraji Side Slit Leisure Pants - Burgundy,1
Vivo Amara Back Pleat Dress - Hunters / White Ukwi Print,1
Zoya  Heart Fitness Bra - Black / White,1
Vivo Culottes - Aksum,1
Vivo Analo Wide Leg Pants - Olive,1
Vivo Cuffed Wide Sweater - Mustard/Black,1
Zoya Brave Satin Joggers(Regular) - Purple Abstract Print,1
Vivo Scalloped Kimono in Crepe - Teal / Light Blue Print,1
Vivo Dua Shirt - Hunters Green,1
Vivo Rema Straight Leg Pants - Dark Brown,1
Vivo Knee Length Kaftan in Satin - Pink / Sea Green Print,1
Vivo Basic Wide Liv Chiffon Maxi - Tan / White Print,1
Vivo Wila Cowl Tunic - Burgundy,1
Soko Uzi Statement Ring - Gold,1
Vivo Basic 3/4 Sleeve Leila Bodycon Dress - Teal,1
Safari Njano Front Drawstring Tunic Top - Mustard,1
Vivo Basic Palazzo Pants - Black,1
Vivo Maisha Top & Pant Set- Teal/Black Print,1
Vivo Hadiya Wrap Dress - Olive / Teal Diya Print,1
Zoya Nia Off Shoulder Puff Sleeve Top - Black,1
Vivo Basic Val Cap Sleeve Top - Off White,1
Vivo Mira Straight Leg Pants - Yellow / Brown Print,1
Lisa Aluminium Cuff Bracelet,1
Lola Croppped Tee With Padded Bust & Corset Design - Baby Pink,1
Vivo Lani Maxi Dress - Grey / White Adot Print,1
Vivo Capri/Midi Length Dress - SAMPLE 3,1
Zoya Nia Wide Cargo Wide Leg Pants  - Black,1
Vivo T-Shirt/ Tanktop - Sample 2,1
Vivo Analo Front Placket Coat - Magenta,1
Vivo V-Neck Camisole in Satin - Dark Teal,1
Vivo Basic Hooded Kimono - Black / Beige Print,1
Vivo Nimali Satin Flounce Kimono - Black,1
Vivo Muna Chiffon Kimono - Grey / Black Print,1
Vivo Basic Kena Tent Knee Length Dress - Off White,1
Vivo Basic Sleeveless Midi Jersey Waterfall - Deep Teal,1
Vivo Basic Double Layered Wrap Poncho - Forest Green,1
Vivo Basic Leggings - Dark Grey,1
Safari Mara Wide Bishop Sleeve Top - Yellow,1
Vivo Wingu Long Sleeve Side Drape Tunic Top - Navy Blue,1
Vivo Sleeveless Blazer - Asmara Print,1
Vivo Jira Cocoon Waterfall - Buttermilk,1
Vivo Sierra Bodycon - Sea Green,1
Vivo Basic Nalia High-low Chiffon Top - White Textured,1
Zoya Basic Ribbed V-neck Short Sleeved Thong Bodysuit - Burgundy,1
Vivo Sweaters & Ponchos - FS 3,1
Vivo Extra Wide Kaftan - Black / White,1
Vivo Mock Maxi Dress - Black,1
Vivo Pendo Cap Sleeve Shift Dress - Navy / Orange Geo Print,1
Vivo Tanda Handkerchief Drape Top - Rust,1
Vivo Jema High Low Tent Dress - Navy / Orange Print,1
Zoya X Metamorphisized 143 Raglan Sleeve Crop Top - White / Navy Blue,1
Unshaped Spaghetti-Strap Dress - Deep Mauve,1
Vivo Chari Wide Leg Pants - Black,1
Vivo Hadiya Round Neck Dress - Olive / Pink Hadi Print,1
Zoya Banda Unisex Letterman Jacket - Green / Blue Print + Blue,1
Soko Jua Lariat Necklace - Gold,1
Vivo Naya Tiered Sleeve Wrap Top - Ua,1
Lisa Brass Cowrie Shell Ring,1
Safari Huru Halter Sleeveless High Low Dress - Taupe,1
Vivo Tatari Dropped Shoulder Sheath Dress - Burgundy,1
Vivo Ajani Wide Leg Pants - Navy Blue,1
Zoya Full Length Fitness Tights Style # 1 - Black / White,1
Safari Kikoy Off Shoulder Crop Top - Pink / Blue Print,1
Safari Zene Off Shoulder Top -Orange,1
Vivo Short Lily Waterfall - Orange,1
Vivo Basic 3/4 Sleeve Double Layered Bodycon Dress - Rust,1
Safari By Vivo Mens Cotton Long Sleeve Shirt - White / Navy Print,1
Safari Kikoy Tie Back Maxi Dress - Grey,1
Vivo Basic Chiffon Bishop Sleeve Top (Double Layered) - Taupe,1
Soko Uzi Mini Hoop Earrings - Gold,1
Soko Anga Pendant Necklace - Gold,1
Zoya Chill Cap Sleeve T-shirt - Pink,1
Vivo X This Is Essential Long Sleeve Bodysuit - White,1
Vivo Jema High Low Tent Dress - Brown / Pink Print,1
Zahari Off-Shoulder Maxi Dress - Black / Rust Ahari Print,1
Vivo Fitness Sleeveless Fitted Top - Pink,1
Vivo Bana Batwing Top - Hunters Green,1
Vivo Nkasi Bubble Sleeve Maxi Dress - Turquise / Pink Wenzi Print,1
Safari Tawi A-Line Long Sleeve Shirt Dress - Purple,1
Zoya Yuni Men's Sweatshirt - Mint,1
Zoya Yuni Sleeveless Turtle Neck Maxi Top - White,1
Vivo Essi Front Slit Top - Black,1
Vivo Basic Tolani Jersey Dress - Teal,1
Vivo Basic Double Layered High Cowl Bodycon - Burgundy,1
Vivo Tulia Travel Jumpsuit - Taupe,1
Vivo Aleri Coat - Dark Teal,1
Vivo Knee length Dress - BF1,1
Vivo Sanali Kaftan Top - Navy,1
Vivo Basic Dada Poncho - Raspberry / Off-white,1
Safari by Vivo  Tara Bishop Sleeve Dress -Navy / Red Maya Print,1
Safari Mali Wrap Lapel Top - Taupe,1
Vivo Zena Bishop Panel Long Sleeve Round Neck Dress - Mustard,1
Vivo Izzy Satin Bishop Sleeve Top - Green,1
Soko Kiota Mini Hoop Earrings - Gold,1
Zoya Yuni Men's Fleece Sweat Pants - Taupe,1
Vivo Alora Round Neck Top - Off-white,1
Vivo Fara Off Shoulder Flounce Sleeve Jumpsuit - Mustard / Sai Print,1
Vivo Tunu Long Slit Sleeve Knee Length Shift Dress - Cream / Navy Print,1
Vivo Zahari Long Sleeve Shirt - Coral,1
Vivo Reversible Printed Poncho - Teal / Taupe Pepeo print,1
Vivo Fara Off Shoulder Flounce Sleeve Jumpsuit - Yellow / Mustard,1
Vivo Saida Sleeveless Top - Mustard / Black Gola Print,1
Vivo Lani Maxi Dress - Grey Mural Print,1
Vivo Alek Halter Neck Maxi Dress - Black / White Mistari Print,1
Vivo Basic Chiffon Drop Shoulder Top - Black Textured,1
Vivo Basic Straight Maxi Dress - Hunters Green,1
Vivo Ava Tent Knee Length Dress - Lilac / Lime Abasi Print,1
Safari Mansi Hi-Low Shirt - Green Stripes,1
Vivo Kena Tent Dress - White,1
Safari Njano Mens Bound Neck Shirt - Hunters,1
Vivo Hadiya Gathered Maxi Dress - Olive / Teal Diya Print,1
Vivo Dalia Sleeveless Gathered Tent Dress - Dark Green,1
Vivo Laika 3/4 Bishop Sleeve Loose Top - Mint Green,1
Vivo Dua Long Bishop Sleeve Top - Taupe Textured,1
Soko Horn Twisted Dash Cuff - Gold Black,1
Safari Hawi Peplum Bishop Sleeve Wrap Coat - Blush Pink,1
Vivo Maisha Top & Pant Set - Black/ White Polka Print,1
Vivo Basic 3/4 Sleeve Sheath Dress - Black,1
Vivo Jacket - FS 3,1
Vivo Vivo Basic Satin Dropped Shoulder Top - Black / Grey Deli Print,1
Vivo Basic Straight Skirt - Maroon,1
Vivo Dua Shirt - Dark Brown Textured,1
Vivo Muna Chiffon Kimono - Green / White Una Print,1
Safari Bush Asymmetrical Sweater Poncho - Off White,1
Vivo Fahari Cowl Drape Bodycon - Orange,1
Vivo Yumi Cap Sleeve Dress - Red,1
Vivo Ayo Tent Dress - Green / White Print,1
Vivo Kitenge Midi Kimono - Sai Print,1
Vivo Midi & Capri Skirts - FS 4,1
Vivo Kitenge Wide Leg Pants - Neba Print Old,1
Vivo Sierra Sleeveless Double Layered Top in Chiffon - Black,1
Vivo Scalloped Kimono in Crepe - Blue / Brown Print,1
Safari by Vivo Two Way Wrap Top in Cotton - Lilac,1
Vivo Basic Satin Bishop Sleeved Top - Purple,1
Vivo Liora Drawstring Top - Dark Green,1
Soko Dash Ring - Gold (Size 9),1
Vivo Kitenge Midi Kimono - Tana Print,1
Zoya Basic Tank Top - Lime Green,1
Vivo Basic Extra Long Lily Waterfall - Yellow,1
Vivo Basic Abby Loose Top - White,1
Safari Zene Off Shoulder Dress - Navy Blue,1
Vivo Poncho DL FS 1 - Fuschia,1
Vivo Basic Button Down Shirt - White,1
Vivo Basic Double Layered Wrap Poncho (Without Fringe) - Teal,1
Safari Anga Trench Coat - Cream / Brown Ankara Print,1
Vivo Vinna Midi & Capri Piped Skirt - Burgundy,1
Vivo Rema High Low Maxi Dress - Buttermilk,1
Safari Mali 3/4 Bishop Sleeve Tie Top - White,1
Vivo Basic Crepe Cap Sleeved Top - Brown / Off White Print,1
Vivo Tatili 3/4 Sleeve Tent Dress - Mustard,1
Long Sleeved Button Down Satin Shirt - Black,1
Safari Kaya Long Sleeve Dolman Flounce Shirt Dress - Mustard,1
Vivo Seli V-Neck Midi Dress - Navy Blue,1
Vivo 3/4 Sleeve J.O Jersey A-line Knee Length Dress - Navy Blue,1
Vivo Sleeveless Godet Midi Dress in Jersey - Dark Teal,1
Zoya Chill Cap Sleeve T-shirt - Lime,1
Vivo Sierra Bodycon - Black,1
Vivo Maxi Waterfall/ Kimono - Sample 3,1
Vivo Short May Jersey Waterfall - Orange,1
Vivo Diella 3/4 Sleeve Pleated Dress SD - Mulberry,1
Vivo Shorts - RFS 4,1
Vivo Tatili 3/4 Sleeve A Line Dress - Mustard / Navy Zawi Print,1
Vivo Mira Straight Leg Pants - Pink / Black Print,1
Vivo Chela Scalloped Sleeveless Top - Black,1
Vivo Zawadi Inverted Pleat Dress -Beige / Black Abstract Print,1
Vivo Zawadi Shift Dress - Black / White Meni Print,1
Vivo Fitness Capri Leggings - Black / Mustard Geometric Print,1
Vivo Zena Shirred Waist Shirt Dress - Taupe,1
Vivo Basic Cowl Jersey Top - Black,1
Vivo Sierra Bishop Sleeve Satin Top - Light Green,1
Zoya X Bold Corduroy Joggers - Raspberry,1
Vivo Basic Ribbed Turtleneck Top - Yellow,1
Vivo Beali Wide Leg Pants - Beige / Gold Lea Print,1
Vivo Samira Maxi Kimono - Dark Navy / Gold Print,1
Safari by Vivo Basic Shirt Tent Dress - Coral,1
Vivo Ajani V-Neck Shift Dress - Beige,1
Vivo X Essence Asha Wide Leg Pants With Short Lining - Orange / Black Manda Print,1
Vivo 3/4 Sleeve J.O Jersey A-line Knee Length Dress - Hunters Green,1
Vivo Knee Length Skirts - SAMPLE1,1
Vivo Knee Length Dress - SAMPLE4,1
Vivo Maua Sleeveless Maxi Tent Dress - Black / Beige Print,1
Vivo Ayla Maxi Kimono - Black / Cream Wari Print,1
Vivo Basic Short May Jersey Waterfall - Light Green,1
Soko Fuliwa Stacking Cuffs - Gold,1
Safari by Vivo Savannah Wrap Top - Rust,1
Safari Kamari Front Slit Midi Skirt - Navy,1
Vivo Fimi Drop Shoulder Maxi Dress - Navy Blue / Red Mbale Print,1
Zoya Basic Bodycon - Dark Green,1
Vivo Kelemi 4.0 Kimono - Black,1
Vivo Fitness Shorts - Black,1
Lisa Black and Gold Earring - Black and Gold,1
Vivo Jasiri 3/4 Cut Out Sleeve Shift Dress - Purple / Black Abstract,1
Lisa Leather Beaded Bracelet - Multi-Blue / White,1
Soko Fuliwa Climber Stud - Gold,1
Vivo Jackets  - FS 1,1
Popular 21 Sleeveless Square-Neck Dress - Wine,1
Vivo Hanabi Satin High Low Top - Light Rust,1
Vivo Must Have Shorts - Tana Print,1
Vivo Tatili Bishop Long Sleeve Top In Satin - Teal ,1
Vivo Lamu Loose Satin Top - Lime Green,1
Vivo Ava Tent Knee Length Dress - Orange / Lilac Abasi Print,1
Vivo Tulip Sweater- Sea Green,1
Safari Mali 3/4 Bishop Sleeve Tie Top in Cotton MG - White,1
Vivo Zawadi Keyhole Dress - Taupe,1
Vivo Basic Waterfall - Mustard,1
Vivo Basic Dolman Maxi Dress - Dark Rust,1
Lisa Necklaces Made From Recycled Paper - Peach / Black,1
Vivo Malindi Tunic Dress With Frills - Purple / White Clover Print,1
Vivo Ava Tent Flounce Maxi Dress - Hunters,1
Soko Horn Dash Threader Earrings - Gold,1
Vivo Basic Chiffon Dropped Shoulder Top - Taupe,1
Vivo Maisha Wide High Low Top - Black / Green Print,1
Shiv & Shikie X Safari V-Neck Long Sleeve T-shirt - Black,1
Lisa Bushtips Book,1
Vivo Lani Satin High Low Dress - Pink / Black Hini Print,1
Safari Huru Peplum Shacket - Light Pink,1
Vivo Basic Sienna Waterfall - Grey,1
Vivo Amai Hi-Low Top - Black,1
Vivo Sienna Waterfall - Mustard,1
Zoya Basic Bodycon - Red,1
Vivo Basic Puff Sleeved Bodycon - Burgundy,1
Vivo Basic Leisure Pants - Taupe,1
Vivo Fahari Long Sleeve Short Jacket - Light Purple Geometric Print,1
Soko Dash Ear Cuff- Gold,1
Vivo Saida Dress Coat - Black,1
Vivo Hema Pencil Skirt - Green,1
Vivo Arafa V-Neck Bodycon - Navy Blue / White,1
Vivo Zahari 3/4 Sleeve Off-Shoulder Jumpsuit - Brown / White Print,1
Vivo Keza Satin Border Maxi Kaftan - Grey / White Kodo Print,1
Vivo Basic Escape A-line Dress - White / Orange Esai Print,1
Safari by Vivo Nimali Bubble Sleeve Top - Teal,1
Vivo Pelia Kimono - Mustard / Black Print,1
Safari Savannah Kitenge Midi Wrap Dress - Ashai Print,1
Zoya Party Sleeveless Bodysuit - Navy Blue,1
Vivo Tanda Handkerchief Drape Top - Olive,1
Vivo Yumi Off Shoulder Jumpsuit - Taupe / Brown Palm Leaves,1
Vivo Sierra Bishop Sleeve Top - Black Polka Dot,1
Vivo Studio Flared Pants in Rib - Mustard,1
Vivo Keza Satin Border Maxi Kaftan - Teal / Lilac Abstract Print,1
Vivo Arafa V-Neck Bodycon - Black,1
Safari Tafari Off Shoulder Crop Top - Selvi Print,1
Vivo Muna Oversized Maxi Shirt Dress - White Stripes,1
Vivo Reversible Printed Poncho - Blush / Black  Bustani Print,1
Zoya Capri Leggings - Black,1
Vivo Raha Wide Leg Pants - Navy Blue,1
Zoya Yuni Strappy Midriff Top - Buttermilk,1
Vivo Reversible Poncho Without Fringes - Teal / Taupe Pepeo Print,1
Vivo Samira Pants - Maroon / White Print,1
Soko Safu Herringbone Lariat Necklace - Gold,1
King's Collection Unisex Round Neck T-shirt - Light Army Green,1
Vivo Basic Cap Sleeved Bodysuit - Dark Green,1
Vivo Amai Asymmetrical Cape - Pink / Black Biya Print,1
Soko Bidu Stud Earrings - Gold,1
Vivo Tatili Cuffed Bishop Sleeve Top - Red / Black Print,1
Zoya Aridi Unisex Shacket (Corduroy) - Black / Grey Flannel,1
Vivo Laika Long Sleeve Tie Top - White,1
Vivo Zahari Drawstring Wide Leg Pants - Black,1
Soko Mpira Glass Hoop Earring - Gold Blue,1
Vivo Ajani Long Sleeve Top - Cream / Rust Print,1
Vivo Sleeveless Long Lily Waterfall - Taupe,1
Soko Twisted Dash Ring - Gold (Size 6),1
Zoya Basic Full Length Leggings - Burgundy,1
Vivo Studio Longline Shorts in Crepe - Olive Stripes,1
Alara Ponte Skirt - White Black Stripes,1
Vivo Arafa Straight Leg pants - Grey,1
Vivo Yumi Off Shoulder Jumpsuit - Black / Red Mistrai Print,1
Vivo Basic Sleeveless Sienna Waterfall - White,1
X Pinky Long Sleeve Fitness Top - Pink / Dark Pink Abstract Print,1
Vivo Long Sleeve Midi Waterfall - Caramel,1
Soko Amali Stacking Cuff - Gold,1
Vivo Chidii Tunic Dress With Frills - Red / Black Sidi Print,1
Vivo Naya 3/4 Sleeve Satin Cover Up - Black,1
Zoya Shani Sarong Wrap - Burgundy / Peach Sani Print,1
Soko Bahari Band Ring (Size 7) - Gold,1
Vivo Maisha 3/4 Sleeve Maxi Dress - Grey / Blue Print,1
Vivo Lumi Back Pleat Maxi Dress - Peach / White Chant Print,1
Vivo Basic Chiffon Dropped Shoulder Top - Hunters Green,1
Vivo Maisha Straight Leg Pants - Taupe / Black Print,1
Backless Strappy Satin Dress With High Side Slit - Baby Blue,1
Lisa Beaded Choker and / or Double Wrap Bracelet - Baby Blue / Dark Blue,1
Vivo Maisha High Slit Kimono - Burgundy Nyua Print,1
Vivo Ava 3/4 Sleeve Kimono - Light Olive,1
Vivo Sanyu Boat Neck Midriff Top - Taupe / Blue Lemi Print,1
Zoya Banda Unisex Shacket - White,1
Vivo Basic Escape A-Line Dress - White / Orange Esai Print,1
Lisa Large Disc Beaded Earrings - Light Gold,1
Alara Satin Button Up Blouse - Light Pink,1
Vivo Zaria Cap Sleeve Double Layered Top - Taupe,1
Zoya Temo Pleated Skirt - Brown Camo,1
Vivo Fimi Drop Shoulder Maxi Dress - Dark Green / Orange Mbale Print,1
Vivo Basic 3/4 Sleeve Leila Bodycon Dress - Navy Blue,1
Vivo Zena Bishop Panel Long Sleeve Round Neck Dress - Green / Peach Print,1
Vivo Lani Maxi Dress - Teal Print,1
Vivo Ruwa Flounce Sleeve Knee Length Tent Dress - Taupe / Hunters Nila Print,1
Safari by Vivo Lira Sleeveless Coat - Light Taupe,1
Zoya Temo Men's Detachable Wide Leg Pants - Black,1
Vivo Basic Satin Bishop Sleeved Top - Hunters Green,1
Safari by Vivo Kikoy Wrap Dress - Red,1
Soko Mini Umbo Stud Earrings - Gold Cobalt Blue,1
Vivo Asha Wide Leg Pants - Cream / Beige Print,1
Vivo Must Have Shorts  - Chari Print,1
Zoya Val Tank Top - Navy Blue,1
Lisa Joy Crazy Candles,1
Vivo Nimali Satin Shorts - Red,1
Safari Tawi Off Shoulder Knee Length Dress - Navy Blue,1
Vivo Raha Satin Joggers - Red,1
Safari Kitenge T-Shirt - White / Tari Print,1
Vivo Maxi Dress - Sample1,1
Zoya X Bold Corduroy Booty Shorts - Navy Blue,1
Vivo Nimali Satin Shorts - Grey,1
Vivo Ayah Hijab Headwrap - Black,1
Soko Uwepo Necklace - Gold Black,1
Vivo Basic Julia Back Pleat Maxi Dress - Burgundy,1
Vivo Basic Abby Loose Top - Blue,1
Vivo Basic Sleeveless Tent Dress - Mustard / Black Print,1
Soko Crescent Threader Hoops- Gold,1
Vivo Basic Chiffon Cap Sleeve Top (Double Layered) - Light Tan,1
Vivo Basic Sleeveless Tent Maxi Dress - Purple / Orange Print,1
Vivo Basic Cap Sleeve Maxi Tent Dress - Yellow / Black Diti Print,1
Vivo Nkasi Bubble Sleeve Knee Length Dress - White / Teal Shibori Print,1
Vivo Mira Reversible Wrap Top - Tan,1
Vivo Isabi Loose Top In Chiffon - Olive / Chocolate Sabi Print,1
Zoya Sadira Men's Long Sleeve  T Shirt - Light Blue,0
