kind,template_id,product_name,proposed_number,proposed_name_or_alts
recoverable,342705,Safari Bush Asymmetrical Sweater Poncho  - FS,S0424050,Safari Bush Asymmetrical Sweater Poncho
recoverable,342684,Safari By Vivo Mens Cotton Pants  - FS,S0925061,Safari By Vivo Mens Cotton Pants
recoverable,342708,Safari Kamari Sleeveless Cropped Jacket  - FS,S0224182,Safari Kamari Sleeveless Cropped Jacket
recoverable,342964,Safari Kaya Long Sleeve Collar Shirt  - FS,S0522015,Safari Kaya Long Sleeve Collar Shirt
recoverable,88284,Safari Kikoy Wide Elastic Shorts - Pink Print,S0923106,Safari Kikoy Wide Elastic Shorts
recoverable,88298,Safari Kitenge 3/4 sleeve Maxi Dress - Neba Print,S0223033,Safari Kitenge 3/4 sleeve Maxi Dress
recoverable,88312,Safari Kitenge T-Shirt - White / Chari Print,S0524199,Safari Kitenge T-Shirt
recoverable,88314,Safari Kitenge T-Shirt - White / Tari Print,S0524199,Safari Kitenge T-Shirt
recoverable,88417,Safari Lira Sleeveless Coat - Taupe,S1123094,Safari Lira Sleeveless Coat
recoverable,342965,Safari Long Sleeve Waterfall  - FS,S0424052,Safari Long Sleeve Waterfall
recoverable,88436,Safari Long Sleeve Waterfall - Hunters,S0424052,Safari Long Sleeve Waterfall
recoverable,342966,Safari Lounge Pants  - FS,S0424081,Safari Lounge Pants
recoverable,342701,Safari Lounge Pants  - FS,S0424081,Safari Lounge Pants
recoverable,342703,Safari Lounge Pants In Jersey  - FS,S0424081,Safari Lounge Pants In Jersey
recoverable,320384,Safari Mali Gathered Flounce Sleeve Shirt Dress - Mustard,S0223171,Safari Mali Gathered Flounce Sleeve Shirt Dress
recoverable,88910,Safari Mali Wrap Lapel Top - Navy Blue,S0123091,Safari Mali Wrap Lapel Top
recoverable,342691,Safari Nazari Bubble Midi Dress  - FS,S0825007,Safari Nazari Bubble Midi Dress
recoverable,342692,Safari Nazari Coat Dress  - FS,S0825005,Safari Nazari Coat Dress
recoverable,342696,Safari Nazari Maxi Shirt Dress  - FS,S0725012,Safari Nazari Maxi Shirt Dress
recoverable,271847,Safari Nazari Maxi Shirt Dress - Yellow / Cream Print,S0725012,Safari Nazari Maxi Shirt Dress
recoverable,342695,Safari Nazari Three Tiered Maxi Dress  - FS,S0725040,Safari Nazari Three Tiered Maxi Dress
recoverable,89288,Safari Njano Joggers - Hunters Green / Shama Print,S0724143,Safari Njano Joggers
recoverable,342694,Safari Njano Men's Straight Leg Pants  - FS,S0824029,Safari Njano Men's Straight Leg Pants
recoverable,342967,Safari Savannah Men's Jacket  - FS,S0624028,Safari Savannah Men's Jacket
recoverable,342690,Safari Solana Bubble Midi Skirt in Cotton  - FS,S0825039,Safari Solana Bubble Midi Skirt
recoverable,342687,Safari Tafari High Slit Kimono  - FS,S0925008,Safari Tafari High Slit Kimono
recoverable,342685,Safari Tafari Off Shoulder Crop Top  - FS,S0925043,Safari Tafari Off Shoulder Crop Top
recoverable,89561,Safari Tawi Flounce Tent Dress - Navy Blue,S0322138,Safari Tawi Flounce Tent Dress
recoverable,89585,Safari Tawi Off Shoulder Knee Length Dress - Pink(Plain Belt),S0322128,Safari Tawi Off Shoulder Knee Length Dress
recoverable,342699,Safari Tiwa Reversible Tie Kimono  - FS,S0425029,Safari Tiwa Reversible Tie Kimono
recoverable,333775,Safari by Vivo Adinkra Tank in Rib - Grey,S0226032,Safari by Vivo Adinkra Tank in Rib
recoverable,342968,Safari by Vivo Cotton Wrap Dress  - FS,S1225004,Safari by Vivo Cotton Wrap Dress
recoverable,342709,Safari by Vivo Mansi Wide Hem Embroidered Tent Dress  - FS,S0126001,Safari by Vivo Mansi Wide Hem Embroidered Tent Dress
recoverable,317046,Safari by Vivo Mansi Wide Hem Embroidered Tent Dress -  Orange,S0126001,Safari by Vivo Mansi Wide Hem Embroidered Tent Dress
recoverable,317044,Safari by Vivo Mansi Wide Hem Embroidered Tent Dress in Cotton -  Mustard,S0126001,Safari by Vivo Mansi Wide Hem Embroidered Tent Dress
recoverable,317045,Safari by Vivo Mansi Wide Hem Embroidered Tent Dress in Cotton - Black,S0126001,Safari by Vivo Mansi Wide Hem Embroidered Tent Dress
recoverable,316981,Safari by Vivo Mansi Wide Hem Embroidered Tent Dress in Cotton - Hunters,S0126001,Safari by Vivo Mansi Wide Hem Embroidered Tent Dress
recoverable,343558,Safari by Vivo Mansi Wide Hem Embroidered Tent Dress in Cotton - Light Green,S0126001,Safari by Vivo Mansi Wide Hem Embroidered Tent Dress
recoverable,343559,Safari by Vivo Mansi Wide Hem Embroidered Tent Dress in Cotton - Mulberry,S0126001,Safari by Vivo Mansi Wide Hem Embroidered Tent Dress
recoverable,343557,Safari by Vivo Mansi Wide Hem Embroidered Tent Dress in Cotton - Navy Blue,S0126001,Safari by Vivo Mansi Wide Hem Embroidered Tent Dress
recoverable,343560,Safari by Vivo Mansi Wide Hem Embroidered Tent Dress in Cotton - Olive Green,S0126001,Safari by Vivo Mansi Wide Hem Embroidered Tent Dress
recoverable,342693,Safari by Vivo Njano Drawstring Top in Cotton  - FS,S0824069,Safari by Vivo Njano Drawstring Top in Cotton
recoverable,342710,Safari by Vivo Tiwa Wide Leg Pants in Linen  - FS,S0125059,Safari Tiwa Wide Leg Pants
recoverable,342707,Safari by Vivo Wide Kaftan in Cotton  - FS,S0326014,Safari by Vivo Wide Kaftan in Cotton
recoverable,342678,Safari by Vivo Zehra Barrel Pants  - FS,S1125019,Safari by Vivo Zehra Barrel Pants
recoverable,342688,Safari by Vivo Zehra Cotton High Low Shirt  - FS,S0825052,Safari by Vivo Zehra Cotton High Low Shirt
recoverable,342681,Safari by Vivo Zehra Drawstring Pants  - FS,S1025026,Safari by Vivo Zehra Drawstring Pants
recoverable,342683,Safari by Vivo Zehra Embroidered Linen Kimono  - FS,S1025021,Safari by Vivo Zehra Embroidered Linen Kimono
recoverable,342682,Safari by Vivo Zehra Embroidered Linen Kimono - FS,S1025021,Safari by Vivo Zehra Embroidered Linen Kimono
recoverable,342677,Safari by Vivo Zehra Extra Wide Shirt in Linen  - FS,S1125031,Safari by Vivo Zehra Extra Wide Shirt in Linen
recoverable,342680,Safari by Vivo Zehra Kitenge Pants  - FS,S1025027,Safari by Vivo Zehra Kitenge Pants
recoverable,342675,Safari by Vivo Zehra Kitenge Short Kimono  - FS,S1125044,Safari by Vivo Zehra Kitenge Short Kimono
recoverable,342676,Safari by Vivo Zehra Kitenge Shorts  - FS,S1125033,Safari by Vivo Zehra Kitenge Shorts
recoverable,342969,Safari by Vivo Zehra Sleeveless Boxy Top  - FS,S1125008,Safari by Vivo Zehra Sleeveless Boxy Top
recoverable,342689,Safari by Vivo Zehra Tie Waist Kimono Dress  - FS,S0825051,Safari by Vivo Zehra Tie Waist Kimono Dress
recoverable,108583,Vivo 3/4 Sleeve J.O Jersey A-line Knee Length Dress - Hunters Green,V0321038,Vivo 3/4 Sleeve J.O Jersey A-line Knee Length Dress
recoverable,342321,Vivo Adisa V-Neck Jumpsuit Kaftan  - FS,V1122096,Vivo Adisa V-Neck Jumpsuit Kaftan
recoverable,108737,Vivo Ajani Blouse - Olive,V1123062,Vivo Ajani Blouse
recoverable,342316,Vivo Ajani Long Sleeve Top  - FS,V1123079,Vivo Ajani Long Sleeve Top
recoverable,108768,Vivo Ajani V-Neck Shift Dress - Beige,V1223022,Vivo Ajani V-Neck Shift Dress
recoverable,108839,Vivo Alek 3/4 Sleeve A-Line Maxi Kimono - Blue / White print,V0921140,Vivo Alek 3/4 Sleeve A-Line Kimono
recoverable,108840,Vivo Alek 3/4 Sleeve A-Line Maxi Kimono - Brown / White print,V0921140,Vivo Alek 3/4 Sleeve A-Line Kimono
recoverable,108843,Vivo Alek 3/4 Sleeve A-Line Maxi Kimono - Peach / White print,V0921140,Vivo Alek 3/4 Sleeve A-Line Kimono
recoverable,342970,Vivo Alek Shirred Off Shoulder Jumpsuit in Crepe  - FS,V0921142,Vivo Alek Shirred Off- Shoulder Jumpsuit
recoverable,108948,Vivo Alek Shirred Off- Shoulder Jumpsuit - Brown / White Print,V0921142,
recoverable,108953,Vivo Alek Shirred Off- Shoulder Jumpsuit - Hunters / White Print,V0921142,
recoverable,108965,Vivo Alek Shirred Off- Shoulder Jumpsuit - Taupe / Black Haro Print,V0921142,
recoverable,108966,Vivo Alek Shirred Off- Shoulder Jumpsuit - Taupe Jazah Print,V0921142,
recoverable,342402,Vivo Alek Shirred Off- Shoulder Jumpsuit In Crepe  - FS,V0921142,Vivo Alek Shirred Off- Shoulder Jumpsuit
recoverable,342449,Vivo Aleri Front Slit Sheath Dress In Ponte  - FS,V0725042,Vivo Aleri Front Slit Sheath Dress
recoverable,315697,Vivo Alma Mini Skirt - Dark Grey OLD,V0725046,Vivo Alma Mini Skirt
recoverable,109075,Vivo Alora 3/4 Sleeve Shift Dress - Tan,V0624008,Vivo Alora 3/4 Sleeve Shift Dress
recoverable,109080,Vivo Alora Long Sleeve Top - Black,V0624061,Vivo Alora Long Sleeve Top
recoverable,109082,Vivo Alora Long Sleeve Top - Cream,V0624061,Vivo Alora Long Sleeve Top
recoverable,109086,Vivo Alora Pleated Pants - Taupe,V0624080,Vivo Alora Pleated Pants
recoverable,109087,Vivo Alora Round Neck Top - Chocolate,V0624006,Vivo Alora Round Neck Top
recoverable,342497,Vivo Alora Shift Dress  - FS,V0624064,Vivo Alora Shift Dress
recoverable,109093,Vivo Alora Shift Dress - Rose,V0624064,Vivo Alora Shift Dress
recoverable,109103,Vivo Amai Hi-Low Top - Buttermilk Wingu Print,V0724026,Vivo Amai Hi-Low Top
recoverable,109104,Vivo Amai Hi-Low Top - Cream Wingu Print,V0724026,Vivo Amai Hi-Low Top
recoverable,109108,Vivo Amai Hi-Low Top - Navy / Blue Izza Print,V0724026,Vivo Amai Hi-Low Top
recoverable,109109,Vivo Amai Hi-Low Top - Navy Wingu Print,V0724026,Vivo Amai Hi-Low Top
recoverable,109110,Vivo Amai Hi-Low Top - Rust,V0724026,Vivo Amai Hi-Low Top
recoverable,109112,Vivo Amai Hi-Low Top - Taupe Wingu Print,V0724026,Vivo Amai Hi-Low Top
recoverable,342592,Vivo Amai Maxi Kaftan  - FS,V0324039,
recoverable,342593,Vivo Amai Maxi Kaftan  - FS,V0324039,
recoverable,342604,Vivo Amai Maxi Kaftan In Textured Satin  - FS,V0226024,Vivo Amai Maxi Kaftan In Textured Satin
recoverable,109130,Vivo Amai Off-Shoulder Maxi Dress - Green / Navy Biya Print,V0824072,Vivo Amai Off-Shoulder Maxi Dress
recoverable,109131,Vivo Amai Off-Shoulder Maxi Dress - Hot Pink / Black Biya Print,V0824072,Vivo Amai Off-Shoulder Maxi Dress
recoverable,109133,Vivo Amai Off-Shoulder Maxi Dress - Navy / Blue Biya Print,V0824072,Vivo Amai Off-Shoulder Maxi Dress
recoverable,109134,Vivo Amai Off-Shoulder Maxi Dress - Purple / Black Biya Print,V0824072,Vivo Amai Off-Shoulder Maxi Dress
recoverable,109199,Vivo Amara Back Pleat Dress - Burgundy / Hunters Bemba Print,V1023100,Vivo Amara Back Pleat Dress
recoverable,109201,Vivo Amara Back Pleat Dress - Green,V1023100,Vivo Amara Back Pleat Dress
recoverable,109227,Vivo Amara Midi Waterfall - Tan,V0124083,Vivo Amara Midi Waterfall
recoverable,109234,Vivo Amara Sleeveless High Low Top - Hunters,V1023097,Vivo Amara Sleeveless High Low Top
recoverable,109233,Vivo Amara Sleeveless High Low Top - Safron,V1023097,Vivo Amara Sleeveless High Low Top
recoverable,109237,Vivo Amara V-Neck Maxi Dress - Safron,V1023099,Vivo Amara V-Neck Maxi Dress
recoverable,109271,Vivo Analo Wide Leg Pants - Navy,V0325069,Vivo Analo Wide Leg Pants
recoverable,109272,Vivo Analo Wide Leg Pants - Olive,V0325069,Vivo Analo Wide Leg Pants
recoverable,109294,Vivo Arafa Long Sleeve Tie Dress - Green / Orange Rafa Print,V0124045,Vivo Arafa Long Sleeve Tie Dress
recoverable,109304,Vivo Arafa Sleeveless Jacket - Dark Green,V0124038,Vivo Arafa Sleeveless Jacket
recoverable,109315,Vivo Arafa V-Neck Bodycon - Navy Blue,V1123064,Vivo Arafa V-Neck Bodycon
recoverable,109316,Vivo Arafa V-Neck Bodycon - Navy Blue / White,V1123064,Vivo Arafa V-Neck Bodycon
recoverable,109320,Vivo Arafa Wrap Dress - Maroon,V0124048,Vivo Arafa Wrap Dress
recoverable,342452,Vivo Ari One Shoulder Maxi Dress  - FS,V0725023,Vivo Ari One Shoulder Maxi Dress
recoverable,109391,Vivo Asha Drop Shoulder Knee Length Dress - Black / Yellow Floral Print,V1223033,Vivo Asha Drop Shoulder Knee Length Dress
recoverable,109398,Vivo Asha Drop Shoulder Knee Length Dress - Dark Navy / Cream Samara Print,V1223033,Vivo Asha Drop Shoulder Knee Length Dress
recoverable,109412,Vivo Asha Drop Shoulder Knee Length Dress - White / Black Floral Print,V1223033,Vivo Asha Drop Shoulder Knee Length Dress
recoverable,109414,Vivo Asha Drop Shoulder Maxi Shirt Dress - Beige / Black Print,V1223031,Vivo Asha Drop Shoulder Maxi Shirt Dress
recoverable,109415,Vivo Asha Drop Shoulder Maxi Shirt Dress - Blue / Black Weni Print,V1223031,Vivo Asha Drop Shoulder Maxi Shirt Dress
recoverable,109418,Vivo Asha Drop Shoulder Maxi Shirt Dress - Dark Green,V1223031,Vivo Asha Drop Shoulder Maxi Shirt Dress
recoverable,109419,Vivo Asha Drop Shoulder Maxi Shirt Dress - Dark Mustard / Black Weni Print,V1223031,Vivo Asha Drop Shoulder Maxi Shirt Dress
recoverable,109422,Vivo Asha Drop Shoulder Maxi Shirt Dress - Mustard / Black Lala Print,V1223031,Vivo Asha Drop Shoulder Maxi Shirt Dress
recoverable,109425,Vivo Asha Drop Shoulder Maxi Shirt Dress - Navy / Cream Bia Print,V1223031,Vivo Asha Drop Shoulder Maxi Shirt Dress
recoverable,109429,Vivo Asha Drop Shoulder Maxi Shirt Dress - Tan / Black Bia Print,V1223031,Vivo Asha Drop Shoulder Maxi Shirt Dress
recoverable,342285,Vivo Asha Sleeveless Knee Length Dress  - FS,V1223034,Vivo Asha Sleeveless Knee Length Dress
recoverable,342286,Vivo Asha Sleeveless Knee Length Dress  - FS,V1223034,Vivo Asha Sleeveless Knee Length Dress
recoverable,109446,Vivo Asha Sleeveless Knee Length Dress - Cream / Navy Print,V1223034,Vivo Asha Sleeveless Knee Length Dress
recoverable,109448,Vivo Asha Sleeveless Knee Length Dress - Grey / Black Print,V1223034,Vivo Asha Sleeveless Knee Length Dress
recoverable,109451,Vivo Asha Sleeveless Knee Length Dress - White / Black Jilo Print,V1223034,Vivo Asha Sleeveless Knee Length Dress
recoverable,109454,Vivo Asha Sleeveless Knee Length Dress - White / Navy Print,V1223034,Vivo Asha Sleeveless Knee Length Dress
recoverable,342283,Vivo Asha Sleeveless Knee Length Dress In Crepe  - FS,V1223034,
recoverable,342284,Vivo Asha Sleeveless Knee Length Dress in Crepe  - FS,V1223034,
recoverable,109459,Vivo Asha Sleeveless Maxi Dress - Burgundy Peli Print,V1223032,Vivo Asha Sleeveless Maxi Dress
recoverable,109465,Vivo Asha Sleeveless Maxi Dress - Light Olive / Navy Ela Print,V1223032,Vivo Asha Sleeveless Maxi Dress
recoverable,109471,Vivo Asha Sleeveless Maxi Dress - Mustard / Brown Lalo Print,V1223032,Vivo Asha Sleeveless Maxi Dress
recoverable,109477,Vivo Asha Sleeveless Maxi Dress - Taupe / Black Tuli Print,V1223032,Vivo Asha Sleeveless Maxi Dress
recoverable,109479,Vivo Asha Sleeveless Maxi Dress - White Peli Print,V1223032,Vivo Asha Sleeveless Maxi Dress
recoverable,342619,Vivo Asha Wide Leg Pants in Chiffon  - FS,V0224136,Vivo Asha Wide Leg Pants in Chiffon
recoverable,342598,Vivo Asymmetrical Dolman Dress in Satin  - FS,V0226043,Vivo Asymmetrical Dolman Dress in Satin
recoverable,109614,Vivo Ava 3/4 Sleeve Kimono - Off White,V1023042,Vivo Ava 3/4 Sleeve Kimono
recoverable,109621,Vivo Ava 3/4 Sleeve Kimono -White,V1023042,Vivo Ava 3/4 Sleeve Kimono
recoverable,342282,Vivo Ava 3/4 Sleeve Tent Shirt Dress in Crepe  - FS,V1225001,Vivo Ava 3/4 Sleeve Tent Shirt Dress in Crepe
recoverable,342302,Vivo Ava Front Pleat Knee Length Dress  - FS,V1124142,Vivo Ava Front Pleat Knee Length Dress
recoverable,109634,Vivo Ava Front Pleat Knee Length Dress - Peach / White Print,V1124142,Vivo Ava Front Pleat Knee Length Dress
recoverable,109640,Vivo Ava Front Pleat Maxi Dress - Black / Rust Print,V0923049,Vivo Ava Front Pleat Maxi Dress
recoverable,109645,Vivo Ava Front Pleat Maxi Dress - Brown,V0923049,Vivo Ava Front Pleat Maxi Dress
recoverable,109647,Vivo Ava Front Pleat Maxi Dress - Brown / Black Print,V0923049,Vivo Ava Front Pleat Maxi Dress
recoverable,109654,Vivo Ava Front Pleat Maxi Dress - Grey / Rust Print,V0923049,Vivo Ava Front Pleat Maxi Dress
recoverable,109657,Vivo Ava Front Pleat Maxi Dress - Navy / Mustard Ama Print,V0923049,Vivo Ava Front Pleat Maxi Dress
recoverable,109662,Vivo Ava Front Pleat Maxi Dress - Orange / Black Ala Print,V0923049,Vivo Ava Front Pleat Maxi Dress
recoverable,109668,Vivo Ava Front Pleat Maxi Dress - Red,V0923049,Vivo Ava Front Pleat Maxi Dress
recoverable,342399,Vivo Ava Shirt Collar Tunic Top  - FS,V0923089,Vivo Ava Shirt Collar Tunic Top
recoverable,109713,Vivo Ava Tent Flounce Maxi Dress - Beige / White Print,V0923047,Vivo Ava Tent Flounce Maxi Dress
recoverable,109731,Vivo Ava Tent Knee Length Dress - Grey / Black Print,V1023154,Vivo Ava Tent Knee Length Dress
recoverable,109733,Vivo Ava Tent Knee Length Dress - Hunters Green / Cream Print,V1023154,Vivo Ava Tent Knee Length Dress
recoverable,109734,Vivo Ava Tent Knee Length Dress - Lilac / Lime Abasi Print,V1023154,Vivo Ava Tent Knee Length Dress
recoverable,109735,Vivo Ava Tent Knee Length Dress - Lime / Yellow Abasi Print,V1023154,Vivo Ava Tent Knee Length Dress
recoverable,109740,Vivo Ava Tent Knee Length Dress - Orange / Lilac Abasi Print,V1023154,Vivo Ava Tent Knee Length Dress
recoverable,109741,Vivo Ava Tent Knee Length Dress - Pink / Hunters Green Print,V1023154,Vivo Ava Tent Knee Length Dress
recoverable,109743,Vivo Ava Tent Knee Length Dress - Purple / Black Nurra Print,V1023154,Vivo Ava Tent Knee Length Dress
recoverable,109744,Vivo Ava Tent Knee Length Dress - Purple / Black Savi Print,V1023154,Vivo Ava Tent Knee Length Dress
recoverable,109747,Vivo Ava Tent Knee Length Dress - White / Pink Abasi Print,V1023154,Vivo Ava Tent Knee Length Dress
recoverable,109755,Vivo Ava Tent Maxi Dress - Cream / Orange Print,V0923046,Vivo Ava Tent Maxi Dress
recoverable,109757,Vivo Ava Tent Maxi Dress - Mustard / Black Jilo Print,V0923046,Vivo Ava Tent Maxi Dress
recoverable,109759,Vivo Ava Tent Maxi Dress - Orange / Off White Print,V0923046,Vivo Ava Tent Maxi Dress
recoverable,342617,Vivo Ayah 3/4 Sleeve Jumpsuit  - FS,V0225007,Vivo Ayah 3/4 Sleeve Jumpsuit
recoverable,109774,Vivo Ayah Bishop Sleeve Mock Neck Top - Purple,V0225002,Vivo Ayah Bishop Sleeve Mock Neck Top
recoverable,109794,Vivo Ayah Kimono - Lilac / Black Tullu Print,V0225030,Vivo Ayah Kimono
recoverable,342615,Vivo Ayah Shirred Cuff Loose Top  - FS,V0225032,Vivo Ayah Shirred Cuff Loose Top
recoverable,109828,Vivo Ayana Cap Sleeve High Low Tent Dress - Green Print,V1122066,Vivo Ayana Cap Sleeve High Low Tent Dress
recoverable,109829,Vivo Ayana Cap Sleeve High Low Tent Dress - Mustard / Navy Print,V1122066,Vivo Ayana Cap Sleeve High Low Tent Dress
recoverable,109830,Vivo Ayana Cap Sleeve High Low Tent Dress - Mustard Print,V1122066,Vivo Ayana Cap Sleeve High Low Tent Dress
recoverable,109831,Vivo Ayana Cap Sleeve High Low Tent Dress - Navy / Brown Yana Print,V1122066,Vivo Ayana Cap Sleeve High Low Tent Dress
recoverable,109833,Vivo Ayana Cap Sleeve High Low Tent Dress - Rust / Hunters Print,V1122066,Vivo Ayana Cap Sleeve High Low Tent Dress
recoverable,109914,Vivo Ayla Crepe Pants - Light Dust Pink / Black Lala Print,V1124074,Vivo Ayla Crepe Pants
recoverable,109916,Vivo Ayla Crepe Pants - Mustard / Black Lala Print,V1124074,Vivo Ayla Crepe Pants
recoverable,109917,Vivo Ayla Crepe Pants - Navy / Burgundy Hali Print,V1124074,Vivo Ayla Crepe Pants
recoverable,109925,Vivo Ayla Loose Top - Caramel,V0824098,Vivo Ayla Loose Top
recoverable,109927,Vivo Ayla Loose Top - Rust,V0824098,Vivo Ayla Loose Top
recoverable,109963,Vivo Ayla Off-Shoulder Dress - Blush Pink/ Black Meti Print,V0824103,Vivo Ayla Off-Shoulder Dress
recoverable,109964,Vivo Ayla Off-Shoulder Dress - Cream / Black Meti Print,V0824103,Vivo Ayla Off-Shoulder Dress
recoverable,109973,Vivo Ayla Off-Shoulder Jumpsuit - Light Taupe / Black Lala Print,V0824108,Vivo Ayla Off-Shoulder Jumpsuit
recoverable,109976,Vivo Ayla Off-Shoulder Jumpsuit -Black / Taupe Umbo Print,V0824108,Vivo Ayla Off-Shoulder Jumpsuit
recoverable,109987,Vivo Ayo Tent Dress - Green / White Print,V0120094,Vivo Ayo Tent Dress
recoverable,109988,Vivo Ayo Tent Dress - Mint Green / Black Print,V0120094,Vivo Ayo Tent Dress
recoverable,110000,Vivo Ayo Tent Dress - White / Taupe Print,V0120094,Vivo Ayo Tent Dress
recoverable,110001,Vivo Ayo Tent Dress - Yellow / Black Print,V0120094,Vivo Ayo Tent Dress
recoverable,110013,Vivo Azawi Cap Sleeve Panelled Dress - Black / White,V0324075,Vivo Azawi Cap Sleeve Panelled Dress
recoverable,110016,Vivo Azawi Pencil Skirt - Black / White,V0324076,Vivo Azawi Pencil Skirt
recoverable,110043,Vivo Bana Batwing Top - Burgundy,V0423006,
recoverable,342570,Vivo Bana Batwing Top in Jersey  - FS,V0423006,
recoverable,342478,Vivo Basic 3/4 Sleeve A-Line Maxi Dress  - FS,V0719006,Vivo Basic 3/4 Sleeve A-Line Maxi Dress
recoverable,110108,Vivo Basic 3/4 Sleeve A-Line Maxi Dress - Burgundy,V0719006,Vivo Basic 3/4 Sleeve A-Line Maxi Dress
recoverable,110111,Vivo Basic 3/4 Sleeve A-Line Maxi Dress - Hunters Green,V0719006,Vivo Basic 3/4 Sleeve A-Line Maxi Dress
recoverable,110121,Vivo Basic 3/4 Sleeve A-Line Wrap Maxi Dress - Burgundy,V0719007,Vivo Basic 3/4 Sleeve A-Line Wrap Maxi Dress
recoverable,110175,Vivo Basic 3/4 Sleeve Double Layered Bodycon Dress - Green,V0919035,Vivo Basic 3/4 Sleeve Double Layered Bodycon Dress
recoverable,110177,Vivo Basic 3/4 Sleeve Double Layered Bodycon Dress - Hunters,V0919035,Vivo Basic 3/4 Sleeve Double Layered Bodycon Dress
recoverable,110182,Vivo Basic 3/4 Sleeve Double Layered Bodycon Dress - Orange,V0919035,Vivo Basic 3/4 Sleeve Double Layered Bodycon Dress
recoverable,342971,Vivo Basic 3/4 Sleeve Kena Tent Knee Length Dress  - FS,V0120002,Vivo Basic 3/4 Sleeve Kena Tent Knee Length Dress
recoverable,110240,Vivo Basic 3/4 Sleeve Leila Bodycon Dress - Burgundy,V0320037,Vivo Basic 3/4 Sleeve Leila Bodycon Dress
recoverable,110247,Vivo Basic 3/4 Sleeve Leila Bodycon Dress - Navy Blue,V0320037,Vivo Basic 3/4 Sleeve Leila Bodycon Dress
recoverable,110309,Vivo Basic 3/4 Sleeve Top - Green,V0220050,Vivo Basic 3/4 Sleeve Top
recoverable,110311,Vivo Basic 3/4 Sleeve Top - Navy Blue,V0220050,Vivo Basic 3/4 Sleeve Top
recoverable,110312,Vivo Basic 3/4 Sleeve Top - Orange,V0220050,Vivo Basic 3/4 Sleeve Top
recoverable,342370,Vivo Basic 3/4 Sleeved Double Layered Bodysuit  - FS,V1020048,Vivo Basic 3/4 Sleeved Double Layered Bodysuit
recoverable,110335,Vivo Basic 3/4 Sleeved Double Layered Bodysuit - Buttermilk,V1020048,Vivo Basic 3/4 Sleeved Double Layered Bodysuit
recoverable,342369,Vivo Basic 3/4 Sleeved Double Layered Bodysuit in Jersey  - FS,V1020048,Vivo Basic 3/4 Sleeved Double Layered Bodysuit in Jersey
recoverable,110506,Vivo Basic Ayo Bishop Sleeve Dress - Black / Brown Print,V0621190,Vivo Basic Ayo Bishop Sleeve Dress
recoverable,110520,Vivo Basic Ayo Bishop Sleeve Dress - Cream / Navy Print,V0621190,Vivo Basic Ayo Bishop Sleeve Dress
recoverable,110528,Vivo Basic Ayo Bishop Sleeve Dress - Navy / Brown Print,V0621190,Vivo Basic Ayo Bishop Sleeve Dress
recoverable,110529,Vivo Basic Ayo Bishop Sleeve Dress - Navy / Orange Iyo Print,V0621190,Vivo Basic Ayo Bishop Sleeve Dress
recoverable,110530,Vivo Basic Ayo Bishop Sleeve Dress - Navy / Peach Print,V0621190,Vivo Basic Ayo Bishop Sleeve Dress
recoverable,110531,Vivo Basic Ayo Bishop Sleeve Dress - Navy / Pink Print,V0621190,Vivo Basic Ayo Bishop Sleeve Dress
recoverable,110586,Vivo Basic Aziza Belt - Blue / Yellow Print,V1219185,Vivo Basic Aziza Belt
recoverable,110600,Vivo Basic Aziza Belt - Jua Print,V1219185,Vivo Basic Aziza Belt
recoverable,110604,Vivo Basic Aziza Belt - Mshale Print,V1219185,Vivo Basic Aziza Belt
recoverable,342541,Vivo Basic Bishop Sleeve Top In Chiffon (Double Layered)  - FS,V0524179,Vivo Basic Bishop Sleeve Top In Chiffon (Double Layered)
recoverable,342442,Vivo Basic Bodycon Dress in Rayon  - FS,V0819036,Vivo Basic Bodycon
recoverable,197112,Vivo Basic Boundneck Puff Sleeve Top - Blue,V0320040,Vivo Basic Boundneck Puff Sleeve Top
recoverable,342574,Vivo Basic Cap Sleeve Bodycon in Rayon  - FS,V0422070,Vivo Basic Cap Sleeve Bodycon
recoverable,342412,Vivo Basic Cap Sleeve Chiffon Maxi Dress  - FS,V0825017,Vivo Basic Cap Sleeve Chiffon Maxi Dress
recoverable,342663,Vivo Basic Cap Sleeve Knee Length Dress  - FS,V0121168,
recoverable,197152,Vivo Basic Cap Sleeve Knee Length Dress - Beige / Brown Abstract Print,V0121168,
recoverable,197155,Vivo Basic Cap Sleeve Knee Length Dress - Black / White Floral Print,V0121168,
recoverable,197157,Vivo Basic Cap Sleeve Knee Length Dress - Dark Navy / Mustard Print,V0121168,
recoverable,197158,Vivo Basic Cap Sleeve Knee Length Dress - Mint Green / Black Floral Print,V0121168,
recoverable,197161,Vivo Basic Cap Sleeve Knee Length Dress - White / Black Floral Print,V0121168,
recoverable,197181,Vivo Basic Cap Sleeve Knee Length Tent Dress - Black / White Biana Print,V0121168,
recoverable,197186,Vivo Basic Cap Sleeve Knee Length Tent Dress - Blue / Black Capi Print,V0121168,
recoverable,197211,Vivo Basic Cap Sleeve Knee Length Tent Dress - Hunters / Grey Print,V0121168,
recoverable,197222,Vivo Basic Cap Sleeve Knee Length Tent Dress - Navy / Mustard Print,V0121168,
recoverable,197255,Vivo Basic Cap Sleeve Knee Length Tent Dress - White / Red Stawi Print,V0121168,
recoverable,197260,Vivo Basic Cap Sleeve Knee Length Tent Dress -Olive / Black Capi Print,V0121168,
recoverable,197261,Vivo Basic Cap Sleeve Knee Length Tent Dress -Tan/ Black Capi Print,V0121168,
recoverable,342413,Vivo Basic Cap Sleeve Maxi Dress In Chiffon  - FS,V0825017,Vivo Basic Cap Sleeve Chiffon Maxi Dress
recoverable,342631,Vivo Basic Cap Sleeve Maxi Tent Dress  - FS,V0220055,Vivo Basic Cap Sleeve Maxi Tent Dress
recoverable,342630,Vivo Basic Cap Sleeve Maxi Tent Dress  - FS,V0220055,Vivo Basic Cap Sleeve Maxi Tent Dress
recoverable,197269,Vivo Basic Cap Sleeve Maxi Tent Dress - Black / White Print,V0220055,Vivo Basic Cap Sleeve Maxi Tent Dress
recoverable,197279,Vivo Basic Cap Sleeve Maxi Tent Dress - Dark Green / Black Print,V0220055,Vivo Basic Cap Sleeve Maxi Tent Dress
recoverable,197284,Vivo Basic Cap Sleeve Maxi Tent Dress - Khaki / Black Abeni Print,V0220055,Vivo Basic Cap Sleeve Maxi Tent Dress
recoverable,197293,Vivo Basic Cap Sleeve Maxi Tent Dress - Navy / Mustard Tanta Print,V0220055,Vivo Basic Cap Sleeve Maxi Tent Dress
recoverable,197297,Vivo Basic Cap Sleeve Maxi Tent Dress - Navy Polka Print,V0220055,Vivo Basic Cap Sleeve Maxi Tent Dress
recoverable,197303,Vivo Basic Cap Sleeve Maxi Tent Dress - Pink / Black Abeni Print,V0220055,Vivo Basic Cap Sleeve Maxi Tent Dress
recoverable,197307,Vivo Basic Cap Sleeve Maxi Tent Dress - Rust / Black Abeni Print,V0220055,Vivo Basic Cap Sleeve Maxi Tent Dress
recoverable,197311,Vivo Basic Cap Sleeve Maxi Tent Dress - Taupe Polka Print,V0220055,Vivo Basic Cap Sleeve Maxi Tent Dress
recoverable,197318,Vivo Basic Cap Sleeve Maxi Tent Dress - White / Orange Sabi Print,V0220055,Vivo Basic Cap Sleeve Maxi Tent Dress
recoverable,197320,Vivo Basic Cap Sleeve Maxi Tent Dress - White / Red Print,V0220055,Vivo Basic Cap Sleeve Maxi Tent Dress
recoverable,197323,Vivo Basic Cap Sleeve Maxi Tent Dress - Yellow / Black Diti Print,V0220055,Vivo Basic Cap Sleeve Maxi Tent Dress
recoverable,342661,Vivo Basic Cap Sleeve Tent Knee Length Dress  - FS,V0121168,
recoverable,342664,Vivo Basic Cap Sleeve Tent Knee Length Dress  - FS,V0121168,
recoverable,197329,Vivo Basic Cap Sleeve Tent Knee Length Dress - Black / White Kamai Print,V0121168,
recoverable,197331,Vivo Basic Cap Sleeve Tent Knee Length Dress - Black / White Print,V0121168,
recoverable,197335,Vivo Basic Cap Sleeve Tent Knee Length Dress - Buttermilk,V0121168,
recoverable,197339,Vivo Basic Cap Sleeve Tent Knee Length Dress - Green / White Oken Print,V0121168,
recoverable,342662,Vivo Basic Cap Sleeve Tent Knee Length Dress in Crepe  - FS,V0121168,
recoverable,342434,Vivo Basic Cap Sleeve Top In Crepe  - FS,V0821064,
recoverable,342542,Vivo Basic Cap Sleeve Top in Chiffon  - FS,V0524178,Vivo Basic Chiffon Cap Sleeve Top (Double Layered)
recoverable,342972,Vivo Basic Cap Sleeved Bodysuit in Rayon  - FS,V0523154,Vivo Basic Cap Sleeved Bodysuit
recoverable,197387,Vivo Basic Cap Sleeved Leila Dress - Burgundy,V0819136,Vivo Basic Cap Sleeved Leila Dress
recoverable,197502,Vivo Basic Chiffon Bishop Sleeve Top (Double Layered) - Magenta,V0524179,Vivo Basic Chiffon Bishop Sleeve Top (Double Layered)
recoverable,342544,Vivo Basic Chiffon Cap Sleeve Top (Double Layered)  - FS,V0524178,Vivo Basic Chiffon Cap Sleeve Top (Double Layered)
recoverable,197520,Vivo Basic Chiffon Cap Sleeve Top (Double Layered) - Dark Tan,V0524178,Vivo Basic Chiffon Cap Sleeve Top (Double Layered)
recoverable,197523,Vivo Basic Chiffon Cap Sleeve Top (Double Layered) - Light Navy,V0524178,Vivo Basic Chiffon Cap Sleeve Top (Double Layered)
recoverable,197525,Vivo Basic Chiffon Cap Sleeve Top (Double Layered) - Light Taupe,V0524178,Vivo Basic Chiffon Cap Sleeve Top (Double Layered)
recoverable,197526,Vivo Basic Chiffon Cap Sleeve Top (Double Layered) - Lilac Lusture,V0524178,Vivo Basic Chiffon Cap Sleeve Top (Double Layered)
recoverable,342543,Vivo Basic Chiffon Cap Sleeve Top(Double Layered)  - FS,V0524178,Vivo Basic Chiffon Cap Sleeve Top (Double Layered)
recoverable,197534,Vivo Basic Chiffon Drop Shoulder Top - Black Textured,V0422075,Vivo Basic Chiffon Drop Shoulder Top
recoverable,197543,Vivo Basic Chiffon Dropped Shoulder Top - Hunters Green,V0422075,Vivo Basic Chiffon Dropped Shoulder Top
recoverable,197546,Vivo Basic Chiffon Dropped Shoulder Top - Taupe,V0422075,Vivo Basic Chiffon Dropped Shoulder Top
recoverable,342572,Vivo Basic Chiffon Tie Kaftan Top  - FS,V0422076,Vivo Basic Chiffon Tie Kaftan Top
recoverable,342573,Vivo Basic Chiffon Tie Kaftan Top  - FS,V0422076,Vivo Basic Chiffon Tie Kaftan Top
recoverable,197646,Vivo Basic Cowl Jersey Top - Black,V0622062,Vivo Basic Cowl Jersey Top
recoverable,342389,Vivo Basic Crepe Bishop Sleeve Top  - FS,V0925010,Vivo Basic Crepe Bishop Sleeve Top
recoverable,342432,Vivo Basic Crepe Cap Sleeve Top  - FS,V0821064,
recoverable,342431,Vivo Basic Crepe Cap Sleeve Top  - FS,V0821064,
recoverable,342430,Vivo Basic Crepe Cap Sleeve Top  - FS,V0821064,
recoverable,197680,Vivo Basic Crepe Cap Sleeve Top - Jungle Green,V0821064,
recoverable,197695,Vivo Basic Crepe Cap Sleeved Top - Beige / Brown Print,V0821064,Vivo Basic Crepe Cap Sleeved Top
recoverable,197704,Vivo Basic Crepe Cap Sleeved Top - Black / White Meni Print,V0821064,Vivo Basic Crepe Cap Sleeved Top
recoverable,222778,Vivo Basic Crepe Cap Sleeved Top - Dusty Pink / Black Meti print,V0821064,Vivo Basic Crepe Cap Sleeved Top
recoverable,342433,Vivo Basic Crepe Cap Sleeved Top In Crepe  - FS,V0821064,Vivo Basic Crepe Cap Sleeved Top
recoverable,320203,Vivo Basic Crepe Cap Sleeved Top In Crepe - Mustard,V0821064,Vivo Basic Crepe Cap Sleeved Top
recoverable,222789,Vivo Basic Crepe Pants - Purple,V0822019,Vivo Basic Crepe Pants
recoverable,222854,Vivo Basic Cuffed Dolman Jersey Dress - Burgundy,V0719222,Vivo Basic Cuffed Dolman Jersey Dress
recoverable,222866,Vivo Basic Cuffed Dolman Jersey Dress - Safron,V0719222,Vivo Basic Cuffed Dolman Jersey Dress
recoverable,222949,Vivo Basic Dolman Maxi Dress - Dark Green,V0221058,Vivo Basic Dolman Maxi Dress
recoverable,222953,Vivo Basic Dolman Maxi Dress - Light Orange,V0221058,Vivo Basic Dolman Maxi Dress
recoverable,222956,Vivo Basic Dolman Maxi Dress - Navy Blue,V0221058,Vivo Basic Dolman Maxi Dress
recoverable,222963,Vivo Basic Dolman Maxi Dress - Tan,V0221058,Vivo Basic Dolman Maxi Dress
recoverable,222964,Vivo Basic Dolman Maxi Dress - Taupe,V0221058,Vivo Basic Dolman Maxi Dress
recoverable,223014,Vivo Basic Double Layered Long Sleeved Bodysuit - Dark Green,V0220007,Vivo Basic Double Layered Long Sleeved Bodysuit
recoverable,223027,Vivo Basic Double Layered Long Sleeved Bodysuit - Taupe,V0220007,Vivo Basic Double Layered Long Sleeved Bodysuit
recoverable,223029,Vivo Basic Double Layered Long Sleeved Bodysuit - Yellow,V0220007,Vivo Basic Double Layered Long Sleeved Bodysuit
recoverable,223090,Vivo Basic Drop Shoulder Dolman Dress - Navy Blue,V0323017,Vivo Basic Drop Shoulder Dolman Dress
recoverable,342672,Vivo Basic Dua Jacket in Ponte  - FS,V0121065,Vivo Basic Dua Jacket
recoverable,223131,Vivo Basic Escape A-Line Dress - Taupe / Burgundy Esai Print,V1019069,Vivo Basic Escape A-line Dress
recoverable,342373,Vivo Basic Escape A-Line Dress in Ponte  - FS,V1019069,
recoverable,223202,Vivo Basic Extra Long Lily Waterfall - Taupe,V0719290,Vivo Basic Extra Long Lily Waterfall
recoverable,223203,Vivo Basic Extra Long Lily Waterfall - White,V0719290,Vivo Basic Extra Long Lily Waterfall
recoverable,223229,Vivo Basic Faux Pocket Leisure Pants - Dark Green,V0719293,Vivo Basic Faux Pocket Leisure Pants
recoverable,342446,Vivo Basic Imelda Cowl Sweater  - FS,V0819010,Vivo Basic Imelda Cowl Sweater
recoverable,342445,Vivo Basic Imelda Cowl Sweater  - FS,V0819010,Vivo Basic Imelda Cowl Sweater
recoverable,223314,Vivo Basic Imelda Cowl Sweater - White,V0819010,Vivo Basic Imelda Cowl Sweater
recoverable,223321,Vivo Basic Imelda Top - Orange,V0719369,Vivo Basic Imelda Top
recoverable,223324,Vivo Basic Imelda Top - Rust,V0719369,Vivo Basic Imelda Top
recoverable,223326,Vivo Basic Imelda Top - Tan,V0719369,Vivo Basic Imelda Top
recoverable,223364,Vivo Basic Julia Back Pleat Knee Length Dress - Black,V0719416,Vivo Basic Julia Back Pleat Knee Length Dress
recoverable,223373,Vivo Basic Julia Back Pleat Knee Length Dress - Orange,V0719416,Vivo Basic Julia Back Pleat Knee Length Dress
recoverable,223389,Vivo Basic Julia Back Pleat Maxi Dress - Orange,V0719419,Vivo Basic Julia Back Pleat Maxi Dress
recoverable,342440,Vivo Basic Kena Tent Knee Length Dress  - FS,V0819098,Vivo Basic Kena Tent Knee Length Dress
recoverable,223418,Vivo Basic Kena Tent Knee Length Dress - Taupe,V0819098,Vivo Basic Kena Tent Knee Length Dress
recoverable,342441,Vivo Basic Kena Tent Knee Length Dress in Ponte  - FS,V0819098,
recoverable,342635,Vivo Basic Knee Length Dress In Chiffon  - FS,V0126037,Vivo Basic Knee Length Dress In Chiffon
recoverable,342575,Vivo Basic Leggings  - FS,V0421160,Vivo Basic Leggings
recoverable,223474,Vivo Basic Leila Maxi Waterfall - Black,V0620049,Vivo Basic Leila Maxi Waterfall
recoverable,223476,Vivo Basic Leila Maxi Waterfall - Buttermilk,V0620049,Vivo Basic Leila Maxi Waterfall
recoverable,223490,Vivo Basic Leila Maxi Waterfall - Taupe,V0620049,Vivo Basic Leila Maxi Waterfall
recoverable,223498,Vivo Basic Leila Short Waterfall - Mustard,V0423078,Vivo Basic Leila Short Waterfall
recoverable,223514,Vivo Basic Leisure Pants - Grey,V0220059,Vivo Basic Leisure Pants
recoverable,223516,Vivo Basic Leisure Pants - Maroon,V0220059,Vivo Basic Leisure Pants
recoverable,223631,Vivo Basic Long Lily Waterfall - Sea Green,V0819064,Vivo Basic Long Lily Waterfall
recoverable,223639,Vivo Basic Long Sleeve Bodysuit (Seamless) - Black,V0823134,Vivo Basic Long Sleeve Bodysuit (Seamless)
recoverable,223640,Vivo Basic Long Sleeve Bodysuit (Seamless) - Grey,V0823134,Vivo Basic Long Sleeve Bodysuit (Seamless)
recoverable,223665,Vivo Basic Long Sleeve Tent Shirt Dress - Beige / Black Print,V0323058,Vivo Basic Long Sleeve Tent Shirt Dress
recoverable,223670,Vivo Basic Long Sleeve Tent Shirt Dress - Dark Green,V0323058,Vivo Basic Long Sleeve Tent Shirt Dress
recoverable,223693,Vivo Basic Long Sleeved Bishop Top - Black Textured,V0120092,Vivo Basic Long Sleeved Bishop Top
recoverable,223706,Vivo Basic Long Sleeved Bishop Top - Green / White Ifi Print,V0120092,Vivo Basic Long Sleeved Bishop Top
recoverable,223715,Vivo Basic Long Sleeved Bishop Top - Mint,V0120092,Vivo Basic Long Sleeved Bishop Top
recoverable,223735,Vivo Basic Long Sleeved Bishop Top - Red / White Ifi Print,V0120092,Vivo Basic Long Sleeved Bishop Top
recoverable,342477,Vivo Basic Long Sleeved Bodysuit in Jersey  - FS,V0719112,Vivo Basic Long Sleeved Bodysuit
recoverable,223768,Vivo Basic Long Sleeved Bodysuit in Jersey - Safron,V0719112,Vivo Basic Long Sleeved Bodysuit
recoverable,342476,Vivo Basic Long Sleeved Double Layered Bodycon  - FS,V0719261,Vivo Basic Long Sleeved Double Layered Bodycon
recoverable,343105,Vivo Basic Long Sleeved Double Layered Bodycon - Black,V0719261,Vivo Basic Long Sleeved Double Layered Bodycon
recoverable,223787,Vivo Basic Long Sleeved Double Layered Bodycon - Rust,V0719261,Vivo Basic Long Sleeved Double Layered Bodycon
recoverable,223790,Vivo Basic Long Sleeved Double Layered Bodycon - Teal,V0719261,Vivo Basic Long Sleeved Double Layered Bodycon
recoverable,344693,Vivo Basic Long Sleeved Top - Burgundy,V0719113,Vivo Basic Long Sleeved Top
recoverable,223801,Vivo Basic Long Sleeved Top - Forest Green,V0719113,Vivo Basic Long Sleeved Top
recoverable,223811,Vivo Basic Long Sleeved Top - Sea Green,V0719113,Vivo Basic Long Sleeved Top
recoverable,223812,Vivo Basic Long Sleeved Top - Tan,V0719113,Vivo Basic Long Sleeved Top
recoverable,223815,Vivo Basic Long Sleeved Top - White,V0719113,Vivo Basic Long Sleeved Top
recoverable,223870,Vivo Basic May Jersey Waterfall - Safron,V0220053,Vivo Basic May Jersey Waterfall
recoverable,223871,Vivo Basic May Jersey Waterfall - Tan,V0220053,Vivo Basic May Jersey Waterfall
recoverable,342444,Vivo Basic May Sweater  - FS,V0819022,Vivo Basic May Sweater
recoverable,223877,Vivo Basic May Sweater - Dark Green,V0819022,Vivo Basic May Sweater
recoverable,223880,Vivo Basic May Sweater - Dark Rust,V0819022,Vivo Basic May Sweater
recoverable,223970,Vivo Basic Nalia High Low Jersey Top - Taupe,V0121134,Vivo Basic Nalia High Low Jersey Top
recoverable,223972,Vivo Basic Nalia High Low Jersey Top - White,V0121134,Vivo Basic Nalia High Low Jersey Top
recoverable,223973,Vivo Basic Nalia High Low Jersey Top - Yellow,V0121134,Vivo Basic Nalia High Low Jersey Top
recoverable,224010,Vivo Basic Nalia High-low Chiffon Top - Khaki,V1119024,Vivo Basic Nalia High-low Chiffon Top
recoverable,238610,Vivo Basic Nalia Satin High Low Top - Dust Grey,V0223140,Vivo Basic Nalia Satin High Low Top
recoverable,238616,Vivo Basic Nalia Satin High Low Top - Peach,V0223140,Vivo Basic Nalia Satin High Low Top
recoverable,238633,Vivo Basic Nandi High Slit Kimono - Black / White Print,V1019114,Vivo Basic Nandi High Slit Kimono
recoverable,238637,Vivo Basic Nandi High Slit Kimono - Blue,V1019114,Vivo Basic Nandi High Slit Kimono
recoverable,238661,Vivo Basic Nandi High Slit Kimono - Lime Green / Black Abstract Print,V1019114,Vivo Basic Nandi High Slit Kimono
recoverable,238730,Vivo Basic Neo Extra Long Lily Waterfall - Light Burgundy,V0122114,Vivo Basic Neo Extra Long Lily Waterfall
recoverable,342621,Vivo Basic Open Kaftan  - FS,V0223225,Vivo Basic Open Kaftan
recoverable,238829,Vivo Basic Palazzo Pants - Chocolate,V0819137,Vivo Basic Palazzo Pants
recoverable,238818,Vivo Basic Palazzo Pants - Dark Green,V0819137,Vivo Basic Palazzo Pants
recoverable,342447,Vivo Basic Panelled Leisure Pants  - FS,V0819003,Vivo Basic Panelled Leisure Pants
recoverable,238884,Vivo Basic Pencil Skirt - Dark Grey,V0819034,Vivo Basic Pencil Skirt
recoverable,238907,Vivo Basic Puff Sleeved Bodycon - Burgundy,V0919039,Vivo Basic Puff Sleeved Bodycon
recoverable,238921,Vivo Basic Puff Sleeved Bodycon - Taupe,V0919039,Vivo Basic Puff Sleeved Bodycon
recoverable,342516,Vivo Basic Round Neck Maxi Dress  - FS,V0525075,Vivo Basic Round Neck Maxi Dress
recoverable,238939,Vivo Basic Round Neck Maxi Dress - Black / Orange,V0525075,Vivo Basic Round Neck Maxi Dress
recoverable,238942,Vivo Basic Round Neck Maxi Dress - Chocolate / Orange,V0525075,Vivo Basic Round Neck Maxi Dress
recoverable,342517,Vivo Basic Round Neck Maxi Dress In Crepe  - FS,V0525075,
recoverable,342668,Vivo Basic Satin Bishop Sleeved Top  - FS,V0121119,Vivo Basic Satin Bishop Sleeved Top
recoverable,239006,Vivo Basic Satin Bishop Sleeved Top - Blue / Rust Floral Print,V0121119,Vivo Basic Satin Bishop Sleeved Top
recoverable,239018,Vivo Basic Satin Bishop Sleeved Top - Dark Teal,V0121119,Vivo Basic Satin Bishop Sleeved Top
recoverable,239046,Vivo Basic Satin Bishop Sleeved Top - Navy / Yellow Nina Print,V0121119,Vivo Basic Satin Bishop Sleeved Top
recoverable,239047,Vivo Basic Satin Bishop Sleeved Top - Navy Blue,V0121119,Vivo Basic Satin Bishop Sleeved Top
recoverable,239051,Vivo Basic Satin Bishop Sleeved Top - Olive,V0121119,Vivo Basic Satin Bishop Sleeved Top
recoverable,239073,Vivo Basic Satin Bishop Sleeved Top - Sea Green,V0121119,Vivo Basic Satin Bishop Sleeved Top
recoverable,342288,Vivo Basic Satin Cap Sleeve Top  - FS,V1221043,Vivo Basic Satin Cap Sleeve Top
recoverable,239107,Vivo Basic Satin Cap Sleeve Top - Beige / Black Bai Print,V1221043,Vivo Basic Satin Cap Sleeve Top
recoverable,239108,Vivo Basic Satin Cap Sleeve Top - Beige / Green Bai Print,V1221043,Vivo Basic Satin Cap Sleeve Top
recoverable,239112,Vivo Basic Satin Cap Sleeve Top - Black / Green Bai Print,V1221043,Vivo Basic Satin Cap Sleeve Top
recoverable,239120,Vivo Basic Satin Cap Sleeve Top - Brown,V1221043,Vivo Basic Satin Cap Sleeve Top
recoverable,239132,Vivo Basic Satin Cap Sleeve Top - Grey,V1221043,Vivo Basic Satin Cap Sleeve Top
recoverable,239134,Vivo Basic Satin Cap Sleeve Top - Hot Pink,V1221043,Vivo Basic Satin Cap Sleeve Top
recoverable,239138,Vivo Basic Satin Cap Sleeve Top - Light Blue,V1221043,Vivo Basic Satin Cap Sleeve Top
recoverable,239142,Vivo Basic Satin Cap Sleeve Top - Lilac / Navy Ullu Print,V1221043,Vivo Basic Satin Cap Sleeve Top
recoverable,239146,Vivo Basic Satin Cap Sleeve Top - Olive,V1221043,Vivo Basic Satin Cap Sleeve Top
recoverable,239150,Vivo Basic Satin Cap Sleeve Top - Peach,V1221043,Vivo Basic Satin Cap Sleeve Top
recoverable,239163,Vivo Basic Satin Cap Sleeve Top - White,V1221043,Vivo Basic Satin Cap Sleeve Top
recoverable,239164,Vivo Basic Satin Cap Sleeve Top - White / Grey Bia Print,V1221043,Vivo Basic Satin Cap Sleeve Top
recoverable,239166,Vivo Basic Satin Cap Sleeve Top - White / Mustard Ullu Print,V1221043,Vivo Basic Satin Cap Sleeve Top
recoverable,239182,Vivo Basic Satin Dropped Shoulder Top - Black / Taupe Deli Print,V0324017,Vivo Basic Satin Dropped Shoulder Top
recoverable,239267,Vivo Basic Short Lily Waterfall - Light Taupe,V0719677,Vivo Basic Short Lily Waterfall
recoverable,239269,Vivo Basic Short Lily Waterfall - Mustard,V0719677,Vivo Basic Short Lily Waterfall
recoverable,239270,Vivo Basic Short Lily Waterfall - Navy Blue,V0719677,Vivo Basic Short Lily Waterfall
recoverable,239272,Vivo Basic Short Lily Waterfall - Orange,V0719677,Vivo Basic Short Lily Waterfall
recoverable,239286,Vivo Basic Short May Jersey Waterfall - Light Taupe,V0221013,Vivo Basic Short May Jersey Waterfall
recoverable,342539,Vivo Basic Short Sleeve Top  - FS,V0524192,Vivo Basic Short Sleeve Top
recoverable,342974,Vivo Basic Short Sleeve Top  - FS,V0524192,Vivo Basic Short Sleeve Top
recoverable,239301,Vivo Basic Short Sleeve Top - Hunters Green,V0524192,Vivo Basic Short Sleeve Top
recoverable,342540,Vivo Basic Short Sleeve Top in Jersey  - FS,V0524192,
recoverable,342571,Vivo Basic Sienna Jersey Top  - FS,V0422077,Vivo Basic Sienna Jersey Top
recoverable,239370,Vivo Basic Sienna Jersey Top - Green,V0422077,Vivo Basic Sienna Jersey Top
recoverable,239372,Vivo Basic Sienna Jersey Top - Orange,V0422077,Vivo Basic Sienna Jersey Top
recoverable,239373,Vivo Basic Sienna Jersey Top - Sea Green,V0422077,Vivo Basic Sienna Jersey Top
recoverable,239377,Vivo Basic Sienna Jersey Top - Yellow,V0422077,Vivo Basic Sienna Jersey Top
recoverable,342437,Vivo Basic Sienna Waterfall  - FS,V0819120,Vivo Basic Sienna Waterfall
recoverable,239405,Vivo Basic Sienna Waterfall - Green,V0819120,Vivo Basic Sienna Waterfall
recoverable,239413,Vivo Basic Sienna Waterfall - Navy Blue,V0819120,Vivo Basic Sienna Waterfall
recoverable,338400,Vivo Basic Sienna Waterfall - Safron,V0819120,Vivo Basic Sienna Waterfall
recoverable,239426,Vivo Basic Sienna Waterfall - Tan,V0819120,Vivo Basic Sienna Waterfall
recoverable,239429,Vivo Basic Sienna Waterfall - White,V0819120,Vivo Basic Sienna Waterfall
recoverable,239430,Vivo Basic Sienna Waterfall - Yellow,V0819120,Vivo Basic Sienna Waterfall
recoverable,342436,Vivo Basic Sienna Waterfall In Jersey  - FS,V0819120,Vivo Basic Sienna Waterfall
recoverable,342438,Vivo Basic Sienna Waterfall In Jersey - FS,V0819120,Vivo Basic Sienna Waterfall
recoverable,342590,Vivo Basic Sleeveless Bodysuit in Rayon  - FS,V0324069,Vivo Basic Sleeveless Bodysuit
recoverable,342591,Vivo Basic Sleeveless Bodysuit in Rayon  - FS,V0324069,Vivo Basic Sleeveless Bodysuit
recoverable,239477,Vivo Basic Sleeveless Double Layered Bodycon - Deep Teal,V1119112,Vivo Basic Sleeveless Double Layered Bodycon
recoverable,239480,Vivo Basic Sleeveless Double Layered Bodycon - Mustard,V1119112,Vivo Basic Sleeveless Double Layered Bodycon
recoverable,239482,Vivo Basic Sleeveless Double Layered Bodycon - Navy Blue,V1119112,Vivo Basic Sleeveless Double Layered Bodycon
recoverable,239494,Vivo Basic Sleeveless Double Layered Coat - Black,V0425049,Vivo Basic Sleeveless Double Layered Coat
recoverable,239495,Vivo Basic Sleeveless Double Layered Coat - Buttermilk,V0425049,Vivo Basic Sleeveless Double Layered Coat
recoverable,239496,Vivo Basic Sleeveless Double Layered Coat - Dark Green,V0425049,Vivo Basic Sleeveless Double Layered Coat
recoverable,239506,Vivo Basic Sleeveless Extra Long Lily Waterfall - Orange,V1122193,Vivo Basic Sleeveless Extra Long Lily Waterfall
recoverable,342323,Vivo Basic Sleeveless Kena Tent Dress In Ponte  - FS,V1121019,Vivo Basic Sleeveless Kena Tent Dress
recoverable,342322,Vivo Basic Sleeveless Kena Tent Maxi Dress in Ponte  - FS,V1121020,Vivo Basic Sleeveless Kena Tent Maxi Dress in Ponte
recoverable,239571,Vivo Basic Sleeveless Leila Bodycon Dress - Light Taupe,V1019066,Vivo Basic Sleeveless Leila Bodycon Dress
recoverable,239592,Vivo Basic Sleeveless Long Lily Waterfall - Dark Green,V0719839,Vivo Basic Sleeveless Long Lily Waterfall
recoverable,239640,Vivo Basic Sleeveless Ponte Circular Dress - White,V0919022,Vivo Basic Sleeveless Ponte Circular Dress
recoverable,342429,Vivo Basic Sleeveless Tent Dress  - FS,V0822022,Vivo Basic Sleeveless Tent Dress
recoverable,342428,Vivo Basic Sleeveless Tent Dress  - FS,V0822022,Vivo Basic Sleeveless Tent Dress
recoverable,239675,Vivo Basic Sleeveless Tent Dress - Black / White Polka Dot,V0822022,Vivo Basic Sleeveless Tent Dress
recoverable,239684,Vivo Basic Sleeveless Tent Dress - Grey / Black Print,V0822022,Vivo Basic Sleeveless Tent Dress
recoverable,239691,Vivo Basic Sleeveless Tent Dress - Navy / Tan Sika Print,V0822022,Vivo Basic Sleeveless Tent Dress
recoverable,342975,Vivo Basic Sleeveless Tent Dress in Crepe  - FS,V0822022,
recoverable,239717,Vivo Basic Sleeveless Tent Maxi Dress - Black / Orange Print,V0622019,Vivo Basic Sleeveless Tent Maxi Dress
recoverable,239720,Vivo Basic Sleeveless Tent Maxi Dress - Coral / Black Abstract Print,V0622019,Vivo Basic Sleeveless Tent Maxi Dress
recoverable,239721,Vivo Basic Sleeveless Tent Maxi Dress - Cream / Chocolate Doret Print,V0622019,Vivo Basic Sleeveless Tent Maxi Dress
recoverable,239722,Vivo Basic Sleeveless Tent Maxi Dress - Cream / Red Print,V0622019,Vivo Basic Sleeveless Tent Maxi Dress
recoverable,239731,Vivo Basic Sleeveless Tent Maxi Dress - Orange / Green Print,V0622019,Vivo Basic Sleeveless Tent Maxi Dress
recoverable,239740,Vivo Basic Sleeveless Tent Maxi Dress - Tan / Black Fan Print,V0622019,Vivo Basic Sleeveless Tent Maxi Dress
recoverable,239745,Vivo Basic Sleeveless Tent Maxi Dress - Yellow / Black Abstract Print,V0622019,Vivo Basic Sleeveless Tent Maxi Dress
recoverable,239803,Vivo Basic Straight Skirt - Dark Green,V0222135,Vivo Basic Straight Skirt
recoverable,239809,Vivo Basic Straight Skirt - Yellow,V0222135,Vivo Basic Straight Skirt
recoverable,342464,Vivo Basic Tank Top in Jersey  - FS,V0724080,
recoverable,239911,Vivo Basic Tolani Jersey Dress - Forest Green,V0920021,Vivo Tolani Dress
recoverable,239914,Vivo Basic Tolani Jersey Dress - Orange,V0920021,Vivo Tolani Dress
recoverable,239918,Vivo Basic Tolani Jersey Dress - Teal,V0920021,Vivo Tolani Dress
recoverable,342513,Vivo Basic Trench Coat  - FS,V0620079,Vivo Basic Trench Coat
recoverable,239943,Vivo Basic Tsavo Scalloped Chiffon Top - Coral,V0422058,Vivo Basic Tsavo Scalloped Chiffon Top
recoverable,239949,Vivo Basic Tsavo Scalloped Chiffon Top - Hunters,V0422058,Vivo Basic Tsavo Scalloped Chiffon Top
recoverable,239951,Vivo Basic Tsavo Scalloped Chiffon Top - Mustard,V0422058,Vivo Basic Tsavo Scalloped Chiffon Top
recoverable,239968,Vivo Basic Tsavo Scalloped Chiffon Top - White / Hunters Liwi Print,V0422058,Vivo Basic Tsavo Scalloped Chiffon Top
recoverable,239972,Vivo Basic Tulia Long Sleeved Top - Orange,V0620004,Vivo Basic Tulia Long Sleeved Top
recoverable,239993,Vivo Basic Tulip Sweater - Red,V0819126,Vivo Basic Tulip Sweater
recoverable,240151,Vivo Basic V-Neck Long Sleeve Top - Burgundy,V0423052,Vivo Basic V-Neck Long Sleeve Top
recoverable,240152,Vivo Basic V-Neck Long Sleeve Top - Dark Green,V0423052,Vivo Basic V-Neck Long Sleeve Top
recoverable,342594,Vivo Basic V-neck Cap Sleeve Top  - FS,V0323019,Vivo Basic V-neck Cap Sleeve Top
recoverable,240053,Vivo Basic Val Cap Sleeve Top - Burgundy,V1120036,
recoverable,240054,Vivo Basic Val Cap Sleeve Top - Burnt Orange,V1120036,
recoverable,240063,Vivo Basic Val Cap Sleeve Top - Orange,V1120036,
recoverable,240066,Vivo Basic Val Cap Sleeve Top - Safron,V1120036,
recoverable,240069,Vivo Basic Val Cap Sleeve Top - Tan,V1120036,
recoverable,342468,Vivo Basic Val Long Sleeve Top  - FS,V0723043,Vivo Basic Val Long Sleeve Top
recoverable,342470,Vivo Basic Val Long Sleeve Top  - FS,V0723043,Vivo Basic Val Long Sleeve Top
recoverable,240090,Vivo Basic Val Long Sleeve Top - Deep Teal,V0723043,Vivo Basic Val Long Sleeve Top
recoverable,240094,Vivo Basic Val Long Sleeve Top - Light Chocolate,V0723043,Vivo Basic Val Long Sleeve Top
recoverable,342367,Vivo Basic Waridi Pencil Skirt  - FS,V1020057,
recoverable,240199,Vivo Basic Waridi Pencil Skirt - White,V1020057,
recoverable,240201,Vivo Basic Waridi Pencil Skirt - Yellow,V1020057,
recoverable,240202,Vivo Basic Waterfall - Black,V0819106,Vivo Basic Waterfall
recoverable,240204,Vivo Basic Waterfall - Burgundy,V0819106,Vivo Basic Waterfall
recoverable,240209,Vivo Basic Waterfall - Dark Mustard,V0819106,Vivo Basic Waterfall
recoverable,240302,Vivo Beali Baby Doll Dress - Dark Taupe / Navy Lea Print,V1024031,Vivo Beali Baby Doll Dress
recoverable,240317,Vivo Beali Shirred Midriff Top - Tan / Navy Lea Print,V1024030,Vivo Beali Shirred Midriff Top
recoverable,240331,Vivo Beali Wide Leg Pants - Tan / Navy Lea Print,V1024033,Vivo Beali Wide Leg Pants
recoverable,240338,Vivo Beali Wrap Shirt Dress - White / Chocolate Lea Print,V1024036,Vivo Beali Wrap Shirt Dress
recoverable,342650,Vivo Button Up Shirt in Chiffon  - FS,V0126009,Vivo Button Up Shirt in Chiffon
recoverable,342451,Vivo Cap Sleeve Salma Maxi Dress  - FS,V0725025,Vivo Cap Sleeve Salma Maxi Dress
recoverable,229989,Vivo Chari Basic Chiffon Bishop Sleeve Top (Double Layered) - Chocolate,V1124153,Vivo Chari Basic Chiffon Bishop Sleeve Top (Double Layered)
recoverable,229997,Vivo Chari Shift Dress - Cream / Navy Print,V1124156,Vivo Chari Shift Dress
recoverable,230000,Vivo Chari Shift Dress - Peach / Navy Print,V1124156,Vivo Chari Shift Dress
recoverable,230011,Vivo Chela Basic Cap Sleeve Top - Peach,V0325019,Vivo Chela Basic Cap Sleeve Top
recoverable,342334,Vivo Chela Jersey Pallazo Pants  - FS,V1025044,Vivo Chela Pants in Jersey
recoverable,342977,Vivo Chela Pants in Jersey  - FS,V1025044,Vivo Chela Pants in Jersey
recoverable,230038,Vivo Chela Tank Top - Brown,V0225026,Vivo Chela Tank Top
recoverable,230055,Vivo Chesi Kimono - Aloe / Black Hesi Print,V0424125,Vivo Chesi Kimono
recoverable,230056,Vivo Chesi Kimono - Mint / Hunters Green Hesi Print,V0424125,Vivo Chesi Kimono
recoverable,230071,Vivo Chesi Wide Leg Pants - Aloe / Black Hesi Print,V0424124,Vivo Chesi Wide Leg Pants
recoverable,342417,Vivo Chidii Drop Shoulder Kimono  - FS,V0824089,Vivo Chidii Drop Shoulder Kimono
recoverable,230090,Vivo Chidii Drop Shoulder Kimono - White / Black Koto Print,V0824089,Vivo Chidii Drop Shoulder Kimono
recoverable,230102,Vivo Chidii Off Shoulder Maxi Dress - Rust,V0824081,Vivo Chidii Off Shoulder Maxi Dress
recoverable,342420,Vivo Chidii Tunic Dress With Frills  - FS,V0824085,Vivo Chidii Tunic Dress With Frills
recoverable,342419,Vivo Chidii Tunic Dress With Frills in Satin  - FS,V0824085,Vivo Chidii Tunic Dress With Frills
recoverable,342418,Vivo Chidii Wide Leg Pants  - FS,V0824086,Vivo Chidii Wide Leg Pants
recoverable,342636,Vivo Contrast Stitch Pants in Denim  - FS,V0126033,Vivo Contrast Stitch Pants in Denim
recoverable,342374,Vivo Cotton 3/4 Sleeve Wrap Top  - FS,V0925065,Vivo Cotton 3/4 Sleeve Wrap Top
recoverable,342581,Vivo Cowl Neck Camisole in Satin  - FS,V0326004,Vivo Cowl Neck Camisole in Satin
recoverable,230252,Vivo Cuffed Wide Sweater - Fuschia / Light Navy,V0524194,Vivo Cuffed Wide Sweater
recoverable,230257,Vivo Cuffed Wide Sweater - Raspberry,V0524194,Vivo Cuffed Wide Sweater
recoverable,230309,Vivo Dali 3/4 Cut Out Sleeve Maxi Dress - Burgundy / Peach Print,V1222304,Vivo Dali 3/4 Cut Out Sleeve Maxi Dress
recoverable,230312,Vivo Dali 3/4 Cut Out Sleeve Maxi Dress - Green / Orange Print,V1222304,Vivo Dali 3/4 Cut Out Sleeve Maxi Dress
recoverable,342356,Vivo Dalia Cap Sleeve Gathered Dress  - FS,V1024065,Vivo Dalia Cap Sleeve Gathered Tent Dress
recoverable,342355,Vivo Dalia Cap Sleeve Gathered Dress  - FS,V1024065,Vivo Dalia Cap Sleeve Gathered Tent Dress
recoverable,342357,Vivo Dalia Cap Sleeve Gathered Dress in Crepe  - FS,V1024065,Vivo Dalia Cap Sleeve Gathered Tent Dress
recoverable,230446,Vivo Dalia Cap Sleeve Gathered Tent Dress - Light Brown,V1024065,Vivo Dalia Cap Sleeve Gathered Tent Dress
recoverable,230448,Vivo Dalia Cap Sleeve Gathered Tent Dress - Navy Blue,V1024065,Vivo Dalia Cap Sleeve Gathered Tent Dress
recoverable,230449,Vivo Dalia Cap Sleeve Gathered Tent Dress - Off White,V1024065,Vivo Dalia Cap Sleeve Gathered Tent Dress
recoverable,230471,Vivo Dalia Off Shoulder Jumpsuit - Hunters / White Abstract Print,V0322047,Vivo Dalia Off Shoulder Jumpsuit
recoverable,230472,Vivo Dalia Off Shoulder Jumpsuit - Mustard / Navy Abstract Print,V0322047,Vivo Dalia Off Shoulder Jumpsuit
recoverable,342595,Vivo Dalia Sleeveless Gathered Tent Dress  - FS,V0322110,Vivo Dalia Sleeveless Gathered Tent Dress
recoverable,230496,Vivo Dalia Sleeveless Gathered Tent Dress - Grey,V0322110,Vivo Dalia Sleeveless Gathered Tent Dress
recoverable,230500,Vivo Dalia Sleeveless Gathered Tent Dress - Mustard,V0322110,Vivo Dalia Sleeveless Gathered Tent Dress
recoverable,230505,Vivo Dalia Sleeveless Gathered Tent Dress - Orange / Green Print,V0322110,Vivo Dalia Sleeveless Gathered Tent Dress
recoverable,230506,Vivo Dalia Sleeveless Gathered Tent Dress - Orange / Red Print,V0322110,Vivo Dalia Sleeveless Gathered Tent Dress
recoverable,230508,Vivo Dalia Sleeveless Gathered Tent Dress - Peach / Green Print,V0322110,Vivo Dalia Sleeveless Gathered Tent Dress
recoverable,230509,Vivo Dalia Sleeveless Gathered Tent Dress - Provincal Blue,V0322110,Vivo Dalia Sleeveless Gathered Tent Dress
recoverable,230512,Vivo Dalia Sleeveless Gathered Tent Dress - Rust,V0322110,Vivo Dalia Sleeveless Gathered Tent Dress
recoverable,230514,Vivo Dalia Sleeveless Gathered Tent Dress - Sea Green,V0322110,Vivo Dalia Sleeveless Gathered Tent Dress
recoverable,230518,Vivo Dalia Sleeveless Gathered Tent Dress - White,V0322110,Vivo Dalia Sleeveless Gathered Tent Dress
recoverable,342632,Vivo Drop Shoulder Top in Cotton  - FS,V0126043,Vivo Drop Shoulder Top in Cotton
recoverable,342665,Vivo Dua 3/4 Sleeved V Neck Shirt  - FS,V0121167,
recoverable,342666,Vivo Dua 3/4 Sleeved V Neck Shirt  - FS,V0121167,
recoverable,195493,Vivo Dua 3/4 Sleeved V Neck Shirt - Buttermilk / Red Arisi Print,V0121167,
recoverable,195495,Vivo Dua 3/4 Sleeved V Neck Shirt - Chocolate Brown,V0121167,
recoverable,195502,Vivo Dua 3/4 Sleeved V Neck Shirt - Light Taupe,V0121167,
recoverable,195513,Vivo Dua 3/4 Sleeved V Neck Shirt - Taupe,V0121167,
recoverable,342667,Vivo Dua 3/4 Sleeved V Neck Shirt in Crepe  - FS,V0121167,
recoverable,195569,Vivo Dua Long Bishop Sleeve Top - Black,V0523147,Vivo Dua Long Bishop Sleeve Top
recoverable,195571,Vivo Dua Long Bishop Sleeve Top - Cream,V0523147,Vivo Dua Long Bishop Sleeve Top
recoverable,195574,Vivo Dua Long Bishop Sleeve Top - Hot Pink,V0523147,Vivo Dua Long Bishop Sleeve Top
recoverable,195575,Vivo Dua Long Bishop Sleeve Top - Hunters Green,V0523147,Vivo Dua Long Bishop Sleeve Top
recoverable,195580,Vivo Dua Long Bishop Sleeve Top - Orange,V0523147,Vivo Dua Long Bishop Sleeve Top
recoverable,195583,Vivo Dua Long Bishop Sleeve Top - Rose Pink Textured,V0523147,Vivo Dua Long Bishop Sleeve Top
recoverable,342641,Vivo Dua Shirt in Textured Satin   - FS,V0126027,Vivo Dua Shirt In Satin
recoverable,342671,Vivo Dua Wide Leg Pants in Ponte  - FS,V0121066,Vivo Dua Wide Leg Pants
recoverable,342459,Vivo Essi Front Slit Maxi Top  - FS,V0725016,Vivo Essi Front Slit Maxi Top
recoverable,342460,Vivo Essi Front Slit Maxi Top In Satin  - FS,V0725016,Vivo Essi Front Slit Maxi Top In Satin
recoverable,342457,Vivo Essi Scalloped Maxi Top in Satin  - FS,V0725018,Vivo Essi Scalloped Maxi Top in Satin
recoverable,342458,Vivo Essi Scalloped Top  - FS,V0725018,Vivo Essi Scalloped Top
recoverable,342978,Vivo Essi Wide Leg Pants - FS,V0725022,Vivo Essi Wide Leg Pants
recoverable,342979,Vivo Essi Wide Leg Pants In Satin  - FS,V0725022,
recoverable,342404,Vivo Everyday 3/4 Sleeve Double Layered Bodycon Dress  - FS,V0919035,Vivo Basic 3/4 Sleeve Double Layered Bodycon Dress
recoverable,342325,Vivo Everyday Cap Sleeve Top in Jersey  - FS,V1120036,
recoverable,342469,Vivo Everyday Long Sleeve Top In Jersey  - FS,V0723043,
recoverable,342473,Vivo Everyday Short Waterfall in Jersey  - FS,V0719674,
recoverable,342472,Vivo Everyday Side Twist Bodycon in Jersey  - FS,V0719693,Vivo Everyday Side Twist Bodycon in Jersey
recoverable,342660,Vivo Fara Off Shoulder Flounce Sleeve Jumpsuit  - FS,V0123047,Vivo Fara Off Shoulder Flounce Sleeve Jumpsuit
recoverable,342618,Vivo Flirty Tent Dress  - FS,V0224243,Vivo Flirty Tent Dress
recoverable,342577,Vivo Godet Maxi Dress in Satin  - FS,V0326029,Vivo Godet Maxi Dress in Satin
recoverable,342597,Vivo Godet Midi Dress in Crepe  - FS,V0226044,Vivo Godet Midi Dress in Crepe
recoverable,342580,Vivo Hadiya 3/4 Sleeve Maxi Dress in Chiffon  - FS,V0326018,
recoverable,342320,Vivo Hanabi Drop Shoulder Dress  - FS,V1123011,Vivo Hanabi Drop Shoulder Dress
recoverable,342361,Vivo Hanabi Layered Shift Dress  - FS,V1023038,Vivo Hanabi Layered Shift Dress
recoverable,342287,Vivo Hanabi Satin High Low Top  - FS,V1223015,Vivo Hanabi Satin High Low Top
recoverable,342314,Vivo Hanabi Tent Maxi Dress  - FS,V1123113,Vivo Hanabi Tent Maxi Dress
recoverable,342353,Vivo High Low Top in Cotton  - FS,V1025001,Vivo Cotton High Low Top
recoverable,342659,Vivo Imara 3/4 Sleeve Tent Dress In Ponte  - FS,V0123105,
recoverable,342655,Vivo Isabi Loose Top  - FS,V0125039,Vivo Isabi Loose Top
recoverable,342656,Vivo Isabi Loose Top In Chiffon  - FS,V0125039,
recoverable,342482,Vivo Iyana Cape Top  - FS,V0625049,Vivo Iyana Cape Top
recoverable,342481,Vivo Iyana Cape Top In Chiffon  - FS,V0625049,Vivo Iyana Cape Top in Chiffon
recoverable,342486,Vivo Iyana Maxi Cover Up  - FS,V0625047,Vivo Iyana Maxi Cover Up
recoverable,342480,Vivo Iyana Shirred Waist Jumpsuit in Crepe  - FS,V0625050,
recoverable,342980,Vivo Iyana Shirred waist Maxi Dress  - FS,V1025055,Vivo Iyana Shirred waist Maxi Dress
recoverable,342488,Vivo Iyana Wide Leg Pants  - FS,V0625041,Vivo Iyana Wide Leg Pants
recoverable,342489,Vivo Iyana Wide Leg Pants  - FS,V0625041,Vivo Iyana Wide Leg Pants
recoverable,342512,Vivo Jema Off-shoulder Long Sleeve Jumpsuit  - FS,V0622007,Vivo Jema Off-shoulder Long Sleeve Jumpsuit
recoverable,254718,Vivo Jira Cocoon Waterfall - Yellow,V0723067,Vivo Jira Cocoon Waterfall
recoverable,254721,Vivo Jira Front Overlap Midriff Top - Buttermilk,V0723061,Vivo Jira Front Overlap Midriff Top
recoverable,254726,Vivo Jira Hooded Poncho - Black,V0723054,Vivo Jira Hooded Poncho
recoverable,254727,Vivo Jira Hooded Poncho - Burnt Orange,V0723054,Vivo Jira Hooded Poncho
recoverable,254728,Vivo Jira Hooded Poncho - Hunters Green,V0723054,Vivo Jira Hooded Poncho
recoverable,254729,Vivo Jira Hooded Poncho - Navy Blue,V0723054,Vivo Jira Hooded Poncho
recoverable,254731,Vivo Jira Hooded Poncho - Tan,V0723054,Vivo Jira Hooded Poncho
recoverable,342585,Vivo Kaisa Maxi Skirt  - FS,V0325040,Vivo Kaisa Maxi Skirt
recoverable,342586,Vivo Kaisa Mock Neck Sleeveless Top  - FS,V0325034,Vivo Kaisa Mock Neck Sleeveless Top
recoverable,342981,Vivo Kaisa Short Sleeve Maxi Bodycon In Polyester Stretch  - FS,V0126023,Vivo Kaisa Short Sleeve Maxi Bodycon In Polyester Stretch
recoverable,342496,Vivo Kala Long Sleeve Top  - FS,V0624077,Vivo Kala Long Sleeve Top
recoverable,272560,Vivo Kala Side Slit Hooded Maxi Dress - Black,V0624075,Vivo Kala Side Slit Hooded Maxi Dress
recoverable,342491,Vivo Kani Cap Sleeve Maxi Dress  - FS,V0625035,Vivo Kani Cap Sleeve Maxi Dress
recoverable,342490,Vivo Kani Cap Sleeve Maxi Dress  - FS,V0625035,Vivo Kani Cap Sleeve Maxi Dress
recoverable,342461,Vivo Kani Tent Shirt Dress  - FS,V0725005,Vivo Kani Tent Shirt Dress
recoverable,342462,Vivo Kani Wide Leg Pants  - FS,V0725002,Vivo Kani Wide Leg Pants
recoverable,254893,Vivo Kelemi Satin Boat Neck Midriff Top - Mustard / Green Leke Print,V0724019,Vivo Kelemi Satin Boat Neck Midriff Top
recoverable,342410,Vivo Kemi Maxi Skirt  - FS,V0825032,
recoverable,342455,Vivo Kemi Side Cowl Maxi Dress  - FS,V0725021,Vivo Kemi Side Cowl Maxi Dress
recoverable,342409,Vivo Kemi Skirt & Top Set  - FS,V0825032,Vivo Kemi Skirt & Top Set
recoverable,342537,Vivo Keza Circular Loose Top  - FS,V0525008,Vivo Keza Circular Loose Top
recoverable,342536,Vivo Keza Circular Loose Top  - FS,V0525008,Vivo Keza Circular Loose Top
recoverable,342535,Vivo Keza Circular Loose Top in Satin  - FS,V0525008,
recoverable,342529,Vivo Keza Satin Border Maxi Kaftan  - FS,V0525021,Vivo Keza Satin Border Maxi Kaftan
recoverable,342527,Vivo Keza V Neck Maxi Kaftan In Satin  - FS,V0525028,Vivo Keza V Neck Maxi Kaftan In Satin
recoverable,342528,Vivo Keza V-Neck Maxi Kaftan  - FS,V0525028,Vivo Keza V-Neck Maxi Kaftan
recoverable,342640,Vivo Knee Length Kaftan in Satin  - FS,V0126028,Vivo Knee Length Kaftan in Satin
recoverable,342548,Vivo Laika 3/4 Sleeve Tent Dress  - FS,V0523165,Vivo Laika 3/4 Sleeve Tent Dress
recoverable,342547,Vivo Laika 3/4 Sleeve Tent Dress In Crepe  - FS,V0523165,
recoverable,342546,Vivo Laika Bishop Sleeve Shift Dress in Crepe  - FS,V0523168,
recoverable,342398,Vivo Lalani Lounge Pants  - FS,V0924031,Vivo Lalani Lounge Pants
recoverable,342982,Vivo Lani Maxi Dress  - FS,V1021138,Vivo Lani Maxi Dress
recoverable,342365,Vivo Lani Maxi Dress  - FS,V1021138,Vivo Lani Maxi Dress
recoverable,342983,Vivo Lani Maxi Dress In Satin  - FS,V1021138,Vivo Lani Maxi Dress In Satin
recoverable,342362,Vivo Lani Maxi Top  - FS,V1021160,Vivo Lani Maxi Top
recoverable,342363,Vivo Lani Maxi Top  - FS,V1021160,Vivo Lani Maxi Top
recoverable,342562,Vivo Leila Cap Sleeve Tent Maxi Dress  - FS,V0423053,Vivo Leila Cap Sleeve Tent Maxi Dress
recoverable,342324,Vivo Lindi High Low Dress In Ponte  - FS,V1120122,
recoverable,342296,Vivo Liora Asymmetrical Kaftan Top in Satin  - FS,V1125028,Vivo Liora Asymmetrical Satin Kaftan Top
recoverable,342297,Vivo Liora Asymmetrical Kaftan Top in Satin  - FS,V1125028,Vivo Liora Asymmetrical Satin Kaftan Top
recoverable,342350,Vivo Liora Drawstring Kimono Sleeve Top  - FS,V1025006,Vivo Liora Drawstring Kimono Sleeve Top
recoverable,342984,Vivo Liora Drawstring Midi Dress  - FS,V1025005,Vivo Liora Drawstring Midi Dress
recoverable,342349,Vivo Liora Drawstring Pants  - FS,V1025007,Vivo Liora Drawstring Pants
recoverable,342645,Vivo Liora Drawstring Pants In Satin  - FS,V0126019,Vivo Liora Drawstring Pants In Satin
recoverable,342985,Vivo Liora Front Drawstring Kaftan Dress in Satin  - FS,V1125039,Vivo Liora Front Drawstring Kaftan Dress in Satin
recoverable,342344,Vivo Liora Kaftan Top  - FS,V1025018,Vivo Liora Kaftan Top
recoverable,342987,Vivo Liora Kaftan Tunic Top  - FS,V1025019,Vivo Liora Kaftan Tunic Top
recoverable,342988,Vivo Liora Maxi Kimono  - FS,V1025024,Vivo Liora Maxi Kimono
recoverable,342345,Vivo Liora Multiway Top in Satin  - FS,V1025016,Vivo Liora Multiway Top in Satin
recoverable,342236,Vivo Liora Multiway Top in Satin  - Hunters Textured Print,V1025016,Vivo Liora Multiway Top in Satin
recoverable,342989,Vivo Liora Satin Drawstring Kimono Sleeve Top  - FS,V1125042,Vivo Liora Satin Drawstring Kimono Sleeve Top
recoverable,342292,Vivo Liora Scalloped Maxi Top  - FS,V1125041,Vivo Liora Scalloped Maxi Top
recoverable,342291,Vivo Liora Scalloped Maxi Top in Chiffon  - FS,V1125041,Vivo Liora Scalloped Maxi Top in Chiffon
recoverable,342612,Vivo Liora Scooped Neck Tank Top in Crepe  - FS,V0226005,Vivo Liora Scooped Neck Tank Top in Crepe
recoverable,342991,Vivo Liora Side Drawstring Kaftan Dress  - FS,V1025025,Vivo Liora Side Drawstring Kaftan Dress
recoverable,342342,Vivo Liora Sleeveless Drawstring Top  - FS,V1025020,Vivo Liora Sleeveless Drawstring Top
recoverable,342646,Vivo Liora Sleeveless Drawstring Top In Satin  - FS,V0126018,Vivo Liora Sleeveless Drawstring Top In Satin
recoverable,342599,Vivo Liora Tiered Maxi Skirt in Crepe  - FS,V0226040,Vivo Liora Tiered Maxi Skirt in Crepe
recoverable,342348,Vivo Liora Wide Leg Pants  - FS,V1025009,Vivo Liora Wide Leg Pants
recoverable,342644,Vivo Long Sleeve Waterfall in Sweater  - FS,V0126020,Vivo Long Sleeve Waterfall in Sweater
recoverable,315732,Vivo Long Sleeve Waterfall in Sweater - Light Grey OLD,V0126020,Vivo Long Sleeve Waterfall in Sweater
recoverable,315733,Vivo Long Sleeve Waterfall in Sweater - Mustard OLD,V0126020,Vivo Long Sleeve Waterfall in Sweater
recoverable,342295,Vivo Lulu 3/4 Sleeve Maxi Kaftan  - FS,V1125035,Vivo Lulu 3/4 Sleeve Maxi Kaftan
recoverable,342301,Vivo Lulu Bubble Sleeve Top  - FS,V1125005,Vivo Lulu Bubble Sleeve Top
recoverable,342336,Vivo Lulu Contrast Stitch Tent Dress in Cotton  - FS,V1025034,Vivo Lulu Contrast Stitch Tent Dress in Cotton
recoverable,342331,Vivo Lulu Drawstring Top In Cotton  - FS,V1025053,
recoverable,308478,Vivo Lulu Tunic Top - Pink,V0925009,Vivo Lulu Tunic Top
recoverable,272808,Vivo Lumi Drop Shoulder Maxi Dress - Orange / Green Kita Print,V1222199,Vivo Lumi Drop Shoulder Maxi Dress
recoverable,333732,Vivo Lumi Drop Shoulder Maxi Dress - Purple / White Lifi Print,V1222199,Vivo Lumi Drop Shoulder Maxi Dress
recoverable,272810,Vivo Lumi Drop Shoulder Maxi Dress - Teal / Purple Kita Print,V1222199,Vivo Lumi Drop Shoulder Maxi Dress
recoverable,342993,Vivo Maisha 3/4 Sleeve Maxi Dress  - FS,V0525047,Vivo Maisha 3/4 Sleeve Maxi Dress
recoverable,342550,Vivo Maisha Drop Shoulder Maxi Dress In Rayon  - FS,V0523033,Vivo Maisha Drop Shoulder Maxi Dress In Rayon
recoverable,342289,Vivo Maisha Kimono in Crepe  - FS,V1125046,Vivo Maisha Kimono in Crepe
recoverable,342504,Vivo Maisha Long Sleeve High Low Kimono  - FS,V0623026,Vivo Maisha Long Sleeve High Low Kimono
recoverable,342518,Vivo Maisha Straight Leg Pants in Crepe  - FS,V0525071,Vivo Maisha Straight Leg Pants in Crepe
recoverable,342519,Vivo Maisha Straight Leg Pants in Crepe - FS,V0525071,Vivo Maisha Straight Leg Pants in Crepe
recoverable,342639,Vivo Maisha Strappy Cover Up Jumpsuit In Rayon  - FS,V0126029,Vivo Maisha Strappy Cover Up Jumpsuit In Rayon
recoverable,342534,Vivo Maisha Wide High Low Top  - FS,V0525009,Vivo Maisha Wide High Low Top
recoverable,256112,Vivo Maua Sleeveless Tent Knee Length Dress - Purple,V0223165,Vivo Maua Sleeveless Tent Knee Length Dress
recoverable,342607,Vivo Maxi Dress in Stretch Rib  - FS,V0226016,Vivo Maxi Dress in Stretch Rib
recoverable,342648,Vivo Maxi Kaftan in Satin  - FS,V0126012,Vivo Maxi Kaftan in Satin
recoverable,342634,Vivo Maxi Kimono in Chiffon  - FS,V0126041,Vivo Maxi Kimono in Chiffon
recoverable,342359,Vivo Merika Knee Length Wrap Dress  - FS,V1024002,Vivo Merika Knee Length Wrap Dress
recoverable,342614,Vivo Midi Bodycon in Stretch Rib  - FS,V0226001,Vivo Midi Bodycon in Stretch Rib
recoverable,342510,Vivo Mistari 3/4 Sleeve V - Neck Collared Tunic Top  - FS,V0622041,Vivo Mistari 3/4 Sleeve V - Neck Collared Tunic Top
recoverable,272890,Vivo Mistari Long Sleeved Side Tie Top - Black / White Stripe Print,V0722056,Vivo Mistari Long Sleeved Side Tie Top
recoverable,272891,Vivo Mistari Long Sleeved Side Tie Top - White,V0722056,Vivo Mistari Long Sleeved Side Tie Top
recoverable,342606,Vivo Multiway Cover Up in Chiffon  - FS,V0226021,Vivo Multiway Cover Up in Chiffon
recoverable,342610,Vivo Multiway Poncho in Sweater  - FS,V0226008,Vivo Multiway Poncho in Sweater
recoverable,342576,Vivo Muna Cap Sleeve Knee Length Dress  - FS,V0421003,Vivo Muna Cap Sleeve Knee Length Dress
recoverable,272917,Vivo Nalia Long Sleeve High Low Top - Army Green,V0322181,Vivo Nalia Long Sleeve High Low Top
recoverable,272918,Vivo Nalia Long Sleeve High Low Top - Black,V0322181,Vivo Nalia Long Sleeve High Low Top
recoverable,272919,Vivo Nalia Long Sleeve High Low Top - White,V0322181,Vivo Nalia Long Sleeve High Low Top
recoverable,342371,Vivo Nandi High Slit Kimono  - FS,V1019114,Vivo Nandi High Slit Kimono
recoverable,342372,Vivo Nandi High Slit Kimono  - FS,V1019114,Vivo Nandi High Slit Kimono
recoverable,342500,Vivo Nasinka A-Line Knee Length Dress  - FS,V0624004,Vivo Nasinka A-line Knee Length Dress
recoverable,342501,Vivo Nasinka A-Line Knee Length Dress  - FS,V0624004,Vivo Nasinka A-line Knee Length Dress
recoverable,342502,Vivo Nasinka A-Line Knee Length Dress in Crepe  - FS,V0624004,
recoverable,342498,Vivo Nasinka A-Line Maxi Dress  - FS,V0624033,Vivo Nasinka A-line Maxi Dress
recoverable,342499,Vivo Nasinka A-Line Maxi Dress  - FS,V0624033,Vivo Nasinka A-line Maxi Dress
recoverable,342388,Vivo Naya Bishop Sleeve Shift Dress  - FS,V0925015,Vivo Naya Bishop Sleeve Shift Dress
recoverable,257103,Vivo Naya Flounce High Low Top - Black,V0823144,Vivo Naya Flounce High Low Top
recoverable,257105,Vivo Naya Long Sleeve Ruffle Short Jacket - Alizeti,V0823123,Vivo Naya Long Sleeve Ruffle Short Jacket
recoverable,342421,Vivo Naya One Shoulder Flounce Jumpsuit  - FS,V0823125,Vivo Naya One Shoulder Flounce Jumpsuit
recoverable,342347,Vivo Niari Pleated Dress in Crepe  - FS,V1025011,Vivo Niari Pleated Dress in Crepe
recoverable,342601,Vivo Niari Sleeveless Tent Dress in Crepe  - FS,V0226028,Vivo Niari Sleeveless Tent Dress in Crepe
recoverable,342654,Vivo Niari Sleeveless Top  - FS,V0125069,Vivo Niari Sleeveless Top
recoverable,342653,Vivo Niari Sleeveless Top In Chiffon  - FS,V0125069,
recoverable,342652,Vivo Niari Tent Dress  - FS,V0125070,Vivo Niari Tent Dress
recoverable,272984,Vivo Nkasi Maxi Kimono - Burgundy/ Teal shibori Print,V0724030,Vivo Nkasi Maxi Kimono
recoverable,257172,Vivo Nkasi Maxi Kimono - Teal / Burgundy Kasi Print,V0724030,Vivo Nkasi Maxi Kimono
recoverable,272987,Vivo Nkasi Maxi Kimono - White / Teal Shibori Print,V0724030,Vivo Nkasi Maxi Kimono
recoverable,342414,Vivo Nora Round Neck Sleeveless Top  - FS,V0825010,Vivo Nora Round Neck Sleeveless Top
recoverable,342408,Vivo Nuru Strappy Maxi Dress  - FS,V0825035,Vivo Nuru Strappy Maxi Dress
recoverable,342553,Vivo Off Shoulder Jumpsuit in Crepe  - FS,V0426006,Vivo Off Shoulder Jumpsuit in Crepe
recoverable,342390,Vivo Pelia Round Neck Dress  - FS,V0924104,Vivo Pelia Round Neck Dress
recoverable,342994,Vivo Pendo Cap Sleeve Tent Knee Length Dress  - FS,V0623045,Vivo Pendo Cap Sleeve Tent Knee Length Dress
recoverable,273027,Vivo Pendo Sleeveless Tent Knee Length Dress - Mustard / Navy Abstract Print,V0623045,Vivo Pendo Cap Sleeve Tent Knee Length Dress
recoverable,273028,Vivo Pendo Sleeveless Tent Knee Length Dress - Orange / Beige Abstract Print,V0623045,Vivo Pendo Cap Sleeve Tent Knee Length Dress
recoverable,257242,Vivo Pesi Drop Shoulder Shift Dress - Navy Esi Print,V0922008,Vivo Pesi Drop Shoulder Shift Dress
recoverable,342400,Vivo Pesi Drop Shoulder Tent Dress  - FS,V0922007,Vivo Pesi Drop Shoulder Tent Dress
recoverable,257265,Vivo Raha Satin Joggers - Purple,V1122055,Vivo Raha Satin Joggers
recoverable,257270,Vivo Reba Coat Dress - Black,V0424122,Vivo Reba Coat Dress
recoverable,257271,Vivo Reba Coat Dress - Mustard,V0424122,Vivo Reba Coat Dress
recoverable,342530,Vivo Rema 3/4 Sleeve Side Slit Tunic Top in Rib  - FS,V0525018,Vivo Rema 3/4 Sleeve Side Slit Tunic Top
recoverable,334344,Vivo Ria Drawstring Pants in Stretch Rib - Brown,V0426031,Vivo Ria Drawstring Pants in Stretch Rib
recoverable,273080,Vivo Ria Drawstring Pants in Stretch Rib - Grey,V0426031,Vivo Ria Drawstring Pants in Stretch Rib
recoverable,273081,Vivo Ria Drawstring Pants in Stretch Rib - Lilac,V0426031,Vivo Ria Drawstring Pants in Stretch Rib
recoverable,334346,Vivo Ria Drawstring Pants in Stretch Rib - Off White,V0426031,Vivo Ria Drawstring Pants in Stretch Rib
recoverable,334345,Vivo Ria Drawstring Pants in Stretch Rib - Olive,V0426031,Vivo Ria Drawstring Pants in Stretch Rib
recoverable,273082,Vivo Ria Drawstring Pants in Stretch Rib - Pink,V0426031,Vivo Ria Drawstring Pants in Stretch Rib
recoverable,273084,Vivo Ria Drawstring Pants in Stretch Rib - Taupe,V0426031,Vivo Ria Drawstring Pants in Stretch Rib
recoverable,342411,Vivo Ria Drop Shoulder Top  - FS,V0825022,Vivo Ria Drop Shoulder Top
recoverable,342995,Vivo Ruched Maxi Top in Textured Satin  - FS,V0126011,Vivo Ruched Maxi Top in Textured Satin
recoverable,320213,Vivo Ruched Maxi Top in Textured Satin - Taupe / Black Print,V0126011,Vivo Ruched Maxi Top in Textured Satin
recoverable,320209,Vivo Ruched Maxi Top in Textured Satin -Beige / Black Print,V0126011,Vivo Ruched Maxi Top in Textured Satin
recoverable,257380,Vivo Ruwa Flounce Sleeve Tent Maxi Dress - Buttermilk / Blue Ua Print,V0222311,Vivo Ruwa Flounce Sleeve Tent Maxi Dress
recoverable,257381,Vivo Ruwa Flounce Sleeve Tent Maxi Dress - Green Abstract Print,V0222311,Vivo Ruwa Flounce Sleeve Tent Maxi Dress
recoverable,257382,Vivo Ruwa Flounce Sleeve Tent Maxi Dress - Mustard / Black Sese Print,V0222311,Vivo Ruwa Flounce Sleeve Tent Maxi Dress
recoverable,257384,Vivo Ruwa Flounce Sleeve Tent Maxi Dress - Orange / Black Sese Print,V0222311,Vivo Ruwa Flounce Sleeve Tent Maxi Dress
recoverable,257385,Vivo Ruwa Flounce Sleeve Tent Maxi Dress - Orange / Black Ua Print,V0222311,Vivo Ruwa Flounce Sleeve Tent Maxi Dress
recoverable,257386,Vivo Ruwa Flounce Sleeve Tent Maxi Dress - Orange / Hunters Nila Print,V0222311,Vivo Ruwa Flounce Sleeve Tent Maxi Dress
recoverable,342589,Vivo Safa Drop Shoulder Top  - FS,V0325011,Vivo Safa Drop Shoulder Top
recoverable,342588,Vivo Safa Drop Shoulder Top  - FS,V0325011,Vivo Safa Drop Shoulder Top
recoverable,342583,Vivo Safa Straight Leg Pants in Stretch Rib  - FS,V0325053,Vivo Safa Straight Leg Pants
recoverable,342587,Vivo Safa Sweater  - FS,V0325012,Vivo Safa Sweater
recoverable,257463,Vivo Saida Cigarrets Pants - Beige,V0424027,Vivo Saida Cigarrets Pants
recoverable,342310,Vivo Sakari Cap Sleeve Maxi Dress  - FS,V1123172,Vivo Sakari Cap Sleeve Maxi Dress
recoverable,342311,Vivo Sakari Cap Sleeve Maxi Dress in Crepe  - FS,V1123172,Vivo Sakari Cap Sleeve Maxi Dress
recoverable,342313,Vivo Sakari Circular Loose Top  - FS,V1123165,Vivo Sakari Circular Loose Top
recoverable,342312,Vivo Sakari Circular Loose Top in Textured Print  - FS,V1123165,Vivo Sakari Circular Loose Top
recoverable,342308,Vivo Sakari Drop Shoulder Jumpsuit  - FS,V1123177,Vivo Sakari Drop Shoulder Jumpsuit
recoverable,342309,Vivo Sakari Drop Shoulder Jumpsuit in Crepe  - FS,V1123177,Vivo Sakari Drop Shoulder Jumpsuit
recoverable,342346,Vivo Samira Cape Dress  - FS,V1025014,Vivo Samira Cape Dress
recoverable,342522,Vivo Samira Midi Dress in Textured Satin  - FS,V0525048,Vivo Samira Midi Dress in Textured Satin
recoverable,342531,Vivo Samira Pants in Rayon  - FS,V0525015,
recoverable,342532,Vivo Samira Pants in Rayon - FS,V0525015,
recoverable,342525,Vivo Samira Wide Kimono  - FS,V0525029,Vivo Samira Wide Kimono
recoverable,342526,Vivo Samira Wide Kimono in Rayon  - FS,V0525029,Vivo Samira Wide Kimono in Rayon
recoverable,342360,Vivo Sanyu Pleated Pants  - FS,V1023086,Vivo Sanyu Pleated Pants
recoverable,342545,Vivo Satin Drawstring Pants  - FS,V0524167,Vivo Satin Drawstring Pants
recoverable,342465,Vivo Sawari Crossed Cuff Batwing Top  - FS,V0723045,Vivo Sawari Crossed Cuff Batwing Top
recoverable,342467,Vivo Sawari Crossed Cuff Batwing Top  - FS,V0723045,Vivo Sawari Crossed Cuff Batwing Top
recoverable,342466,Vivo Sawari Crossed Cuff Batwing Top in Satin  - FS,V0723045,Vivo Sawari Crossed Cuff Batwing Top in Satin
recoverable,342620,Vivo Scalloped Kimono in Crepe  - FS,V0223225,Vivo Scalloped Kimono in Crepe
recoverable,258461,Vivo Selah Dolman Top - Dark Olive,V0525025,Vivo Selah Dolman Top
recoverable,258462,Vivo Selah Dolman Top - Navy,V0525025,Vivo Selah Dolman Top
recoverable,342495,Vivo Selah Mock Neck Top in Stretch Rib  - FS,V0625012,Vivo Selah Mock Neck Top in Stretch Rib
recoverable,342494,Vivo Selah Mock Neck Top in Stretch Rib - Off - FS,V0625012,Vivo Selah Mock Neck Top in Stretch Rib
recoverable,342521,Vivo Selah Palazzo Pants in Stretch Rib  - FS,V0525058,Vivo Selah Palazzo Pants in Stretch Rib
recoverable,342493,Vivo Selah Sleeveless Maxi Dress in Stretch Rib  - FS,V0625013,Vivo Selah Sleeveless Maxi Dress in Stretch Rib
recoverable,342492,Vivo Selah Straight Leg Pants  - FS,V0625024,Vivo Selah Straight Leg Pants
recoverable,342996,Vivo Seli Maxi Dress  - FS,V1124117,Vivo Seli Maxi Dress
recoverable,342997,Vivo Seli Maxi Dress in Crepe  - FS,V1124117,Vivo Seli Maxi Dress
recoverable,342298,Vivo Seli Midi Skirt  - FS,V1125022,Vivo Seli Midi Skirt
recoverable,342394,Vivo Serwa Flounce Dress  - FS,V0924095,Vivo Serwa Flounce Dress
recoverable,342395,Vivo Serwa Flounce Dress  - FS,V0924095,Vivo Serwa Flounce Dress
recoverable,342393,Vivo Serwa Tent Dress  - FS,V0924096,Vivo Serwa Tent Dress
recoverable,342391,Vivo Serwa Tent Dress  - FS,V0924096,Vivo Serwa Tent Dress
recoverable,342392,Vivo Serwa Tent Dress In Crepe  - FS,V0924096,Vivo Serwa Tent Dress In Crepe
recoverable,344972,Vivo Short Jacket/ Coat - Sample 2,V0720056,Vivo Short Jacket/ Coat
recoverable,342628,Vivo Sierra Cap Sleeve Tent Chiffon Dress  - FS,V0221084,Vivo Sierra Cap Sleeve Tent Chiffon Dress
recoverable,342629,Vivo Sierra Cap Sleeve Tent Chiffon Dress  - FS,V0221084,Vivo Sierra Cap Sleeve Tent Chiffon Dress
recoverable,342385,Vivo Sierra Long Sleeve Top in Chiffon (Double Layered)  - FS,V0925019,Vivo Sierra Long Sleeve Top in Chiffon (Double Layered)
recoverable,342386,Vivo Sierra Long Sleeve Top in Chiffon (Double Layered)  - FS,V0925019,Vivo Sierra Long Sleeve Top in Chiffon (Double Layered)
recoverable,342555,Vivo Sierra Maxi Chiffon Dress  - FS,V0425034,Vivo Sierra Maxi Chiffon Dress
recoverable,342556,Vivo Sierra Maxi Dress in Chiffon   - FS,V0425034,Vivo Sierra Maxi Dress in Chiffon
recoverable,342463,Vivo Situ Off-Shoulder Tie Maxi Dress  - FS,V0724132,Vivo Situ Off-shoulder Tie Maxi Dress
recoverable,342611,Vivo Sleeveless Bodycon in Stretch Rib  - FS,V0226007,Vivo Sleeveless Bodycon in Stretch Rib
recoverable,342514,Vivo Sleeveless Godet Midi Dress in Jersey  - FS,V0526008,Vivo Sleeveless Godet Midi Dress in Jersey
recoverable,342335,Vivo Spaghetti Tank Top in Jersey  - FS,V1025037,
recoverable,342608,Vivo Straight Pants in Scuba  - FS,V0226010,
recoverable,342332,Vivo Studio Bodysuit In Jersey  - FS,V1025049,Vivo Studio Bodysuit In Jersey
recoverable,305732,Vivo Studio Bodysuit In Jersey - Teal,V1025049,Vivo Studio Bodysuit In Jersey
recoverable,342578,Vivo Studio Drawstring Pants in Velvet  - FS,V0326025,Vivo Studio Drawstring Pants in Velvet
recoverable,342375,Vivo Studio Flared Pants In Ponte  - FS,V0925064,Vivo Studio Flared Pants In Ponte
recoverable,305733,Vivo Studio Flared Pants In Ponte - Black,V0925064,Vivo Studio Flared Pants In Ponte
recoverable,342651,Vivo Studio Mini Bubble Skirt in Satin  - FS,V0126008,Vivo Studio Mini Bubble Skirt in Satin
recoverable,342382,Vivo Studio Strapless Maxi in Crepe  - FS,V0925028,Vivo Studio Strapless Maxi in Crepe
recoverable,342381,Vivo Studio Strapless Maxi in Crepe - FS,V0925028,Vivo Studio Strapless Maxi in Crepe
recoverable,305742,Vivo Studio Strapless Maxi in Crepe- Dark Red,V0925028,Vivo Studio Strapless Maxi in Crepe
recoverable,342609,Vivo Sweatshirt in Scuba  - FS,V0226009,
recoverable,342558,Vivo Takali Asymmetrical Midi Length Kaftan  - FS,V0425012,Vivo Takali Asymmetrical Midi Length Kaftan
recoverable,342557,Vivo Takali Asymmetrical Midi Length Kaftan In Satin  - FS,V0425012,Vivo Takali Asymmetrical Midi Length Kaftan In Satin
recoverable,259524,Vivo Takali Jumpsuit - Black,V0325078,Vivo Takali Jumpsuit
recoverable,333691,Vivo Takali Tunic Top in Textured Satin - Lilac / Black Arisi Print ,V0425011,
recoverable,342376,Vivo Talia Front Slit Maxi Top  - FS,V0925055,Vivo Talia Front Slit Maxi Top
recoverable,342999,Vivo Talia Front Slit Maxi Top  - FS,V0925055,Vivo Talia Front Slit Maxi Top
recoverable,305775,Vivo Talia Kimono & Shorts Set - Olive / Hunters Green Print,V1125011,Vivo Talia Kimono & Shorts Set
recoverable,342378,Vivo Talia Maxi Slip Skirt in Satin  - FS,V0925054,Vivo Talia Maxi Slip Skirt in Satin
recoverable,342329,Vivo Talia Sleeveless Tank Top   - FS,V1025056,Vivo Talia Sleeveless Tank Top
recoverable,342328,Vivo Talia Sleeveless Tank Top  - FS,V1025056,Vivo Talia Sleeveless Tank Top
recoverable,342384,Vivo Talia Slim Pants  - FS,V0925024,Vivo Talia Slim Pants
recoverable,342293,Vivo Talia Wide Leg Pants  - FS,V1125040,Vivo Talia Wide Leg Pants
recoverable,342426,Vivo Tana Off Shoulder Maxi Dress  - FS,V0822027,Vivo Tana Off Shoulder Maxi Dress
recoverable,108520,Vivo Tanda A-Line Maxi Dress - Black,V0725044,Vivo Tanda A-Line Maxi Dress
recoverable,108521,Vivo Tanda A-Line Maxi Dress - Dark Red,V0725044,Vivo Tanda A-Line Maxi Dress
recoverable,342600,Vivo Tanda Cap Sleeve Sheath Dress in Ponte  - FS,V0226030,Vivo Tanda Cap Sleeve Sheath Dress in Ponte
recoverable,342448,Vivo Tanda Loose Sweater  - FS,V0725043,Vivo Tanda Loose Sweater
recoverable,342613,Vivo Tanda Maxi Dress in Ponte  - FS,V0226002,Vivo Tanda Maxi Dress in Ponte
recoverable,315749,Vivo Tanda Maxi Dress in Ponte - White OLD,V0226002,Vivo Tanda Maxi Dress in Ponte
recoverable,342566,Vivo Tatili Bishop Long Sleeve Top  - FS,V0423023,Vivo Tatili Bishop Long Sleeve Top
recoverable,342565,Vivo Tatili Bishop Long Sleeve Top In Satin  - FS,V0423023,
recoverable,342564,Vivo Tatili Long Sleeve Bishop Top  - FS,V0423023,Vivo Tatili Long Sleeve Bishop Top
recoverable,342563,Vivo Tatili Wide Leg Pants  - FS,V0423050,Vivo Tatili Wide Leg Pants
recoverable,342627,Vivo Thando Mock Neck Maxi Dress  - FS,V0222066,Vivo Thando Mock Neck Maxi Dress
recoverable,342657,Vivo Upe Wide Leg Pants in Ponte  - FS,V0123114,Vivo Upe Wide Leg Pants in Ponte
recoverable,342658,Vivo Upe Wide Leg Pants in Ponte - FS,V0123114,Vivo Upe Wide Leg Pants in Ponte
recoverable,342582,Vivo V-Neck Camisole in Satin - FS,V0326002,Vivo V-Neck Camisole in Satin
recoverable,333787,Vivo V-Neck Camisole in Satin- Black,V0326002,Vivo V-Neck Camisole in Satin
recoverable,333788,Vivo V-Neck Camisole in Satin- White,V0326002,Vivo V-Neck Camisole in Satin
recoverable,342596,Vivo V-Neck Dress in Stretch Rib  - FS,V0226047,Vivo V-Neck Dress in Stretch Rib
recoverable,342368,Vivo Waridi Pencil Skirt in Ponte  - FS,V1020057,Vivo Waridi Pencil Skirt
recoverable,342567,Vivo Wastani 3/4 Shirred Sleeve Wide Tunic  - FS,V0423020,Vivo Wastani 3/4 Shirred Sleeve Wide Tunic
recoverable,308519,Vivo Wastani Bodysuit - Navy Blue / Grey Abstract Print,V0323051,Vivo Wastani Bodysuit
recoverable,342568,Vivo Wastani Drawstring Pants  - FS,V0423019,Vivo Wastani Drawstring Pants
recoverable,342569,Vivo Wastani Shirred Sleeve Easy Fit Shirt  - FS,V0423018,Vivo Wastani Shirred Sleeve Easy Fit Shirt
recoverable,342307,Vivo Wena Wrap Dress  - FS,V1124097,Vivo Wena Wrap Dress
recoverable,259745,Vivo Wena Wrap Dress - Dark Green,V1124097,Vivo Wena Wrap Dress
recoverable,259746,Vivo Wena Wrap Dress - Rose Pink,V1124097,Vivo Wena Wrap Dress
recoverable,259752,Vivo Wide Leg Pants With Short Lining - White,V0524166,Vivo Wide Leg Pants With Short Lining
recoverable,320215,Vivo Wide Leg Pants in Textured Satin - Dusty Green / Black Print,V0126017,Vivo Wide Leg Pants in Textured Satin
recoverable,320433,Vivo Wide Leg Pants in Textured Satin - Light Gold / Black Print,V0126017,Vivo Wide Leg Pants in Textured Satin
recoverable,342602,Vivo Wide Top in Satin  - FS,V0226027,Vivo Wide Top in Satin
recoverable,343103,Vivo Wrap Poncho in Sweater - Dark Red,V1025045,Vivo Wrap Poncho in Sweater
recoverable,342299,Vivo Wrap Shawl in Sweater  - FS,V1125014,Vivo Wrap Shawl in Sweater
recoverable,342300,Vivo Wrap Shawl in Sweater  - FS,V1125014,Vivo Wrap Shawl in Sweater
recoverable,259873,Vivo Yene V Neck Slip Dress - Black,V1124136,Vivo Yene V Neck Slip Dress
recoverable,259874,Vivo Yene V Neck Slip Dress - Light Teal,V1124136,Vivo Yene V Neck Slip Dress
recoverable,342317,Vivo Yumi Cap Sleeve Dress  - FS,V1123058,Vivo Yumi Cap Sleeve Dress
recoverable,342319,Vivo Yumi Cap Sleeve Dress  - FS,V1123058,Vivo Yumi Cap Sleeve Dress
recoverable,342318,Vivo Yumi Cap Sleeve Dress In Crepe  - FS,V1123058,Vivo Yumi Cap Sleeve Dress In Crepe
recoverable,342623,Vivo Yumi Maxi Shirt Dress  - FS,V0223153,Vivo Yumi Maxi Shirt Dress
recoverable,342622,Vivo Yumi Maxi Shirt Dress  - FS,V0223153,Vivo Yumi Maxi Shirt Dress
recoverable,342625,Vivo Yumi Off Shoulder Jumpsuit  - FS,V0223152,Vivo Yumi Off Shoulder Jumpsuit
recoverable,343000,Vivo Yumi Off Shoulder Jumpsuit  - FS,V0223152,Vivo Yumi Off Shoulder Jumpsuit
recoverable,342638,Vivo Yumi Off Shoulder Jumpsuit In Crepe  - FS,V0126031,Vivo Yumi Off Shoulder Jumpsuit In Crepe
recoverable,305868,Vivo Yumi Off Shoulder Jumpsuit In Crepe - Maroon,V0126031,Vivo Yumi Off Shoulder Jumpsuit In Crepe
recoverable,342626,Vivo Yumi Off Shoulder Maxi Dress  - FS,V0223151,Vivo Yumi Off Shoulder Maxi Dress
recoverable,260745,Vivo Yumi Off Shoulder Maxi Dress - Black / Brown Kigali Print,V0223151,Vivo Yumi Off Shoulder Maxi Dress
recoverable,260746,Vivo Yumi Off Shoulder Maxi Dress - Black / Cream Print,V0223151,Vivo Yumi Off Shoulder Maxi Dress
recoverable,260747,Vivo Yumi Off Shoulder Maxi Dress - Black / Red Floral Print,V0223151,Vivo Yumi Off Shoulder Maxi Dress
recoverable,260748,Vivo Yumi Off Shoulder Maxi Dress - Blue / Navy Kigali Print,V0223151,Vivo Yumi Off Shoulder Maxi Dress
recoverable,260749,Vivo Yumi Off Shoulder Maxi Dress - Blue / Pink Print,V0223151,Vivo Yumi Off Shoulder Maxi Dress
recoverable,260750,Vivo Yumi Off Shoulder Maxi Dress - Brown / Navy Kigali Print,V0223151,Vivo Yumi Off Shoulder Maxi Dress
recoverable,260751,Vivo Yumi Off Shoulder Maxi Dress - Mustard / Navy Blue Floral Print,V0223151,Vivo Yumi Off Shoulder Maxi Dress
recoverable,260753,Vivo Yumi Off Shoulder Maxi Dress - Rust / Brown Kigali Print,V0223151,Vivo Yumi Off Shoulder Maxi Dress
recoverable,342507,Vivo Zahari 3/4 Sleeve Off Shoulder Jumpsuit  - FS,V0623011,Vivo Zahari 3/4 Sleeve Off Shoulder Jumpsuit
recoverable,342506,Vivo Zahari 3/4 Sleeve Off Shoulder Jumpsuit  - FS,V0623011,Vivo Zahari 3/4 Sleeve Off Shoulder Jumpsuit
recoverable,342508,Vivo Zahari 3/4 Sleeve Off Shoulder Jumpsuit In Crepe  - FS,V0623011,Vivo Zahari 3/4 Sleeve Off Shoulder Jumpsuit In Crepe
recoverable,342509,Vivo Zahari 3/4 Sleeve Off-Shoulder Jumpsuit  - FS,V0623011,Vivo Zahari 3/4 Sleeve Off-Shoulder Jumpsuit
recoverable,260774,Vivo Zahari Drawstring Wide Leg Pants - Army Green,V0623004,Vivo Zahari Drawstring Wide Leg Pants
recoverable,260775,Vivo Zahari Drawstring Wide Leg Pants - Beige / Black Zari Print,V0623004,Vivo Zahari Drawstring Wide Leg Pants
recoverable,342524,Vivo Zawadi Shift Dress in Chiffon  - FS,V0525036,Vivo Zawadi Shift Dress in Chiffon
recoverable,330382,Vivo Zawadi Shift Dress in Chiffon - Beige / Brown Print,V0525036,Vivo Zawadi Shift Dress in Chiffon
recoverable,330381,Vivo Zawadi Shift Dress in Chiffon - Lilac / Purple Print,V0525036,Vivo Zawadi Shift Dress in Chiffon
recoverable,330383,Vivo Zawadi Shift Dress in Chiffon - Sea Green / Navy Print,V0525036,Vivo Zawadi Shift Dress in Chiffon
recoverable,342387,Vivo Zelda Panelled Dress In Crepe  - FS,V0925018,Vivo Zelda Panelled Dress In Crepe
recoverable,260845,Vivo Zena Long Sleeve Mandarin Collar Shift Dress - White / Rust Spiral Print,V0522032,Vivo Zena Long Sleeve Mandarin Collar Shift Dress
recoverable,342396,Vivo Zena Shirred Waist Maxi Shirt Dress  - FS,V0924035,Vivo Zena Shirred Waist Maxi Shirt Dress
recoverable,342397,Vivo Zena Shirred Waist Maxi Shirt Dress in Crepe  - FS,V0924035,
recoverable,342551,Vivo Zena Sleeveless Shawl Collar Overcoat  - FS,V0522027,Vivo Zena Sleeveless Shawl Collar Overcoat
recoverable,342511,Vivo Zuri Cap Sleeve Knee Length Dress  - FS,V0622023,Vivo Zuri Cap Sleeve Knee Length Dress
recoverable,273478,Vivo Zuri Sleeveless Tent Maxi Dress - Navy / White Abstract Print,V0221043,VIvo Zuri Sleeveless Tent Maxi Dress
recoverable,343002,Vivo liora Satin Midi Dress  - FS,V1025029,Vivo liora Satin Midi Dress
recoverable,260921,Zoya Aridi Cropped Jacket - Blue Flannel / Navy,Z1024021,Zoya Aridi Cropped Jacket
recoverable,340670,Zoya Basic Bodycon - Taupe,Z0220118,Zoya Basic Bodycon
recoverable,344692,Zoya Basic Tank Top - Burgundy,Z0819065,Zoya Basic Tank Top
recoverable,261077,Zoya Capri Leggings - Black,Z0220060,Zoya Capri Leggings
recoverable,261079,Zoya Capri Leggings - Deep Teal,Z0220060,Zoya Capri Leggings
ambiguous,,Safari Tawi Bishop Sleeve Tiered Dress - Chocolate,,S0322133|S0424055
ambiguous,,Safari Tawi Bishop Sleeve Tiered Dress - Purple,,S0322133|S0424055
ambiguous,,Vivo Basic Dolman Sweater  - FS,,V0326019|V0819145
ambiguous,,Vivo Basic Double Layered Wrap Poncho  - FS,,V0523123|V0819102
ambiguous,,Vivo High Low Top In Crepe  - FS,,V0126039|V1026039
ambiguous,,Vivo Loose Top - Sample 3,,V0720063|V0720064
ambiguous,,Vivo Loose Top - Sample 5,,V0720063|V0720064
ambiguous,,Vivo Merika Satin Wrap Top  - FS,,V1024048|V1024105
ambiguous,,Vivo Merika Satin Wrap Top  - FS,,V1024048|V1024105
ambiguous,,Vivo Mini Butterfly Sweater  - FS,,V0171954|V0719544
ambiguous,,Vivo Rema Straight Leg Pants  - FS,,V0425006|V0525011
ambiguous,,Vivo Samira Pants  - FS,,V0525015|V0525077
ambiguous,,Vivo Zawadi Shift Dress - Black,,V0525036|V0620059
ambiguous,,Vivo Zawadi Shift Dress - Black / Yellow Print,,V0525036|V0620059
ambiguous,,Vivo Zawadi Shift Dress - Dark Navy ,,V0525036|V0620059
ambiguous,,Vivo Zawadi Shift Dress - Dark Red,,V0525036|V0620059
orphaned,,Safari Anga Drawstring Cargo Pants - Black,,
orphaned,,Safari Anga Drawstring Cargo Pants - Red,,
orphaned,,Safari Anga Drawstring Cargo Pants - White,,
orphaned,,Safari Basic Bishop Sleeve Top - Burgundy Animal Print,,
orphaned,,Safari Full Length Pants - Sample 2,,
orphaned,,Safari Hawi 3/4 Sleeve Reversible Kimono - Blue / Black Ankara Print,,
orphaned,,Safari Hawi 3/4 Sleeve Reversible Kimono - Green / Brown Ankara Print,,
orphaned,,Safari Hawi 3/4 Sleeve Reversible Kimono - Orange / Taupe Ankara Print,,
orphaned,,Safari Hawi Double Breasted Kimono Coat - Khaki Brown,,
orphaned,,Safari Hawi Lapel Poncho - Grey,,
orphaned,,Safari Hawi Lapel Poncho - Hunters Green,,
orphaned,,Safari Hawi Lapel Poncho - Mustard,,
orphaned,,Safari Hawi Off Shoulder Bishop Sleeve Tunic Top - Light Blue,,
orphaned,,Safari Hawi Off Shoulder Bishop Sleeve Tunic Top - Taupe,,
orphaned,,Safari Jumpsuit - Sample 1,,
orphaned,,Safari Kaya Tappered Pants - Black,,
orphaned,,Safari Kikoy Tunic High Low Top With Side Slits - Light Blue Print,,
orphaned,,Safari Kikoy Tunic High Low Top With Side Slits - Maroon Print,,
orphaned,,Safari Kikoy Wide Leg Pants -Black,,
orphaned,,Safari Knee Length Dress - SAMPLE 1,,
orphaned,,Safari Lira Drawstring Jacket - Black,,
orphaned,,Safari Lira Drawstring Jacket - Hunters,,
orphaned,,Safari Maisha Tunic Top - Black Print,,
orphaned,,Safari Mali Turn Up Hem Pants - Navy Blue,,
orphaned,,Safari Men's Cargo Shorts - Beige,,
orphaned,,Safari Midi & Capri Skirts - SAMPLE 1,,
orphaned,,Safari Mini Dress - SAMPLE 1,,
orphaned,,Safari Mini Skirts - Sample1,,
orphaned,,Safari Shorts - Almasi,,
orphaned,,Safari Tawi 3/4 Sleeve Off Shoulder Maxi - Purple,,
orphaned,,Safari Tawi A-Line Long Sleeve Shirt Dress - Purple,,
orphaned,,Safari Tawi Denim Shirt Dress - Light Blue,,
orphaned,,Safari Tawi Denim Shirt Dress - Midnight Blue,,
orphaned,,Vivo Adisa Flounce Sleeve Open Jacket - Purple,,
orphaned,,Vivo Ajani Mandarin V-Neck Collar Top - Gold / Navy Blue,,
orphaned,,Vivo Ajani Mandarin V-Neck Collar Top - Navy Blue / Gold,,
orphaned,,Vivo Ajani V-Neck Top  - FS,,
orphaned,,Vivo Ajani V-Neck Top - Beige / Brown Print,,
orphaned,,Vivo Ajani V-Neck Top - Black / Forest Green Print,,
orphaned,,Vivo Ajani V-Neck Top - Black / Grey Chui Print,,
orphaned,,Vivo Ajani V-Neck Top - Dark Mustard / Black Print,,
orphaned,,Vivo Ajani V-Neck Top - Multi-Blue Print,,
orphaned,,Vivo Ajani V-Neck Top - Mustard / Purple Print,,
orphaned,,Vivo Ajani V-Neck Top - Sea Green / Orange Print,,
orphaned,,Vivo Ajani V-Neck Top - White / Grey Print,,
orphaned,,Vivo Ajani Wide Leg Pants - Burgundy,,
orphaned,,Vivo Alek Halter Neck Maxi Dress - Black / White Mistari Print,,
orphaned,,Vivo Alek Halter Neck Maxi Dress - Orange / Black Mistari Print,,
orphaned,,Vivo Alika Layered Dress - Green / Navy Blue Siri Print,,
orphaned,,Vivo Amai Asymmetrical Cape - Pink / Blue Biya Print,,
orphaned,,Vivo Amai Cape Top - Black,,
orphaned,,Vivo Amali 3/4 Sleeve Turtleneck Tent Knee Length Dress - Burgundy / Pink Abstract Print,,
orphaned,,Vivo Amali Wide Leg Rib Pants - Lilac,,
orphaned,,Vivo Amara Asymmetric Top - Black / Mustard Sanna Print,,
orphaned,,Vivo Amara Drawstring Maxi Dress - Hunters Green,,
orphaned,,Vivo Amara Drawstring Maxi Dress - Navy Blue,,
orphaned,,Vivo Amara Drop Shoulder Kimono - Navy Blue,,
orphaned,,Vivo Amara Drop Shoulder Kimono - Safron,,
orphaned,,Vivo Amara Drop Shoulder Kimono - Tan,,
orphaned,,Vivo Analo Wide Hem Tent Dress - Grey,,
orphaned,,Vivo Analo Wide Hem Tent Dress - Light Purple,,
orphaned,,Vivo Arafa Short Sleeve Shift Dress - Navy Blue,,
orphaned,,Vivo Ayla Drop Shoulder Jumpsuit - Navy / Orange Print,,
orphaned,,Vivo Ayla Drop Shoulder Jumpsuit - Navy/ Cream Print,,
orphaned,,Vivo Ayo Tent Dress - Peach / Off-White Abstract Print,,
orphaned,,Vivo Azawi Sleeveless Overcoat - Burgundy,,
orphaned,,Vivo Azawi Sleeveless Overcoat - Hunters Green,,
orphaned,,Vivo BFS&S 6,,
orphaned,,Vivo BFS&S 8,,
orphaned,,Vivo Bana Front Tie Cap Sleeve Bodysuit - Burgundy,,
orphaned,,Vivo Basic 3/4 Sleeve Escape A-Line Dress - White,,
orphaned,,Vivo Basic 3/4 Sleeve Kim Bodycon Dress - Navy Blue,,
orphaned,,Vivo Basic Abby Loose Top - Black,,
orphaned,,Vivo Basic Abby Loose Top - Blue,,
orphaned,,Vivo Basic Abby Loose Top - Navy Blue,,
orphaned,,Vivo Basic Abby Loose Top - Orange,,
orphaned,,Vivo Basic Abby Loose Top - White,,
orphaned,,Vivo Basic Angela Cowl Loose Top - Dark Teal,,
orphaned,,Vivo Basic Angela Cowl Loose Top - Yellow,,
orphaned,,Vivo Basic Bodycon Dress - Light Grey,,
orphaned,,Vivo Basic Bodycon Dress - White,,
orphaned,,Vivo Basic Cap Sleeved Bodysuit - Grey,,
orphaned,,Vivo Basic Cap Sleeved Bodysuit - Pink,,
orphaned,,Vivo Basic Cap Sleeved Bodysuit - Purple,,
orphaned,,Vivo Basic Cowl Jersey Tunic Top - Black,,
orphaned,,Vivo Basic Double Layered Capri Skirt  - FS,,
orphaned,,Vivo Basic Jersey Cascade Waterfall - Green,,
orphaned,,Vivo Basic Jersey Cascade Waterfall - Rust,,
orphaned,,Vivo Basic Jersey Cascade Waterfall - Safron,,
orphaned,,Vivo Basic Knee Length Shirt Dress - Cream / Navy Print,,
orphaned,,Vivo Basic Knee Length Shirt Dress - Rust / Navy Print,,
orphaned,,Vivo Basic Leila Long Sleeve Asymmetrical Waterfall - White,,
orphaned,,Vivo Basic Lined Capri Skirt - Dark Green,,
orphaned,,Vivo Basic Lined Capri Skirt - Raspberry,,
orphaned,,Vivo Basic Maxi Butterfly Waterfall - Mulberry,,
orphaned,,Vivo Basic Midi Pencil Skirt - Dark Green,,
orphaned,,Vivo Basic Midi Pencil Skirt - Maroon,,
orphaned,,Vivo Basic Mini Butterfly Waterfall - Deep Teal,,
orphaned,,Vivo Basic Neo Sienna Waterfall - Red,,
orphaned,,Vivo Basic Neo Sienna Waterfall - White,,
orphaned,,Vivo Basic Olivia Bishop Sleeve Top - Green / Black Abstract Print,,
orphaned,,Vivo Basic Ribbed Turtleneck Top - Grey,,
orphaned,,Vivo Basic Ribbed Turtleneck Top - Yellow,,
orphaned,,Vivo Basic Satin Bishop Sleeve Top  - FS,,
orphaned,,Vivo Basic Satin Bishop Sleeve Top  - FS,,
orphaned,,Vivo Basic Satin Bishop Sleeve Top - Sea Green / Navy Nita Print,,
orphaned,,Vivo Basic Shirred Sleeve Dress Top - Dark Taupe,,
orphaned,,Vivo Basic Short Waterfall - Blue,,
orphaned,,Vivo Basic Side Twist Knee Length Dress - Safron,,
orphaned,,Vivo Basic Side Twist Knee Length Dress - Taupe,,
orphaned,,Vivo Basic Sleeveless Cowl Sweater Top - Grey,,
orphaned,,Vivo Basic Sleeveless Jersey Waterfall - Chocolate,,
orphaned,,Vivo Basic Sleeveless Jersey Waterfall - Off White,,
orphaned,,Vivo Basic Strappy Cullote Jumpsuit - Blue / White Floral Print,,
orphaned,,Vivo Basic Turtle Neck Top - Red,,
orphaned,,Vivo Basic Vanessa Double Layered Bodycon Dress - Orange,,
orphaned,,Vivo Basic Wide High Low Jersey Top - Orange,,
orphaned,,Vivo Basic Wide High Loww Jersey Top - Hunters,,
orphaned,,Vivo Basic sleeveless jersey waterfall - Yellow,,
orphaned,,Vivo Beali Blazer - Beige / Gold Lea Print,,
orphaned,,Vivo Beali Blazer - Tan / Navy Lea Print,,
orphaned,,Vivo Belts FS 1,,
orphaned,,Vivo Bodysuits T- Shirts & Tank Tops - RFS 1,,
orphaned,,Vivo Bodysuits T- Shirts & Tank Tops - RFS 2,,
orphaned,,Vivo Bodysuits T- Shirts & Tank Tops - RFS 3,,
orphaned,,Vivo Bodysuits T- Shirts & Tank Tops - RFS 4,,
orphaned,,Vivo Bodysuits T- Shirts & Tank Tops - RFS 5,,
orphaned,,"Vivo Bodysuits, Shirts, T- Shirts & Tank Tops  - FS 2",,
orphaned,,"Vivo Bodysuits, Shirts, T- Shirts & Tank Tops  - FS 4",,
orphaned,,"Vivo Bodysuits, Shirts, T- Shirts & Tank Tops  - FS 5",,
orphaned,,Vivo Bralette - PB2,,
orphaned,,Vivo Capri/Midi Length Dress - SAMPLE 1,,
orphaned,,Vivo Capri/Midi Length Dress - SAMPLE 2,,
orphaned,,Vivo Chari Straight Leg Pants - Black,,
orphaned,,Vivo Chesi V-Neck Dress - Rose / Pink Hesi Print,,
orphaned,,Vivo Chesi V-Neck Maxi Dress - Carmel / Black Hesi Print,,
orphaned,,Vivo Chesi V-Neck Maxi Dress - Lilac / Navy Print,,
orphaned,,Vivo Chidii Cape Dress - Red / Black Ameli Print,,
orphaned,,Vivo Chidii Maxi Kaftan  - FS,,
orphaned,,Vivo Chidii Maxi Kaftan  - FS,,
orphaned,,Vivo Culottes - Aldabra,,
orphaned,,Vivo Dali Panel Dress - Dark Green,,
orphaned,,Vivo Dali Strappy Cold Shoulder Top - Black,,
orphaned,,Vivo Dali Tie Kimono - Grey,,
orphaned,,Vivo Dayo Off-Shoulder Slit Maxi Dress - Dark Green,,
orphaned,,Vivo Denim Straight Pants  - FS,,
orphaned,,Vivo Drawcord Jacket in Satin - Navy Blue,,
orphaned,,Vivo Dua Shirt - Hunters Green,,
orphaned,,Vivo Dua Shirt In Satin  - FS,,
orphaned,,Vivo Everyday Short Waterfall  - FS,,
orphaned,,Vivo Everyday Sleeveless Jersey Waterfall  - FS,,
orphaned,,Vivo Fitness Sleeveless High Low Top - Black / White Print,,
orphaned,,Vivo Fitted Tops - FS 1,,
orphaned,,Vivo Fitted Tops - FS 2,,
orphaned,,Vivo Fitted Tops - FS 3,,
orphaned,,Vivo Fitted Tops - FS 4,,
orphaned,,Vivo Fitted Tops - FS 5,,
orphaned,,Vivo Fitted Tops - FS 6,,
orphaned,,Vivo Fitted Tops - RFS 2,,
orphaned,,Vivo Fitted Tops - RFS 3,,
orphaned,,Vivo Fitted Tops - RFS 4,,
orphaned,,Vivo Fitted Tops - RFS 5,,
orphaned,,Vivo Fitted Tops - RFS 6,,
orphaned,,Vivo Full Length Pants - FS 1,,
orphaned,,Vivo Full Length Pants - FS 2,,
orphaned,,Vivo Full Length Pants - FS 3,,
orphaned,,Vivo Full Length Pants - FS 4,,
orphaned,,Vivo Full Length Pants - FS 5,,
orphaned,,Vivo Full Length Pants - FS 6,,
orphaned,,Vivo Full Length Pants - RFS 1,,
orphaned,,Vivo Full Length Pants - RFS 2,,
orphaned,,Vivo Full Length Pants - RFS 3,,
orphaned,,Vivo Full Length Pants - RFS 4,,
orphaned,,Vivo Full Length Pants - RFS 5,,
orphaned,,Vivo Full Length Pants - RFS 6,,
orphaned,,Vivo Full Length Pants - Sample 5,,
orphaned,,Vivo Hoodie/ Sweatshirt - Sample 2,,
orphaned,,Vivo Iyana Knee Length Bubble Dress  - FS,,
orphaned,,Vivo Iyana Knee Length Bubble Dress  - FS,,
orphaned,,Vivo Iyana Knee Length Bubble Dress in Satin  - FS,,
orphaned,,Vivo Jacket - FS 4,,
orphaned,,Vivo Jacket - FS 5,,
orphaned,,Vivo Jacket - FS 7,,
orphaned,,Vivo Jacket - FS 8,,
orphaned,,Vivo Jackets - FS 1,,
orphaned,,Vivo Jira Hoodie Jumper - Dark Rust,,
orphaned,,Vivo Jira Hoodie Jumper - Hunters Green,,
orphaned,,Vivo Jira Hoodie Jumper - Navy Blue,,
orphaned,,Vivo Jira Hoodie Jumper - Safron,,
orphaned,,Vivo Jira Hoodie Jumper - Tan,,
orphaned,,Vivo Jira Maxi Waterfall - Black,,
orphaned,,Vivo Jira Maxi Waterfall - Burnt Orange,,
orphaned,,Vivo Jira Maxi Waterfall - Buttermilk,,
orphaned,,Vivo Jira Straight Drop Shoulder Maxi - Black,,
orphaned,,Vivo Jira Straight Drop Shoulder Maxi - Burnt Orange,,
orphaned,,Vivo Jira Straight Drop Shoulder Maxi - Hunters Green,,
orphaned,,Vivo Jira Straight Drop Shoulder Maxi - Navy Blue,,
orphaned,,Vivo Jira Straight Drop Shoulder Maxi - Safron,,
orphaned,,Vivo Jira Straight Drop Shoulder Maxi - Tan,,
orphaned,,Vivo Joggers - Benue,,
orphaned,,Vivo Joggers - Lamu,,
orphaned,,Vivo Joggers - Natal,,
orphaned,,Vivo Joggers - Nile,,
orphaned,,Vivo Joggers - Sabie,,
orphaned,,Vivo Jumpsuit - FS 2,,
orphaned,,Vivo Jumpsuit - FS 3,,
orphaned,,Vivo Jumpsuit - FS 4,,
orphaned,,Vivo Jumpsuit - FS 6,,
orphaned,,Vivo Jumpsuit - RFS 1,,
orphaned,,Vivo Jumpsuit - RFS 2,,
orphaned,,Vivo Jumpsuit - Sample 1,,
orphaned,,Vivo Jumpsuit - Sample 3,,
orphaned,,Vivo Jumpsuit - Sample 4,,
orphaned,,Vivo Kitenge Bubble Sleeve Tent Dress - Lashi Print,,
orphaned,,Vivo Kitenge Bubble Sleeve Tent Dress - Obu Print,,
orphaned,,Vivo Kitenge Bubble Sleeve Tent Dress - Shama Print,,
orphaned,,Vivo Kitenge Bubble Sleeve Tent Dress - Teal / Navy Blue Ankara Print,,
orphaned,,Vivo Kitenge Midi Kimono - Shama Print,,
orphaned,,Vivo Kitenge Midi Kimono - Tana Print,,
orphaned,,Vivo Kitenge Shirred Waist Maxi Skirt - Tana Print,,
orphaned,,Vivo Kitenge Strappy Jumpsuit - Alizeti Print,,
orphaned,,Vivo Kitenge Strappy Tiered Maxi Dress - Dark Mustard / Navy Blue Ankara Print,,
orphaned,,Vivo Knee Length Dress  - FS,,
orphaned,,Vivo Knee Length Dress - SAMPLE1 B.,,
orphaned,,Vivo Knee Length Dress - SAMPLE2,,
orphaned,,Vivo Knee Length Skirts - FS 1,,
orphaned,,Vivo Knee Length Skirts - FS 2,,
orphaned,,Vivo Knee Length Skirts - FS 5,,
orphaned,,Vivo Knee Length Skirts - RFS 1,,
orphaned,,Vivo Knee Length Skirts - RFS 2,,
orphaned,,Vivo Knee Length Skirts - RFS 3,,
orphaned,,Vivo Knee Length Skirts - RFS 4,,
orphaned,,Vivo Knee length Dress - FS 2,,
orphaned,,Vivo Knee length Dress - FS 3,,
orphaned,,Vivo Knee length Dress - FS 4,,
orphaned,,Vivo Knee length Dress - FS 6,,
orphaned,,Vivo Knee length Dress - FS 7,,
orphaned,,Vivo Knee length Dress - FS 9,,
orphaned,,Vivo Knee length Dress - RFS 1,,
orphaned,,Vivo Knee length Dress - RFS 2,,
orphaned,,Vivo Knee length Dress - RFS 3,,
orphaned,,Vivo Knee length Dress - RFS 4,,
orphaned,,Vivo Knee length Dress - RFS 5,,
orphaned,,Vivo Knee length Dress - RFS 6,,
orphaned,,Vivo Knee length Dress - RFS 7,,
orphaned,,Vivo Laika Cap Sleeve Shift Dress - Dark Hunters,,
orphaned,,Vivo Lalea Cap Sleeve Hi-Low Top - Black,,
orphaned,,Vivo Lalea Drawstring Top - Teal / Orange Print,,
orphaned,,Vivo Lalea Long Sleeve Tulip Back Waterfall - Burgundy,,
orphaned,,Vivo Lalea Long Sleeve Tulip Back Waterfall - Grey,,
orphaned,,Vivo Lalea Long Sleeve Tulip Back Waterfall - Navy Blue,,
orphaned,,Vivo Lalea Tulip Sleeve Top - Multicolor Floral Print,,
orphaned,,Vivo Lalea Tulip Sleeve Top - Navy/Red Floral Print,,
orphaned,,Vivo Lamu Slit Sleeve Knee Length Dress - Black,,
orphaned,,Vivo Lani High Waist Wide Leg Pants - Orange / Navy Print,,
orphaned,,Vivo Lani High Waist Wide Leg Pants - Teal / Mustard Print,,
orphaned,,Vivo Leggings - FS1,,
orphaned,,Vivo Leggings - PB3,,
orphaned,,Vivo Leggings - SAMPLE 1,,
orphaned,,Vivo Lena Pleated Wide Pants - Black,,
orphaned,,Vivo Lesley Top - Purple (Special Offer),,
orphaned,,Vivo Liora Kaftan Border Maxi Dress  - FS,,
orphaned,,Vivo Liora Side Drawstring Kaftan Dress in Satin  - FS,,
orphaned,,Vivo Lome Shawl Jacket - Blue Print,,
orphaned,,Vivo Long Sleeve Blazer - Atbara,,
orphaned,,Vivo Long Sleeve Blazer - Savannah,,
orphaned,,Vivo Long Sleeve Shirt Dress - Juja Print,,
orphaned,,Vivo Long Sleeve Shirt Dress - Lira Print,,
orphaned,,Vivo Long Sleeve Shirt Dress - Sipo Print,,
orphaned,,Vivo Long Sleeved T-Shirt - Navy Blue,,
orphaned,,Vivo Loose Maxi Top - Sample 1,,
orphaned,,Vivo Loose Tops - FS 1,,
orphaned,,Vivo Loose Tops - FS 2,,
orphaned,,Vivo Loose Tops - FS 3,,
orphaned,,Vivo Loose Tops - FS 4,,
orphaned,,Vivo Loose Tops - FS 5,,
orphaned,,Vivo Loose Tops - FS 6,,
orphaned,,Vivo Loose Tops - FS 7,,
orphaned,,Vivo Loose Tops - RFS 2,,
orphaned,,Vivo Loose Tops - RFS 3,,
orphaned,,Vivo Loose Tops - RFS 5,,
orphaned,,Vivo Lorraine Top - Black (Special Offer),,
orphaned,,Vivo Lorraine Top - Blue (Special Offer),,
orphaned,,Vivo Lorraine Top - Red (Special offer),,
orphaned,,Vivo Lulu Cotton Tent Mini Dress  - FS,,
orphaned,,Vivo Lulu Denim Flared Pants  - FS,,
orphaned,,Vivo MSD 2,,
orphaned,,Vivo MSD 3,,
orphaned,,Vivo MSD 4,,
orphaned,,Vivo MSD 5,,
orphaned,,Vivo MSD 7,,
orphaned,,Vivo Maisha Off Shoulder Jumpsuit - Blue / Black Abstract Print,,
orphaned,,Vivo Maisha Off Shoulder Jumpsuit - Maroon / Pink Abstract Print,,
orphaned,,Vivo Maisha Off Shoulder Maxi Dress - Blue / Rust Abstract Print,,
orphaned,,Vivo Maisha Off Shoulder Maxi Dress - Dark Green / Orange Abstract Print,,
orphaned,,Vivo Maisha Off Shoulder Maxi Dress - Mustard / Navy Abstract Print,,
orphaned,,Vivo Maisha Off Shoulder Maxi Dress - Teal / Black Abstract Print,,
orphaned,,Vivo Maisha Sleeveless Tent Cover Up - Burgundy / Blue Floral Print,,
orphaned,,Vivo Maisha Strappy Jumpsuit Cover Up - Black / Grey Cheetah Print,,
orphaned,,Vivo Maisha Strappy Jumpsuit Cover Up - Black / Red Floral Print,,
orphaned,,Vivo Maisha Strappy Jumpsuit Cover Up - Green / Black Geometric Print,,
orphaned,,Vivo Maisha Strappy Jumpsuit Cover Up - Taupe / Navy Abstract Print,,
orphaned,,Vivo Maisha Strappy Jumpsuit Cover Up - Yellow / Navy Abstract Print,,
orphaned,,Vivo Maisha Tunic Top - Black / Pink Abstract Print,,
orphaned,,Vivo Mali Tie No Ankara - Pink,,
orphaned,,Vivo Mali Tie Top No Ankara - Off White,,
orphaned,,Vivo Malindi Crepe Palazzo Pants - Black / Brown Animal Print,,
orphaned,,Vivo Malindi Crepe Palazzo Pants - Black / Dark Green Abstract Print,,
orphaned,,Vivo Malindi Sleeveless Maxi Dress (JK) - Black / White Tropical Floral Print,,
orphaned,,Vivo Malindi Sleeveless Maxi Dress (JK) - Gold / White Tropical Floral Print,,
orphaned,,Vivo Malindi Sleeveless Mini Dress (JK) - Dark Green,,
orphaned,,Vivo Malindi Sleeveless Mini Dress (JK) - Lilac / White Floral Print,,
orphaned,,Vivo Maua Sleeveless High Low Dress - Brown,,
orphaned,,Vivo Maua Sleeveless High Low Dress - Coral,,
orphaned,,Vivo Maua Sleeveless High Low Dress - Olive Green,,
orphaned,,Vivo Maua Sleeveless High Low Dress - Orange,,
orphaned,,Vivo Maua Sleeveless High Low Dress - Purple,,
orphaned,,Vivo Maua Sleeveless High Low Dress - Royal Blue,,
orphaned,,Vivo Maua Sleeveless High Low Dress - Rust,,
orphaned,,Vivo Maxi Dress - FS 1,,
orphaned,,Vivo Maxi Dress - FS 3,,
orphaned,,Vivo Maxi Dress - FS 4,,
orphaned,,Vivo Maxi Dress - FS 5,,
orphaned,,Vivo Maxi Dress - FS 6,,
orphaned,,Vivo Maxi Dress - FS 7,,
orphaned,,Vivo Maxi Dress - RFS 3,,
orphaned,,Vivo Maxi Dress - RFS 4,,
orphaned,,Vivo Maxi Dress - RFS 5,,
orphaned,,Vivo Maxi Dress - RFS 6,,
orphaned,,Vivo Maxi Dress - RFS 7,,
orphaned,,Vivo Maxi Dress - SAMPLE1 B.,,
orphaned,,Vivo Maxi Dress - SAMPLE3,,
orphaned,,Vivo Maxi Skirts - FS 2,,
orphaned,,Vivo Maxi Skirts - FS 3,,
orphaned,,Vivo Maxi Skirts - FS 5,,
orphaned,,Vivo Maxi Waterfall/ Kimono - Sample 1,,
orphaned,,Vivo Meli Cowl Top - White,,
orphaned,,Vivo Meli Cowl Top in Satin MG - Black,,
orphaned,,Vivo Meli Cowl Top in Satin MG - Dark Green,,
orphaned,,Vivo Midi & Capri Dress - FS 4,,
orphaned,,Vivo Midi & Capri Skirts - FS 3,,
orphaned,,Vivo Midi & Capri Skirts - SAMPLE 1,,
orphaned,,Vivo Muna Side Slit Asymmetric Top - Mulberry,,
orphaned,,Vivo Nala Sleeveless Top - Black,,
orphaned,,Vivo Naya 3/4 Sleeve Satin Cover Up - Navy Blue,,
orphaned,,Vivo Naya High Low Flounce Cape - Black / Mshale,,
orphaned,,Vivo Naya High Low Flounce Cape - Black / Tausi,,
orphaned,,Vivo Naya High Low Flounce Cape - Dark Teal / Tawi,,
orphaned,,Vivo Naya High Low Flounce Cape - Navy Blue / Black Red,,
orphaned,,Vivo Naya High Low Flounce Cape - Rose / Nyota,,
orphaned,,Vivo Naya High Low Flounce Cape - Teal / Tawi,,
orphaned,,Vivo Naya One Shoulder Flounce Crop Top - Doa,,
orphaned,,Vivo Naya Strappy Midi Body-Con Dress - Black,,
orphaned,,Vivo Naya Strappy Midi Body-Con Dress - Navy Blue,,
orphaned,,Vivo Naya Tiered Sleeve Wrap Top - Jivu,,
orphaned,,Vivo Naya Tiered Sleeve Wrap Top - Ua,,
orphaned,,Vivo Naya Wide Leg Pants - Navy Blue,,
orphaned,,Vivo Neo Faux Suede Jacket (Special Offer) - Black,,
orphaned,,Vivo Neza Long Sleeve Trench Coat - Taupe / Black Abstract Print,,
orphaned,,Vivo Niari Sleeveless Pleated Dress - Black,,
orphaned,,Vivo Niari Sleeveless Pleated Dress - Magenta,,
orphaned,,Vivo Niari Sleeveless Pleated Dress - White,,
orphaned,,Vivo Nimali Satin Blouse - Black,,
orphaned,,Vivo Nimali Satin Blouse - Dark Green,,
orphaned,,Vivo Nimali Satin Blouse - Mustard,,
orphaned,,Vivo Nimali Satin Blouse - Navy Blue,,
orphaned,,Vivo Nimali Satin Blouse - Orange,,
orphaned,,Vivo Nimali Satin Blouse - Rust,,
orphaned,,Vivo Nimali Satin Halter Top - Black,,
orphaned,,Vivo Nimali Satin Halter Top - Dark Green,,
orphaned,,Vivo Nimali Satin Halter Top - Lilac,,
orphaned,,Vivo Nimali Satin Halter Top - Navy Blue,,
orphaned,,Vivo Nimali Satin Halter Top - Purple,,
orphaned,,Vivo Nimali Satin Halter Top - Red,,
orphaned,,Vivo Nimali Satin Halter Top - Rubi,,
orphaned,,Vivo Nimali Satin Halter Top - Slate,,
orphaned,,Vivo Nimali Satin Halter Top - White,,
orphaned,,Vivo Nimali Satin Joggers,,
orphaned,,Vivo Nimali Satin Joggers - Black,,
orphaned,,Vivo Nimali Satin Joggers - Blue,,
orphaned,,Vivo Nimali Satin Joggers - Dark Green,,
orphaned,,Vivo Nimali Satin Joggers - Gold,,
orphaned,,Vivo Nimali Satin Joggers - Grey,,
orphaned,,Vivo Nimali Satin Joggers - Lilac,,
orphaned,,Vivo Nimali Satin Joggers - Pink,,
orphaned,,Vivo Nimali Satin Joggers - Red,,
orphaned,,Vivo Nimali Satin Joggers - Rust,,
orphaned,,Vivo Nimali Satin Joggers - White,,
orphaned,,Vivo Nimali Satin Short Kimono - Dahlia,,
orphaned,,Vivo Nimali Satin Short Kimono - Wingu,,
orphaned,,Vivo Nimali Satin Shorts - Black,,
orphaned,,Vivo Nimali Satin Shorts - Blue,,
orphaned,,Vivo Nimali Satin Shorts - Brown,,
orphaned,,Vivo Nimali Satin Shorts - Dark Green,,
orphaned,,Vivo Nimali Satin Shorts - Gold,,
orphaned,,Vivo Nimali Satin Shorts - Grey,,
orphaned,,Vivo Nimali Satin Shorts - Lilac,,
orphaned,,Vivo Nimali Satin Shorts - Pink,,
orphaned,,Vivo Nimali Satin Shorts - Red,,
orphaned,,Vivo Nimali Satin Shorts - Rust,,
orphaned,,Vivo Nimali Satin Shorts - White,,
orphaned,,Vivo Nimali Satin Wide-Leg Pants - Dahlia,,
orphaned,,Vivo Nimali Satin Wide-Leg Pants - Rubi,,
orphaned,,Vivo Nimali Satin Wide-Leg Pants - Wingu,,
orphaned,,Vivo Nimali Side Flounce Top - Black,,
orphaned,,Vivo Nkasi Bubble Sleeve Maxi Dress - Teal / Burgundy Kasi Print,,
orphaned,,Vivo Nova Double Layered Bodycon Dress - Burgundy,,
orphaned,,Vivo Nuru Side Panel Wide Leg Pants  - FS,,
orphaned,,Vivo Nuru Sleeveless Maxi Kimono  - FS,,
orphaned,,Vivo Paji Pencil Skirt - Black Checkered Print,,
orphaned,,Vivo Pendo 3/4 Sleeve Knee Length Tent Dress - Taupe / Black Shale Print,,
orphaned,,Vivo Playsuit - Sample 2,,
orphaned,,Vivo Poncho DL FS 1 - Dark Red,,
orphaned,,Vivo Raha Satin Trench Coat - Black,,
orphaned,,Vivo Raha Satin Trench Coat - Navy Blue,,
orphaned,,Vivo Raha Satin Trench Coat - Sample,,
orphaned,,Vivo Raha Wide Leg Shorts - Pink,,
orphaned,,Vivo Raha Wide Leg Shorts - Royal Blue,,
orphaned,,Vivo Rayon Jersey Bikers - Dark Purple,,
orphaned,,Vivo Rema Drawstring Turtleneck - Black,,
orphaned,,Vivo Rema Drawstring Turtleneck - Brown,,
orphaned,,Vivo Reversible Nandi Top - Black,,
orphaned,,Vivo Reversible Nandi Top - Print,,
orphaned,,Vivo Reversible Nandi Top - White,,
orphaned,,Vivo Ruwa Pleated Shoulder Top - Sample,,
orphaned,,Vivo Ruwa Pleated Shoulder Top - Yellow,,
orphaned,,Vivo Safiya Dolman Top - Buttermilk,,
orphaned,,Vivo Safiya Dolman Top - Navy,,
orphaned,,Vivo Safiya Dolman Top - Yellow,,
orphaned,,Vivo Saida Bishop Sleeve Top - Light cream / Black Gola Print,,
orphaned,,Vivo Saida Long Sleeve Jacket - Navy,,
orphaned,,Vivo Saida Ruffle Neck Sheath Dress - Beige / Rust Gola Print,,
orphaned,,Vivo Saida Sheath Dress - Black / Mustard,,
orphaned,,Vivo Saida Sheath Dress - Navy / Mustard,,
orphaned,,Vivo Sakari Cap Sleeve Drape Top - Sari Coral Print,,
orphaned,,Vivo Sana Long Sleeved Maxi cover-Up - Green / White,,
orphaned,,Vivo Sana Long Sleeved Maxi cover-Up - White / Brown Animal stripes Print,,
orphaned,,Vivo Sana Long Sleeved Maxi cover-Up - White /Blue Animal stripes Print,,
orphaned,,Vivo Sana Long Sleeved Maxi cover-Up - White /Peach Animal stripes Print,,
orphaned,,Vivo Sana Off shoulder Top - Black Yellow Print,,
orphaned,,Vivo Sana Off shoulder Top - Pink Floral Print,,
orphaned,,Vivo Sanali Kaftan Top - Black,,
orphaned,,Vivo Sanali Kaftan Top - Navy,,
orphaned,,Vivo Sanali Maxi Kaftan Dress - Green / Orange Flohibi Print,,
orphaned,,Vivo Sanali Off - Shoulder Maxi Dress - Mustard / Black Lifi Print,,
orphaned,,Vivo Sanali Off-Shoulder Knee Length Dress - Purple,,
orphaned,,Vivo Sani Cape Sleeve V-Neck Jumpsuit - Black,,
orphaned,,Vivo Sani Long Sleeve Ruffle Placket Shirt - Navy Blue,,
orphaned,,Vivo Sani Long Sleeve Ruffle Shirt - Navy Blue,,
orphaned,,Vivo Sani Long Sleeve Ruffle Shirt Dress - Dark Taupe,,
orphaned,,Vivo Sanyu Boat Neck Midriff Top - Navy Blue,,
orphaned,,Vivo Sanyu Boat Neck Midriff Top - Taupe / Blue Lemi Print,,
orphaned,,Vivo Sanyu Boat Neck Midriff Top - Taupe / Green Lemi Print,,
orphaned,,Vivo Sanyu Drop Shoulder Top - Lime Green / White Zazi Print,,
orphaned,,Vivo Sanyu Drop Shoulder Top - Mustard,,
orphaned,,Vivo Sanyu Maxi Kimono - Lime Green / White Zazi Print,,
orphaned,,Vivo Sanyu Maxi Kimono - Purple,,
orphaned,,Vivo Sanyu Overlap Maxi Cover Up Top - Lilac / White Zazi Print,,
orphaned,,Vivo Sanyu Overlap Maxi Cover Up Top - Mustard,,
orphaned,,Vivo Sanyu Overlap Maxi Cover Up Top - Pink / White Zazi Print,,
orphaned,,Vivo Sanyu Shift Dress - Mustard,,
orphaned,,Vivo Sarabi Strappy Flounce Maxi Dress - Cream / Dark Green Mtelo Print,,
orphaned,,Vivo Sarabi Strappy Flounce Maxi Dress - Orange / Black Mali Print,,
orphaned,,Vivo Sarabi Strappy Flounce Maxi Dress - Orange / Cobalt Print,,
orphaned,,Vivo Sarabi Strappy Flounce Maxi Dress - White / Brown Print,,
orphaned,,Vivo Savannah Shawl Jacket - Black,,
orphaned,,Vivo Savannah Shawl Jacket - Buttermilk,,
orphaned,,Vivo Savannah Shawl Jacket - Navy Blue,,
orphaned,,Vivo Savannah Shawl Jacket - Off White,,
orphaned,,Vivo Savannah Shawl Jacket - Red,,
orphaned,,Vivo Selah Bishop Sleeve Top - Black,,
orphaned,,Vivo Selah Bishop Sleeve Top - Buttermilk,,
orphaned,,Vivo Selah Palazzo Pants in Stretch - White,,
orphaned,,Vivo Seli Bishop Sleeve Knee Length Dress - Black,,
orphaned,,Vivo Seli Kimono - Black,,
orphaned,,Vivo Seli V-Neck Knee Length Dress - Black,,
orphaned,,Vivo Seli V-Neck Knee Length Dress - Light Blue,,
orphaned,,Vivo Seli V-Neck Length Dress - Navy Blue,,
orphaned,,Vivo Seli V-Neck Midi Dress - Black,,
orphaned,,Vivo Serwa Asymmetric Top - Navy,,
orphaned,,Vivo Serwa Asymmetric Top - Peach / Rust Sera Print,,
orphaned,,Vivo Serwa Wide Leg Jumpsuit - Baby Blue / Navy Sera Print,,
orphaned,,Vivo Serwa Wide Leg Jumpsuit - Blue / Black Sera Print,,
orphaned,,Vivo Serwa Wide Leg Jumpsuit - Pink / Rust Sera Print,,
orphaned,,Vivo Shaa Drop Shoulder Knee Length Dress - Black / Orange Print,,
orphaned,,Vivo Shaa Drop Shoulder Knee Length Dress - Rust / Black Print,,
orphaned,,Vivo Shaa Drop Shoulder Knee Length Dress - Taupe / Cream Print,,
orphaned,,Vivo Shaa Drop Shoulder Knee Length Dress - Yellow / Navy Floral Print,,
orphaned,,Vivo Short Kimono - Ashai,,
orphaned,,Vivo Short Kimono - Tana Print,,
orphaned,,Vivo Short Waterfall/ Kimono - Sample 1,,
orphaned,,Vivo Shorts - Atbara,,
orphaned,,Vivo Shorts - Kidal,,
orphaned,,Vivo Shorts - Moabi,,
orphaned,,Vivo Shorts - Mvua,,
orphaned,,Vivo Shorts - RFS 3,,
orphaned,,Vivo Shorts - RFS 4,,
orphaned,,Vivo Shorts - RFS 5,,
orphaned,,Vivo Sia 3/4 Bishop Sleeve Shift Dress (Petite) - Beige / Rust Gola Print,,
orphaned,,Vivo Sierra Tent Knee Length Dress - Yellow,,
orphaned,,Vivo Situ Off Shoulder Top - Black / Purple Tiri Print,,
orphaned,,Vivo Situ Off Shoulder Top - Navy,,
orphaned,,Vivo Situ Ruffle Neck Jumpsuit - Maroon,,
orphaned,,Vivo Situ Ruffle Neck Jumpsuit - Yellow / Maroon Print Print,,
orphaned,,Vivo Situ Ruffle Neck Maxi Dress- Black / Blush Manda Print,,
orphaned,,Vivo Situ Ruffle Neck Top - Blush/Black Tiri Print,,
orphaned,,Vivo Situ Tulip Pants - Black,,
orphaned,,Vivo Sleeveless Blazer - Asmara,,
orphaned,,Vivo Sleeveless Blazer - Manda,,
orphaned,,Vivo Sleeveless Blazer - Marula,,
orphaned,,Vivo Sleeveless Sweater Bodycon - Mustard,,
orphaned,,Vivo Soleil Asymmetrical Hem Tunic Kaftan - Black / Taupe Almasi Print,,
orphaned,,Vivo Soleil Asymmetrical Hem Tunic Kaftan - Mulberry / Dusty Pink Almasi Print,,
orphaned,,Vivo Soleil Asymmetrical Hem Tunic Kaftan - Mustard / Hunters Green Almasi Print,,
orphaned,,Vivo Soleil Sleeveless Drape Top - Black,,
orphaned,,Vivo Soleil Sleeveless Drape Top - Black / Taupe Almasi Print,,
orphaned,,Vivo Soleil Sleeveless Drape Top - Burgundy / Dusty Pink Almasi Print,,
orphaned,,Vivo Soleil Sleeveless Drape Top - Mustard,,
orphaned,,Vivo Soleil Sleeveless Drape Top - Mustard / Olive Almasi Print,,
orphaned,,Vivo Soleil Sleeveless Drape Top - White,,
orphaned,,Vivo Soleil Sleeveless Layered Knee Length Dress - Black,,
orphaned,,Vivo Soleil Sleeveless Layered Knee Length Dress - Burgundy,,
orphaned,,Vivo Soleil Sleeveless Layered Knee Length Dress - White,,
orphaned,,Vivo Soleil Sleeveless Layered Top - Black,,
orphaned,,Vivo Soleil Sleeveless Layered Top - Pink,,
orphaned,,Vivo Soleil Sleeveless Layered Top - White,,
orphaned,,Vivo Soleil Wide leg Pleated Pants - Black / Taupe Nuru Print,,
orphaned,,Vivo Soleil Wide leg Pleated Pants - Burgundy / Dusty Pink Nuru Print,,
orphaned,,Vivo Soleil Wide leg Pleated Pants - Dusty Pink / Purple Nuru Print,,
orphaned,,Vivo Soleil Wide leg Pleated Pants - Mustard / Olive Green Nuru Print,,
orphaned,,Vivo Soleil Wide leg Pleated Pants - Olive Green / Mustard Nuru Print,,
orphaned,,Vivo Spandex Bikers - Black,,
orphaned,,Vivo Spandex Playsuit - Black,,
orphaned,,Vivo Spandex Slip Dress - Black,,
orphaned,,Vivo Spandex Tank Top - Black,,
orphaned,,Vivo Strappy Sun Dress - Bahari,,
orphaned,,Vivo Strappy Sun Dress - Zanzibar,,
orphaned,,Vivo Strappy Tiered Maxi Dress - Casablanca,,
orphaned,,Vivo Studio Crew Neck Tee in Rib - Black,,
orphaned,,Vivo Studio Crew Neck Tee in Rib - Dark Taupe,,
orphaned,,Vivo Studio Crew Neck Tee in Rib - Maroon,,
orphaned,,Vivo Studio Crew Neck Tee in Rib - Olive,,
orphaned,,Vivo Studio Crew Neck Tee in Rib - Teal,,
orphaned,,Vivo Studio Double Layered Tie Bodycon in Jersey  - FS,,
orphaned,,Vivo Studio Double Layered Tie Bodycon in Jersey - Chocolate,,
orphaned,,Vivo Studio Double Layered Tie Bodycon in Jersey - Dark Mustard,,
orphaned,,Vivo Studio Double Layered Tie Bodycon in Jersey - Dark Purple,,
orphaned,,Vivo Studio Double Layered Tie Bodycon in Jersey - Dark Red,,
orphaned,,Vivo Studio Double Layered Tie Bodycon in Jersey - Olive,,
orphaned,,Vivo Studio Longline Shorts in Crepe  - FS,,
orphaned,,Vivo Studio Longline Shorts in Crepe - Black Stripes,,
orphaned,,Vivo Studio Longline Shorts in Crepe - Lilac Stripes,,
orphaned,,Vivo Studio Longline Shorts in Crepe - Maroon Stripes,,
orphaned,,Vivo Studio Longline Shorts in Crepe - Navy Stripes,,
orphaned,,Vivo Studio Longline Shorts in Crepe - Olive Stripes,,
orphaned,,Vivo Studio Lounge Pants in Rib  - FS,,
orphaned,,Vivo Studio Lounge Pants in Rib - Black,,
orphaned,,Vivo Studio Lounge Pants in Rib - Dark Taupe,,
orphaned,,Vivo Studio Lounge Pants in Rib - Maroon,,
orphaned,,Vivo Studio Lounge Pants in Rib - Olive,,
orphaned,,Vivo Studio Lounge Pants in Rib - Teal,,
orphaned,,Vivo Studio Maxi Bodycon in Jersey  - FS,,
orphaned,,Vivo Studio Maxi Bodycon in Jersey - Dark Green,,
orphaned,,Vivo Studio Maxi Bodycon in Jersey - Dark Purple,,
orphaned,,Vivo Studio Maxi Bodycon in Jersey - Navy,,
orphaned,,Vivo Studio Shoulder Tie Top in Jersey  - FS,,
orphaned,,Vivo Studio Shoulder Tie Top in Jersey - Chocolate,,
orphaned,,Vivo Studio Shoulder Tie Top in Jersey - Dark Purple,,
orphaned,,Vivo Studio Shoulder Tie Top in Jersey - Lime Green,,
orphaned,,Vivo Studio Shoulder Tie Top in Jersey - Mustard,,
orphaned,,Vivo Studio Shoulder Tie Top in Jersey - Orange,,
orphaned,,Vivo Sweaters & Ponchos - FS 2,,
orphaned,,Vivo Sweaters & Ponchos - FS 5,,
orphaned,,Vivo Taji Straight Leg Pants - Navy Blue,,
orphaned,,Vivo Takali Tunic Top  - FS,,
orphaned,,Vivo Takali Tunic Top In Satin  - FS,,
orphaned,,Vivo Talek Lap - Over Top - Beige / Brown Geometric Print,,
orphaned,,Vivo Tana 3/4 Tulip Sleeve Overlap Maxi Top - Pink Floral Print,,
orphaned,,Vivo Tana Jersey Tulip Back Waterfall - Forest Green,,
orphaned,,Vivo Tana Scalloped V-Neck Top - Black / Blue Floral Print,,
orphaned,,Vivo Tanda Batwing Top - Navy,,
orphaned,,Vivo Tanda Batwing Top - Olive,,
orphaned,,Vivo Tande Cap Sleeve Round Neck Top - White,,
orphaned,,Vivo Tande Front Drape Skirt - Black,,
orphaned,,Vivo Tande Front Drape Skirt - Dark Navy,,
orphaned,,Vivo Tande Front Slit Skirt - Hunters,,
orphaned,,Vivo Tande Handkerchief Hem Dress - Black,,
orphaned,,Vivo Tande Handkerchief Hem Dress - Olive,,
orphaned,,Vivo Tatari Dropped Shoulder Sheath Dress - Burgundy,,
orphaned,,Vivo Tatari Panelled Sheath Dress - Black / Rust,,
orphaned,,Vivo Tatari Panelled Sheath Dress - Rust / Black,,
orphaned,,Vivo Tatari Side Panelled Sheath Dress - Black / Olive,,
orphaned,,Vivo Tatari Side Panelled Sheath Dress - Olive / Black,,
orphaned,,Vivo Tatili 3/4 Sleeve Tent Dress - Teal,,
orphaned,,Vivo Tatili Panelled Pencil Skirt - Mustard / Black Abstract Print,,
orphaned,,Vivo Tatili Pinstripe Pants in Medium Crepe  - FS,,
orphaned,,Vivo Thando 3/4 Bishop Sleeve Shirt Dress - Dark Mustad Print,,
orphaned,,Vivo Thando 3/4 Bishop Sleeve Shirt Dress - Green Floral Print,,
orphaned,,Vivo Thando Cap Sleeve Tent Dress - Green Leaf Print,,
orphaned,,Vivo Thando Dolman Knee Length Dress - Navy Blue Print,,
orphaned,,Vivo Thando Mock Neck Sleeveless Top - Black,,
orphaned,,Vivo Thando Mock Neck Sleeveless Top - Blue Print,,
orphaned,,Vivo Thando Mock Neck Sleeveless Top - Green/Yellow Print,,
orphaned,,Vivo Thando Mock Neck Sleeveless Top - Red,,
orphaned,,Vivo Thando Mock Neck Sleeveless Top - Yellow/Orange Print,,
orphaned,,Vivo Tiered Shirt Dress - Isiolo,,
orphaned,,Vivo Tiered Shirt Dress - Kasai,,
orphaned,,Vivo Tiered Shirt Dress - Rusizi,,
orphaned,,Vivo Tiered Shirt Dress - Semliki,,
orphaned,,Vivo Trench Coat - Benue,,
orphaned,,Vivo Trench Coat - Natal,,
orphaned,,Vivo Trench Coat - Neba,,
orphaned,,Vivo Trench Coat - Obu,,
orphaned,,Vivo Trench Coat - Sabie,,
orphaned,,Vivo Trench Coat - Tana Print,,
orphaned,,Vivo Tulia Palazzo Pants,,
orphaned,,Vivo Tulia Travel Jumpsuit - Taupe,,
orphaned,,Vivo Tuni Side Cowl Maxi Dress - Black / Orange Leaf Print,,
orphaned,,Vivo Tuni Side Cowl Maxi Dress - Fuschia / Orange Abstract Print,,
orphaned,,Vivo Tuni Side Cowl Maxi Dress - Mustard / Black Abstract Print,,
orphaned,,Vivo Tuni Side Cowl Maxi Dress - Mustard / Orange Abstract Print,,
orphaned,,Vivo Tuni Side Cowl Maxi Dress - Mustard / Pink Abstract Print,,
orphaned,,Vivo Tuni Side Cowl Maxi Dress - Mustard Abstract Print,,
orphaned,,Vivo Tuni Side Cowl Maxi Dress - Navy Blue / Red Floral Print,,
orphaned,,Vivo Tuni Side Cowl Maxi Dress - Pink / Black Abstract Print,,
orphaned,,Vivo Tuni Side Cowl Maxi Dress - Pink / Purple Leaf Print,,
orphaned,,Vivo Tuni Side Cowl Maxi Dress - Yelow / Black Floral Print,,
orphaned,,Vivo Tunu Long Sleeve Front Pleat Top - Navy Blue,,
orphaned,,Vivo Tunu Long Sleeve Front Pleat Top - Navy Blue,,
orphaned,,Vivo Tunu Pencil Skirt - Grey,,
orphaned,,Vivo Tunu Wide Leg Pants - Grey,,
orphaned,,Vivo Upe Mini Pencil Skirt - Black,,
orphaned,,Vivo Upe Mini Pencil Skirt - White,,
orphaned,,Vivo Upe Panelled Leisure Pants - Black,,
orphaned,,Vivo Upe Panelled Leisure Pants - White,,
orphaned,,Vivo Victoria Panelled Jacket - Royal Blue,,
orphaned,,Vivo Victoria Panelled Jacket - Taupe,,
orphaned,,Vivo Vinna Belted Top - Grey / Navy Nina Print,,
orphaned,,Vivo Wastani Shirred Cuff Asymmetrical Top - Black,,
orphaned,,Vivo Waterfalls & Kimonos - FS 1,,
orphaned,,Vivo Waterfalls & Kimonos - FS 2,,
orphaned,,Vivo Waterfalls & Kimonos - FS 3,,
orphaned,,Vivo Waterfalls & Kimonos - FS 4,,
orphaned,,Vivo Waterfalls & Kimonos - FS 5,,
orphaned,,Vivo Waterfalls & Kimonos - FS 6,,
orphaned,,Vivo Waterfalls & Kimonos - FS 7,,
orphaned,,Vivo Waterfalls & Kimonos - FS 8,,
orphaned,,Vivo Waterfalls & Kimonos - RFS 2,,
orphaned,,Vivo Waterfalls & Kimonos - RFS 4,,
orphaned,,Vivo Waterfalls & Kimonos - RFS 5,,
orphaned,,Vivo Waterfalls & Kimonos - RFS 7,,
orphaned,,Vivo Wena Maxi Shirt Dress - Navy,,
orphaned,,Vivo Wena Maxi Shirt Dress - Red,,
orphaned,,Vivo Wide Leg Pants in Crepe - Black,,
orphaned,,Vivo Wide Leg Pants in Crepe - Dark Green,,
orphaned,,Vivo Wide Leg Pants in Crepe - Dark Pink,,
orphaned,,Vivo Wide Leg Pants in Crepe - Mulberry,,
orphaned,,Vivo Wide Leg Pants in Crepe - Mustard,,
orphaned,,Vivo Wide Leg Pants in Crepe - Navy,,
orphaned,,Vivo Wide Leg Pants in Crepe - Off White,,
orphaned,,Vivo Wide Leg Pants in Heavy Crepe  - FS,,
orphaned,,Vivo Wide-Leg Pants - Asmara,,
orphaned,,Vivo Wide-Leg Pants - Marula,,
orphaned,,Vivo Wide-Leg PantsÂ  - Manda,,
orphaned,,Vivo Wila Cowl Poncho - Rust,,
orphaned,,Vivo Wila Cowl Tunic - Rust,,
orphaned,,Vivo Wila Dolman Top - Taupe,,
orphaned,,Vivo Wila Wide Leg Pants - Taupe,,
orphaned,,Vivo Wingu Drop Shoulder Balloon Knee Length Dress - Black Abstract Print,,
orphaned,,Vivo Wingu Drop Shoulder Balloon Knee Length Dress - Yellow Abstract Print,,
orphaned,,Vivo Wingu Long Sleeve Balloon Knee Length Dress - Orange Abstract Print,,
orphaned,,Vivo Wingu Long Sleeve Balloon Knee Length Dress - Teal Abstract Print,,
orphaned,,Vivo Wingu Long Sleeve Side Drape Knee Length Dress - Teal / Orange Floral,,
orphaned,,Vivo Wingu Long Sleeve Side Drape Tunic Top - Green,,
orphaned,,Vivo Wingu Long Sleeve Side Drape Tunic Top- Hunters Green,,
orphaned,,Vivo Wingu Puff Sleeve Maxi Dress - Black,,
orphaned,,Vivo Wingu Puff Sleeve Maxi Dress - Mustard,,
orphaned,,Vivo Wingu Puff Sleeve Top - Peach / Black Floral Print,,
orphaned,,Vivo X Essence Asha Wide Leg Pants With Short Lining - White / Mustard Manda Print,,
orphaned,,Vivo X Essence Ruffle Neck Jumpsuit - Dark Mustard / Black Manda Print,,
orphaned,,Vivo X Pinky Drop Shoulder Cowl Back Top - Black,,
orphaned,,Vivo X Pinky Drop Shoulder Cowl Back Top - Pink / Dark Pink Abstract Print,,
orphaned,,Vivo X Pinky Drop Shoulder Cowl Back Top - White / Pink Abstract Print,,
orphaned,,Vivo X Pinky Full Length Fitness Leggings - Black,,
orphaned,,Vivo X Pinky Long Sleeve Cross Back Fitness Playsuit - Black,,
orphaned,,Vivo X Pinky Long Sleeve Fitness Top - Pink / Dark Pink Abstract Print,,
orphaned,,Vivo X Pinky Long Sleeve Fitness Top - White / Pink Abstract Print,,
orphaned,,Vivo X Pinky Sleeveless Cross Back Fitness Tank Top - Pink / Dark Pink Abstract Print,,
orphaned,,Vivo X Pinky Sleeveless Cross Back Fitness Tank Top - White / Pink Abstract Print,,
orphaned,,Vivo X Pinky Sleeveless Crossback Fitness Catsuit - Black,,
orphaned,,Vivo Yumi High Waist Pants - Burgundy,,
orphaned,,Vivo Yumi High Waist Pants - Dark Green,,
orphaned,,Vivo Yumi High Waist Pants - Navy Blue,,
orphaned,,Vivo Yumi High Waist Pants - Teal,,
orphaned,,Vivo Yumi Off Shoulder Top - Teal,,
orphaned,,Vivo Yumi Sleeveless Knee Length Dress - Navy Blue,,
orphaned,,Vivo Zahari Long Sleeve Shirt - Coral,,
orphaned,,Vivo Zahari Long Sleeve Shirt - Dark Green,,
orphaned,,Vivo Zahari Off-Shoulder Tie Top - Black / White Batik Abatract Print,,
orphaned,,Vivo Zahari Off-Shoulder Tie Top - Taupe / Teal Batik Abatract Print,,
orphaned,,Vivo Zahari Puff Sleeve Tent Dress - Army Green,,
orphaned,,Vivo Zahari Shift Dress - Maroon,,
orphaned,,Vivo Zanzi Side Cowl Maxi Dress - Mustard,,
orphaned,,Vivo Zanzi Side Cowl Maxi Dress - Navy,,
orphaned,,Vivo Zaria Wide Leg Pants - Black,,
orphaned,,Vivo Zena Long Sleeve V Neck tunic Top - Mint Green,,
orphaned,,Vivo Zena Shirred Waist Shirt Dress - Beige / Mustard Print,,
orphaned,,Vivo Zena Shirred Waist Shirt Dress - Green / Navy Print,,
orphaned,,Vivo Zena Shirred Waist Shirt Dress - Taupe,,
orphaned,,Vivo Ziwa Long Sleeve Ruffle Cuff Maxi Kimono - Green / Off White Zuri Abstract Print,,
orphaned,,Vivo Ziwa Long Sleeve Ruffle Midi Kimono - Taupe / Off White Mtende Abstract Print,,
orphaned,,Vivo Ziwa Ruffle Long Sleeve Shift Dress (Petite) - Black,,
orphaned,,Vivo Ziwa Ruffle Long Sleeve Shift Dress (Petite) - Mustard / Teal Mtende Abstract Print,,
orphaned,,Vivo Ziwa Ruffle Long Sleeve Shift Dress (Petite) - Navy Blue,,
orphaned,,Vivo Zola Drop Shoulder Knee Length Dress - Teal / Peach Amari Print,,
orphaned,,Vivo Zola Drop Shoulder Shirt Dress - Teal / Mustard Animal Print,,
orphaned,,Vivo Zola V Neck Cap Sleeve Maxi Dress  - FS,,
orphaned,,Vivo Zola V Neck Maxi Dress in Crepe  - FS,,
orphaned,,Vivo Zola V Neck Maxi Dress in Crepe  - FS,,
orphaned,,Vivo Zuri Cap Sleeved Maxi Dress - Black / Orange Uri Print,,
orphaned,,Vivo Zuri Cap Sleeved Maxi Dress - Burgundy / Rust Uri Print,,
orphaned,,Vivo Zuri Cap Sleeved Maxi Dress - Cream / Teal Spiral Print,,
orphaned,,Vivo Zuri Cap Sleeved Maxi Dress - Lilac / Lime Abasi Print,,
orphaned,,Vivo Zuri Cap Sleeved Maxi Dress - Lime / Yellow Abasi Print,,
orphaned,,Vivo Zuri Cap Sleeved Maxi Dress - Navy / Dark Mustard Uri Print,,
orphaned,,Vivo Zuri Cap Sleeved Maxi Dress - Navy / Rust Spiral Print,,
orphaned,,Vivo Zuri Cap Sleeved Maxi Dress - Orange / Lilac Abasi Print,,
orphaned,,Vivo Zuri Cap Sleeved Maxi Dress - Peach / Teal Spiral Print,,
orphaned,,Vivo Zuri Cap Sleeved Maxi Dress - Sudan / Black Meki Print,,
orphaned,,Vivo Zuri Long Sleeved Blouse - Maroon Floral Print,,
orphaned,,Vivo shopping bags,,
orphaned,,Zoya Aridi Mens Straight Leg Pants - Navy,,
orphaned,,Zoya Athleisure One Shoulder Crop Top - Animal Print,,
orphaned,,Zoya Athleisure One Shoulder Crop Top - Flamingo Print,,
orphaned,,Zoya Banda Lantern Pants - Blue,,
orphaned,,Zoya Banda Lantern Pants - Pink,,
orphaned,,Zoya Basic Crop Top - Navy,,
orphaned,,Zoya Basic Jersey Bandaeu - Rust,,
orphaned,,Zoya Basic Jersey Bandaeu - Rust OLD,,
orphaned,,Zoya Basic Racer Back Crop Top - Burgundy,,
orphaned,,Zoya Basic Racer Back Crop Top - Hunters,,
orphaned,,Zoya Basic Racer Back Crop Top - Mustard,,
orphaned,,Zoya Basic Racer Back Crop Top - Navy Blue,,
orphaned,,Zoya Basic Racer Back Crop Top - Orange,,
orphaned,,Zoya Basic Ribbed Cap Sleeved Bodysuit - BURGUNDY,,
orphaned,,Zoya Basic Ribbed Cap Sleeved Bodysuit - LIME GREEN,,
orphaned,,Zoya Basic Ribbed Cap Sleeved Bodysuit - Pink,,
orphaned,,Zoya Basic Ribbed Cap Sleeved Bodysuit - RED,,
orphaned,,Zoya Basic Ribbed Cap Sleeved Bodysuit - WHITE,,
orphaned,,Zoya Basic Ribbed Cap Sleeved Bodysuit - Yellow,,
orphaned,,Zoya Basic Ribbed V-neck Short Sleeved Thong Bodysuit - Burgundy,,
orphaned,,Zoya Basic Sleeveless Boundneck Bodysuit - Red,,
orphaned,,Zoya Basic Spaghetti Tank Top - Hunters Green,,
orphaned,,Zoya Basic Spaghetti Tank Top - Navy Blue,,
orphaned,,Zoya Basic Strappy Bodysuit - Burgundy,,
orphaned,,Zoya Basic Strappy Bodysuit - Coral,,
orphaned,,Zoya Basic Strappy Bodysuit - Rust,,
orphaned,,Zoya Basic Strappy Bodysuit - TAUPE,,
orphaned,,Zoya Brave Corduroy Joggers - Navy Blue,,
orphaned,,Zoya Brave Corduroy Shorts - Navy Blue,,
orphaned,,Zoya Brave Satin Joggers(Regular) - Blue / Black Abstract Print,,
orphaned,,Zoya Brave Satin Joggers(Regular) - Green Abstract Print,,
orphaned,,Zoya Brave Satin Joggers(Regular) - Purple Abstract Print,,
orphaned,,Zoya Brave Satin Joggers(Tall) - Burgundy Abstract Print,,
orphaned,,Zoya Brave Satin Long Kaftan - Orange Abstract Print,,
orphaned,,Zoya Capri/Midi Length Dress - SAMPLE 1,,
orphaned,,Zoya Chill Cap Sleeve T-shirt - Blue,,
orphaned,,Zoya Chill Cap Sleeve T-shirt - Lime,,
orphaned,,Zoya Chill Cap Sleeve T-shirt - Pink,,
orphaned,,Zoya Chill Spaghetti Strap Tank Top - Fuschia,,
orphaned,,Zoya Chill Spaghetti Strap Tank Top - Lime Green,,
orphaned,,Zoya Chill Spaghetti Strap Tank Top - Orange,,
orphaned,,Zoya Chill Spaghetti Strap Tank Top - Purple,,
orphaned,,Zoya Essentials Bandeau - Pink Tie Dye,,
orphaned,,Zoya Fitted Top - Sample 1,,
orphaned,,Zoya Flora Mini Skirt - Black,,
orphaned,,Zoya Full Length Pants - Sample 1,,
orphaned,,Zoya Heart Fitness Bra - Black / White,,
orphaned,,Zoya High Rise Fitness Tights - Black / Animal Print,,
orphaned,,Zoya Hoodie/ Sweatshirt - Sample 1,,
orphaned,,Zoya Jumpsuit - Sample 1,,
orphaned,,Zoya Knee Length Dress - SAMPLE 1,,
orphaned,,Zoya Knee Length Dress - SAMPLE 4,,
orphaned,,Zoya Kyro Cropped Shirt - Tan,,
orphaned,,Zoya Kyro Sleeveless Bodysuit - Black,,
orphaned,,Zoya Kyro Sleeveless Bodysuit - Navy,,
orphaned,,Zoya Kyro Straight Leg Pants - Beige,,
orphaned,,Zoya Kyro Straight Leg Pants - Black,,
orphaned,,Zoya Kyro Straight Leg Pants - Navy,,
orphaned,,Zoya Kyro Women's Oversized Blazer - Beige,,
orphaned,,Zoya Kyro Women's Oversized Blazer - Brown,,
orphaned,,Zoya Kyro Women's Oversized Blazer - Navy,,
orphaned,,Zoya Long Sleeved Fitness Crop Top - Royal Blue,,
orphaned,,Zoya Loose Tops - Sample 1,,
orphaned,,Zoya Maxi Dress - SAMPLE 1,,
orphaned,,Zoya Maxi Skirts - SAMPLE 1,,
orphaned,,Zoya Men's Fleece Bomber Jacket - Navy Blue,,
orphaned,,Zoya Midi Jackets & Coats - Sample 1,,
orphaned,,Zoya Mock Neck Long Sleeve Fitness Crop Top - Black,,
orphaned,,Zoya Nia Crop Oversized Jacket - Beige,,
orphaned,,Zoya Nia Crop Oversized Jacket - Lilac,,
orphaned,,Zoya Nia Crop Oversized Jacket - White,,
orphaned,,Zoya Party Crop Top - Purple,,
orphaned,,Zoya Party Halter Crop Top - Black,,
orphaned,,Zoya Party One Sleeved Side Cut Dress - Royal Blue,,
orphaned,,Zoya Party Tie Back Bodycon - Buttermilk,,
orphaned,,Zoya Party Turtle Neck Maxi Top - Buttermilk,,
orphaned,,Zoya Playsuit - Sample 3,,
orphaned,,Zoya Ribbed Long Sleeve One Shoulder Bodysuit (Special offer) - Dark Green,,
orphaned,,Zoya Ribbed Long Sleeve Turtleneck Bodysuit - White,,
orphaned,,Zoya Ribbed Racerback Mini Bodycon (Special Offer) - Black,,
orphaned,,Zoya Sadira Halter Neck Vest - Black,,
orphaned,,Zoya Sadira Halter Neck Vest - Light Grey,,
orphaned,,Zoya Shani Cropped Tie Top - Burgundy / Peach Sani Print,,
orphaned,,Zoya Shani Cropped Tie Top - Navy / Peach Sani Print,,
orphaned,,Zoya Shani Pleated Shorts - Burgundy / Peach Sani Print,,
orphaned,,Zoya Shani Pleated Shorts - Navy / Peach Sani Print,,
orphaned,,Zoya Short Jackets & Coats - Sample 1,,
orphaned,,Zoya Short Jackets & Coats - Sample 2,,
orphaned,,Zoya Shorts & Skorts - Sample 1,,
orphaned,,Zoya Sitawi A-line Mini Dress - Black,,
orphaned,,Zoya Sitawi A-line Mini Dress - Black / White Abstract Print,,
orphaned,,Zoya Sitawi A-line Mini Dress - Brown Print,,
orphaned,,Zoya Sitawi A-line Mini Dress - Green / Grey Houndstooth Print,,
orphaned,,Zoya Sitawi A-line Mini Dress - Pink / Nude Abstract Print,,
orphaned,,Zoya Sitawi Cargo Pants - Purple,,
orphaned,,Zoya Sitawi Round Neck Midriff Top - Black,,
orphaned,,Zoya Sitawi Shirt Blouse - White,,
orphaned,,Zoya Sitawi Shirt Dress - Black / White A bstract Print,,
orphaned,,Zoya Spaghetti strap Midriff Top - White,,
orphaned,,Zoya Sports Bra - Black/Brown Print,,
orphaned,,Zoya Sports Bra - Black/Green Print,,
orphaned,,Zoya Sports Bra - Black/Pink Print,,
orphaned,,Zoya Taani Midriff Hoodie - Black,,
orphaned,,Zoya Taani Midriff Hoodie - White,,
orphaned,,Zoya Taani Wide Joggers - Black,,
orphaned,,Zoya Taani Wide Joggers - Navy,,
orphaned,,Zoya Temo Crop T- Shirt - Navy / Green Camo,,
orphaned,,Zoya Temo Cropped Jacket - Green Camo,,
orphaned,,Zoya Temo Pleated Skirt - Brown Camo,,
orphaned,,Zoya Temo Strappy Backless Crop Top - Brown Camo,,
orphaned,,Zoya Vasha Short Sleeve Mesh Top - Neon Green,,
orphaned,,Zoya Vasha Short Sleeve Mesh Top - Neon Pink,,
orphaned,,Zoya Vasha Short Sleeve Mesh Top - White,,
orphaned,,Zoya X AM Full Length Fitness Tights - Black / White Print,,
orphaned,,Zoya X Metamorphisized 143 Detachable Pants - Black,,
orphaned,,Zoya X Metamorphisized 143 Detachable Pants - Hunters,,
orphaned,,Zoya X Metamorphisized 143 Pleated Mini Skirt - Black,,
orphaned,,Zoya X Metamorphisized 143 Pleated Mini Skirt - Hot Pink,,
orphaned,,Zoya X Metamorphisized 143 Pleated Mini Skirt - Hunters,,
orphaned,,Zoya X Metamorphisized 143 Pleated Mini Skirt - Light Tan,,
orphaned,,Zoya X Metamorphisized 143 Workman's Jacket - Black,,
orphaned,,Zoya X Metamorphisized 143 Workman's Jacket - Denim Stripes,,
orphaned,,Zoya Yuni Cargo Pants - Dusty Pink,,
orphaned,,Zoya Yuni Contrast Stitch Cargo Pants - Grey,,
orphaned,,Zoya Yuni Contrast Stitch Crop Jacket - Black,,
orphaned,,Zoya Yuni Halter Tank Top - Lime Green,,
orphaned,,Zoya Yuni Halter Tank Top - Orange,,
orphaned,,Zoya Yuni Wide Leg Pants - Camo Brown,,
orphaned,,vivo Situ Ruffle Neck Top - White/Purple Tiri Print,,
