attribute,value
Assortment Type,Core
Assortment Type,Hero
Assortment Type,NOOS
Assortment Type,Signature
Brand,Safari
Brand,Third Party Brands
Brand,Vivo
Brand,Zoya
Category,Accessories
Category,Bottoms
Category,Dresses
Category,Mens
Category,N/A
Category,Outerwear
Category,Sale
Category,Skirts
Category,Tops
Category,Two-Piece Set
Collection,Long Sleeve
Collection,N/A
Collection,Safari 3/4
Collection,Safari Anga
Collection,Safari Ayana
Collection,Safari Basic
Collection,Safari Bodysuit
Collection,Safari Bubble
Collection,Safari Bush
Collection,Safari Button
Collection,Safari By
Collection,Safari By Vivo Mens
Collection,Safari Capri/Midi
Collection,Safari Cargo
Collection,Safari Chui
Collection,Safari Corduroy
Collection,Safari Crop
Collection,Safari Culotte
Collection,Safari Dila
Collection,Safari Drawstring
Collection,Safari Dua
Collection,Safari Fitted
Collection,Safari Full
Collection,Safari Hawi
Collection,Safari Haya
Collection,Safari High
Collection,Safari High-Low
Collection,Safari Hoodie/
Collection,Safari Huru
Collection,Safari Inara
Collection,Safari Jumpsuit
Collection,Safari Kamari
Collection,Safari Kaya
Collection,Safari Kikoy
Collection,Safari Kitenge
Collection,Safari Knee
Collection,Safari Ladies
Collection,Safari Ladies'
Collection,Safari Lamu
Collection,Safari Leggings
Collection,Safari Lira
Collection,Safari Long
Collection,Safari Loose
Collection,Safari Lounge
Collection,Safari Maisha
Collection,Safari Mali
Collection,Safari Mansi
Collection,Safari Mara
Collection,Safari Maxi
Collection,Safari Men
Collection,Safari Men's
Collection,Safari Mens
Collection,Safari Midi
Collection,Safari Mini
Collection,Safari Naima
Collection,Safari Nala
Collection,Safari Naledi
Collection,Safari Nazari
Collection,Safari Nimali
Collection,Safari Njano
Collection,Safari Oversized
Collection,Safari Pencil
Collection,Safari Playsuit
Collection,Safari Reversible
Collection,Safari Ribbed
Collection,Safari Sahara
Collection,Safari Satin
Collection,Safari Savannah
Collection,Safari Scalloped
Collection,Safari Shirts
Collection,Safari Short
Collection,Safari Shorts
Collection,Safari Side
Collection,Safari Sizani
Collection,Safari Sleeveless
Collection,Safari Solana
Collection,Safari Spaghetti
Collection,Safari Swazuri
Collection,Safari T-Shirt/
Collection,Safari Tafari
Collection,Safari Talek
Collection,Safari Tara
Collection,Safari Tawi
Collection,Safari Tayo
Collection,Safari Tie
Collection,Safari Tiwa
Collection,Safari Tote
Collection,Safari Tunic
Collection,Safari Turn-up
Collection,Safari Unisex
Collection,Safari Watamu
Collection,Safari Wide
Collection,Safari Wrap
Collection,Safari Zehra
Collection,Safari Zene
Collection,Safari by Vivo Cotton
Collection,Safari by Vivo Naledi
Collection,Safari by Vivo Zehra
Collection,SafariShort Waterfall/
Collection,Sample & Sale Items
Collection,Shop Zetu
Collection,Soko Sabi
Collection,Soko Split
Collection,Soko Square
Collection,Soko Twisted
Collection,Unaku Cape
Collection,VIVO Gift
Collection,VIvo Ajo
Collection,Vivo
Collection,Vivo 2-
Collection,Vivo 2-Way
Collection,Vivo 3/4
Collection,Vivo A-Line
Collection,Vivo Abby
Collection,Vivo Accessories
Collection,Vivo Ada
Collection,Vivo Adama
Collection,Vivo Adisa
Collection,Vivo Ajani
Collection,Vivo Alani
Collection,Vivo Alba
Collection,Vivo Albanus
Collection,Vivo Alek
Collection,Vivo Aleri
Collection,Vivo Alice
Collection,Vivo Alicia
Collection,Vivo Alika
Collection,Vivo Alma
Collection,Vivo Alora
Collection,Vivo Amai
Collection,Vivo Amali
Collection,Vivo Amanda
Collection,Vivo Amani
Collection,Vivo Amara
Collection,Vivo Amelia
Collection,Vivo Ana
Collection,Vivo Analo
Collection,Vivo Anavi
Collection,Vivo Andrea
Collection,Vivo Angel
Collection,Vivo Angela
Collection,Vivo Anica
Collection,Vivo Ankara
Collection,Vivo Annabelle
Collection,Vivo Annie
Collection,Vivo April
Collection,Vivo Arafa
Collection,Vivo Ari
Collection,Vivo Aria
Collection,Vivo Ariella
Collection,Vivo Arusha
Collection,Vivo Asha
Collection,Vivo Ashley
Collection,Vivo Asika
Collection,Vivo Aswani
Collection,Vivo Asymetric
Collection,Vivo Asymetrical
Collection,Vivo Asymmetric
Collection,Vivo Asymmetrical
Collection,Vivo Ava
Collection,Vivo Avis
Collection,Vivo Ayah
Collection,Vivo Ayana
Collection,Vivo Ayla
Collection,Vivo Ayo
Collection,Vivo Azawi
Collection,Vivo Aziza
Collection,Vivo B&W
Collection,Vivo BFS&S
Collection,Vivo BG
Collection,Vivo Bana
Collection,Vivo Barbara
Collection,Vivo Basic
Collection,Vivo BasicTrench
Collection,Vivo Beali
Collection,Vivo Belts
Collection,Vivo Beth
Collection,Vivo Betsy
Collection,Vivo Betty
Collection,Vivo Binti
Collection,Vivo Bissa
Collection,Vivo Black
Collection,Vivo Boat
Collection,Vivo Bodysuit
Collection,Vivo Bodysuits
Collection,Vivo Boundneck
Collection,Vivo Bralette
Collection,Vivo Bria
Collection,Vivo Brielle
Collection,Vivo Brittney
Collection,Vivo Bronwen
Collection,Vivo Brown
Collection,Vivo Bubble
Collection,Vivo Button
Collection,Vivo Cadence
Collection,Vivo Camilla
Collection,Vivo Camo
Collection,Vivo Cap
Collection,Vivo Capri
Collection,Vivo Capri/Midi
Collection,Vivo Cargo
Collection,Vivo Carmelita
Collection,Vivo Carole
Collection,Vivo Cassandra
Collection,Vivo Cate
Collection,Vivo Cathleen
Collection,Vivo Chalbi
Collection,Vivo Chari
Collection,Vivo Chela
Collection,Vivo Chesi
Collection,Vivo Chidii
Collection,Vivo Chiffon
Collection,Vivo Chloe
Collection,Vivo Christabel
Collection,Vivo Christy
Collection,Vivo Cigarette
Collection,Vivo Cindy
Collection,Vivo Circular
Collection,Vivo Clara
Collection,Vivo Cleo
Collection,Vivo Cocoon
Collection,Vivo Colleen
Collection,Vivo Connie
Collection,Vivo Contrast
Collection,Vivo Cora
Collection,Vivo Corduroy
Collection,Vivo Cory
Collection,Vivo Cotton
Collection,Vivo Cowl
Collection,Vivo Crop
Collection,Vivo Crystal
Collection,Vivo Cuffed
Collection,Vivo Culotte
Collection,Vivo Culottes
Collection,Vivo Curved
Collection,Vivo Cynthia
Collection,Vivo Dada
Collection,Vivo Daisy
Collection,Vivo Dali
Collection,Vivo Dalia
Collection,Vivo Danielle
Collection,Vivo Davina
Collection,Vivo Dayo
Collection,Vivo Denim
Collection,Vivo Diani
Collection,Vivo Diella
Collection,Vivo Do
Collection,Vivo Dolman
Collection,Vivo Double
Collection,Vivo Drop
Collection,Vivo Drusilla
Collection,Vivo Dua
Collection,Vivo EW
Collection,Vivo Edwina
Collection,Vivo Effie
Collection,Vivo Eileen
Collection,Vivo Ellie
Collection,Vivo Emilia
Collection,Vivo Erika
Collection,Vivo Escape
Collection,Vivo Eshie
Collection,Vivo Esna
Collection,Vivo Essentials
Collection,Vivo Essi
Collection,Vivo Ethel
Collection,Vivo Eudora
Collection,Vivo Everlyne
Collection,Vivo Everyday
Collection,Vivo Extra
Collection,Vivo Fahari
Collection,Vivo Fanah
Collection,Vivo Fara
Collection,Vivo Faraji
Collection,Vivo Fasi
Collection,Vivo Faux
Collection,Vivo Fimi
Collection,Vivo Fitness
Collection,Vivo Fitted
Collection,Vivo Flared
Collection,Vivo Flat
Collection,Vivo Flirty
Collection,Vivo Flora
Collection,Vivo Flounce
Collection,Vivo Front
Collection,Vivo Full
Collection,Vivo Furaha
Collection,Vivo Fuschia
Collection,Vivo Gean
Collection,Vivo Gema
Collection,Vivo Georgiana
Collection,Vivo Gertie
Collection,Vivo Giselle
Collection,Vivo Glenda
Collection,Vivo Gloria
Collection,Vivo Golf
Collection,Vivo Grecian
Collection,Vivo Gwen
Collection,Vivo Hadiya
Collection,Vivo Halter
Collection,Vivo Hamle
Collection,Vivo Hanabi
Collection,Vivo Handkerchief
Collection,Vivo Hardware
Collection,Vivo Hari
Collection,Vivo Harper
Collection,Vivo Harriet
Collection,Vivo Hassna
Collection,Vivo Havana
Collection,Vivo Heavy
Collection,Vivo Hema
Collection,Vivo Hera
Collection,Vivo Hester
Collection,Vivo High
Collection,Vivo Hijab
Collection,Vivo Hip
Collection,Vivo Hisi
Collection,Vivo Holly
Collection,Vivo Hooded
Collection,Vivo Hoodie
Collection,Vivo Hoodie/
Collection,Vivo Hoodies
Collection,Vivo ITY
Collection,Vivo Imali
Collection,Vivo Iman
Collection,Vivo Imani
Collection,Vivo Imara
Collection,Vivo Inara
Collection,Vivo Iris
Collection,Vivo Isabi
Collection,Vivo Issa
Collection,Vivo Ivory
Collection,Vivo Ivy
Collection,Vivo Iyana
Collection,Vivo Izzy
Collection,Vivo J.O
Collection,Vivo Jacket
Collection,Vivo Jackets
Collection,Vivo Jackie
Collection,Vivo Jacquie
Collection,Vivo Jade
Collection,Vivo Jaime
Collection,Vivo Jamila
Collection,Vivo Jasiri
Collection,Vivo Jema
Collection,Vivo Jersey
Collection,Vivo Jira
Collection,Vivo Joggers
Collection,Vivo Joggers -
Collection,Vivo Jumpsuit
Collection,Vivo Kaisa
Collection,Vivo Kala
Collection,Vivo Kani
Collection,Vivo Kay
Collection,Vivo Kelemi
Collection,Vivo Kemi
Collection,Vivo Keza
Collection,Vivo Kids'
Collection,Vivo Kitenge
Collection,Vivo Knee
Collection,Vivo Laika
Collection,Vivo Lalani
Collection,Vivo Lalea
Collection,Vivo Lamu
Collection,Vivo Lani
Collection,Vivo Leggings
Collection,Vivo Leila
Collection,Vivo Lena
Collection,Vivo Lero
Collection,Vivo Lesley
Collection,Vivo Lindi
Collection,Vivo Liora
Collection,Vivo Liv
Collection,Vivo Lome
Collection,Vivo Long
Collection,Vivo Loose
Collection,Vivo Lorraine
Collection,Vivo Lulu
Collection,Vivo Lumi
Collection,Vivo Luna
Collection,Vivo MSD
Collection,Vivo Maisha
Collection,Vivo Mali
Collection,Vivo Malindi
Collection,Vivo Mandla
Collection,Vivo Maua
Collection,Vivo Maxi
Collection,Vivo Meli
Collection,Vivo Merika
Collection,Vivo Midi
Collection,Vivo Mini
Collection,Vivo Mira
Collection,Vivo Mistari
Collection,Vivo Mock
Collection,Vivo Muna
Collection,Vivo Must
Collection,Vivo Nala
Collection,Vivo Nalia
Collection,Vivo Nandi
Collection,Vivo Nasinka
Collection,Vivo Naya
Collection,Vivo Neo
Collection,Vivo Neza
Collection,Vivo Niari
Collection,Vivo Nimali
Collection,Vivo Nkasi
Collection,Vivo Nora
Collection,Vivo Nova
Collection,Vivo Nuru
Collection,Vivo Olivia
Collection,Vivo Paji
Collection,Vivo Pana
Collection,Vivo Pashmina
Collection,Vivo Pelia
Collection,Vivo Pendo
Collection,Vivo Pesi
Collection,Vivo Poncho
Collection,Vivo Ponte
Collection,Vivo Raha
Collection,Vivo Rayon
Collection,Vivo Reba
Collection,Vivo Rema
Collection,Vivo Reversible
Collection,Vivo Ria
Collection,Vivo Roberta
Collection,Vivo Ruwa
Collection,Vivo Safa
Collection,Vivo Safiya
Collection,Vivo Saida
Collection,Vivo Sakari
Collection,Vivo Samira
Collection,Vivo Sana
Collection,Vivo Sanali
Collection,Vivo Sani
Collection,Vivo Sanyu
Collection,Vivo Sarabi
Collection,Vivo Sarong
Collection,Vivo Satin
Collection,Vivo Savannah
Collection,Vivo Sawari
Collection,Vivo Selah
Collection,Vivo Seli
Collection,Vivo Serwa
Collection,Vivo Shaa
Collection,Vivo Shirt
Collection,Vivo Short
Collection,Vivo Shorts
Collection,Vivo Sia
Collection,Vivo Side
Collection,Vivo Sierra
Collection,Vivo Situ
Collection,Vivo Skirts
Collection,Vivo Sleeveless
Collection,Vivo Solei
Collection,Vivo Soleil
Collection,Vivo Spandex
Collection,Vivo Strappy
Collection,Vivo Tahisa
Collection,Vivo Taji
Collection,Vivo Takali
Collection,Vivo Talek
Collection,Vivo Talia
Collection,Vivo Tana
Collection,Vivo Tanda
Collection,Vivo Tande
Collection,Vivo Tatari
Collection,Vivo Tatili
Collection,Vivo Thando
Collection,Vivo Tiered
Collection,Vivo Tiwi
Collection,Vivo Tolani
Collection,Vivo Tote
Collection,Vivo Trench
Collection,Vivo Tsavo
Collection,Vivo Tulia
Collection,Vivo Tuni
Collection,Vivo Tunu
Collection,Vivo Turtleneck
Collection,Vivo Upe
Collection,Vivo Val
Collection,Vivo Victoria
Collection,Vivo Vinna
Collection,Vivo Waridi
Collection,Vivo Wastani
Collection,Vivo Watamu
Collection,Vivo Waterfalls
Collection,Vivo Wena
Collection,Vivo Wendy
Collection,Vivo Wide
Collection,Vivo Wide-Leg
Collection,Vivo Wila
Collection,Vivo Wingu
Collection,Vivo Wrap
Collection,Vivo X
Collection,Vivo X This Is Essential
Collection,Vivo Yene
Collection,Vivo Yoga
Collection,Vivo Yumi
Collection,Vivo Zahari
Collection,Vivo Zania
Collection,Vivo Zanzi
Collection,Vivo Zari
Collection,Vivo Zaria
Collection,Vivo Zawadi
Collection,Vivo Zena
Collection,Vivo Ziwa
Collection,Vivo Zola
Collection,Vivo Zuri
Collection,Zoya
Collection,Zoya Aridi
Collection,Zoya Athleisure
Collection,Zoya Banda
Collection,Zoya Bandeau
Collection,Zoya Basic
Collection,Zoya Brave
Collection,Zoya Capri
Collection,Zoya Chill
Collection,Zoya Crop
Collection,Zoya Essential
Collection,Zoya Essentials
Collection,Zoya Fitness
Collection,Zoya Flora
Collection,Zoya Full
Collection,Zoya Gift
Collection,Zoya Halter
Collection,Zoya High
Collection,Zoya Kyro
Collection,Zoya Long
Collection,Zoya Love
Collection,Zoya Luna
Collection,Zoya Maxi
Collection,Zoya Men's
Collection,Zoya Mini
Collection,Zoya Naya
Collection,Zoya Nia
Collection,Zoya Party
Collection,Zoya Playsuit
Collection,Zoya Ribbed
Collection,Zoya Sadira
Collection,Zoya Shani
Collection,Zoya Short
Collection,Zoya Sitawi
Collection,Zoya Spaghetti
Collection,Zoya Sports
Collection,Zoya Taani
Collection,Zoya Temo
Collection,Zoya Vasha
Collection,Zoya X
Collection,Zoya Yuni
Color,(SPECIAL OFFER)
Color,-SAMPLE
Color,ABSTRACT NAVY
Color,ABSTRACT PRINT
Color,AKSUM
Color,ALDABRA
Color,ALIZETI
Color,ALIZETI PRINT
Color,ALMASI
Color,ALOE / BLACK HESI PRINT
Color,ALUMINIUM
Color,AMETHYST ORCHID
Color,ANGA PRINT
Color,ANGIE BLUE
Color,ANIMAL PRINT
Color,ANKARA
Color,AQUA
Color,ARMY GREEN
Color,ARMY GREEN / BURGUNDY FLORAL PRINT
Color,ASH GREY
Color,ASH GREY / BLACK DOTI PRINT
Color,ASHAI
Color,ASHAI PRINT
Color,ASMARA
Color,ATBARA
Color,BABY BLUE
Color,BABY BLUE (BLUE / BLACK PRINT BELT)
Color,BABY BLUE (BLUE PRINT BELT)
Color,BABY BLUE (NAVY / ORANGE PRINT BELT)
Color,BABY BLUE (NAVY / YELLOW PRINT BELT)
Color,BABY BLUE / BLACK ZARI PRINT
Color,BABY BLUE / DARK BLUE
Color,BABY BLUE / MUSTARD PRINT
Color,BABY BLUE / NAVY SERA PRINT
Color,BABY BLUE PRINT
Color,BABY PINK
Color,BAHARI
Color,BANA PRINT
Color,BEAVER / BLACK SAMBA PRINT
Color,BEAVER FUR
Color,BEIGE
Color,BEIGE / BLACK ABSTRACT PRINT
Color,BEIGE / BLACK ALA PRINT
Color,BEIGE / BLACK ATA PRINT
Color,BEIGE / BLACK BAI PRINT
Color,BEIGE / BLACK EZA PRINT
Color,BEIGE / BLACK LALA PRINT
Color,BEIGE / BLACK LEDI PRINT
Color,BEIGE / BLACK NAMA PRINT
Color,BEIGE / BLACK POLKA PRINT
Color,BEIGE / BLACK PRINT
Color,BEIGE / BLACK RIKA PRINT
Color,BEIGE / BLACK SINKA PRINT
Color,BEIGE / BLACK TAMRA PRINT
Color,BEIGE / BLACK WIA PRINT
Color,BEIGE / BLACK ZARI PRINT
Color,BEIGE / BLUE PRINT
Color,BEIGE / BROWN ABSTRACT PRINT
Color,BEIGE / BROWN GEOMETRIC PRINT
Color,BEIGE / BROWN MAWI PRINT
Color,BEIGE / BROWN PRINT
Color,BEIGE / CHOCOLATE SAKU PRINT
Color,BEIGE / CREAM ANIMAL PRINT
Color,BEIGE / DARK BURGUNDY KILE PRINT
Color,BEIGE / DARK RUST ZIA PRINT
Color,BEIGE / GOLD LEA PRINT
Color,BEIGE / GREEN BAI PRINT
Color,BEIGE / GREEN MALI PRINT
Color,BEIGE / GREEN PRINT
Color,BEIGE / MUSTARD BAYU PRINT
Color,BEIGE / MUSTARD MEKI PRINT
Color,BEIGE / MUSTARD POLKA DOT PRINT
Color,BEIGE / MUSTARD PRINT
Color,BEIGE / PINK PRINT
Color,BEIGE / PINK TAWA PRINT
Color,BEIGE / PURPLE PRINT
Color,BEIGE / RED PRINT
Color,BEIGE / RUST ANILA PRINT
Color,BEIGE / RUST GOLA PRINT
Color,BEIGE / RUST MANLA PRINT
Color,BEIGE / TEAL LIWE PRINT
Color,BEIGE / WHITE PRINT
Color,BEIGE ABSTRACT PRINT
Color,BEIGE FLORAL PRINT
Color,BEIGE METI PRINT
Color,BEIGE YALA PRINT
Color,BEIGE/LIGHT BLUE PRINT
Color,BEIGE/MUSTARD MOLO PRINT
Color,BEIGE/WHITE
Color,BENUE
Color,BERI PRINT
Color,BETA PRINT
Color,BF1
Color,BISCUIT / NAVY BLUE HESI PRINT
Color,BLACK
Color,BLACK & MUSTARD
Color,BLACK & WHITE PINSTRIPES
Color,BLACK & WHITE PRINT
Color,BLACK (COTTON)
Color,BLACK (DIAMOND + POLKA)
Color,BLACK (PLAIN BELT)
Color,BLACK (SPECIAL OFFER)
Color,BLACK + BANA PRINT
Color,BLACK + BLUE / WHITE PRINT
Color,BLACK + BLUE KIWI PRINT
Color,BLACK + GREEN / NAVY PRINT
Color,BLACK + GREY KIWI PRINT
Color,BLACK + MAROON PRINT
Color,BLACK + ORANGE / BLACK PRINT
Color,BLACK + PINK KIWI PRINT
Color,BLACK + RED PRINT
Color,BLACK + TAFO PRINT
Color,BLACK + TAUPE / PURPLE ABSTRACT PRINT
Color,BLACK +TAYO PRINT
Color,BLACK / ABSTRACT PRINT
Color,BLACK / ANIMAL PRINT
Color,BLACK / BEIGE ANIMAL PRINT
Color,BLACK / BEIGE EZA PRINT
Color,BLACK / BEIGE LAI PRINT
Color,BLACK / BEIGE LEDI PRINT
Color,BLACK / BEIGE PRINT
Color,BLACK / BEIGE SEDO PRINT
Color,BLACK / BEIGE SHIMA PRINT
Color,BLACK / BLACK YELLOW PRINT
Color,BLACK / BLUE
Color,BLACK / BLUE ABSTRACT PRINT
Color,BLACK / BLUE ANKARA PRINT
Color,BLACK / BLUE FLORAL
Color,BLACK / BLUE FLORAL PRINT
Color,BLACK / BLUE LEAF PRINT
Color,BLACK / BLUE MULTICOLOR GEOMETRIC PRINT
Color,BLACK / BLUE PRINT
Color,BLACK / BLUE RIA PRINT
Color,BLACK / BLUE STRIPE PRINT
Color,BLACK / BLUSH CLOVER PRINT
Color,BLACK / BLUSH MANDA PRINT
Color,BLACK / BRASS
Color,BLACK / BROWN ABSTRACT
Color,BLACK / BROWN ABSTRACT PRINT
Color,BLACK / BROWN ADISA PRINT
Color,BLACK / BROWN ANIMAL PRINT
Color,BLACK / BROWN FLORAL PRINT
Color,BLACK / BROWN KIGALI PRINT
Color,BLACK / BROWN LEAF PRINT
Color,BLACK / BROWN MAWI PRINT
Color,BLACK / BROWN PRINT
Color,BLACK / BURGUNDY
Color,BLACK / BURGUNDY FLORAL PRINT
Color,BLACK / BURGUNDY PRINT
Color,BLACK / BURGUNDY ULIRA PRINT
Color,BLACK / BUTTERMILK
Color,BLACK / BUTTERMILK PRINT
Color,BLACK / CHARI PRINT
Color,BLACK / CHOCOLATE BROWN ANIMAL PRINT
Color,BLACK / CHOCOLATE FLORAL PRINT
Color,BLACK / CORAL ABSTRACT PRINT
Color,BLACK / CORAL PRINT
Color,BLACK / CREAM
Color,BLACK / CREAM ABSTRACT PRINT
Color,BLACK / CREAM AWARI PRINT
Color,BLACK / CREAM HIBA PRINT
Color,BLACK / CREAM ISA PRINT
Color,BLACK / CREAM POLKA
Color,BLACK / CREAM POLKA DOT PRINT
Color,BLACK / CREAM PRINT
Color,BLACK / CREAM ROSA PRINT
Color,BLACK / CREAM SIRA PRINT
Color,BLACK / CREAM WARI PRINT
Color,BLACK / CREAM YLA PRINT
Color,BLACK / DARK BROWN PRINT
Color,BLACK / DARK GREEN ABSTRACT PRINT
Color,BLACK / DARK GREY PRINT
Color,BLACK / DARK MUSTARD PRINT
Color,BLACK / DARK TEAL PRINT
Color,BLACK / ELMI PRINT
Color,BLACK / FOREST GREEN PRINT
Color,BLACK / GOLD
Color,BLACK / GOLD ABSTRACT
Color,BLACK / GOLD ABSTRACT PRINT
Color,BLACK / GOLD CLAY PRINT
Color,BLACK / GOLD GEOMETRIC PRINT
Color,BLACK / GOLD PRINT
Color,BLACK / GREEN ABSTRACT PRINT
Color,BLACK / GREEN ANKARA PRINT
Color,BLACK / GREEN BAI PRINT
Color,BLACK / GREEN BANI PRINT
Color,BLACK / GREEN CURLED PRINT
Color,BLACK / GREEN FLORAL PRINT
Color,BLACK / GREEN FLOWERS PRINT
Color,BLACK / GREEN GEOMETRIC PRINT
Color,BLACK / GREEN LEAF PRINT
Color,BLACK / GREEN LORA PRINT
Color,BLACK / GREEN POLKA DOT PRINT
Color,BLACK / GREEN PRINT
Color,BLACK / GREEN SIARI PRINT
Color,BLACK / GREEN STRIPES PRINT
Color,BLACK / GREY
Color,BLACK / GREY ABSTRACT PRINT
Color,BLACK / GREY ABSTRACT STRIPES PRINT
Color,BLACK / GREY AIMAL PRINT
Color,BLACK / GREY CHEETAH PRINT
Color,BLACK / GREY CHUI PRINT
Color,BLACK / GREY DELI PRINT
Color,BLACK / GREY ELI PRINT
Color,BLACK / GREY FLANNEL
Color,BLACK / GREY FLORAL PRINT
Color,BLACK / GREY LALO PRINT
Color,BLACK / GREY LIPI PRINT
Color,BLACK / GREY PRINT
Color,BLACK / GREY RIPPLE PRINT
Color,BLACK / GREY TIE & DYE PRINT
Color,BLACK / GREY WAVY STRIPES PRINT
Color,BLACK / HUNTERS
Color,BLACK / HUNTERS FLORAL PRINT
Color,BLACK / HUNTERS GREEN ABSTRACT PRINT
Color,BLACK / HUNTERS GREEN ANIMAL PRINT
Color,BLACK / HUNTERS GREEN BRUSH STROKES PRINT
Color,BLACK / JUNGLE GREEN
Color,BLACK / KALA PRINT
Color,BLACK / LIGHT BLUE
Color,BLACK / LIGHT BLUE ABSTRACT PRINT
Color,BLACK / LIGHT BLUE PRINT
Color,BLACK / LIGHT PINK
Color,BLACK / LIGHT PURPLE FLORAL PRINT
Color,BLACK / LIGHT TAUPE NITA PRINT
Color,BLACK / LILAC PRINT
Color,BLACK / LIME GREEN
Color,BLACK / LIME PRINT
Color,BLACK / LUENA PRINT
Color,BLACK / MAROON FLORAL PRINT
Color,BLACK / MAROON LEAF PRINT
Color,BLACK / MAROON PALM LEAF PRINT
Color,BLACK / MAROON PRINT
Color,BLACK / MAROON STRIPES PRINT
Color,BLACK / MINT
Color,BLACK / MINT PRINT
Color,BLACK / MSHALE
Color,BLACK / MULTI COLOR FLORAL PRINT
Color,BLACK / MUSTARD
Color,BLACK / MUSTARD ABSTRACT PRINT
Color,BLACK / MUSTARD ANKARA PRINT
Color,BLACK / MUSTARD ELA PRINT
Color,BLACK / MUSTARD FLORAL PRINT
Color,BLACK / MUSTARD FOLLIAGE PRINT
Color,BLACK / MUSTARD GEOMETRIC PRINT
Color,BLACK / MUSTARD IGABI PRINT
Color,BLACK / MUSTARD LEAFY PRINT
Color,BLACK / MUSTARD OYO PRINT
Color,BLACK / MUSTARD PRINT
Color,BLACK / MUSTARD SANNA PRINT
Color,BLACK / MUSTARD SPIRAL PRINT
Color,BLACK / MUSTARD STRIPE
Color,BLACK / MUSTARD TIA PRINT
Color,BLACK / NAVY BLUE PRINT
Color,BLACK / NAVY MOODY PRINT
Color,BLACK / NEBA PRINT
Color,BLACK / NEON GREEN
Color,BLACK / OFF WHITE
Color,BLACK / OFF WHITE ABSTRACT
Color,BLACK / OFF WHITE ABSTRACT PRINT
Color,BLACK / OFF WHITE ANIMAL PRINT
Color,BLACK / OFF WHITE FLORAL PRINT
Color,BLACK / OFF WHITE POLKA DOT PRINT
Color,BLACK / OFF WHITE PRINT
Color,BLACK / OFF WHITE STRIPE PRINT
Color,BLACK / OFF-WHITE PRINT
Color,BLACK / OFFWHITE
Color,BLACK / OLIVE
Color,BLACK / OLIVE ABSTRACT PRINT
Color,BLACK / OLIVE GREEN ABSTRACT PRINT
Color,BLACK / OLIVE GREEN MISTARI PRINT
Color,BLACK / OLIVE MISTARI DIAGONAL PRINT
Color,BLACK / OLIVE PRINT
Color,BLACK / ORANGE
Color,BLACK / ORANGE ABSTRACT PRINT
Color,BLACK / ORANGE ANIMAL PRINT
Color,BLACK / ORANGE ANKARA PRINT
Color,BLACK / ORANGE FLORAL PRINT
Color,BLACK / ORANGE LEAF PRINT
Color,BLACK / ORANGE PRINT
Color,BLACK / ORANGE RIAH PRINT
Color,BLACK / ORANGE SANNA PRINT
Color,BLACK / ORANGE URI PRINT
Color,BLACK / PEACH ALYA PRINT
Color,BLACK / PEACH FLORAL PRINT
Color,BLACK / PEACH PRINT
Color,BLACK / PINK
Color,BLACK / PINK ABSTRACT PRINT
Color,BLACK / PINK ANIMAL PRINT
Color,BLACK / PINK ANKARA PRINT
Color,BLACK / PINK DATO PRINT
Color,BLACK / PINK FLORAL PRINT
Color,BLACK / PINK GEOMETRIC PRINT
Color,BLACK / PINK MISTARI DIAGONAL PRINT
Color,BLACK / PINK POLKA DOT PRINT
Color,BLACK / PINK PRINT
Color,BLACK / POLKA DOT PRINT
Color,BLACK / PURPLE ABSTRACT PRINT
Color,BLACK / PURPLE ANE PRINT
Color,BLACK / PURPLE CLOVER PRINT
Color,BLACK / PURPLE FLORAL PRINT
Color,BLACK / PURPLE GEOMETRIC PRINT
Color,BLACK / PURPLE PRINT
Color,BLACK / PURPLE TIRI PRINT
Color,BLACK / RED
Color,BLACK / RED ABSTRACT PRINT
Color,BLACK / RED ANIMAL PRINT
Color,BLACK / RED ANKARA PRINT
Color,BLACK / RED FLORAL PRINT
Color,BLACK / RED FLOWERS PRINT
Color,BLACK / RED MISTRAI PRINT
Color,BLACK / RED POLKA DOT PRINT
Color,BLACK / RED PRINT
Color,BLACK / RED ROSE FLOWER PRINT
Color,BLACK / RED ROSE PRINT
Color,BLACK / RED TRIBAL PRINT
Color,BLACK / ROYAL BLUE ABSTRACT PRINT
Color,BLACK / RUST
Color,BLACK / RUST ABSTARCT PRINT
Color,BLACK / RUST ALA PRINT
Color,BLACK / RUST ANIMAL PRINT
Color,BLACK / RUST JITO PRINT
Color,BLACK / RUST NAKA PRINT
Color,BLACK / RUST PRINT
Color,BLACK / RUST UKWI PRINT
Color,BLACK / RUST YANA PRINT
Color,BLACK / SAGE PRINT
Color,BLACK / SILVER GEOMETRIC PRINT
Color,BLACK / TAN ALIA PRINT
Color,BLACK / TAN ANIMAL PRINT
Color,BLACK / TAN PLAID
Color,BLACK / TAN PRINT
Color,BLACK / TANA PRINT
Color,BLACK / TARI PRINT
Color,BLACK / TAUPE
Color,BLACK / TAUPE AEZ PRINT
Color,BLACK / TAUPE ALMASI PRINT
Color,BLACK / TAUPE ANKARA PRINT
Color,BLACK / TAUPE API PRINT
Color,BLACK / TAUPE DELI PRINT
Color,BLACK / TAUPE FLORAL PRINT
Color,BLACK / TAUPE NABI PRINT
Color,BLACK / TAUPE NURU PRINT
Color,BLACK / TAUPE PRINT
Color,BLACK / TAUPE UMBO PRINT
Color,BLACK / TAUSI
Color,BLACK / TEAL
Color,BLACK / TEAL FLORAL PRINT
Color,BLACK / TEAL MIWA PRINT
Color,BLACK / TEAL PRINT
Color,BLACK / WHITE
Color,BLACK / WHITE A BSTRACT PRINT
Color,BLACK / WHITE ABSTRACT FLORAL PRINT
Color,BLACK / WHITE ABSTRACT PRINT
Color,BLACK / WHITE ABTSRACT PRINT
Color,BLACK / WHITE AKARI PRINT
Color,BLACK / WHITE ANIMAL PRINT
Color,BLACK / WHITE ANKARA PRINT
Color,BLACK / WHITE BATIK ABATRACT PRINT
Color,BLACK / WHITE BIANA PRINT
Color,BLACK / WHITE CAMO PRINT
Color,BLACK / WHITE CIRCULAR ABSTRACT PRINT
Color,BLACK / WHITE DAISY PRINT
Color,BLACK / WHITE ESNA PRINT
Color,BLACK / WHITE FLORAL PRINT
Color,BLACK / WHITE GEOMETRIC PRINT
Color,BLACK / WHITE HEART PRINT
Color,BLACK / WHITE HOUNDSTOOTH PRINT
Color,BLACK / WHITE IFI PRINT
Color,BLACK / WHITE KAMAI PRINT
Color,BLACK / WHITE LEAF PRINT
Color,BLACK / WHITE LEFI PRINT
Color,BLACK / WHITE LINEAR PRINT
Color,BLACK / WHITE LOLA PRINT
Color,BLACK / WHITE MAZE ABSTRACT PRINT
Color,BLACK / WHITE MENI PRINT
Color,BLACK / WHITE MESH
Color,BLACK / WHITE MISTARI DIAGONAL PRINT
Color,BLACK / WHITE MISTARI PRINT
Color,BLACK / WHITE MOON PRINT
Color,BLACK / WHITE NALE PRINT
Color,BLACK / WHITE NIMA PRINT
Color,BLACK / WHITE OFF-WHITE NEL PRINT
Color,BLACK / WHITE POLKA
Color,BLACK / WHITE POLKA DOT
Color,BLACK / WHITE POLKA DOT PRINT
Color,BLACK / WHITE POLKA PRINT
Color,BLACK / WHITE PRINT
Color,BLACK / WHITE ROSA PRINT
Color,BLACK / WHITE SPIRAL ABSTRACT PRINT
Color,BLACK / WHITE SPIRAL PRINT
Color,BLACK / WHITE STRIPE PRINT
Color,BLACK / WHITE STRIPES
Color,BLACK / WHITE STRIPES PRINT
Color,BLACK / WHITE TRIBAL PRINT
Color,BLACK / WHITE TROPICAL FLORAL PRINT
Color,BLACK / WHITE UKWI PRINT
Color,BLACK / WHITE UNA PRINT
Color,BLACK / WHITE V PRINT
Color,BLACK / WHITE YANA PRINT
Color,BLACK / WHITE ZEBRA PRINT
Color,BLACK / WHITE ZILLI PRINT
Color,BLACK / WHITE ZONDI PRINT
Color,BLACK / YELLOW
Color,BLACK / YELLOW ABSTRACT PRINT
Color,BLACK / YELLOW CHEETAH PRINT
Color,BLACK / YELLOW FALI PRINT
Color,BLACK / YELLOW FLORAL PRINT
Color,BLACK / YELLOW POLKA ANKARA
Color,BLACK / YELLOW POLKA DOT PRINT
Color,BLACK / YELLOW PRINT
Color,BLACK /MUSTARD PRINT
Color,BLACK ABSTRACT FLORAL PRINT
Color,BLACK ABSTRACT PRINT
Color,BLACK AKU PRINT
Color,BLACK AND GOLD
Color,BLACK ANKARA PRINT
Color,BLACK ARI PRINT
Color,BLACK BEAN PRINT
Color,BLACK BROWN SHADE A
Color,BLACK BROWN SHADE C
Color,BLACK CHECKED PRINT
Color,BLACK CHECKERED
Color,BLACK CHECKERED PRINT
Color,BLACK CIRCLE PRINT
Color,BLACK COSMIC PRINT
Color,BLACK DAMASK PRINT
Color,BLACK DICE PRINT
Color,BLACK FLORAL PRINT
Color,BLACK FLOWER PRINT
Color,BLACK FLOWERS PRINT
Color,BLACK GEO PRINT
Color,BLACK GEOMETRIC PRINT
Color,BLACK HILL TEXTURE
Color,BLACK LEAF PRINT
Color,BLACK MIMO PRINT
Color,BLACK MUSTARD PRINT
Color,BLACK NECTAR PRINT
Color,BLACK NYUA PRINT
Color,BLACK PELI PRINT
Color,BLACK PINK FLORAL PRINT
Color,BLACK PINSTRIPES
Color,BLACK PINSTRIPES PRINT
Color,BLACK PLAIN
Color,BLACK POLKA
Color,BLACK POLKA DOT
Color,BLACK POLKA DOT PRINT
Color,BLACK POLKA DOTS
Color,BLACK POLKA PRINT
Color,BLACK PRINT
Color,BLACK PRINT (SPECIAL OFFER)
Color,BLACK ROSE PRINT
Color,BLACK ROSES PRINT
Color,BLACK SNAKE PRINT
Color,BLACK SPOTS
Color,BLACK STRIPES
Color,BLACK STRIPES PRINT
Color,BLACK TEXTURED
Color,BLACK TEXTURED PRINT
Color,BLACK YELLOW PRINT
Color,BLACK YOYO
Color,BLACK ZOOM
Color,BLACK(SPECIAL OFFER)
Color,BLACK+DARK RED
Color,BLACK/ CREAM POLKA DOT PRINT
Color,BLACK/ GREEN PRINT
Color,BLACK/ ORANGE ABSTRACT PRINT
Color,BLACK/ RED ANKARA PRINT
Color,BLACK/ WHITE POLKA PRINT
Color,BLACK/BROWN PRINT
Color,BLACK/GREEN PRINT
Color,BLACK/HUNTERS
Color,BLACK/MAROON PRINT
Color,BLACK/PINK PRINT
Color,BLACK/PRINT 1
Color,BLACK/PRINT 2
Color,BLACK/RED FLORAL PRINT
Color,BLACK/TAUPE PRINT
Color,BLACK/WHITE
Color,BLACK/WHITE PRINT
Color,BLACK/WHITE SPIRAL PRINT
Color,BLACK/WHITE/RED PRINT
Color,BLUE
Color,BLUE & BLACK PRINT
Color,BLUE & YELLOW PRINT
Color,BLUE (SPECIAL OFFER)
Color,BLUE / BLACK
Color,BLUE / BLACK ABSTRACT PRINT
Color,BLUE / BLACK ANKARA PRINT
Color,BLUE / BLACK CAPI PRINT
Color,BLUE / BLACK CHALE PRINT
Color,BLUE / BLACK DASHI PRINT
Color,BLUE / BLACK GEOMETRIC PRINT
Color,BLUE / BLACK HOUNDSTOOTH PRINT
Color,BLUE / BLACK KASAI PRINT
Color,BLUE / BLACK MIWA PRINT
Color,BLUE / BLACK PAISELY PRINT
Color,BLUE / BLACK PRINT
Color,BLUE / BLACK SERA PRINT
Color,BLUE / BLACK SIFA PRINT
Color,BLUE / BLACK STRIPE PRINT
Color,BLUE / BLACK TANA PRINT
Color,BLUE / BLACK WENI PRINT
Color,BLUE / BLACK WERA PRINT
Color,BLUE / BLUE ANKARA PRINT
Color,BLUE / BROWN
Color,BLUE / BROWN ABSTRACT PRINT
Color,BLUE / BROWN ANIMAL PRINT
Color,BLUE / BROWN ANKARA PRINT
Color,BLUE / BROWN FLORAL PRINT
Color,BLUE / BROWN PRINT
Color,BLUE / BUTTERMILK PRINT
Color,BLUE / CREAM IMA PRINT
Color,BLUE / CREAM PRINT
Color,BLUE / GREEN ABSTRACT PRINT
Color,BLUE / GREEN AKILA PRINT
Color,BLUE / GREEN LEAF PRINT
Color,BLUE / GREEN PRINT
Color,BLUE / GREY ABSTRACT PRINT
Color,BLUE / GREY FLORAL PRINT
Color,BLUE / GREY PRINT
Color,BLUE / LIGHT GREEN
Color,BLUE / LIME GREEN ABSTRACT PRINT
Color,BLUE / LIME GREEN ANKARA
Color,BLUE / LIME GREEN ANKARA PRINT
Color,BLUE / MAROON FLORAL PRINT
Color,BLUE / MAROON PRINT
Color,BLUE / MAROON STAWI PRINT
Color,BLUE / MUSTARD ABSTRACT PRINT
Color,BLUE / MUSTARD ANKARA PRINT
Color,BLUE / MUSTARD LEAF PRINT
Color,BLUE / MUSTARD LIMO PRINT
Color,BLUE / NAVY
Color,BLUE / NAVY BLUE ABSTRACT PRINT
Color,BLUE / NAVY KIGALI PRINT
Color,BLUE / NAVY POLKA DOT PRINT
Color,BLUE / NAVY PRINT
Color,BLUE / OFF WHITE
Color,BLUE / OFF-WHITE HUA PRINT
Color,BLUE / ORANGE ABSTRACT PRINT
Color,BLUE / ORANGE ANIMAL PRINT
Color,BLUE / ORANGE ANKARA PRINT
Color,BLUE / ORANGE PRINT
Color,BLUE / PEACH ABSTRACT PRINT
Color,BLUE / PEACH FLORAL PRINT
Color,BLUE / PEACH PRINT
Color,BLUE / PINK
Color,BLUE / PINK ABSTRACT PRINT
Color,BLUE / PINK ANKARA PRINT
Color,BLUE / PINK AZIZI PRINT
Color,BLUE / PINK FLORAL PRINT
Color,BLUE / PINK PAISLEY PRINT
Color,BLUE / PINK PRINT
Color,BLUE / PINK SPLASH ABSTRACT PRINT
Color,BLUE / PURPLE ABSTRACT PRINT
Color,BLUE / PURPLE FLORAL PRINT
Color,BLUE / PURPLE OMBRE ANIMAL PRINT
Color,BLUE / PURPLE PRINT
Color,BLUE / PURPLE TIE & DYE PRINT
Color,BLUE / RED ABSTRACT PRINT
Color,BLUE / RED FLORAL PRINT
Color,BLUE / RED HEART PRINT
Color,BLUE / RED PRINT
Color,BLUE / RUST ABSTRACT PRINT
Color,BLUE / RUST FLORAL PRINT
Color,BLUE / RUST MULTICOLOR ABSTRACT PRINT
Color,BLUE / RUST PRINT
Color,BLUE / TAUPE DUNA PRINT
Color,BLUE / TAUPE FLORAL PRINT
Color,BLUE / TAUPE PRINT
Color,BLUE / TEAL PRINT
Color,BLUE / WHITE ABSTRACT PRINT
Color,BLUE / WHITE ANKARA PRINT
Color,BLUE / WHITE ERA PRINT
Color,BLUE / WHITE FLORAL PRINT
Color,BLUE / WHITE GEOMETRIC PRINT
Color,BLUE / WHITE PRINT
Color,BLUE / WHITE UNA PRINT
Color,BLUE / WHITE V PRINT
Color,BLUE / YELLOW ANIMAL PRINT
Color,BLUE / YELLOW ANKARA PRINT
Color,BLUE / YELLOW FLORAL PRINT
Color,BLUE / YELLOW PRINT
Color,BLUE / YELLOWPRINT
Color,BLUE ABSTRACT PRINT
Color,BLUE ANIMAL PRINT
Color,BLUE BATIK
Color,BLUE BERRY
Color,BLUE CAMO / BLUE
Color,BLUE CHALE PRINT
Color,BLUE DEBI PRINT
Color,BLUE FLANNEL / NAVY
Color,BLUE FLORA PRINT
Color,BLUE FLORAL PRINT
Color,BLUE GREEN SWIRL
Color,BLUE HEART PRINT
Color,BLUE LEAF PRINT
Color,BLUE MIDNIGHT CHEETAH PRINT
Color,BLUE MOSAIC PRINT
Color,BLUE MOTIF PRINT
Color,BLUE PLAID
Color,BLUE PRINT
Color,BLUE PRINT (SPECIAL OFFER)
Color,BLUE PRINT(SPECIAL OFFER)
Color,BLUE ROSE PRINT
Color,BLUE SPOT PRINT
Color,BLUE TD PRINT
Color,BLUE TIE & DYE PRINT
Color,BLUE TURQUOISE
Color,BLUE TURQUOISE / BLACK
Color,BLUE WAVY PRINT
Color,BLUE WHITE PRINT
Color,BLUE WIMBI PRINT
Color,BLUE ZEBRA PRINT
Color,BLUE-PRINT
Color,BLUE/BLACK PRINT
Color,BLUE/BLACK PRINT - 2
Color,BLUE/LIME GREEN ABSTRACT PRINT
Color,BLUE/WHITE ABSTRACT PRINT
Color,BLUE/WHITE PRINT
Color,BLUE/YELLOW PRINT
Color,BLUE/YELLOW PRINT - 1
Color,BLUEBERRY
Color,BLUEBERRY / WHITE PRINT
Color,BLUSH / BLACK BUSTANI PRINT
Color,BLUSH / BLACK LARGE POLKA PRINT
Color,BLUSH / BLACK METI PRINT
Color,BLUSH / BLACK POLKA PRINT
Color,BLUSH / BLACK PRINT
Color,BLUSH PINK
Color,BLUSH PINK / BLACK LALA PRINT
Color,BLUSH PINK / BLACK MEDA PRINT
Color,BLUSH PINK / BLACK METI PRINT
Color,BLUSH PINK / BLACK ZARI PRINT
Color,BLUSH PINK / WHITE IDU PRINT
Color,BLUSH PINK METI PRINT
Color,BLUSH PINK/ BLACK LALA PRINT
Color,BLUSH PINK/ BLACK METI PRINT
Color,BLUSH/BLACK TIRI PRINT
Color,BONE
Color,BOTANICAL GARDEN
Color,BOTANICAL GARDEN(HUNTER)
Color,BOTANICAL GARDEN[HUNTER]
Color,BRASS
Color,BRASS / RED
Color,BRIGHT GREEN
Color,BRIGHT PINK
Color,BRIGHT WHITE
Color,BRONZE
Color,BRONZING
Color,BROWN
Color,BROWN / ADILA PRINT
Color,BROWN / BEIGE PRINT
Color,BROWN / BEIGE SHIMA PRINT
Color,BROWN / BLACK
Color,BROWN / BLACK ABSTRACT PRINT
Color,BROWN / BLACK ANIMAL PRINT
Color,BROWN / BLACK CHUI PRINT
Color,BROWN / BLACK EZI PRINT
Color,BROWN / BLACK FAN PRINT
Color,BROWN / BLACK FLORAL PRINT
Color,BROWN / BLACK LUWE PRINT
Color,BROWN / BLACK MILO PRINT
Color,BROWN / BLACK MISTARI PRINT
Color,BROWN / BLACK PRINT
Color,BROWN / BLACK ROSE ABSTRACT PRINT
Color,BROWN / BLACK TULI PRINT
Color,BROWN / BLUE / BLACK PRINT
Color,BROWN / BLUE ABSTRACT PRINT
Color,BROWN / BLUE ANKARA PRINT
Color,BROWN / BLUE FLORAL PRINT
Color,BROWN / BLUE MULTICOLOUR ABSTRACT PRINT
Color,BROWN / BLUE NALE PRINT
Color,BROWN / BLUE PRINT
Color,BROWN / CHOCOLATE ELI PRINT
Color,BROWN / CHOCOLATE IYA PRINT
Color,BROWN / CHOCOLATE NOYA PRINT
Color,BROWN / CREAM POLKA DOT PRINT
Color,BROWN / CREAM PRINT
Color,BROWN / DARK GREEN PRINT
Color,BROWN / DARK MUSTARD PRINT
Color,BROWN / FLORAL PRINT
Color,BROWN / GREEN ABSTRACT PRINT
Color,BROWN / GREEN FLORAL PRINT
Color,BROWN / GREEN FOLLIAGE PRINT
Color,BROWN / GREEN PRINT
Color,BROWN / GREEN STAWI PRINT
Color,BROWN / GREY ABSTRACT
Color,BROWN / GREY PRINT
Color,BROWN / LIGHT BLUE GEOMETRIC PRINT
Color,BROWN / LIGHT TEAL FLORAL PRINT
Color,BROWN / LIME GREEN ABSTRACT PRINT
Color,BROWN / MUSTARD ABSTRACT PRINT
Color,BROWN / MUSTARD MEKI PRINT
Color,BROWN / MUSTARD PRINT
Color,BROWN / NAVY BLUE ANKARA PRINT
Color,BROWN / NAVY KIGALI PRINT
Color,BROWN / NAVY PRINT
Color,BROWN / NAVY SNAKE PRINT
Color,BROWN / OFF WHITE PRINT
Color,BROWN / OLIVE PRINT
Color,BROWN / ORANGE ABSTRACT PRINT
Color,BROWN / ORANGE FLORAL PRINT
Color,BROWN / ORANGE PRINT
Color,BROWN / PEACH PRINT
Color,BROWN / PINK ABSTRACT
Color,BROWN / PINK FLORAL PRINT
Color,BROWN / PINK PRINT
Color,BROWN / RED FLORAL PRINT
Color,BROWN / RED PRINT
Color,BROWN / RUST PRINT
Color,BROWN / TAUPE ABSTRACT PRINT
Color,BROWN / TAUPE PRINT
Color,BROWN / TAUPE SPIRAL ABSTRACT PRINT
Color,BROWN / WHITE ANIMAL PRINT
Color,BROWN / WHITE BEREK PRINT
Color,BROWN / WHITE FLORAL PRINT
Color,BROWN / WHITE GEOMETRIC PRINT
Color,BROWN / WHITE POLKA DOT PRINT
Color,BROWN / WHITE PRINT
Color,BROWN / WHITE YALA PRINT
Color,BROWN / YELLOW LIKA PRINT
Color,BROWN /OLIVE
Color,BROWN ABSTRACT PRINT
Color,BROWN ANIMAL PRINT
Color,BROWN CAMO
Color,BROWN CAMO PRINT
Color,BROWN CHEETAH PRINT
Color,BROWN DANDELION FLORAL
Color,BROWN DUNE PRINT
Color,BROWN ESI PRINT
Color,BROWN FLORA PRINT
Color,BROWN FLORAL PRINT
Color,BROWN GEOMETRIC PRINT
Color,BROWN KOTO PRINT
Color,BROWN LEAF PRINT
Color,BROWN LEOPARD
Color,BROWN LEOPARD PRINT
Color,BROWN MOTIF PRINT
Color,BROWN PAISLY PRINT
Color,BROWN POLKA DOTS
Color,BROWN PRINT
Color,BROWN SNAKE PRINT
Color,BROWN STRIPES
Color,BROWN TIGER PRINT
Color,BROWN WAVY PRINT
Color,BROWN YALA PRINT
Color,BROWN-PRINT
Color,BROWN/ GREY FLORAL PRINT
Color,BROWN/ PINK DUA PRINT
Color,BROWN/BLACK ANIMAL PRINT
Color,BROWN/BLACK PRINT
Color,BROWN/GREY FLORAL PRINT
Color,BROWN/WHITE ABSTRACT PRINT
Color,BUKAVU
Color,BUKAVU PRINT
Color,BURGANDY
Color,BURGUNDY
Color,BURGUNDY / BLACK
Color,BURGUNDY / BLACK ABSTRACT
Color,BURGUNDY / BLACK ABSTRACT PRINT
Color,BURGUNDY / BLACK ANIMAL PRINT
Color,BURGUNDY / BLACK PRINT
Color,BURGUNDY / BLUE ABSTRACT PRINT
Color,BURGUNDY / BLUE FLORAL PRINT
Color,BURGUNDY / BLUE PRINT
Color,BURGUNDY / BROWN AKILA PRINT
Color,BURGUNDY / BROWN FLORAL PRINT
Color,BURGUNDY / CREAM ANIMAL PRINT
Color,BURGUNDY / CREAM PRINT
Color,BURGUNDY / DUSTY PINK ALMASI PRINT
Color,BURGUNDY / DUSTY PINK NURU PRINT
Color,BURGUNDY / HUNTERS BEMBA PRINT
Color,BURGUNDY / LIME PRINT
Color,BURGUNDY / MUSTARD IKAT ABSTRACT PRINT
Color,BURGUNDY / ORANGE KASI PRINT
Color,BURGUNDY / PEACH PRINT
Color,BURGUNDY / PEACH SANI PRINT
Color,BURGUNDY / PINK ABSTRACT PRINT
Color,BURGUNDY / PINK ZADE PRINT
Color,BURGUNDY / RUST BEREK PRINT
Color,BURGUNDY / RUST URI PRINT
Color,BURGUNDY / TAN PRINT
Color,BURGUNDY / TAUPE ABSTRACT PRINT
Color,BURGUNDY / TAUPE FLORAL PRINT
Color,BURGUNDY / TAUPE MIWA PRINT
Color,BURGUNDY / WHITE ABSTRACT
Color,BURGUNDY / WHITE YALA PRINT
Color,BURGUNDY / YELLOW SHIRA PRINT
Color,BURGUNDY ABSTRACT PRINT
Color,BURGUNDY ANIMAL PRINT
Color,BURGUNDY CHEETAH PRINT
Color,BURGUNDY FLORAL PRINT
Color,BURGUNDY NYUA PRINT
Color,BURGUNDY PAINT SPLASH PRINT
Color,BURGUNDY PELI PRINT
Color,BURGUNDY PRINT
Color,BURGUNDY YALA PRINT
Color,BURGUNDY/ TEAL SHIBORI PRINT
Color,BURGUNDY/PINK MOLO PRINT
Color,BURGUNDY/WHITE ABSTRACT PRINT
Color,BURNT ORANGE
Color,BURNT ORANGE / BLACK SAMBA PRINT
Color,BURNT ORANGE SNAKE PRINT
Color,BURNT SIENNA / BLACK ANKARA PRINT
Color,BURUGNDY
Color,BUTTER MILK TIGER PRINT
Color,BUTTERMILK
Color,BUTTERMILK / BLACK LEA PRINT
Color,BUTTERMILK / BLACK PRINT
Color,BUTTERMILK / BLUE UA PRINT
Color,BUTTERMILK / CHOCOLATE EMIN PRINT
Color,BUTTERMILK / CHOCOLATE NITAI PRINT
Color,BUTTERMILK / GREEN FLORAL PRINT
Color,BUTTERMILK / GREEN PALM PRINT
Color,BUTTERMILK / GREEN PIKO PRINT
Color,BUTTERMILK / GREEN PRINT
Color,BUTTERMILK / GREY PRINT
Color,BUTTERMILK / HUNTERS NASI PRINT
Color,BUTTERMILK / MINT GREEN FLORAL PRINT
Color,BUTTERMILK / MUSTARD RUVU PRINT
Color,BUTTERMILK / NAVY BLUE PRINT
Color,BUTTERMILK / NAVY DASHEN PRINT
Color,BUTTERMILK / NAVY PRINT
Color,BUTTERMILK / PINK PRINT
Color,BUTTERMILK / RED ARISI PRINT
Color,BUTTERMILK / RUST LOURA PRINT
Color,BUTTERMILK / RUST PRINT
Color,BUTTERMILK BREAKAGE PRINT
Color,BUTTERMILK FLORAL PRINT
Color,BUTTERMILK PRINT
Color,BUTTERMILK WINGU PRINT
Color,BUTTERMILK/ BLUE UA PRINT
Color,CAMEL
Color,CAMEL BROWN
Color,CAMO BROWN
Color,CAMO GREEN
Color,CAMOUFLAGE HUNTERS
Color,CANDY PRINT
Color,CAPUCCINO
Color,CAPUCCINO / CHOCOLATE PRINT
Color,CARAMEL
Color,CARAMEL / OFF-WHITE PEPEO PRINT
Color,CARMEL / BLACK HESI PRINT
Color,CARMINE
Color,CASABLANCA
Color,CHAIN PRINT
Color,CHAMPAGNE
Color,CHAMPANGE / BLACK HINI PRINT
Color,CHARCOAL
Color,CHARCOAL GREY
Color,CHARI PRINT
Color,CHEETAH PRINT
Color,CHELI PRINT
Color,CHERRY
Color,CHERRY / DARK MIX GREY UKWI PRINT
Color,CHERRY BLOSSOM PRINT
Color,CHEST NUT
Color,CHOCHOLATE BROWN
Color,CHOCOCLATE / BROWN ABSTRACT PRINT
Color,CHOCOLATE
Color,CHOCOLATE / BLACK ABSTRACT PRINT
Color,CHOCOLATE / CREAM FALO PRINT
Color,CHOCOLATE / CREAM PRINT
Color,CHOCOLATE / GREEN ANKARA PRINT
Color,CHOCOLATE / GREEN GEOMETRIC PRINT
Color,CHOCOLATE / LIGHT TAUPE
Color,CHOCOLATE / MUSTARD SAMBA PRINT
Color,CHOCOLATE / NAVY BLUE FLORAL PRINT
Color,CHOCOLATE / ORANGE
Color,CHOCOLATE / ORANGE SAMBA PRINT
Color,CHOCOLATE / ORANGE UKWI PRINT
Color,CHOCOLATE / RUST ABSTRACT PRINT
Color,CHOCOLATE / RUST PASI PRINT
Color,CHOCOLATE / RUST YANA PRINT
Color,CHOCOLATE / TAN
Color,CHOCOLATE / WHITE ABSTRACT PRINT
Color,CHOCOLATE / WHITE PRINT
Color,CHOCOLATE / WHITE UNA PRINT
Color,CHOCOLATE BROWN
Color,CHOCOLATE BROWN / ORANGE UKWI PRINT
Color,CHOCOLATE BROWN / TANGERINE
Color,CHOCOLATE BROWN / TANGERINE PEPEO PRINT
Color,CHOCOLATE BROWN / TAUPE PRINT
Color,CHOCOLATE BROWN / WHITE
Color,CHOCOLATE BROWN FLORAL PRINT
Color,CHOCOLATE BROWN PRINT
Color,CHOCOLATE FLORAL PRINT
Color,CHOCOLATE PRINT
Color,CHOCOLATE TEXTURED
Color,CHOCOLATE TIGER PRINT
Color,CHUI
Color,CHUI PRINT
Color,CLOUD GREY
Color,COAL
Color,COBALT / ORANGE CAPI PRINT
Color,COBALT BLUE
Color,CODE BLUE
Color,COFFEE BROWN
Color,COPPER
Color,COPPER BROWN
Color,CORAL
Color,CORAL (BLUE / MAROON PRINT BELT)
Color,CORAL (BLUE / PINK PRINT BELT)
Color,CORAL (NAVY / YELLOW PRINT BELT)
Color,CORAL (NAVY BLUE / BROWN PRINT BELT)
Color,CORAL / BLACK ABSTRACT PRINT
Color,CORAL / BLACK SERA PRINT
Color,CORAL / BLACK WERA PRINT
Color,CORAL / GREEN ESTI PRINT
Color,CORAL / GREY
Color,CORAL / GREY SAMBA PRINT
Color,CORAL / LIGHT BLUE LUPA PRINT
Color,CORAL / NAVY ZIZA PRINT
Color,CORAL / WHITE FLORAL PRINT
Color,CORAL HAZE
Color,CORAL LEAF PRINT
Color,CORAL POLKA DOT PRINT
Color,CORAL RED
Color,CORN YELLOW
Color,CREAM
Color,CREAM / BEIGE PRINT
Color,CREAM / BLACK BUGENDO PRINT
Color,CREAM / BLACK ELI PRINT
Color,CREAM / BLACK GEOMETRIC PRINT
Color,CREAM / BLACK IRA PRINT
Color,CREAM / BLACK METI PRINT
Color,CREAM / BLACK PRINT
Color,CREAM / BLACK RUMI PRINT
Color,CREAM / BLACK SADIA PRINT
Color,CREAM / BLUE PRINT
Color,CREAM / BROWN
Color,CREAM / BROWN ABSTRACT PRINT
Color,CREAM / BROWN ANKARA PRINT
Color,CREAM / BROWN HEART PRINT
Color,CREAM / BROWN LIWI PRINT
Color,CREAM / BROWN MISTARI PRINT
Color,CREAM / BROWN PONI PRINT
Color,CREAM / BROWN PRINT
Color,CREAM / BURGUNDY ELI PRINT
Color,CREAM / BURGUNDY RUMI PRINT
Color,CREAM / CHOCOLATE DORET PRINT
Color,CREAM / CHOCOLATE LEA PRINT
Color,CREAM / CHOCOLATE YANA PRINT
Color,CREAM / DARK GREEN MTELO PRINT
Color,CREAM / DARK GREEN PRINT
Color,CREAM / GOLD LEA PRINT
Color,CREAM / GOLD UWA PRINT
Color,CREAM / GRAY AZE PRINT
Color,CREAM / GREEN
Color,CREAM / GREEN FLORAL PRINT
Color,CREAM / GREEN PRINT
Color,CREAM / GREEN SIKA PRINT
Color,CREAM / GREEN SINKA PRINT
Color,CREAM / HUNTERS LENA PRINT
Color,CREAM / HUNTERS LIWI PRINT
Color,CREAM / HUNTERS MILO PRINT
Color,CREAM / HUNTERS PRINT
Color,CREAM / LIGHT GREEN PRINT
Color,CREAM / LILAC LORA PRINT
Color,CREAM / MAROON
Color,CREAM / MAROON PRINT
Color,CREAM / MUSTARD AVI PRINT
Color,CREAM / NAVY ABSTRACT PRINT
Color,CREAM / NAVY BLUE
Color,CREAM / NAVY LENA PRINT
Color,CREAM / NAVY PRINT
Color,CREAM / NAVY RUMI PRINT
Color,CREAM / NAVY SIKA PRINT
Color,CREAM / NAVY SINKA PRINT
Color,CREAM / OLIVE PRINT
Color,CREAM / ORANGE ALIA PRINT
Color,CREAM / ORANGE HAZA PRINT
Color,CREAM / ORANGE PRINT
Color,CREAM / PINK LENO PRINT
Color,CREAM / PINK PRINT
Color,CREAM / PURPLE
Color,CREAM / PURPLE PRINT
Color,CREAM / RED PRINT
Color,CREAM / RED TIWI PRINT
Color,CREAM / ROSE PURPLE CHALA PRINT
Color,CREAM / RUST BIA PRINT
Color,CREAM / RUST PRINT
Color,CREAM / RUST RUMI PRINT
Color,CREAM / TAN PRINT
Color,CREAM / TAUPE LEA PRINT
Color,CREAM / TEAL POLKA PRINT
Color,CREAM / TEAL SPIRAL PRINT
Color,CREAM / WHITE PRINT
Color,CREAM ABSTRACT PRINT
Color,CREAM ANIMAL PRINT
Color,CREAM BIRD PRINT
Color,CREAM FLORAL PRINT
Color,CREAM JAZAH PRINT
Color,CREAM NAMDI PRINT
Color,CREAM PINGU PRINT
Color,CREAM PRINT
Color,CREAM WINGU PRINT
Color,CREAM/ PURPLE CHALA PRINT
Color,CREAM/BLACK BADI PRINT
Color,CREAM/LIGHT BLUE PRINT
Color,CS 1
Color,CS 2
Color,CYPRESS
Color,DAFI PRINT
Color,DAFU
Color,DAFU PRINT
Color,DAHLIA
Color,DAK NAVY
Color,DARK AMBER
Color,DARK BERRY
Color,DARK BLUE
Color,DARK BLUE WASH
Color,DARK BROWN
Color,DARK BROWN / BLUE ABSTRACT PRINT
Color,DARK BROWN / GREEN PRINT
Color,DARK BROWN / LIGHT MUSTARD NITA PRINT
Color,DARK BROWN / LIGHT YELLOW NITA PRINT
Color,DARK BROWN / TEAL FLORAL PRINT
Color,DARK BROWN / WHITE OMARA PRINT
Color,DARK BROWN /TAUPE ABSTRACT PRINT
Color,DARK BROWN ANIMAL PRINT
Color,DARK BROWN FLORAL
Color,DARK BROWN KOKO
Color,DARK BROWN TEXTURED
Color,DARK BURGUNDY
Color,DARK CHOCOLATE
Color,DARK GEEN FLORAL PRINT
Color,DARK GREEN
Color,DARK GREEN / BLACK PRINT
Color,DARK GREEN / BLUE PRINT
Color,DARK GREEN / BROWN GEOMETRIC PRINT
Color,DARK GREEN / BROWN PRINT
Color,DARK GREEN / CREAM PRINT
Color,DARK GREEN / GREEN FLORAL PRINT
Color,DARK GREEN / HUNTERS PRINT
Color,DARK GREEN / LIME GREEN PRINT
Color,DARK GREEN / MUSTARD STRIPES PRINT
Color,DARK GREEN / ORANGE ABSTRACT PRINT
Color,DARK GREEN / ORANGE MBALE PRINT
Color,DARK GREEN / PINK PRINT
Color,DARK GREEN / PURPLE PRINT
Color,DARK GREEN / PURPLE TIE & DYE PRINT
Color,DARK GREEN / RED PRINT
Color,DARK GREEN / TAN PRINT
Color,DARK GREEN / WHITE GEOMETRIC PRINT
Color,DARK GREEN / YELLOW PRINT
Color,DARK GREEN /PINK ABSTRACT PRINT
Color,DARK GREEN ABSTRACT PRINT
Color,DARK GREEN ANIMAL PRINT
Color,DARK GREEN FLORAL PRINT
Color,DARK GREEN GEOMETRIC PRINT
Color,DARK GREEN KIKI PRINT
Color,DARK GREEN LEAF PRINT
Color,DARK GREEN PRINT
Color,"DARK GREEN PRINT, BLACK-WHITE PRINT"
Color,DARK GREEN/ MUSTARD
Color,DARK GREY
Color,DARK GREY (SPECIAL OFFER)
Color,DARK GREY / WHITE MOSA PRINT
Color,DARK GREY CHECKERED
Color,DARK HUNTERS
Color,DARK KHAKI
Color,DARK MAGENTA
Color,DARK MAROON
Color,DARK MAROON KOI PRINT
Color,DARK MINT GREEN
Color,DARK MUSTAD PRINT
Color,DARK MUSTARD
Color,DARK MUSTARD (COTTON)
Color,DARK MUSTARD / BLACK AMELI PRINT
Color,DARK MUSTARD / BLACK DASHEN PRINT
Color,DARK MUSTARD / BLACK FLORAL PRINT
Color,DARK MUSTARD / BLACK MANDA PRINT
Color,DARK MUSTARD / BLACK NASI PRINT
Color,DARK MUSTARD / BLACK PRINT
Color,DARK MUSTARD / BLACK SINKA PRINT
Color,DARK MUSTARD / BLACK WENI PRINT
Color,DARK MUSTARD / NAVY BLUE ANKARA PRINT
Color,DARK MUSTARD / PEACH
Color,DARK MUSTARD / PEACH PRINT
Color,DARK MUSTARD ANIMAL PRINT
Color,DARK MUSTARD DASHEN PRINT
Color,DARK NAVY
Color,DARK NAVY / CREAM
Color,DARK NAVY / CREAM SAMARA PRINT
Color,DARK NAVY / GOLD PRINT
Color,DARK NAVY / GREY LALO PRINT
Color,DARK NAVY / MUSTARD PRINT
Color,DARK NAVY / PEACH PRINT
Color,DARK NAVY / TAN PRINT
Color,DARK NAVY / YELLOW PASI PRINT
Color,DARK NAVY / YELLOW PRINT
Color,DARK NAVY /YELLOW ABER PRINT
Color,DARK NAVY ANKARA PRINT
Color,DARK NAVY ASILI PRINT
Color,DARK NAVY BLUE
Color,DARK OLIVE
Color,DARK OLIVE GREEN
Color,DARK ORANGE
Color,DARK ORANGE / BLACK MOHI PRINT
Color,DARK ORANGE / BLACK SINKA PRINT
Color,DARK ORANGE / BROWN NOLA PRINT
Color,DARK ORANGE / GREEN EMI PRINT
Color,DARK PINK
Color,DARK PINK / BLACK HESI PRINT
Color,DARK PINK ABSTRACT PRINT
Color,DARK PINK FLORAL PRINT
Color,DARK PINK KOTO PRINT
Color,DARK PURPLE
Color,DARK RED
Color,DARK RED / BLACK EWALE PRINT
Color,DARK RED / BLACK GEOMETRIC PRINT
Color,DARK RED / BLACK TULU PRINT
Color,DARK RED / BROWN ABSTRACT PRINT
Color,DARK RED / BROWN FLORAL PRINT
Color,DARK RED / GREEN FLORAL PRINT
Color,DARK RED / GREY PEPEO PRINT
Color,DARK RED / RED ABSTRACT PRINT
Color,DARK RED ABSTRACT PRINT
Color,DARK RED PRINT
Color,DARK RED+BLACK
Color,DARK RUST
Color,DARK RUST / BLACK LIA PRINT
Color,DARK RUST / BLACK ZIA PRINT
Color,DARK SAGE
Color,DARK SAGE / IVORY
Color,DARK TAN
Color,DARK TAN / LIME PRINT
Color,DARK TAN / WHITE LUPA PRINT
Color,DARK TAN / WHITE NISA PRINT
Color,DARK TAUPE
Color,DARK TAUPE / BLACK
Color,DARK TAUPE / BLACK ILA PRINT
Color,DARK TAUPE / NAVY LEA PRINT
Color,DARK TAUPE / NAVY SIRI PRINT
Color,DARK TEAL
Color,DARK TEAL / CREAM POLKA
Color,DARK TEAL / HUNTERS GREEN FLORAL PRINT
Color,DARK TEAL / MUSTARD PRINT
Color,DARK TEAL / TAUPE ABSTRACT PRINT
Color,DARK TEAL / TAWI
Color,DARK TEAL / WHITE MAI PRINT
Color,DARK TEAL /MUSTARD PRINT
Color,DARK TEAL/BROWN ANIMAL PRINT
Color,DARK TURQUOISE
Color,DARK YELLOW
Color,DARK-GREEN
Color,DAWN
Color,DEEP BLUE
Color,DEEP MAUVE
Color,DEEP PURPLE / BLACK MAZE ABSTRACT PRINT
Color,DEEP PURPLE / BLACK SPIRAL ABSTRACT PRINT
Color,DEEP TEAL
Color,DEFAULT TITLE
Color,DENIM
Color,DENIM BLUE
Color,DENIM STRIPES
Color,DENIM STRIPPED
Color,DOA
Color,DOA PRINT
Color,DRAFT
Color,DRY ROSE
Color,DUARA
Color,DUARA PRINT
Color,DUST GREY
Color,DUSTY BLUE
Color,DUSTY GREEN
Color,DUSTY GREEN / PURPLE SINKA PRINT
Color,DUSTY GREY
Color,DUSTY OLIVE
Color,DUSTY PINK
Color,DUSTY PINK / BLACK ABSTRACT PRINT
Color,DUSTY PINK / BLACK CLOVER PRINT
Color,DUSTY PINK / BLACK DASHEN PRINT
Color,DUSTY PINK / BLACK LALA PRINT
Color,DUSTY PINK / BLACK METI PRINT
Color,DUSTY PINK / BLACK PRINT
Color,DUSTY PINK / NAVY TAMRA PRINT
Color,DUSTY PINK / NAVY URI PRINT
Color,DUSTY PINK / NAVY URU PRINT
Color,DUSTY PINK / OFF WHITE FLORAL PRINT
Color,DUSTY PINK / OFF WHITE PRINT
Color,DUSTY PINK / PURPLE NURU PRINT
Color,DUSTY PINK / TANA
Color,DUSTY PINK PRINT
Color,EARTHY BROWN / RED PRINT
Color,EBONY
Color,EDEN GREEN SWIRL
Color,EGG PLANT
Color,EGGPLANT
Color,EGGPLANT / LIGHT TAUPE UKWI PRINT
Color,EGGPLANT / PINK LALO PRINT
Color,ELFIN YELLOW
Color,EMERALD
Color,EMERALD GREEN / YELLOW ABSTRACT PRINT
Color,EYASI
Color,FANDANGO PINK
Color,FATIGUE GREEN
Color,FEATHER POLKA
Color,FIROSI KIKOY PRINT
Color,FIROZI
Color,FLAMINGO PRINT
Color,FLEECE FABRIC 19082024
Color,FLORAL BLUE
Color,FLORAL PRINT
Color,FOREST GREEN
Color,FOWN KOKO PRINT
Color,FROST
Color,FS 1
Color,FS 2
Color,FS 3
Color,FS 4
Color,FS 5
Color,FS 6
Color,FS 7
Color,FS 8
Color,FS 9
Color,FS1
Color,FS4
Color,FUCHSIA
Color,FUSCHIA
Color,FUSCHIA / BLACK
Color,FUSCHIA / BLACK ARISI PRINT
Color,FUSCHIA / GREEN IYA PINT
Color,FUSCHIA / GREEN IYA PRINT
Color,FUSCHIA / LIGHT NAVY
Color,FUSCHIA / LIGHT NAVY BLUE
Color,FUSCHIA / NAVY BUSTANI PRINT
Color,FUSCHIA / NAVY ETA PRINT
Color,FUSCHIA / NAVY IYA PRINT
Color,FUSCHIA / NAVY KARI PRINT
Color,FUSCHIA / ORANGE ABSTRACT PRINT
Color,FUSCHIA / ORANGE GEOMETRIC PRINT
Color,FUSCHIA CUBIC PRINT
Color,FUSCHIA PINK
Color,FUSCHIA PRINT
Color,FUSHCIA
Color,FUSHIA / GREEN IYA PRINT
Color,GEOMETRIC / RAINBOW PRINT
Color,GOLD
Color,GOLD (SHADE 2)
Color,GOLD (SHADE 3)
Color,GOLD (SIZE 3)
Color,GOLD (SIZE 5)
Color,GOLD (SIZE 6)
Color,GOLD (SIZE 7)
Color,GOLD (SIZE 8)
Color,GOLD (SIZE 9)
Color,GOLD / BLACK
Color,GOLD / BLACK ABSTRACT PRINT
Color,GOLD / BLACK KASAI PRINT
Color,GOLD / BLACK KOTO PRINT
Color,GOLD / BLUE FLORAL PRINT
Color,GOLD / CREAM ABSTRACT
Color,GOLD / NATURAL
Color,GOLD / NAVY BLUE
Color,GOLD / SILVER(SIZE 8)
Color,GOLD / WHITE TROPICAL FLORAL PRINT
Color,GOLD / YELLOW
Color,GOLD ANIMAL PRINT
Color,GOLD BLACK
Color,GOLD BLUE
Color,GOLD COBALT BLUE
Color,GOLD FLORAL PRINT
Color,GOLD FUSION
Color,GOLD GREEN
Color,GOLD KASAI PRINT
Color,GOLD KIKI PRINT
Color,GOLD KOTO PRINT
Color,GOLD LEAF PRINT
Color,GOLD MOTIF PRINT
Color,GOLD PLATED
Color,GOLD PLATED (SIZE 7)
Color,GOLD PLATED (SIZE 8)
Color,GOLD PLATED (SIZE 9)
Color,GOLD PRINT
Color,GOLD RED
Color,GOLD WHITE
Color,GOLD/BLACK
Color,GOLDEN NUT / BLACK MILO PRINT
Color,GRAY
Color,GREEN
Color,GREEN & BLUE PRINT
Color,GREEN & BROWN PRINT
Color,GREEN (SPECIAL OFFER)
Color,GREEN / BEIGE SHIMA PRINT
Color,GREEN / BLACK ABSTRACT PRINT
Color,GREEN / BLACK ADIA PRINT
Color,GREEN / BLACK ANIMAL PRINT
Color,GREEN / BLACK BIYA PRINT
Color,GREEN / BLACK CIRCLES PRINT
Color,GREEN / BLACK FLORAL PRINT
Color,GREEN / BLACK GEOMETRIC PRINT
Color,GREEN / BLACK IKAT ABSTRACT PRINT
Color,GREEN / BLACK LEAF PRINT
Color,GREEN / BLACK MISTARI PRINT
Color,GREEN / BLACK NITAI PRINT
Color,GREEN / BLACK PAISELY PRINT
Color,GREEN / BLACK PRINT
Color,GREEN / BLACK RIKA PRINT
Color,GREEN / BLACK SPIRAL PRINT
Color,GREEN / BLUE ABSTRACT PRINT
Color,GREEN / BLUE ANKARA PRINT
Color,GREEN / BLUE ASAKA PRINT
Color,GREEN / BLUE NALE PRINT
Color,GREEN / BLUE PRINT
Color,GREEN / BLUE PRINT + BLUE
Color,GREEN / BLUE PRINT + WHITE
Color,GREEN / BROWN ABSTRACT PRINT
Color,GREEN / BROWN ANKARA PRINT
Color,GREEN / BROWN FLORAL PRINT
Color,GREEN / BROWN GEOMETRIC PRINT
Color,GREEN / BROWN PRINT
Color,GREEN / BURGUNDY ABSTRACT PRINT
Color,GREEN / BURGUNDY PRINT
Color,GREEN / BUTTERMILK PRINT
Color,GREEN / CREAM GEOMETRIC PRINT
Color,GREEN / CREAM PRINT
Color,GREEN / CREAM STRIPES
Color,GREEN / DARK BROWN PRINT
Color,GREEN / GREY FLORAL PRINT
Color,GREEN / GREY HOUNDSTOOTH PRINT
Color,GREEN / GREY PRINT
Color,GREEN / GREY TAL PRINT
Color,GREEN / LIGHT BLUE PRINT
Color,GREEN / LIGHT YELLOW FLORAL
Color,GREEN / MAROON
Color,GREEN / MAROON FLORAL PRINT
Color,GREEN / MINT FLOHIBI PRINT
Color,GREEN / MUSTARD ABSTRACT PRINT
Color,GREEN / MUSTARD EBA PRINT
Color,GREEN / MUSTARD LALO PRINT
Color,GREEN / MUSTARD MANLA PRINT
Color,GREEN / MUSTARD PRINT
Color,GREEN / MUSTARD RUBI PRINT
Color,GREEN / NAVY BIYA PRINT
Color,GREEN / NAVY BLUE ABSTRACT
Color,GREEN / NAVY BLUE FLORAL PRINT
Color,GREEN / NAVY BLUE SIRI PRINT
Color,GREEN / NAVY DEKA PRINT
Color,GREEN / NAVY MTENDE ABSTRACT PRINT
Color,GREEN / NAVY PRINT
Color,GREEN / OFF WHITE
Color,GREEN / OFF WHITE ZURI ABSTRACT PRINT
Color,GREEN / ORANGE ANKARA PRINT
Color,GREEN / ORANGE FLOHIBI PRINT
Color,GREEN / ORANGE FLORAL PRINT
Color,GREEN / ORANGE PRINT
Color,GREEN / ORANGE RAFA PRINT
Color,GREEN / PEACH ABSTRACT PRINT
Color,GREEN / PEACH PRINT
Color,GREEN / PEACH ZANI PRINT
Color,GREEN / PINK ABSTRACT PRINT
Color,GREEN / PINK FLORAL PRINT
Color,GREEN / PINK IYA PRINT
Color,GREEN / PINK IZZA PRINT
Color,GREEN / PINK PRINT
Color,GREEN / PURPLE ABSTRACT PRINT
Color,GREEN / PURPLE CLOVER PRINT
Color,GREEN / PURPLE LEAF PRINT
Color,GREEN / RED FLORAL PRINT
Color,GREEN / RED PRINT
Color,GREEN / RUST ABSTARCT PRINT
Color,GREEN / RUST PRINT
Color,GREEN / TAFO PRINT
Color,GREEN / TAUPE FLORAL PRINT
Color,GREEN / TAUPE LEAF PRINT
Color,GREEN / TEAL LEMI PRINT
Color,GREEN / WHITE
Color,GREEN / WHITE ABSTRACT PRINT
Color,GREEN / WHITE FLORAL
Color,GREEN / WHITE FLORAL PRINT
Color,GREEN / WHITE GEOMERTIC PRINT
Color,GREEN / WHITE GEOMETRIC PRINT
Color,GREEN / WHITE IFI PRINT
Color,GREEN / WHITE LEAF PRINT
Color,GREEN / WHITE OKEN PRINT
Color,GREEN / WHITE POLKA
Color,GREEN / WHITE POLKA PRINT
Color,GREEN / WHITE PRINT
Color,GREEN / WHITE ZAZI PRINT
Color,GREEN / YELLOW
Color,GREEN / YELLOW ABSTRACT PRINT
Color,GREEN / YELLOW FLORAL PRINT
Color,GREEN / YELLOW GEOMETRIC PRINT
Color,GREEN / YELLOW IYA PRINT / NAVY
Color,GREEN / YELLOW PRINT
Color,GREEN /CREAM PRINT
Color,GREEN ABSTRACT
Color,GREEN ABSTRACT PRINT
Color,GREEN ANIMAL PRINT
Color,GREEN CAMO
Color,GREEN CAMO / GREEN
Color,GREEN CAMO PRINT
Color,GREEN CHEETAH PRINT
Color,GREEN CLOVER PRINT
Color,GREEN FLORAL PRINT
Color,GREEN HIBI PRINT
Color,GREEN KOTO PRINT
Color,GREEN LEAF PRINT
Color,GREEN LEOPARD PRINT
Color,GREEN MOSAIC PRINT
Color,GREEN PAINT SPLASH PRINT
Color,GREEN PETALS PRINT
Color,GREEN PRINT
Color,GREEN PRINT (SPECIAL OFFER)
Color,GREEN STRIPES
Color,GREEN TIE & DYE PRINT
Color,GREEN-BLACK
Color,GREEN/BLACK ABSTRACT PRINT
Color,GREEN/BLACK FLORAL PRINT
Color,GREEN/BLACK PRINT
Color,GREEN/YELLOW PRINT
Color,GREY
Color,GREY (SPECIAL OFFER)
Color,GREY / BEIGE PRINT
Color,GREY / BLACK ABSTRACT PRINT
Color,GREY / BLACK ALA PRINT
Color,GREY / BLACK ANIMAL PRINT
Color,GREY / BLACK CLOVER PRINT
Color,GREY / BLACK DITI PRINT
Color,GREY / BLACK EZI PRINT
Color,GREY / BLACK GEOMETRIC PRINT
Color,GREY / BLACK JILO PRINT
Color,GREY / BLACK KELE PRINT
Color,GREY / BLACK PRINT
Color,GREY / BLACK TAMRA PRINT
Color,GREY / BLUE TILLA PRINT
Color,GREY / BROWN PRINT
Color,GREY / BROWN UNA PRINT
Color,GREY / BURGUNDY FLORAL PRINT
Color,GREY / GREEN PRINT
Color,GREY / GREY PRINT
Color,GREY / LIME GREEN ABSTRACT PRINT
Color,GREY / MAROON FLORAL PRINT
Color,GREY / MAROON PRINT
Color,GREY / MUSTARD ABSTRACT PRINT
Color,GREY / MUSTARD FLORAL PRINT
Color,GREY / NAVY ABSTRACT PRINT
Color,GREY / NAVY BLUE ABSTRACT PRINT
Color,GREY / NAVY BLUE FLORAL
Color,GREY / NAVY BLUE FLORAL PRINT
Color,GREY / NAVY NINA PRINT
Color,GREY / NAVY URU PRINT
Color,GREY / OFF WHITE PRINT
Color,GREY / OFFWHITE PRINT
Color,GREY / OLIVE PRINT
Color,GREY / ORANGE HALI PRINT
Color,GREY / PINK FANI PRINT
Color,GREY / PINK FLORAL PRINT
Color,GREY / PINK PRINT
Color,GREY / PRINT 2
Color,GREY / PURPLE FLORAL PRINT
Color,GREY / PURPLE LIFI PRINT
Color,GREY / PURPLE PRINT
Color,GREY / PURPLE TUNU PRINT
Color,GREY / PURPLE ZARI PRINT
Color,GREY / RED
Color,GREY / RED BALI PRINT
Color,GREY / RED PRINT
Color,GREY / ROYAL BLUE LEAF PRINT
Color,GREY / RUST PRINT
Color,GREY / TAUPE AMAI PRINT
Color,GREY / TAUPE EMI PRINT
Color,GREY / TAUPE FLORAL PRINT
Color,GREY / WHITE KODO PRINT
Color,GREY / WHITE LEAF PRINT
Color,GREY / WHITE PRINT
Color,GREY ANIMAL PRINT
Color,GREY BLUE
Color,GREY CAMO PRINT
Color,GREY CHEETAH PRINT
Color,GREY CIRCLES
Color,GREY FILA PRINT
Color,GREY FLORAL PRINT
Color,GREY KOTO PRINT
Color,GREY LEAF CRACK PRINT
Color,GREY LEAF PRINT
Color,GREY LEOPARD
Color,GREY MURAL PRINT
Color,GREY PINGU PRINT
Color,GREY PRINT
Color,GREY SHADES PRINT
Color,GREY STRIPPED
Color,GREY TIE & DYE PRINT
Color,GREY TIGER PRINT
Color,GREY(SPECIAL OFFER)
Color,GREY-BLACK
Color,GREY/ NEBA PRINT
Color,GREY/BLACK ABSTRACT PRINT
Color,GREY/BLACK ANIMAL PRINT
Color,GREY/BLACK EZI PRINT
Color,GREY/PRINT 1
Color,GREY/YELLOW FLORAL PRINT
Color,HAWI
Color,HAWI PRINT
Color,HENNA
Color,HERBAL MIST
Color,HIMO
Color,HIMO PRINT
Color,HINDI
Color,HORIZON BLUE PRINT
Color,HOT PINK
Color,HOT PINK / BLACK BIYA PRINT
Color,HOT PINK / BLACK DEKA PRINT
Color,HOT PINK / BLACK FLORAL PRINT
Color,HOT PINK / BLACK HESI PRINT
Color,HOT PINK / BLACK LUWE PRINT
Color,HOT PINK / BLACK SAMBA PRINT
Color,HOT PINK / NAVY EBU PRINT
Color,HOT PINK HIBI PRINT
Color,HOT PINK SARI PRINT
Color,HUNTER GREEN
Color,HUNTER'S GREEN
Color,HUNTERS
Color,HUNTERS + LULU PRINT
Color,HUNTERS + OLIVE / BROWN KHOI PRINT
Color,HUNTERS / BEIGE PRINT
Color,HUNTERS / BLACK ABSTRACT PRINT
Color,HUNTERS / BLACK MANDY PRINT
Color,HUNTERS / BLACK PRINT
Color,HUNTERS / BLACK SIDI PRINT
Color,HUNTERS / CREAM PRINT
Color,HUNTERS / CREAM YLA PRINT
Color,HUNTERS / GREY PRINT
Color,HUNTERS / LAWI PRINT
Color,HUNTERS / LIME
Color,HUNTERS / LIME EBU PRINT
Color,HUNTERS / LULU PRINT
Color,HUNTERS / ORANGE NINA PRINT
Color,HUNTERS / ORANGE PRINT
Color,HUNTERS / PURPLE PRINT
Color,HUNTERS / RED PRINT
Color,HUNTERS / WHITE
Color,HUNTERS / WHITE ABSTRACT PRINT
Color,HUNTERS / WHITE BEREK PRINT
Color,HUNTERS / WHITE PRINT
Color,HUNTERS / WHITE UKWI PRINT
Color,HUNTERS CHEETAH PRINT
Color,HUNTERS DUNE PRINT
Color,HUNTERS GREEN
Color,HUNTERS GREEN / BLACK ABSTRACT PRINT
Color,HUNTERS GREEN / BLACK FLORAL PRINT
Color,HUNTERS GREEN / BLACK GEOMETRIC PRINT
Color,HUNTERS GREEN / BLACK PRINT
Color,HUNTERS GREEN / BLACK TEZO PRINT
Color,HUNTERS GREEN / BROWN PRINT
Color,HUNTERS GREEN / CREAM FLORAL
Color,HUNTERS GREEN / CREAM PRINT
Color,HUNTERS GREEN / DARK GREEN ANKARA PRINT
Color,HUNTERS GREEN / LIGHT BLUE LEAF PRINT
Color,HUNTERS GREEN / SHAMA PRINT
Color,HUNTERS GREEN / TAUPE SANNA PRINT
Color,HUNTERS GREEN / WHITE
Color,HUNTERS GREEN / WHITE ABSTRACT PRINT
Color,HUNTERS GREEN / YELLOW FLORAL PRINT
Color,HUNTERS GREEN / YELLOW PRINT
Color,HUNTERS GREEN CHEETAH PRINT
Color,HUNTERS GREEN POLKA DOT PRINT
Color,HUNTERS GREEN PRINT
Color,HUNTERS GREEN TEXTURE
Color,HUNTERS LEAF PRINT
Color,HUNTERS PLAID
Color,HUNTERS PRINT
Color,HUNTERS TD PRINT
Color,HUNTERS/ BLACK SIDI PRINT
Color,IMANI
Color,INCA GOLD
Color,ISARA PRINT
Color,ISIOLO
Color,IVORY
Color,JADE / BLACK ABSTRACT PRINT
Color,JIRI PRINT
Color,JIVU
Color,JUA PRINT
Color,JUBA PRINT
Color,JUJA PRINT
Color,JUNGLE GREEN
Color,JUNGLE GREEN / BLACK ANIMAL PRINT
Color,JUNGLE GREEN FLORAL PRINT
Color,JUNGLE GREEN PLAID
Color,JURA
Color,JURA PRINT
Color,KALAMATA
Color,KARA PRINT
Color,KARANGA PRINT
Color,KATI PRINT
Color,KAYE PRINT
Color,KELI PRINT
Color,KENYAN FLAG PRINT
Color,KERI
Color,KERI PRINT
Color,KHAKI
Color,KHAKI + TAUPE / GREEN LEMI PRINT
Color,KHAKI / BLACK ABENI PRINT
Color,KHAKI / WHITE
Color,KHAKI BEIGE
Color,KHAKI BROWN
Color,KHAKI GREEN
Color,KHAKI GREY
Color,KHAKI TAN
Color,LAKA PRINT
Color,LAMU
Color,LASHI
Color,LASHI PRINT
Color,LATTE
Color,LAVENDER
Color,LAVENDER GREY
Color,LAVENDER HERB
Color,LEMON GREEN / YELLOW PRINT
Color,LEOPARD PRINT
Color,LIGHT ARMY GREEN
Color,LIGHT BEIGE
Color,LIGHT BEIGE / BROWN PRINT
Color,LIGHT BLUE
Color,LIGHT BLUE / BLACK
Color,LIGHT BLUE / BLACK ABSTRACT PRINT
Color,LIGHT BLUE / BLACK LUWE PRINT
Color,LIGHT BLUE / BLACK PRINT
Color,LIGHT BLUE / BLACK ROSE ABSTRACT PRINT
Color,LIGHT BLUE / BLACK ZARI PRINT
Color,LIGHT BLUE / BURGUNDY DOLA PRINT
Color,LIGHT BLUE / DARK PURPLE
Color,LIGHT BLUE / GREEN PRINT
Color,LIGHT BLUE / GREY ABSTRACT PRINT
Color,LIGHT BLUE / GREY PRINT
Color,LIGHT BLUE / LIGHT PURPLE
Color,LIGHT BLUE / NAVY DIRE PRINT
Color,LIGHT BLUE / NAVY NISA PRINT
Color,LIGHT BLUE / NAVY PRINT
Color,LIGHT BLUE / NAVY SERA PRINT
Color,LIGHT BLUE / ORANGE ABSTRACT PRINT
Color,LIGHT BLUE / ORANGE PRINT
Color,LIGHT BLUE / ORANGE TILLA PRINT
Color,LIGHT BLUE / PINK PRINT
Color,LIGHT BLUE / PURPLE FLORAL PRINT
Color,LIGHT BLUE / PURPLE SINKA PRINT
Color,LIGHT BLUE / RUST PRINT
Color,LIGHT BLUE / TAUPE TIE & DYE PRINT
Color,LIGHT BLUE / TEAL MARRA PRINT
Color,LIGHT BLUE / TURQUOISE PRINT
Color,LIGHT BLUE / WHITE ABSTRACT PRINT
Color,LIGHT BLUE / WHITE FLORAL PRINT
Color,LIGHT BLUE / WHITE MAI PRINT
Color,LIGHT BLUE / WHITE PRINT
Color,LIGHT BLUE ASILI PRINT
Color,LIGHT BLUE FLORAL PRINT
Color,LIGHT BLUE FLOWER PRINT
Color,LIGHT BLUE KASAI PRINT
Color,LIGHT BLUE PRINT
Color,LIGHT BROWN
Color,LIGHT BROWN / MAROON PASI PRINT
Color,LIGHT BROWN FLORAL PRINT
Color,LIGHT BROWN PRINT
Color,LIGHT BROWN/BLUE ABSTRACT PRINT
Color,LIGHT BURGUNDY
Color,LIGHT CHOCOLATE
Color,LIGHT CREAM / BLACK GOLA PRINT
Color,LIGHT CREAM / BLACK PRINT
Color,LIGHT DUST PINK / BLACK LALA PRINT
Color,LIGHT EMERALD GREEN / IVORY SAMBA PRINT
Color,LIGHT GOLD
Color,LIGHT GOLD PRINT
Color,LIGHT GREEN
Color,LIGHT GREEN / CREAM PRINT
Color,LIGHT GREEN / DARK GREEN PRINT
Color,LIGHT GREEN / PINK PRINT
Color,LIGHT GREEN / RUST PRINT
Color,LIGHT GREEN / WHITE FLORAL PRINT
Color,LIGHT GREEN KOTO PRINT
Color,LIGHT GREEN/BROWN FLORAL PRINT
Color,LIGHT GREY
Color,LIGHT GREY / BLACK PRINT
Color,LIGHT GREY / BLUE PASI PRINT
Color,LIGHT GREY FLORAL PRINT
Color,LIGHT GREY KOTO PRINT
Color,LIGHT GREY PRINT
Color,LIGHT JUNGLE GREEN FLORAL PRINT
Color,LIGHT LILAC / BLACK HESI PRINT
Color,LIGHT MINT / GREEN FLORAL PRINT
Color,LIGHT MUSTARD
Color,LIGHT MUSTARD / NAVY TAMRA PRINT
Color,LIGHT MUSTARD / ORANGE EMI PRINT
Color,LIGHT NAVY
Color,LIGHT NAVY / DARK PINK SAMBA PRINT
Color,LIGHT NAVY / YELLOW ABER PRINT
Color,LIGHT NAVY BLUE
Color,LIGHT NAVY BLUE / FUSCHIA SAMBA PRINT
Color,LIGHT NAVY PRINT
Color,LIGHT OLIVE
Color,LIGHT OLIVE / HUNTERS
Color,LIGHT OLIVE / NAVY ELA PRINT
Color,LIGHT OLIVE / WHITE STRIPES
Color,LIGHT OLIVE /RED KARI PRINT
Color,LIGHT OLIVE CHECKERED
Color,LIGHT OLIVE GREEN
Color,LIGHT ORANGE
Color,LIGHT ORANGE FLORAL PRINT
Color,LIGHT PEACH / BLACK HARO PRINT
Color,LIGHT PEACH / BURGUNDY DOTI PRINT
Color,LIGHT PINK
Color,LIGHT PINK / BLACK FLORAL
Color,LIGHT PINK / BLACK FLORAL PRINT
Color,LIGHT PINK / BLACK PRINT
Color,LIGHT PINK / BLUE FLORAL PRINT
Color,LIGHT PINK / BROWN PRINT
Color,LIGHT PINK / GREEN FANI PRINT
Color,LIGHT PINK / GREY ABSTRACT PRINT
Color,LIGHT PINK / LILAC FLORAL PRINT
Color,LIGHT PINK / MINT PRINT
Color,LIGHT PINK / NAVY BLUE FLORAL PRINT
Color,LIGHT PINK / OLIVE PRINT
Color,LIGHT PINK / PURPLE ABSTRACT PRINT
Color,LIGHT PINK / RED LINEAR ABSTRACT PRINT
Color,LIGHT PINK / YELLOW FLORAL PRINT
Color,LIGHT PINK ABSTRACT PRINT
Color,LIGHT PINK CHEETAH PRINT
Color,LIGHT PINK FLORAL PRINT
Color,LIGHT PINK KOTO PRINT
Color,LIGHT PINK PRINT
Color,LIGHT PINK/MINT
Color,LIGHT PLUM
Color,LIGHT PURPLE
Color,LIGHT PURPLE / BLACK ABSTRACT PRINT
Color,LIGHT PURPLE / BLACK EWALE PRINT
Color,LIGHT PURPLE / BLACK GEOMETRIC PRINT
Color,LIGHT PURPLE / BLACK VOI PRINT
Color,LIGHT PURPLE / BLUE LEAF PRINT
Color,LIGHT PURPLE / DARK PURPLE LOURA PRINT
Color,LIGHT PURPLE / GREY FLORAL PRINT
Color,LIGHT PURPLE GEOMETRIC PRINT
Color,LIGHT PURPLE PRINT
Color,LIGHT RUST
Color,LIGHT SAGE / RUST PRINT
Color,LIGHT TAN
Color,LIGHT TAN / BLACK PRINT
Color,LIGHT TAN / CHOCOLATE LEA PRINT
Color,LIGHT TAN / NAVY TULU PRINT
Color,LIGHT TAUPE
Color,LIGHT TAUPE / BLACK LALA PRINT
Color,LIGHT TAUPE / BLACK PRINT
Color,LIGHT TAUPE / DARK TEAL LUPA PRINT
Color,LIGHT TAUPE / DARK TEAL NISA PRINT
Color,LIGHT TAUPE / RED PRINT
Color,LIGHT TAUPE FLORAL PRINT
Color,LIGHT TEAL
Color,LIGHT TEAL ABSTRACT PRINT
Color,LIGHT YELLOW / DARK BROWN REMA PRINT
Color,LIGHT YELLOW / ORANGE IZA PRINT
Color,LIGHT YELLOW / PURPLE
Color,LILAC
Color,LILAC / BLACK ABSTRACT PRINT
Color,LILAC / BLACK FLORAL PRINT
Color,LILAC / BLACK HAWA PRINT
Color,LILAC / BLACK LEAF PRINT
Color,LILAC / BLACK PETAL PRINT
Color,LILAC / BLACK POLKA DOT PRINT
Color,LILAC / BLACK PRINT
Color,LILAC / BLACK STRIPES
Color,LILAC / BLACK STRIPES PRINT
Color,LILAC / BLACK TULLU PRINT
Color,LILAC / BLACK ULLU PRINT
Color,LILAC / BROWN PRINT
Color,LILAC / CREAM BIYA PRINT
Color,LILAC / EGGPLANT ARISI PRINT
Color,LILAC / GREEN BIYA PRINT
Color,LILAC / LIGHT BLUE AWAT PRINT
Color,LILAC / LIME ABASI PRINT
Color,LILAC / MAGENTA NASHE PRINT
Color,LILAC / NAVY EMIN PRINT
Color,LILAC / NAVY ESLI PRINT
Color,LILAC / NAVY LISI PRINT
Color,LILAC / NAVY PRINT
Color,LILAC / NAVY TULLU PRINT
Color,LILAC / NAVY ULLU PRINT
Color,LILAC / NAVY WILLOW PRINT
Color,LILAC / OLIVE NASHE PRINT
Color,LILAC / ORANGE ZANI PRINT
Color,LILAC / PINK KARI PRINT
Color,LILAC / PINK PRINT
Color,LILAC / PURPLE IYA PRINT / PURPLE
Color,LILAC / PURPLE LOURA PRINT
Color,LILAC / PURPLE PASI PRINT
Color,LILAC / PURPLE SINKA PRINT
Color,LILAC / PURPLE TILLA PRINT
Color,LILAC / PURPLE ZIA PRINT
Color,LILAC / WHITE ABSTRACT
Color,LILAC / WHITE FLORAL PRINT
Color,LILAC / WHITE URU PRINT
Color,LILAC / WHITE ZAZI PRINT
Color,LILAC LUSTURE
Color,LIME
Color,LIME / BLACK
Color,LIME / BLACK KELE PRINT
Color,LIME / BLACK LANGO PRINT
Color,LIME / BLACK MANDY PRINT
Color,LIME / BLACK PRINT
Color,LIME / BLACK TEZO PRINT
Color,LIME / BLACK URU PRINT
Color,LIME / BROWN EBU PRINT
Color,LIME / BROWN ELA PRINT
Color,LIME / CHOCOLATE TIKI PRINT
Color,LIME / DARK GREEN PRINT
Color,LIME / DARK NAVY ETA PRINT
Color,LIME / DARK NAVY VOI PRINT
Color,LIME / GREEN RAHA PRINT
Color,LIME / HUNTERS MARRA PRINT
Color,LIME / NAVY MAI PRINT
Color,LIME / NAVY NASHE PRINT
Color,LIME / ORANGE SARI PRINT
Color,LIME / PURPLE ZAZI PRINT
Color,LIME / RED LANA PRINT + NAVY
Color,LIME / RED WASO PRINT
Color,LIME / SEA GREEN LIA PRINT
Color,LIME / SEA GREEN RUVU PRINT
Color,LIME / WHITE SABI PRINT
Color,LIME / WHITE ZAZI PRINT
Color,LIME / YELLOW ABASI PRINT
Color,LIME GREEN
Color,LIME GREEN / BLACK ABSTRACT PRINT
Color,LIME GREEN / BLACK ANKARA PRINT
Color,LIME GREEN / BLACK DALA PRINT
Color,LIME GREEN / BLACK PRINT
Color,LIME GREEN / BLACK STRIPES PRINT
Color,LIME GREEN / BLACK TEZO PRINT
Color,LIME GREEN / MAROON EMI PRINT
Color,LIME GREEN / WHITE ZAZI PRINT
Color,LIME GREEN PRINT
Color,LIME KASAI PRINT
Color,LIME STRIPES
Color,LIME YELLOW
Color,LINE CAP SLEEVED DRESS
Color,LINE MAXI SKIRT (SPECIAL OFFER)
Color,LIRA
Color,LIRA PRINT
Color,LOW CHIFFON TOP
Color,LOW TOP
Color,LUSI PRINT
Color,MAGENTA
Color,MAGENTA / BLACK AMARI PRINT
Color,MAGENTA / BLACK NASHE PRINT
Color,MAGENTA / BLACK ZIA PRINT
Color,MAGENTA / NAVY RAHA PRINT
Color,MAGENTA / NAVY SARI PRINT
Color,MANDA
Color,MARARA
Color,MARARA PRINT
Color,MARIGOLD
Color,MAROON
Color,MAROON (SPECIAL OFFER)
Color,MAROON / BEIGE PRINT
Color,MAROON / BLACK FLORAL PRINT
Color,MAROON / BLACK PRINT
Color,MAROON / BROWN FLORAL PRINT
Color,MAROON / CHOCOLATE PRINT
Color,MAROON / DARK GREEN LEAF PRINT
Color,MAROON / DARK RED ABSTRACT PRINT
Color,MAROON / FROST SAMBA PRINT
Color,MAROON / GREY PRINT
Color,MAROON / OLIVE PRINT
Color,MAROON / PEACH PRINT
Color,MAROON / PINK ABSTRACT PRINT
Color,MAROON / PINK ARA PRINT
Color,MAROON / PINK PRINT
Color,MAROON / RED FLORAL PRINT
Color,MAROON / TANA
Color,MAROON / TAUPE PRINT
Color,MAROON / TEAL PRINT
Color,MAROON / WHITE MENI PRINT
Color,MAROON / WHITE PRINT
Color,MAROON ABSTRACT PRINT
Color,MAROON DUKU PRINT
Color,MAROON FLORAL PRINT
Color,MAROON KOI PRINT
Color,MAROON LEAF PRINT
Color,MAROON PRINT
Color,MAROON TD PRINT
Color,MAROON/BROWN FLORAL PRINT
Color,MAROON/TAUPE FLORAL PRINT
Color,MARULA
Color,MASALA
Color,MASALA PINK
Color,MAUVE
Color,MAUVE / TEAL TULI PRINT
Color,MAYA
Color,MAYA PRINT
Color,MIALE PRINT
Color,MIDDLE GREY
Color,MIDNIGHT
Color,MIDNIGHT BLUE
Color,MILA PRINT
Color,MINT
Color,MINT / BEIGE TAWI PRINT
Color,MINT / BLACK ABSTRACT PRINT
Color,MINT / BLACK DASHEN PRINT
Color,MINT / BLACK PRINT
Color,MINT / BLACK ROBE PRINT
Color,MINT / BLACK RUMI PRINT
Color,MINT / BLACK ZARI PRINT
Color,MINT / DARK GREEN NOLA PRINT
Color,MINT / EMERALD PRINT
Color,MINT / GREEN PRINT
Color,MINT / GREEN TILLA PRINT
Color,MINT / HUNTERS GREEN HESI PRINT
Color,MINT / LILAC LORA PRINT
Color,MINT / OLIVE ETA PRINT
Color,MINT / OLIVE PRINT
Color,MINT / PINK FLORAL PRINT
Color,MINT / PURPLE ABSTRACT PRINT
Color,MINT / TAUPE PRINT
Color,MINT / WHITE AKARI PRINT
Color,MINT / WHITE TROPICAL FLORAL PRINT
Color,MINT / YELLOW KARI PRINT
Color,MINT ABSTRACT PRINT
Color,MINT DAISY PRINT
Color,MINT FLORAL
Color,MINT FLORAL PRINT
Color,MINT FLOWER PRINT
Color,MINT GREEN
Color,MINT GREEN / BLACK ABSTRACT PRINT
Color,MINT GREEN / BLACK FLORAL PRINT
Color,MINT GREEN / BLACK PRINT
Color,MINT GREEN / BLACK ZARI PRINT
Color,MINT GREEN / BROWN PRINT
Color,MINT GREEN / OFF WHITE ABSTRACT PRINT
Color,MINT GREEN / OFF-WHITE ABSTRACT PRINT
Color,MINT GREEN / ORANGE FLORAL PRINT
Color,MINT GREEN / PINK ABSTRACT PRINT
Color,MINT GREEN / WHITE ABSTRACT PRINT
Color,MINT GREEN / WHITE POLKA DOT
Color,MINT GREEN FLORAL PRINT
Color,MINT GREEN LEAF PRINT
Color,MINT GREEN PRINT
Color,MINT LEAF PRINT
Color,MINT/BLACK PRINT
Color,MIXED PAINT SPLASH PRINT
Color,MOABI
Color,MOLE DUSTY
Color,MPIJI PRINT
Color,MSHALE PRINT
Color,MULBERRY
Color,MULBERRY / BLUE PRINT
Color,MULBERRY / DUSTY PINK ALMASI PRINT
Color,MULBERRY VIOLET
Color,MULTI COLOR FLORAL PRINT
Color,MULTI FLORAL PRINT
Color,MULTI-BABY BLUE
Color,MULTI-BEIGE / BLACK
Color,MULTI-BLACK
Color,MULTI-BLACK / CLEAR
Color,MULTI-BLACK / SILVER
Color,MULTI-BLUE
Color,MULTI-BLUE / BLACK
Color,MULTI-BLUE / WHITE
Color,MULTI-CHOCOLATE / GOLD
Color,MULTI-CHOCOLATE / WHITE
Color,MULTI-CLEAR / ROYAL BLUE
Color,MULTI-DARK GREEN
Color,MULTI-GOLD
Color,MULTI-GOLD / BLACK
Color,MULTI-GREEN
Color,MULTI-GREEN / BLUE
Color,MULTI-GREY / CREAM
Color,MULTI-GREY / NAVY
Color,MULTI-LIGHT BLUE
Color,MULTI-LIGHT BLUE / BLACK
Color,MULTI-LIGHT GREEN
Color,MULTI-LIGHT PINK
Color,MULTI-MUSTARD / YELLOW
Color,MULTI-MUSTARD PRINT
Color,MULTI-ORANGE
Color,MULTI-ORANGE / BLACK
Color,MULTI-ORANGE / RED
Color,MULTI-PALE BLUE
Color,MULTI-PEACH
Color,MULTI-PINK
Color,MULTI-RED / BLACK
Color,MULTI-RED / WHITE
Color,MULTI-ROYAL BLUE
Color,MULTI-RUST / BLACK
Color,MULTI-WHITE
Color,MULTI-YELLOW / BLACK
Color,MULTICOLOR FLORAL PRINT
Color,MULTICOLOR GEOMETRIC PRINT
Color,MULTICOLORED PRINT
Color,MULTICOLOUR
Color,MULTICOLOUR / BROWN
Color,MULTICOLOUR BLACK PRINT
Color,MULTICOLOUR GREY PRINT
Color,MULTICOLOUR PRINT
Color,MULTICOLOUR RUST PRINT
Color,MULTICOLOURED PRINT
Color,MUSHROOM
Color,MUSTARD
Color,MUSTARD (PLAIN BELT)
Color,MUSTARD + ZURI PRINT
Color,MUSTARD / BLACK
Color,MUSTARD / BLACK ABSTRACT
Color,MUSTARD / BLACK ABSTRACT PRINT
Color,MUSTARD / BLACK AMELI PRINT
Color,MUSTARD / BLACK ANILA PRINT
Color,MUSTARD / BLACK ANIMAL PRINT
Color,MUSTARD / BLACK ANKARA PRINT
Color,MUSTARD / BLACK BOMBO PRINT
Color,MUSTARD / BLACK CIRCLE GEOMETRIC PRINT
Color,MUSTARD / BLACK CIRCULAR ABSTRACT PRINT
Color,MUSTARD / BLACK DALA PRINT
Color,MUSTARD / BLACK DASHEN PRINT
Color,MUSTARD / BLACK DUKU PRINT
Color,MUSTARD / BLACK EMIN PRINT
Color,MUSTARD / BLACK ENA PRINT
Color,MUSTARD / BLACK FLORAL PRINT
Color,MUSTARD / BLACK GEOMETRIC PRINT
Color,MUSTARD / BLACK GOLA PRINT
Color,MUSTARD / BLACK HOUNDSTOOTH PRINT
Color,MUSTARD / BLACK IKAT ABSTRACT PRINT
Color,MUSTARD / BLACK IYA PRINT
Color,MUSTARD / BLACK JILO PRINT
Color,MUSTARD / BLACK LALA PRINT
Color,MUSTARD / BLACK LANGO PRINT
Color,MUSTARD / BLACK LIFI PRINT
Color,MUSTARD / BLACK LOURA PRINT
Color,MUSTARD / BLACK MANDY PRINT
Color,MUSTARD / BLACK MANLA PRINT
Color,MUSTARD / BLACK MAZE ABSTRACT PRINT
Color,MUSTARD / BLACK METI PRINT
Color,MUSTARD / BLACK POLKA DOT
Color,MUSTARD / BLACK PRINT
Color,MUSTARD / BLACK ROBE PRINT
Color,MUSTARD / BLACK SAMBA PRINT
Color,MUSTARD / BLACK SESE PRINT
Color,MUSTARD / BLACK SINKA PRINT
Color,MUSTARD / BLACK SIRI PRINT
Color,MUSTARD / BLACK SPIRAL ABSTRACT PRINT
Color,MUSTARD / BLACK SPIRAL PRINT
Color,MUSTARD / BLACK STRIPES
Color,MUSTARD / BLACK TALIA PRINT
Color,MUSTARD / BLACK TAMRA PRINT
Color,MUSTARD / BLACK TEZO PRINT
Color,MUSTARD / BLACK TULLU PRINT
Color,MUSTARD / BLACK TUNI PRINT
Color,MUSTARD / BLACK UKWI PRINT
Color,MUSTARD / BLACK ULLU PRINT
Color,MUSTARD / BLACK UMBO PRINT
Color,MUSTARD / BLUE ABSTRACT PRINT
Color,MUSTARD / BLUE ANKARA PRINT
Color,MUSTARD / BLUE FLORAL PRINT
Color,MUSTARD / BLUE PRINT
Color,MUSTARD / BROWN ABSTRACT PRINT
Color,MUSTARD / BROWN AKILA PRINT
Color,MUSTARD / BROWN AMARI PRINT
Color,MUSTARD / BROWN ANKARA PRINT
Color,MUSTARD / BROWN IKAT ABSTRACT PRINT
Color,MUSTARD / BROWN LALO PRINT
Color,MUSTARD / BROWN POLKA DOT PRINT
Color,MUSTARD / BROWN PRINT
Color,MUSTARD / BURGUNDY LANA PRINT
Color,MUSTARD / BURGUNDY PRINT
Color,MUSTARD / CHOCOLATE ZIA PRINT
Color,MUSTARD / CREAM PRINT
Color,MUSTARD / DARK BROWN NITO PRINT
Color,MUSTARD / DARK BROWN VOI PRINT
Color,MUSTARD / DARK GREEN DOLA PRINT
Color,MUSTARD / DARK GREEN EWALE PRINT
Color,MUSTARD / DARK OLIVE NURU PRINT
Color,MUSTARD / DARK RED FANI PRINT
Color,MUSTARD / DARK TEAL TULU PRINT
Color,MUSTARD / DUSTY PINK DASHEN PRINT
Color,MUSTARD / GREEN DOLA PRINT
Color,MUSTARD / GREEN IZA PRINT
Color,MUSTARD / GREEN LEAF PRINT
Color,MUSTARD / GREEN LEKE PRINT
Color,MUSTARD / GREEN LEKE PRINT + CREAM
Color,MUSTARD / GREEN PRINT
Color,MUSTARD / GREEN SINKA PRINT
Color,MUSTARD / GREEN TEZO PRINT
Color,MUSTARD / GREEN UMACA PRINT
Color,MUSTARD / GREY ABSTRACT PRINT
Color,MUSTARD / GREY FLORAL PRINT
Color,MUSTARD / GREY PRINT
Color,MUSTARD / HUNTERS ABSTRACT PRINT
Color,MUSTARD / HUNTERS GREEN ALMASI PRINT
Color,MUSTARD / NAVY ABSTRACT PRINT
Color,MUSTARD / NAVY BLUE FLORAL PRINT
Color,MUSTARD / NAVY DEKA PRINT
Color,MUSTARD / NAVY IYA PINT
Color,MUSTARD / NAVY IYA PRINT
Color,MUSTARD / NAVY PRINT
Color,MUSTARD / NAVY ZAWI PRINT
Color,MUSTARD / NAVY ZIWE PRINT
Color,MUSTARD / OLIVE ALMASI PRINT
Color,MUSTARD / OLIVE GREEN NURU PRINT
Color,MUSTARD / ORANGE ABSTRACT PRINT
Color,MUSTARD / ORANGE AMARI PRINT
Color,MUSTARD / ORANGE BRUSH STROKES PRINT
Color,MUSTARD / ORANGE IKA PRINT
Color,MUSTARD / PEACH PRINT
Color,MUSTARD / PINK ABSTRACT PRINT
Color,MUSTARD / PINK FLORAL PRINT
Color,MUSTARD / PINK PRINT
Color,MUSTARD / PURPLE
Color,MUSTARD / PURPLE ABSTRACT PRINT
Color,MUSTARD / PURPLE PETAL PRINT
Color,MUSTARD / PURPLE PRINT
Color,MUSTARD / RED LANA PRINT
Color,MUSTARD / RED PRINT
Color,MUSTARD / RED WASO PRINT
Color,MUSTARD / ROYAL BLUE FLORAL PRINT
Color,MUSTARD / RUST
Color,MUSTARD / RUST AMARI PRINT
Color,MUSTARD / RUST LEKE PRINT
Color,MUSTARD / SAI PRINT
Color,MUSTARD / TEAL ABSTRACT PRINT
Color,MUSTARD / TEAL MTENDE ABSTRACT PRINT
Color,MUSTARD / TEAL PRINT
Color,MUSTARD / WHITE ABSTRACT PRINT
Color,MUSTARD / WHITE FLORAL PRINT
Color,MUSTARD / WHITE GEOMETRIC PRINT
Color,MUSTARD / YELLOW PRINT
Color,MUSTARD 1X KOTO PRINT
Color,MUSTARD ABSTRACT PRINT
Color,MUSTARD ANIMAL PRINT
Color,MUSTARD AYLA PRINT
Color,MUSTARD DUKU PRINT
Color,MUSTARD FLORAL PRINT
Color,MUSTARD JILO PRINT
Color,MUSTARD KOTO M PRINT
Color,MUSTARD KOTO PRINT
Color,MUSTARD KOTO SATIN PRINT
Color,MUSTARD LEAF PRINT
Color,MUSTARD M KOTO PRINT
Color,MUSTARD ORANGE SELLA PRINT
Color,MUSTARD PAINT SPLASH PRINT
Color,MUSTARD POLKA DOT PRINT
Color,MUSTARD PRINT
Color,MUSTARD TD PRINT
Color,MUSTARD TIGER PRINT
Color,MUSTARD YELLOW
Color,MUSTARD YELLOW / BLACK SINKA PRINT
Color,MUSTARD YELLOW / BURGUNDY PIKO PRINT
Color,MUSTARD YELLOW / CHOCOLATE PIKO PRINT
Color,MUSTARD(PLAIN BELT)
Color,MUSTARD/ BLACK AMELI PRINT
Color,MUSTARD/ BLACK HINI PRINT
Color,MUSTARD/ BLACK PRINT
Color,MUSTARD/ DARK GREEN
Color,MUSTARD/ GREEN PRINT
Color,MUSTARD/ OLIVE ALMASI PRINT
Color,MUSTARD/BLACK
Color,MUSTARD/BROWN FLORAL PRINT
Color,MUSTARD/GREEN TEZO PRINT
Color,MVUA
Color,MVUA PRINT
Color,N/A
Color,NATAL
Color,NATURAL
Color,NAVY
Color,NAVY & RED PRINT
Color,NAVY & YELLOW PRINT
Color,NAVY + SEFA PRINT
Color,NAVY / BEIGE PRINT
Color,NAVY / BLACK
Color,NAVY / BLACK PRINT
Color,NAVY / BLUE
Color,NAVY / BLUE BIYA PRINT
Color,NAVY / BLUE CAMO
Color,NAVY / BLUE FLANNEL
Color,NAVY / BLUE IZZA PRINT
Color,NAVY / BLUE PRINT
Color,NAVY / BLUE RAHA PRINT
Color,NAVY / BLUSH PINK PRINT
Color,NAVY / BLUSH PRINT
Color,NAVY / BROWN ABSTRACT PRINT
Color,NAVY / BROWN ALYA PRINT
Color,NAVY / BROWN CHIKU PRINT
Color,NAVY / BROWN LOWA PRINT
Color,NAVY / BROWN MEKI PRINT
Color,NAVY / BROWN PRINT
Color,NAVY / BROWN YANA PRINT
Color,NAVY / BURGUNDY HALI PRINT
Color,NAVY / BURGUNDY PRINT
Color,NAVY / CREAM
Color,NAVY / CREAM BIA PRINT
Color,NAVY / CREAM PRINT
Color,NAVY / CREAM STRIPES
Color,NAVY / CREAM TRIBE PRINT
Color,NAVY / CREAM UMACA PRINT
Color,NAVY / DARK MUSTARD URI PRINT
Color,NAVY / DARK RED IYA PRINT
Color,NAVY / FUSCHIA
Color,NAVY / GREEN CAMO
Color,NAVY / GREY
Color,NAVY / GREY ABSTRACT PRINT
Color,NAVY / GREY PRINT
Color,NAVY / LIGHT BLUE PRINT
Color,NAVY / LIGHT BLUE SUTU PRINT
Color,NAVY / LIGHT MUSTARD PRINT
Color,NAVY / MUSTARD
Color,NAVY / MUSTARD AMA PRINT
Color,NAVY / MUSTARD ANKARA PRINT
Color,NAVY / MUSTARD IGABI PRINT
Color,NAVY / MUSTARD IKAT PRINT
Color,NAVY / MUSTARD NASHE PRINT
Color,NAVY / MUSTARD PEMBE PRINT
Color,NAVY / MUSTARD PRINT
Color,NAVY / MUSTARD TANTA PRINT
Color,NAVY / NAVY BLUE PRINT
Color,NAVY / OFF WHITE PRINT
Color,NAVY / OFF-WHITE PRINT
Color,NAVY / ORANGE ABER PRINT
Color,NAVY / ORANGE ABSTRACT PRINT
Color,NAVY / ORANGE GEO PRINT
Color,NAVY / ORANGE GEOMETRIC PRINT
Color,NAVY / ORANGE IYO PRINT
Color,NAVY / ORANGE LIWA PRINT
Color,NAVY / ORANGE MIYU PRINT
Color,NAVY / ORANGE MIZAN PRINT
Color,NAVY / ORANGE NALA PRINT
Color,NAVY / ORANGE PRINT
Color,NAVY / ORANGE RIAH PRINT
Color,NAVY / ORANGE SIRI PRINT
Color,NAVY / ORANGE STRIPE PRINT
Color,NAVY / ORANGE TIWI PRINT
Color,NAVY / ORANGE ZAHA PRINT
Color,NAVY / PEACH ALYA PRINT
Color,NAVY / PEACH JOHARI PRINT
Color,NAVY / PEACH LIWA PRINT
Color,NAVY / PEACH NAKA PRINT
Color,NAVY / PEACH PRINT
Color,NAVY / PEACH SANI PRINT
Color,NAVY / PINK
Color,NAVY / PINK BAKARI PRINT
Color,NAVY / PINK ENA PRINT
Color,NAVY / PINK PRINT
Color,NAVY / PURPLE PRINT
Color,NAVY / RED ANKARA PRINT
Color,NAVY / RED FLORAL PRINT
Color,NAVY / RED MAYA PRINT
Color,NAVY / RED PRINT
Color,NAVY / RED STARI PRINT
Color,NAVY / ROYAL BLUE API PRINT
Color,NAVY / RUST
Color,NAVY / RUST EBA PRINT
Color,NAVY / RUST PIA PRINT
Color,NAVY / RUST SPIRAL PRINT
Color,NAVY / SEA GREEN PRINT
Color,NAVY / TAN PRINT
Color,NAVY / TAN SIKA PRINT
Color,NAVY / TARI PRINT
Color,NAVY / TAUPE
Color,NAVY / TAUPE PRINT
Color,NAVY / TEAL AMI PRINT
Color,NAVY / TEAL FLORAL PRINT
Color,NAVY / TEAL PRINT
Color,NAVY / TEAL YLA PRINT
Color,NAVY / WHITE
Color,NAVY / WHITE ABSTRACT PRINT
Color,NAVY / WHITE DEKA PRINT
Color,NAVY / WHITE FLORAL PRINT
Color,NAVY / WHITE IKAT PRINT
Color,NAVY / WHITE MIA PRINT
Color,NAVY / WHITE MISTARI PRINT
Color,NAVY / WHITE MOLO PRINT
Color,NAVY / WHITE PALM LEAVES PRINT
Color,NAVY / WHITE POLKA
Color,NAVY / WHITE POLKA PRINT
Color,NAVY / WHITE PRINT
Color,NAVY / WHITE SANI PRINT
Color,NAVY / WHITE STRIPE
Color,NAVY / WHITE STRIPES
Color,NAVY / WHITE WASO PRINT
Color,NAVY / YELLOW ANKARA PRINT
Color,NAVY / YELLOW KARI PRINT
Color,NAVY / YELLOW NINA PRINT
Color,NAVY / YELLOW PRINT
Color,NAVY AKU PRINT
Color,NAVY ANIMAL PRINT
Color,NAVY ANKARA PRINT
Color,NAVY BLUE
Color,NAVY BLUE (SPECIAL OFFER)
Color,NAVY BLUE / BLACK ANKARA PRINT
Color,NAVY BLUE / BLACK RED
Color,NAVY BLUE / BLUE ABSTRACT PRINT
Color,NAVY BLUE / BLUE FLORAL PRINT
Color,NAVY BLUE / BROWN PRINT
Color,NAVY BLUE / BROWN STRIPE PRINT
Color,NAVY BLUE / CREAM
Color,NAVY BLUE / CREAM FLORAL
Color,NAVY BLUE / CREAM FLORAL PRINT
Color,NAVY BLUE / CREAM PRINT
Color,NAVY BLUE / GOLD
Color,NAVY BLUE / GREEN ABSTRACT PRINT
Color,NAVY BLUE / GREEN ANKARA PRINT
Color,NAVY BLUE / GREEN FLORAL PRINT
Color,NAVY BLUE / GREEN PRINT
Color,NAVY BLUE / GREEN WAVY PRINT
Color,NAVY BLUE / GREY
Color,NAVY BLUE / GREY ABSTACT PRINT
Color,NAVY BLUE / GREY ABSTRACT PRINT
Color,NAVY BLUE / LIGHT GREEN PRINT
Color,NAVY BLUE / LIME GREEN STRIPES PRINT
Color,NAVY BLUE / MAROON ANKARA PRINT
Color,NAVY BLUE / MUSTARD ABSTRACT PRINT
Color,NAVY BLUE / MUSTARD BATIK GEOMETRIC PRINT
Color,NAVY BLUE / MUSTARD CIRCLES ANKARA PRINT
Color,NAVY BLUE / MUSTARD LEAF PRINT
Color,NAVY BLUE / MUSTARD PRINT
Color,NAVY BLUE / ORANGE / WHITE ANKARA PRINT
Color,NAVY BLUE / ORANGE ABSTRACT
Color,NAVY BLUE / ORANGE ANKARA PRINT
Color,NAVY BLUE / ORANGE PRINT
Color,NAVY BLUE / ORANGE SIRI PRINT
Color,NAVY BLUE / PEACH ANKARA PRINT
Color,NAVY BLUE / PINK ANIMAL PRINT
Color,NAVY BLUE / PINK BATIK GEOMETRIC PRINT
Color,NAVY BLUE / PINK FLORAL PRINT
Color,NAVY BLUE / PINK MISTARI PRINT
Color,NAVY BLUE / PURPLE FLORAL PRINT
Color,NAVY BLUE / RED ABSTRACT PRINT
Color,NAVY BLUE / RED ANKARA PRINT
Color,NAVY BLUE / RED FLORAL PRINT
Color,NAVY BLUE / RED MBALE PRINT
Color,NAVY BLUE / RED MULTICOLOUR ABSTRACT PRINT
Color,NAVY BLUE / RED PAISLEY FLORAL PRINT
Color,NAVY BLUE / RUST PRINT
Color,NAVY BLUE / TANA PRINT
Color,NAVY BLUE / TAUPE LEAF PRINT
Color,NAVY BLUE / TAUPE PRINT
Color,NAVY BLUE / TEAL ABSTRACT PRINT
Color,NAVY BLUE / WHITE
Color,NAVY BLUE / WHITE ABSTRACT PRINT
Color,NAVY BLUE / WHITE CAIRO PRINT
Color,NAVY BLUE / WHITE FLORAL PRINT
Color,NAVY BLUE / WHITE GEOMETRIC PRINT
Color,NAVY BLUE / WHITE LINEAR PRINT
Color,NAVY BLUE / WHITE MISTARI PRINT
Color,NAVY BLUE / WHITE PRINT
Color,NAVY BLUE / WHITE STRIPES
Color,NAVY BLUE / YELLOW ANKARA PRINT
Color,NAVY BLUE / YELLOW FLORAL PRINT
Color,NAVY BLUE / YELLOW LEAF PRINT
Color,NAVY BLUE / YELLOW PRINT
Color,NAVY BLUE /ORANGE ABSTRACT PRINT
Color,NAVY BLUE /RED MELON PRINT
Color,NAVY BLUE ABSTRACT PRINT
Color,NAVY BLUE ANIMAL PRINT
Color,NAVY BLUE FLORAL
Color,NAVY BLUE FLORAL PRINT
Color,NAVY BLUE GEOMETRIC PRINT
Color,NAVY BLUE LEAF PRINT
Color,NAVY BLUE POLKA DOT PRINT
Color,NAVY BLUE PRINT
Color,NAVY BLUE YOYO
Color,NAVY BLUE/RUST TIE & DYE PRINT
Color,NAVY BLUSH PINK PRINT (COPY)
Color,NAVY CHECKERED PRINT
Color,NAVY DICE PRINT
Color,NAVY DOTTED
Color,NAVY ESI PRINT
Color,NAVY FLORAL PRINT
Color,NAVY HABO PRINT
Color,NAVY JAZAH PRINT
Color,NAVY MIMO PRINT
Color,NAVY PINSTRIPES
Color,NAVY PINSTRIPES PRINT
Color,NAVY POLE PRINT
Color,NAVY POLKA PRINT
Color,NAVY PRINT
Color,NAVY PUFF STRIPES
Color,NAVY SKIN PRINT
Color,NAVY TADPOLE PRINT
Color,NAVY TELI PRINT
Color,NAVY TWINE PRINT
Color,NAVY WAVY PRINT
Color,NAVY WHITE PRINT
Color,NAVY WINGU PRINT
Color,NAVY-BLUE
Color,NAVY/ CREAM PRINT
Color,NAVY/RED FLORAL PRINT
Color,NAVY/RED PRINT - 5
Color,NAVY/WHITE PRINT
Color,NAVY/YELLOW BLUE PRINT
Color,NEBA
Color,NEBA PRINT
Color,NECK JUMPSUIT
Color,NECK SATIN KAFTAN
Color,NECK TANK TOP
Color,NECK TOP
Color,NELI PRINT
Color,NEON GREEN
Color,NEON PINK
Color,NEWSPAPER LIPS
Color,NILE
Color,NONE
Color,NUDE
Color,NYOTA PRINT
Color,OBU
Color,OBU PRINT
Color,OCEAN DEPTHS
Color,OCEAN GREEN FLORAL PRINT
Color,OFF WHITE
Color,OFF WHITE / BLACK
Color,OFF WHITE / BLACK ABSTRACT PRINT
Color,OFF WHITE / BLACK ANIMAL PRINT
Color,OFF WHITE / BLACK FLORAL PRINT
Color,OFF WHITE / BLACK GEOMETRIC PRINT
Color,OFF WHITE / BLACK HINI PRINT
Color,OFF WHITE / BLACK PRINT
Color,OFF WHITE / BLACK TEZO PRINT
Color,OFF WHITE / BLUE
Color,OFF WHITE / BLUE GEOMETRIC PRINT
Color,OFF WHITE / BROWN PRINT
Color,OFF WHITE / DARK PEACH PRINT
Color,OFF WHITE / GOLD LEA PRINT
Color,OFF WHITE / GREEN
Color,OFF WHITE / GREY ANIMAL PRINT
Color,OFF WHITE / GREY PRINT
Color,OFF WHITE / LIGHT BLUE AMARI PRINT
Color,OFF WHITE / LIGHT MUSTARD PRINT
Color,OFF WHITE / LILAC PRINT
Color,OFF WHITE / MUSTARD AMARI PRINT
Color,OFF WHITE / NAVY BLUE ABSTRACT PRINT
Color,OFF WHITE / NAVY NITA PRINT
Color,OFF WHITE / NAVY PRINT
Color,OFF WHITE / OLIVE NURU PRINT
Color,OFF WHITE / ORANGE AMARI PRINT
Color,OFF WHITE / ORANGE FLORAL PRINT
Color,OFF WHITE / ORANGE HERI ABSTRACT PRINT
Color,OFF WHITE / ORANGE HERI PRINT
Color,OFF WHITE / PINK PRINT
Color,OFF WHITE / PURPLE PRINT
Color,OFF WHITE / RED TILLA PRINT
Color,OFF WHITE / RUST HEART PRINT
Color,OFF WHITE / RUST YANA PRINT
Color,OFF WHITE CHAIN PRINT
Color,OFF WHITE FLOWER PRINT
Color,OFF WHITE PRINT
Color,"OFF WHITE, BLACK"
Color,"OFF WHITE, NAVY BLUE"
Color,"OFF WHITE, TAUPE"
Color,"OFF WHITE, TEAL"
Color,OFF-WHITE
Color,OFF-WHITE / BEIGE PRINT
Color,OFF-WHITE / BLACK
Color,OFF-WHITE / BLACK CREPE PRINT
Color,OFF-WHITE / BLACK PRINT
Color,OFF-WHITE / BROWN PRINT
Color,OFF-WHITE / SILVER
Color,OFF-WHITE / TAUPE PRINT
Color,OFFWHITE
Color,OFFWHITE / BLACK ABSTRACT PINT
Color,OFFWHITE / BLUE PRINT
Color,OIL YELLOW
Color,OLD ROSE
Color,OLIVE
Color,OLIVE / BEIGE PRINT
Color,OLIVE / BLACK
Color,OLIVE / BLACK AMELI PRINT
Color,OLIVE / BLACK ARISI PRINT
Color,OLIVE / BLACK CAPI PRINT
Color,OLIVE / BLACK HESI PRINT
Color,OLIVE / BLACK HINI PRINT
Color,OLIVE / BLACK KELE PRINT
Color,OLIVE / BLACK MILO PRINT
Color,OLIVE / BLACK MIWA PRINT
Color,OLIVE / BLACK SIDI PRINT
Color,OLIVE / BLACK WIA PRINT
Color,OLIVE / BROWN KHOI PRINT
Color,OLIVE / BROWN RIBA PRINT
Color,OLIVE / CHERRY PRINT
Color,OLIVE / CHOCOLATE SABI PRINT
Color,OLIVE / DARK GREEN DOLA PRINT
Color,OLIVE / DARK GREEN NISA PRINT
Color,OLIVE / DARK GREEN PRINT
Color,OLIVE / DARK RED PASI PRINT
Color,OLIVE / GREEN RUVU PRINT
Color,OLIVE / GREEN ZIZA PRINT
Color,OLIVE / MUSTARD NURU PRINT
Color,OLIVE / MUSTARD RIBA PRINT
Color,OLIVE / PEACH FLORAL PRINT
Color,OLIVE / PINK HADI PRINT
Color,OLIVE / RUST ABSTARCT PRINT
Color,OLIVE / TEAL DIYA PRINT
Color,OLIVE / WHITE DUNA PRINT
Color,OLIVE / WHITE EWALE PRINT
Color,OLIVE / WHITE MISTARI DIAGONAL PRINT
Color,OLIVE / WHITE PRINT
Color,OLIVE / WHITE RIBA PRINT
Color,OLIVE A
Color,OLIVE B
Color,OLIVE DUKU PRINT
Color,OLIVE GREEN
Color,OLIVE GREEN / BLACK ANIMAL PRINT
Color,OLIVE GREEN / BLACK FLORAL PRINT
Color,OLIVE GREEN / BROWN PRINT
Color,OLIVE GREEN / CHOCOLATE IZA PRINT
Color,OLIVE GREEN / MUSTARD NURU PRINT
Color,OLIVE GREEN / WHITE MISTARI PRINT
Color,OLIVE GREEN PRINT
Color,OLIVE GREEN/ MUSTARD
Color,OLIVE PINSTRIPES
Color,OMBRE
Color,ORANGE
Color,ORANGE / BEIGE ABSTRACT PRINT
Color,ORANGE / BLACK ABSTRACT
Color,ORANGE / BLACK ABSTRACT PRINT
Color,ORANGE / BLACK ALA PRINT
Color,ORANGE / BLACK ANIMAL PRINT
Color,ORANGE / BLACK ANKARA PRINT
Color,ORANGE / BLACK BOMBO PRINT
Color,ORANGE / BLACK EBU PRINT
Color,ORANGE / BLACK FANI PRINT
Color,ORANGE / BLACK FLORAL PRINT
Color,ORANGE / BLACK GEOMETRIC PRINT
Color,ORANGE / BLACK IYA PRINT
Color,ORANGE / BLACK IZA PRINT
Color,ORANGE / BLACK LANGO PRINT
Color,ORANGE / BLACK LEAF PRINT
Color,ORANGE / BLACK LINA PRINT
Color,ORANGE / BLACK LISI PRINT
Color,ORANGE / BLACK LIWE PRINT
Color,ORANGE / BLACK MALI PRINT
Color,ORANGE / BLACK MANDA PRINT
Color,ORANGE / BLACK MAZE ABSTRACT PRINT
Color,ORANGE / BLACK MISTARI PRINT
Color,ORANGE / BLACK MIYU PRINT
Color,ORANGE / BLACK NASI PRINT
Color,ORANGE / BLACK NIGER PRINT
Color,ORANGE / BLACK NITAI PRINT
Color,ORANGE / BLACK NOYA PRINT
Color,ORANGE / BLACK PRINT
Color,ORANGE / BLACK SESE PRINT
Color,ORANGE / BLACK SINKA PRINT
Color,ORANGE / BLACK SPIRAL ABSTRACT PRINT
Color,ORANGE / BLACK SWIRL PRINT
Color,ORANGE / BLACK TIKI PRINT
Color,ORANGE / BLACK TILLA PRINT
Color,ORANGE / BLACK TULLU PRINT
Color,ORANGE / BLACK UA PRINT
Color,ORANGE / BLACK ULLU PRINT
Color,ORANGE / BLACK UMACA PRINT
Color,ORANGE / BLACK ZAWI PRINT
Color,ORANGE / BLACK ZURI PRINT
Color,ORANGE / BLUE ABSTRACT PRINT
Color,ORANGE / BLUE ANKARA
Color,ORANGE / BLUE PRINT
Color,ORANGE / BROWN ABSTRACT PRINT
Color,ORANGE / BROWN GEOMETRIC PRINT
Color,ORANGE / BROWN PRINT
Color,ORANGE / BURGUNDY EWALE PRINT
Color,ORANGE / BURGUNDY ISI PRINT
Color,ORANGE / BURGUNDY UMBO PRINT
Color,ORANGE / COBALT PRINT
Color,ORANGE / CORAL GEOMETRIC PRINT
Color,ORANGE / CREAM BULE PRINT
Color,ORANGE / CREAM FLORAL PRINT
Color,ORANGE / DARK GREEN ABSTRACT PRINT
Color,ORANGE / DARK GREEN PRINT
Color,ORANGE / DARK RED NASI PRINT
Color,ORANGE / GREEN CIRCLE PRINT
Color,ORANGE / GREEN FLORAL PRINT
Color,ORANGE / GREEN KITA PRINT
Color,ORANGE / GREEN LEAF PRINT
Color,ORANGE / GREEN LIFI PRINT
Color,ORANGE / GREEN PRINT
Color,ORANGE / GREY ABSTRACT PRINT
Color,ORANGE / GREY LEAF PRINT
Color,ORANGE / GREY PRINT
Color,ORANGE / HUNTERS NILA PRINT
Color,ORANGE / LIGHT BLUE FLORAL PRINT
Color,ORANGE / LIGHT BLUE NISA PRINT
Color,ORANGE / LIGHT PINK
Color,ORANGE / LILAC ABASI PRINT
Color,ORANGE / MAROON AMARI PRINT
Color,ORANGE / MAROON STRIPES PRINT
Color,ORANGE / MUSTARD PRINT
Color,ORANGE / NAVY BLUE ABSTRACT PRINT
Color,ORANGE / NAVY BLUE GEOMETRIC PRINT
Color,ORANGE / NAVY BLUE SIRI PRINT
Color,ORANGE / NAVY PRINT
Color,ORANGE / NAVY RUMI PRINT
Color,ORANGE / OFF WHITE PRINT
Color,ORANGE / OLIVE MULTICOLOR PRINT
Color,ORANGE / PEACH PRINT
Color,ORANGE / PINK ABSTRACT PRINT
Color,ORANGE / PINK FLOHIBI PRINT
Color,ORANGE / PINK PRINT
Color,ORANGE / PURPLE ABSTRACT PRINT
Color,ORANGE / PURPLE FLORAL PRINT
Color,ORANGE / PURPLE STRIPE PRINT
Color,ORANGE / PURPLE STRIPES PRINT
Color,ORANGE / RED ANKARA
Color,ORANGE / RED PRINT
Color,ORANGE / TAUPE ABSTRACT PRINT
Color,ORANGE / TAUPE ANKARA PRINT
Color,ORANGE / TAUPE CHANA PRINT
Color,ORANGE / TAUPE LEAF PRINT
Color,ORANGE / TEAL BALI PRINT
Color,ORANGE / TEAL DEZA PRINT
Color,ORANGE / TEAL KITA PRINT
Color,ORANGE / WHITE
Color,ORANGE / WHITE ABSTRACT PRINT
Color,ORANGE / WHITE EBU PRINT
Color,ORANGE / WHITE GEOMETRIC PRINT
Color,ORANGE / WHITE SAMBA PRINT
Color,ORANGE / WHITE UKWI PRINT
Color,ORANGE / YELLOW PRINT
Color,ORANGE /PINK
Color,ORANGE ABSTRACT PRINT
Color,ORANGE AMARI PRINT
Color,ORANGE ANIMAL PRINT
Color,ORANGE CHEETAH PRINT
Color,ORANGE DANDELION FLORAL PRINT
Color,ORANGE FLORAL PRINT
Color,ORANGE GREEN ASAKA PRINT
Color,ORANGE HIBI PRINT
Color,ORANGE KOTO PRINT
Color,ORANGE NAMDI PRINT
Color,ORANGE POLKA PRINT
Color,ORANGE PRINT
Color,ORANGE WIMBI PRINT
Color,ORANGE/ BLACK CHANA PRINT
Color,ORANGE/ BLACK HINI PRINT
Color,ORANGE/BLACK PRINT -4
Color,ORANGE/BLACK UA PRINT
Color,ORANGE/BLUE PRINT
Color,ORANGE/BROWN PRINT
Color,ORANGE/HUNTERS NILA PRINT
Color,ORCHID BLOOM
Color,PALE BLUE
Color,PANGANI PRINT
Color,PAPAYA
Color,PARADISE GREEN
Color,PARROT
Color,PARROT KOKO PRINT
Color,PASTEL BLUE
Color,PASTEL MINT
Color,PASTEL PURPLE / NAVY IYA PRINT
Color,PB1
Color,PB2
Color,PB3
Color,PB4
Color,PB5
Color,PEACH
Color,PEACH / BLACK
Color,PEACH / BLACK ABSTACT PRINT
Color,PEACH / BLACK ABSTRACT PRINT
Color,PEACH / BLACK CHANT PRINT
Color,PEACH / BLACK ESLI PRINT
Color,PEACH / BLACK FLORAL PRINT
Color,PEACH / BLACK IKAT ABSTRACT PRINT
Color,PEACH / BLACK PRINT
Color,PEACH / BLACK ZARI PRINT
Color,PEACH / BLUE ANKARA PRINT
Color,PEACH / BLUE FLORAL
Color,PEACH / BLUE SARA PRINT
Color,PEACH / BLUE TANA PRINT
Color,PEACH / BROWN ABSTRACT PRINT
Color,PEACH / BROWN FAN PRINT
Color,PEACH / BROWN PRINT
Color,PEACH / BURGUNDY PRINT
Color,PEACH / DARK GREEN ABSTRACT PRINT
Color,PEACH / DARK GREEN TILLA PRINT
Color,PEACH / DARK PURPLE NISA PRINT
Color,PEACH / GREEN DEZA PRINT
Color,PEACH / GREEN FLORAL PRINT
Color,PEACH / GREEN GEOMETRIC PRINT
Color,PEACH / GREEN PRINT
Color,PEACH / GREY ABSTRACT PRINT
Color,PEACH / GREY FLORAL PRINT
Color,PEACH / LILAC PRINT
Color,PEACH / MAROON
Color,PEACH / MAROON NAKA PRINT
Color,PEACH / MAROON PRINT
Color,PEACH / MUSTARD PRINT
Color,PEACH / NAVY
Color,PEACH / NAVY BLUE ABSTRACT PRINT
Color,PEACH / NAVY PRINT
Color,PEACH / OFF WHITE ABSTRACT PRINT
Color,PEACH / OFF-WHITE ABSTRACT PRINT
Color,PEACH / ORANGE PRINT
Color,PEACH / PINK PRINT
Color,PEACH / PURPLE LEAF PRINT
Color,PEACH / PURPLE PRINT
Color,PEACH / RED ANKARA PRINT
Color,PEACH / RED PRINT
Color,PEACH / RUST PRINT
Color,PEACH / RUST SERA PRINT
Color,PEACH / TAN PRINT
Color,PEACH / TEAL DIYA PRINT
Color,PEACH / TEAL PRINT
Color,PEACH / TEAL SAKI PRINT
Color,PEACH / TEAL SPIRAL PRINT
Color,PEACH / WHITE CHANT PRINT
Color,PEACH / WHITE PRINT
Color,PEACH / YELLOW FLORAL PRINT
Color,PEACH ABTSRACT PRINT
Color,PEACH ANIMAL PRINT
Color,PEACH FLORAL
Color,PEACH FLORAL PRINT
Color,PEACH NAMDI PRINT
Color,PEACH PRINT
Color,PEACH/BROWN PRINT
Color,PEACH/GREY LEAF PRINT
Color,PEACOCK
Color,PINE
Color,PINK
Color,PINK + ORANGE / PURPLE PRINT
Color,PINK + PINK / PURPLE PRINT
Color,PINK / BLACK
Color,PINK / BLACK ABENI PRINT
Color,PINK / BLACK ABSTACT PRINT
Color,PINK / BLACK ABSTRACT PRINT
Color,PINK / BLACK BIYA PRINT
Color,PINK / BLACK CHALE PRINT
Color,PINK / BLACK DANA PRINT
Color,PINK / BLACK DUKU PRINT
Color,PINK / BLACK FLORAL PRINT
Color,PINK / BLACK GEOMETRIC PRINT
Color,PINK / BLACK HADI PRINT
Color,PINK / BLACK HESI PRINT
Color,PINK / BLACK KARI PRINT
Color,PINK / BLACK KASAI PRINT
Color,PINK / BLACK LEAF PRINT
Color,PINK / BLACK MISTARI DIAGONAL PRINT
Color,PINK / BLACK PASI PRINT
Color,PINK / BLACK PETAL PRINT
Color,PINK / BLACK POLKA ANKARA
Color,PINK / BLACK POLKA DOT PRINT
Color,PINK / BLACK PRINT
Color,PINK / BLACK STRIPES PRINT
Color,PINK / BLACK WERA PRINT
Color,PINK / BLUE ABSTRACT PRINT
Color,PINK / BLUE ANKARA PRINT
Color,PINK / BLUE BIYA PRINT
Color,PINK / BLUE CAMO PRINT
Color,PINK / BLUE FLORAL PRINT
Color,PINK / BLUE MULTICOLOR ABSTRACT PRINT
Color,PINK / BLUE PRINT
Color,PINK / BROWN ABSTRACT PRINT
Color,PINK / BROWN ANIMAL PRINT
Color,PINK / BROWN CAMO PRINT
Color,PINK / BROWN FLORAL PRINT
Color,PINK / BROWN GEOMETRIC PRINT
Color,PINK / BROWN PRINT
Color,PINK / BROWN ROSE PRINT
Color,PINK / BURGUNDY ETA PRINT
Color,PINK / BURGUNDY HAWA PRINT
Color,PINK / BURGUNDY ISI PRINT
Color,PINK / BUTTERMILK PRINT
Color,PINK / CHOCOLATE PRINT
Color,PINK / CORAL PRINT
Color,PINK / CREAM PRINT
Color,PINK / DARK PINK ABSTRACT PRINT
Color,PINK / GEOMETRIC PRINT
Color,PINK / GREEN ABSTRACT PRINT
Color,PINK / GREEN ANKARA PRINT
Color,PINK / GREEN BIYA PRINT
Color,PINK / GREEN ESNA PRINT
Color,PINK / GREEN FLORAL PRINT
Color,PINK / GREEN HARI PRINT
Color,PINK / GREEN LIWI PRINT
Color,PINK / GREEN PRINT
Color,PINK / GREY ABSTRACT PRINT
Color,PINK / GREY FLORAL PRINT
Color,PINK / GREY PRINT
Color,PINK / HUNTERS GREEN PRINT
Color,PINK / LIGHT PINK GEOMETRIC PRINT
Color,PINK / LIME TOCO PRINT
Color,PINK / MAROON PRINT
Color,PINK / MUSTARD FLORAL PRINT
Color,PINK / MUSTARD PRINT
Color,PINK / NAVY AMARI PRINT
Color,PINK / NAVY BLUE ABSTRACT
Color,PINK / NAVY BLUE ABSTRACT PRINT
Color,PINK / NAVY BLUE BATIK GEOMETRIC PRINT
Color,PINK / NAVY BLUE FLORAL PRINT
Color,PINK / NAVY BLUE HEARTS PRINT
Color,PINK / NAVY BLUE HESI PRINT
Color,PINK / NAVY BLUE IKAT ABSTRACT PRINT
Color,PINK / NAVY BLUE PRINT
Color,PINK / NAVY FLORAL PRINT
Color,PINK / NAVY PRINT
Color,PINK / NAVY SAKI PRINT
Color,PINK / NAVY SARI PRINT
Color,PINK / NAVY SERA PRINT
Color,PINK / NUDE ABSTRACT PRINT
Color,PINK / OFF WHITE PRINT
Color,PINK / OFFWHITE PRINT
Color,PINK / ORANGE
Color,PINK / ORANGE ABSTRACT PRINT
Color,PINK / ORANGE ANKARA PRINT
Color,PINK / ORANGE FLORAL PRINT
Color,PINK / ORANGE HITA PRINT
Color,PINK / ORANGE PRINT
Color,PINK / PURPLE ABSTRACT PRINT
Color,PINK / PURPLE EMI PRINT
Color,PINK / PURPLE FLORAL PRINT
Color,PINK / PURPLE GEOMERIC PRINT
Color,PINK / PURPLE LEAF PRINT
Color,PINK / PURPLE MULTICOLOUR ABSTRACT PRINT
Color,PINK / PURPLE PRINT
Color,PINK / RED FLORAL PRINT
Color,PINK / RED MULTICOLOR ABSTRACT PRINT
Color,PINK / ROYAL BLUE FLORAL PRINT
Color,PINK / RUST GEOMETRIC PRINT
Color,PINK / RUST SERA PRINT
Color,PINK / TAUPE
Color,PINK / TAUPE FLORAL PRINT
Color,PINK / TAUPE PRINT
Color,PINK / TEAL ABSTRACT PRINT
Color,PINK / TEAL ANKARA PRINT
Color,PINK / TEAL HADI PRINT
Color,PINK / WHITE ABSTRACT PRINT
Color,PINK / WHITE CAIRO PRINT
Color,PINK / WHITE FLORAL PRINT
Color,PINK / WHITE MISTARI DIAGONAL PRINT
Color,PINK / WHITE MISTARI PRINT
Color,PINK / WHITE PRINT
Color,PINK / WHITE ZAZI PRINT
Color,PINK / YELLOW ABSTRACT PRINT
Color,PINK / YELLOW FLORAL PRINT
Color,PINK / YELLOW PRINT
Color,PINK / YELLOW SARK PRINT
Color,PINK ABSTRACT PRINT
Color,PINK ANIMAL PRINT
Color,PINK CHALE PRINT
Color,PINK CHEETAH PRINT
Color,PINK DAFFODILS PRINT
Color,PINK DANDELION FLORAL
Color,PINK DUKU PRINT
Color,PINK FLORAL
Color,PINK FLORAL ABSTRACT PRINT
Color,PINK FLORAL PRINT
Color,PINK FLOWERS
Color,PINK FLOWERS PRINT
Color,PINK GEOMETRIC PRINT
Color,PINK IKAT PRINT
Color,PINK KOTO PRINT
Color,PINK LEAF PRINT
Color,PINK METI PRINT
Color,PINK MOTIF PRINT
Color,PINK MULTICOLOR FLORAL PRINT
Color,PINK NECTAR
Color,PINK POLKA
Color,PINK POLKA STRIPES
Color,PINK POPPY PRINT
Color,PINK PRINT
Color,PINK PRINT (SPECIAL OFFER)
Color,PINK SARI PRINT
Color,PINK TIE DYE
Color,PINK TIE DYE ABSTRACT PRINT
Color,PINK TIE DYE PRINT
Color,PINK(PLAIN BELT)
Color,"PINK, GREY"
Color,PINK/BLACK CHECKERED PRINT
Color,PINK/BLACK PRINT
Color,PINK/TURQOISE BLUE
Color,PINSTRIPES
Color,PLAID MUSTARD
Color,PLAIN BLACK
Color,PLUM
Color,PLUM / CHAMPAGNE MIWA PRINT
Color,PLUM / CHAMPAGNE UKWI PRINT
Color,POLIGNAC
Color,POLKA BLACK PRINT
Color,POLKA CREAM PRINT
Color,POLKA DOT
Color,POLKA DOT PRINT
Color,PORTUGUESE MINT
Color,POWDER BLUE
Color,PR1
Color,"PR1, MUSTARD"
Color,"PR1, PR2"
Color,PRINCESS BLUE
Color,PRINT
Color,PRINT 1
Color,PRINT 2
Color,PRINT 5
Color,PRINT 6
Color,PRINT MUSTARD
Color,PRINT SAND
Color,PRINT YELLOW
Color,PRINT(CIRCLES)
Color,PRINT(RED PATCH)
Color,PRINTED SAND
Color,PRISM PINK
Color,PROVINCAL BLUE
Color,PURPLE
Color,PURPLE (SPECIAL OFFER)
Color,PURPLE / BLACK
Color,PURPLE / BLACK ABSTRACT
Color,PURPLE / BLACK ABSTRACT PRINT
Color,PURPLE / BLACK BIYA PRINT
Color,PURPLE / BLACK CLOVER PRINT
Color,PURPLE / BLACK FLORAL PRINT
Color,PURPLE / BLACK GEOMETRIC ABSTRACT PRINT
Color,PURPLE / BLACK HOUNDSTOOTH PRINT
Color,PURPLE / BLACK IKAT ABSTRACT PRINT
Color,PURPLE / BLACK KASAI PRINT
Color,PURPLE / BLACK NURRA PRINT
Color,PURPLE / BLACK PRINT
Color,PURPLE / BLACK SAVI PRINT
Color,PURPLE / BLACK SEKA PRINT
Color,PURPLE / BLACK TIKI PRINT
Color,PURPLE / BLACK TUNI PRINT
Color,PURPLE / BLUE
Color,PURPLE / BLUE ABSTRACT PRINT
Color,PURPLE / BLUE ANKARA PRINT
Color,PURPLE / BLUE DORET PRINT
Color,PURPLE / BLUE FLORAL PRINT
Color,PURPLE / BLUE MULTICOLOR ABSTRACT PRINT
Color,PURPLE / BLUE PRINT
Color,PURPLE / BLUSH PETAL PRINT
Color,PURPLE / BROWN ABSTRACT PRINT
Color,PURPLE / BROWN PRINT
Color,PURPLE / BROWN STRIPE PRINT
Color,PURPLE / BURGUNDY ABSTRACT PRINT
Color,PURPLE / CREAM RUBI PRINT
Color,PURPLE / GREEN ANKARA PRINT
Color,PURPLE / GREEN FLORAL
Color,PURPLE / GREEN FLORAL PRINT
Color,PURPLE / GREEN LEAF PRINT
Color,PURPLE / GREEN PRINT
Color,PURPLE / GREY FLORAL PRINT
Color,PURPLE / GREY LEAF PRINT
Color,PURPLE / GREY PRINT
Color,PURPLE / LIGHT PINK SQUIGGLE PRINT
Color,PURPLE / LILAC
Color,PURPLE / LILAC ABSTRACT PRINT
Color,PURPLE / MAROON PRINT
Color,PURPLE / MUSTARD FLORAL PRINT
Color,PURPLE / MUSTARD LEAF PRINT
Color,PURPLE / NAVY BLUE ABSTRACT PRINT
Color,PURPLE / NAVY DAZE PRINT
Color,PURPLE / NAVY IZA PRINT
Color,PURPLE / NAVY NOLA PRINT
Color,PURPLE / OFF WHITE LEAF PRINT
Color,PURPLE / OLIVE
Color,PURPLE / OLIVE PRINT
Color,PURPLE / ORANGE ABSTRACT PRINT
Color,PURPLE / ORANGE BRUSH STROKES PRINT
Color,PURPLE / ORANGE PRINT
Color,PURPLE / PEACH
Color,PURPLE / PEACH PRINT
Color,PURPLE / PINK ABSTRACT PRINT
Color,PURPLE / PINK ANKARA PRINT
Color,PURPLE / PINK LEAF PRINT
Color,PURPLE / PINK PRINT
Color,PURPLE / RED ABSTRACT PRINT
Color,PURPLE / RED ANKARA PRINT
Color,PURPLE / RED PRINT
Color,PURPLE / TAUPE ABSTRACT
Color,PURPLE / TAUPE FLORAL PRINT
Color,PURPLE / WHITE ABSTRACT PRINT
Color,PURPLE / WHITE CLOVER PRINT
Color,PURPLE / WHITE MANDA PRINT
Color,PURPLE / WHITE PETAL PRINT
Color,PURPLE / WHITE POLKA DOT PRINT
Color,PURPLE / WHITE PRINT
Color,PURPLE / YELLOW
Color,PURPLE / YELLOW PRINT
Color,PURPLE ABSTRACT
Color,PURPLE ABSTRACT PRINT
Color,PURPLE ANIMAL PRINT
Color,PURPLE ARI PRINT
Color,PURPLE FLORAL
Color,PURPLE FLORAL PRINT
Color,PURPLE GREY
Color,PURPLE LEAF PRINT
Color,PURPLE MURAL PRINT
Color,PURPLE PAISLEY PRINT
Color,PURPLE POPPY PRINT
Color,PURPLE PRINT
Color,PURPLE RED
Color,PURPLE SNAKE PRINT
Color,PURPLE TIE DYE PRINT
Color,PURPLE WAVY PRINT
Color,PURPLE ZIGZAG PRINT
Color,PURPLE/GREY FLORAL PRINT
Color,PWEZA PRINT
Color,RASPBERRY
Color,RASPBERRY / LIGHT GREY
Color,RASPBERRY / LIGHT GREY SAMBA PRINT
Color,RASPBERRY PRINT
Color,RASPBERRY PURPLE
Color,RED
Color,RED (SPECIAL OFFER)
Color,RED / BANA PRINT
Color,RED / BEIGE SHIMA PRINT
Color,RED / BLACK
Color,RED / BLACK ABSTRACT
Color,RED / BLACK ABSTRACT PRINT
Color,RED / BLACK AMELI PRINT
Color,RED / BLACK ANIMAL PRINT
Color,RED / BLACK ANKARA PRINT
Color,RED / BLACK FANI PRINT
Color,RED / BLACK FLORAL PRINT
Color,RED / BLACK GEOMETRIC PRINT
Color,RED / BLACK HOUNDSTOOTH PRINT
Color,RED / BLACK IKAT ABSTRACT PRINT
Color,RED / BLACK KELE PRINT
Color,RED / BLACK LANGO PRINT
Color,RED / BLACK LINA PRINT
Color,RED / BLACK NOLA PRINT
Color,RED / BLACK PINK DASHEN PRINT
Color,RED / BLACK PRINT
Color,RED / BLACK RIDI PRINT
Color,RED / BLACK SIDI L PRINT
Color,RED / BLACK SIDI PRINT
Color,RED / BLACK SIDI XS PRINT
Color,RED / BLACK SINKA PRINT
Color,RED / BLACK SIRI PRINT
Color,RED / BLACK TEZO PRINT
Color,RED / BLACK TILLA PRINT
Color,RED / BLACK YLA PRINT
Color,RED / BLACK ZIZA PRINT
Color,RED / BLUE ANKARA PRINT
Color,RED / BLUE FLORAL PRINT
Color,RED / BLUE PRINT
Color,RED / BROWN FLORAL PRINT
Color,RED / BROWN PRINT
Color,RED / BURGUNDY ABSTRACT PRINT
Color,RED / CREAM ABSTRACT PRINT
Color,RED / CREAM STRIPES
Color,RED / GREEN FLORAL PRINT
Color,RED / GREEN LEAF PRINT
Color,RED / GREEN PRINT
Color,RED / GREEN SHIRA PRINT
Color,RED / GREEN STAWI PRINT
Color,RED / GREY LEAF PRINT
Color,RED / GREY PRINT
Color,RED / LIGHT PINK FLORAL PRINT
Color,RED / MAROON PRINT
Color,RED / MUSTARD / BLUE PRINT
Color,RED / MUSTARD ANKARA PRINT
Color,RED / NAVY BLUE ABSTRACT
Color,RED / NAVY BLUE ABSTRACT PRINT
Color,RED / NAVY EBA PRINT
Color,RED / NAVY NOLA PRINT
Color,RED / NAVY PRINT
Color,RED / NAVY SELLA PRINT
Color,RED / OFF WHITE
Color,RED / OLIVE STRIPES
Color,RED / ORANGE ABSTRACT PRINT
Color,RED / ORANGE LEAF PRINT
Color,RED / ORANGE PRINT
Color,RED / ORANGE TAL PRINT
Color,RED / PEACH
Color,RED / PEACH ABSTRACT PRINT
Color,RED / PEACH EBU PRINT
Color,RED / PINK
Color,RED / PINK ANKARA PRINT
Color,RED / PINK PRINT
Color,RED / PURPLE ABSTRACT PRINT
Color,RED / PURPLE FLORAL PRINT
Color,RED / PURPLE PRINT
Color,RED / SILVER POLKA DOT PRINT
Color,RED / TAFO PRINT
Color,RED / TAUPE MTENDE ABSTRACT PRINT
Color,RED / TEAL ABSTRACT PRINT
Color,RED / WHITE ABSTRACT PRINT
Color,RED / WHITE FLORAL PRINT
Color,RED / WHITE HEART PRINT
Color,RED / WHITE IFI PRINT
Color,RED / WHITE LINEAR ABSTRACT PRINT
Color,RED / WHITE PRINT
Color,RED / WHITE SPIRAL PRINT
Color,RED / WHITE STRIPES
Color,RED / YELLOW
Color,RED / YELLOW / WHITE CIRCLES PRINT
Color,RED / YELLOW ABSTRACT PRINT
Color,RED / YELLOW PRINT
Color,RED /BLUE
Color,RED /BROWN FLORAL PRINT
Color,RED ABSTRACT PRINT
Color,RED ANIMAL PRINT
Color,RED BLACK LINES PRINT
Color,RED BLUE
Color,RED FLANNEL
Color,RED FLORAL
Color,RED FLORAL PRINT
Color,RED KOI PRINT
Color,RED LEAF PRINT
Color,RED PAISELY PRINT
Color,RED POLKA DOT PRINT
Color,RED POLKA PRINT
Color,RED PRINT
Color,RED PRINT - 3
Color,RED TIA PRINT
Color,RED WAVY PRINT
Color,"RED, GREEN, BLUE"
Color,RED/BLACK
Color,RED/BLACK ANIMAL PRINT
Color,RED/BLACK PRINT
Color,RED/BLACK ZENA PRINT
Color,RED/BLUE PRINT
Color,RED/BLUE/WHITE PRINT
Color,RED/BROWN FLORAL PRINT
Color,RED/BROWN PRINT
Color,RFS 1
Color,RFS 2
Color,RFS 3
Color,RFS 4
Color,RFS 5
Color,RFS 6
Color,RFS 7
Color,RIO PRINT
Color,RIZA PRINT
Color,ROSE
Color,ROSE / NYOTA
Color,ROSE / PINK HESI PRINT
Color,ROSE FLORAL PRINT
Color,ROSE PINK
Color,ROSE PINK / FUSCHIA LIA PRINT
Color,ROSE PINK / FUSCHIA NITO PRINT
Color,ROSE PINK TEXTURED
Color,ROSE PURPLE CHALA PRINT
Color,ROYAL BLUE
Color,ROYAL BLUE / BLACK ABSTRACT PRINT
Color,ROYAL BLUE / BLACK PRINT
Color,ROYAL BLUE / GREEN LANA PRINT
Color,ROYAL BLUE / ORANGE ABSTRACT PRINT
Color,ROYAL BLUE / ORANGE FLORAL PRINT
Color,ROYAL BLUE / ORANGE PRINT
Color,ROYAL BLUE / PEACH PRINT
Color,ROYAL BLUE / RED FLORAL PRINT
Color,ROYAL BLUE / RED PRINT
Color,ROYAL BLUE / YELLOW FLORAL
Color,ROYAL BLUE ABSTRACT PRINT
Color,ROYAL BLUE ARI PRINT
Color,ROYAL BLUE FLORAL PRINT
Color,ROYAL BLUE PETALS PRINT
Color,ROYAL BLUE PRINT
Color,ROYAL BLUE ROSE PRINT
Color,ROYAL BLUE ROSES PRINT
Color,ROYAL BLUE/BLACK MAI PRINT
Color,ROYAL PRINT
Color,RUBI
Color,RUM RAISIN
Color,RUSIZI
Color,RUST
Color,RUST (COPY)
Color,RUST + AMA PRINT
Color,RUST / ANIMAL PRINT
Color,RUST / BITO PRINT
Color,RUST / BLACK
Color,RUST / BLACK ABENI PRINT
Color,RUST / BLACK ABSTRACT PRINT
Color,RUST / BLACK ANIMAL PRINT
Color,RUST / BLACK BOMBO PRINT
Color,RUST / BLACK CALOP PRINT
Color,RUST / BLACK ELA PRINT
Color,RUST / BLACK GEOMETRIC PRINT
Color,RUST / BLACK HESI PRINT
Color,RUST / BLACK HOUNDSTOOTH PRINT
Color,RUST / BLACK IKAT ABSTRACT PRINT
Color,RUST / BLACK ISA PRINT
Color,RUST / BLACK LALA PRINT
Color,RUST / BLACK LANGO PRINT
Color,RUST / BLACK MIYU PRINT
Color,RUST / BLACK NAMA PRINT
Color,RUST / BLACK NISA PRINT
Color,RUST / BLACK POLKA DOT
Color,RUST / BLACK PRINT
Color,RUST / BLACK REMA PRINT
Color,RUST / BLACK ROSE ABSTRACT PRINT
Color,RUST / BLACK RUVU PRINT
Color,RUST / BLACK SEKA PRINT
Color,RUST / BLACK SIDI PRINT
Color,RUST / BLACK TALIA PRINT
Color,RUST / BLACK URU PRINT
Color,RUST / BLACK ZIZA PRINT
Color,RUST / BLUE PRINT
Color,RUST / BROWN ABSTRACT PRINT
Color,RUST / BROWN ANIMAL PRINT
Color,RUST / BROWN KIGALI PRINT
Color,RUST / BROWN MARRA PRINT
Color,RUST / BROWN PRINT
Color,RUST / BURGUNDY MOHI PRINT
Color,RUST / BURGUNDY PRINT
Color,RUST / CARAMEL
Color,RUST / CHOCOLATE
Color,RUST / CHOCOLATE ABSTRACT PRINT
Color,RUST / CREAM PRINT
Color,RUST / GREEN LEKE PRINT
Color,RUST / GREEN LEKE PRINT + CREAM
Color,RUST / GREEN LINDI PRINT
Color,RUST / GREEN PRINT
Color,RUST / HIMO PRINT
Color,RUST / HUNTERS GREEN FLORAL PRINT
Color,RUST / HUNTERS GREEN LEAF PRINT
Color,RUST / HUNTERS PRINT
Color,RUST / LIGHT BLUE PRINT
Color,RUST / MASHI PRINT
Color,RUST / MULBERRY NASI PRINT
Color,RUST / MUSTARD ANKARA PRINT
Color,RUST / MUSTARD PRINT
Color,RUST / MUSTARD SAMBA PRINT
Color,RUST / NAVY ABSTRACT PRINT
Color,RUST / NAVY ENA PRINT
Color,RUST / NAVY PRINT
Color,RUST / NAVY TRIBE PRINT
Color,RUST / NAVY YAA PRINT
Color,RUST / NAVY YANA PRINT
Color,RUST / NEBA PRINT
Color,RUST / TAUPE ANKARA PRINT
Color,RUST / WHITE PRINT
Color,RUST / YELLOW PRINT
Color,RUST ANIMAL PRINT
Color,RUST AYLA PRINT
Color,RUST BROWN
Color,RUST CAMO PRINT
Color,RUST CHEETAH PRINT
Color,RUST GEOMETRIC PRINT
Color,RUST JAZAH PRINT
Color,RUST KOI PRINT
Color,RUST LEAF PRINT
Color,RUST LEOPARD PRINT
Color,RUST ORANGE
Color,RUST PRINT
Color,RUST RED
Color,RUST SNAKE PRINT
Color,RUST TEXTURED
Color,RUST TIGER PRINT
Color,RUST/ BLACK HINI PRINT
Color,RUST/ BLACK SIDI PRINT
Color,RUST/BLACK GOLA PRINT
Color,SABIE
Color,SAFFRON
Color,SAFRON
Color,SAFRON / MUSTARD WARIDI PRINT
Color,SAGE
Color,SAGE / DARK GREEN KILE PRINT
Color,SAGE / NAVY SELLA PRINT
Color,SAI
Color,SAI PRINT
Color,SALE
Color,"SAM1, PRINT1 BLUE, SEA BLUE"
Color,SAMPLE
Color,SAMPLE 1
Color,SAMPLE 2
Color,SAMPLE 3
Color,SAMPLE 4
Color,SAMPLE 5
Color,SAMPLE 6
Color,SAMPLE 7
Color,SAMPLE1
Color,SAMPLE2
Color,SAMPLE3
Color,SAND
Color,SAND / BROWN PRINT
Color,SAND / CHOCOLATE PRINT
Color,SARI CORAL PRINT
Color,SAVANNAH
Color,SEA BLUE
Color,SEA BLUE PRINT
Color,SEA FOAM GREEN
Color,SEA GRASS
Color,SEA GREEN
Color,SEA GREEN / BLACK ABSTRACT PRINT
Color,SEA GREEN / BLACK HESI PRINT
Color,SEA GREEN / BLACK PRINT
Color,SEA GREEN / BLACK ROBE PRINT
Color,SEA GREEN / BLUE ANKARA PRINT
Color,SEA GREEN / BLUE PRINT
Color,SEA GREEN / BROWN ABSTRACT PRINT
Color,SEA GREEN / BROWN FLORAL PRINT
Color,SEA GREEN / BROWN PRINT
Color,SEA GREEN / BURGUNDY LISI PRINT
Color,SEA GREEN / BURGUNDY MOHI PRINT
Color,SEA GREEN / BURGUNDY PRINT
Color,SEA GREEN / DARK RUST IZA PRINT
Color,SEA GREEN / DARK TEAL LINA PRINT
Color,SEA GREEN / MAROON PRINT
Color,SEA GREEN / MUSTARD PRINT
Color,SEA GREEN / NAVY LOURA PRINT
Color,SEA GREEN / NAVY NITA PRINT
Color,SEA GREEN / ORANGE ABSTRACT PRINT
Color,SEA GREEN / ORANGE FLORAL PRINT
Color,SEA GREEN / ORANGE PRINT
Color,SEA GREEN / PEACH ABSTRACT PRINT
Color,SEA GREEN / PINK ABSTRACT PRINT
Color,SEA GREEN / PINK FLORAL
Color,SEA GREEN / PURPLE PRINT
Color,SEA GREEN / RED PRINT
Color,SEA GREEN / TEAL ABSTRACT ANKARA
Color,SEA GREEN / TEAL ANKARA PRINT
Color,SEA GREEN / WHITE FLORAL PRINT
Color,SEA GREEN / YELLOW PRINT
Color,SEA GREEN FLORAL PRINT
Color,SEA GREEN LEAF PRINT
Color,SEA GREEN NATURE PRINT
Color,SEA GREEN PINGU PRINT
Color,SEA GREEN PRINT
Color,SEA GREEN/ PURPLE PRINT
Color,SEA PORT
Color,SEA SPRAY
Color,SELVI PRINT
Color,SEMLIKI
Color,SEMU PRINT
Color,SHAMA
Color,SHAMA PRINT
Color,SHAN PRINT
Color,SHIRT FABRIC 19082024
Color,SHIRTS & TANK TOPS FS1
Color,SHOULDER JUMPSUIT
Color,SHOULDER SCALLOPED HEM TOP
Color,SHOULDER TENT KNEE LENGTH DRESS
Color,SIGI PRINT
Color,SILKY BLACK
Color,SILVER
Color,SILVER (SIZE 7)
Color,SILVER (SIZE 9)
Color,SIPO
Color,SIPO PRINT
Color,SKY BLUE
Color,SKY BLUE / BLUE TILLA PRINT
Color,SKY BLUE / ORANGE PRINT
Color,SLATE
Color,SLATE BLUE
Color,SONGWE PRINT
Color,SPHINX
Color,SPLASH ABSTRACT PRINT
Color,SPLASH PRINT
Color,STONE
Color,STYCEOL CLOVER PRINT
Color,SUDAN / BLACK MEKI PRINT
Color,SULPHUR SPRING
Color,SULPHUR SPRINGS
Color,SUMA PRINT
Color,SUNFLOWER
Color,TAFO
Color,TAFO PRINT
Color,TAN
Color,TAN / BLACK
Color,TAN / BLACK BIA PRINT
Color,TAN / BLACK FAN PRINT
Color,TAN / BLACK ILA PRINT
Color,TAN / BLACK METI PRINT
Color,TAN / BLACK NITA PRINT
Color,TAN / BLACK PRINT
Color,TAN / BLACK RIDI PRINT
Color,TAN / BROWN REBA PRINT
Color,TAN / BROWN RIBA PRINT
Color,TAN / GOLD PRINT
Color,TAN / GREEN EBA PRINT
Color,TAN / NAVY LEA PRINT
Color,TAN / NAVY PRINT
Color,TAN / WHITE PRINT
Color,TAN AYLA PRINT
Color,TAN BROWN
Color,TAN METI PRINT
Color,TAN YALA PRINT
Color,TAN/ BLACK CAPI PRINT
Color,TAN/ BLACK CHANA PRINT
Color,TAN/BLACK PRINT
Color,TANA
Color,TANA PRINT
Color,TANGERINE
Color,TANGERINE / COFFEE BROWN
Color,TARI PRINT
Color,TAUPE
Color,TAUPE (BLUE / TAUPE PRINT)
Color,TAUPE + PURPLE / WHITE PRINT
Color,TAUPE / BLACK ABSTRACT PRINT
Color,TAUPE / BLACK AWARI PRINT
Color,TAUPE / BLACK DARK TEAL PRINT
Color,TAUPE / BLACK DOTI PRINT
Color,TAUPE / BLACK EZI PRINT
Color,TAUPE / BLACK HARO PRINT
Color,TAUPE / BLACK IKAT ABSTRACT PRINT
Color,TAUPE / BLACK ILA PRINT
Color,TAUPE / BLACK KOTO PRINT
Color,TAUPE / BLACK LEA PRINT
Color,TAUPE / BLACK NURU PRINT
Color,TAUPE / BLACK PRINT
Color,TAUPE / BLACK SHALE PRINT
Color,TAUPE / BLACK STRIPPED PRINT
Color,TAUPE / BLACK TANA PRINT
Color,TAUPE / BLACK TAWI PRINT
Color,TAUPE / BLACK TULI PRINT
Color,TAUPE / BLACK ZAWI PRINT
Color,TAUPE / BLUE ABSTRACT PRINT
Color,TAUPE / BLUE GEOMETRIC PRINT
Color,TAUPE / BLUE LEMI PRINT
Color,TAUPE / BLUE PRINT
Color,TAUPE / BROWN ABSTRACT PRINT
Color,TAUPE / BROWN BIA PRINT
Color,TAUPE / BROWN PALM LEAVES
Color,TAUPE / BROWN PRINT
Color,TAUPE / BROWN STARI PRINT
Color,TAUPE / BURGUNDY ANKARA PRINT
Color,TAUPE / BURGUNDY ESAI PRINT
Color,TAUPE / CHOCOLATE LEA PRINT
Color,TAUPE / CHOCOLATE URI PRINT
Color,TAUPE / CHOCOLATE URU PRINT
Color,TAUPE / CREAM PRINT
Color,TAUPE / CREAM TUNU PRINT
Color,TAUPE / GREEN
Color,TAUPE / GREEN LEMI PRINT
Color,TAUPE / GREEN LORA PRINT
Color,TAUPE / GREEN PRINT
Color,TAUPE / GREEN RUVU PRINT
Color,TAUPE / GREY PRINT
Color,TAUPE / HUNTERS LANA PRINT
Color,TAUPE / HUNTERS SAKU PRINT
Color,TAUPE / LIGHT YELLOW PRINT
Color,TAUPE / LIME SHALE PRINT
Color,TAUPE / MAROON LINEAR PRINT
Color,TAUPE / MUSTARD LANA PRINT
Color,TAUPE / MUSTARD PRINT
Color,TAUPE / NAVY ABSTRACT PRINT
Color,TAUPE / NAVY BLUE HERI ABSTRACT PRINT
Color,TAUPE / NAVY PRINT
Color,TAUPE / NAVY STRIPPED PRINT
Color,TAUPE / NAVY ZIA PRINT
Color,TAUPE / OFF WHITE MTENDE ABSTRACT PRINT
Color,TAUPE / OLIVE DUKU PRINT
Color,TAUPE / OLIVE SAKU PRINT
Color,TAUPE / ORANGE BEMBA PRINT
Color,TAUPE / ORANGE RAFA PRINT
Color,TAUPE / ORANGE ZANI PRINT
Color,TAUPE / PEACH KIRA PRINT
Color,TAUPE / PINK PRINT
Color,TAUPE / PINK WARIDI PRINT
Color,TAUPE / PURPLE PRINT
Color,TAUPE / RED ABSTRACT PRINT
Color,TAUPE / RED FLORAL PRINT
Color,TAUPE / RED PRINT
Color,TAUPE / ROYAL BLUE FLORAL PRINT
Color,TAUPE / RUST ABSTRACT PRINT
Color,TAUPE / TAN PRINT
Color,TAUPE / TEAL BATIK ABATRACT PRINT
Color,TAUPE / TEAL BATIK GEOMETRIC PRINT
Color,TAUPE / TEAL PRINT
Color,TAUPE / WHITE
Color,TAUPE / WHITE ABSTRACT PRINT
Color,TAUPE / WHITE DUNA PRINT
Color,TAUPE / WHITE FLORAL PRINT
Color,TAUPE / WHITE MENI PRINT
Color,TAUPE / WHITE PRINT
Color,TAUPE / WHITE SUKU PRINT
Color,TAUPE /BLACK
Color,TAUPE ABSTRACT PRINT
Color,TAUPE ANIMAL PRINT
Color,TAUPE ARI PRINT
Color,TAUPE BROWN
Color,TAUPE CHECKERED PRINT
Color,TAUPE FLORAL PRINT
Color,TAUPE HILL TEXTURE
Color,TAUPE JAZAH PRINT
Color,TAUPE KOTO 1X PRINT
Color,TAUPE KOTO M PRINT
Color,TAUPE KOTO PRINT
Color,TAUPE LEAF PRINT
Color,TAUPE MINT PRINT
Color,TAUPE POLKA PRINT
Color,TAUPE POLKAS
Color,TAUPE PRINT
Color,TAUPE PUFF STRIPES
Color,TAUPE STRIPES
Color,TAUPE TEXTURED
Color,TAUPE TIGER PRINT
Color,TAUPE WINGU PRINT
Color,TAUPE YALA PRINT
Color,TAUPE/ BLACK CHANA PRINT
Color,TAUPE/BLACK EZI PRINT
Color,TAUPE/HUNTERS NILA PRINT
Color,TAUPE/NAVY STRIPPED PRINT
Color,TAUSI
Color,TAUSI PRINT
Color,TAWI
Color,TAWI PRINT
Color,TEAL
Color,TEAL (SPECIAL OFFER)
Color,TEAL / BEIGE IYA PRINT
Color,TEAL / BEIGE NOYA PRINT
Color,TEAL / BEIGE PRINT
Color,TEAL / BLACK
Color,TEAL / BLACK ABSTRACT PRINT
Color,TEAL / BLACK AMELI PRINT
Color,TEAL / BLACK ANIMAL PRINT
Color,TEAL / BLACK BUSTANI PRINT
Color,TEAL / BLACK FLORAL PRINT
Color,TEAL / BLACK GEOMETRIC PRINT
Color,TEAL / BLACK LEAF PRINT
Color,TEAL / BLACK PRINT
Color,TEAL / BLACK SIDI PRINT
Color,TEAL / BLACK UMBO PRINT
Color,TEAL / BLUE PRINT
Color,TEAL / BROWN ABSTRACT
Color,TEAL / BROWN ANKARA PRINT
Color,TEAL / BROWN PRINT
Color,TEAL / BROWN TEZO PRINT
Color,TEAL / BURGUNDY KASI PRINT
Color,TEAL / CREAM ABSTRACT PRINT
Color,TEAL / DARK NAVY REMA PRINT
Color,TEAL / GREEN LINDI PRINT
Color,TEAL / GREEN PRINT
Color,TEAL / GREY
Color,TEAL / HOT PINK KIRA PRINT
Color,TEAL / KETA PRINT
Color,TEAL / LANJE PRINT
Color,TEAL / LIGHT BLUE FLORAL PRINT
Color,TEAL / LIME GREEN ANIMAL PRINT
Color,TEAL / LIME GREEN STRIPES
Color,TEAL / MAROON PRINT
Color,TEAL / MUSTARD ABSTRACT PRINT
Color,TEAL / MUSTARD ANIMAL PRINT
Color,TEAL / MUSTARD FLORAL PRINT
Color,TEAL / MUSTARD GEOMETRIC PRINT
Color,TEAL / MUSTARD MAWI PRINT
Color,TEAL / MUSTARD PRINT
Color,TEAL / MUSTARD WAVY ABSTRACT PRINT
Color,TEAL / OFF WHITE
Color,TEAL / ORANGE ABSTRACT PRINT
Color,TEAL / ORANGE FLORAL
Color,TEAL / ORANGE LEAF PRINT
Color,TEAL / ORANGE LINDI PRINT
Color,TEAL / ORANGE PRINT
Color,TEAL / PEACH ABSTRACT PRINT
Color,TEAL / PEACH AMARI PRINT
Color,TEAL / PINK BATIK GEOMETRIC PRINT
Color,TEAL / PINK DUKU PRINT
Color,TEAL / PINK FLORAL PRINT
Color,TEAL / PINK LEAF PRINT
Color,TEAL / PINK PRINT
Color,TEAL / PURPLE ARI PRINT
Color,TEAL / PURPLE KITA PRINT
Color,TEAL / RED PRINT
Color,TEAL / RUST ABSTRACT PRINT
Color,TEAL / TAUPE
Color,TEAL / TAUPE ABSTRACT PRINT
Color,TEAL / TAUPE BATIK GEOMETRIC PRINT
Color,TEAL / TAUPE PRINT
Color,TEAL / TAWI
Color,TEAL / WHITE
Color,TEAL / WHITE ABSTRACT
Color,TEAL / WHITE ABSTRACT PRINT
Color,TEAL / WHITE FLORAL PRINT
Color,TEAL / WHITE IKAT ABSTRACT PRINT
Color,TEAL / WHITE TEZO PRINT
Color,TEAL ABSTRACT PRINT
Color,TEAL AMARI PRINT
Color,TEAL DANDELION FLORAL PRINT
Color,TEAL FLORAL PRINT
Color,TEAL GEOMETRIC PRINT
Color,TEAL GREEN
Color,TEAL LEAF PRINT
Color,TEAL LEAFY PRINT
Color,TEAL MINLEY MOTIF PRINT
Color,TEAL MURAL PRINT
Color,TEAL POLKA PRINT
Color,TEAL PRINT
Color,TEAL TEXTURED
Color,TEAL/ TAFO PRINT
Color,TEAL/WHITE TEZO PRINT
Color,TEST
Color,TEST 1
Color,TEST 11/6/2025
Color,TICKLING STRIPES PRINT
Color,TIDAL BLUE
Color,TIGER BROWN PRINT
Color,TIGER ORANGE PRINT
Color,TOAST / BLACK ABENI PRINT
Color,TOFFEE / NAVY AVI PRINT
Color,TUAPE / SIPO
Color,TURQOISE PRINT
Color,TURQUOISE
Color,TURQUOISE BLUE
Color,TURQUOISE PRINT
Color,TUSI PRINT
Color,UA
Color,UMBA PRINT
Color,VANILLA
Color,VICTORIA BLUE
Color,VIOLET
Color,VIOLET TULLE
Color,VIVO AYLA OFF-SHOULDER DRESS - WHITE / BLACK METI PRINT
Color,VIVO HANDKERCHIEF DRESS
Color,VONI PRINT
Color,WAMI PRINT
Color,WATERMELON
Color,WEDGEWOOD BLUE
Color,WERU PRINT
Color,WHITE
Color,WHITE & BLACK PRINT
Color,WHITE & GREY
Color,WHITE + BLUE / WHITE PRINT
Color,WHITE + ELMI PRINT
Color,WHITE / AKINA PRINT
Color,WHITE / BEIGE MIWA PRINT
Color,WHITE / BLACK
Color,WHITE / BLACK ABSTRACT PRINT
Color,WHITE / BLACK ANKARA
Color,WHITE / BLACK AWARI PRINT
Color,WHITE / BLACK BROWN PRINT
Color,WHITE / BLACK ESLI PRINT
Color,WHITE / BLACK ESNA PRINT
Color,WHITE / BLACK FLORAL PRINT
Color,WHITE / BLACK GEOMETRIC PRINT
Color,WHITE / BLACK HINI PRINT
Color,WHITE / BLACK ILA PRINT
Color,WHITE / BLACK JILO PRINT
Color,WHITE / BLACK KARI PRINT
Color,WHITE / BLACK KOTO PRINT
Color,WHITE / BLACK LALA PRINT
Color,WHITE / BLACK LEAF PRINT
Color,WHITE / BLACK METI PRINT
Color,WHITE / BLACK MOON PRINT
Color,WHITE / BLACK NALE PRINT
Color,WHITE / BLACK PEPEO PRINT
Color,WHITE / BLACK PETAL PRINT
Color,WHITE / BLACK POLKA
Color,WHITE / BLACK POLKA DOT
Color,WHITE / BLACK POLKA DOT PRINT
Color,WHITE / BLACK POLKA PRINT
Color,WHITE / BLACK PRINT
Color,WHITE / BLACK RIAH PRINT
Color,WHITE / BLACK SAVO PRINT
Color,WHITE / BLACK SIWI PRINT
Color,WHITE / BLACK SPIRAL PRINT
Color,WHITE / BLACK STAR PRINT
Color,WHITE / BLACK STRIPES PRINT
Color,WHITE / BLACK TAL PRINT
Color,WHITE / BLACK TEZO PRINT
Color,WHITE / BLACK TEZZO PRINT
Color,WHITE / BLACK TRIANGLE BATIK PRINT
Color,WHITE / BLACK UNA PRINT
Color,WHITE / BLACK WIA PRINT
Color,WHITE / BLACK YALA PRINT
Color,WHITE / BLACK ZARI PRINT
Color,WHITE / BLACK ZAWI PRINT
Color,WHITE / BLUE ABSTRACT PRINT
Color,WHITE / BLUE DORET PRINT
Color,WHITE / BLUE GEOMETRIC PRINT
Color,WHITE / BLUE PRINT
Color,WHITE / BLUE TAL PRINT
Color,WHITE / BROWN
Color,WHITE / BROWN ANIMAL STRIPES PRINT
Color,WHITE / BROWN IKA PRINT
Color,WHITE / BROWN PRINT
Color,WHITE / BROWN SNAKE PRINT
Color,WHITE / BROWN YALA PRINT
Color,WHITE / BURGUNDY SHIBORI PRINT
Color,WHITE / BURGUNDY YALA PRINT
Color,WHITE / BUTTERMILK ELA PRINT
Color,WHITE / CHARI PRINT
Color,WHITE / CHOCOLATE
Color,WHITE / CHOCOLATE LEA PRINT
Color,WHITE / DARK GREEN ABSTRACT PRINT
Color,WHITE / DARK GREEN NISA PRINT
Color,WHITE / DARK MUSTARD PRINT
Color,WHITE / DUSTY PINK TAMRA PRINT
Color,WHITE / FUSCHIA IYA PRINT
Color,WHITE / GOLD
Color,WHITE / GOLD LEA PRINT
Color,WHITE / GREEN ARISI PRINT
Color,WHITE / GREEN CLOVER PRINT
Color,WHITE / GREEN DANA PRINT
Color,WHITE / GREEN DORET PRINT
Color,WHITE / GREEN FLORAL PRINT
Color,WHITE / GREEN GEOMETRIC PRINT
Color,WHITE / GREEN IKA PRINT
Color,WHITE / GREEN PRINT
Color,WHITE / GREEN TIWI PRINT
Color,WHITE / GREY BIA PRINT
Color,WHITE / GREY FLORAL PRINT
Color,WHITE / GREY GEOMETRIC PRINT
Color,WHITE / GREY ISA PRINT
Color,WHITE / GREY PRINT
Color,WHITE / GREY STRIPES PRINT
Color,WHITE / GREY YALA PRINT
Color,WHITE / HUNTERS GREEN ABSTRACT PRINT
Color,WHITE / HUNTERS GREEN ANIMAL PRINT
Color,WHITE / HUNTERS LIWI PRINT
Color,WHITE / HUNTERS UKIWI PRINT
Color,WHITE / HUNTERS UKWI PRINT
Color,WHITE / LIGHT BLUE FLORAL PRINT
Color,WHITE / LIGHT BLUE NASI PRINT
Color,WHITE / LIGHT BLUE NISA PRINT
Color,WHITE / LIGHT BLUE SINKA PRINT
Color,WHITE / LIGHT GREEN FLORAL PRINT
Color,WHITE / LIGHT PINK NISA PRINT
Color,WHITE / LIGHT TAUPE DOLA PRINT
Color,WHITE / LIGHT TEAL PRINT
Color,WHITE / LILAC IKA PRINT
Color,WHITE / LILAC NASI PRINT
Color,WHITE / LILAC SABI PRINT
Color,WHITE / LILAC SINKA PRINT
Color,WHITE / LIME EMI PRINT
Color,WHITE / MINT DASHEN PRINT
Color,WHITE / MINT MAZE ABSTRACT PRINT
Color,WHITE / MINT SINKA PRINT
Color,WHITE / MINT TULU PRINT
Color,WHITE / MUSTARD ABSTRACT PRINT
Color,WHITE / MUSTARD CIRCULAR PRINT
Color,WHITE / MUSTARD GEOMETRIC PRINT
Color,WHITE / MUSTARD MANDA PRINT
Color,WHITE / MUSTARD NASI PRINT
Color,WHITE / MUSTARD NITO PRINT
Color,WHITE / MUSTARD PRINT
Color,WHITE / MUSTARD RIBA PRINT
Color,WHITE / MUSTARD TULLU PRINT
Color,WHITE / MUSTARD ULLU PRINT
Color,WHITE / NAVY
Color,WHITE / NAVY ANIMAL PRINT
Color,WHITE / NAVY BLUE POLKA DOT PRINT
Color,WHITE / NAVY BLUE PRINT
Color,WHITE / NAVY BLUE SIRI PRINT
Color,WHITE / NAVY PRINT
Color,WHITE / NAVY SERA PRINT
Color,WHITE / NAVY SIRI PRINT
Color,WHITE / NAVY TWINE PRINT
Color,WHITE / NEON GREEN
Color,WHITE / NEON PINK
Color,WHITE / OLIVE BIA PRINT
Color,WHITE / OLIVE IKA PRINT
Color,WHITE / OLIVE PRINT
Color,WHITE / OLIVE RUVU PRINT
Color,WHITE / ORANGE ABSTRACT PRINT
Color,WHITE / ORANGE ESAI PRINT
Color,WHITE / ORANGE IKA PRINT
Color,WHITE / ORANGE SABI PRINT
Color,WHITE / ORANGE SHIBORI PRINT
Color,WHITE / ORANGE TULLU PRINT
Color,WHITE / ORANGE UKWI PRINT
Color,WHITE / ORANGE ULLU PRINT
Color,WHITE / PEACH FLORAL PRINT
Color,WHITE / PEACH PRINT
Color,WHITE / PINK ABASI PRINT
Color,WHITE / PINK ABSTRACT PRINT
Color,WHITE / PINK FLORAL PRINT
Color,WHITE / PINK GEOMETRIC PRINT
Color,WHITE / PINK PRINT
Color,WHITE / PINK YALA PRINT
Color,WHITE / PURPLE ABSTRACT PRINT
Color,WHITE / PURPLE CLOVER PRINT
Color,WHITE / PURPLE DANA PRINT
Color,WHITE / PURPLE EMI PRINT
Color,WHITE / PURPLE PRINT
Color,WHITE / PURPLE SEKA PRINT
Color,WHITE / RED
Color,WHITE / RED ABSTRACT PRINT
Color,WHITE / RED POLKA DOT PRINT
Color,WHITE / RED PRINT
Color,WHITE / RED STAWI PRINT
Color,WHITE / RED TRIBAL PRINT
Color,WHITE / RED ZIZA PRINT
Color,WHITE / RUST NISA PRINT
Color,WHITE / RUST NURRA PRINT
Color,WHITE / RUST PRINT
Color,WHITE / RUST RUVU PRINT
Color,WHITE / RUST SEKA PRINT
Color,WHITE / RUST SPIRAL PRINT
Color,WHITE / SAGE MANDY PRINT
Color,WHITE / SAND ABI PRINT
Color,WHITE / SAND BIMALO PRINT
Color,WHITE / SILVER ANKARA PRINT
Color,WHITE / TAN PASI PRINT
Color,WHITE / TANA PRINT
Color,WHITE / TARI PRINT
Color,WHITE / TAUPE
Color,WHITE / TAUPE ABI PRINT
Color,WHITE / TAUPE ABSTRACT
Color,WHITE / TAUPE ANIMAL PRINT
Color,WHITE / TAUPE LEA PRINT
Color,WHITE / TAUPE PRINT
Color,WHITE / TAUPE RUVU PRINT
Color,WHITE / TEAL ABSTRACT PRINT
Color,WHITE / TEAL IYA PRINT
Color,WHITE / TEAL KITA PRINT
Color,WHITE / TEAL SHIBORI PRINT
Color,WHITE / YANA PRINT
Color,WHITE / YELLOW POLKA DOT PRINT
Color,WHITE / YELLOW PRINT
Color,WHITE / YELLOW SABI PRINT
Color,WHITE /BLUE ANIMAL STRIPES PRINT
Color,WHITE /PEACH ANIMAL STRIPES PRINT
Color,WHITE ANIMAL PRINT
Color,WHITE BLACK STRIPES
Color,WHITE CHECKERED PRINT
Color,WHITE CLOUD
Color,WHITE DICE PRINT
Color,WHITE FLORAL
Color,WHITE FLORAL PRINT
Color,WHITE GEO PRINT
Color,WHITE JILO PRINT
Color,WHITE KOTO PRINT
Color,WHITE MIWA PRINT
Color,WHITE NAVY PRINT
Color,WHITE OMI PRINT
Color,WHITE PELI PRINT
Color,WHITE PINSTRIPES PRINT
Color,WHITE POLKA
Color,WHITE POLKA DOT PRINT
Color,WHITE POLKA PRINT
Color,WHITE POLKA STRIPES
Color,WHITE PRINT
Color,WHITE PRINT (SPECIAL OFFER)
Color,WHITE PRINT / BLACK
Color,WHITE PYRAMID PRINT
Color,WHITE SKIN PRINT
Color,WHITE STRIPES
Color,WHITE STRIPES PRINT
Color,WHITE TADPOLE PRINT
Color,WHITE TEXTURED
Color,WHITE TULLU PRINT
Color,WHITE TWINE PRINT
Color,WHITE YALA PRINT
Color,WHITE-PRINT
Color,WHITE/ BLACK PRINT
Color,WHITE/ TAUPE SPOTS
Color,WHITE/BLACK
Color,WHITE/BLACK HOUNDSTOOTH PRINT
Color,WHITE/BLACK SQUARE PRINT
Color,WHITE/BLUE PRINT
Color,WHITE/MUSTARD MOLO PRINT
Color,WHITE/NAVY MOLO PRINT
Color,WHITE/PURPLE TIRI PRINT
Color,WHITE/TEAL PRINT
Color,WILD GINGER
Color,WINE
Color,WINE RED
Color,WINGU
Color,WINSOME ORCHID
Color,YELLLOW / BROWN ELA PRINT
Color,YELLOW
Color,YELLOW & RED PRINT
Color,YELLOW (SPECIAL OFFER)
Color,YELLOW / BLACK
Color,YELLOW / BLACK ABSTRACT PRINT
Color,YELLOW / BLACK CHANA PRINT
Color,YELLOW / BLACK DITI PRINT
Color,YELLOW / BLACK GEOMETRIC PRINT
Color,YELLOW / BLACK HINI PRINT
Color,YELLOW / BLACK HUA PRINT
Color,YELLOW / BLACK KASIM PRINT
Color,YELLOW / BLACK PALM LEAVES
Color,YELLOW / BLACK PRINT
Color,YELLOW / BLUE PRINT
Color,YELLOW / BROWN FLORAL PRINT
Color,YELLOW / BROWN LEAF PRINT
Color,YELLOW / BURGUNDY PRINT
Color,YELLOW / CHOCOLATE NOLA PRINT
Color,YELLOW / CHOCOLATE PRINT
Color,YELLOW / CHOCOLATE SABI PRINT
Color,YELLOW / CHOCOLATE TIKI PRINT
Color,YELLOW / CHOCOLATE YANA PRINT
Color,YELLOW / CREAM PRINT
Color,YELLOW / DARK BROWN ARISI PRINT
Color,YELLOW / DARK MUSTARD PRINT
Color,YELLOW / DARK MUSTARD VOI PRINT
Color,YELLOW / EMERALD GREEN FLORAL PRINT
Color,YELLOW / FUSCHIA FLORAL PRINT
Color,YELLOW / GREEN FLORAL PRINT
Color,YELLOW / GREEN LANA PRINT
Color,YELLOW / GREEN LEAF PRINT
Color,YELLOW / GREEN PRINT
Color,YELLOW / GREY FLORAL PRINT
Color,YELLOW / GREY PRINT
Color,YELLOW / HUNTERS NILA PRINT
Color,YELLOW / LILAC IYA PRINT
Color,YELLOW / MAROON PRINT PRINT
Color,YELLOW / MINT ABSTRACT PRINT
Color,YELLOW / MUSTARD
Color,YELLOW / NAVY
Color,YELLOW / NAVY ABSTRACT PRINT
Color,YELLOW / NAVY BIA PRINT
Color,YELLOW / NAVY BLUE ABSTRACT
Color,YELLOW / NAVY EBA PRINT
Color,YELLOW / NAVY FLORAL PRINT
Color,YELLOW / NAVY PRINT
Color,YELLOW / ORANGE ANKARA PRINT
Color,YELLOW / ORANGE EBU PRINT
Color,YELLOW / ORANGE PRINT
Color,YELLOW / PINK FLORAL PRINT
Color,YELLOW / PINK LEAF PRINT
Color,YELLOW / PINK PRINT
Color,YELLOW / PURPLE FLORAL PRINT
Color,YELLOW / PURPLE PRINT
Color,YELLOW / RED ABSTRACT PRINT
Color,YELLOW / RED FLORAL PRINT
Color,YELLOW / RED PRINT
Color,YELLOW / RED ROSE PRINT
Color,YELLOW / ROYAL BLUE FLORAL PRINT
Color,YELLOW / ROYAL BLUE PRINT
Color,YELLOW / TAUPE PRINT
Color,YELLOW / TEAL ABSTRACT PRINT
Color,YELLOW / WHITE
Color,YELLOW / WHITE ABSTRACT PRINT
Color,YELLOW / WHITE FLORAL PRINT
Color,YELLOW /PINK FLORAL PRINT
Color,YELLOW /PINK GEOMETRIC PRINT
Color,YELLOW ABSTRACT PRINT
Color,YELLOW ANKARA
Color,YELLOW FLORAL PRINT
Color,YELLOW MARBLE PRINT
Color,YELLOW POLKA DOT
Color,YELLOW PRINT
Color,YELLOW PUFF STRIPES
Color,YELLOW/ BLACK CHANA PRINT
Color,YELLOW/BLACK PALM LEAVES PRINT
Color,YELLOW/HUNTERS NILA PRINT
Color,YELLOW/ORANGE PRINT
Color,YELOW / BLACK FLORAL PRINT
Color,ZANI PRINT
Color,ZANZIBAR
Color,ZEN BLUE
Color,ZENA
Color,ZENA PRINT
Color,ZURI
Color,ZURI ANKARA PRINT
Color/Print,black
Color/Print,caramel brown
Color/Print,chocolate
Color/Print,dark green
Color/Print,dark purple
Color/Print,green
Color/Print,grey
Color/Print,light pink
Color/Print,lilac
Color/Print,lime green
Color/Print,maroom
Color/Print,maroon
Color/Print,mustard
Color/Print,off white
Color/Print,olive
Color/Print,orange
Color/Print,pink
Color/Print,red
Color/Print,rust
Color/Print,sea green
Color/Print,taupe
Color/Print,teal
Color/Print,white
Color/Print,yellow
Edit,Elevated Casual
Edit,Everyday Casual
Edit,Fitness
Edit,Loungewear
Edit,Maternity
Edit,Safari by Vivo
Edit,Smart Casual
Fabric Category,Acrylic
Fabric Category,Bonded Jacquard-Polyester
Fabric Category,Chiffon
Fabric Category,Chiffon Crepe
Fabric Category,Cloqué
Fabric Category,Cotton
Fabric Category,Cotton Ankara
Fabric Category,Cotton Poplin
Fabric Category,Cotton Viscose
Fabric Category,Crepe
Fabric Category,Crepe Lining
Fabric Category,Denim
Fabric Category,Dobby
Fabric Category,Embellished
Fabric Category,Fine-Knit Lining
Fabric Category,Fleece
Fabric Category,Fusable Interfacing
Fabric Category,ITY
Fabric Category,Interlock Jersey
Fabric Category,Jacquard
Fabric Category,Jersey
Fabric Category,Linen
Fabric Category,Linen Blend
Fabric Category,Lining
Fabric Category,Mesh
Fabric Category,Nylon
Fabric Category,Organza
Fabric Category,Poly Cotton
Fabric Category,Polyester
Fabric Category,Polyester Crepe
Fabric Category,Polyester Satin
Fabric Category,Polyester Slub
Fabric Category,Ponte
Fabric Category,Poplin
Fabric Category,Rayon
Fabric Category,Rib
Fabric Category,Satin
Fabric Category,Scuba
Fabric Category,Single Jersey
Fabric Category,Slub Cotton
Fabric Category,Slub polyester
Fabric Category,Stretch Polyester
Fabric Category,Stretch Satin
Fabric Category,Suede
Fabric Category,Sweater
Fabric Category,Sweater Fleece
Fabric Category,Swimwear
Fabric Category,Tencel
Fabric Category,Velvet
Fabric Category,Voile
Fabric Construction,Knit
Fabric Construction,Woven
Fabric Construction Category,Fleece
Fabric Construction Category,French Terry
Fabric Construction Category,Interlock
Fabric Construction Category,Jersey
Fabric Construction Category,Lace
Fabric Construction Category,Mesh
Fabric Construction Category,Ponte
Fabric Construction Category,Ribbed
Fabric Construction Category,Tricot
Fabric Finish,Gloss / Shiny
Fabric Finish,Matte
Fabric Finish,Semi-Sheer
Fabric Finish,Sheer
Fabric Finish,Textured
Fabric Finish,Washed Effect
Fabric Structure,Knit
Fabric Structure,Non-Woven
Fabric Structure,Woven
Fabric Sub-Category,Cashmere Sweater
Fabric Sub-Category,Heavy Activewear Jersey
Fabric Sub-Category,Heavy Activewear Mesh
Fabric Sub-Category,Heavy Brushed Fleece
Fabric Sub-Category,Heavy Chiffon Crepe
Fabric Sub-Category,Heavy Cotton
Fabric Sub-Category,Heavy Cotton Twill
Fabric Sub-Category,Heavy Crepe
Fabric Sub-Category,Heavy Denim
Fabric Sub-Category,Heavy Double Fleece
Fabric Sub-Category,Heavy Faux Suede Jersey
Fabric Sub-Category,Heavy Fleece
Fabric Sub-Category,Heavy Fleece-Back Stretch-Denim
Fabric Sub-Category,Heavy ITY Jersey
Fabric Sub-Category,Heavy Interlock Jersey
Fabric Sub-Category,Heavy Jersey Lining
Fabric Sub-Category,Heavy Jersey Rib
Fabric Sub-Category,Heavy Poly Cotton
Fabric Sub-Category,Heavy Poly Suiting
Fabric Sub-Category,Heavy PolyViscose Stretch Pinstripe Suiting
Fabric Sub-Category,Heavy Polyester
Fabric Sub-Category,Heavy Polyester Bonded Scuba
Fabric Sub-Category,Heavy Polyester Chiffon
Fabric Sub-Category,Heavy Polyester Crepe
Fabric Sub-Category,Heavy Polyester Crinkle Rib Sweater
Fabric Sub-Category,Heavy Polyester Fleece
Fabric Sub-Category,Heavy Polyester Rib
Fabric Sub-Category,Heavy Polyester Ribbed Sweater
Fabric Sub-Category,Heavy Polyester Scuba
Fabric Sub-Category,Heavy Polyester Stretch Twill
Fabric Sub-Category,Heavy Polyester Twill
Fabric Sub-Category,Heavy Polyester Twill Crepe
Fabric Sub-Category,Heavy Polyester Waffle Knit
Fabric Sub-Category,Heavy Ponte
Fabric Sub-Category,Heavy Rayon Blend
Fabric Sub-Category,Heavy Rib
Fabric Sub-Category,Heavy Rib Jersey
Fabric Sub-Category,Heavy Satin
Fabric Sub-Category,Heavy Scuba
Fabric Sub-Category,Heavy Sequin Crepe
Fabric Sub-Category,Heavy Single Jersey
Fabric Sub-Category,Heavy Stretch Cotton
Fabric Sub-Category,Heavy Stretch Crepe
Fabric Sub-Category,Heavy Stretch Den
Fabric Sub-Category,Heavy Stretch Jacquard Knit
Fabric Sub-Category,Heavy Stretch Jacquard Polyester
Fabric Sub-Category,Heavy Stretch Satin
Fabric Sub-Category,Heavy Stretch-Cotton
Fabric Sub-Category,Heavy Stretch-Crepe
Fabric Sub-Category,Heavy Stretch-Denim
Fabric Sub-Category,Heavy Stretch-Polyester Crepe
Fabric Sub-Category,Heavy Stretch-Polyester Rib
Fabric Sub-Category,Heavy Stretch-Satin
Fabric Sub-Category,Heavy Twill Crepe
Fabric Sub-Category,Heavy Twill crepe
Fabric Sub-Category,Heavy Wave-Jacquard Cloqué
Fabric Sub-Category,Heavy quilted polyester
Fabric Sub-Category,Heavy rib
Fabric Sub-Category,Heavy satin
Fabric Sub-Category,Light Activewear Jersey
Fabric Sub-Category,Light Breached Cotton
Fabric Sub-Category,Light Cashmere Sweater
Fabric Sub-Category,Light Chiffon
Fabric Sub-Category,Light Chiffon Crepe
Fabric Sub-Category,Light Cotton
Fabric Sub-Category,Light Cotton Poplin
Fabric Sub-Category,Light Cotton Slub
Fabric Sub-Category,Light Cotton Viscose
Fabric Sub-Category,Light Cotton poplin
Fabric Sub-Category,Light Crepe
Fabric Sub-Category,Light Crepe ITY
Fabric Sub-Category,Light Denim
Fabric Sub-Category,Light Fine-Knit Lining
Fabric Sub-Category,Light Fusable Interfacing
Fabric Sub-Category,Light ITY Jersey
Fabric Sub-Category,Light Linen-blend Dobby Stripe Shirting
Fabric Sub-Category,Light Mesh ITY
Fabric Sub-Category,Light Metallic Stripe Rayon
Fabric Sub-Category,Light Oxford Shirting
Fabric Sub-Category,Light Poly Cotton
Fabric Sub-Category,Light Polyester
Fabric Sub-Category,Light Polyester Chiffon
Fabric Sub-Category,Light Polyester Crepe
Fabric Sub-Category,Light Polyester Crepe Lining
Fabric Sub-Category,Light Polyester Dobby
Fabric Sub-Category,Light Polyester Jacquard Chiffon
Fabric Sub-Category,Light Polyester Jacquard Dot Chiffon
Fabric Sub-Category,Light Polyester Jacquard-check Chiffon
Fabric Sub-Category,Light Polyester Lining
Fabric Sub-Category,Light Polyester Pongee
Fabric Sub-Category,Light Polyester Ripstop
Fabric Sub-Category,Light Polyester Satin Lining
Fabric Sub-Category,Light Polyester Stretch-Satin
Fabric Sub-Category,Light Polyester Waffle
Fabric Sub-Category,Light Ponte
Fabric Sub-Category,Light Quilted Cotton
Fabric Sub-Category,Light Rayon
Fabric Sub-Category,Light Rayon Blend Chiffon
Fabric Sub-Category,Light Rayon Slub
Fabric Sub-Category,Light Satin
Fabric Sub-Category,Light Satin Lining
Fabric Sub-Category,Light Scuba
Fabric Sub-Category,Light Scuba Blend
Fabric Sub-Category,Light Sheer Stripe Polyester
Fabric Sub-Category,Light Shirred Polyester
Fabric Sub-Category,Light Shirting
Fabric Sub-Category,Light Single Jersey
Fabric Sub-Category,Light Slub Cotton
Fabric Sub-Category,Light Stretch Cotton
Fabric Sub-Category,Light Stretch Crepe
Fabric Sub-Category,Light Stretch Denim
Fabric Sub-Category,Light Stretch-Cotton Poplin
Fabric Sub-Category,Light Stretch-Crepe
Fabric Sub-Category,Light Stretch-Crepe Lining
Fabric Sub-Category,Light Stretch-Denim
Fabric Sub-Category,Light Stretch-Nylon
Fabric Sub-Category,Light Stretch-Poly Cotton
Fabric Sub-Category,Light Stripe Cotton
Fabric Sub-Category,Light Striped Rayon
Fabric Sub-Category,Light Tencel Blend
Fabric Sub-Category,Light Tencel Poly Voile
Fabric Sub-Category,Light Velvet
Fabric Sub-Category,Light Viscose Lining
Fabric Sub-Category,MEDIUM CHIFFON
Fabric Sub-Category,Medium Acrylic Open Knit Sweater
Fabric Sub-Category,Medium Activewear Jersey
Fabric Sub-Category,Medium Bonded Jacquard Polyester
Fabric Sub-Category,Medium CVC Rib
Fabric Sub-Category,Medium Cashmere Sweater
Fabric Sub-Category,Medium Chiffon
Fabric Sub-Category,Medium Chiffon Crepe
Fabric Sub-Category,Medium Cloqué
Fabric Sub-Category,Medium Cotton
Fabric Sub-Category,Medium Cotton Ankara
Fabric Sub-Category,Medium Cotton Poplin
Fabric Sub-Category,Medium Cotton Stretch Twill
Fabric Sub-Category,Medium Cotton Twill
Fabric Sub-Category,Medium Crepe
Fabric Sub-Category,Medium Crepe ITY
Fabric Sub-Category,Medium Crepe Lining
Fabric Sub-Category,Medium Denim
Fabric Sub-Category,Medium Fine Knit Lining
Fabric Sub-Category,Medium ITY Jersey
Fabric Sub-Category,Medium Interlock Jersey
Fabric Sub-Category,Medium Interlock Knit Lining
Fabric Sub-Category,Medium Jacquard Polyester
Fabric Sub-Category,Medium Jersey
Fabric Sub-Category,Medium Linen Suiting
Fabric Sub-Category,Medium Organza
Fabric Sub-Category,Medium Pleated Polyester
Fabric Sub-Category,Medium Poly Cotton
Fabric Sub-Category,Medium Poly Cotton Twill
Fabric Sub-Category,Medium Poly Shirting
Fabric Sub-Category,Medium Polyester
Fabric Sub-Category,Medium Polyester Chiffon Crepe
Fabric Sub-Category,Medium Polyester Crepe
Fabric Sub-Category,Medium Polyester Dobby
Fabric Sub-Category,Medium Polyester Muslin
Fabric Sub-Category,Medium Polyester Rib
Fabric Sub-Category,Medium Polyester Satin
Fabric Sub-Category,Medium Polyester Scuba
Fabric Sub-Category,Medium Polyester Slub
Fabric Sub-Category,Medium Polyester Stretch Satin
Fabric Sub-Category,Medium Polyester Stripe Chiffon
Fabric Sub-Category,Medium Polyester Stripe Suiting
Fabric Sub-Category,Medium Polyester Textured Crepe
Fabric Sub-Category,Medium Polyester Waffle Knit
Fabric Sub-Category,Medium Ponte
Fabric Sub-Category,Medium Quilted Bonded Polyester
Fabric Sub-Category,Medium Rayon
Fabric Sub-Category,Medium Rayon Blend Scuba
Fabric Sub-Category,Medium Rayon Ponte
Fabric Sub-Category,Medium Rayon Rib
Fabric Sub-Category,Medium Rayon Slub
Fabric Sub-Category,Medium Rib
Fabric Sub-Category,Medium Rib Jersey
Fabric Sub-Category,Medium Rib Sweater
Fabric Sub-Category,Medium Rice Knit Lining
Fabric Sub-Category,Medium Satin
Fabric Sub-Category,Medium Scuba
Fabric Sub-Category,Medium Single Jersey
Fabric Sub-Category,Medium Single Jersey Lining
Fabric Sub-Category,Medium Slub Cotton
Fabric Sub-Category,Medium Slub Stretch-Polyester
Fabric Sub-Category,Medium Stretch Cotton
Fabric Sub-Category,Medium Stretch Polyester
Fabric Sub-Category,Medium Stretch-Cotton
Fabric Sub-Category,Medium Stretch-Cotton Poplin
Fabric Sub-Category,Medium Stretch-Crepe
Fabric Sub-Category,Medium Stretch-Nylon Ripstop
Fabric Sub-Category,Medium Stretch-Satin
Fabric Sub-Category,Medium Stretch-crepe
Fabric Sub-Category,Medium Stretch-polyester
Fabric Sub-Category,Medium Stripe Chiffon
Fabric Sub-Category,Medium Sweater Fleece
Fabric Sub-Category,Medium Swimwear
Fabric Sub-Category,Medium Tencel
Fabric Sub-Category,Medium Tencel Slub
Fabric Sub-Category,Medium Textured Satin
Fabric Sub-Category,Medium Twill crepe
Fabric Sub-Category,Stretch-Poly Cotton
Fabric Sub-Category,Textured Light Polyester Crepe
Fabric Sub-Category,Textured Polyester
Fiber Content %,100% Cotton
Fiber Content %,100% Polyester
Fiber Content %,14% Nylon 11% Polyester 75% Rayon
Fiber Content %,25% Nylon 5% Linen 31% Polyester 39% Rayon
Fiber Content %,26% Nylon 38% Tencel 18% Rayon 15% Polyester 3% Linen
Fiber Content %,28% Nylon 67% Rayon 5% Spandex
Fiber Content %,35% Polyester 36% Rayon 61% Tencel
Fiber Content %,40% Polyester 52% Rayon 8% Spandex
Fiber Content %,42% Rayon 55% Polyester 3% Spandex
Fiber Content %,52% Rayon 40% Polyester 8% Spandex
Fiber Content %,58.5% Rayon 13.4% Nylon 23.1% Polyester 5% Spandex
Fiber Content %,64% Rayon 31% Nylon 5% Spandex
Fiber Content %,90% Polyester 10% Spandex
Fiber Content %,92% Polyester 8% Spandex
Fiber Content %,92% Rayon 8% Spandex
Fiber Content %,94% Polyester 6% Spandex
Fiber Content %,95% Polyester 5% Spandex
Fiber Content %,96% Polyester 4% Spandex
Fiber Content %,96% Polyester Satin 4% Spandex
Fiber Content %,97% Cotton 3% Spandex
Fiber Content %,97% Polyester 3% Spandex
Fiber Content %,98% Polyester 2% Spandex
GSM,100
GSM,101
GSM,102
GSM,103
GSM,105
GSM,106
GSM,107
GSM,109
GSM,110
GSM,111
GSM,112
GSM,113
GSM,114
GSM,115
GSM,116
GSM,117
GSM,118
GSM,119
GSM,120
GSM,122
GSM,125
GSM,126
GSM,127
GSM,128
GSM,130
GSM,132
GSM,133
GSM,134
GSM,135
GSM,136
GSM,138
GSM,140
GSM,141
GSM,142
GSM,145
GSM,147
GSM,149
GSM,150
GSM,152
GSM,153
GSM,154
GSM,155
GSM,160
GSM,161
GSM,163
GSM,165
GSM,167
GSM,170
GSM,175
GSM,177
GSM,178
GSM,179
GSM,180
GSM,182
GSM,183
GSM,184
GSM,185
GSM,188
GSM,189
GSM,190
GSM,191
GSM,192
GSM,193
GSM,195
GSM,198
GSM,200
GSM,210
GSM,215
GSM,216
GSM,217
GSM,220
GSM,222
GSM,230
GSM,235
GSM,240
GSM,241
GSM,245
GSM,247
GSM,250
GSM,254
GSM,255
GSM,256
GSM,257
GSM,260
GSM,264
GSM,270
GSM,275
GSM,280
GSM,281
GSM,282
GSM,287
GSM,288
GSM,290
GSM,292
GSM,300
GSM,305
GSM,306
GSM,308
GSM,309
GSM,310
GSM,320
GSM,329
GSM,330
GSM,340
GSM,345
GSM,35
GSM,350
GSM,360
GSM,380
GSM,383
GSM,390
GSM,400
GSM,410
GSM,415
GSM,420
GSM,430
GSM,45
GSM,452
GSM,457
GSM,46
GSM,47
GSM,50
GSM,55
GSM,58
GSM,60
GSM,62
GSM,63
GSM,67
GSM,70
GSM,75
GSM,78
GSM,80
GSM,84
GSM,85
GSM,88
GSM,90
GSM,92
GSM,95
GSM,96
GSM,97
GSM,98
GSM,99
Gauge,#10
Gauge,#3
Gauge,#5
Gauge,#8
Gender,Female
Gender,Male
Gender,Unisex
Kg/Mtr,0.07
Kg/Mtr,0.075
Kg/Mtr,0.08
Kg/Mtr,0.0825
Kg/Mtr,0.09
Kg/Mtr,0.1
Kg/Mtr,0.1005
Kg/Mtr,0.102
Kg/Mtr,0.105
Kg/Mtr,0.11
Kg/Mtr,0.1184
Kg/Mtr,0.12
Kg/Mtr,0.1218
Kg/Mtr,0.12325
Kg/Mtr,0.1275
Kg/Mtr,0.13
Kg/Mtr,0.1305
Kg/Mtr,0.1332
Kg/Mtr,0.135
Kg/Mtr,0.13585
Kg/Mtr,0.136
Kg/Mtr,0.13775
Kg/Mtr,0.13984
Kg/Mtr,0.14
Kg/Mtr,0.1425
Kg/Mtr,0.143
Kg/Mtr,0.14356
Kg/Mtr,0.145
Kg/Mtr,0.15
Kg/Mtr,0.15225
Kg/Mtr,0.1575
Kg/Mtr,0.15755
Kg/Mtr,0.159
Kg/Mtr,0.1595
Kg/Mtr,0.16
Kg/Mtr,0.161
Kg/Mtr,0.16284
Kg/Mtr,0.165
Kg/Mtr,0.1665
Kg/Mtr,0.1672
Kg/Mtr,0.16758
Kg/Mtr,0.168
Kg/Mtr,0.1691
Kg/Mtr,0.17
Kg/Mtr,0.1710
Kg/Mtr,0.1716
Kg/Mtr,0.1717
Kg/Mtr,0.1725
Kg/Mtr,0.1728
Kg/Mtr,0.1743
Kg/Mtr,0.175
Kg/Mtr,0.1764
Kg/Mtr,0.177
Kg/Mtr,0.1770
Kg/Mtr,0.17748
Kg/Mtr,0.1776
Kg/Mtr,0.1785
Kg/Mtr,0.18
Kg/Mtr,0.18083
Kg/Mtr,0.18125
Kg/Mtr,0.1818
Kg/Mtr,0.182
Kg/Mtr,0.18421
Kg/Mtr,0.1865
Kg/Mtr,0.1875
Kg/Mtr,0.1882
Kg/Mtr,0.1885
Kg/Mtr,0.1890
Kg/Mtr,0.19
Kg/Mtr,0.192
Kg/Mtr,0.1924
Kg/Mtr,0.195
Kg/Mtr,0.1970
Kg/Mtr,0.1992
Kg/Mtr,0.2
Kg/Mtr,0.2025
Kg/Mtr,0.2054
Kg/Mtr,0.21
Kg/Mtr,0.217
Kg/Mtr,0.2175
Kg/Mtr,0.22
Kg/Mtr,0.2205
Kg/Mtr,0.2212
Kg/Mtr,0.225
Kg/Mtr,0.2275
Kg/Mtr,0.2294
Kg/Mtr,0.23
Kg/Mtr,0.238
Kg/Mtr,0.24
Kg/Mtr,0.2464
Kg/Mtr,0.2475
Kg/Mtr,0.25
Kg/Mtr,0.255
Kg/Mtr,0.2584
Kg/Mtr,0.26
Kg/Mtr,0.261
Kg/Mtr,0.264
Kg/Mtr,0.2664
Kg/Mtr,0.27
Kg/Mtr,0.2775
Kg/Mtr,0.28
Kg/Mtr,0.29
Kg/Mtr,0.296
Kg/Mtr,0.299
Kg/Mtr,0.3
Kg/Mtr,0.31
Kg/Mtr,0.3145
Kg/Mtr,0.315
Kg/Mtr,0.32
Kg/Mtr,0.3225
Kg/Mtr,0.323
Kg/Mtr,0.33
Kg/Mtr,0.333
Kg/Mtr,0.3388
Kg/Mtr,0.34
Kg/Mtr,0.341
Kg/Mtr,0.345
Kg/Mtr,0.35
Kg/Mtr,0.352
Kg/Mtr,0.3525
Kg/Mtr,0.36
Kg/Mtr,0.3626
Kg/Mtr,0.3675
Kg/Mtr,0.368
Kg/Mtr,0.37
Kg/Mtr,0.375
Kg/Mtr,0.377
Kg/Mtr,0.3795
Kg/Mtr,0.38
Kg/Mtr,0.39
Kg/Mtr,0.3979
Kg/Mtr,0.4
Kg/Mtr,0.4025
Kg/Mtr,0.41
Kg/Mtr,0.4125
Kg/Mtr,0.42
Kg/Mtr,0.423
Kg/Mtr,0.429
Kg/Mtr,0.43
Kg/Mtr,0.432
Kg/Mtr,0.44
Kg/Mtr,0.444
Kg/Mtr,0.4455
Kg/Mtr,0.448
Kg/Mtr,0.45
Kg/Mtr,0.455
Kg/Mtr,0.46
Kg/Mtr,0.462
Kg/Mtr,0.468
Kg/Mtr,0.47
Kg/Mtr,0.4712
Kg/Mtr,0.4725
Kg/Mtr,0.476
Kg/Mtr,0.48
Kg/Mtr,0.486
Kg/Mtr,0.49
Kg/Mtr,0.495
Kg/Mtr,0.496
Kg/Mtr,0.5
Kg/Mtr,0.51
Kg/Mtr,0.518
Kg/Mtr,0.528
Kg/Mtr,0.53
Kg/Mtr,0.54
Kg/Mtr,0.55
Kg/Mtr,0.552
Kg/Mtr,0.5775
Kg/Mtr,0.58
Kg/Mtr,0.595
Kg/Mtr,0.6
Kg/Mtr,0.61
Kg/Mtr,0.62
Kg/Mtr,0.63
Kg/Mtr,0.632
Kg/Mtr,0.64
Kg/Mtr,0.645
Kg/Mtr,0.65
Kg/Mtr,0.651
Kg/Mtr,0.6536
Neck / Collar Type,Collared / Shirt Neck
Neck / Collar Type,Cowl Neck
Neck / Collar Type,Crew Neck
Neck / Collar Type,Halter Neck
Neck / Collar Type,High Neck
Neck / Collar Type,Hooded Neck
Neck / Collar Type,Keyhole Neck
Neck / Collar Type,Mandarin Collar
Neck / Collar Type,Mock Neck
Neck / Collar Type,Round Neck
Neck / Collar Type,Scoop Neck
Neck / Collar Type,Shawl Collar
Neck / Collar Type,Square Neck
Neck / Collar Type,Sweetheart Neck
Neck / Collar Type,Turtle Neck
Neck / Collar Type,V-Neck
Neck / Collar Type,Wrap Neck
Plain/Print,Plain
Plain/Print,Print
Plain/Print,Solid
Print Category,Abstract
Print Category,Animal
Print Category,Camouflage
Print Category,Ethnic
Print Category,Floral
Print Category,Geometric
Print Category,Graphic
Print Category,Monogram
Print Category,Ombre
Print Category,Placement
Print Category,Shibori
Print Category,Tie-Dye
Print/Solid,Bought Print
Print/Solid,DTG Print
Print/Solid,In-house Print
Print/Solid,Plain
Print/Solid,Print
Print/Solid,Screen Print
Print/Solid,Solid
Product Lifecyle Type,New
Product Lifecyle Type,Reorder
Product Lifecyle Type,Replenishment
Quality Status,Defective
Quality Status,Obsolete
Quality Status,Okay
Season,Q1
Season,Q2
Season,Q3
Season,Q4
Shoulder Type,Cap Shoulder
Shoulder Type,Cold Shoulder
Shoulder Type,Cutaway Shoulder
Shoulder Type,Dropped Shoulder
Shoulder Type,Gathered Shoulder
Shoulder Type,Kimono Shoulder
Shoulder Type,Off Shoulder
Shoulder Type,One Shoulder
Shoulder Type,Padded Shoulder
Shoulder Type,Pleated Shoulder
Shoulder Type,Raglan Shoulder
Shoulder Type,Spaghetti Strap
Silhouette,Bomber Jacket
Silhouette,Cape
Silhouette,Cowl Sweater
Silhouette,Cropped Jacket
Silhouette,Double Breasted Jacket
Silhouette,Kimono
Silhouette,Poncho
Silhouette,Shacket
Silhouette,Suit Jacket
Silhouette,Trench Coat
Silhouette,Vest
Silhouette,Wrap Coat
Size in Inches,10.''
Size in Inches,10.5''
Size in Inches,11.''
Size in Inches,11.5''
Size in Inches,12.''
Size in Inches,12.5''
Size in Inches,13.''
Size in Inches,13.5''
Size in Inches,14.''
Size in Inches,14.5''
Size in Inches,15.''
Size in Inches,15.5''
Size in Inches,16.''
Size in Inches,16.5''
Size in Inches,17.''
Size in Inches,17.5''
Size in Inches,18.''
Size in Inches,18.5''
Size in Inches,19.''
Size in Inches,19.5''
Size in Inches,20.''
Size in Inches,20.5''
Size in Inches,21.''
Size in Inches,21.5''
Size in Inches,22.''
Size in Inches,22.5''
Size in Inches,23.''
Size in Inches,23.5''
Size in Inches,24.''
Size in Inches,24.5''
Size in Inches,25.''
Size in Inches,25.5''
Size in Inches,26.''
Size in Inches,26.5''
Size in Inches,27.''
Size in Inches,27.5''
Size in Inches,28.''
Size in Inches,28.5''
Size in Inches,29.''
Size in Inches,29.5''
Size in Inches,3.''
Size in Inches,3.5''
Size in Inches,30.''
Size in Inches,30.5''
Size in Inches,31.''
Size in Inches,31.5''
Size in Inches,32.''
Size in Inches,32.5''
Size in Inches,33.''
Size in Inches,33.5''
Size in Inches,34.''
Size in Inches,34.5''
Size in Inches,35.''
Size in Inches,35.5''
Size in Inches,36.''
Size in Inches,4.''
Size in Inches,4.5''
Size in Inches,5.''
Size in Inches,5.5''
Size in Inches,6.''
Size in Inches,6.5''
Size in Inches,7.''
Size in Inches,7.5''
Size in Inches,8.''
Size in Inches,8.5''
Size in Inches,9.''
Size in Inches,9.5''
Sleeve Type,3/4 Sleeve
Sleeve Type,Angel Sleeve
Sleeve Type,Balloon Sleeve
Sleeve Type,Batwing Sleeve
Sleeve Type,Bishop Sleeve
Sleeve Type,Cape Sleeve
Sleeve Type,Cold Shoulder Sleeve
Sleeve Type,Dolman Sleeve
Sleeve Type,Drop Shoulder
Sleeve Type,Flounce Sleeve
Sleeve Type,Gathered Sleeve
Sleeve Type,Kimono Sleeve
Sleeve Type,Long Sleeve
Sleeve Type,Puff Sleeve
Sleeve Type,Raglan Sleeve
Sleeve Type,Short Sleeve
Sleeve Type,Sleeveless
Sleeve Type,Split Sleeve
Sleeve Type,Tulip Sleeve
Status,Active
Status,None Active
Status,Retired
Sub Category,Bangles & Bracelets
Sub Category,Belts
Sub Category,Body Mists & Fragrances
Sub Category,Bodysuits
Sub Category,Culottes & Capri Pants
Sub Category,Earrings
Sub Category,Fitted Tops
Sub Category,Full Length Pants
Sub Category,Hoodies & Sweatshirts
Sub Category,Jackets & Coats
Sub Category,Jumpsuits & Playsuits
Sub Category,Knee Length Dresses
Sub Category,Knee Length Skirts
Sub Category,Leggings
Sub Category,Loose Tops
Sub Category,Maxi Dresses
Sub Category,Maxi Skirts
Sub Category,Men's Bottoms
Sub Category,Men's Tops
Sub Category,Midi & Capri Dresses
Sub Category,Midi & Capri Skirts
Sub Category,Midriff & Crop Tops
Sub Category,Necklaces
Sub Category,Pants & Top Set
Sub Category,Pants & Waterfall Set
Sub Category,Rings
Sub Category,Sample & Sale Items
Sub Category,Scarves
Sub Category,Short & Mini Dresses
Sub Category,Short & Mini Skirts
Sub Category,Shorts & Skorts
Sub Category,Skirts & Top Set
Sub Category,Sweaters & Ponchos
Sub Category,T-shirts & Tank Tops
Sub Category,Waterfalls & Kimonos
Supplier Fabric Code,1156-1
Supplier Fabric Code,1801/50D四面弹
Supplier Fabric Code,6034
Supplier Fabric Code,611
Supplier Fabric Code,6115
Supplier Fabric Code,75D
Supplier Fabric Code,8053
Supplier Fabric Code,8068
Supplier Fabric Code,8073
Supplier Fabric Code,8074
Supplier Fabric Code,8075
Supplier Fabric Code,8078
Supplier Fabric Code,8083
Supplier Fabric Code,8205
Supplier Fabric Code,Coarse hemp 乱麻
Supplier Fabric Code,F1027
Supplier Fabric Code,Fashion Knitted Fabric  - 1629
Supplier Fabric Code,H1002
Supplier Fabric Code,H1010
Supplier Fabric Code,H1022
Supplier Fabric Code,H1031
Supplier Fabric Code,H1038
Supplier Fabric Code,Hong Yu Textile - F0321
Supplier Fabric Code,Hong Yu Textile - F8953
Supplier Fabric Code,Hong Yu Textile - H15018
Supplier Fabric Code,Hong Yu Textile - H6031
Supplier Fabric Code,N272
Supplier Fabric Code,Nuan baobao
Supplier Fabric Code,Reeyon - LY001
Supplier Fabric Code,Reeyon - LY470A
Supplier Fabric Code,Y760
Supplier Fabric Code,Y933
Supplier Fabric Code,YW6677
Supplier Fabric Code,Yajun - HS8912
Supplier Fabric Code,Yat Taj Hong - CA10091
Tape Material,Nylon
Tape Material,Polyester
Tape Style,Lace edge
Tape Style,Mesh-Tape
Tape Style,Other
Tape Style,Plain Weave
Tape Style,Twill Weave
Target Customer,Curvy
Target Customer,GenX
Target Customer,GenZ
Target Customer,Millenial
Target Customer,Plus Size
Target Customer,Teen
Tier,Core Basic
Tier,Core Perfomer
Tier,New
Tier,Recent Perfomer
VIVO YUMI OFF SHOULDER JUMPSUIT IN CREPE,VIVO YUMI OFF SHOULDER JUMPSUIT IN CREPE
Value Add,All Over Print
Value Add,Applique
Value Add,Beading
Value Add,Binding
Value Add,Contrast Stitching
Value Add,Embossing
Value Add,Embroidery
Value Add,Fringe
Value Add,Gathering
Value Add,Lace Overlay
Value Add,Laser Cut
Value Add,Metal Detail
Value Add,Patch Detail
Value Add,Pintucks
Value Add,Piping
Value Add,Placemenet Print
Value Add,Pleating
Value Add,Quilting
Value Add,Rouching
Value Add,Screen Print
Value Add,Sequins
Value Add,Shirring
Value Add,Smocking
Value Add,Sublimation Print
Vendor,Alan
Vendor,Alara
Vendor,Alladin
Vendor,Alsawae/Eastleigh
Vendor,Amdhir's Store
Vendor,Anika
Vendor,Art of Color
Vendor,Ava Fitness
Vendor,Bangkok
Vendor,Bedi
Vendor,Bensen
Vendor,Binsheng
Vendor,China
Vendor,China Fashion
Vendor,Cong Xin
Vendor,De Xing
Vendor,Denim Haven
Vendor,Dong Sheng (DS)
Vendor,Donglin
Vendor,Eastime
Vendor,Egypt
Vendor,Fangqi
Vendor,Fashion Knitted Fabric
Vendor,Gao Shang
Vendor,Gao shang
Vendor,Gaoheng textile
Vendor,Gigi
Vendor,Guiguang
Vendor,Heng Mei Fang Zhi
Vendor,Hua Ming
Vendor,Hua Yi
Vendor,Huihong
Vendor,Inhouse Printer(d)
Vendor,Jiefu
Vendor,Jing Dong Textile
Vendor,Jinqiao maye
Vendor,Jun Fa
Vendor,Jun Yuan
Vendor,Junda Textiles
Vendor,Kings Collection
Vendor,Kingston Yue Xiu Textiles
Vendor,Lexin
Vendor,Li Xing
Vendor,Liangsheng
Vendor,Liu ding
Vendor,Lizi
Vendor,Lola
Vendor,Longan
Vendor,MAZIWA
Vendor,Maziwa Market
Vendor,Midco Textiles
Vendor,Ming hong
Vendor,Nika Bonica
Vendor,Nimali
Vendor,Phyls Collections
Vendor,Popular 21
Vendor,Rainbow
Vendor,Rao Cheng
Vendor,Reeyon
Vendor,Rivatex
Vendor,Rt Knits
Vendor,Runfeng
Vendor,Safari
Vendor,Sanheer
Vendor,Shop Zetu
Vendor,Shoula Shou
Vendor,Showme
Vendor,Shung Yuan
Vendor,Shunhang
Vendor,Shunwang Textiles
Vendor,Sk Fabrics
Vendor,Soko
Vendor,Suhan Knitting
Vendor,Vivo
Vendor,Woodin
Vendor,Worldview
Vendor,XJHF
Vendor,Xin Heng Sheng
Vendor,Xinda Cowboy
Vendor,Xuegui Textile
Vendor,Yajun
Vendor,Yat Taj Hong
Vendor,Yi Yuan
Vendor,Yihao
Vendor,Yijntai
Vendor,Yimin
Vendor,Yitai Cloth Trade
Vendor,Yiwan
Vendor,Yiyi
Vendor,Yongsheng
Vendor,Ythera
Vendor,Yue Sheng
Vendor,Yun Xiang
Vendor,Yuyi
Vendor,Zetu
Vendor,Zetu Basics
Vendor,Zetu Men's
Vendor,Zhengada Xinglong
Vendor,Zoya
Waist Silhouette,High Waist
Waist Silhouette,Low-Rise
Waist Silhouette,Mid-Rise
Waist Silhouette,Paperbag Waist
Waist Silhouette,Pleated Front
Width (m),1.08
Width (m),1.1
Width (m),1.10
Width (m),1.15
Width (m),1.2
Width (m),1.21
Width (m),1.23
Width (m),1.3
Width (m),1.34
Width (m),1.35
Width (m),1.37
Width (m),1.38
Width (m),1.4
Width (m),1.42
Width (m),1.43
Width (m),1.44
Width (m),1.45
Width (m),1.46
Width (m),1.47
Width (m),1.48
Width (m),1.49
Width (m),1.5
Width (m),1.50
Width (m),1.51
Width (m),1.52
Width (m),1.53
Width (m),1.54
Width (m),1.55
Width (m),1.56
Width (m),1.57
Width (m),1.58
Width (m),1.6
Width (m),1.62
Width (m),1.63
Width (m),1.65
Width (m),1.66
Width (m),1.68
Width (m),1.69
Width (m),1.7
Width (m),1.72
Width (m),1.73
Width (m),1.75
Width (m),1.76
Width (m),1.77
Width (m),1.8
Width (m),1.85
Width (m),1.9
Width (m),1.92
Width (m),1.93
Zipper Element Type,Metal
Zipper Element Type,Molded plastic/Vislon
Zipper Element Type,Nylon Coil
Zipper Type,Closed-end
Zipper Type,Continous/Cut to Length
Zipper Type,Hidden/invisible zipper
Zipper Type,Open-end
Zipper Type,Two-way
