Fabric name,Barcode,Color,Fabric Color,Primary Color,Category,Sub-category,SOH metres,SOH kg,Stock Value KES,Consumption (m),% Consumption,% Available,Gap (pp),Weeks of Cover,Verdict
"PRT-2499675843 MOD 15 Hua Ming-Coarse hemp-Woven-Light Chiffon-105-1.5-120","305216","None","None","None","Chiffon","Light Polyester Chiffon",0,0,0,1656.6,"3.1","0.0","-3.1","0.00","Buy — short"
"RUNFENG -8004-Knit-Heavy Ponte -BLACK-1.55-420","302643","Black","Black","Black","Ponte","Heavy Ponte",1503.2,390.8,500765,1234.3,"2.3","0.6","-1.6","5.24","Hold — balanced"
"REEYON -LY001-Knit-Rayon Stretch -Black 6-1.7-350","40009781","None","Black","Black","Jersey","Heavy Interlock Jersey",22.5,13.1,16204,1221,"2.2","0.0","-2.2","0.08","Buy — short"
"EASTLEIGH ANKARA Print-1.10-160","50006663","None","None","None","Cotton Ankara","Medium Cotton Ankara",915.6,164.8,166448,1006.2,"1.9","0.4","-1.5","3.92","Buy — short"
"Jiefu-9001-Woven-Light Satin-Dark Green 34-1.3-110","303580","Green","Dark Green","Green","Satin","Medium Satin",789,110.5,163206,789.9,"1.5","0.3","-1.1","4.30","Buy — short"
"YAT TAJ HONG-CA10091-Knit-Light Ponte-BLACK 36-1.6-345","302639","None","Black","Black","Ponte","Heavy Ponte",9.5,5.2,4972,715.7,"1.3","0.0","-1.3","0.06","Buy — short"
"YIWAN-8058---Black 17-1.5-120","304643","None","Black","Black","Crepe","Medium Crepe",0,0,0,667,"1.2","0.0","-1.2","0.00","Buy — short"
"Shunwang Textiles-3020#---Black 2-1.5-300","304995","None","Black","Black","Rib","Heavy Jersey Rib",0,0,0,565.3,"1.0","0.0","-1.0","0.00","Buy — short"
"Alsawae- Plain Linen- Hunters","304124","None","Hunters Green","Green","Polyester","Medium Slub Stretch-Polyester",0,0,0,552.7,"1.0","0.0","-1.0","0.00","Buy — short"
"PRT-2689342185 MOD 2 Jiefu-9001-Woven-Light Satin- 51-1.3-110","305215","None","None","None","Satin","Medium Satin",0,0,0,541.3,"1.0","0.0","-1.0","0.00","Buy — short"
"Fashion Knitted Fabric -1629-Knit-Medium Rayon/Spandex Jersey-White 1-1.8-260","302953","None","White","White","Jersey","Medium Interlock Jersey",0,0,0,537.8,"1.0","0.0","-1.0","0.00","Buy — short"
"Alsawae- Plain Linen- Navy","304113","Navy","Navy Blue","Blue","Polyester","Medium Slub Stretch-Polyester",208.9,58.5,70761,534.1,"1.0","0.1","-0.9","1.68","Buy — short"
"Jiefu-9001-Woven-Light Satin-Taupe 20-1.3-110","303575","Taupe","Taupe","Brown","Satin","Medium Satin",445.9,62.4,92171,525,"1.0","0.2","-0.8","3.66","Buy — short"
"Al sawae-Romario Flowers-Crepe-Light Polyester Crepe-Woven-Black/Brown Spiral","305493","None","Black","Black","Crepe","Light Polyester Crepe",0,0,0,522.5,"1.0","0.0","-1.0","0.00","Buy — short"
"Runfeng-8003-Knit-Medium Ponte-Dark Brown 86-1.55-320","300143","None","Dark Brown","Brown","Ponte","Heavy Ponte",0,0,0,482.7,"0.9","0.0","-0.9","0.00","Buy — short"
"PRT-04052026 MOD1 - Cream/Black Laisa Print - YIWAN 8078 - Cream","105010","None","Black","Black","Crepe","Textured Light Polyester Crepe",0,0,0,469.3,"0.9","0.0","-0.9","0.00","Buy — short"
"Al sawae-Romario Flowers-Crepe-Light Polyester Crepe-Woven-Black/Grey Floral ","305501","None","Black","Black","Crepe","Light Polyester Crepe",46.8,8.3,14386,465.3,"0.9","0.0","-0.8","0.43","Buy — short"
"Al sawae-Romario Flowers-Crepe-Light Polyester Crepe-Woven-Jungle Green/Brown Floral ","305497","None","Jungle Green","Green","Crepe","Light Polyester Crepe",45.1,8.5,14770,459.1,"0.8","0.0","-0.8","0.42","Buy — short"
"Showme-18601---Buttermilk 4-1.5-150","304558","Buttermilk","Buttermilk","Yellow","Satin","Medium Satin",97.5,25.3,32435,454,"0.8","0.0","-0.8","0.92","Buy — short"
"PRT-04052026 MOD1 - Mustard/Black Laisa Print - YIWAN 8078 - Mustard","305504","None","Mustard","Yellow","Crepe","Textured Light Polyester Crepe",0,0,0,431.4,"0.8","0.0","-0.8","0.00","Buy — short"
"Fashion Knitted Fabric -1629-Knit-Medium Rayon/Spandex Jersey-Black 97-1.8-260","302950","None","Black","Black","Jersey","Medium Interlock Jersey",0,0,0,426.8,"0.8","0.0","-0.8","0.00","Buy — short"
"PRT-2689342185 MOD 2 -   YIWAN-8079-1-1.5-170","305182","None","None","None","Unknown","Unknown",0,0,0,425.2,"0.8","0.0","-0.8","0.00","Buy — short"
"Hua Ming-Coarse hemp-Black 3-1.5-120","303612","None","Black","Black","Chiffon","Light Polyester Chiffon",0,0,0,411.9,"0.8","0.0","-0.8","0.00","Buy — short"
"YAJUN-HS8912-Knit-Light Rayon Jersey-Navy 18-1.75-260","302626","None","Navy Blue","Blue","Jersey","Medium Interlock Jersey",0,0,0,406.8,"0.7","0.0","-0.7","0.00","Buy — short"
"PRT-2664714551 MOD1 - Lime Green/Black Shina Print - Easleigh Heavy Satin - Lime Green","305470","None","Lime Green","Green","Satin","Heavy Satin",0,0,0,404.8,"0.7","0.0","-0.7","0.00","Buy — short"
"Showme-16076-Woven-Rayon / Polyester / Spandex-Navy 19-1.5-300","303572","Navy","Navy Blue","Blue","Polyester","Heavy Polyester Twill",412.4,107.2,121159,403.8,"0.7","0.2","-0.6","4.40","Hold — balanced"
"Gaoheng textile-H1031---Black 14-1.65-280","304572","None","Black","Black","Rib","Heavy Polyester Rib",730.9,336.2,228704,397.9,"0.7","0.3","-0.4","7.91","Hold — balanced"
"PRT-2664714551 MOD1 - Orange/Black Shina Print - Easleigh Heavy Satin - Burnt Orange","305467","None","Burnt Orange","Orange","Satin","Heavy Satin",0,0,0,397,"0.7","0.0","-0.7","0.00","Buy — short"
"Alsawae Stretch Linen 1.47-180 Rust","305445","Rust","Rust","Orange","Polyester","Medium Slub Stretch-Polyester",214.2,55.7,66840,395.2,"0.7","0.1","-0.6","2.33","Buy — short"
"YIWAN-8074-Black 49-1.5-153","305352","Black","Black","Black","Satin","Medium Polyester Satin",26.3,6,0,390.6,"0.7","0.0","-0.7","0.29","Buy — short"
"BAMUMA MAZIWA - DENIM-NAVY BLUE- 1.65 - 330","304064","Navy Blue","Navy Blue","Blue","Denim","Medium Denim",2815.8,1492.4,858839,353.7,"0.7","1.2","0.6","34.27","Hold — balanced"
"Showme-16076-Woven-Rayon / Polyester / Spandex-Black 20-1.5-300","303573","Black","Black","Black","Polyester","Heavy Polyester Twill",410.9,106.8,120729,350.8,"0.6","0.2","-0.5","5.04","Hold — balanced"
"SHUNYUAN-20036---Navy Blue 17-1.5-135","305040","Blue","Navy Blue","Blue","Poly Cotton","Light Stretch-Poly Cotton",176.4,35.3,82179,338.4,"0.6","0.1","-0.5","2.24","Buy — short"
"SHUNYUAN-20036---Khaki Green 9-1.5-135","305038","None","Khaki Green","Green","Poly Cotton","Light Stretch-Poly Cotton",80.4,16.1,37456,338.4,"0.6","0.0","-0.6","1.02","Buy — short"
"YAJUN-HS8912-Knit-Light Rayon Jersey- Black 33-1.75-260","302623","None","Black","Black","Interlock Jersey","Medium Interlock Jersey",0,0,0,334.8,"0.6","0.0","-0.6","0.00","Buy — short"
"Shunwang Textiles-3020#---Rust 107-1.5-300","305001","None","Rust","Orange","Rib","Heavy Jersey Rib",0,0,0,331.2,"0.6","0.0","-0.6","0.00","Buy — short"
"PRT-2664714551 MOD1 - White/Black Shina Print - Easleigh Heavy Satin - White","305471","None","Black","Black","Satin","Heavy Satin",0,0,0,329,"0.6","0.0","-0.6","0.00","Buy — short"
"SHUNHANG-V-CTN PRT #1 - COTTON----1.48-90","304339","None","None","None","Cotton Viscose","Light Cotton Viscose",0,0,0,326.8,"0.6","0.0","-0.6","0.00","Buy — short"
"YIWAN-8073-Black 30-1.5-180","305343","None","Black","Black","Crepe","Medium Polyester Textured Crepe",0,0,0,322.7,"0.6","0.0","-0.6","0.00","Buy — short"
"Gaoheng textile-H1038---Black 12-1.65-270","304574","Black","Black","Black","Rib","Heavy Polyester Rib",92.3,41.5,25659,318.9,"0.6","0.0","-0.5","1.25","Buy — short"
"Alsawae Ahlam Crepe - Black - 1.47-195","305442","Black","Black","Black","Crepe","Medium Crepe",70.1,20.3,24384,313.3,"0.6","0.0","-0.5","0.96","Buy — short"
"Fashion Knitted Fabric -1629-Knit-Medium Rayon/Spandex Jersey-Dark Tan  255-1.8-260","302962","Tan","Dark Tan","Brown","Jersey","Medium Interlock Jersey",181.3,85.2,77606,309.4,"0.6","0.1","-0.5","2.52","Buy — short"
"Fashion Knitted Fabric -1629-Knit-Medium Rayon/Spandex Jersey-Mulberry 344-1.8-260","302957","Mulberry","None","None","Jersey","Medium Interlock Jersey",301,141.5,128851,307.3,"0.6","0.1","-0.4","4.22","Buy — short"
"YIWAN-8078-Dark Brown 44-1.5-150","305329","None","Dark Brown","Brown","Crepe","Textured Light Polyester Crepe",0,0,0,303.7,"0.6","0.0","-0.6","0.00","Buy — short"
"Jiefu-9001-Woven-Light Satin-Dark Navy 40-1.3-110","303581","Navy","Navy Blue","Blue","Satin","Medium Satin",1004.6,140.6,207458,293.3,"0.5","0.4","-0.1","14.74","Hold — balanced"
"YAO CHENG-2422-Black & White Stripes ?-1.6-290","305318","None","Black","Black","Polyester","Heavy PolyViscose Stretch Pinstripe Suiting",0,0,0,289.4,"0.5","0.0","-0.5","0.00","Buy — short"
"Showme-18601---Orange 39-1.5-150","304560","None","Orange","Orange","Satin","Medium Satin",0,0,0,288.9,"0.5","0.0","-0.5","0.00","Buy — short"
"Al sawae-Romario Flowers-Crepe-Light Polyester Crepe-Woven-Black/Grey Tie & Dye ","305499","None","Black","Black","Crepe","Light Polyester Crepe",0,0,0,288.8,"0.5","0.0","-0.5","0.00","Buy — short"
"YIWAN-8078-Light Olive Green 46-1.5-150","304656","None","Light Olive Green","Green","Crepe","Textured Light Polyester Crepe",0,0,0,285.6,"0.5","0.0","-0.5","0.00","Buy — short"
"Longan-Polka dot-Woven-Cotton-Pink/Green-1.34-75","302182","None","Green","Green","Cotton","Light Cotton",0,0,0,282.8,"0.5","0.0","-0.5","0.00","Buy — short"
"PRT-4081455903743987 MMOD1 - Rust/Black Reni Print - Guiguang 8205 - Rust","305457","None","Black","Black","Unknown","Unknown",0,0,0,281.9,"0.5","0.0","-0.5","0.00","Buy — short"
"PRT-2433091721 MOD 2Liangsheng-2268---1.52-310 (PRINT)","305439","None","None","None","Crepe","Heavy Stretch-Crepe",66.2,31.1,74066,277.8,"0.5","0.0","-0.5","1.03","Buy — short"
"Bao de li-???Velvet---Dark Olive 15-1.85-280","304358","None","Olive Green","Green","Velvet","Light Velvet",0,0,0,277.3,"0.5","0.0","-0.5","0.00","Buy — short"
"YIWAN-8078-Dark Red 48-1.5-150","305335","None","Dark Red","Red","Crepe","Textured Light Polyester Crepe",0,0,0,269.4,"0.5","0.0","-0.5","0.00","Buy — short"
"Alsawae Ahlam Crepe - Dark Hunters - 1.47-195","305441","Dark Hunters","Hunters Green","Green","Crepe","Medium Crepe",28.1,8.2,9792,268.6,"0.5","0.0","-0.5","0.45","Buy — short"
"YIWAN-8078-Taupe 43-1.5-150","305330","None","Taupe","Brown","Crepe","Textured Light Polyester Crepe",0,0,0,265.6,"0.5","0.0","-0.5","0.00","Buy — short"
"Alsawae Stretch Linen 1.47-180 Taupe","305446","Taupe","Taupe","Brown","Polyester","Medium Slub Stretch-Polyester",263.4,68.5,82176,265.4,"0.5","0.1","-0.4","4.27","Buy — short"
"Al sawae-Romario Flowers-Crepe-Light Polyester Crepe-Woven-Black/Brown Tie & Dye","305494","None","Black","Black","Crepe","Light Polyester Crepe",22.8,4,7002,265.3,"0.5","0.0","-0.5","0.37","Buy — short"
"Alsawae- Plain Linen- Dark Mustard","304126","None","Dark Mustard","Yellow","Slub polyester","Medium Slub Stretch-Polyester",2.5,0.7,0,264.4,"0.5","0.0","-0.5","0.04","Buy — short"
"Yuyi-YUYI1410--- 2-1.45-85","303743","None","None","None","Cotton","Light Cotton",16.2,1.9,4753,264,"0.5","0.0","-0.5","0.26","Buy — short"
"YIWAN-8078---Navy 32-1.5-150","304655","None","Navy Blue","Blue","Crepe","Textured Light Polyester Crepe",0,0,0,262.8,"0.5","0.0","-0.5","0.00","Buy — short"
"Gaoheng textile-H1023---Black 25-1.65-280","304571","None","Black","Black","Jacquard","Heavy Stretch Jacquard Polyester",0,0,0,258.1,"0.5","0.0","-0.5","0.00","Buy — short"
"PRT-04052026 MOD1 - Olive Green/Black Laisa Print - YIWAN 8078 - Olive Green","305502","None","Olive Green","Green","Crepe","Textured Light Polyester Crepe",0,0,0,256.7,"0.5","0.0","-0.5","0.00","Buy — short"
"GAO HENG TEXTILES-H1022-Olive Green 3-1.65-280","303486","Green","Olive Green","Green","Rib","Heavy Polyester Rib",276.7,127.3,67708,255.4,"0.5","0.1","-0.4","4.66","Hold — balanced"
"Runfeng-8003-Knit-Medium Ponte-Black 1-1.55-320","50018662","None","Black","Black","Ponte","Heavy Ponte",0,0,0,254.6,"0.5","0.0","-0.5","0.00","Buy — short"
"Longan-Polka dot-Woven-Cotton-Grey/Black-1.34-75","302183","None","Black","Black","Cotton","Light Cotton",0,0,0,253.5,"0.5","0.0","-0.5","0.00","Buy — short"
"PRT-4081455903743987 MMOD3 - Mustard/Burgundy Reni Print - Guiguang 8205 - Mustard","305458","None","Burgundy","Red","Crepe","Medium Stretch-Crepe",0.2,0,86,253,"0.5","0.0","-0.5","0.00","Buy — short"
"YIWAN-8078-Rust 21-1.5-150","305333","None","Rust","Orange","Crepe","Textured Light Polyester Crepe",0,0,0,251.3,"0.5","0.0","-0.5","0.00","Buy — short"
"Al sawae-Romario Flowers-Crepe-Light Polyester Crepe-Woven-Black/Brown Abstract ","305498","None","Black","Black","Crepe","Light Polyester Crepe",0,0,0,245.5,"0.5","0.0","-0.5","0.00","Buy — short"
"YUYI-Z1290---Print 2-1.45-125","304707","None","None","None","Cotton","Light Cotton",0,0,0,242.3,"0.4","0.0","-0.4","0.00","Buy — short"
"YUYI-Z718---Print 1-1.45-125","304688","None","None","None","Cotton","Light Cotton",0,0,0,242.3,"0.4","0.0","-0.4","0.00","Buy — short"
"Bao de li----Black 2-1.85-280","304359","None","Black","Black","Velvet","Light Velvet",0,0,0,240.8,"0.4","0.0","-0.4","0.00","Buy — short"
"GAO HENG TEXTILES-H1022-Mulberry 7-1.65-280","305225","Mulberry","None","None","Rib","Heavy Polyester Rib",266.9,122.8,65324,239.9,"0.4","0.1","-0.3","4.79","Hold — balanced"
"Yi Wang-8053-Woven-Heavy Polyester Stretch-Black 8-1.5-215","303506","Black","Black","Black","Crepe","Medium Polyester Crepe",43.4,13.9,15294,239.6,"0.4","0.0","-0.4","0.78","Buy — short"
"PRT-04052026 MOD1 - White/Olive Laisa Print - YIWAN 8078 - White","105011","None","White","White","Crepe","Textured Light Polyester Crepe",0,0,0,239,"0.4","0.0","-0.4","0.00","Buy — short"
"YUYI-Z1290---Print 1-1.45-125","304706","None","None","None","Cotton","Light Cotton",0,0,0,238.3,"0.4","0.0","-0.4","0.00","Buy — short"
"Runfeng-8003-Knit-Medium Ponte-Taupe 6-1.55-320","50018663","None","Taupe","Brown","Ponte","Heavy Ponte",217.8,82.8,108582,238,"0.4","0.1","-0.3","3.94","Buy — short"
"SHUNYUAN-20036---Lilac 23-1.5-135","305039","None","Lilac","Purple","Poly Cotton","Light Stretch-Poly Cotton",0,0,0,235,"0.4","0.0","-0.4","0.00","Buy — short"
"YUYI-Z764---print 2-1.45-125","304694","None","None","None","Cotton","Light Cotton",0,0,0,234.4,"0.4","0.0","-0.4","0.00","Buy — short"
"Alsawae Ahlam Crepe - Off white - 1.47-195","305443","Off White","Off White","White","Crepe","Medium Crepe",40.5,11.7,14088,234,"0.4","0.0","-0.4","0.75","Buy — short"
"Yuyi-YUYI1410--- 3-1.45-85","303744","None","None","None","Cotton","Light Cotton",46.2,5.5,13573,234,"0.4","0.0","-0.4","0.85","Buy — short"
"PRT-04052026 MOD1 - Orange/Black Laisa Print - YIWAN 8078 - Orange","305483","None","Orange","Orange","Crepe","Textured Light Polyester Crepe",0,0,0,231.7,"0.4","0.0","-0.4","0.00","Buy — short"
"REEYON -LY001-Knit-Rayon Stretch-Navy 7-1.7-350","302655","Navy","Navy Blue","Blue","Jersey","Heavy Interlock Jersey",1310.5,340.7,422746,230.8,"0.4","0.6","0.1","24.44","Hold — balanced"
"YUYI-Z764---print 3-1.45-125","304695","None","None","None","Cotton","Light Cotton",0,0,0,230.4,"0.4","0.0","-0.4","0.00","Buy — short"
"REEYON-LY001-Off White 8-1.7-350","302656","White","Off White","White","Jersey","Heavy Interlock Jersey",1631,424.1,0,228.5,"0.4","0.7","0.3","30.73","Hold — balanced"
"Fashion Knitted Fabric -1629-Knit-Medium Rayon/Spandex Jersey-Rust 249-1.8-260","302958","Rust","Rust","Orange","Jersey","Medium Interlock Jersey",240.6,113.1,102982,227,"0.4","0.1","-0.3","4.56","Hold — balanced"
"YIWAN-8074-Navy Blue 84-1.5-153","305353","None","Navy Blue","Blue","Satin","Medium Polyester Satin",0,0,0,224.3,"0.4","0.0","-0.4","0.00","Buy — short"
"YUYI-Z718---print 2-1.45-125","304689","None","None","None","Cotton","Light Cotton",0,0,0,224,"0.4","0.0","-0.4","0.00","Buy — short"
"Yi Wang-8079-Woven-Satin-Dark Navy 36-1.5-170","303534","Navy","Navy Blue","Blue","Satin","Heavy satin",933.5,242.7,281532,222,"0.4","0.4","-0.0","18.10","Hold — balanced"
"Yuyi-YUYi 1321---print 2-1.45-85","303740","Print 2","None","None","Cotton","Light Cotton",16.2,1.9,5335,222,"0.4","0.0","-0.4","0.31","Buy — short"
"PRT-04052026 MOD1 - White/Black Laisa Print - YIWAN 8078 - White","305503","None","Black","Black","Crepe","Textured Light Polyester Crepe",0,0,0,220.6,"0.4","0.0","-0.4","0.00","Buy — short"
"HUAMING-2018-Rust 21-1.5-180","305261","Rust","Rust","Orange","Satin","Medium Polyester Satin",213.7,57.7,79088,219.1,"0.4","0.1","-0.3","4.20","Buy — short"
"YIWAN-8074-Dark Brown 51-1.5-153","305354","None","Dark Brown","Brown","Satin","Medium Polyester Satin",19.4,4.5,0,218.5,"0.4","0.0","-0.4","0.38","Buy — short"
"HUAMING-2018-Dark Brown 85-1.5-180","305386","Brown","Dark Brown","Brown","Satin","Medium Polyester Satin",273.8,73.9,101337,218.1,"0.4","0.1","-0.3","5.40","Hold — balanced"
"Gaoheng textile-H1038-Red 10-1.65-270","305231","Red","Red","Red","Rib","Heavy Polyester Rib",105.5,47.5,29316,216.7,"0.4","0.0","-0.4","2.10","Buy — short"
"YIWAN-8053---Offwhite 9-1.5-215","304638","Offwhite","None","None","Crepe","Medium Polyester Crepe",43.9,14,15476,214.3,"0.4","0.0","-0.4","0.88","Buy — short"
"HUAMING-2018-Taupe 33-1.5-180","305262","Taupe","Taupe","Brown","Satin","Medium Polyester Satin",268.8,72.6,99500,214.1,"0.4","0.1","-0.3","5.40","Hold — balanced"
"YIWAN-8074-Olive Green 54-1.5-153","305357","None","Olive Green","Green","Satin","Medium Polyester Satin",21.7,5,0,212.7,"0.4","0.0","-0.4","0.44","Buy — short"
"Runfeng-8003-Knit-Medium Ponte-Off White 2-1.55-320","50018667","White","Off White","White","Ponte","Heavy Ponte",321.7,122.3,160406,210.3,"0.4","0.1","-0.2","6.59","Hold — balanced"
"AL SAWAE PLAIN HEAVY SATIN-CHOCOLATE-7/04/2026","305134","None","Chocolate Brown","Brown","Satin","Heavy Stretch-Satin",0,0,0,205.9,"0.4","0.0","-0.4","0.00","Buy — short"
"HUAMING-2018-Olive Green 30-1.5-180","305259","Green","Olive Green","Green","Satin","Medium Polyester Satin",266.4,71.9,98623,205.7,"0.4","0.1","-0.3","5.58","Hold — balanced"
"Yi Wang-8079-Woven-Satin-Dark Green 50-1.5-170","303535","None","Dark Green","Green","Satin","Heavy Satin",0,0,0,204.9,"0.4","0.0","-0.4","0.00","Buy — short"
"Jiefu-9001-Woven-Light Satin-Black 43-1.3-110","303582","Black","Black","Black","Satin","Medium Satin",1907.3,267,393909,201.4,"0.4","0.8","0.4","40.77","Hold — balanced"
"Yiyi-N272-Woven-Cotton / Spandex-White-1.5-120","302124","White","White","White","Cotton","Light Stretch Cotton",116.9,21,33874,201.1,"0.4","0.0","-0.3","2.50","Buy — short"
"Fashion Knitted Fabric -1629-Knit-Medium Rayon/Spandex Jersey-Powder Blue 108-1.8-260","302949","Blue","Blue","Blue","Jersey","Medium Interlock Jersey",177.3,83.3,77506,200.1,"0.4","0.1","-0.3","3.81","Buy — short"
"Alsawae-Plain Linen-Red","304128","None","Red","Red","Slub polyester","Medium Slub Stretch-Polyester",0.5,0.1,0,196,"0.4","0.0","-0.4","0.01","Buy — short"
"YIWAN-8074-Dark Green 81-1.5-153","305356","None","Dark Green","Green","Satin","Medium Polyester Satin",0,0,0,195.2,"0.4","0.0","-0.4","0.00","Buy — short"
"Al sawae-Romario Flowers-Crepe-Light Polyester Crepe-Woven-Grey/Black","305489","None","Black","Black","Crepe","Light Polyester Crepe",0,0,0,195.1,"0.4","0.0","-0.4","0.00","Buy — short"
"JUNFA-Q033-Yellow 62-1.6-250","305268","None","Yellow","Yellow","Sweater","Medium Cashmere Sweater",0,0,0,192.2,"0.4","0.0","-0.4","0.00","Buy — short"
"Showme-16076-Woven-Rayon / Polyester / Spandex-Gold 14-1.5-300","303570","Gold","Gold","Metallic","Polyester","Heavy Polyester Twill",201.1,52.3,60122,191.5,"0.4","0.1","-0.3","4.52","Hold — balanced"
"Showme-16076-Woven-Rayon / Polyester / Spandex-Dark Olive 22-1.5-300","303571","Olive","Olive Green","Green","Polyester","Heavy Polyester Twill",190.3,49.5,55912,191.5,"0.4","0.1","-0.3","4.28","Buy — short"
"HUAMING-Coarse hemp-Dark Olive Green 106-1.5-120","305384","Green","Dark Olive Green","Green","Chiffon","Light Polyester Chiffon",471.9,84.9,106466,189.9,"0.3","0.2","-0.1","10.70","Hold — balanced"
"YAJUN-HS8912-Knit-Light Rayon Jersey- White 22-1.75-260","302624","None","White","White","Jersey","Medium Interlock Jersey",0,0,0,189.8,"0.3","0.0","-0.3","0.00","Buy — short"
"YIWAN-8074-Dark Red 59-1.5-153","305359","None","Dark Red","Red","Satin","Medium Polyester Satin",0,0,0,189.3,"0.3","0.0","-0.3","0.00","Buy — short"
"JUNFA-Q033-Red 20-1.6-250","305265","None","Red","Red","Sweater","Medium Cashmere Sweater",0,0,0,187.6,"0.3","0.0","-0.3","0.00","Buy — short"
"Showme-18601---Midnight Blue/Navy 32-1.5-150","304559","Navy","Blue","Blue","Satin","Medium Satin",90,23.4,29952,180,"0.3","0.0","-0.3","2.15","Buy — short"
"Fashion Knitted Fabric -1629-Knit-Medium Rayon/Spandex Jersey-Fuschia 250-1.8-260","302956","Fuschia","None","None","Jersey","Medium Interlock Jersey",302.8,142.3,129634,176.4,"0.3","0.1","-0.2","7.39","Hold — balanced"
"Amdhir's Store-Heritage-Woven-Cotton Linen-Black--","302742","Black","Black","Black","Cotton","Medium Slub Cotton",1051.3,147.2,401801,174.9,"0.3","0.4","0.1","25.88","Hold — balanced"
"Amdhir's Store-Heritage-Woven-Cotton Linen-Olive Green-1.36-122","304001","Green","Olive Green","Green","Cotton","Medium Slub Cotton",353.2,49.5,134999,174.9,"0.3","0.2","-0.2","8.69","Hold — balanced"
"PRT-4081455903743987 MMOD1 - Mustard/Black Reni Print - Guiguang 8205 - Mustard","305460","None","Mustard","Yellow","Unknown","Unknown",0,0,0,173.5,"0.3","0.0","-0.3","0.00","Buy — short"
"GAO HENG TEXTILES-H1022-White 16-1.65-280","305226","White","White","White","Rib","Heavy Polyester Rib",271.6,124.9,66473,172,"0.3","0.1","-0.2","6.80","Hold — balanced"
"Jun Fa-Q033--Dusty Red 61-0-","303777","None","Red","Red","Sweater","Medium Cashmere Sweater",0,0,0,171.1,"0.3","0.0","-0.3","0.00","Buy — short"
"YIWAN-8073-Dark Green 42-1.5-180","305347","None","Dark Green","Green","Crepe","Medium Polyester Textured Crepe",194.4,52.5,0,169.5,"0.3","0.1","-0.2","4.94","Hold — balanced"
"PRT-4081455903743987 MMOD5 - Off-White/Yellow Reni Print - Guiguang 8205 - Off-White","305459","None","Off White","White","Crepe","Medium Stretch-Crepe",0.3,0.1,129,166.2,"0.3","0.0","-0.3","0.01","Buy — short"
"GAO HENG TEXTILES-H1022-Black 13-1.65-280","303487","Black","Black","Black","Rib","Heavy Polyester Rib",278.4,128.1,68133,165.5,"0.3","0.1","-0.2","7.24","Hold — balanced"
"Yiyi-N272-Woven-Cotton / Spandex-Orange-1.5-120","302130","Orange","Orange","Orange","Cotton","Light Stretch Cotton",149.4,26.9,43293,165,"0.3","0.1","-0.2","3.90","Buy — short"
"Jiefu-9001-Woven-Light Satin-Red 30-1.3-110","303577","Red","Red","Red","Satin","Medium Satin",868,121.5,179001,164.5,"0.3","0.4","0.1","22.71","Hold — balanced"
"Al Sawae--Light Satin -Black 23--","303026","None","Black","Black","Satin","Medium Satin",0,0,0,162.8,"0.3","0.0","-0.3","0.00","Buy — short"
"Al sawae-Romario Flowers-Crepe-Light Polyester Crepe-Woven-Olive/Black","305488","None","Black","Black","Crepe","Light Polyester Crepe",0,0,0,161.4,"0.3","0.0","-0.3","0.00","Buy — short"
"Gao Shang-6886---lime Green 66-1.6-220","304446","Green","Lime Green","Green","Ponte","Medium Ponte",165.8,58,62103,158.4,"0.3","0.1","-0.2","4.51","Hold — balanced"
"Jiefu-9001-Woven-Light Satin-Purple 51-1.3-110","303583","Purple","Purple","Purple","Satin","Medium Satin",555.6,77.8,114337,157.8,"0.3","0.2","-0.1","15.16","Hold — balanced"
"JUNFA-Q033-Olive Green 51-1.6-250","305264","None","Olive Green","Green","Sweater","Medium Cashmere Sweater",0,0,0,157.1,"0.3","0.0","-0.3","0.00","Buy — short"
"PRT-2194702975 MOD1 - Taupe/Black Polka Print - YIWAN 8074 - Taupe","305473","None","Black","Black","Satin","Heavy Satin",0,0,0,156.9,"0.3","0.0","-0.3","0.00","Buy — short"
"GAO HENG TEXTILES-H1002-Navy Blue 14-1.65-260","305234","Blue","Navy Blue","Blue","Rib","Medium Polyester Rib",96,41.3,24186,156.5,"0.3","0.0","-0.2","2.64","Buy — short"
"PRT-1714461133 MOD1 - Rust/Black Talo Print - Yat Taj Hong CA13672 - Rust","305453","None","Black","Black","Crepe","Heavy Twill crepe",441.4,167.7,351227,156.3,"0.3","0.2","-0.1","12.16","Hold — balanced"
"PRT-1714461133 MOD1 - White/Black Talo Print - Yat Taj Hong CA13672 - White","305454","White/Black","Black","Black","Crepe","Heavy Twill crepe",209.9,79.8,167059,153.5,"0.3","0.1","-0.2","5.89","Hold — balanced"
"GAO HENG TEXTILES-H1002-Black 16-1.65-260","305232","Black","Black","Black","Rib","Medium Polyester Rib",131.3,56.4,33084,152.4,"0.3","0.1","-0.2","3.71","Buy — short"
"REEYON -LY001-Knit-Rayon Stretch -Dark Green-1.7-350","40014710","Dark Green","Dark Green","Green","Jersey","Heavy Interlock Jersey",142.5,51.3,63650,151.7,"0.3","0.1","-0.2","4.04","Buy — short"
"PRT-1714461133 MOD1 - Fuschia/Black Talo Print - Yat Taj Hong CA13672 - Fuschia","305455","None","Black","Black","Crepe","Heavy Twill crepe",404.4,153.7,321764,149.2,"0.3","0.2","-0.1","11.67","Hold — balanced"
"YIWAN-8053---Dark Green 19-1.5-215","304632","Green","Dark Green","Green","Crepe","Medium Polyester Crepe",210.4,67.3,74298,148.5,"0.3","0.1","-0.2","6.10","Hold — balanced"
"Yi Wang-8053-Woven-Heavy Polyester Stretch-Mulberry 22-1.5-215","303510","Mulberry","None","None","Crepe","Medium Polyester Crepe",364.4,116.6,128396,148.5,"0.3","0.2","-0.1","10.56","Hold — balanced"
"YIWAN-8073-Red 38-1.5-180","305349","None","Red","Red","Crepe","Medium Polyester Textured Crepe",0,0,0,148.3,"0.3","0.0","-0.3","0.00","Buy — short"
"YIWAN-8073-Navy Blue 36-1.5-180","305345","None","Navy Blue","Blue","Crepe","Medium Polyester Textured Crepe",0,0,0,146.7,"0.3","0.0","-0.3","0.00","Buy — short"
"GAO HENG TEXTILES-H1002-Dark Taupe 13-1.65-260","305233","None","Dark Taupe","Brown","Rib","Medium Polyester Rib",336,144.5,84704,145.7,"0.3","0.1","-0.1","9.93","Hold — balanced"
"PRT-1714461133 MOD1 - Olive/Black Talo Print - Yat Taj Hong CA13672 - Olive","305456","None","Black","Black","Crepe","Heavy Twill crepe",128.8,48.9,102480,144.9,"0.3","0.1","-0.2","3.83","Buy — short"
"Yiyi-611-Mulberry 677-1.5-110","305198","None","None","None","Cotton","Light Cotton",0,0,0,142,"0.3","0.0","-0.3","0.00","Buy — short"
"Yiyi-Y933-Woven-Cotton / Spandex-White 2-1.48-130","303668","White","White","White","Cotton","Light Stretch Cotton",440.6,83.7,156246,140.7,"0.3","0.2","-0.1","13.48","Hold — balanced"
"Yiyi-Y933-Orange 12-1.48-130","303670","Orange","Orange","Orange","Cotton","Light Stretch Cotton",296,56.2,0,140.7,"0.3","0.1","-0.1","9.06","Hold — balanced"
"Yiyi-Y933-Red 1-1.48-130","303673","Red","Red","Red","Cotton","Light Stretch Cotton",433.8,82.4,0,140.7,"0.3","0.2","-0.1","13.27","Hold — balanced"
"REEYON-LY001-Chocolate -1.7-350","305407","None","Chocolate Brown","Brown","Interlock Jersey","Heavy Interlock Jersey",0,0,0,140.2,"0.3","0.0","-0.3","0.00","Buy — short"
"Hua Ming-Satin spring-Woven-Light Satin-Chocolate 10-1.5-90","303602","Chocolate","Chocolate Brown","Brown","Satin","Medium Satin",199.7,28,41101,139.6,"0.3","0.1","-0.2","6.16","Hold — balanced"
"YAJUN-HS8912-Knit-Light Rayon Jersey-Dark Green 134-1.75-260","302871","Green","Dark Green","Green","Jersey","Medium Interlock Jersey",419.4,192.9,183293,136.7,"0.3","0.2","-0.1","13.21","Hold — balanced"
"Rao Cheng-2030502---Dark Navy 4-0-","303787","None","Navy Blue","Blue","Ponte","Medium Ponte",0,0,0,136.4,"0.3","0.0","-0.3","0.00","Buy — short"
"Rao Cheng-2030502---Black black-0-","303786","None","Black","Black","Ponte","Medium Ponte",0,0,0,136.4,"0.3","0.0","-0.3","0.00","Buy — short"
"Gaoheng textile-H8815---Lilac 10-1.65-280","304577","None","Lilac","Purple","Rib","Heavy Rib",0,0,0,136,"0.3","0.0","-0.3","0.00","Buy — short"
"GAO HENG TEXTILES-H1002-Off White 2-1.65-260","305235","White","Off White","White","Rib","Medium Polyester Rib",131.9,56.7,33249,132.2,"0.2","0.1","-0.2","4.29","Buy — short"
"PRT-2194702975 MOD1 - Rust/Black Polka Print - YIWAN 8074 - Rust","305472","None","Black","Black","Satin","Heavy Satin",0,0,0,130.6,"0.2","0.0","-0.2","0.00","Buy — short"
"Fashion Knitted Fabric -1629-Knit-Medium Rayon/Spandex Jersey-Mustard 187-1.8-260","302966","None","Mustard","Yellow","Jersey","Medium Interlock Jersey",179.5,84.4,76840,130.2,"0.2","0.1","-0.2","5.93","Hold — balanced"
"Al sawae-Romario Flowers-Crepe-Light Polyester Crepe-Woven-Peach/Brown Spiral","305492","None","Brown","Brown","Crepe","Light Polyester Crepe",0,0,0,126.6,"0.2","0.0","-0.2","0.00","Buy — short"
"Yiyi-Y933-Woven-Cotton / Spandex-Navy 24-1.48-130 (Navy)","303671","Navy","Navy Blue","Blue","Cotton","Light Stretch Cotton",386.8,73.5,133704,125.1,"0.2","0.2","-0.1","13.31","Hold — balanced"
"Rao Cheng-50s ??---Olive 22-1.6-300","303798","None","Olive Green","Green","Ponte","Medium Ponte",0,0,0,125.1,"0.2","0.0","-0.2","0.00","Buy — short"
"Gaoheng textile-H1031-Off White 2-1.65-280","305228","White","Off White","White","Rib","Heavy Polyester Rib",258.8,119.1,75982,124.3,"0.2","0.1","-0.1","8.96","Hold — balanced"
"Yiyi-611-Mustard 511-1.5-110","305199","None","Mustard","Yellow","Cotton","Light Cotton",0,0,0,124,"0.2","0.0","-0.2","0.00","Buy — short"
"Amdhir's Store-Heritage-Woven-Cotton Linen-Rust--","302746","Rust","Rust","Orange","Cotton","Medium Slub Cotton",202.9,28.4,77532,123.9,"0.2","0.1","-0.1","7.05","Hold — balanced"
"XIN HENG SHENG-8148---78-1.55-140","302570","None","None","None","Cotton","Light Cotton Slub",0,0,0,123.6,"0.2","0.0","-0.2","0.00","Buy — short"
"Gao Shang-6034-Denim Blue 99-1.6-300","305187","Blue","Denim Blue","Blue","Ponte","Medium Ponte",124.9,60,59157,123.6,"0.2","0.1","-0.2","4.35","Hold — balanced"
"Gaoheng textile-H1038-H1038-Off White 2-1.65-270","305230","White","Off White","White","Rib","Heavy Polyester Rib",145,65.2,40299,123.1,"0.2","0.1","-0.2","5.07","Hold — balanced"
"ZHENGZHENG TEXTILES-6034-Navy Blue 47-1.6-300","305205","None","Navy Blue","Blue","Ponte","Medium Rayon Ponte",0,0,0,121.8,"0.2","0.0","-0.2","0.00","Buy — short"
"SHENG HONG CLOTH-A C634#-Black 22-1.6-320","305292","None","Black","Black","Polyester","Heavy Polyester Crinkle Rib Sweater",0,0,0,119.3,"0.2","0.0","-0.2","0.00","Buy — short"
"ZHENGZHENG TEXTILES-6034-Olive Green 52-1.6-300","303374","None","Olive Green","Green","Ponte","Medium Rayon Ponte",0,0,0,118.3,"0.2","0.0","-0.2","0.00","Buy — short"
"Runfeng-8003YD-Knit-Light Ponte-Dark Green 79-1.55-320","304967","Green","Dark Green","Green","Ponte","Heavy Ponte",390.2,195.1,255999,117.6,"0.2","0.2","-0.0","14.28","Hold — balanced"
"YAJUN-HS8912-Dark Mustard 102-1.75-260","302625","Mustard","Dark Mustard","Yellow","Jersey","Medium Interlock Jersey",0,0,0,117,"0.2","0.0","-0.2","0.00","Buy — short"
"Yiyi-611-Black ?-1.5-110","305195","Black","Black","Black","Cotton","Light Cotton",3.4,0.6,0,116.5,"0.2","0.0","-0.2","0.13","Buy — short"
"SHENG HONG CLOTH-A C634#-Navy Blue 21-1.6-320","305295","None","Navy Blue","Blue","Polyester","Heavy Polyester Crinkle Rib Sweater",0,0,0,114.6,"0.2","0.0","-0.2","0.00","Buy — short"
"Al sawae-Romario Flowers-Crepe-Light Polyester Crepe-Woven-White/Chocolate Abstract ","305484","None","Chocolate Brown","Brown","Crepe","Light Polyester Crepe",0,0,0,114.1,"0.2","0.0","-0.2","0.00","Buy — short"
"Fashion Knitted Fabric -1629-Knit-Medium Rayon/Spandex Jersey-Navy 355-1.8-260","302963","Navy","Navy Blue","Blue","Jersey","Medium Interlock Jersey",495.3,252.6,225455,113.2,"0.2","0.2","0.0","18.84","Hold — balanced"
"Alsawae-Plain Linen-Peach","304108","Peach","Peach","Orange","Polyester","Medium Slub Stretch-Polyester",326.4,91.4,0,112.5,"0.2","0.1","-0.1","12.49","Hold — balanced"
"Hua Ming-Coarse hemp-Woven-Light Chiffon -White 31-1.5-120","305157","White","White","White","Chiffon","Light Polyester Chiffon",504.2,90.8,113761,112,"0.2","0.2","0.0","19.38","Hold — balanced"
"HUAMING-Coarse hemp-Mustard 25-1.5-120","303221","Mustard","Mustard","Yellow","Chiffon","Light Polyester Chiffon",478.4,86.1,107945,112,"0.2","0.2","-0.0","18.39","Hold — balanced"
"Guiguang-8205---Black 41-1.5-145","303804","Black","Black","Black","Crepe","Light Polyester Crepe",239.1,43,53961,111.9,"0.2","0.1","-0.1","9.20","Hold — balanced"
"YAJUN-HS8912-Dark Red 171-1.75-260","305392","Red","Dark Red","Red","Jersey","Medium Interlock Jersey",122.7,56.4,0,111,"0.2","0.1","-0.2","4.76","Hold — balanced"
"SHENG HONG CLOTH-A C634#-Mustard 31-1.6-320","305294","None","Mustard","Yellow","Polyester","Heavy Polyester Crinkle Rib Sweater",0,0,0,110,"0.2","0.0","-0.2","0.00","Buy — short"
"Yiyi-Y933-Black 33-1.48-130","303672","Black","Black","Black","Cotton","Light Stretch Cotton",241.5,45.9,0,109.4,"0.2","0.1","-0.1","9.50","Hold — balanced"
"Gaoheng textile-H1038-Dark Taupe 8-1.65-270","305229","Taupe","Dark Taupe","Brown","Rib","Heavy Polyester Rib",138.8,62.5,38581,109.2,"0.2","0.1","-0.1","5.47","Hold — balanced"
"Huaming-Heavy Chiffon (no code)---34 Navy (now change to 42)-1.3-100","304508","None","Navy Blue","Blue","Crepe","Medium Chiffon Crepe",0,0,0,106.2,"0.2","0.0","-0.2","0.00","Buy — short"
"Donglin-J19221--- Black-1.45-84","303748","None","Black","Black","Cotton","Light Cotton",0,0,0,105.7,"0.2","0.0","-0.2","0.00","Buy — short"
"Huaming-Satin spring (5075)---Light Olive 85-1.5-95","304491","Olive","Olive Green","Green","Satin","Medium Satin",91.7,12.8,18361,105,"0.2","0.0","-0.2","3.76","Buy — short"
"ZHENGZHENG TEXTILES-6034-Taupe 105-1.6-300","305207","None","Taupe","Brown","Ponte","Medium Rayon Ponte",0,0,0,103.9,"0.2","0.0","-0.2","0.00","Buy — short"
"Alsawae-Plain Linen- Dark Olive Green","304127","Green","Dark Olive Green","Green","Polyester","Medium Slub Stretch-Polyester",14.7,4,0,103.7,"0.2","0.0","-0.2","0.61","Buy — short"
"REEYON-LY470A-Knit--Dark Green 39-1.73-230","304987","None","Dark Green","Green","Single Jersey","Medium Single Jersey",0,0,0,103.3,"0.2","0.0","-0.2","0.00","Buy — short"
"GAO HENG TEXTILES-H1022-Dark Green 15-1.65-280","305224","Green","Dark Green","Green","Rib","Heavy Polyester Rib",273.5,125.8,66942,103.2,"0.2","0.1","-0.1","11.41","Hold — balanced"
"ZHENGZHENG TEXTILES-6034-Denim Black 103-1.6-300","305202","None","Black","Black","Ponte","Medium Rayon Ponte",0,0,0,102.1,"0.2","0.0","-0.2","0.00","Buy — short"
"ZHENGZHENG TEXTILES-6034-Mustard 111-1.6-300","305204","None","Mustard","Yellow","Ponte","Medium Rayon Ponte",0,0,0,102.1,"0.2","0.0","-0.2","0.00","Buy — short"
"Yiyi-N272-Mulberry 22-1.5-120","303652","Mulberry","None","None","Cotton","Light Stretch Cotton",279.1,50.2,0,100.1,"0.2","0.1","-0.1","12.00","Hold — balanced"
"Fashion Knitted Fabric -1629-Knit-Medium Rayon/Spandex Jersey-Olive 136-1.8-260","302964","Olive","Olive Green","Green","Jersey","Medium Interlock Jersey",232.6,109.3,90525,99.6,"0.2","0.1","-0.1","10.05","Hold — balanced"
"Eastleigh Plain Heavy Satin 04/11/2024","300888","None","None","None","Satin","Heavy satin",728.3,167.5,207725,99,"0.2","0.3","0.1","31.67","Hold — balanced"
"Amdhir's Store-Heritage-Woven-Cotton Linen-Navy-1.37-118","302516","Navy","Navy Blue","Blue","Cotton","Medium Slub Cotton",318,44.5,144245,98.6,"0.2","0.1","-0.0","13.88","Hold — balanced"
"ZHENGZHENG TEXTILES-6034-Orange 93-1.6-300","303373","None","Orange","Orange","Ponte","Medium Rayon Ponte",0,0,0,98.5,"0.2","0.0","-0.2","0.00","Buy — short"
"ZHENGZHENG TEXTILES-6034-Red 2-1.6-300","305206","None","Red","Red","Ponte","Medium Rayon Ponte",0,0,0,97.9,"0.2","0.0","-0.2","0.00","Buy — short"
"SHENG HONG CLOTH-A C634#-Light Taupe 17-1.6-320","305293","None","Light Taupe","Brown","Polyester","Heavy Polyester Crinkle Rib Sweater",0,0,0,97.6,"0.2","0.0","-0.2","0.00","Buy — short"
"ZHENGZHENG TEXTILES-6034-Dark Green 16-1.6-300","305203","None","Dark Green","Green","Ponte","Medium Rayon Ponte",0,0,0,95.8,"0.2","0.0","-0.2","0.00","Buy — short"
"Liangsheng-2268---Rust 5-1.52-310","303814","Rust","Rust","Orange","Crepe","Heavy Stretch-Crepe",45.6,21.4,26311,95.5,"0.2","0.0","-0.2","2.06","Buy — short"
"Yiyi-N272-Taupe 38-1.5-120","305370","Taupe","Taupe","Brown","Cotton","Light Stretch Cotton",360.2,64.8,0,95.4,"0.2","0.2","-0.0","16.25","Hold — balanced"
"Yiyi-N272-Woven-Light Cotton -White-1.5-120","302172","White","White","White","Cotton","Light Stretch Cotton",780,140.4,225382,95.4,"0.2","0.3","0.2","35.20","Hold — balanced"
"Yiyi-N272-Woven-Cotton / Spandex-Yellow-1.5-120","302133","Yellow","Yellow","Yellow","Cotton","Light Stretch Cotton",199.6,35.9,57831,95.4,"0.2","0.1","-0.1","9.01","Hold — balanced"
"Gaoheng textile-F1028---Maroon-1.65-350","304583","None","Maroon","Red","Rib","Heavy Rib",0,0,0,92.6,"0.2","0.0","-0.2","0.00","Buy — short"
"PRT-2194702975 MOD1 - Off-White/Black Polka Print - YIWAN 8074 - Off-White","305474","None","Off White","White","Satin","Heavy Satin",0,0,0,90.1,"0.2","0.0","-0.2","0.00","Buy — short"
"Al sawae-Romario Flowers-Crepe-Light Polyester Crepe-Woven-Baby Blue/Teal Tie & Dye","305486","None","Baby Blue","Blue","Crepe","Light Polyester Crepe",69.2,12.4,21527,88.7,"0.2","0.0","-0.1","3.36","Buy — short"
"Amdhir's Store-Heritage-Woven-Cotton Linen-Coral--","304158","Coral","Coral","Orange","Cotton","Medium Slub Cotton",168.6,23.6,64428,87.4,"0.2","0.1","-0.1","8.30","Hold — balanced"
"WANHAO TEXTILE-2370-Black 18-1.52-320","305304","None","Black","Black","Linen","Medium Linen Suiting",0,0,0,81.9,"0.2","0.0","-0.2","0.00","Buy — short"
"Liangsheng-2268-Woven- Crepe-Dark Purple 8-1.52-310","305154","None","Dark Purple","Purple","Crepe","Heavy Stretch-Crepe",0,0,0,80.3,"0.1","0.0","-0.1","0.00","Buy — short"
"SHUNYUAN-20036---Black -1.5-135","305036","Black","Black","Black","Poly Cotton","Light Stretch-Poly Cotton",98,19.6,45655,79.9,"0.1","0.0","-0.1","5.28","Hold — balanced"
"Al Sawae-Printed Satin-Print A","304228","None","None","None","Satin","Medium Satin",0,0,0,79.2,"0.1","0.0","-0.1","0.00","Buy — short"
"Alsawae-Plain Linen-Chocolate Brown","304125","Brown","Chocolate Brown","Brown","Polyester","Medium Slub Stretch-Polyester",11.6,3.3,3945,78.8,"0.1","0.0","-0.1","0.63","Buy — short"
"YAJUN-HS8912-Olive Green 173-1.75-260","305395","Green","Olive Green","Green","Jersey","Medium Interlock Jersey",0,0,0,78.6,"0.1","0.0","-0.1","0.00","Buy — short"
"Al sawae-Romario Flowers-Crepe-Light Polyester Crepe-Woven-Black/Taupe ","305485","None","Black","Black","Crepe","Light Polyester Crepe",0,0,0,77.1,"0.1","0.0","-0.1","0.00","Buy — short"
"Amdhir's Store-Heritage-Woven-Cotton Linen-White-1.49-114","302523","White","White","White","Cotton","Medium Slub Cotton",1969.8,275.8,893495,77.1,"0.1","0.8","0.7","109.98","Clear — overstocked"
"Amdhir's Store-Heritage-Woven-Cotton Linen-Hunters Green--","302744","Green","Hunters Green","Green","Cotton","Medium Slub Cotton",290.9,40.7,111166,77.1,"0.1","0.1","-0.0","16.24","Hold — balanced"
"Runfeng-8003-Knit-Medium Ponte-Mulberry 83-1.55-320","304959","Mulberry","None","None","Ponte","Heavy Ponte",193.5,96.8,126950,74.5,"0.1","0.1","-0.1","11.18","Hold — balanced"
"WANHAO TEXTILE-2370-Navy Blue 17-1.52-320","305305","Blue","Navy Blue","Blue","Unknown","Unknown",1.3,0.6,0,74.5,"0.1","0.0","-0.1","0.08","Buy — short"
"WANHAO TEXTILE-2370-Taupe 14-1.52-320","305306","None","Taupe","Brown","Linen","Medium Linen Suiting",0,0,0,74.1,"0.1","0.0","-0.1","0.00","Buy — short"
"GAO SHANG-8325-Taupe 9-1.5-250","305191","None","Taupe","Brown","Rib","Medium Rayon Rib",0,0,0,68.9,"0.1","0.0","-0.1","0.00","Buy — short"
"GAO SHANG-8325-Black 1-1.5-250","305194","None","Black","Black","Rib","Medium Rayon Rib",0,0,0,68.9,"0.1","0.0","-0.1","0.00","Buy — short"
"GAO SHANG-8325-Olive Green 7-1.5-250","305192","None","Olive Green","Green","Rib","Medium Rayon Rib",0,0,0,68.9,"0.1","0.0","-0.1","0.00","Buy — short"
"Jiefu-9001-Woven-Light Satin-Olive 31-1.3-110","303578","Olive","Olive Green","Green","Satin","Medium Satin",740,103.6,153254,67.1,"0.1","0.3","0.2","47.47","Hold — balanced"
"Gaoheng textile-H1031---Taupe 8-1.65-280","304594","Taupe","Taupe","Brown","Rib","Heavy Polyester Rib",131.2,60.3,48875,66.7,"0.1","0.1","-0.1","8.47","Hold — balanced"
"Al Sawae-Printed Satin-Print E","304232","None","None","None","Satin","Medium Satin",0,0,0,60.5,"0.1","0.0","-0.1","0.00","Buy — short"
"HUAMING-Coarse hemp-Light Green 18-1.5-120","303228","None","Light Green","Green","Chiffon","Light Polyester Chiffon",0,0,0,60,"0.1","0.0","-0.1","0.00","Buy — short"
"GAO SHANG-8325-Rust 11-1.5-250","305193","None","Rust","Orange","Rib","Medium Rayon Rib",0,0,0,59.8,"0.1","0.0","-0.1","0.00","Buy — short"
"PU SHY-2272-Taupe 10-1.6-280","305286","None","Taupe","Brown","Sweater","Medium Rib Sweater",0,0,0,58.2,"0.1","0.0","-0.1","0.00","Buy — short"
"Hua Ming-Coarse hemp-Woven-Light Chiffon -Light Blue 88-1.5-120","305158","Blue","Light Blue","Blue","Chiffon","Light Polyester Chiffon",5.8,1,1304,58,"0.1","0.0","-0.1","0.43","Buy — short"
"Fashion Knitted Fabric -1629-Knit-Medium Rayon/Spandex Jersey-Orange 178-1.8-260","302955","Orange","Orange","Orange","Jersey","Medium Interlock Jersey",522.7,245.7,205425,57.9,"0.1","0.2","0.1","38.86","Hold — balanced"
"Huaming-Coarse hemp---Chocolate 49-1.5-120","304478","Chocolate","Chocolate Brown","Brown","Chiffon","Light Polyester Chiffon",382.6,68.9,86055,57.3,"0.1","0.2","0.1","28.74","Hold — balanced"
"PU SHY-2272-Black 12-1.6-280","305284","None","Black","Black","Sweater","Medium Rib Sweater",0,0,0,55.5,"0.1","0.0","-0.1","0.00","Buy — short"
"Gaoheng textile-H1031-Dark red 11-1.65-280","305227","Red","Dark Red","Red","Rib","Heavy Polyester Rib",122.2,56.2,35879,54.3,"0.1","0.1","-0.0","9.69","Hold — balanced"
"Al Sawae-Printed Satin-Print F","304233","None","None","None","Satin","Medium Satin",0,0,0,51.5,"0.1","0.0","-0.1","0.00","Buy — short"
"Al Sawae-Printed Satin-Print B","304229","None","None","None","Satin","Medium Satin",0,0,0,51.2,"0.1","0.0","-0.1","0.00","Buy — short"
"DS-82033-Knit-Light Cashmere Sweater-Red-1.50-220","40014706","None","Red","Red","Sweater","Light Cashmere Sweater",0,0,0,50,"0.1","0.0","-0.1","0.00","Buy — short"
"Reeyon-LY004-Knit-Medium Rayon/Spandex Jersey-Navy 6-1.7-280","302944","None","Navy Blue","Blue","Single Jersey","Heavy Single Jersey",0,0,0,49.2,"0.1","0.0","-0.1","0.00","Buy — short"
"PU SHY-2272-Off White 2-1.6-280","305285","None","Off White","White","Sweater","Medium Rib Sweater",0,0,0,48.6,"0.1","0.0","-0.1","0.00","Buy — short"
"Runfeng-8003-Knit-Medium Ponte-Orange 20-1.55-320","40009779","Orange","Orange","Orange","Ponte","Heavy Ponte",605.4,351.2,452397,46.6,"0.1","0.3","0.2","55.92","Clear — overstocked"
"Yiyi-N272-Woven-Cotton / Spandex-Dark Tan-1.5-120","302127","None","Dark Tan","Brown","Cotton","Light Stretch Cotton",660.6,118.9,191445,44.3,"0.1","0.3","0.2","64.19","Clear — overstocked"
"Yiyi-N272-Woven-Cotton / Spandex-Dark Hunters-1.5-120","302132","Hunters","Hunters Green","Green","Cotton","Light Stretch Cotton",229,41.2,66364,43.3,"0.1","0.1","0.0","22.77","Hold — balanced"
"Yi Wang-8047-Woven-Light Polyester Crepe-White 1-1.5-120","303520","None","White","White","Crepe","Light Polyester Crepe",165.8,29.8,27453,42.3,"0.1","0.1","-0.0","16.87","Hold — balanced"
"YAJUN-HS8912-Dark Rust 116-1.75-260","305393","Rust","Dark Rust","Orange","Jersey","Medium Interlock Jersey",116.3,53.5,0,42.3,"0.1","0.0","-0.0","11.84","Hold — balanced"
"REEYON-LY470A-Mustard -1.73-230","305408","None","Mustard","Yellow","Single Jersey","Medium Single Jersey",0,0,0,42,"0.1","0.0","-0.1","0.00","Buy — short"
"REEYON-LY470A-Chocolate -1.73-230","305409","None","Chocolate Brown","Brown","Single Jersey","Medium Single Jersey",0,0,0,42,"0.1","0.0","-0.1","0.00","Buy — short"
"REEYON-LY470A-Knit--Dark Olive Green 45-1.73-230","304989","None","Dark Olive Green","Green","Jersey","Medium Single Jersey",0,0,0,41.8,"0.1","0.0","-0.1","0.00","Buy — short"
"De Xing-Nylon rayon slub-Woven-Light Rayon -Black-1.5-120","302228","Black","Black","Black","Rayon","Light Rayon Slub",200.8,66.3,72875,41.8,"0.1","0.1","0.0","20.68","Hold — balanced"
"Fashion Knitted Fabric -1629-Knit-Medium Rayon/Spandex Jersey-Chocolate 347-1.8-260","302951","Chocolate","Chocolate Brown","Brown","Jersey","Medium Interlock Jersey",0,0,0,41.4,"0.1","0.0","-0.1","0.00","Buy — short"
"XIN HENG SHENG-8148---117-1.55-140","302571","None","None","None","Cotton","Light Cotton Slub",0,0,0,40.2,"0.1","0.0","-0.1","0.00","Buy — short"
"Al sawae-Romario Flowers-Crepe-Light Polyester Crepe-Woven-Black/Light Taupe Spiral","305491","None","Light Taupe","Brown","Crepe","Light Polyester Crepe",0,0,0,39.6,"0.1","0.0","-0.1","0.00","Buy — short"
"YAJUN-HS8912-Off White 1-1.75-260","305391","White","Off White","White","Jersey","Medium Interlock Jersey",170.7,78.5,0,39.5,"0.1","0.1","0.0","18.60","Hold — balanced"
"YAJUN-HS8912-Knit-Light Rayon Jersey- Dark Taupe 130-1.75-260","302872","Taupe","Dark Taupe","Brown","Jersey","Medium Interlock Jersey",136.3,62.7,59584,38.8,"0.1","0.1","-0.0","15.12","Hold — balanced"
"Yiyi-N272-Woven-Cotton / Spandex-Rust-1.5-120","302128","Rust","Rust","Orange","Cotton","Light Stretch Cotton",49,8.8,14200,38.7,"0.1","0.0","-0.1","5.45","Hold — balanced"
"Yiyi-N272---Navy 58-1.5-120","304684","Navy","Navy Blue","Blue","Cotton","Light Stretch Cotton",142.1,25.6,41695,35.9,"0.1","0.1","-0.0","17.04","Hold — balanced"
"Shunwang Textiles-3020#---Maroon 96-1.5-300","304997","Maroon","Maroon","Red","Rib","Heavy Jersey Rib",51.9,23.4,21063,35.3,"0.1","0.0","-0.0","6.33","Hold — balanced"
"Yiyi-7294-Woven-Polyester / Cotton-Dark Olive-1.5-125","302168","None","Olive Green","Green","Poplin","Light Stretch-Cotton Poplin",0,0,0,34.6,"0.1","0.0","-0.1","0.00","Buy — short"
"Cong xin-8801---Black 18-1.47-150","304369","Black","Black","Black","Poly Cotton","Medium Poly Cotton",53.2,11.7,23832,29.4,"0.1","0.0","-0.0","7.79","Hold — balanced"
"Yiyi-7294---Brown 51-1.5-125","303682","Brown","Brown","Brown","Poplin","Light Stretch-Cotton Poplin",11.8,2.2,3114,24.2,"0.0","0.0","-0.0","2.10","Buy — short"
"XUEGUI textile-32050-Woven-Poly Cotton-Hunters Green-1.45-90","301953","Green","Hunters Green","Green","Poly Cotton","Light Poly Cotton",94.5,12.3,27384,22.2,"0.0","0.0","-0.0","18.32","Hold — balanced"
"Al Sawae-Printed Satin-Print L","304239","None","None","None","Satin","Medium Satin",51.8,7.3,14863,19.6,"0.0","0.0","-0.0","11.38","Hold — balanced"
"Yiyi-7294---Navy 78-1.5-125","303689","None","Navy Blue","Blue","Poplin","Light Stretch-Cotton Poplin",0,0,0,19.6,"0.0","0.0","-0.0","0.00","Buy — short"
"Yiyi-7294-Woven-Light Cotton -dark orange-1.5-125","302175","None","Dark Orange","Orange","Poplin","Light Stretch-Cotton Poplin",0,0,0,17.3,"0.0","0.0","-0.0","0.00","Buy — short"
"WANHAO TEXTILE-8803-Off White 1-1.45-260","305309","None","Off White","White","Polyester","Medium Jacquard Polyester",0.1,0,0,16.8,"0.0","0.0","-0.0","0.03","Buy — short"
"WANHAO TEXTILE-8803-Maroon 13-1.45-260","305308","None","Maroon","Red","Polyester","Medium Jacquard Polyester",0,0,0,16.8,"0.0","0.0","-0.0","0.00","Buy — short"
"Hua Ming-Coarse hemp-Woven-Light Chiffon-Rust 28-1.5-120","303622","Rust","Rust","Orange","Chiffon","Light Polyester Chiffon",60.1,10.8,13092,16,"0.0","0.0","-0.0","16.17","Hold — balanced"
"Yiyi-7294-Woven-Light Cotton -White-1.5-125","302174","White","White","White","Poplin","Light Stretch-Cotton Poplin",611.7,116.2,140638,15.2,"0.0","0.3","0.2","173.24","Clear — overstocked"
"XIN HENG SHENG-8148---1-1.55-140","302567","None","None","None","Cotton","Light Cotton Slub",0,0,0,12.4,"0.0","0.0","-0.0","0.00","Buy — short"
"WANHAO TEXTILE-8803-Black 16-1.45-260","305307","None","Black","Black","Polyester","Medium Jacquard Polyester",0.1,0,0,6.7,"0.0","0.0","-0.0","0.06","Buy — short"
"WANHAO TEXTILE-8803-Olive Green 9-1.45-260","305310","None","Olive Green","Green","Polyester","Medium Jacquard Polyester",0.1,0,0,6.7,"0.0","0.0","-0.0","0.06","Buy — short"
"Cong xin-00-55---Black-1.5-235","304364","Black","Black","Black","Poly Cotton","Medium Poly Cotton",198.4,69.9,104910,0.7,"0.0","0.1","0.1","1220.08","Clear — overstocked"
"YIWAN-YW6677-Rust 13-1.5-135","305368","Rust","Rust","Orange","Crepe","Textured Light Polyester Crepe",122.1,24.4,0,0,"0.0","0.1","0.1","","Idle — no usage"
"YIWAN-8078---Black 36-1.5-150","304649","Black","Black","Black","Crepe","Textured Light Polyester Crepe",909.4,209.2,239947,0,"0.0","0.4","0.4","","Idle — no usage"
"YIWAN-8078-Hunters Green 29-1.5-150","305332","Green","Hunters Green","Green","Crepe","Textured Light Polyester Crepe",252.7,58.1,0,0,"0.0","0.1","0.1","","Idle — no usage"
"YIWAN-YW6677-Navy Blue 35-1.5-135","305366","Blue","Navy Blue","Blue","Crepe","Textured Light Polyester Crepe",478.5,95.7,0,0,"0.0","0.2","0.2","","Idle — no usage"
"YIWAN-YW6677-Olive Green 19-1.5-135","305367","Green","Olive Green","Green","Crepe","Textured Light Polyester Crepe",126.7,25.3,0,0,"0.0","0.1","0.1","","Idle — no usage"
"YIWAN-YW6677-Black 30-1.5-135","305365","Black","Black","Black","Crepe","Textured Light Polyester Crepe",258.2,51.6,0,0,"0.0","0.1","0.1","","Idle — no usage"
"Guiguang-8205---Rust 36-1.5-145","303807","Rust","Rust","Orange","Crepe","Light Polyester Crepe",150.3,33.1,41552,0,"0.0","0.1","0.1","","Idle — no usage"
"De Xing-100D SUPER SOFT---Sea Green 159-1.5-120","303702","Green","Sea Green","Green","Crepe","Light Polyester Crepe",3.5,1.2,824,0,"0.0","0.0","0.0","","Idle — no usage"
"Al sawae-Almas Rivira-White","303983","White","White","White","Crepe","Light Polyester Crepe",24.5,3.2,0,0,"0.0","0.0","0.0","","Idle — no usage"
"De Xing-100D SUPER SOFT-Woven-Light Rayon -Lilac-1.5-120","302243","Lilac","Lilac","Purple","Crepe","Light Polyester Crepe",18,6,4939,0,"0.0","0.0","0.0","","Idle — no usage"
"De Xing-100D SUPER SOFT Light Polyester Crepe -Woven 1.5/120 White","301673","White","White","White","Crepe","Light Polyester Crepe",10.5,3.5,1794,0,"0.0","0.0","0.0","","Idle — no usage"
"Al sawae-Romario Flowers-Crepe-Light Polyester Crepe-Woven-Offwhite/Hunters Floral ","305500","None","Hunters Green","Green","Crepe","Light Polyester Crepe",397.9,67.3,117181,0,"0.0","0.2","0.2","","Idle — no usage"
"Yi Wang-8047-Woven-Light Polyester Crepe-Light Mustard 47-1.5-120","303529","Mustard","Light Mustard","Yellow","Crepe","Light Polyester Crepe",16.9,3,2797,0,"0.0","0.0","0.0","","Idle — no usage"
"De Xing-100D SUPER SOFT---Lime 145-1.5-120","303693","Lime","Lime Green","Green","Crepe","Light Polyester Crepe",3.8,1.2,880,0,"0.0","0.0","0.0","","Idle — no usage"
"Al sawae-Romario Flowers-Crepe-Light Polyester Crepe-Woven-White/Brown Tie & Dye ","305487","None","Brown","Brown","Crepe","Light Polyester Crepe",122.4,22.8,39746,0,"0.0","0.1","0.1","","Idle — no usage"
"PRT-2432544179 MOD 1 Guiguang-8205- -1.5-145","304884","None","None","None","Crepe","Light Polyester Crepe",18.9,4.2,9485,0,"0.0","0.0","0.0","","Idle — no usage"
"Al sawae-Romario Flowers-Crepe-Light Polyester Crepe-Woven-White Grey Floral","305490","None","White","White","Crepe","Light Polyester Crepe",406.9,80.2,139614,0,"0.0","0.2","0.2","","Idle — no usage"
"De Xing-100D SUPER SOFT-Woven-Light Rayon-Mustard-1.5-120","302244","Mustard","Mustard","Yellow","Crepe","Light Polyester Crepe",49,16.2,13413,0,"0.0","0.0","0.0","","Idle — no usage"
"Eastleigh Super Soft PD 145 gsm White","60028247","White","White","White","Crepe","Light Polyester Crepe",95.2,20.9,29316,0,"0.0","0.0","0.0","","Idle — no usage"
"Al sawae-Romario Flowers-Crepe-Light Polyester Crepe-Woven-Light Peach/Brown Floral","305496","None","Brown","Brown","Crepe","Light Polyester Crepe",467.1,79,137559,0,"0.0","0.2","0.2","","Idle — no usage"
"XINHENGSHENG-1623---Maroon 73-1.5-160","305080","Maroon","Maroon","Red","Crepe","Medium Crepe",219.7,52.7,79792,0,"0.0","0.1","0.1","","Idle — no usage"
"Alsawae Ahlam Crepe - White - 1.47-195","305440","White","White","White","Crepe","Medium Crepe",527.7,153,183648,0,"0.0","0.2","0.2","","Idle — no usage"
"XINHENGSHENG-1623---Red 66-1.5-160","305084","Red","Red","Red","Crepe","Medium Crepe",206.8,49.6,75130,0,"0.0","0.1","0.1","","Idle — no usage"
"INHOUSE DIGITAL PRINTING - ASSORTED PRINTS","60005792","None","None","None","Crepe","Medium Crepe",10.1,4.2,10733,0,"0.0","0.0","0.0","","Idle — no usage"
"XINHENGSHENG-1623---Rust 67-1.5-160","305085","Rust","Rust","Orange","Crepe","Medium Crepe",209.7,50.3,76159,0,"0.0","0.1","0.1","","Idle — no usage"
"XINHENGSHENG-1623---Mustard 53-1.5-160","305081","Mustard","Mustard","Yellow","Crepe","Medium Crepe",203.9,48.9,74071,0,"0.0","0.1","0.1","","Idle — no usage"
"XINHENGSHENG-1623---Baby Pink 18-1.5-160","305077","Pink","Pink","Pink","Crepe","Medium Crepe",185.6,44.5,67411,0,"0.0","0.1","0.1","","Idle — no usage"
"EASTLEIGH PLAIN SAMPLE FABRICS 11/10/2022","50011215","None","None","None","Crepe","Medium Crepe",23.7,5.5,5897,0,"0.0","0.0","0.0","","Idle — no usage"
"Rivatex 619 Suiting Fabric White (Mtrs)","300267","None","White","White","Crepe","Medium Crepe",250.6,95.2,149527,0,"0.0","0.1","0.1","","Idle — no usage"
"XINHENGSHENG-1623---Olive Green 13-1.5-160","305083","Green","Olive Green","Green","Crepe","Medium Crepe",205.4,49.3,74615,0,"0.0","0.1","0.1","","Idle — no usage"
"SHUNYUAN-1728---Navy Blue 19-1.5-180","305044","Blue","Navy Blue","Blue","Crepe","Medium Crepe",261,70.5,123695,0,"0.0","0.1","0.1","","Idle — no usage"
"Bangkok Silk 1/5/2023 Plain","60018573","None","None","None","Crepe","Medium Crepe",104.7,17.8,34354,0,"0.0","0.0","0.0","","Idle — no usage"
"SHUNYUAN-1728---Black -1.5-180","305043","Black","Black","Black","Crepe","Medium Crepe",529.7,143,251076,0,"0.0","0.2","0.2","","Idle — no usage"
"SHUNYUAN-1728---Rust 21-1.5-180","305045","Rust","Rust","Orange","Crepe","Medium Crepe",230.4,62.2,109194,0,"0.0","0.1","0.1","","Idle — no usage"
"Al Sawae--Zara Indonesia -Hunters Green 2--","303043","Green","Hunters Green","Green","Crepe","Medium Crepe",39.6,5.9,9563,0,"0.0","0.0","0.0","","Idle — no usage"
"XINHENGSHENG-1623---White 1-1.5-160","305086","White","White","White","Crepe","Medium Crepe",203.3,48.8,73828,0,"0.0","0.1","0.1","","Idle — no usage"
"XINHENGSHENG-1623---Black 70-1.5-160","305078","Black","Black","Black","Crepe","Medium Crepe",293.8,70.5,106702,0,"0.0","0.1","0.1","","Idle — no usage"
"XINHENGSHENG-1623---Navy Blue 68-1.5-160","305082","Blue","Navy Blue","Blue","Crepe","Medium Crepe",211.9,50.9,76977,0,"0.0","0.1","0.1","","Idle — no usage"
"Al Sawae--Zara Indonesia -Sky Blue","304144","Blue","Blue","Blue","Crepe","Medium Crepe",37.5,5.6,9048,0,"0.0","0.0","0.0","","Idle — no usage"
"SHUNYUAN-1728---White -1.5-180","305046","White","White","White","Crepe","Medium Crepe",235.1,63.5,111441,0,"0.0","0.1","0.1","","Idle — no usage"
"Romario Non Stretch-2025-Light Polyester Crepe-Woven-2605A11176 MOD 6","302909","None","None","None","Crepe","Medium Crepe",91.1,21,60155,0,"0.0","0.0","0.0","","Idle — no usage"
"XINHENGSHENG-1623---Khaki Green 51-1.5-160","305079","Green","Khaki Green","Green","Crepe","Medium Crepe",202.7,48.6,73617,0,"0.0","0.1","0.1","","Idle — no usage"
"Al Sawae--Zara Indonesia -Brown 6--","303044","Brown","Brown","Brown","Crepe","Medium Crepe",7.9,1.2,1900,0,"0.0","0.0","0.0","","Idle — no usage"
"YIWAN-8073-Off White 2-1.5-180","305350","White","Off White","White","Crepe","Medium Polyester Textured Crepe",338.1,91.3,0,0,"0.0","0.1","0.1","","Idle — no usage"
"YIWAN-8073-Peach 7-1.5-180","305348","Peach","Peach","Orange","Crepe","Medium Polyester Textured Crepe",161,43.5,0,0,"0.0","0.1","0.1","","Idle — no usage"
"YIWAN-8073-Light Taupe 9-1.5-180","305346","Taupe","Light Taupe","Brown","Crepe","Medium Polyester Textured Crepe",161.9,43.7,0,0,"0.0","0.1","0.1","","Idle — no usage"
"YIWAN-8073-Light Blue 13-1.5-180","305344","Blue","Light Blue","Blue","Crepe","Medium Polyester Textured Crepe",169.4,45.7,0,0,"0.0","0.1","0.1","","Idle — no usage"
"YIWAN-8073-White 1-1.5-180","305351","White","White","White","Crepe","Medium Polyester Textured Crepe",315.2,85.1,0,0,"0.0","0.1","0.1","","Idle — no usage"
"Yi Wang-8053-Woven-Heavy Polyester Stretch-Mustard 31-1.5-215","303512","Mustard","Mustard","Yellow","Crepe","Medium Polyester Crepe",531.7,170.1,187345,0,"0.0","0.2","0.2","","Idle — no usage"
"YIWAN-8053---Orange 35-1.5-215","304639","Orange","Orange","Orange","Crepe","Medium Polyester Crepe",258.9,82.9,94460,0,"0.0","0.1","0.1","","Idle — no usage"
"YAT TAI HONG-CA12828---Navy Blue 12-1.5-288","305034","Blue","Navy Blue","Blue","Crepe","Medium Polyester Crepe",579.7,249.3,412811,0,"0.0","0.2","0.2","","Idle — no usage"
"YIWAN-8053---Light Mustard 31-1.5-215","304635","Mustard","Light Mustard","Yellow","Crepe","Medium Polyester Crepe",249.9,80,91177,0,"0.0","0.1","0.1","","Idle — no usage"
"Yi Wang-8053-Woven-Heavy Polyester Stretch-Navy 7-1.5-215","303505","Navy","Navy Blue","Blue","Crepe","Medium Polyester Crepe",464.8,148.7,163737,0,"0.0","0.2","0.2","","Idle — no usage"
"YIWAN-8053-Woven-Heavy Polyester Stretch-Rust-1.5-215","301984","Rust","Rust","Orange","Crepe","Medium Polyester Crepe",11.6,3.7,4501,0,"0.0","0.0","0.0","","Idle — no usage"
"Yi Wang-8053-Woven-Heavy Polyester Stretch-Dark Olive 15-1.5-215","303511","Olive","Olive Green","Green","Crepe","Medium Polyester Crepe",266.3,85.2,93873,0,"0.0","0.1","0.1","","Idle — no usage"
"Yi Wang-8053-Woven-Heavy Polyester Stretch-Red 1-1.5-215","303515","Red","Red","Red","Crepe","Medium Polyester Crepe",175.3,56.1,61710,0,"0.0","0.1","0.1","","Idle — no usage"
"YAT TAI HONG-CA12828---Black 13-1.5-288","305032","Black","Black","Black","Crepe","Medium Polyester Crepe",300,129,213593,0,"0.0","0.1","0.1","","Idle — no usage"
"Cong Xin-5089-Woven-Light Crepe Polyester -Black -1.5-210","302117","Black","Black","Black","Crepe","Medium Polyester Crepe",26.5,8.8,11025,0,"0.0","0.0","0.0","","Idle — no usage"
"YIWAN-8053---Navy 7-1.5-215","304637","Navy","Navy Blue","Blue","Crepe","Medium Polyester Crepe",265.4,84.9,96832,0,"0.0","0.1","0.1","","Idle — no usage"
"YAT TAI HONG-CA12828---Light Green 6-1.5-288","305035","Green","Light Green","Green","Crepe","Medium Polyester Crepe",192.3,82.7,136919,0,"0.0","0.1","0.1","","Idle — no usage"
"Yi Wang-8053-Woven-Heavy Polyester Stretch-Dak Orange 29-1.5-215","303518","Orange","Orange","Orange","Crepe","Medium Polyester Crepe",81.9,26.2,28898,0,"0.0","0.0","0.0","","Idle — no usage"
"Cong Xin-5089-Woven-Light Crepe Polyester -Mustard-1.5-210","302114","Mustard","Mustard","Yellow","Crepe","Medium Polyester Crepe",36.3,12,15095,0,"0.0","0.0","0.0","","Idle — no usage"
"Yi Wang-8053-Woven-Heavy Polyester Stretch-Dark Pink 12-1.5-215","303514","Pink","Dark Pink","Pink","Crepe","Medium Polyester Crepe",149.2,47.7,52514,0,"0.0","0.1","0.1","","Idle — no usage"
"Cong Xin-5089-Woven-Light Crepe Polyester -Navy-1.5-210","302116","Navy","Navy Blue","Blue","Crepe","Medium Polyester Crepe",31.2,10.3,12978,0,"0.0","0.0","0.0","","Idle — no usage"
"Yi Wang-8053-Woven-Heavy Polyester Stretch-Orange 35-1.5-215","303509","Orange","Orange","Orange","Crepe","Medium Polyester Crepe",95.9,30.7,33748,0,"0.0","0.0","0.0","","Idle — no usage"
"YIWAN-8053-Maroon 20-1.5-215","305321","Maroon","Maroon","Red","Crepe","Medium Polyester Crepe",172.6,55.2,0,0,"0.0","0.1","0.1","","Idle — no usage"
"Cong Xin-5089-Woven-Light Crepe Polyester -White-1.5-210","302112","White","White","White","Crepe","Medium Polyester Crepe",44.8,14.8,18623,0,"0.0","0.0","0.0","","Idle — no usage"
"Cong Xin-5089-Woven-Light Crepe Polyester -Maroon-1.5-210","302115","Maroon","Maroon","Red","Crepe","Medium Polyester Crepe",35.5,11.7,14742,0,"0.0","0.0","0.0","","Idle — no usage"
"YAT TAI HONG-CA12828---Dark Taupe 11-1.5-288","305033","Taupe","Dark Taupe","Brown","Crepe","Medium Polyester Crepe",188.7,81.2,134402,0,"0.0","0.1","0.1","","Idle — no usage"
"YIWAN-8053---Red 1-1.5-215","304640","Red","Red","Red","Crepe","Medium Polyester Crepe",447.6,143.2,161241,0,"0.0","0.2","0.2","","Idle — no usage"
"Yi Wang-8053-Woven-Heavy Polyester Stretch-Dark Hunters 36-1.5-215","303516","Hunters","Hunters Green","Green","Crepe","Medium Polyester Crepe",13,4.2,4576,0,"0.0","0.0","0.0","","Idle — no usage"
"ART OF COLOUR PLAIN POLYESTER (NON-STRETCH) 220 Black","50018585","Black","Black","Black","Crepe","Medium Polyester Crepe",13,4.3,12599,0,"0.0","0.0","0.0","","Idle — no usage"
"DESIGNER TEXTILES - WOVEN - STRIPPED TWILL- DARK GREEN #6","305177","None","Dark Green","Green","Crepe","Heavy Twill crepe",44.9,15.3,28078,0,"0.0","0.0","0.0","","Idle — no usage"
"DESIGNER TEXTILES - WOVEN -STRIPPED TWILL- MUSTARD","305175","Mustard","Mustard","Yellow","Crepe","Heavy Twill crepe",464.2,157.8,290389,0,"0.0","0.2","0.2","","Idle — no usage"
"YAT TAI HONG-CA13672---Black 53-1.5-250","305014","Black","Black","Black","Crepe","Heavy Twill crepe",1002.7,381,579782,0,"0.0","0.4","0.4","","Idle — no usage"
"SHUNG YUAN-SY106---WHITE-1.5-245","302596","White","White","White","Crepe","Heavy Twill crepe",153.8,40,39180,0,"0.0","0.1","0.1","","Idle — no usage"
"DESIGNER TEXTILES - WOVEN - STRIPPED TWILL- PURPLE","305179","None","Purple","Purple","Crepe","Heavy Twill crepe",199.1,71.7,131891,0,"0.0","0.1","0.1","","Idle — no usage"
"DESIGNER TEXTILES - WOVEN - STRIPPED TWILL- BROWN #9","305178","None","Brown","Brown","Crepe","Heavy Twill crepe",278.5,94.7,0,0,"0.0","0.1","0.1","","Idle — no usage"
"YAT TAI HONG-CA13672---Navy Blue 51-1.5-250","305016","Blue","Navy Blue","Blue","Crepe","Heavy Twill crepe",609.2,231.5,352245,0,"0.0","0.3","0.3","","Idle — no usage"
"DESIGNER TEXTILES - WOVEN - STRIPPED TWILL- DARK RED","305176","Dark Red","Dark Red","Red","Crepe","Heavy Twill crepe",343.2,116.7,214691,0,"0.0","0.1","0.1","","Idle — no usage"
"YAT TAI HONG-CA13672---Fuschia 34-1.5-250","305015","Fuschia","None","None","Crepe","Heavy Twill crepe",91.7,34.8,53012,0,"0.0","0.0","0.0","","Idle — no usage"
"DESIGNER TEXTILES - WOVEN - STRIPPED TWILL- NAVY","305180","Navy","Navy Blue","Blue","Crepe","Heavy Twill crepe",656.8,229.9,0,0,"0.0","0.3","0.3","","Idle — no usage"
"SHUNG YUAN-SY106---BLACK-1.5-245","302595","Black","Black","Black","Crepe","Heavy Twill crepe",135.3,35.2,34476,0,"0.0","0.1","0.1","","Idle — no usage"
"YAT TAI HONG-CA13550-Knit--Hunters Green 40-1.5-282","305006","Green","Hunters Green","Green","Crepe","Heavy Stretch-Crepe",421,176.8,243690,0,"0.0","0.2","0.2","","Idle — no usage"
"YAT TAI HONG-CA13550-Knit--Red 27-1.5-282","305011","Red","Red","Red","Crepe","Heavy Stretch-Crepe",536,225.1,310319,0,"0.0","0.2","0.2","","Idle — no usage"
"YAT TAI HONG-CA13550-Knit--Dark Green 46-1.5-282","305005","Green","Dark Green","Green","Crepe","Heavy Stretch-Crepe",532.4,223.6,308224,0,"0.0","0.2","0.2","","Idle — no usage"
"YAT TAI HONG-CA13550-Knit--Rust 35-1.5-282","305012","Rust","Rust","Orange","Crepe","Heavy Stretch-Crepe",536.9,225.5,310787,0,"0.0","0.2","0.2","","Idle — no usage"
"Liangsheng-2268-Woven- Crepe-Maroon 52-1.52-310","305155","Maroon","Maroon","Red","Crepe","Heavy Stretch-Crepe",75.7,35.6,43688,0,"0.0","0.0","0.0","","Idle — no usage"
"Liangsheng-2268---Offwhite 3-1.52-310","303817","Offwhite","None","None","Crepe","Heavy Stretch-Crepe",33.8,15.9,18580,0,"0.0","0.0","0.0","","Idle — no usage"
"Liangsheng-2268---Black 6-1.52-310","303809","Black","Black","Black","Crepe","Heavy Stretch-Crepe",56.1,26.4,30865,0,"0.0","0.0","0.0","","Idle — no usage"
"Liangsheng-2268---Navy 23-1.52-310","303810","Navy","Navy Blue","Blue","Crepe","Heavy Stretch-Crepe",37.9,17.8,20849,0,"0.0","0.0","0.0","","Idle — no usage"
"Liangsheng-2268---Dark Pink 12-1.52-310","303818","Pink","Dark Pink","Pink","Crepe","Heavy Stretch-Crepe",34.6,16.3,19024,0,"0.0","0.0","0.0","","Idle — no usage"
"YAT TAI HONG-CA13550-Knit--Olive Green 33-1.5-282","305010","Green","Olive Green","Green","Crepe","Heavy Stretch-Crepe",524.1,220.1,303399,0,"0.0","0.2","0.2","","Idle — no usage"
"YAT TAI HONG-CA13550-Knit--Lilac 28-1.5-282","305007","None","Lilac","Purple","Crepe","Heavy Stretch-Crepe",550,231,318368,0,"0.0","0.2","0.2","","Idle — no usage"
"YAT TAI HONG-CA13550-Knit--Black 49-1.5-282","305004","Black","Black","Black","Crepe","Heavy Stretch-Crepe",988.3,415.1,572120,0,"0.0","0.4","0.4","","Idle — no usage"
"Liangsheng-2268-Woven- Crepe-Hunters Green 47-1.52-310","305156","Green","Hunters Green","Green","Crepe","Heavy Stretch-Crepe",77.5,36.4,44694,0,"0.0","0.0","0.0","","Idle — no usage"
"Liangsheng-2268---Olive 49-1.52-310","303421","Olive","Olive Green","Green","Crepe","Heavy Stretch-Crepe",40.9,19.2,23611,0,"0.0","0.0","0.0","","Idle — no usage"
"YAT TAI HONG-CA13550-Knit--Taupe 29-1.5-282","305013","Taupe","Taupe","Brown","Crepe","Heavy Stretch-Crepe",486,204.1,281346,0,"0.0","0.2","0.2","","Idle — no usage"
"Liangsheng-2268---White 1-1.52-310","303816","White","White","White","Crepe","Heavy Stretch-Crepe",25.9,12.2,14947,0,"0.0","0.0","0.0","","Idle — no usage"
"PRT-2433091721 MOD 2 Liangsheng-2268- (PRINT)","304764","None","None","None","Crepe","Heavy Stretch-Crepe",67.6,21.6,36355,0,"0.0","0.0","0.0","","Idle — no usage"
"YAT TAI HONG-CA13550-Knit--Navy Blue 48-1.5-282","305008","Blue","Navy Blue","Blue","Crepe","Heavy Stretch-Crepe",578.2,242.8,334715,0,"0.0","0.2","0.2","","Idle — no usage"
"YAT TAI HONG-CA13550-Knit--Off White 1-1.5-282","305009","White","Off White","White","Crepe","Heavy Stretch-Crepe",587.5,246.7,340091,0,"0.0","0.3","0.3","","Idle — no usage"
"Al Sawae-Stretch Romario-Navy-","304162","Navy","Navy Blue","Blue","Crepe","Medium Stretch-Crepe",6.7,1.3,2035,0,"0.0","0.0","0.0","","Idle — no usage"
"De Xing-SPH---Dark Purple 78-1.5-135","303715","Purple","Dark Purple","Purple","Crepe","Medium Stretch-Crepe",16.1,5.3,4452,0,"0.0","0.0","0.0","","Idle — no usage"
"De Xing-SPH---Dark Mustard 57-1.5-135","303713","Mustard","Dark Mustard","Yellow","Crepe","Medium Stretch-Crepe",9.7,3.2,2688,0,"0.0","0.0","0.0","","Idle — no usage"
"Al Sawae-Stretch Romario-Navy","303979","Navy","Navy Blue","Blue","Crepe","Medium Stretch-Crepe",70.2,12.6,19592,0,"0.0","0.0","0.0","","Idle — no usage"
"De Xing-SPH---Dark Orange 76-1.5-135","303712","Orange","Dark Orange","Orange","Crepe","Medium Stretch-Crepe",6.4,1.3,1075,0,"0.0","0.0","0.0","","Idle — no usage"
"PRT 2598410311 MOD 2 De Xing-SPH- 1-1.5-135","304881","None","None","None","Crepe","Medium Stretch-Crepe",8.4,1.7,2957,0,"0.0","0.0","0.0","","Idle — no usage"
"GUIGUANG-8205-Black 41-1.5-145","303805","Black","Black","Black","Crepe","Medium Stretch-Crepe",299.9,66,82929,0,"0.0","0.1","0.1","","Idle — no usage"
"Alsawae-Stretch Romario-Navy","304224","Navy","Navy Blue","Blue","Crepe","Medium Stretch-Crepe",27.6,5.2,7682,0,"0.0","0.0","0.0","","Idle — no usage"
"GUIGUANG-8205-Off White 2-1.5-145","305248","White","Off White","White","Crepe","Medium Stretch-Crepe",106.8,23.5,29537,0,"0.0","0.0","0.0","","Idle — no usage"
"YIWAN-8058---Red 1-1.5-120","304648","Red","Red","Red","Crepe","Medium Chiffon Crepe",37.3,6.7,9542,0,"0.0","0.0","0.0","","Idle — no usage"
"Huaming-1719/100D---Offwhite 10-1.5-125","304472","Offwhite","None","None","Crepe","Medium Chiffon Crepe",251.8,47.8,62192,0,"0.0","0.1","0.1","","Idle — no usage"
"AL SAWAE--Woven-Heavy Crepe Chiffon-Navy Blue-120-","304075","Blue","Navy Blue","Blue","Crepe","Medium Chiffon Crepe",91.7,16.5,26730,0,"0.0","0.0","0.0","","Idle — no usage"
"Eastleigh Printed Crepe-03/02/2026","304748","None","None","None","Crepe","Medium Chiffon Crepe",10.3,2.4,3189,0,"0.0","0.0","0.0","","Idle — no usage"
"AL SAWAE--Woven-Light Crepe Chiffon-Lilac-1-147-114","304030","Lilac","Lilac","Purple","Crepe","Medium Chiffon Crepe",19.4,3.3,5346,0,"0.0","0.0","0.0","","Idle — no usage"
"AL SAWAE--Woven-Light Crepe Chiffon-Mustard-1-147-114","304036","Mustard","Mustard","Yellow","Crepe","Medium Chiffon Crepe",238.6,40.6,65707,0,"0.0","0.1","0.1","","Idle — no usage"
"Al Sawae-Woven-Heavy Crepe Chiffon-Brown","304139","Brown","Brown","Brown","Crepe","Medium Chiffon Crepe",157.9,34.7,56974,0,"0.0","0.1","0.1","","Idle — no usage"
"Al Sawae-Woven-Heavy Crepe Chiffon-Hunter's","304141","None","Hunters Green","Green","Crepe","Medium Chiffon Crepe",6.2,0.8,1312,0,"0.0","0.0","0.0","","Idle — no usage"
"Al Sawae-Woven-Heavy Crepe Chiffon-Light Brown","304138","Brown","Light Brown","Brown","Crepe","Medium Chiffon Crepe",310.3,68.3,111946,0,"0.0","0.1","0.1","","Idle — no usage"
"AL SAWAE--Woven-Light Crepe Chiffon-Maroon-1-147-114","304027","Maroon","Maroon","Red","Crepe","Medium Chiffon Crepe",121.8,20.7,33534,0,"0.0","0.1","0.1","","Idle — no usage"
"Al Sawae--Woven-Heavy Crepe Chiffon-Black-120-","304072","Black","Black","Black","Crepe","Medium Chiffon Crepe",22.8,4.1,6642,0,"0.0","0.0","0.0","","Idle — no usage"
"Huaming-1719/100D---Lilac 31-1.5-125","304474","None","Lilac","Purple","Crepe","Medium Chiffon Crepe",62,11.8,15314,0,"0.0","0.0","0.0","","Idle — no usage"
"SHUNYUAN-SY186---Navy Blue 24-1.48-245","305064","Blue","Navy Blue","Blue","Crepe","Heavy Polyester Crepe",228,82.1,111624,0,"0.0","0.1","0.1","","Idle — no usage"
"Hong xin-3030---Black 24-1.5-430","304458","Black","Black","Black","Crepe","Heavy Polyester Crepe",224.8,146.1,185598,0,"0.0","0.1","0.1","","Idle — no usage"
"SHUNYUAN-SY186---Black 1-1.48-245","305061","Black","Black","Black","Crepe","Heavy Polyester Crepe",234.2,84.3,114671,0,"0.0","0.1","0.1","","Idle — no usage"
"Hong xin-3030---Orange 1-1.5-430","304456","Orange","Orange","Orange","Crepe","Heavy Polyester Crepe",152.1,98.9,125552,0,"0.0","0.1","0.1","","Idle — no usage"
"JINYE-boucle fleece---Black 13-1.54-220","304719","Black","Black","Black","Crepe","Heavy Polyester Crepe",59.7,20.3,12383,0,"0.0","0.0","0.0","","Idle — no usage"
"SHUNYUAN-SY186---Dark Rust 15-1.48-245","305062","Rust","Dark Rust","Orange","Crepe","Heavy Polyester Crepe",237.4,85.5,116248,0,"0.0","0.1","0.1","","Idle — no usage"
"SHUNYUAN-SY186---Hunters Green 8-1.48-245","305063","Green","Hunters Green","Green","Crepe","Heavy Polyester Crepe",227.8,82,111516,0,"0.0","0.1","0.1","","Idle — no usage"
"SHUNYUAN-18A-46---Black 1-1.5-245","305047","Black","Black","Black","Crepe","Heavy Crepe",533.9,197.6,159258,0,"0.0","0.2","0.2","","Idle — no usage"
"SHUNYUAN-18A-46---White 2-1.5-245","305052","White","White","White","Crepe","Heavy Crepe",263,97.3,78452,0,"0.0","0.1","0.1","","Idle — no usage"
"SHUNYUAN-18A-46---Mustard 25-1.5-245","305050","Mustard","Mustard","Yellow","Crepe","Heavy Crepe",279.9,103.6,83483,0,"0.0","0.1","0.1","","Idle — no usage"
"GIGI PLAIN HEAVY CREPE (WOVEN) 220 Light Green","50018622","Green","Light Green","Green","Crepe","Heavy Crepe",24.8,8.2,15088,0,"0.0","0.0","0.0","","Idle — no usage"
"SHUNG YUAN-18A 21---1-1.5-200","302602","None","None","None","Crepe","Heavy Crepe",126.3,32.8,32183,0,"0.0","0.1","0.1","","Idle — no usage"
"SHUNYUAN-18A-46---Lilac 4-1.5-245","305049","None","Lilac","Purple","Crepe","Heavy Crepe",266.7,98.7,79549,0,"0.0","0.1","0.1","","Idle — no usage"
"SHUNYUAN-18A-46---Navy Blue 45-1.5-245","305051","Blue","Navy Blue","Blue","Crepe","Heavy Crepe",272,100.6,81129,0,"0.0","0.1","0.1","","Idle — no usage"
"SHUNYUAN-18A-46---Dark Red 30-1.5-245","305048","Red","Dark Red","Red","Crepe","Heavy Crepe",265.1,98.1,79065,0,"0.0","0.1","0.1","","Idle — no usage"
"YAT TAI HONG-CA13770---Black 65-1.5-222","305020","Black","Black","Black","Crepe","Medium Twill crepe",1137,375.2,576656,0,"0.0","0.5","0.5","","Idle — no usage"
"YAT TAI HONG-CA13770---Navy Blue 61-1.5-222","305022","Blue","Navy Blue","Blue","Crepe","Medium Twill crepe",663.3,218.9,248737,0,"0.0","0.3","0.3","","Idle — no usage"
"YAT TAI HONG-CA13770---Light Green 18-1.5-222","305025","Green","Light Green","Green","Crepe","Medium Twill crepe",423.8,139.9,214955,0,"0.0","0.2","0.2","","Idle — no usage"
"YAT TAI HONG-CA13770---Light Blue 17-1.5-222","305024","Blue","Light Blue","Blue","Crepe","Medium Twill crepe",423.3,139.7,214709,0,"0.0","0.2","0.2","","Idle — no usage"
"YAT TAI HONG-CA13770---Red 44-1.5-222","305027","Red","Red","Red","Crepe","Medium Twill crepe",431.8,142.5,219013,0,"0.0","0.2","0.2","","Idle — no usage"
"YAT TAI HONG-CA13770---Lilac 24-1.5-222","305026","None","Lilac","Purple","Crepe","Medium Twill crepe",420.3,138.7,213172,0,"0.0","0.2","0.2","","Idle — no usage"
"YAT TAI HONG-CA13770---Dark Mustard 43-1.5-222","305021","Mustard","Dark Mustard","Yellow","Crepe","Medium Twill crepe",664.2,219.2,336895,0,"0.0","0.3","0.3","","Idle — no usage"
"YAT TAI HONG-CA13770---Taupe 51-1.5-222","305028","Taupe","Taupe","Brown","Crepe","Medium Twill crepe",451.6,149,229064,0,"0.0","0.2","0.2","","Idle — no usage"
"YAT TAI HONG-CA13770---Off White 2-1.5-222","305023","White","Off White","White","Crepe","Medium Twill crepe",647.8,213.8,328565,0,"0.0","0.3","0.3","","Idle — no usage"
"XINHENGSHENG-8150---Navy Blue 43-1.45-260","305090","Blue","Navy Blue","Blue","Crepe","Heavy Stretch-Polyester Crepe",144.6,55,75822,0,"0.0","0.1","0.1","","Idle — no usage"
"XINHENGSHENG-8150---Black 45-1.45-260","305124","Black","Black","Black","Crepe","Heavy Stretch-Polyester Crepe",149.4,56.8,78306,0,"0.0","0.1","0.1","","Idle — no usage"
"XINHENGSHENG-8150---Dark Brown 35-1.45-260","305088","Brown","Dark Brown","Brown","Crepe","Heavy Stretch-Polyester Crepe",137.6,52.3,72125,0,"0.0","0.1","0.1","","Idle — no usage"
"XINHENGSHENG-8150---Rust 33-1.45-260","305091","Rust","Rust","Orange","Crepe","Heavy Stretch-Polyester Crepe",139.5,53,73146,0,"0.0","0.1","0.1","","Idle — no usage"
"XINHENGSHENG-8150---Maroon 26-1.45-260","305089","Maroon","Maroon","Red","Crepe","Heavy Stretch-Polyester Crepe",134.1,50.9,70276,0,"0.0","0.1","0.1","","Idle — no usage"
"YIHAO-68-1113---Maroon 36-1.5-","304624","Maroon","Maroon","Red","Crepe","Medium Stretch-crepe",108.4,20.6,24926,0,"0.0","0.0","0.0","","Idle — no usage"
"YIHAO-68-1112---Navy 29-1.5-","304627","Navy","Navy Blue","Blue","Crepe","Medium Stretch-crepe",92.6,17.6,20064,0,"0.0","0.0","0.0","","Idle — no usage"
"YIHAO-68-1112---Black 50-1.5-","304626","Black","Black","Black","Crepe","Medium Stretch-crepe",303.6,57.7,65755,0,"0.0","0.1","0.1","","Idle — no usage"
"YIHAO-68-1112---Olive 52-1.5-","304628","Olive","Olive Green","Green","Crepe","Medium Stretch-crepe",100.3,19.1,21728,0,"0.0","0.0","0.0","","Idle — no usage"
"Yihao-8866-Woven-Light Polyester -Lime-1.45-","302359","Lime","Lime Green","Green","Crepe","Medium Polyester Stripe Chiffon",145.6,24.8,35640,0,"0.0","0.1","0.1","","Idle — no usage"
"Yihao-8866-Woven-Light Polyester -White-1.45-","302358","White","White","White","Crepe","Medium Polyester Stripe Chiffon",161.2,27.4,39456,0,"0.0","0.1","0.1","","Idle — no usage"
"YIWAN-8075-Black 10-1.5-275","305361","Black","Black","Black","Crepe","Heavy Polyester Twill Crepe",409,167.7,0,0,"0.0","0.2","0.2","","Idle — no usage"
"YIWAN-8075-Dark Green 21-1.5-275","305364","Green","Dark Green","Green","Crepe","Heavy Polyester Twill Crepe",198.3,81.3,0,0,"0.0","0.1","0.1","","Idle — no usage"
"YIWAN-8075-Navy Blue 9-1.5-275","305362","Blue","Navy Blue","Blue","Crepe","Heavy Polyester Twill Crepe",207.8,85.2,0,0,"0.0","0.1","0.1","","Idle — no usage"
"YIWAN-8075-Dark Brown 30-1.5-275","305363","Brown","Dark Brown","Brown","Crepe","Heavy Polyester Twill Crepe",209.6,85.9,0,0,"0.0","0.1","0.1","","Idle — no usage"
"YIHAO-90-8876---Fuschia 17-1.45-110","304620","Fuschia","None","None","Crepe","Light Crepe",314.1,50.3,68856,0,"0.0","0.1","0.1","","Idle — no usage"
"YIHAO-90-8876---Red 19-1.45-110","304621","Red","Red","Red","Crepe","Light Crepe",328.3,52.5,71952,0,"0.0","0.1","0.1","","Idle — no usage"
"YIHAO-90-8876---Black 22-1.45-110","304619","Black","Black","Black","Crepe","Light Crepe",507.8,81.2,111299,0,"0.0","0.2","0.2","","Idle — no usage"
"YIHAO-90-8876---White 1-1.45-110","304623","White","White","White","Crepe","Light Crepe",296.9,47.5,65075,0,"0.0","0.1","0.1","","Idle — no usage"
"YIHAO-90-8876---Teal 20-1.45-110","304622","Teal","Teal","Blue","Crepe","Light Crepe",313.5,50.2,68719,0,"0.0","0.1","0.1","","Idle — no usage"
"Eastleigh-Romario flowers-Light Polyester Crepe-Woven-Print--","302860","None","None","None","Crepe","Light Crepe",17.8,4.1,7134,0,"0.0","0.0","0.0","","Idle — no usage"
"HENG MEI TEXTILE A6883 White","301120","White","White","White","Crepe","Heavy Sequin Crepe",285.3,77,167133,0,"0.0","0.1","0.1","","Idle — no usage"
"HENG MEI TEXTILE A6883 Black","301119","Black","Black","Black","Crepe","Heavy Sequin Crepe",243.1,65.6,142439,0,"0.0","0.1","0.1","","Idle — no usage"
"CHINA PLAIN POLYESTER 163 White","40016863","White","White","White","Crepe","Medium Stretch-polyester",35.1,8.4,8841,0,"0.0","0.0","0.0","","Idle — no usage"
"Gaoheng textile-H1035-Knit-Polyester Stretch-Dark red 14-1.65-260","303463","Red","Dark Red","Red","Crepe","Heavy Twill Crepe",145.8,62.7,36354,0,"0.0","0.1","0.1","","Idle — no usage"
"DESIGNER TEXTILES - WOVEN - Polyester Suiting- Black C#16 - 1.52 - 250","305214","None","Black","Black","Crepe","Heavy Poly Suiting",47.2,18.4,0,0,"0.0","0.0","0.0","","Idle — no usage"
"Al Sawae-Romario Flowers-Woven-Light Polyester Crepe-Print-1.50-","302813","None","None","None","Crepe","Light Crepe ITY",8.7,3.7,6625,0,"0.0","0.0","0.0","","Idle — no usage"
"Jiefu-9001-Woven-Light Satin-Off white 1-1.3-110","305185","White","Off White","White","Satin","Medium Satin",1160.1,162.4,240265,0,"0.0","0.5","0.5","","Idle — no usage"
"Huaming-Satin spring (5075)---Lilac 20-1.5-95","304492","None","Lilac","Purple","Satin","Medium Satin",404,56.6,80881,0,"0.0","0.2","0.2","","Idle — no usage"
"Showme-18601---Black 20-1.5-150","304561","Black","Black","Black","Satin","Medium Satin",217.9,56.7,72525,0,"0.0","0.1","0.1","","Idle — no usage"
"PRT-2689342185 MOD 1 Jiefu-9001-Woven-Light Satin- 32-1.3-110","305123","None","None","None","Satin","Medium Satin",56.3,7.9,21040,0,"0.0","0.0","0.0","","Idle — no usage"
"Hua Ming-Satin spring-Woven-Light Satin-Purple 49-1.5-90","303607","Purple","Purple","Purple","Satin","Medium Satin",379.6,53.1,78116,0,"0.0","0.2","0.2","","Idle — no usage"
"Huaming-Satin spring (5075)---White 1-1.5-90","304487","White","White","White","Satin","Medium Satin",25.3,3.5,5062,0,"0.0","0.0","0.0","","Idle — no usage"
"Huaming-Satin spring (5075)---Dark Green 126-1.5-95","304489","Green","Dark Green","Green","Satin","Medium Satin",241.4,33.8,48334,0,"0.0","0.1","0.1","","Idle — no usage"
"YIWAN-8084---White 1-1.5-105","304642","White","White","White","Satin","Medium Satin",419.4,67.1,101321,0,"0.0","0.2","0.2","","Idle — no usage"
"Bangkok Diamond Satin 1/5/2023 Plain","60018539","None","None","None","Satin","Medium Satin",47.4,8.1,11431,0,"0.0","0.0","0.0","","Idle — no usage"
"Huaming-Satin spring (5075)---Chocolate 10-1.5-95","304488","Chocolate","Chocolate Brown","Brown","Satin","Medium Satin",321.3,45,64321,0,"0.0","0.1","0.1","","Idle — no usage"
"EASTLEIGH PLAIN SATIN 155 Black","40016888","Black","Black","Black","Satin","Medium Satin",91.7,21.1,22134,0,"0.0","0.0","0.0","","Idle — no usage"
"Jiefu-9001-Woven-Light Satin-White 11-1.3-110","303574","White","White","White","Satin","Medium Satin",729.9,102.2,150604,0,"0.0","0.3","0.3","","Idle — no usage"
"EASTLEIGH PLAIN SATIN 155 White","40016907","White","White","White","Satin","Medium Satin",43.2,9.9,10437,0,"0.0","0.0","0.0","","Idle — no usage"
"Huaming-Satin spring (5075)---Offwhite 7-1.5-95","304497","Offwhite","None","None","Satin","Medium Satin",21.1,3,4233,0,"0.0","0.0","0.0","","Idle — no usage"
"PRT-2696334719 MOD 4 Jiefu-9001-Woven-Light Satin-44-1.3-110","304950","None","None","None","Satin","Medium Satin",7,1,3,0,"0.0","0.0","0.0","","Idle — no usage"
"Huaming-Satin spring (5075)---Navy 83-1.5-95","304493","Navy","Navy Blue","Blue","Satin","Medium Satin",540.7,75.7,108251,0,"0.0","0.2","0.2","","Idle — no usage"
"Eastleigh Satin Print-03/02/2026","304751","None","None","None","Satin","Medium Satin",6.3,1.5,3519,0,"0.0","0.0","0.0","","Idle — no usage"
"Hua Ming-Satin spring-Woven-Light Satin-Sea Green 78-1.5-90","303609","Green","Sea Green","Green","Satin","Medium Satin",380.9,53.3,78380,0,"0.0","0.2","0.2","","Idle — no usage"
"Huaming-Satin spring (5075)---Light Mustard 14-1.5-95","304490","Mustard","Light Mustard","Yellow","Satin","Medium Satin",113,15.8,22623,0,"0.0","0.0","0.0","","Idle — no usage"
"Hua Ming-Satin spring-Woven-Light Satin-Orange 44-1.5-90","303606","Orange","Orange","Orange","Satin","Medium Satin",282.7,39.6,58183,0,"0.0","0.1","0.1","","Idle — no usage"
"PRT-2303278207 MOD 4 Huaming-Satin spring (5075) 2-1.5-95","305183","None","None","None","Satin","Medium Satin",239.6,33.5,0,0,"0.0","0.1","0.1","","Idle — no usage"
"Showme-18601---White 1-1.5-150","304562","White","White","White","Satin","Medium Satin",355.6,92.5,118349,0,"0.0","0.2","0.2","","Idle — no usage"
"HUAMING-2018-White 3-1.5-180","305263","White","White","White","Satin","Medium Polyester Satin",841.6,227.2,311525,0,"0.0","0.4","0.4","","Idle — no usage"
"YIWAN-8074-Rust 86-1.5-153","305358","Rust","Rust","Orange","Satin","Medium Polyester Satin",0.4,0.1,0,0,"0.0","0.0","0.0","","Idle — no usage"
"YIWAN-8068-Hunters Green 43-1.5-180","305326","Green","Hunters Green","Green","Satin","Medium Polyester Satin",192.8,52.1,0,0,"0.0","0.1","0.1","","Idle — no usage"
"HUAMING-2018-Blue 45-1.5-180","305256","Blue","Blue","Blue","Satin","Medium Polyester Satin",426.8,115.2,157983,0,"0.0","0.2","0.2","","Idle — no usage"
"HUAMING-2018-Off White 2-1.5-180","305258","White","Off White","White","Satin","Medium Polyester Satin",919.2,248.2,340231,0,"0.0","0.4","0.4","","Idle — no usage"
"HUAMING-2018-Red 1-1.5-180","305260","Red","Red","Red","Satin","Medium Polyester Satin",453.1,122.3,167717,0,"0.0","0.2","0.2","","Idle — no usage"
"YIWAN-8074-Taupe 27-1.5-153","305355","Taupe","Taupe","Brown","Satin","Medium Polyester Satin",0.2,0,0,0,"0.0","0.0","0.0","","Hold — balanced"
"YIWAN-8068-Dark Brown 72-1.5-180","305324","Brown","Dark Brown","Brown","Satin","Medium Polyester Satin",154.7,41.8,0,0,"0.0","0.1","0.1","","Idle — no usage"
"HUAMING-2018-Black 4-1.5-180","305255","Black","Black","Black","Satin","Medium Polyester Satin",426.1,115.1,157736,0,"0.0","0.2","0.2","","Idle — no usage"
"YIWAN-8074-Off White 2-1.5-153","305360","White","Off White","White","Satin","Medium Polyester Satin",0.8,0.2,0,0,"0.0","0.0","0.0","","Idle — no usage"
"HUAMING-2018-Dark Green 25-1.5-180","305257","Green","Dark Green","Green","Satin","Medium Polyester Satin",439.6,118.7,162726,0,"0.0","0.2","0.2","","Idle — no usage"
"YIWAN-8068-Navy Blue 46-1.5-180","305323","Blue","Navy Blue","Blue","Satin","Medium Polyester Satin",188,50.8,0,0,"0.0","0.1","0.1","","Idle — no usage"
"YIWAN-8068-Black 48-1.5-180","305322","Black","Black","Black","Satin","Medium Polyester Satin",406.6,109.8,150399,0,"0.0","0.2","0.2","","Idle — no usage"
"YIWAN-8068-Olive Green 52-1.5-180","305327","Green","Olive Green","Green","Satin","Medium Polyester Satin",190.4,51.4,0,0,"0.0","0.1","0.1","","Idle — no usage"
"YIWAN-8068-White 25-1.5-180","302423","White","White","White","Satin","Medium Polyester Satin",360.5,97.3,0,0,"0.0","0.2","0.2","","Idle — no usage"
"YIWAN-8068-Red 41-1.5-180","305328","Red","Red","Red","Satin","Medium Polyester Satin",184,49.7,0,0,"0.0","0.1","0.1","","Idle — no usage"
"EASTLEIGH Madona PLAIN HEAVY SATIN 6/9/2023","40019757","None","None","None","Satin","Heavy Satin",67.1,15.4,12661,0,"0.0","0.0","0.0","","Idle — no usage"
"YIWAN-8079---White 1-1.5-170","304641","White","White","White","Satin","Heavy Satin",525.2,136.6,167969,0,"0.0","0.2","0.2","","Idle — no usage"
"Yi Wang-8079-Woven-Satin-White 1-1.5-170","303532","White","White","White","Satin","Heavy Satin",14.8,3.8,4385,0,"0.0","0.0","0.0","","Idle — no usage"
"PRT-2664714551 MOD10 - Baby Blue/Navy Shina Print - Eastleigh Heavy Satin - Baby Blue","305469","None","Baby Blue","Blue","Satin","Heavy Satin",432.8,116.9,198,0,"0.0","0.2","0.2","","Idle — no usage"
"PRT-2411925P5 -Yi Wang-8079-Woven-Satin","304272","None","None","None","Satin","Heavy Satin",95.2,25.7,49858,0,"0.0","0.0","0.0","","Idle — no usage"
"PRT-2664714551 MOD1 - Light Mustard/Black Shina Print - Easleigh Heavy Satin - Light Mustard","305468","None","Light Mustard","Yellow","Satin","Heavy Satin",442.4,119.4,203,0,"0.0","0.2","0.2","","Idle — no usage"
"Yi Wang-8079-Woven-Satin-Chocolate 49-1.5-170","303539","Chocolate","Chocolate Brown","Brown","Satin","Heavy Satin",604.2,157.1,182213,0,"0.0","0.3","0.3","","Idle — no usage"
"Yi Wang-8079-Woven-Satin-Navy 35-1.5-170","303533","Navy","Navy Blue","Blue","Satin","Heavy satin",627.8,163.2,189358,0,"0.0","0.3","0.3","","Idle — no usage"
"Eastleigh--Medium Polyester Satin-Woven-Purple--","302840","Purple","Purple","Purple","Satin","Heavy satin",5,1.1,1379,0,"0.0","0.0","0.0","","Idle — no usage"
"EASTLEIGH PLAIN HEAVY SATIN 4/9/2024","300811","None","None","None","Satin","Heavy satin",111.5,25.6,31281,0,"0.0","0.0","0.0","","Idle — no usage"
"Eastleigh--Medium Polyester Satin-Woven-Dark Navy--","302837","Navy","Navy Blue","Blue","Satin","Heavy satin",25.2,5.8,7018,0,"0.0","0.0","0.0","","Idle — no usage"
"EASTLEIGH PLAIN SATIN Colors","40018506","None","None","None","Satin","Heavy Stretch-Satin",256.3,59,104949,0,"0.0","0.1","0.1","","Idle — no usage"
"AL SAWAE PLAIN HEAVY SATIN-MUSTARD-7/04/2026","305135","Mustard","Mustard","Yellow","Satin","Heavy Stretch-Satin",558.1,156.3,0,0,"0.0","0.2","0.2","","Idle — no usage"
"AL SAWAE PLAIN HEAVY SATIN-DARK GREEN-7/04/2026","305142","Green","Dark Green","Green","Satin","Heavy Stretch-Satin",576.4,167.2,0,0,"0.0","0.2","0.2","","Idle — no usage"
"AL SAWAE PLAIN HEAVY SATIN-MAROON-7/04/2026","305138","Maroon","Maroon","Red","Satin","Heavy Stretch-Satin",488.4,127,0,0,"0.0","0.2","0.2","","Idle — no usage"
"EASTLEIGH PLAIN SATIN","50010048","None","None","None","Satin","Heavy Stretch-Satin",120.2,27.6,25429,0,"0.0","0.1","0.1","","Idle — no usage"
"AL SAWAE PLAIN HEAVY SATIN-NAVY BLUE-7/04/2026","305139","Blue","Navy Blue","Blue","Satin","Heavy Stretch-Satin",566.3,147.2,0,0,"0.0","0.2","0.2","","Idle — no usage"
"EASTLEIGH PLAIN HEAVY SATIN","50013111","None","None","None","Satin","Heavy Stretch-Satin",29.3,6.8,12150,0,"0.0","0.0","0.0","","Idle — no usage"
"AL SAWAE PLAIN HEAVY SATIN-WHITE-7/04/2026","305144","White","White","White","Satin","Heavy Stretch-Satin",116.6,32.7,0,0,"0.0","0.0","0.0","","Idle — no usage"
"YIWAN-8083-Dark Green 46-1.5-118","305340","Green","Dark Green","Green","Satin","Medium Textured Satin",274.6,49.4,0,0,"0.0","0.1","0.1","","Idle — no usage"
"YIWAN-8083-Dark Brown 47-1.5-118","305338","Brown","Dark Brown","Brown","Satin","Medium Textured Satin",114.6,20.6,0,0,"0.0","0.0","0.0","","Idle — no usage"
"YIWAN-8083---Mustard 29-1.5-118","304659","Mustard","Mustard","Yellow","Satin","Medium Textured Satin",526.7,94.8,137146,0,"0.0","0.2","0.2","","Idle — no usage"
"YIWAN-8083---Navy 48-1.5-118","304660","Navy","Navy Blue","Blue","Satin","Medium Textured Satin",530.9,95.6,136230,0,"0.0","0.2","0.2","","Idle — no usage"
"YIWAN-8083-Off White 2-1.5-118","305342","White","Off White","White","Satin","Medium Textured Satin",536.2,96.5,0,0,"0.0","0.2","0.2","","Idle — no usage"
"YIWAN-8083---Light Olive 37-1.5-118","304658","Olive","Olive Green","Green","Satin","Medium Textured Satin",119.4,21.5,31210,0,"0.0","0.1","0.1","","Idle — no usage"
"YIWAN-8083---Black 50-1.5-118","304661","Black","Black","Black","Satin","Medium Textured Satin",601.3,108.2,157126,0,"0.0","0.3","0.3","","Idle — no usage"
"YIWAN-8083-Rust 30-1.5-118","305341","Rust","Rust","Orange","Satin","Medium Textured Satin",108,19.4,0,0,"0.0","0.0","0.0","","Idle — no usage"
"YIWAN-8083-Light Taupe 11-1.5-118","305339","Taupe","Light Taupe","Brown","Satin","Medium Textured Satin",96.7,17.4,0,0,"0.0","0.0","0.0","","Idle — no usage"
"YIWAN-8083---White 1-1.5-118","304662","White","White","White","Satin","Medium Textured Satin",135.2,24.3,34076,0,"0.0","0.1","0.1","","Idle — no usage"
"YIWAN-8084-Woven-Satin-White-1.5-105","301978","White","White","White","Satin","Light Satin",130.9,21,34358,0,"0.0","0.1","0.1","","Idle — no usage"
"SHUNHANG-147---SATIN transparent 5-1.5-85","304320","None","None","None","Satin","Light Satin",17.1,2.2,3574,0,"0.0","0.0","0.0","","Idle — no usage"
"YIMIN---Satin-10-0-","302632","None","None","None","Satin","Light Satin",159.7,24,34982,0,"0.0","0.1","0.1","","Idle — no usage"
"SATIN POPPY 80 PURPLE","40016972","Purple","Purple","Purple","Satin","Light Satin",48.3,5.8,5626,0,"0.0","0.0","0.0","","Idle — no usage"
"Huaming-2016---Champagne 42-1.5-90","304500","Champagne","None","None","Satin","Medium Stretch-Satin",26.1,3.7,6771,0,"0.0","0.0","0.0","","Idle — no usage"
"Huaming-2016---White 2-1.5-90","304498","White","White","White","Satin","Medium Stretch-Satin",176,24.6,45584,0,"0.0","0.1","0.1","","Idle — no usage"
"JUNDA TEXTILES PLAIN SATIN 99 White","50018673","White","White","White","Satin","Medium Stretch-Satin",21.3,3,9387,0,"0.0","0.0","0.0","","Idle — no usage"
"JUNDA TEXTILES PLAIN SATIN 110 Green","40009829","Green","Green","Green","Satin","Medium Stretch-Satin",10.4,1.3,4163,0,"0.0","0.0","0.0","","Idle — no usage"
"EASTLEIGH PLAIN SATIN","50020796","None","None","None","Satin","Medium Stretch-Satin",15.9,3.7,6607,0,"0.0","0.0","0.0","","Idle — no usage"
"JUNDA TEXTILES PLAIN SATIN 110 Grey","60000974","Grey","Grey","Grey","Satin","Medium Stretch-Satin",14.9,2.2,7459,0,"0.0","0.0","0.0","","Idle — no usage"
"Huaming-2016---Mulberry 5-1.5-90","304502","Mulberry","None","None","Satin","Medium Stretch-Satin",63.9,8.9,16539,0,"0.0","0.0","0.0","","Idle — no usage"
"Showme-18126---Dark Green 60-1.5-185","304540","Green","Dark Green","Green","Satin","Heavy Stretch Satin",9,2.3,2691,0,"0.0","0.0","0.0","","Idle — no usage"
"Showme-18126---Fuschia 56-1.5-185","304539","Fuschia","None","None","Satin","Heavy Stretch Satin",133.2,34.6,39813,0,"0.0","0.1","0.1","","Idle — no usage"
"SHUNYUAN-H179---Denim Blue 22-1.48-155","305065","Blue","Denim Blue","Blue","Cotton","Light Cotton",123.5,28.4,49698,0,"0.0","0.1","0.1","","Idle — no usage"
"Amdhir's Store-Kikoy-Woven-Cotton-White-1.54-94","302502","White","White","White","Cotton","Light Cotton",588.4,82.4,25538,0,"0.0","0.3","0.3","","Idle — no usage"
"SHUNYUAN-H179---Navy Blue 24-1.48-155","305068","Blue","Navy Blue","Blue","Cotton","Light Cotton",113.6,26.1,45708,0,"0.0","0.0","0.0","","Idle — no usage"
"Yiyi-611-Woven-100% Cotton-White-1.56-110","302170","White","White","White","Cotton","Light Cotton",158.4,26.9,34727,0,"0.0","0.1","0.1","","Idle — no usage"
"Amdhir's Store-Kikoy-Woven-Cotton-Dusty Green-1.52-92","302501","Green","Green","Green","Cotton","Light Cotton",277,38.8,90745,0,"0.0","0.1","0.1","","Idle — no usage"
"GIGI LIGHT COTTON STRETCH 125 White","50018619","White","White","White","Cotton","Light Cotton",588.5,111.8,262777,0,"0.0","0.3","0.3","","Idle — no usage"
"Amdhir's Store-Nautica-Woven-Cotton-Print 5-1.47-99","302528","Print 5","None","None","Cotton","Light Cotton",342.4,47.9,114097,0,"0.0","0.1","0.1","","Idle — no usage"
"Amdhir's Store-Nautica-Woven-Cotton-Print 4-1.45-104","302527","None","None","None","Cotton","Light Cotton",64.7,9.1,21563,0,"0.0","0.0","0.0","","Idle — no usage"
"Amdhir's Store-Kikoy-Woven-Cotton-Dark Turquoise-1.54-94","302506","Turquoise","Turquoise","Blue","Cotton","Light Cotton",57.6,8.1,18860,0,"0.0","0.0","0.0","","Idle — no usage"
"Amdhir's Store-Nautica-Woven-Cotton-Print 1-1.45-105","302524","Print 1","None","None","Cotton","Light Cotton",257.1,36,85680,0,"0.0","0.1","0.1","","Idle — no usage"
"Longan-Abstract Print---Navy/White/Beige 2-0-","304527","Beige","Beige","Brown","Cotton","Light Cotton",379.8,38,48994,0,"0.0","0.2","0.2","","Idle — no usage"
"Amdhir's Store-Kikoy-Woven-Cotton-Tan-1.55-91","302500","Tan","Tan","Brown","Cotton","Light Cotton",62.1,8.7,2697,0,"0.0","0.0","0.0","","Idle — no usage"
"SHUNYUAN-H179---Maroon 23-1.48-155","305067","Maroon","Maroon","Red","Cotton","Light Cotton",121.7,28,48963,0,"0.0","0.1","0.1","","Idle — no usage"
"Sanheer-1956--- White with Black Polka Dots-1.45-150","303827","None","Black","Black","Cotton","Light Cotton",15.3,4,7084,0,"0.0","0.0","0.0","","Idle — no usage"
"Amdhir's Store-Kikoy-Woven-Cotton-Dark Pink-1.50-90","302503","Pink","Dark Pink","Pink","Cotton","Light Cotton",243.1,34,79654,0,"0.0","0.1","0.1","","Idle — no usage"
"Yiyi-611-Light Blue 255-1.5-110","305197","Blue","Light Blue","Blue","Cotton","Light Cotton",131.2,22.3,0,0,"0.0","0.1","0.1","","Idle — no usage"
"Amdhir's Store-Kikoy-Woven-Cotton-Rust Brown-1.51-93","302498","Brown","Brown","Brown","Cotton","Light Cotton",53.7,7.5,2331,0,"0.0","0.0","0.0","","Idle — no usage"
"Amdhir's Store-Kikoy-Woven-Cotton-Light Green-1.48-93","302499","Green","Light Green","Green","Cotton","Light Cotton",52.7,7.4,2288,0,"0.0","0.0","0.0","","Idle — no usage"
"Amdhir's Store-Kikoy-Woven-Cotton-Blue-1.52-89","302505","Blue","Blue","Blue","Cotton","Light Cotton",73.9,10.3,24196,0,"0.0","0.0","0.0","","Idle — no usage"
"Amdhir's Store-Nautica-Woven-Cotton-Print 6-1.45-105","302529","None","None","None","Cotton","Light Cotton",74.7,10.5,24895,0,"0.0","0.0","0.0","","Idle — no usage"
"Yiyi-611-Orange 439-1.5-110","305200","Orange","Orange","Orange","Cotton","Light Cotton",140.5,23.9,0,0,"0.0","0.1","0.1","","Idle — no usage"
"Jinqiao maye-2120-Woven-Light Cotton-Black-1.4-125","301878","Black","Black","Black","Cotton","Light Cotton",178.9,32.2,66332,0,"0.0","0.1","0.1","","Idle — no usage"
"YAT TAJ HONG LIGHT COTTON (NON-STRETCH) 102 Dark Orange","60000904","Orange","Dark Orange","Orange","Cotton","Light Cotton",44.7,7.2,16445,0,"0.0","0.0","0.0","","Idle — no usage"
"SHUNYUAN-H179---Light Brown 21-1.48-155","305066","Brown","Light Brown","Brown","Cotton","Light Cotton",117.2,27,47178,0,"0.0","0.1","0.1","","Idle — no usage"
"Maziwa Plain Light Cotton","300850","None","None","None","Cotton","Light Cotton",157.4,51.9,31164,0,"0.0","0.1","0.1","","Idle — no usage"
"Amdhir's Store-Kikoy-Woven-Cotton-Gold-1.53-91","302508","Gold","Gold","Metallic","Cotton","Light Cotton",174.6,24.4,57190,0,"0.0","0.1","0.1","","Idle — no usage"
"Longan-Polka dot---Pink/Purple/Cream 3-0-","304528","None","Purple","Purple","Cotton","Light Cotton",373.6,37.4,48194,0,"0.0","0.2","0.2","","Idle — no usage"
"Amdhir's Store-Kikoy-Woven-Cotton-Light Pink-1.50-94","302514","Pink","Light Pink","Pink","Cotton","Light Cotton",51.7,7.2,2244,0,"0.0","0.0","0.0","","Idle — no usage"
"Longan-Textured Thick Stripes-Woven-Cotton-White-1.37-115","301609","White","White","White","Cotton","Light Cotton",163.1,26.1,78561,0,"0.0","0.1","0.1","","Idle — no usage"
"Yiyi-611-Woven-100% Cotton-Hunters-1.56-110","302171","Hunters","Hunters Green","Green","Cotton","Light Cotton",133.2,22.7,29218,0,"0.0","0.1","0.1","","Idle — no usage"
"SHUNYUAN-H179---Black 25-1.48-155","305069","Black","Black","Black","Cotton","Light Cotton",259,59.6,104262,0,"0.0","0.1","0.1","","Idle — no usage"
"Amdhir's Store-Nautica-Woven-Cotton-Print 2-1.46-103","302525","Print 2","None","None","Cotton","Light Cotton",177.5,26.6,63356,0,"0.0","0.1","0.1","","Idle — no usage"
"Jinqiao maye-2120-Woven-Light Cotton-White-1.4-125","301877","White","White","White","Cotton","Light Cotton",160.6,28.9,59534,0,"0.0","0.1","0.1","","Idle — no usage"
"Yiyi-611-Bright Green 305-1.5-110","305196","Green","Green","Green","Cotton","Light Cotton",122,20.7,0,0,"0.0","0.1","0.1","","Idle — no usage"
"Yiyi-N272-Woven-Cotton / Spandex-Dark Green 63-1.5-120","303656","Green","Dark Green","Green","Cotton","Light Stretch Cotton",796.2,143.3,253507,0,"0.0","0.3","0.3","","Idle — no usage"
"Yiyi-N272-Woven-Cotton / Spandex-Light Orange-1.5-120","302135","Orange","Light Orange","Orange","Cotton","Light Stretch Cotton",564.3,101.6,163544,0,"0.0","0.2","0.2","","Idle — no usage"
"Yiyi-N272-Dark Brown 30-1.5-120","305369","Brown","Dark Brown","Brown","Cotton","Light Stretch Cotton",573.7,103.3,0,0,"0.0","0.2","0.2","","Idle — no usage"
"Yiyi-N272---Offwhite 101-1.5-120","304679","Offwhite","None","None","Cotton","Light Stretch Cotton",264.6,47.6,77621,0,"0.0","0.1","0.1","","Idle — no usage"
"Yiyi-N272---Orange 70-1.5-120","304685","Orange","Orange","Orange","Cotton","Light Stretch Cotton",16.1,2.9,4727,0,"0.0","0.0","0.0","","Idle — no usage"
"Yiyi-N272-Woven-Cotton / Spandex-Olive 32-1.5-120","303646","Olive","Olive Green","Green","Cotton","Light Stretch Cotton",916.9,165,291861,0,"0.0","0.4","0.4","","Idle — no usage"
"Yiyi-N272-Woven-Cotton / Spandex-Lime Green-1.5-120","302131","Green","Lime Green","Green","Cotton","Light Stretch Cotton",347,62.5,100561,0,"0.0","0.1","0.1","","Idle — no usage"
"Yiyi-Y933---Black 33-1.48-130","304673","Black","Black","Black","Cotton","Light Stretch Cotton",46.1,8.8,14717,0,"0.0","0.0","0.0","","Idle — no usage"
"Yiyi-N272---Yellow 57-1.5-120","304686","Yellow","Yellow","Yellow","Cotton","Light Stretch Cotton",145.3,26.2,42641,0,"0.0","0.1","0.1","","Idle — no usage"
"Yiyi-N272-Woven-Cotton / Spandex-Dark Rust 18-1.5-120","303645","Rust","Dark Rust","Orange","Cotton","Light Stretch Cotton",711.2,128,226411,0,"0.0","0.3","0.3","","Idle — no usage"
"Yiyi-N272-Woven-Cotton / Spandex-Lime 76-1.5-120","303647","Lime","Lime Green","Green","Cotton","Light Stretch Cotton",31.4,5.7,10018,0,"0.0","0.0","0.0","","Idle — no usage"
"Yiyi-N272-Woven-Cotton / Spandex-Navy 12-1.5-120","303643","Navy","Navy Blue","Blue","Cotton","Light Stretch Cotton",65.3,11.8,20815,0,"0.0","0.0","0.0","","Idle — no usage"
"Yiyi-Y933---Hunters-1.48-130","304675","Hunters","Hunters Green","Green","Cotton","Light Stretch Cotton",19.3,3.7,6149,0,"0.0","0.0","0.0","","Idle — no usage"
"Yiyi-N272---Hunters 97-1.5-120","304682","Hunters","Hunters Green","Green","Cotton","Light Stretch Cotton",295.7,53.2,86749,0,"0.0","0.1","0.1","","Idle — no usage"
"Yiyi-Y933-Woven-Cotton / Spandex-Yellow 5-1.48-130","303669","Yellow","Yellow","Yellow","Cotton","Light Stretch Cotton",39.3,7.5,13055,0,"0.0","0.0","0.0","","Idle — no usage"
"Yiyi-N272-Woven-Cotton / Spandex-Green-1.5-120","302129","Green","Green","Green","Cotton","Light Stretch Cotton",184.6,33.2,53484,0,"0.0","0.1","0.1","","Idle — no usage"
"Yiyi-Y933---Tan 29-1.48-130","304677","Tan","Tan","Brown","Cotton","Light Stretch Cotton",17.9,3.4,5715,0,"0.0","0.0","0.0","","Idle — no usage"
"Yiyi-N272-Woven-Cotton / Spandex-Pink 48-1.5-120","303651","Pink","Pink","Pink","Cotton","Light Stretch Cotton",13.4,2.4,4283,0,"0.0","0.0","0.0","","Idle — no usage"
"Yiyi-N272-Woven-Cotton / Spandex-Mustard 94-1.5-120","303648","Mustard","Mustard","Yellow","Cotton","Light Stretch Cotton",290.1,52.2,92429,0,"0.0","0.1","0.1","","Idle — no usage"
"Yiyi-Y933-Woven-Cotton / Spandex-White-1.48-130","302150","White","White","White","Cotton","Light Stretch Cotton",115.2,21.9,42885,0,"0.0","0.0","0.0","","Idle — no usage"
"Yiyi-N272---Chocolate Brown 102-1.5-120","304681","Brown","Chocolate Brown","Brown","Cotton","Light Stretch Cotton",153.9,27.7,45151,0,"0.0","0.1","0.1","","Idle — no usage"
"Yiyi-N272-Woven-Cotton / Spandex-Black 13-1.5-120","303644","Black","Black","Black","Cotton","Light Stretch Cotton",529.6,95.3,168587,0,"0.0","0.2","0.2","","Idle — no usage"
"Yiyi-N272---Tan 15-1.5-120","304687","Tan","Tan","Brown","Cotton","Light Stretch Cotton",133.7,24.1,39218,0,"0.0","0.1","0.1","","Idle — no usage"
"Yiyi-N272-Woven-Cotton / Spandex-Chocolate 102-1.5-120","303649","Chocolate","Chocolate Brown","Brown","Cotton","Light Stretch Cotton",202.8,36.5,64605,0,"0.0","0.1","0.1","","Idle — no usage"
"Yiyi-N272-Woven-Cotton / Spandex-Red 37-1.5-120","303654","Red","Red","Red","Cotton","Light Stretch Cotton",58.6,10.5,18634,0,"0.0","0.0","0.0","","Idle — no usage"
"Yiyi-Y933-Woven-Cotton / Spandex-Dark Chocolate 32-1.48-130","303675","Chocolate","Chocolate Brown","Brown","Cotton","Light Stretch Cotton",11.1,2.1,3675,0,"0.0","0.0","0.0","","Idle — no usage"
"Amdhir's Store-Heritage-Woven-Cotton Linen-Chocolate -1.46-110","302521","Chocolate","Chocolate Brown","Brown","Cotton","Medium Slub Cotton",89.3,12.5,40250,0,"0.0","0.0","0.0","","Idle — no usage"
"Amdhir's Store-Kikoy-Woven-Cotton-Red-1.5-95 ","302511","Red","Red","Red","Cotton","Medium Slub Cotton",464.4,65,191159,0,"0.0","0.2","0.2","","Idle — no usage"
"Midco Cotton Linen 127Gsm","300177","None","None","None","Cotton","Medium Slub Cotton",83.9,15.9,58500,0,"0.0","0.0","0.0","","Idle — no usage"
"Amdhir's Store-Heritage-Woven-Cotton Linen-Chocolate D-1.38-124","304002","Chocolate","Chocolate Brown","Brown","Cotton","Medium Slub Cotton",73.4,10.3,33307,0,"0.0","0.0","0.0","","Idle — no usage"
"Amdhir's Store-Heritage-Woven-Cotton Linen-Chocolate C-1.47-112","302519","Chocolate","Chocolate Brown","Brown","Cotton","Medium Slub Cotton",22.1,3.1,9982,0,"0.0","0.0","0.0","","Idle — no usage"
"Amdhir's Store-Heritage-Woven-Cotton Linen-Burnt Orange-1.37-124","302517","Orange","Burnt Orange","Orange","Cotton","Medium Slub Cotton",292.6,41,120455,0,"0.0","0.1","0.1","","Idle — no usage"
"Amdhir's Store-Heritage-Woven-Cotton Linen-Pink-1.39-115","302518","Pink","Pink","Pink","Cotton","Medium Slub Cotton",379.4,53.1,172109,0,"0.0","0.2","0.2","","Idle — no usage"
"Amdhir's Store-Heritage-Woven-Cotton Linen-Sea Green--","304160","Green","Sea Green","Green","Cotton","Medium Slub Cotton",484.9,67.9,185312,0,"0.0","0.2","0.2","","Idle — no usage"
"Amdhir's Store-Heritage-Woven-Cotton Linen-Teal--","305150","Teal","Teal","Blue","Cotton","Medium Slub Cotton",281.1,39.4,115750,0,"0.0","0.1","0.1","","Idle — no usage"
"Amdhir's Store-Heritage-Woven-Cotton Linen-Beige-1.38-118","304003","Beige","Beige","Brown","Cotton","Medium Slub Cotton",942.1,131.9,360060,0,"0.0","0.4","0.4","","Idle — no usage"
"Amdhir's Store-Heritage-Woven-Cotton Linen-Mustard-1.38-114","302522","Mustard","Mustard","Yellow","Cotton","Medium Slub Cotton",1229.9,172.2,557863,0,"0.0","0.5","0.5","","Idle — no usage"
"Amdhir's Store-Heritage-Woven-Cotton Linen-Yellow--","302745","Yellow","Yellow","Yellow","Cotton","Medium Slub Cotton",854.6,119.6,387634,0,"0.0","0.4","0.4","","Idle — no usage"
"Amdhir's Store-Heritage-Woven-Cotton Linen-Chocolate B-1.47-117","302520","Chocolate","Chocolate Brown","Brown","Cotton","Medium Slub Cotton",117.1,18.7,60343,0,"0.0","0.1","0.1","","Idle — no usage"
"Amdhir's Store-Heritage-Woven-Cotton Linen-Maroon--","304161","Maroon","Maroon","Red","Cotton","Medium Slub Cotton",158.3,22.2,60497,0,"0.0","0.1","0.1","","Idle — no usage"
"XUEGUI textile-43018-Woven-Linen-Black-1.4-170","301949","Black","Black","Black","Cotton","Light Cotton Slub",149.6,35.9,59235,0,"0.0","0.1","0.1","","Idle — no usage"
"XUEGUI textile-43018-Woven-Linen-White-1.4-170","301950","White","White","White","Cotton","Light Cotton Slub",153.1,36.8,60638,0,"0.0","0.1","0.1","","Idle — no usage"
"XUEGUI textile-Nylon bullet-Woven-Polyester Stretch-White-1.5-120","301956","White","White","White","Cotton","Light Cotton Slub",133.6,24.1,37999,0,"0.0","0.1","0.1","","Idle — no usage"
"Liangsheng-8118-Woven-Heavy Crepe Polyester-Magenta-1.52-430","302049","Magenta","Magenta","Pink","Cotton","Heavy Cotton Twill",148.9,96.8,125801,0,"0.0","0.1","0.1","","Idle — no usage"
"Liangsheng-8118---White 5-1.52-430","303826","White","White","White","Cotton","Heavy Cotton Twill",54.8,35.6,37401,0,"0.0","0.0","0.0","","Idle — no usage"
"LIANGSHENG-8118-Burgundy 13-1.52-420","305269","Burgundy","Burgundy","Red","Cotton","Heavy Cotton Twill",209.3,133.9,136195,0,"0.0","0.1","0.1","","Idle — no usage"
"Liangsheng-8118-Woven-Heavy Crepe Polyester-White-1.52-430","302048","White","White","White","Cotton","Heavy Cotton Twill",61.9,40.2,52312,0,"0.0","0.0","0.0","","Idle — no usage"
"Liangsheng-8118---Black 6-1.52-430","303825","Black","Black","Black","Cotton","Heavy Cotton Twill",249.1,161.9,165653,0,"0.0","0.1","0.1","","Idle — no usage"
"Liangsheng-8118---Dark Green 11-1.52-430","303820","Green","Dark Green","Green","Cotton","Heavy Cotton Twill",453.5,294.8,372904,0,"0.0","0.2","0.2","","Idle — no usage"
"Liangsheng-8118---Red 12-1.52-430","303821","Red","Red","Red","Cotton","Heavy Cotton Twill",59.3,38.5,40446,0,"0.0","0.0","0.0","","Idle — no usage"
"Liangsheng-8118---Light Green 10-1.52-430","303819","Green","Light Green","Green","Cotton","Heavy Cotton Twill",128.4,83.5,87633,0,"0.0","0.1","0.1","","Idle — no usage"
"Liangsheng----Black 6-1.52-430","304521","Black","Black","Black","Cotton","Heavy Cotton Twill",194.8,126.6,186161,0,"0.0","0.1","0.1","","Idle — no usage"
"YI YUAN HEAVY COTTON STRETCH 195 DARK NAVY","50018166","Navy","Navy Blue","Blue","Cotton","Medium Cotton",5.8,1.7,2670,0,"0.0","0.0","0.0","","Idle — no usage"
"SHUNG YUAN-55075---WHITE-1.5-185","302585","White","White","White","Cotton","Medium Cotton",157.7,41,39770,0,"0.0","0.1","0.1","","Idle — no usage"
"SHUNYUAN-H681---White -1.45-180","305075","White","White","White","Cotton","Medium Cotton",123.9,32.2,59469,0,"0.0","0.1","0.1","","Idle — no usage"
"SHUNG YUAN-H531---BLACK-1.5-180","302586","Black","Black","Black","Cotton","Medium Cotton",122.5,31.9,43953,0,"0.0","0.1","0.1","","Idle — no usage"
"XIN HENG SHENG-9950---31-1.5-180","302566","None","None","None","Cotton","Medium Cotton",138.5,37.4,54978,0,"0.0","0.1","0.1","","Idle — no usage"
"Maziwa Checked Cotton Fabric","300851","None","None","None","Cotton","Medium Cotton",4.5,2.2,1344,0,"0.0","0.0","0.0","","Idle — no usage"
"MAZIWA ASSORTED KHAKI","40016556","Khaki","None","None","Cotton","Medium Cotton",140.2,75.7,47691,0,"0.0","0.1","0.1","","Idle — no usage"
"CHINA LIGHT COTTON STRETCH 250 White","40016632","White","White","White","Cotton","Medium Cotton",21.9,8.3,8726,0,"0.0","0.0","0.0","","Idle — no usage"
"XIN HENG SHENG-9950---53-1.5-180","302565","None","None","None","Cotton","Medium Cotton",110,29.7,43659,0,"0.0","0.0","0.0","","Idle — no usage"
"SHUNYUAN-H681---Light Green 17-1.45-180","305071","Green","Light Green","Green","Cotton","Medium Cotton",109.6,28.5,52603,0,"0.0","0.0","0.0","","Idle — no usage"
"SHUNYUAN-H681---Hunters Green 35-1.45-180","305070","Green","Hunters Green","Green","Cotton","Medium Cotton",124.6,32.4,59801,0,"0.0","0.1","0.1","","Idle — no usage"
"SHUNG YUAN-55075---BLACK-1.5-185","302584","Black","Black","Black","Cotton","Medium Cotton",149.4,38.9,37685,0,"0.0","0.1","0.1","","Idle — no usage"
"Maziwa Heavy Cotton Black 11/9/2024","301086","Black","Black","Black","Cotton","Medium Cotton",261.8,164.9,98952,0,"0.0","0.1","0.1","","Idle — no usage"
"SHUNG YUAN-H531---45-1.5-180","302589","None","None","None","Cotton","Medium Cotton",14.8,3.9,5327,0,"0.0","0.0","0.0","","Idle — no usage"
"MAZIWA CHECKED FABRIC NON-STRETCH","300627","None","None","None","Cotton","Medium Cotton",44.1,20.3,14413,0,"0.0","0.0","0.0","","Idle — no usage"
"YI YUAN HEAVY COTTON STRETCH 195 Navy","50018172","Navy","Navy Blue","Blue","Cotton","Medium Cotton",9.1,2.7,4187,0,"0.0","0.0","0.0","","Idle — no usage"
"SUITING DYED DARK SHADE","50020706","None","None","None","Cotton","Medium Cotton",37.1,22.6,30071,0,"0.0","0.0","0.0","","Idle — no usage"
"Y/Dyed Kikoi Fabric 60''","60025823","None","None","None","Cotton","Medium Cotton",472.7,80.4,188042,0,"0.0","0.2","0.2","","Idle — no usage"
"SHUNYUAN-H681---Navy Blue 37-1.45-180","305073","Blue","Navy Blue","Blue","Cotton","Medium Cotton",241.8,62.9,116059,0,"0.0","0.1","0.1","","Idle — no usage"
"SHUNG YUAN-H531---58-1.5-180","302588","None","None","None","Cotton","Medium Cotton",119.2,31,42780,0,"0.0","0.1","0.1","","Idle — no usage"
"Maziwa Heavy Cotton 11/9/2024","300849","None","None","None","Cotton","Medium Cotton",37.5,18.7,11244,0,"0.0","0.0","0.0","","Idle — no usage"
"CHINA LIGHT COTTON STRETCH 160 Black","40016629","Black","Black","Black","Cotton","Medium Cotton",93.7,22.5,23604,0,"0.0","0.0","0.0","","Idle — no usage"
"SHUNYUAN-H681---Black -1.45-180","305076","Black","Black","Black","Cotton","Medium Cotton",252,65.5,120932,0,"0.0","0.1","0.1","","Idle — no usage"
"XIN HENG SHENG-9950---63-1.5-180","302563","None","None","None","Cotton","Medium Cotton",134.3,36.3,53288,0,"0.0","0.1","0.1","","Idle — no usage"
"SHUNYUAN-H681---Olive Green 26-1.45-180","305074","Green","Olive Green","Green","Cotton","Medium Cotton",131.5,34.2,63124,0,"0.0","0.1","0.1","","Idle — no usage"
"XIN HENG SHENG-9950---64-1.5-180","302564","None","None","None","Cotton","Medium Cotton",143.1,38.7,56816,0,"0.0","0.1","0.1","","Idle — no usage"
"SHUNYUAN-H407---Brown 26-1.48-245","305055","Brown","Brown","Brown","Cotton","Medium Cotton Twill",259.4,93.4,94139,0,"0.0","0.1","0.1","","Idle — no usage"
"SHUNYUAN-H407---Rust 10-1.48-245","305060","Rust","Rust","Orange","Cotton","Medium Cotton Twill",260.6,93.8,94583,0,"0.0","0.1","0.1","","Idle — no usage"
"SHUNYUAN-H407---Light Blue 18-1.48-245","305059","Blue","Light Blue","Blue","Cotton","Medium Cotton Twill",248,89.3,90006,0,"0.0","0.1","0.1","","Idle — no usage"
"SHUNYUAN-H407---Beige 2-1.48-245","305053","Beige","Beige","Brown","Cotton","Medium Cotton Twill",251.4,90.5,91256,0,"0.0","0.1","0.1","","Idle — no usage"
"SHUNYUAN-H407---Denim Blue 20-1.48-245","305058","Blue","Denim Blue","Blue","Cotton","Medium Cotton Twill",276.7,99.6,100430,0,"0.0","0.1","0.1","","Idle — no usage"
"SHUNYUAN-H407---Black -1.48-245","305054","Black","Black","Black","Cotton","Medium Cotton Twill",252.1,90.7,91478,0,"0.0","0.1","0.1","","Idle — no usage"
"SHUNYUAN-H407---Denim Blue 27-1.48-245","305056","Blue","Denim Blue","Blue","Cotton","Medium Cotton Twill",267.3,96.2,97003,0,"0.0","0.1","0.1","","Idle — no usage"
"SHUNYUAN-H407---Denim Blue 19-1.48-245","305057","Blue","Denim Blue","Blue","Cotton","Medium Cotton Twill",255.5,92,92728,0,"0.0","0.1","0.1","","Idle — no usage"
"Yiyi-Y760-Woven-Cotton / Spandex-Navy Blue-1.5-220","302148","Blue","Navy Blue","Blue","Cotton","Medium Stretch Cotton",481.7,159,170098,0,"0.0","0.2","0.2","","Idle — no usage"
"Yiyi-Y760-Woven-Cotton / Spandex-Mustard-1.5-220","302149","Mustard","Mustard","Yellow","Cotton","Medium Stretch Cotton",397.3,131.1,140277,0,"0.0","0.2","0.2","","Idle — no usage"
"Yiyi-Y740-Woven-Cotton / Spandex-Black-1.48-180","302138","Black","Black","Black","Cotton","Medium Stretch Cotton",138.9,37.5,51750,0,"0.0","0.1","0.1","","Idle — no usage"
"Yiyi-Y760-Woven-Cotton / Spandex-Rust 13-1.5-220","303658","Rust","Rust","Orange","Cotton","Medium Stretch Cotton",475.3,156.9,165440,0,"0.0","0.2","0.2","","Idle — no usage"
"Yiyi-Y760-Woven-Cotton / Spandex-Light Purple 71-1.5-220","303667","Purple","Light Purple","Purple","Cotton","Medium Stretch Cotton",221.9,73.2,76902,0,"0.0","0.1","0.1","","Idle — no usage"
"Yiyi-Y760--- Dark Grey 36-1.5-220","304668","Grey","Dark Grey","Grey","Cotton","Medium Stretch Cotton",187.2,61.8,68576,0,"0.0","0.1","0.1","","Idle — no usage"
"Yiyi-Y760-Woven-Cotton / Spandex-Off White-1.5-220","302146","White","Off White","White","Cotton","Medium Stretch Cotton",460.9,152.1,162736,0,"0.0","0.2","0.2","","Idle — no usage"
"Yiyi-Y760-Woven-Cotton / Spandex-Buttermilk 72-1.5-220","303666","Buttermilk","Buttermilk","Yellow","Cotton","Medium Stretch Cotton",173.3,57.2,60039,0,"0.0","0.1","0.1","","Idle — no usage"
"Yiyi-Y760---Maroon 68-1.5-220","304671","Maroon","Maroon","Red","Cotton","Medium Stretch Cotton",197.6,65.2,72394,0,"0.0","0.1","0.1","","Idle — no usage"
"Yiyi-Y760-Woven-Cotton / Spandex-Dark Navy 32-1.5-220","303661","Navy","Navy Blue","Blue","Cotton","Medium Stretch Cotton",406.6,134.2,141490,0,"0.0","0.2","0.2","","Idle — no usage"
"Yiyi-Y760---Offwhite 3-1.5-220","304667","Offwhite","None","None","Cotton","Medium Stretch Cotton",596.8,196.9,215264,0,"0.0","0.3","0.3","","Idle — no usage"
"Yiyi-Y740-Woven-Cotton / Spandex-Hunters Green-1.48-180","302137","Green","Hunters Green","Green","Cotton","Medium Stretch Cotton",137.8,37.2,51336,0,"0.0","0.1","0.1","","Idle — no usage"
"Yiyi-Y740-Woven-Cotton / Spandex-Khaki Tan-1.48-180","302139","Tan","Tan","Brown","Cotton","Medium Stretch Cotton",141.3,38.2,52647,0,"0.0","0.1","0.1","","Idle — no usage"
"Yiyi-Y760-Woven-Cotton / Spandex-Orange-1.5-220","302141","Orange","Orange","Orange","Cotton","Medium Stretch Cotton",465.1,153.5,164234,0,"0.0","0.2","0.2","","Idle — no usage"
"Yiyi-Y760-Woven-Cotton / Spandex-Maroon-1.5-220","302143","Maroon","Maroon","Red","Cotton","Medium Stretch Cotton",154.8,51.1,54677,0,"0.0","0.1","0.1","","Idle — no usage"
"Yiyi-Y760-Woven-Cotton / Spandex-Khaki Green-1.5-220","302140","Green","Khaki Green","Green","Cotton","Medium Stretch Cotton",148.2,48.9,52344,0,"0.0","0.1","0.1","","Idle — no usage"
"Yiyi-Y760-Woven-Cotton / Spandex-Dark Maroon 14-1.5-220","303659","Maroon","Dark Maroon","Red","Cotton","Medium Stretch Cotton",404.9,133.6,140952,0,"0.0","0.2","0.2","","Idle — no usage"
"YIYI-Y740---Black 63-1.48-180","304663","Black","Black","Black","Cotton","Medium Stretch Cotton",331.5,89.5,127090,0,"0.0","0.1","0.1","","Idle — no usage"
"Yiyi-Y760-Woven-Cotton / Spandex-Dark Grey-1.5-220","302145","Grey","Dark Grey","Grey","Cotton","Medium Stretch Cotton",324.9,107.2,114725,0,"0.0","0.1","0.1","","Idle — no usage"
"Yiyi-Y760---Dark Hunters 67-1.5-220","304669","Hunters","Hunters Green","Green","Cotton","Medium Stretch Cotton",196.7,64.9,72039,0,"0.0","0.1","0.1","","Idle — no usage"
"Yiyi-Y760-Woven-Cotton / Spandex-White 2-1.5-220","303665","White","White","White","Cotton","Medium Stretch Cotton",218.4,72.1,75684,0,"0.0","0.1","0.1","","Idle — no usage"
"Yiyi-Y760-Woven-Cotton / Spandex-Black 31-1.5-220","303660","Black","Black","Black","Cotton","Medium Stretch Cotton",197,65,68250,0,"0.0","0.1","0.1","","Idle — no usage"
"Yiyi-Y760--- Black 31-1.5-220","304666","Black","Black","Black","Cotton","Medium Stretch Cotton",519.8,171.5,187143,0,"0.0","0.2","0.2","","Idle — no usage"
"YIYI-Y740---Khaki Tan 22-1.48-180","304665","Tan","Tan","Brown","Cotton","Medium Stretch Cotton",233,62.9,89318,0,"0.0","0.1","0.1","","Idle — no usage"
"Yiyi-Y760-Woven-Cotton / Spandex-Green 64-1.5-220","303664","Green","Green","Green","Cotton","Medium Stretch Cotton",194.8,64.3,67515,0,"0.0","0.1","0.1","","Idle — no usage"
"Yiyi-Y760---Navy 32-1.5-220","304672","Navy","Navy Blue","Blue","Cotton","Medium Stretch Cotton",199,65.7,72883,0,"0.0","0.1","0.1","","Idle — no usage"
"Yiyi-Y760-Woven-Cotton / Spandex-Red 1-1.5-220","303663","Red","Red","Red","Cotton","Medium Stretch Cotton",199.2,65.7,69006,0,"0.0","0.1","0.1","","Idle — no usage"
"Yiyi-Y760---Hunters 28-1.5-220","304670","Hunters","Hunters Green","Green","Cotton","Medium Stretch Cotton",466.7,154,166974,0,"0.0","0.2","0.2","","Idle — no usage"
"Yiyi-Y760-Woven-Cotton / Spandex-Orange 51-1.5-220","303657","Orange","Orange","Orange","Cotton","Medium Stretch Cotton",186.9,61.7,64764,0,"0.0","0.1","0.1","","Idle — no usage"
"Yiyi-Y760-Woven-Cotton / Spandex-Khaki Tan-1.5-220","302144","Tan","Tan","Brown","Cotton","Medium Stretch Cotton",432.7,142.8,152785,0,"0.0","0.2","0.2","","Idle — no usage"
"YIYI-Y740---Dark Tan 59-1.48-180","304664","Tan","Dark Tan","Brown","Cotton","Medium Stretch Cotton",315.2,85.1,120842,0,"0.0","0.1","0.1","","Idle — no usage"
"Yiyi-Y760-Woven-Cotton / Spandex-Mustard 48-1.5-220","303662","Mustard","Mustard","Yellow","Cotton","Medium Stretch Cotton",200.5,66.2,69489,0,"0.0","0.1","0.1","","Idle — no usage"
"Yiyi-Y760-Woven-Cotton / Spandex-Black-1.5-220","302147","Black","Black","Black","Cotton","Medium Stretch Cotton",176.4,58.2,62295,0,"0.0","0.1","0.1","","Idle — no usage"
"Yiyi-Y760-Woven-Cotton / Spandex-Rust-1.5-220","302142","Rust","Rust","Orange","Cotton","Medium Stretch Cotton",297.1,98,104903,0,"0.0","0.1","0.1","","Idle — no usage"
"YUN XIANG A155 LIGHT COTTON STRETCH 101 White","60028560","White","White","White","Cotton","Light Stretch-Cotton Poplin",9.3,1.4,4116,0,"0.0","0.0","0.0","","Idle — no usage"
"Midco Oxford Shirting (Sample Fabrics)","300227","None","None","None","Cotton","Light Oxford Shirting",216.3,41.1,63690,0,"0.0","0.1","0.1","","Idle — no usage"
"Midco Oxford Shirting White","300059","White","White","White","Cotton","Light Oxford Shirting",104.6,19.9,32984,0,"0.0","0.0","0.0","","Idle — no usage"
"MING LEI TEXTILES-810-Dark Brown 21-1.5-150","305271","Brown","Dark Brown","Brown","Cotton","Light Quilted Cotton",261.8,60.2,0,0,"0.0","0.1","0.1","","Idle — no usage"
"Ming Lei-810---Navy 20-1.5-150","304535","Navy","Navy Blue","Blue","Cotton","Light Quilted Cotton",491.7,113.1,178737,0,"0.0","0.2","0.2","","Idle — no usage"
"MING LEI TEXTILES-810-White 2-1.5-150","305273","White","White","White","Cotton","Light Quilted Cotton",141,32.4,0,0,"0.0","0.1","0.1","","Idle — no usage"
"Ming Lei-810---Hunters 12-1.5-150","304532","Hunters","Hunters Green","Green","Cotton","Light Quilted Cotton",529.9,121.9,191741,0,"0.0","0.2","0.2","","Idle — no usage"
"MING LEI TEXTILES-810-Rust 15-1.5-150","305272","Rust","Rust","Orange","Cotton","Light Quilted Cotton",271.7,62.5,0,0,"0.0","0.1","0.1","","Idle — no usage"
"Ming Lei-810---Brown 5-1.5-150","304531","Brown","Brown","Brown","Cotton","Light Quilted Cotton",259.7,59.7,87788,0,"0.0","0.1","0.1","","Idle — no usage"
"Ming Lei-810---Lime Green 19-1.5-150","304533","Green","Lime Green","Green","Cotton","Light Quilted Cotton",369.7,85,134261,0,"0.0","0.2","0.2","","Idle — no usage"
"Ming Lei-810---Offwhite 1-1.5-150","304530","Offwhite","None","None","Cotton","Light Quilted Cotton",395.8,91,133829,0,"0.0","0.2","0.2","","Idle — no usage"
"Ming Lei-810---Mulberry 7-1.5-150","304534","Mulberry","None","None","Cotton","Light Quilted Cotton",265.2,61,89670,0,"0.0","0.1","0.1","","Idle — no usage"
"Ming Lei-810---Black 3-1.5-150","304529","Black","Black","Black","Cotton","Light Quilted Cotton",684.5,157.4,246403,0,"0.0","0.3","0.3","","Idle — no usage"
"YUN XIANG 898 LIGHT COTTON STRETCH 145 Green","60028559","Green","Green","Green","Cotton","Medium Stretch-Cotton Poplin",23.2,5.1,9282,0,"0.0","0.0","0.0","","Idle — no usage"
"YUN XIANG 898 LIGHT COTTON STRETCH 145 Off White","60028561","White","Off White","White","Cotton","Medium Stretch-Cotton Poplin",123.4,27.2,49413,0,"0.0","0.1","0.1","","Idle — no usage"
"BENSEN HEAVY COTTON STRETCH 330 Black","40016576","Black","Black","Black","Cotton","Heavy Stretch-Cotton",20.2,10.1,10120,0,"0.0","0.0","0.0","","Idle — no usage"
"YUN XIANG HEAVY COTTON STRETCH 235 Black","40009870","Black","Black","Black","Cotton","Heavy Stretch-Cotton",96.7,33.8,18274,0,"0.0","0.0","0.0","","Idle — no usage"
"YI YUAN LIGHT COTTON STRETCH 270 White","40016573","White","White","White","Cotton","Heavy Stretch-Cotton",7.7,3.1,4961,0,"0.0","0.0","0.0","","Idle — no usage"
"Bangkok Stripped Slab 1/5/2023 Plain","60018574","None","None","None","Cotton","Light Slub Cotton",63.1,10.7,22748,0,"0.0","0.0","0.0","","Idle — no usage"
"Yihao-131-1201-Woven-Cotton-White-1.45-","302365","White","White","White","Cotton","Light Stripe Cotton",12.5,2.4,3975,0,"0.0","0.0","0.0","","Idle — no usage"
"SHOULA SHOU LIGHT COTTON STRETCH 150 Black","40016589","Black","Black","Black","Cotton","Medium Stretch-Cotton",72.7,16.7,16720,0,"0.0","0.0","0.0","","Idle — no usage"
"YUN XIANG A202# HEAVY COTTON STRETCH 150 Khaki","300148","Khaki","None","None","Cotton","Medium Stretch-Cotton",12.3,2.8,6119,0,"0.0","0.0","0.0","","Idle — no usage"
"BEDI SUITING FABRIC BC60*60 120GSM","60031191","None","None","None","Cotton","Light Breached Cotton",44.8,8.1,24210,0,"0.0","0.0","0.0","","Idle — no usage"
"BEDI SUITING FABRIC BC60*60 120GSM","60031192","None","None","None","Cotton","Light Breached Cotton",47.2,8.5,25500,0,"0.0","0.0","0.0","","Idle — no usage"
"Fashion Knitted Fabric -1629-Knit-Medium Rayon/Spandex Jersey-Dark Red 214-1.8-260","302954","Red","Dark Red","Red","Jersey","Medium Interlock Jersey",468.2,220,178497,0,"0.0","0.2","0.2","","Idle — no usage"
"Fashion Knitted Fabric -1629-Knit-Medium Rayon/Spandex Jersey-Sea Green 64-1.8-260","302952","Green","Sea Green","Green","Jersey","Medium Interlock Jersey",454.4,231.7,215500,0,"0.0","0.2","0.2","","Idle — no usage"
"Fashion Knitted Fabric -1629-Knit-Medium Rayon/Spandex Jersey-Light Olive 246-1.8-260","302965","Olive","Olive Green","Green","Jersey","Medium Interlock Jersey",54.6,27.8,23664,0,"0.0","0.0","0.0","","Idle — no usage"
"Fashion Knitted Fabric -1629-Knit-Medium Rayon/Spandex Jersey-Lime 77-1.8-260","302960","Lime","Lime Green","Green","Jersey","Medium Interlock Jersey",426.5,217.5,184909,0,"0.0","0.2","0.2","","Idle — no usage"
"YAJUN-HS8912-Knit-Light Rayon Jersey-Burgundy 145-1.75-260","302873","Burgundy","Burgundy","Red","Jersey","Medium Interlock Jersey",351.6,161.7,142314,0,"0.0","0.2","0.2","","Idle — no usage"
"YAJUN-HS8912-Maroon 133-1.75-260","305394","Maroon","Maroon","Red","Jersey","Medium Interlock Jersey",110.7,50.9,0,0,"0.0","0.0","0.0","","Idle — no usage"
"Fashion Knitted Fabric -1629-Knit-Medium Rayon/Spandex Jersey-Taupe 58-1.8-260","302961","Taupe","Taupe","Brown","Jersey","Medium Interlock Jersey",411.4,193.4,176143,0,"0.0","0.2","0.2","","Idle — no usage"
"YAJUN-HS8912-Rust 140-1.75-260","305396","Rust","Rust","Orange","Jersey","Medium Interlock Jersey",120.9,55.6,0,0,"0.0","0.1","0.1","","Idle — no usage"
"Fashion Knitted Fabric -1629-Knit-Medium Rayon/Spandex Jersey-Teal 242-1.8-260","302959","Teal","Teal","Blue","Jersey","Medium Interlock Jersey",544,277.4,258019,0,"0.0","0.2","0.2","","Idle — no usage"
"RT KNITS INTERLOCK STRETCH 305 White","50018036","White","White","White","Jersey","Heavy Interlock Jersey",852.1,426.1,954397,0,"0.0","0.4","0.4","","Idle — no usage"
"REEYON -LY001-Knit-Rayon Stretch -Red 13-1.7-350","40009782","None","Red","Red","Jersey","Heavy Interlock Jersey",219,127,157574,0,"0.0","0.1","0.1","","Idle — no usage"
"Shunwang Textiles -3019-2-Knit-Heavy Rayon/Spandex Jersey-Maroon 132-1.8-300","302979","Maroon","Maroon","Red","Jersey","Heavy Interlock Jersey",780.5,327.8,300474,0,"0.0","0.3","0.3","","Idle — no usage"
"Shunwang Textiles -3019-2-Knit-Heavy Rayon/Spandex Jersey-Mulberry 96-1.8-300","302978","Mulberry","None","None","Jersey","Heavy Interlock Jersey",66.4,27.9,25554,0,"0.0","0.0","0.0","","Idle — no usage"
"Shunwang Textiles -3019-2-Knit-Heavy Rayon/Spandex Jersey-Dark Mustard 107-1.8-300","302973","Mustard","Dark Mustard","Yellow","Jersey","Heavy Interlock Jersey",407,171,156699,0,"0.0","0.2","0.2","","Idle — no usage"
"Shunwang Textiles -3019-2-Knit-Heavy Rayon/Spandex Jersey-Rust 57-1.8-300","302975","Rust","Rust","Orange","Jersey","Heavy Interlock Jersey",390.1,163.9,150191,0,"0.0","0.2","0.2","","Idle — no usage"
"Shunwang Textiles -3019-2-Knit-Heavy Rayon/Spandex Jersey-Olive 81-1.8-300","302977","Olive","Olive Green","Green","Jersey","Heavy Interlock Jersey",400,168,154004,0,"0.0","0.2","0.2","","Idle — no usage"
"Shunwang Textiles -3019-2-Knit-Heavy Rayon/Spandex Jersey-Teal 60-1.8-300","302976","Teal","Teal","Blue","Jersey","Heavy Interlock Jersey",380.9,160,146635,0,"0.0","0.2","0.2","","Idle — no usage"
"Shunwang Textiles -3019-2-Knit-Heavy Rayon/Spandex Jersey-Black 2-1.8-300","302971","Black","Black","Black","Jersey","Heavy Interlock Jersey",647.4,271.9,249237,0,"0.0","0.3","0.3","","Idle — no usage"
"MAZIWA T-shirt Fabric 141 Hunters","300256","Hunters","Hunters Green","Green","Jersey","Medium Single Jersey",94.6,21.8,8704,0,"0.0","0.0","0.0","","Idle — no usage"
"MAZIWA T-shirt Fabric 177 Grey","300262","Grey","Grey","Grey","Jersey","Medium Single Jersey",46.5,13.5,5392,0,"0.0","0.0","0.0","","Idle — no usage"
"MAZIWA T-shirt Fabric 170 Maroon","300250","Maroon","Maroon","Red","Jersey","Medium Single Jersey",31.6,8.9,7611,0,"0.0","0.0","0.0","","Idle — no usage"
"MAZIWA LIGHT RAYON JERSEY 200 GREY","40016835","Grey","Grey","Grey","Jersey","Medium Single Jersey",76.9,25.4,15488,0,"0.0","0.0","0.0","","Idle — no usage"
"MAZIWA LIGHT RAYON JERSEY 163 Black","40016292","Black","Black","Black","Jersey","Medium Single Jersey",23.1,6.2,3800,0,"0.0","0.0","0.0","","Idle — no usage"
"MAZIWA T-shirt Fabric 180 Black","300263","Black","Black","Black","Jersey","Medium Single Jersey",7.5,2.2,896,0,"0.0","0.0","0.0","","Idle — no usage"
"MAZIWA LIGHT JERSEY Black","40016287","Black","Black","Black","Jersey","Medium Single Jersey",43.9,14.1,11951,0,"0.0","0.0","0.0","","Idle — no usage"
"MAZIWA T-shirt Fabric 185 Green","300264","Green","Green","Green","Jersey","Medium Single Jersey",93.9,29.1,11640,0,"0.0","0.0","0.0","","Idle — no usage"
"YIJNTAI LIGHT RAYON JERSEY 170 Grey","40014758","Grey","Grey","Grey","Jersey","Medium Single Jersey",89.8,26.1,33605,0,"0.0","0.0","0.0","","Idle — no usage"
"Maziwa T-shirt Fabric 19082024","300648","None","None","None","Jersey","Medium Single Jersey",98.9,31.7,22479,0,"0.0","0.0","0.0","","Idle — no usage"
"REEYON-LY470A-Knit--White 2-1.73-230","304994","White","White","White","Jersey","Medium Single Jersey",319.6,83.1,100449,0,"0.0","0.1","0.1","","Idle — no usage"
"MAZIWA T-shirt Fabric 147 Light Taupe","300258","Taupe","Light Taupe","Brown","Jersey","Medium Single Jersey",26.3,6.3,2528,0,"0.0","0.0","0.0","","Idle — no usage"
"REEYON-LY470A-Knit--Beige 9-1.73-230","304984","Beige","Beige","Brown","Jersey","Medium Single Jersey",136.7,54.7,67749,0,"0.0","0.1","0.1","","Idle — no usage"
"MAZIWA T-shirt Fabric 154 Dark Green","300259","Green","Dark Green","Green","Jersey","Medium Single Jersey",104.8,26.2,10480,0,"0.0","0.0","0.0","","Idle — no usage"
"MAZIWA T-shirt Fabric 170 Neon Yellow","300260","Yellow","Yellow","Yellow","Jersey","Medium Single Jersey",113.6,31.8,24183,0,"0.0","0.0","0.0","","Idle — no usage"
"MAZIWA LIGHT JERSEY Orange","50018044","Orange","Orange","Orange","Jersey","Medium Single Jersey",80.2,25.7,21803,0,"0.0","0.0","0.0","","Idle — no usage"
"Suhan-SH603-Knit-Light Jersey-White-1.85-170","302323","White","White","White","Jersey","Medium Single Jersey",85,26.4,17391,0,"0.0","0.0","0.0","","Idle — no usage"
"YIJNTAI LIGHT RAYON JERSEY 170 Black","40014760","Black","Black","Black","Jersey","Medium Single Jersey",51.6,15.5,20730,0,"0.0","0.0","0.0","","Idle — no usage"
"MAZIWA T-shirt Fabric 145 Grey","300257","Grey","Grey","Grey","Jersey","Medium Single Jersey",69.3,16.6,6656,0,"0.0","0.0","0.0","","Idle — no usage"
"YIJNTAI LIGHT RAYON JERSEY 170 Red","40014759","Red","Red","Red","Jersey","Medium Single Jersey",87.3,25.3,32663,0,"0.0","0.0","0.0","","Idle — no usage"
"Ming hong-Milk silk wool-Knit-Light Jersey -Buttermilk -1.65-160","302292","Buttermilk","Buttermilk","Yellow","Jersey","Medium Single Jersey",81,34,22453,0,"0.0","0.0","0.0","","Idle — no usage"
"REEYON-LY470A-Knit--Dark Taupe 27-1.73-230","304991","Taupe","Dark Taupe","Brown","Jersey","Medium Single Jersey",136.9,54.8,63296,0,"0.0","0.1","0.1","","Idle — no usage"
"REEYON-LY470A-Knit--Off White 1-1.73-230","304992","White","Off White","White","Jersey","Medium Single Jersey",69.9,28,32318,0,"0.0","0.0","0.0","","Idle — no usage"
"MAZIWA Activewear 116 Navy","300240","Navy","Navy Blue","Blue","Jersey","Light Activewear Jersey",34.7,6.6,4356,0,"0.0","0.0","0.0","","Idle — no usage"
"MAZIWA Activewear 136 Black","300241","Black","Black","Black","Jersey","Light Activewear Jersey",47.5,10.5,6904,0,"0.0","0.0","0.0","","Idle — no usage"
"HENG MEI FANG ZHI LIGHT ACTIVEWEAR 230 White","40009735","White","White","White","Jersey","Heavy Activewear Jersey",125.5,47.7,51971,0,"0.0","0.1","0.1","","Idle — no usage"
"RT KNITS LIGHT ACTIVEWEAR 270 Black","40015972","Black","Black","Black","Jersey","Heavy Activewear Jersey",224.8,101.2,123427,0,"0.0","0.1","0.1","","Idle — no usage"
"RT KNITS HEAVY ACTIVEWEAR 310 Black","40004089","Black","Black","Black","Jersey","Heavy Activewear Jersey",909.6,463.9,533497,0,"0.0","0.4","0.4","","Idle — no usage"
"EASTIME HEAVY ACTIVEWEAR 310 Black","50018597","Black","Black","Black","Jersey","Heavy Activewear Jersey",52.4,26.7,50997,0,"0.0","0.0","0.0","","Idle — no usage"
"EASTIME LIGHT ACTIVEWEAR 280 Lime","40009852","Lime","Lime Green","Green","Jersey","Heavy Activewear Jersey",35.1,16.2,19542,0,"0.0","0.0","0.0","","Idle — no usage"
"HENG MEI FANG ZHI LIGHT ACTIVEWEAR 230 Red","40009737","Red","Red","Red","Jersey","Heavy Activewear Jersey",4.4,1.7,1444,0,"0.0","0.0","0.0","","Idle — no usage"
"HENG MEI FANG ZHI LIGHT ACTIVEWEAR 230 Buttermilk","40019565","Buttermilk","Buttermilk","Yellow","Jersey","Heavy Activewear Jersey",82.3,31.3,27196,0,"0.0","0.0","0.0","","Idle — no usage"
"HENG MEI FANG ZHI LIGHT ACTIVEWEAR 230 Green","40009742","Green","Green","Green","Jersey","Heavy Activewear Jersey",39.8,15.1,19051,0,"0.0","0.0","0.0","","Idle — no usage"
"EASTIME LIGHT ACTIVEWEAR 260 Pink","40009842","Pink","Pink","Pink","Jersey","Heavy Activewear Jersey",15.2,6.5,6595,0,"0.0","0.0","0.0","","Idle — no usage"
"HENG MEI FANG ZHI LIGHT ACTIVEWEAR 230 Black","40009734","Black","Black","Black","Jersey","Heavy Activewear Jersey",1029.7,391.3,426506,0,"0.0","0.4","0.4","","Idle — no usage"
"RT KNITS HEAVY ACTIVEWEAR 320 Black","40015969","Black","Black","Black","Jersey","Heavy Activewear Jersey",20.6,10.9,12547,0,"0.0","0.0","0.0","","Idle — no usage"
"EASTIME LIGHT ACTIVEWEAR 280 Yellow","40009851","Yellow","Yellow","Yellow","Jersey","Heavy Activewear Jersey",106.4,48.9,61175,0,"0.0","0.0","0.0","","Idle — no usage"
"EASTIME LIGHT ACTIVEWEAR 280 Fuschia","40009856","Fuschia","None","None","Jersey","Heavy Activewear Jersey",11.5,5.3,6413,0,"0.0","0.0","0.0","","Idle — no usage"
"HENG MEI FANG ZHI LIGHT ACTIVEWEAR 230 Taupe","40009741","Taupe","Taupe","Brown","Jersey","Heavy Activewear Jersey",511.9,194.5,212027,0,"0.0","0.2","0.2","","Idle — no usage"
"EASTIME LIGHT ACTIVEWEAR 220 Pink","40009847","Pink","Pink","Pink","Jersey","Heavy Activewear Jersey",16.8,6,6100,0,"0.0","0.0","0.0","","Idle — no usage"
"EASTIME LIGHT ACTIVEWEAR 260 Blue","40009844","Blue","Blue","Blue","Jersey","Heavy Activewear Jersey",21.1,9.1,9181,0,"0.0","0.0","0.0","","Idle — no usage"
"HENG MEI FANG ZHI LIGHT ACTIVEWEAR 230 Navy","40009740","Navy","Navy Blue","Blue","Jersey","Heavy Activewear Jersey",163.7,62.2,67820,0,"0.0","0.1","0.1","","Idle — no usage"
"EASTIME LIGHT ACTIVEWEAR 280 Lilac","40019559","Lilac","Lilac","Purple","Jersey","Heavy Activewear Jersey",50.5,23.2,29050,0,"0.0","0.0","0.0","","Idle — no usage"
"HENG MEI FANG ZHI LIGHT ACTIVEWEAR 230 Yellow","40009736","Yellow","Yellow","Yellow","Jersey","Heavy Activewear Jersey",34.7,13.2,11458,0,"0.0","0.0","0.0","","Idle — no usage"
"EASTIME HEAVY ACTIVEWEAR 310 White","50018598","White","White","White","Jersey","Heavy Activewear Jersey",51.5,26.3,50157,0,"0.0","0.0","0.0","","Idle — no usage"
"DS LIGHT RAYON JERSEY 210 Print","40016449","None","None","None","Jersey","Heavy Single Jersey",19.4,6.2,4526,0,"0.0","0.0","0.0","","Idle — no usage"
"XJHF HEAVY RAYON JERSEY 290 Black","40016582","Black","Black","Black","Jersey","Heavy Single Jersey",49.5,24.7,24740,0,"0.0","0.0","0.0","","Idle — no usage"
"Reeyon-LY004-Knit-Medium Rayon/Spandex Jersey-Dark Green 9-1.7-280","302947","Green","Dark Green","Green","Jersey","Heavy Single Jersey",215,103.2,120721,0,"0.0","0.1","0.1","","Idle — no usage"
"Shunwang Textiles-367#-Knit-Light Rayon/Spandex Jersey-Dark Rust 30-1.75-230","304962","Rust","Dark Rust","Orange","Jersey","Heavy Single Jersey",39.2,15.7,16650,0,"0.0","0.0","0.0","","Idle — no usage"
"Shunwang Textiles-367#-Knit-Light Rayon/Spandex Jersey-Green 100-1.75-230","302993","Green","Green","Green","Jersey","Heavy Single Jersey",65.8,26.3,30508,0,"0.0","0.0","0.0","","Idle — no usage"
"Shunwang Textiles-367#-Knit-Light Rayon/Spandex Jersey-Off white 3-1.75-230","304963","White","Off White","White","Jersey","Heavy Single Jersey",17.9,7.1,7582,0,"0.0","0.0","0.0","","Idle — no usage"
"Shunwang Textiles-367#-Knit-Light Rayon/Spandex Jersey-Orange 40-1.75-230","302985","Orange","Orange","Orange","Jersey","Heavy Single Jersey",396.7,158.7,168499,0,"0.0","0.2","0.2","","Idle — no usage"
"YIJNTAI LIGHT RAYON JERSEY 210 Red","40014762","Red","Red","Red","Jersey","Heavy Single Jersey",73.2,26.4,24515,0,"0.0","0.0","0.0","","Idle — no usage"
"Reeyon-LY004-Knit-Medium Rayon/Spandex Jersey-Red 13-1.7-280","302948","Red","Red","Red","Jersey","Heavy Single Jersey",27.5,13.2,15534,0,"0.0","0.0","0.0","","Idle — no usage"
"Shunwang Textiles-367#-Knit-Light Rayon/Spandex Jersey-Dark Purple 93-1.75-230","302991","Purple","Dark Purple","Purple","Jersey","Heavy Single Jersey",262.3,104.9,111391,0,"0.0","0.1","0.1","","Idle — no usage"
"Shunwang Textiles-367#-Knit-Light Rayon/Spandex Jersey-Navy 95-1.75-230","302992","Navy","Navy Blue","Blue","Jersey","Heavy Single Jersey",259.3,103.7,110138,0,"0.0","0.1","0.1","","Idle — no usage"
"Reeyon-LY004-Knit-Medium Rayon/Spandex Jersey-Dark Brown 2-1.7-280","302945","Brown","Dark Brown","Brown","Jersey","Heavy Single Jersey",27,13,15228,0,"0.0","0.0","0.0","","Idle — no usage"
"YIJNTAI LIGHT RAYON JERSEY 210 Dark Purple","40014763","Purple","Dark Purple","Purple","Jersey","Heavy Single Jersey",81.6,24.5,22757,0,"0.0","0.0","0.0","","Idle — no usage"
"MAZIWA LIGHT JERSEY NAVY","50018040","Navy","Navy Blue","Blue","Jersey","Heavy Single Jersey",113,36.2,30736,0,"0.0","0.0","0.0","","Idle — no usage"
"Shunwang Textiles-3019#-Knit-Light Rayon/Spandex Jersey-Off white 3-1.75-230","304965","White","Off White","White","Jersey","Heavy Single Jersey",426.8,170.7,156479,0,"0.0","0.2","0.2","","Idle — no usage"
"Shunwang Textiles-367#-Knit-Light Rayon/Spandex Jersey-Mustard 22-1.75-230","302982","Mustard","Mustard","Yellow","Jersey","Heavy Single Jersey",629.9,252,263782,0,"0.0","0.3","0.3","","Idle — no usage"
"Shunwang Textiles-367#-Knit-Light Rayon/Spandex Jersey-Chocolate 50-1.75-230","302986","Chocolate","Chocolate Brown","Brown","Jersey","Heavy Single Jersey",503.9,201.6,212117,0,"0.0","0.2","0.2","","Idle — no usage"
"YIJNTAI LIGHT RAYON JERSEY 210 Grey","40014764","Grey","Grey","Grey","Jersey","Heavy Single Jersey",70.2,25.3,23510,0,"0.0","0.0","0.0","","Idle — no usage"
"RT KNITS JERSEY STRETCH LINING 175 -PRT-2093570641 MOD 13","300602","None","None","None","Jersey","Medium Jersey",5.8,1.7,3730,0,"0.0","0.0","0.0","","Idle — no usage"
"BANGKOK ITY 230 White","40016279","White","White","White","Jersey","Heavy ITY Jersey",21.9,7.7,8064,0,"0.0","0.0","0.0","","Idle — no usage"
"RT KNITS JERSEY STRETCH - ACTIVEWEAR SOFT STRETCH 180 GSM","60023984","None","None","None","Jersey","Medium Activewear Jersey",73.9,22.2,37706,0,"0.0","0.0","0.0","","Idle — no usage"
"Egypt Textured Dazzel 100% Polyester 180 gsm","60028188","None","None","None","Jersey","Medium Activewear Jersey",106.6,28.8,22448,0,"0.0","0.0","0.0","","Idle — no usage"
"RT KNITS JERSEY STRETCH - ACTIVEWEAR SOFT STRETCH 180 GSM","300306","None","None","None","Jersey","Medium Activewear Jersey",485.6,145.7,222875,0,"0.0","0.2","0.2","","Idle — no usage"
"RT KNITS JERSEY STRETCH - ACTIVEWEAR SOFT STRETCH 180 GSM","60023977","None","None","None","Jersey","Medium Activewear Jersey",562.7,168.8,286977,0,"0.0","0.2","0.2","","Idle — no usage"
"RT KNITS JERSEY STRETCH - ACTIVEWEAR SOFT STRETCH 180 GSM","60023983","None","None","None","Jersey","Medium Activewear Jersey",16,4.8,8177,0,"0.0","0.0","0.0","","Idle — no usage"
"RT KNITS JERSEY STRETCH - ACTIVEWEAR SOFT STRETCH 180 GSM","60023981","None","None","None","Jersey","Medium Activewear Jersey",8.3,2.5,3825,0,"0.0","0.0","0.0","","Idle — no usage"
"MAZIWA Activewear 155 Taupe","300242","Taupe","Taupe","Brown","Jersey","Medium Activewear Jersey",27.5,7.2,4726,0,"0.0","0.0","0.0","","Idle — no usage"
"Bangkok ITY 1/5/2023 Plain","60018546","None","None","None","Jersey","Medium ITY Jersey",122.6,39.2,40025,0,"0.0","0.1","0.1","","Idle — no usage"
"RAINBOW ITY 180 Black","40009729","Black","Black","Black","Jersey","Medium ITY Jersey",144.5,39,39010,0,"0.0","0.1","0.1","","Idle — no usage"
"BANGKOK ITY 150 Pink","40016566","Pink","Pink","Pink","Jersey","Light ITY Jersey",86.8,20,20958,0,"0.0","0.0","0.0","","Idle — no usage"
"PU SHY-2255-Black 13-1.6-280","305281","Black","Black","Black","Jersey","Medium Rib Jersey",86.3,38.8,0,0,"0.0","0.0","0.0","","Idle — no usage"
"PU SHY-2255-Light Green 7-1.6-280","305282","Green","Light Green","Green","Jersey","Medium Rib Jersey",74.4,33.5,0,0,"0.0","0.0","0.0","","Idle — no usage"
"PU SHY-2255-Beige 4-1.6-280","305280","Beige","Beige","Brown","Jersey","Medium Rib Jersey",78.7,35.4,0,0,"0.0","0.0","0.0","","Idle — no usage"
"PU SHY-2255-White 1-1.6-280","305283","White","White","White","Jersey","Medium Rib Jersey",70.5,31.7,0,0,"0.0","0.0","0.0","","Idle — no usage"
"MAZIWA JERSEY RIB 457 HUNTERS","304776","Hunters","Hunters Green","Green","Jersey","Heavy Rib Jersey",39.7,21,11425,0,"0.0","0.0","0.0","","Idle — no usage"
"Maziwa Jersey Rib Fabric 19082024","300646","None","None","None","Jersey","Heavy Rib Jersey",105.8,33.8,22334,0,"0.0","0.0","0.0","","Idle — no usage"
"MAZIWA T-shirt Fabric 135 Sky Blue","300255","Blue","Blue","Blue","Jersey","Light Single Jersey",53.7,11.8,4724,0,"0.0","0.0","0.0","","Idle — no usage"
"Runfeng-8004YD-Knit-Heavy Ponte-Rust 66-1.55-420","304978","Rust","Rust","Orange","Ponte","Heavy Ponte",374.9,243.7,305528,0,"0.0","0.2","0.2","","Idle — no usage"
"Runfeng-8003YD-Knit-Light Ponte-Light Olive 17-1.55-320","304968","Olive","Olive Green","Green","Ponte","Heavy Ponte",510.7,255.3,335008,0,"0.0","0.2","0.2","","Idle — no usage"
"Yaocheng----Red 4-1.6-300","304612","Red","Red","Red","Ponte","Heavy Ponte",197,94.5,117230,0,"0.0","0.1","0.1","","Idle — no usage"
"Runfeng-8004YD-Knit-Heavy Ponte-Olive Green 69-1.55-420","304974","Green","Olive Green","Green","Ponte","Heavy Ponte",407.2,264.7,331885,0,"0.0","0.2","0.2","","Idle — no usage"
"RUNFENG -8004-Knit-Heavy Ponte -Burgundy 74-1.55-420","302645","None","Burgundy","Red","Ponte","Heavy Ponte",910.2,236.7,279259,0,"0.0","0.4","0.4","","Idle — no usage"
"Runfeng-8003YD-Knit-Light Ponte-Dark Red 34-1.55-320","304970","Red","Dark Red","Red","Ponte","Heavy Ponte",512,256,335848,0,"0.0","0.2","0.2","","Idle — no usage"
"RUNFENG -8004-Knit-Heavy Ponte -Dark Navy 45-1.55-420","302647","None","Navy Blue","Blue","Ponte","Heavy Ponte",286.2,186,212063,0,"0.0","0.1","0.1","","Idle — no usage"
"Runfeng-8004YD-Knit-Heavy Ponte-Dark Green 34-1.55-420","304972","Green","Dark Green","Green","Ponte","Heavy Ponte",393.5,255.8,320700,0,"0.0","0.2","0.2","","Idle — no usage"
"Runfeng-8004YD-Knit-Heavy Ponte-Navy 42-1.55-420","304975","Navy","Navy Blue","Blue","Ponte","Heavy Ponte",399.8,259.9,325841,0,"0.0","0.2","0.2","","Idle — no usage"
"Runfeng-8003-Knit-Medium Ponte-Navy 45-1.55-320","300144","Navy","Navy Blue","Blue","Ponte","Heavy Ponte",326.7,156.8,221116,0,"0.0","0.1","0.1","","Idle — no usage"
"Runfeng-8003-Knit-Medium Ponte-Burgundy 87-1.55-320","50018668","Burgundy","Burgundy","Red","Ponte","Heavy Ponte",76.2,28.9,40805,0,"0.0","0.0","0.0","","Idle — no usage"
"Yaocheng----Purple 19-1.6-300","304611","Purple","Purple","Purple","Ponte","Heavy Ponte",202.5,97.2,120503,0,"0.0","0.1","0.1","","Idle — no usage"
"Runfeng-8003-Knit-Medium Ponte-Navy 47-1.55-320","304957","Navy","Navy Blue","Blue","Ponte","Heavy Ponte",354.3,177.2,232435,0,"0.0","0.2","0.2","","Idle — no usage"
"YAO CHENG-1326-Navy Blue ?-1.6-400","303783","Blue","Navy Blue","Blue","Ponte","Heavy Ponte",96.8,62,0,0,"0.0","0.0","0.0","","Idle — no usage"
"RUNFENG -8004-Knit-Heavy Ponte -Dark Teal-1.55-420","300145","Dark Teal","Dark Teal","Blue","Ponte","Heavy Ponte",146.3,92.2,108749,0,"0.0","0.1","0.1","","Idle — no usage"
"Runfeng-8004YD-Knit-Heavy Ponte-Dark Taupe 52-1.55-420","304976","Taupe","Dark Taupe","Brown","Ponte","Heavy Ponte",395.7,257.2,322531,0,"0.0","0.2","0.2","","Idle — no usage"
"Yaocheng----Lilac 16-1.6-300","304607","None","Lilac","Purple","Ponte","Heavy Ponte",191.9,92.1,114204,0,"0.0","0.1","0.1","","Idle — no usage"
"Runfeng-8003YD-Knit-Light Ponte-Red 41-1.55-320","304969","Red","Red","Red","Ponte","Heavy Ponte",506,253,331964,0,"0.0","0.2","0.2","","Idle — no usage"
"Runfeng-8004YD-Knit-Heavy Ponte-Off white 3-1.55-420","304977","White","Off White","White","Ponte","Heavy Ponte",347.3,225.7,283032,0,"0.0","0.1","0.1","","Idle — no usage"
"RUNFENG -8004-Knit-Heavy Ponte -Navy 41-1.55-420","50004412","None","Navy Blue","Blue","Ponte","Heavy Ponte",253.6,96.4,109873,0,"0.0","0.1","0.1","","Idle — no usage"
"Runfeng-8004YD-Knit-Heavy Ponte-Dark Brown 73-1.55-420","304971","Brown","Dark Brown","Brown","Ponte","Heavy Ponte",357.6,232.5,291484,0,"0.0","0.2","0.2","","Idle — no usage"
"Yaocheng----Yellow 21-1.6-300","304613","Yellow","Yellow","Yellow","Ponte","Heavy Ponte",193.1,92.7,114923,0,"0.0","0.1","0.1","","Idle — no usage"
"RUNFENG-8003-KNIT-LIGHT PONTE-Rust 80-1.55-320","304958","Rust","Rust","Orange","Ponte","Heavy Ponte",297.6,148.8,195201,0,"0.0","0.1","0.1","","Idle — no usage"
"Runfeng-8004YD-Knit-Heavy Ponte-Burgundy 74-1.55-420","304973","Burgundy","Burgundy","Red","Ponte","Heavy Ponte",360,234,293415,0,"0.0","0.2","0.2","","Idle — no usage"
"RUNFENG -8004-Knit-Heavy Ponte -Grey-1.55-420","50018710","Grey","Grey","Grey","Ponte","Heavy Ponte",658.7,250.3,313854,0,"0.0","0.3","0.3","","Idle — no usage"
"RUNFENG -8004-Knit-Heavy Ponte -Red-1.55-420","40017979","Red","Red","Red","Ponte","Heavy Ponte",672.3,255.5,320349,0,"0.0","0.3","0.3","","Idle — no usage"
"YAT TAJ HONG -CA10091-Knit-Light Ponte-WHITE-1.6-345","302641","White","White","White","Ponte","Heavy Ponte",60.4,33.2,31503,0,"0.0","0.0","0.0","","Idle — no usage"
"RUNFENG -8004-Knit-Heavy Ponte -Maroon 61-1.55-420","303056","None","Maroon","Red","Ponte","Heavy Ponte",250.9,95.3,108688,0,"0.0","0.1","0.1","","Idle — no usage"
"YAO CHENG-15563-Black ?-1.6-340","305319","Black","Black","Black","Ponte","Medium Ponte",57.4,31,0,0,"0.0","0.0","0.0","","Idle — no usage"
"Gao Shang-6034-Denim Black 49-1.6-300","305188","Black","Black","Black","Ponte","Medium Ponte",132,63.3,59824,0,"0.0","0.1","0.1","","Idle — no usage"
"Gao Shang-6886---Fuschia 76-1.6-220","304443","Fuschia","None","None","Ponte","Medium Ponte",184,64.4,68908,0,"0.0","0.1","0.1","","Idle — no usage"
"Gao Shang-6115---Lime Green 5-1.6-300","304438","Green","Lime Green","Green","Ponte","Medium Ponte",123.8,59.4,55261,0,"0.0","0.1","0.1","","Idle — no usage"
"Rao Cheng-19099 / 22001---Red 2-0-","303788","Red","Red","Red","Ponte","Medium Ponte",321.6,151.1,142072,0,"0.0","0.1","0.1","","Idle — no usage"
"Gao Shang-6034---Navy 14-1.6-300","303759","Navy","Navy Blue","Blue","Ponte","Medium Ponte",69.8,33.5,34505,0,"0.0","0.0","0.0","","Idle — no usage"
"Gao Shang-6886---Orange 59-1.6-220","304444","Orange","Orange","Orange","Ponte","Medium Ponte",180.3,63.1,67517,0,"0.0","0.1","0.1","","Idle — no usage"
"Gao Shang-6886---Magenta 62-1.6-220","304447","Magenta","Magenta","Pink","Ponte","Medium Ponte",172.1,60.2,64457,0,"0.0","0.1","0.1","","Idle — no usage"
"YAO CHENG-15563-Navy Blue ?-1.6-390","305320","Blue","Navy Blue","Blue","Ponte","Medium Ponte",49.9,31,0,0,"0.0","0.0","0.0","","Idle — no usage"
"Gao Shang-6886---Yellow 19-1.6-220","304450","Yellow","Yellow","Yellow","Ponte","Medium Ponte",89.1,31.2,33363,0,"0.0","0.0","0.0","","Idle — no usage"
"Gao Shang-6115---Purple 8-1.6-300","303750","Purple","Purple","Purple","Ponte","Medium Ponte",130.5,62.6,49486,0,"0.0","0.1","0.1","","Idle — no usage"
"RT KNITS LIGHT PONTE 220 Mustard","40014326","Mustard","Mustard","Yellow","Ponte","Medium Ponte",26.4,9.5,12825,0,"0.0","0.0","0.0","","Idle — no usage"
"Gao Shang-6034---Sea Green 110-1.6-300","303764","Green","Sea Green","Green","Ponte","Medium Ponte",38.8,18.6,16944,0,"0.0","0.0","0.0","","Idle — no usage"
"Gao Shang-6034---Pink 11-1.6-300","304433","Pink","Pink","Pink","Ponte","Medium Ponte",200.5,96.3,99148,0,"0.0","0.1","0.1","","Idle — no usage"
"Gao Shang-6115---Lilac 4-1.6-300","304440","None","Lilac","Purple","Ponte","Medium Ponte",65,31.2,29035,0,"0.0","0.0","0.0","","Idle — no usage"
"Gao Shang-6886---Teal 55-1.6-220","304445","Teal","Teal","Blue","Ponte","Medium Ponte",178.1,62.3,66682,0,"0.0","0.1","0.1","","Idle — no usage"
"Rao Cheng-19099 / 22001---Black 14-0-","303790","Black","Black","Black","Ponte","Medium Ponte",256.1,125.5,117970,0,"0.0","0.1","0.1","","Idle — no usage"
"Runfeng-8224-Knit-Light Ponte-Red 8-1.55-220","50018720","Red","Red","Red","Ponte","Medium Ponte",2.8,1.6,2526,0,"0.0","0.0","0.0","","Idle — no usage"
"CHINA LIGHT PONTE 310 Black","40016634","Black","Black","Black","Ponte","Medium Ponte",6.6,3.1,3234,0,"0.0","0.0","0.0","","Idle — no usage"
"Rao Cheng-19099 / 22001---Mustard 3-0-","303789","Mustard","Mustard","Yellow","Ponte","Medium Ponte",290.8,133.8,125753,0,"0.0","0.1","0.1","","Idle — no usage"
"Gao Shang-6034---Black 5-1.6-300","303758","Black","Black","Black","Ponte","Medium Ponte",133.4,64,60466,0,"0.0","0.1","0.1","","Idle — no usage"
"Gao Shang-6886---Navy 47-1.6-220","304448","Navy","Navy Blue","Blue","Ponte","Medium Ponte",187.5,65.6,70213,0,"0.0","0.1","0.1","","Idle — no usage"
"Gao Shang-6115---Red 11-1.6-300","304442","Red","Red","Red","Ponte","Medium Ponte",134.6,64.6,60097,0,"0.0","0.1","0.1","","Idle — no usage"
"Rao Cheng-19099 / 22001---Navy 16-0-","303791","Navy","Navy Blue","Blue","Ponte","Medium Ponte",243.9,117.1,110055,0,"0.0","0.1","0.1","","Idle — no usage"
"Gao Shang-6034---Fuschia 30-1.6-300","304435","Fuschia","None","None","Ponte","Medium Ponte",64.3,30.9,31806,0,"0.0","0.0","0.0","","Idle — no usage"
"Gao Shang-6034---Pink 30-1.6-300","303762","Pink","Pink","Pink","Ponte","Medium Ponte",65.5,31.4,28592,0,"0.0","0.0","0.0","","Idle — no usage"
"Gao Shang-6034---Orange 29-1.6-300","304437","Orange","Orange","Orange","Ponte","Medium Ponte",200.1,96.1,98942,0,"0.0","0.1","0.1","","Idle — no usage"
"Rao Cheng-50s ??---Orange 25-1.6-300","303800","Orange","Orange","Orange","Ponte","Medium Ponte",125.3,60.2,55347,0,"0.0","0.1","0.1","","Idle — no usage"
"Gao Shang-6115---Mulberry 8-1.6-300","304439","Mulberry","None","None","Ponte","Medium Ponte",64.8,31.1,28904,0,"0.0","0.0","0.0","","Idle — no usage"
"Gao Shang-6886---Black 1-1.6-220","304451","Black","Black","Black","Ponte","Medium Ponte",259.5,90.8,97177,0,"0.0","0.1","0.1","","Idle — no usage"
"Gao Shang-6115-Knit-Scuba-Black 1-1.6-300","303749","Black","Black","Black","Ponte","Medium Ponte",125.3,60.1,52794,0,"0.0","0.1","0.1","","Idle — no usage"
"Gao Shang-6886---Red 7-1.6-220","304449","Red","Red","Red","Ponte","Medium Ponte",187,65.5,70042,0,"0.0","0.1","0.1","","Idle — no usage"
"Gao Shang-6034---Orange 93-1.6-300","303765","Orange","Orange","Orange","Ponte","Medium Ponte",132.7,63.7,57949,0,"0.0","0.1","0.1","","Idle — no usage"
"Gao Shang-6034---Yellow 10-1.6-300","304434","Yellow","Yellow","Yellow","Ponte","Medium Ponte",201.1,96.5,99416,0,"0.0","0.1","0.1","","Idle — no usage"
"CHINA LIGHT PONTE 180 Black","40016591","Black","Black","Black","Ponte","Light Ponte",110.1,29.7,31227,0,"0.0","0.0","0.0","","Idle — no usage"
"Gaoheng textile-H1010---Black 9-1.8-270","304579","Black","Black","Black","Rib","Heavy Polyester Rib",301.7,147.8,85128,0,"0.0","0.1","0.1","","Idle — no usage"
"GAO HENG TEXTILES-H1010-Red 11-1.85-260","305223","Red","Red","Red","Rib","Heavy Polyester Rib",252.7,121.3,69844,0,"0.0","0.1","0.1","","Idle — no usage"
"GAO HENG TEXTILES-H1010-Dark Taupe 10-1.85-260","305221","Taupe","Dark Taupe","Brown","Rib","Heavy Polyester Rib",182.4,87.5,50413,0,"0.0","0.1","0.1","","Idle — no usage"
"Gaoheng textile-Nuan baobao---Offwhite 2-1.65-280","304590","Offwhite","None","None","Rib","Heavy Polyester Rib",51.5,23.7,13024,0,"0.0","0.0","0.0","","Idle — no usage"
"Gaoheng textile-F1027-Knit-Rib-Black 10-1.65-320","304593","Black","Black","Black","Rib","Heavy Polyester Rib",114.5,60.7,32884,0,"0.0","0.0","0.0","","Idle — no usage"
"GAO HENG TEXTILES-H1010-Off White 2-1.85-260","305222","White","Off White","White","Rib","Heavy Polyester Rib",294.7,141.4,81454,0,"0.0","0.1","0.1","","Idle — no usage"
"GAO HENG TEXTILES-H1010-Dark Brown 12-1.85-260","305220","Brown","Dark Brown","Brown","Rib","Heavy Polyester Rib",315.9,151.6,87328,0,"0.0","0.1","0.1","","Idle — no usage"
"RT KNITS LIGHT JERSEY RIB 290 Black","40007147","Black","Black","Black","Rib","Heavy Jersey Rib",5.8,2.8,3197,0,"0.0","0.0","0.0","","Idle — no usage"
"Shunwang Textiles-3020#---Off White 3-1.5-300","304996","White","Off White","White","Rib","Heavy Jersey Rib",580.1,261.1,235389,0,"0.0","0.2","0.2","","Idle — no usage"
"RT KNITS LIGHT JERSEY RIB 290 Black","40012034","Black","Black","Black","Rib","Heavy Jersey Rib",18,8.6,9936,0,"0.0","0.0","0.0","","Idle — no usage"
"HENG MEI TEXTILE A5107 Grey","301118","Grey","Grey","Grey","Rib","Heavy Rib",63.9,17.2,25688,0,"0.0","0.0","0.0","","Idle — no usage"
"TNF----Offwhite 2-1.8-350","304598","Offwhite","None","None","Rib","Heavy Rib",95.7,60.3,72939,0,"0.0","0.0","0.0","","Idle — no usage"
"TNF----Olive 9-1.8-350","304599","Olive","Olive Green","Green","Rib","Heavy Rib",8.5,5.4,6486,0,"0.0","0.0","0.0","","Idle — no usage"
"Fangqi-Microfiber high elastic-Woven-Heavy Polyester Rib-Burnt Orange-1.5-230","302279","Orange","Burnt Orange","Orange","Rib","Medium Rib",222.6,73.5,58041,0,"0.0","0.1","0.1","","Idle — no usage"
"Fangqi-2255-Woven-Heavy Polyester Rib-Brown-1.5-210","302284","Brown","Brown","Brown","Rib","Medium Rib",143.9,47.5,39425,0,"0.0","0.1","0.1","","Idle — no usage"
"Fangqi-Microfiber high elastic-Woven-Heavy Polyester Rib-Dark Olive-1.5-230","302278","Olive","Olive Green","Green","Rib","Medium Rib",237,78.2,61778,0,"0.0","0.1","0.1","","Idle — no usage"
"Fangqi-2255-Woven-Heavy Polyester Rib-Black-1.5-210","302283","Black","Black","Black","Rib","Medium Rib",248.9,82.2,68185,0,"0.0","0.1","0.1","","Idle — no usage"
"Fangqi-Microfiber high marble female bar-Woven-Heavy Polyester Rib-Black-1.5-230","302281","Black","Black","Black","Rib","Medium Rib",258,85.2,59605,0,"0.0","0.1","0.1","","Idle — no usage"
"Fangqi-Microfiber high marble female bar-Woven-Heavy Polyester Rib-Navy-1.5-230","302280","Navy","Navy Blue","Blue","Rib","Medium Rib",68.6,22.7,15855,0,"0.0","0.0","0.0","","Idle — no usage"
"Fangqi-Microfiber high elastic-Woven-Heavy Polyester Rib-Black-1.5-230","302277","Black","Black","Black","Rib","Medium Rib",238.3,78.7,62134,0,"0.0","0.1","0.1","","Idle — no usage"
"Fangqi-2255-Woven-Heavy Polyester Rib-Navy-1.5-210","302282","Navy","Navy Blue","Blue","Rib","Medium Rib",240,79.2,65736,0,"0.0","0.1","0.1","","Idle — no usage"
"Suhan-SH650-Knit-Light Polyester/Spandex-Black-1.65-230","302317","Black","Black","Black","Rib","Heavy rib",62.8,23.9,16218,0,"0.0","0.0","0.0","","Idle — no usage"
"Bangkok CVC 2*2 1/5/2023","60018527","None","None","None","Rib","Medium CVC Rib",26.9,8.9,7104,0,"0.0","0.0","0.0","","Idle — no usage"
"HENG MEI TEXTILE Black","301116","Black","Black","Black","Rib","Heavy Stretch-Polyester Rib",30.1,8.1,10556,0,"0.0","0.0","0.0","","Idle — no usage"
"Egypt 95% polyester 5% Spandex rib 2*2 250 gsm","60028190","None","None","None","Rib","Heavy Stretch-Polyester Rib",45,17.1,16065,0,"0.0","0.0","0.0","","Idle — no usage"
"Alsawae Stretch Linen 1.47-180 Cream","305444","Cream","Cream","White","Polyester","Medium Slub Stretch-Polyester",463.1,120.4,144480,0,"0.0","0.2","0.2","","Idle — no usage"
"Al Sawae - Plain Linen - White","304949","White","White","White","Polyester","Medium Slub Stretch-Polyester",734.6,205.7,0,0,"0.0","0.3","0.3","","Idle — no usage"
"Alsawae- Plain Linen- Dark Peach","304116","Peach","Peach","Orange","Polyester","Medium Slub Stretch-Polyester",27.9,7.5,0,0,"0.0","0.0","0.0","","Idle — no usage"
"Alsawae-- Plain Linen--Taupe","305213","Taupe","Taupe","Brown","Polyester","Medium Slub Stretch-Polyester",10.9,3.2,3824,0,"0.0","0.0","0.0","","Idle — no usage"
"Alsawae--Plain Linen--Light Mustard","305212","Mustard","Light Mustard","Yellow","Polyester","Medium Slub Stretch-Polyester",523.2,141.3,0,0,"0.0","0.2","0.2","","Idle — no usage"
"Alsawae- Plain Stretch Linen- Mint Green","304118","Green","Green","Green","Polyester","Medium Slub Stretch-Polyester",680.2,170.1,204072,0,"0.0","0.3","0.3","","Idle — no usage"
"Alsawae Stretch Linen 1.47-180 Mint Green","305447","Green","Green","Green","Polyester","Medium Slub Stretch-Polyester",342.3,89,106800,0,"0.0","0.1","0.1","","Idle — no usage"
"Alsawae-Plain Linen- Beige","304109","Beige","Beige","Brown","Polyester","Medium Slub Stretch-Polyester",229.7,64.3,0,0,"0.0","0.1","0.1","","Idle — no usage"
"Gaoheng textile-H717-Knit-Polyester Stretch-Buttermilk-1.65-280","301910","Buttermilk","Buttermilk","Yellow","Polyester","Medium Jacquard Polyester",9,4.1,3229,0,"0.0","0.0","0.0","","Idle — no usage"
"Gaoheng textile-H717-Knit-Polyester Stretch-Black-1.65-280","301915","Black","Black","Black","Polyester","Medium Jacquard Polyester",12.6,5.8,4508,0,"0.0","0.0","0.0","","Idle — no usage"
"YAT TAI HONG-CA13794---Black 23-1.5-145","305030","Black","Black","Black","Polyester","Light Polyester Waffle",159.3,35,74994,0,"0.0","0.1","0.1","","Idle — no usage"
"YAT TAI HONG-CA13794---White 1-1.5-145","305031","White","White","White","Polyester","Light Polyester Waffle",154.6,34,72811,0,"0.0","0.1","0.1","","Idle — no usage"
"YAT TAI HONG-CA13794---Beige 3-1.5-145","305029","Beige","Beige","Brown","Polyester","Light Polyester Waffle",148.4,32.6,69858,0,"0.0","0.1","0.1","","Idle — no usage"
"Wan He Xin-kata tiao---Dark Green 15-1.52-170","304603","Green","Dark Green","Green","Polyester","Medium Pleated Polyester",286.8,74.6,103638,0,"0.0","0.1","0.1","","Idle — no usage"
"Wan He Xin----black-1.52-170","304605","Black","Black","Black","Polyester","Medium Pleated Polyester",411.1,106.9,136806,0,"0.0","0.2","0.2","","Idle — no usage"
"Wan He Xin----Coffee brown 16-1.52-170","304604","Brown","Brown","Brown","Polyester","Medium Pleated Polyester",284.5,74,94694,0,"0.0","0.1","0.1","","Idle — no usage"
"Gaoheng textile-Paopao zhou H1030-Knit-Polyester Stretch-Dark Olive 24-1.3-230","303480","Olive","Olive Green","Green","Polyester","Medium Stretch Polyester",105.3,31.6,18948,0,"0.0","0.0","0.0","","Idle — no usage"
"Gaoheng textile-Paopao zhou H1030-Knit-Polyester Stretch-Lime 5-1.3-230","303478","Lime","Lime Green","Green","Polyester","Medium Stretch Polyester",75.3,22.6,13548,0,"0.0","0.0","0.0","","Idle — no usage"
"Gaoheng textile-Paopao zhou H1030-Knit-Polyester Stretch-Lime Green-1.3-230","301933","Green","Lime Green","Green","Polyester","Medium Stretch Polyester",100.5,30.2,23525,0,"0.0","0.0","0.0","","Idle — no usage"
"YI AI CLOTH TRADE 10148# WHITE","301125","White","White","White","Polyester","Medium Polyester",70.7,26.2,35054,0,"0.0","0.0","0.0","","Idle — no usage"
"ART OF COLOUR PLAIN POLYESTER (STRETCH) 190 White","50018586","White","White","White","Polyester","Medium Polyester",40.8,11.8,27777,0,"0.0","0.0","0.0","","Idle — no usage"
"BANGKOK VISCOSE LINING 270 White","40016653","White","White","White","Polyester","Heavy Polyester",84.7,34.7,29529,0,"0.0","0.0","0.0","","Idle — no usage"
"Yihao-37-2505-Woven-Polyester / Spandex-Black-1.5-","302381","Black","Black","Black","Polyester","Light Shirred Polyester",66.3,12.6,18270,0,"0.0","0.0","0.0","","Idle — no usage"
"YIMIN-75D soft sided bomb---2-1.5-","302633","None","None","None","Polyester","Light Polyester Pongee",167.9,20.2,27807,0,"0.0","0.1","0.1","","Idle — no usage"
"LI XING-LX6006---11-1.48-90","302636","None","None","None","Polyester","Light Polyester Pongee",173.8,22.6,33448,0,"0.0","0.1","0.1","","Idle — no usage"
"WAN HE XIN-868-Taupe 3-1.4-245","305303","Taupe","Taupe","Brown","Polyester","Heavy quilted polyester",109.7,37.3,0,0,"0.0","0.0","0.0","","Idle — no usage"
"WAN HE XIN-868-Black 4-1.4-245","305301","Black","Black","Black","Polyester","Heavy quilted polyester",102.1,34.7,0,0,"0.0","0.0","0.0","","Idle — no usage"
"CHINA FASHION GF11103 (STRETCH) 161 White","60000975","White","White","White","Polyester","Medium Stretch-polyester",44.7,10.7,24250,0,"0.0","0.0","0.0","","Idle — no usage"
"Midco Tetrex White","300061","White","White","White","Polyester","Medium Poly Shirting",242.3,46,36824,0,"0.0","0.1","0.1","","Idle — no usage"
"Midco Twill Suiting White","300062","White","White","White","Polyester","Heavy Poly Suiting",82.6,15.7,14601,0,"0.0","0.0","0.0","","Idle — no usage"
"AL SAWAE - WOVEN- SUPER LINEN - WHITE-154-160","304886","White","White","White","Polyester","Medium Polyester Muslin",23.9,6,7569,0,"0.0","0.0","0.0","","Idle — no usage"
"BANGKOK (MAI ITALY) PLAIN LIGHT CREPE 103 WHITE","40019761","White","White","White","Polyester","Light Polyester Crepe",35.3,5.3,7367,0,"0.0","0.0","0.0","","Idle — no usage"
"XUEGUI textile-5058-Woven-Polyester-White-1.48-90","301957","White","White","White","Polyester","Light Polyester Crepe",91.5,11.9,27846,0,"0.0","0.0","0.0","","Idle — no usage"
"Bangkok Mai Italy 1/5/2023 Plain","60018560","None","None","None","Polyester","Light Polyester Crepe",46.5,7,8306,0,"0.0","0.0","0.0","","Idle — no usage"
"Yiyi-2311-Woven-100% Polyester-Olive-1.5-112","302156","Olive","Olive Green","Green","Polyester","Light Polyester Ripstop",80.6,13.7,17673,0,"0.0","0.0","0.0","","Idle — no usage"
"Yiyi-2311-Woven-100% Polyester-Lime Green-1.5-112","302158","Green","Lime Green","Green","Polyester","Light Polyester Ripstop",94.7,16.1,20769,0,"0.0","0.0","0.0","","Idle — no usage"
"Yiyi-2311-Woven-100% Polyester-Rust Orange-1.5-112","302159","Orange","Orange","Orange","Polyester","Light Polyester Ripstop",63.8,10.9,13997,0,"0.0","0.0","0.0","","Idle — no usage"
"Yiyi-2311-Woven-100% Polyester-White-1.5-112","302155","White","White","White","Polyester","Light Polyester Ripstop",175.6,29.9,38507,0,"0.0","0.1","0.1","","Idle — no usage"
"Hua Ming-Imitation hemp four sided bomb-Woven-Light Crepe Polyester-Black-1.5-130","302107","Black","Black","Black","Polyester","Medium Polyester Slub",140.3,28.1,35075,0,"0.0","0.1","0.1","","Idle — no usage"
"Hua Ming-Imitation hemp four sided bomb-Woven-Light Crepe Polyester -White-1.5-130","302108","White","White","White","Polyester","Medium Polyester Slub",113.3,22.7,28313,0,"0.0","0.0","0.0","","Idle — no usage"
"YIMIN-100d four-sided projectile---1-1.5-","302634","None","None","None","Polyester","Light Polyester",146.3,27.8,30302,0,"0.0","0.1","0.1","","Idle — no usage"
"HUAMING-Coarse hemp-Cream 11-1.5-120","305383","None","Cream","White","Chiffon","Light Polyester Chiffon",1269.8,228.6,286484,0,"0.0","0.5","0.5","","Idle — no usage"
"HUAMING-Coarse hemp-Red 1-1.5-120","303624","Red","Red","Red","Chiffon","Light Polyester Chiffon",368.1,66.3,83052,0,"0.0","0.2","0.2","","Idle — no usage"
"HUAMING-Coarse hemp-Orange 105-1.5-120","303626","Orange","Orange","Orange","Chiffon","Light Polyester Chiffon",207.4,37.3,46803,0,"0.0","0.1","0.1","","Idle — no usage"
"Huaming-Coarse hemp---Sea Green 41-1.5-120","304484","Green","Sea Green","Green","Chiffon","Light Polyester Chiffon",12.2,2.2,2697,0,"0.0","0.0","0.0","","Idle — no usage"
"HUAMING-Coarse hemp-Dark Taupe 16-1.5-120","305385","Taupe","Dark Taupe","Brown","Chiffon","Light Polyester Chiffon",267.6,48.2,60365,0,"0.0","0.1","0.1","","Idle — no usage"
"HUAMING-Coarse hemp-Navy Blue 44-1.5-120","303619","Blue","Navy Blue","Blue","Chiffon","Light Polyester Chiffon",566.3,101.9,127775,0,"0.0","0.2","0.2","","Idle — no usage"
"Hua Ming-Pearl chiffon-Woven-Light Chiffon -Orange-1.5-100","302079","Orange","Orange","Orange","Chiffon","Medium Chiffon",43.2,6.5,8100,0,"0.0","0.0","0.0","","Idle — no usage"
"SHUNHANG-Shunhang - CHIFFON---1-1.5-85","304325","None","None","None","Chiffon","Medium Chiffon",30.9,4,6110,0,"0.0","0.0","0.0","","Idle — no usage"
"SHUNHANG-Shunhang - CHIFFON b---1-1.5-85","304329","None","None","None","Chiffon","Medium Chiffon",35.8,4.7,7083,0,"0.0","0.0","0.0","","Idle — no usage"
"EASTLEIGH PRINTED CHIFFON","50016776","None","None","None","Chiffon","Medium Chiffon",23.2,5.3,10787,0,"0.0","0.0","0.0","","Idle — no usage"
"Hua Ming-75D-Woven-Light Chiffon-White-1.5-60","302059","White","White","White","Chiffon","Light Chiffon",172.2,15.5,15965,0,"0.0","0.1","0.1","","Idle — no usage"
"Hua Ming-100D-Woven -white-1.5-80","302061","White","White","White","Chiffon","Light Chiffon",110.8,13.3,17290,0,"0.0","0.0","0.0","","Idle — no usage"
"Hua Ming-100D-Woven - black -1.5-80","302062","Black","Black","Black","Chiffon","Light Chiffon",116.7,14,18200,0,"0.0","0.0","0.0","","Idle — no usage"
"Hua Ming-75D-Woven-Light Chiffon-Black-1.5-60","302060","Black","Black","Black","Chiffon","Light Chiffon",180,16.2,16686,0,"0.0","0.1","0.1","","Idle — no usage"
"Yihao-8874-Woven-Polyester / Spandex-White-1.45-","302344","White","White","White","Chiffon","Medium Stripe Chiffon",170,18.7,39083,0,"0.0","0.1","0.1","","Idle — no usage"
"Yihao-8874-Woven-Polyester / Spandex-Black-1.45-","302345","Black","Black","Black","Chiffon","Medium Stripe Chiffon",162.9,19.6,40860,0,"0.0","0.1","0.1","","Idle — no usage"
"EQ-1353 1-Black 1-1.53-98","305239","Black","Black","Black","Chiffon","Light Polyester Jacquard Dot Chiffon",198.4,29.8,72943,0,"0.0","0.1","0.1","","Idle — no usage"
"EQ-1353 1-White 9-1.53-98","305242","White","White","White","Chiffon","Light Polyester Jacquard Dot Chiffon",161.5,24.2,59364,0,"0.0","0.1","0.1","","Idle — no usage"
"EQ-1353 1-Blue / White 7-1.53-98","305240","White","White","White","Chiffon","Light Polyester Jacquard Dot Chiffon",161.1,24.2,59217,0,"0.0","0.1","0.1","","Idle — no usage"
"EQ-1353 1-Green / White 6-1.53-98","305241","White","Green","Green","Chiffon","Light Polyester Jacquard Dot Chiffon",161.3,24.2,59315,0,"0.0","0.1","0.1","","Idle — no usage"
"EQ-1156 1-Rust 3-1.53-67","305238","Rust","Rust","Orange","Chiffon","Light Rayon Blend Chiffon",93.4,9.3,30942,0,"0.0","0.0","0.0","","Idle — no usage"
"EQ-1156 1-Dark Green 1-1.53-67","305236","Green","Dark Green","Green","Chiffon","Light Rayon Blend Chiffon",103.4,10.3,34255,0,"0.0","0.0","0.0","","Idle — no usage"
"EQ-1156 1-Off White 10-1.53-67","305237","White","Off White","White","Chiffon","Light Rayon Blend Chiffon",188.8,18.9,62547,0,"0.0","0.1","0.1","","Idle — no usage"
"XUEGUI textile-L7160-Woven-Chiffon-White-1.5-160","301958","White","White","White","Chiffon","Heavy Polyester Chiffon",100.8,24.2,30734,0,"0.0","0.0","0.0","","Idle — no usage"
"SHUNYUAN-20036---White -1.5-135","305041","White","White","White","Poly Cotton","Light Stretch-Poly Cotton",419.7,83.9,195524,0,"0.0","0.2","0.2","","Idle — no usage"
"SHUNYUAN-20036---Yellow 22-1.5-135","305042","Yellow","Yellow","Yellow","Poly Cotton","Light Stretch-Poly Cotton",387.7,77.5,180616,0,"0.0","0.2","0.2","","Idle — no usage"
"SHUNYUAN-20036---Dusty Pink 4-1.5-135","305037","Pink","Dusty Pink","Pink","Poly Cotton","Light Stretch-Poly Cotton",530.3,106.1,247048,0,"0.0","0.2","0.2","","Idle — no usage"
"Cong xin-00-55---Maroon 58-1.5-235","304366","Maroon","Maroon","Red","Poly Cotton","Medium Poly Cotton",135.2,47.7,71490,0,"0.0","0.1","0.1","","Idle — no usage"
"BEDI SUITING FABRIC PC22/221 240GSM","60031196","None","None","None","Poly Cotton","Medium Poly Cotton",55.4,20.5,25395,0,"0.0","0.0","0.0","","Idle — no usage"
"Cong xin-00-55---Dark Browm 60-1.5-235","304365","None","None","None","Poly Cotton","Medium Poly Cotton",130.8,46.1,69150,0,"0.0","0.1","0.1","","Idle — no usage"
"BEDI SUITING FABRIC PC22/221 240GSM","60031193","None","None","None","Poly Cotton","Medium Poly Cotton",236,87.3,108277,0,"0.0","0.1","0.1","","Idle — no usage"
"Cong xin-00-55---Mulberry 50-1.5-235","304367","Mulberry","None","None","Poly Cotton","Medium Poly Cotton",138.7,48.9,73350,0,"0.0","0.1","0.1","","Idle — no usage"
"Cong xin-8801---Light Green 27-1.47-150","304372","Green","Light Green","Green","Poly Cotton","Medium Poly Cotton",148,32.6,66259,0,"0.0","0.1","0.1","","Idle — no usage"
"Cong xin-00-55---Navy 68-1.5-235","304368","Navy","Navy Blue","Blue","Poly Cotton","Medium Poly Cotton",135.3,47.7,71550,0,"0.0","0.1","0.1","","Idle — no usage"
"Cong xin-8801---Dark Green 38-1.47-150","304371","Green","Dark Green","Green","Poly Cotton","Medium Poly Cotton",151.6,33.4,67843,0,"0.0","0.1","0.1","","Idle — no usage"
"Cong xin-8801---Purple 29-1.47-150","304374","Purple","Purple","Purple","Poly Cotton","Medium Poly Cotton",147.7,32.6,66097,0,"0.0","0.1","0.1","","Idle — no usage"
"BEDI SUITING FABRIC PC22/221 240GSM","60031195","None","None","None","Poly Cotton","Medium Poly Cotton",42.4,15.7,19468,0,"0.0","0.0","0.0","","Idle — no usage"
"Cong xin-8801---Navy 17-1.47-150","304373","Navy","Navy Blue","Blue","Poly Cotton","Medium Poly Cotton",75.1,16.6,33617,0,"0.0","0.0","0.0","","Idle — no usage"
"Cong xin-8801---White 2-1.47-150","304370","White","White","White","Poly Cotton","Medium Poly Cotton",228.5,50.4,102271,0,"0.0","0.1","0.1","","Idle — no usage"
"XUEGUI textile-32050-Woven-Poly Cotton-Black-1.45-90","301954","Black","Black","Black","Poly Cotton","Light Poly Cotton",24.2,3.1,7002,0,"0.0","0.0","0.0","","Idle — no usage"
"XUEGUI textile-32050-Woven-Poly Cotton-Orange-1.45-90","301951","Orange","Orange","Orange","Poly Cotton","Light Poly Cotton",140,18.2,40586,0,"0.0","0.1","0.1","","Idle — no usage"
"XUEGUI textile-32050-Woven-Poly cotton-White-1.45-90","301955","White","White","White","Poly Cotton","Light Poly Cotton",97.7,12.7,28321,0,"0.0","0.0","0.0","","Idle — no usage"
"EASTLEIGH POLYESTER COTTON 106 WHITE","60021413","White","White","White","Poly Cotton","Light Poly Cotton",15.9,2.6,1887,0,"0.0","0.0","0.0","","Idle — no usage"
"XUEGUI textile-32050-Woven-Poly Cotton-Mustard-1.45-90","301952","Mustard","Mustard","Yellow","Poly Cotton","Light Poly Cotton",141.2,18.4,40943,0,"0.0","0.1","0.1","","Idle — no usage"
"XUEGUI-Y022-Black 33-1.48-155","305312","Black","Black","Black","Poly Cotton","Medium Poly Cotton Twill",175.5,40.4,0,0,"0.0","0.1","0.1","","Idle — no usage"
"XUEGUI-Y022-Navy Blue 31-1.48-155","305313","Blue","Navy Blue","Blue","Poly Cotton","Medium Poly Cotton Twill",257.5,59.2,0,0,"0.0","0.1","0.1","","Idle — no usage"
"XUEGUI-Y022-Olive Green 58-1.48-155","305314","Green","Olive Green","Green","Poly Cotton","Medium Poly Cotton Twill",196.6,45.2,0,0,"0.0","0.1","0.1","","Idle — no usage"
"XUEGUI-Y022-Rust 55-1.48-155","305315","Rust","Rust","Orange","Poly Cotton","Medium Poly Cotton Twill",209.7,48.2,0,0,"0.0","0.1","0.1","","Idle — no usage"
"Midco CROWN (Sample Fabrics)","300229","None","None","None","Poly Cotton","Light Shirting",89.8,17.1,21154,0,"0.0","0.0","0.0","","Idle — no usage"
"Midco TC (Sample Fabrics)","300228","None","None","None","Poly Cotton","Light Shirting",281.9,53.6,70164,0,"0.0","0.1","0.1","","Idle — no usage"
"Midco TC White","300064","White","White","White","Poly Cotton","Light Shirting",42.6,8.1,8980,0,"0.0","0.0","0.0","","Idle — no usage"
"Alsawae-Ankara-Print B","304248","None","None","None","Cotton Ankara","Medium Cotton Ankara",148,25.2,25160,0,"0.0","0.1","0.1","","Idle — no usage"
"WOODIN ANKARA - BALANCES","50007021","None","None","None","Cotton Ankara","Medium Cotton Ankara",257.8,43.8,132336,0,"0.0","0.1","0.1","","Idle — no usage"
"YI QI-1354 1-Woven-Light Polyester Rayon-Black-1.53-98","302330","Black","Black","Black","Unknown","Unknown",90.3,13.5,26538,0,"0.0","0.0","0.0","","Idle — no usage"
"JUNFA-Q033-White 15-1.6-250","305267","White","White","White","Sweater","Medium Cashmere Sweater",204.6,81.8,79531,0,"0.0","0.1","0.1","","Idle — no usage"
"JUNFA-Q033-Taupe 35-1.6-250","305266","Taupe","Taupe","Brown","Sweater","Medium Cashmere Sweater",207.8,83.1,80776,0,"0.0","0.1","0.1","","Idle — no usage"
"YITAI HEAVY SWEATER 200 Off White","40016545","White","Off White","White","Sweater","Medium Cashmere Sweater",127.9,37.1,38563,0,"0.0","0.1","0.1","","Idle — no usage"
"TNF-38L 9096-White 1-1.65-250","305300","White","White","White","Sweater","Medium Rib Sweater",114.3,46.9,0,0,"0.0","0.0","0.0","","Idle — no usage"
"TNF-38L 9096-Taupe 13-1.65-250","305299","Taupe","Taupe","Brown","Sweater","Medium Rib Sweater",120,49.2,0,0,"0.0","0.1","0.1","","Idle — no usage"
"TNF-38L 9096-Black 22-1.65-250","305296","Black","Black","Black","Sweater","Medium Rib Sweater",123.5,50.6,0,0,"0.0","0.1","0.1","","Idle — no usage"
"TNF-38L 9096-Hunters Green 14-1.65-250","305297","Green","Hunters Green","Green","Sweater","Medium Rib Sweater",120.5,49.4,0,0,"0.0","0.1","0.1","","Idle — no usage"
"PU SHY-2276-Black 54-1.6-380","305287","Black","Black","Black","Sweater","Medium Rib Sweater",111.2,67.8,0,0,"0.0","0.0","0.0","","Idle — no usage"
"TNF-38L 9096-Maroon 21-1.65-250","305298","Maroon","Maroon","Red","Sweater","Medium Rib Sweater",120,49.2,0,0,"0.0","0.1","0.1","","Idle — no usage"
"PU SHY-2278-Black 54-1.6-360","305288","Black","Black","Black","Sweater","Medium Rib Sweater",123.8,71.8,0,0,"0.0","0.1","0.1","","Idle — no usage"
"Dong Sheng (DS)-82033-Knit-Light Cashmere Sweater-Beige 50-1.5-220","304983","Beige","Beige","Brown","Sweater","Light Cashmere Sweater",252.4,83.3,64443,0,"0.0","0.1","0.1","","Idle — no usage"
"YAO CHENG-40æ”¯ 40sé£Žæ ¼2-Knit-Heavy Ponte -Black-1.58-400","302335","Black","Black","Black","Denim","Heavy Fleece-Back Stretch-Denim",95.4,60.1,60701,0,"0.0","0.0","0.0","","Idle — no usage"
"Rao Cheng-40? 40s??2---Black 19156black-1.58-400","303784","Black","Black","Black","Denim","Heavy Fleece-Back Stretch-Denim",50.2,31.6,31007,0,"0.0","0.0","0.0","","Idle — no usage"
"Rao Cheng-40? 40s??2---Blue 19156 Blue-1.58-400","303785","Blue","Blue","Blue","Denim","Heavy Fleece-Back Stretch-Denim",44.4,28,27440,0,"0.0","0.0","0.0","","Idle — no usage"
"HUA YI-B-865---Denim Blue 4-1.5-200","305097","Blue","Denim Blue","Blue","Denim","Light Stretch-Denim",193,57.9,95377,0,"0.0","0.1","0.1","","Idle — no usage"
"HUA YI-B-865---Purple 24-1.5-200","305103","Purple","Purple","Purple","Denim","Light Stretch-Denim",202,60.6,99825,0,"0.0","0.1","0.1","","Idle — no usage"
"HUA YI-F-005---Denim Blue 10-1.48-200","305095","Blue","Denim Blue","Blue","Denim","Light Stretch-Denim",224.4,67.3,99334,0,"0.0","0.1","0.1","","Idle — no usage"
"Hong xin-2316---Grey 14-1.5-330","304454","Grey","Grey","Grey","Denim","Light Stretch-Denim",54.9,27.5,47611,0,"0.0","0.0","0.0","","Idle — no usage"
"HUA YI-B-865---Denim Blue 22-1.5-200","305099","Blue","Denim Blue","Blue","Denim","Light Stretch-Denim",199.5,59.8,98573,0,"0.0","0.1","0.1","","Idle — no usage"
"HUA YI-B-865---Light Green 23-1.5-200","305102","Green","Light Green","Green","Denim","Light Stretch-Denim",133.5,40.1,65990,0,"0.0","0.1","0.1","","Idle — no usage"
"HUA YI-F-005---Denim Blue 4-1.48-200","305092","Blue","Denim Blue","Blue","Denim","Light Stretch-Denim",242.7,72.8,107420,0,"0.0","0.1","0.1","","Idle — no usage"
"HUA YI-B-865---Dusty Pink 25-1.5-200","305101","Pink","Dusty Pink","Pink","Denim","Light Stretch-Denim",211.9,63.6,104701,0,"0.0","0.1","0.1","","Idle — no usage"
"HUA YI-F-005---Denim Blue 6-1.48-200","305094","Blue","Denim Blue","Blue","Denim","Light Stretch-Denim",175.1,52.5,77496,0,"0.0","0.1","0.1","","Idle — no usage"
"Hong xin-2316---Light Blue 13-1.5-330","304455","Blue","Light Blue","Blue","Denim","Light Stretch-Denim",41.8,20.9,33199,0,"0.0","0.0","0.0","","Idle — no usage"
"HUA YI-F-005---Denim Blue 5-1.48-200","305093","Blue","Denim Blue","Blue","Denim","Light Stretch-Denim",213.2,64,94376,0,"0.0","0.1","0.1","","Idle — no usage"
"Hong xin-2316---Black 18-1.5-330","304452","Black","Black","Black","Denim","Light Stretch-Denim",52.7,26.4,43345,0,"0.0","0.0","0.0","","Idle — no usage"
"HUA YI-B-865---Denim Blue 28-1.5-200","305100","Blue","Denim Blue","Blue","Denim","Light Stretch-Denim",217.1,65.1,107271,0,"0.0","0.1","0.1","","Idle — no usage"
"HUA YI-B-865---Denim Blue 11-1.5-200","305098","Blue","Denim Blue","Blue","Denim","Light Stretch-Denim",199.5,59.9,98606,0,"0.0","0.1","0.1","","Idle — no usage"
"Hong xin-2316---Dark Blue 12-1.5-330","304453","Blue","Dark Blue","Blue","Denim","Light Stretch-Denim",41,20.5,32563,0,"0.0","0.0","0.0","","Idle — no usage"
"HUA YI-B-865---Denim Blue 2-1.5-200","305096","Blue","Denim Blue","Blue","Denim","Light Stretch-Denim",198.6,59.6,98145,0,"0.0","0.1","0.1","","Idle — no usage"
"HONG YU TEXTILE-F0321-Denim Blue 1-1.75-130","305397","Blue","Denim Blue","Blue","Denim","Light Denim",377.2,86.8,0,0,"0.0","0.2","0.2","","Idle — no usage"
"HONG YU TEXTILE-H15018-Denim Blue 2-1.5-135","305403","Blue","Denim Blue","Blue","Denim","Light Denim",252.7,50.5,0,0,"0.0","0.1","0.1","","Idle — no usage"
"HONG YU TEXTILE-H15018-Denim Blue 4-1.5-135","305404","Blue","Denim Blue","Blue","Denim","Light Denim",243.9,48.8,0,0,"0.0","0.1","0.1","","Idle — no usage"
"HONG YU TEXTILE-F0321-Denim Blue 5-1.75-130","305398","Blue","Denim Blue","Blue","Denim","Light Denim",232.2,53.4,0,0,"0.0","0.1","0.1","","Idle — no usage"
"HONG YU TEXTILE-F8953-Denim Blue 4-1.75-130","305402","Blue","Denim Blue","Blue","Denim","Light Denim",457,105.1,0,0,"0.0","0.2","0.2","","Idle — no usage"
"JUN YUAN-J321---4-1.45-130","302630","None","None","None","Denim","Light Denim",239.1,45.4,70871,0,"0.0","0.1","0.1","","Idle — no usage"
"HONG YU TEXTILE-H6031-Denim Blue 4-1.5-130","305405","Blue","Denim Blue","Blue","Denim","Light Denim",297.6,59.5,0,0,"0.0","0.1","0.1","","Idle — no usage"
"HONG YU TEXTILE-F8953-Denim Blue 1-1.75-130","305399","Blue","Denim Blue","Blue","Denim","Light Denim",439.5,101.1,0,0,"0.0","0.2","0.2","","Idle — no usage"
"HONG YU TEXTILE-H6031-Denim Blue 5-1.5-130","305406","Blue","Denim Blue","Blue","Denim","Light Denim",312.3,62.5,0,0,"0.0","0.1","0.1","","Idle — no usage"
"XINDA COWBOY LIGHT DENIM 195 Light Blue","50012257","Blue","Light Blue","Blue","Denim","Light Denim",277.1,83.1,131361,0,"0.0","0.1","0.1","","Idle — no usage"
"HONG YU TEXTILE-F8953-Denim Blue 3-1.75-130","305401","Blue","Denim Blue","Blue","Denim","Light Denim",437.7,100.7,0,0,"0.0","0.2","0.2","","Idle — no usage"
"HONG YU TEXTILE-F8953-Denim Blue 2-1.75-130","305400","Blue","Denim Blue","Blue","Denim","Light Denim",465,107,0,0,"0.0","0.2","0.2","","Idle — no usage"
"YAO CHENG-2103-Denim Blue 3-1.6-400","305317","Blue","Denim Blue","Blue","Denim","Heavy Denim",47.6,30.5,0,0,"0.0","0.0","0.0","","Idle — no usage"
"YAO CHENG-2103-Denim Black 1-1.6-400","305316","Black","Black","Black","Denim","Heavy Denim",43.7,28,0,0,"0.0","0.0","0.0","","Idle — no usage"
"CHINA JEGGINGS 309 Black","40016913","Black","Black","Black","Denim","Heavy Stretch-Denim",23.2,10.7,11107,0,"0.0","0.0","0.0","","Idle — no usage"
"YUN XIANG-A3300-Woven-Cotton Stretch-Rust-1.50-130","60000948","Rust","Rust","Orange","Poplin","Light Stretch-Cotton Poplin",4.9,1,2460,0,"0.0","0.0","0.0","","Idle — no usage"
"YUN XIANG-A1507#-WOVEN-COTTON STRETCH-Mustard-1.50-125","50018152","Mustard","Mustard","Yellow","Poplin","Light Stretch-Cotton Poplin",4.7,1.5,4485,0,"0.0","0.0","0.0","","Idle — no usage"
"Yiyi-7294---Sea Green 50-1.5-125","303688","Green","Sea Green","Green","Poplin","Light Stretch-Cotton Poplin",195.8,37.2,51708,0,"0.0","0.1","0.1","","Idle — no usage"
"YUN XIANG-A1507#-WOVEN-COTTON STRETCH-White-1.50-125","60014550","White","White","White","Poplin","Light Stretch-Cotton Poplin",78,14.8,46979,0,"0.0","0.0","0.0","","Idle — no usage"
"Yiyi-7294-Woven-Polyester / Cotton-Lime Green-1.5-125","302167","Green","Lime Green","Green","Poplin","Light Stretch-Cotton Poplin",98.6,18.7,23800,0,"0.0","0.0","0.0","","Idle — no usage"
"Yiyi-7294---Mustard 13-1.5-125","303677","Mustard","Mustard","Yellow","Poplin","Light Stretch-Cotton Poplin",95.2,18.1,25131,0,"0.0","0.0","0.0","","Idle — no usage"
"YUN XIANG-A1507#-WOVEN-COTTON STRETCH-Navy-1.50-125","50018157","Navy","Navy Blue","Blue","Poplin","Light Stretch-Cotton Poplin",13.1,4.2,13314,0,"0.0","0.0","0.0","","Idle — no usage"
"Yiyi-7294---Dark Green 33-1.5-125","303683","Green","Dark Green","Green","Poplin","Light Stretch-Cotton Poplin",2.6,0.5,695,0,"0.0","0.0","0.0","","Idle — no usage"
"Yiyi-7294---Purple 42-1.5-125","303686","Purple","Purple","Purple","Poplin","Light Stretch-Cotton Poplin",196,37.2,51764,0,"0.0","0.1","0.1","","Idle — no usage"
"YUN XIANG-A1507#-WOVEN-COTTON STRETCH-Light Blue-1.50-125","50018158","Blue","Light Blue","Blue","Poplin","Light Stretch-Cotton Poplin",2.4,0.8,2554,0,"0.0","0.0","0.0","","Idle — no usage"
"Yiyi-7294---Dark Red 79-1.5-125","303679","Red","Dark Red","Red","Poplin","Light Stretch-Cotton Poplin",166.2,31.6,43896,0,"0.0","0.1","0.1","","Idle — no usage"
"Yiyi-7294---Red 26-1.5-125","303687","Red","Red","Red","Poplin","Light Stretch-Cotton Poplin",133.1,25.3,35139,0,"0.0","0.1","0.1","","Idle — no usage"
"YUN XIANG-A1507#-WOVEN-COTTON STRETCH-Tauple-1.50-125","60000956","Taupe","Taupe","Brown","Poplin","Light Stretch-Cotton Poplin",21.8,4.1,13124,0,"0.0","0.0","0.0","","Idle — no usage"
"Yiyi-7294---Olive 31-1.5-125","303680","Olive","Olive Green","Green","Poplin","Light Stretch-Cotton Poplin",70.7,13.4,18682,0,"0.0","0.0","0.0","","Idle — no usage"
"Yiyi-7294---Coral 43-1.5-125","303685","Coral","Coral","Orange","Poplin","Light Stretch-Cotton Poplin",187.6,35.6,49540,0,"0.0","0.1","0.1","","Idle — no usage"
"Yiyi-7294---Pink 58-1.5-125","303690","Pink","Pink","Pink","Poplin","Light Stretch-Cotton Poplin",157.6,29.9,41617,0,"0.0","0.1","0.1","","Idle — no usage"
"YUN XIANG-A3300-Woven-Cotton Stretch-Orange-1.50-130","50018081","Orange","Orange","Orange","Poplin","Light Stretch-Cotton Poplin",14.2,2.8,7356,0,"0.0","0.0","0.0","","Idle — no usage"
"SHUNG YUAN-D50---34-1.48-130","302609","None","None","None","Poplin","Medium Stretch-Cotton Poplin",26,6.8,11086,0,"0.0","0.0","0.0","","Idle — no usage"
"SHUNG YUAN-D50---24-1.48-130","302612","None","None","None","Poplin","Medium Stretch-Cotton Poplin",17.4,4.5,7413,0,"0.0","0.0","0.0","","Idle — no usage"
"SHUNG YUAN-D50--Mustard-5-1.48-130","302610","Mustard","Mustard","Yellow","Poplin","Medium Stretch-Cotton Poplin",81.7,21.2,34834,0,"0.0","0.0","0.0","","Idle — no usage"
"De Xing-Nylon rayon slub-Woven-Light Rayon -Dark Olive -1.5-120","302236","Dark Olive","Olive Green","Green","Rayon","Light Rayon Slub",9.9,3.3,3586,0,"0.0","0.0","0.0","","Idle — no usage"
"Xuegui Textile-2317-Woven-Rayon/Linen-Orange 64-1.4-130","303493","Orange","Orange","Orange","Rayon","Light Rayon Slub",483.2,87,175700,0,"0.0","0.2","0.2","","Idle — no usage"
"Xuegui Textile-2317-Woven-Rayon/Linen-Mustard 84-1.4-130","303495","Mustard","Mustard","Yellow","Rayon","Light Rayon Slub",588.7,106,235555,0,"0.0","0.3","0.3","","Idle — no usage"
"De Xing-Nylon rayon slub-Woven-Light Rayon -Dark Green -1.5-120","302231","Dark Green","Dark Green","Green","Rayon","Light Rayon Slub",3.1,1,1122,0,"0.0","0.0","0.0","","Idle — no usage"
"Yongsheng-Imitation hemp bamboo joint-Woven-Light Rayon -Black-1.58-140","302273","Black","Black","Black","Rayon","Light Rayon Slub",552.3,121.5,124251,0,"0.0","0.2","0.2","","Idle — no usage"
"Xuegui Textile-2317-Woven-Rayon/Linen-Purple 138-1.4-130","303500","Purple","Purple","Purple","Rayon","Light Rayon Slub",81.6,14.7,29654,0,"0.0","0.0","0.0","","Idle — no usage"
"De Xing-Nylon rayon slub-Woven-Light Rayon -Olive-1.5-120","302234","Olive","Olive Green","Green","Rayon","Light Rayon Slub",51,16.8,18502,0,"0.0","0.0","0.0","","Idle — no usage"
"De Xing-Nylon rayon slub-Woven-Light Rayon -Mustard-1.5-120","302229","Mustard","Mustard","Yellow","Rayon","Light Rayon Slub",22.7,7.5,8250,0,"0.0","0.0","0.0","","Idle — no usage"
"De Xing-Nylon rayon slub-Woven-Light Rayon -White-1.5-120","302227","White","White","White","Rayon","Light Rayon Slub",8.1,2.7,2926,0,"0.0","0.0","0.0","","Idle — no usage"
"XUEGUI textile-8 202-Woven-Rayon/Linen-Light Olive-1.4-115","301948","Olive","Olive Green","Green","Rayon","Light Rayon Slub",150.6,24.1,45790,0,"0.0","0.1","0.1","","Idle — no usage"
"YONGSHENG TEXTILES-Air Double Bamboo-Rust 12-1.58-155","305374","Rust","Rust","Orange","Rayon","Light Rayon Slub",292.9,70.3,0,0,"0.0","0.1","0.1","","Idle — no usage"
"XUEGUI textile-2317-Woven-Rayon/Linen-White-1.4-130","301944","White","White","White","Rayon","Light Rayon Slub",127.2,22.9,47174,0,"0.0","0.1","0.1","","Idle — no usage"
"De Xing-Nylon rayon slub-Woven-Light Rayon -Navy-1.5-120","302230","Navy","Navy Blue","Blue","Rayon","Light Rayon Slub",7.6,2.5,2750,0,"0.0","0.0","0.0","","Idle — no usage"
"XUEGUI-2317-Light Blue 9-1.4-130","305311","Blue","Light Blue","Blue","Rayon","Light Rayon Slub",300.9,54.2,0,0,"0.0","0.1","0.1","","Idle — no usage"
"Xuegui Textile-2317-Woven-Rayon/Linen-Sea Green 140-1.4-130","303501","Green","Sea Green","Green","Rayon","Light Rayon Slub",489.8,88.2,178083,0,"0.0","0.2","0.2","","Idle — no usage"
"Xuegui Textile-2317-Woven-Rayon/Linen-Pink 128-1.4-130","303497","Pink","Pink","Pink","Rayon","Light Rayon Slub",414.4,74.6,179040,0,"0.0","0.2","0.2","","Idle — no usage"
"Yongsheng-Air double bamboo-Woven-Light Rayon -White-1.58-130","302276","White","White","White","Rayon","Light Rayon Slub",187.9,39.5,42212,0,"0.0","0.1","0.1","","Idle — no usage"
"XUEGUI textile-8 202-Woven-Rayon/Linen-White-1.4-115","301946","White","White","White","Rayon","Light Rayon Slub",202.2,32.4,61465,0,"0.0","0.1","0.1","","Idle — no usage"
"Xuegui Textile-2317-Woven-Rayon/Linen-Black 15-1.4-130","303490","Black","Black","Black","Rayon","Light Rayon Slub",877.3,157.9,380172,0,"0.0","0.4","0.4","","Idle — no usage"
"Xuegui Textile-2317-Woven-Rayon/Linen-Rust 158-1.4-130","303502","Rust","Rust","Orange","Rayon","Light Rayon Slub",783,140.9,309512,0,"0.0","0.3","0.3","","Idle — no usage"
"Xuegui Textile-2317-Woven-Rayon/Linen-Mustard Yellow 83-1.4-130","304094","Yellow","Mustard","Yellow","Rayon","Light Rayon Slub",526.2,94.7,191334,0,"0.0","0.2","0.2","","Idle — no usage"
"Xuegui Textile-2317-Woven-Rayon/Linen-Navy 137-1.4-130","303499","Navy","Navy Blue","Blue","Rayon","Light Rayon Slub",877.1,157.9,341467,0,"0.0","0.4","0.4","","Idle — no usage"
"Xuegui Textile-2317-Woven-Rayon/Linen-Dark red 152-1.4-130","303503","Red","Dark Red","Red","Rayon","Light Rayon Slub",572.6,103.1,208181,0,"0.0","0.2","0.2","","Idle — no usage"
"Xuegui Textile-2317-Woven-Rayon/Linen-Lilac 125-1.4-130","303498","None","Lilac","Purple","Rayon","Light Rayon Slub",283.4,51,122448,0,"0.0","0.1","0.1","","Idle — no usage"
"Xuegui Textile-2317-Woven-Rayon/Linen-Olive 52-1.4-130","303492","Olive","Olive Green","Green","Rayon","Light Rayon Slub",801,144.2,347422,0,"0.0","0.3","0.3","","Idle — no usage"
"Xuegui Textile-2317-Woven-Rayon/Linen-Buttermilk 17-1.4-130","303491","Buttermilk","Buttermilk","Yellow","Rayon","Light Rayon Slub",538.1,96.9,225122,0,"0.0","0.2","0.2","","Idle — no usage"
"Xuegui Textile-2317-Woven-Rayon/Linen-Red 13-1.4-130","303489","Red","Red","Red","Rayon","Light Rayon Slub",504.2,90.8,205198,0,"0.0","0.2","0.2","","Idle — no usage"
"Xuegui Textile-2317-Woven-Rayon/Linen-Dark Chocolate 73-1.4-130","303494","Chocolate","Chocolate Brown","Brown","Rayon","Light Rayon Slub",310.2,55.8,134016,0,"0.0","0.1","0.1","","Idle — no usage"
"De Xing-Nylon rayon slub-Woven-Light Rayon -Burnt orange-1.5-120","302232","Orange","Burnt Orange","Orange","Rayon","Light Rayon Slub",42.2,13.9,15334,0,"0.0","0.0","0.0","","Idle — no usage"
"De Xing-Nylon rayon slub-Woven-Light Rayon -Orange-1.5-120","302237","Orange","Orange","Orange","Rayon","Light Rayon Slub",16.2,5.4,5885,0,"0.0","0.0","0.0","","Idle — no usage"
"YONGSHENG TEXTILES-Air Double Bamboo-Navy Blue 13-1.58-155","305372","Blue","Navy Blue","Blue","Rayon","Light Rayon Slub",309.4,74.3,0,0,"0.0","0.1","0.1","","Idle — no usage"
"YONGSHENG TEXTILES-Air Double Bamboo-Dark Green 2-1.58-155","305371","Green","Dark Green","Green","Rayon","Light Rayon Slub",295.2,70.8,0,0,"0.0","0.1","0.1","","Idle — no usage"
"De Xing-Nylon rayon slub-Woven-Light Rayon -Yellow-1.5-120","302233","Yellow","Yellow","Yellow","Rayon","Light Rayon Slub",2.3,0.8,825,0,"0.0","0.0","0.0","","Idle — no usage"
"Yongsheng-Imitation hemp bamboo joint-Woven-Light Rayon -White-1.58-140","302274","White","White","White","Rayon","Light Rayon Slub",126,27.7,27997,0,"0.0","0.1","0.1","","Idle — no usage"
"Xuegui Textile-2317-Woven-Rayon/Linen-White 1-1.4-130","303488","White","White","White","Rayon","Light Rayon Slub",523.6,94.2,226176,0,"0.0","0.2","0.2","","Idle — no usage"
"YONGSHENG TEXTILES-Air Double Bamboo-White 8-1.58-155","305375","White","White","White","Rayon","Light Rayon Slub",285.3,68.5,0,0,"0.0","0.1","0.1","","Idle — no usage"
"De Xing-Nylon rayon slub-Woven-Light Rayon -Rust -1.5-120","302235","Rust","Rust","Orange","Rayon","Light Rayon Slub",10.9,3.6,3960,0,"0.0","0.0","0.0","","Idle — no usage"
"YONGSHENG TEXTILES-Air Double Bamboo-Red 1-1.58-155","305373","Red","Red","Red","Rayon","Light Rayon Slub",346.5,83.2,0,0,"0.0","0.1","0.1","","Idle — no usage"
"De xing-45 s of rayon cotton---Navy 4-1.45-105","304389","Navy","Navy Blue","Blue","Rayon","Light Rayon",63.5,20.9,23034,0,"0.0","0.0","0.0","","Idle — no usage"
"XIN HENG SHENG-9009---42-1.5-115","302545","None","None","None","Rayon","Light Rayon",156.8,26.7,34112,0,"0.0","0.1","0.1","","Idle — no usage"
"XIN HENG SHENG-9009---53-1.5-115","302546","None","None","None","Rayon","Light Rayon",159.7,27.2,34752,0,"0.0","0.1","0.1","","Idle — no usage"
"De xing-491774---(Green) 2-1.43-95","304411","Green","Green","Green","Rayon","Light Rayon",5.9,2,2489,0,"0.0","0.0","0.0","","Idle — no usage"
"De xing-45 s of rayon cotton---Beige 9-1.45-105","304390","Beige","Beige","Brown","Rayon","Light Rayon",123.5,40.7,44814,0,"0.0","0.1","0.1","","Idle — no usage"
"XIN HENG SHENG-9009---120-1.5-115","302550","None","None","None","Rayon","Light Rayon",150.9,25.7,32832,0,"0.0","0.1","0.1","","Idle — no usage"
"De xing-491774---(Beige) 4-1.43-95","304412","Beige","Beige","Brown","Rayon","Light Rayon",12.9,4.3,5410,0,"0.0","0.0","0.0","","Idle — no usage"
"De xing-491725---(GREEN) 1-1.43-95","304404","Green","Green","Green","Rayon","Light Rayon",4.2,1.4,1711,0,"0.0","0.0","0.0","","Idle — no usage"
"De Xing-30 s rayon cotton-Woven-Light Rayon-White-1.6-120","302224","White","White","White","Rayon","Light Rayon",119.7,39.5,31995,0,"0.0","0.1","0.1","","Idle — no usage"
"Bangkok Tiger Crystal 1/5/2023 Plain","60018577","None","None","None","Rayon","Light Rayon",44.1,7.5,10950,0,"0.0","0.0","0.0","","Idle — no usage"
"De xing-491888---(black+white) 9-1.43-95","304421","White","Black","Black","Rayon","Light Rayon",58.8,19.4,24250,0,"0.0","0.0","0.0","","Idle — no usage"
"ZHENGADA XINGLONG-F1512A---blue-1.5-","302582","Blue","Blue","Blue","Rayon","Light Rayon",133.7,34.8,38573,0,"0.0","0.1","0.1","","Idle — no usage"
"De xing-491774---(Fuschia) 7-1.43-95","304413","Fuschia","None","None","Rayon","Light Rayon",13.8,4.5,5766,0,"0.0","0.0","0.0","","Idle — no usage"
"De xing-100D SUPER SOFT---Offwhite 4-1.5-120","304375","Offwhite","None","None","Rayon","Light Rayon",537.2,177.3,150688,0,"0.0","0.2","0.2","","Idle — no usage"
"Bocai-71055---Yellow / White Print 3-1.45-95","304361","None","Yellow","Yellow","Rayon","Light Rayon",4.1,1.4,1061,0,"0.0","0.0","0.0","","Idle — no usage"
"XIN HENG SHENG-9009---61-1.5-115","302547","None","None","None","Rayon","Light Rayon",92.2,15.7,20070,0,"0.0","0.0","0.0","","Idle — no usage"
"De xing-45 s of rayon cotton---White 1-1.45-105","304388","White","White","White","Rayon","Light Rayon",64.7,21.4,23496,0,"0.0","0.0","0.0","","Idle — no usage"
"ZHENGADA XINGLONG-F1512A---yellow-1.5-","302583","Yellow","Yellow","Yellow","Rayon","Light Rayon",144.4,37.6,41681,0,"0.0","0.1","0.1","","Idle — no usage"
"De xing-491725---(Blue) 2-1.43-95","304405","Blue","Blue","Blue","Rayon","Light Rayon",11.4,3.8,4662,0,"0.0","0.0","0.0","","Idle — no usage"
"De xing-491709---(Beige) 3-1.43-95","304394","Beige","Beige","Brown","Rayon","Light Rayon",5.9,2,2489,0,"0.0","0.0","0.0","","Idle — no usage"
"De xing-491880---(Lime Green) 6-1.43-95","304423","Green","Lime Green","Green","Rayon","Light Rayon",6.4,2.1,2688,0,"0.0","0.0","0.0","","Idle — no usage"
"XIN HENG SHENG-9009---96-1.5-115","302549","None","None","None","Rayon","Light Rayon",119.4,20.3,25984,0,"0.0","0.1","0.1","","Idle — no usage"
"De Xing-45s PD rayon cotton-Woven-Light Rayon-White-1.45-95","302226","White","White","White","Rayon","Light Rayon",7.6,2.5,3750,0,"0.0","0.0","0.0","","Idle — no usage"
"Bocai-71086---Green / White Print 3-1.45-95","304362","None","Green","Green","Rayon","Light Rayon",3.6,1.2,936,0,"0.0","0.0","0.0","","Idle — no usage"
"XIN HENG SHENG-9009---12-1.5-115","302544","None","None","None","Rayon","Light Rayon",154.7,26.3,33664,0,"0.0","0.1","0.1","","Idle — no usage"
"XIN HENG SHENG-9009---1-1.5-115","302543","None","None","None","Rayon","Light Rayon",88.4,15,19226,0,"0.0","0.0","0.0","","Idle — no usage"
"De xing-100D SUPER SOFT---black-1.5-120","304376","Black","Black","Black","Rayon","Light Rayon",3.8,1.3,1071,0,"0.0","0.0","0.0","","Idle — no usage"
"EQ-1441-Black & White Stripes 3-1.5-191","305244","None","Black","Black","Rayon","Heavy Rayon Blend",147.7,42.8,59241,0,"0.0","0.1","0.1","","Idle — no usage"
"EQ-1441-White 5-1.5-191","305246","White","White","White","Rayon","Heavy Rayon Blend",126.1,36.6,50608,0,"0.0","0.1","0.1","","Idle — no usage"
"EQ-1441-Black 1-1.5-191","305243","Black","Black","Black","Rayon","Heavy Rayon Blend",139.3,40.4,55893,0,"0.0","0.1","0.1","","Idle — no usage"
"EQ-1441-Blue & White Stripes 4-1.5-191","305245","None","White","White","Rayon","Heavy Rayon Blend",222.5,64.5,89263,0,"0.0","0.1","0.1","","Idle — no usage"
"De xing-CEY---Olive Green 108-1.5-165","304382","Green","Olive Green","Green","Rayon","Medium Rayon Slub",69.3,22.9,20363,0,"0.0","0.0","0.0","","Idle — no usage"
"De Xing-CEY-Woven-Light Rayon -White-1.5-165","302238","White","White","White","Rayon","Medium Rayon Slub",100.4,33.1,27506,0,"0.0","0.0","0.0","","Idle — no usage"
"De xing-CEY---Light Beige 3-1.5-165","304381","Beige","Light Beige","Brown","Rayon","Medium Rayon Slub",233.1,76.9,68459,0,"0.0","0.1","0.1","","Idle — no usage"
"De xing-CEY---Dark Green 54-1.5-165","304380","Green","Dark Green","Green","Rayon","Medium Rayon Slub",261,65.2,58064,0,"0.0","0.1","0.1","","Idle — no usage"
"De xing-CEY---Red 18-1.5-165","304384","Red","Red","Red","Rayon","Medium Rayon Slub",79.2,26.1,23247,0,"0.0","0.0","0.0","","Idle — no usage"
"De xing-CEY---Black 81-1.5-165","304385","Black","Black","Black","Rayon","Medium Rayon Slub",90.2,29.8,26504,0,"0.0","0.0","0.0","","Idle — no usage"
"De xing-CEY---Navy 125-1.5-165","304383","Navy","Navy Blue","Blue","Rayon","Medium Rayon Slub",94.4,31.1,27715,0,"0.0","0.0","0.0","","Idle — no usage"
"YIQI-1130---White 1-1.53-116","304617","White","White","White","Rayon","Light Metallic Stripe Rayon",271.4,48.9,85505,0,"0.0","0.1","0.1","","Idle — no usage"
"YIQI-1130---Yellow 7-1.53-116","304618","Yellow","Yellow","Yellow","Rayon","Light Metallic Stripe Rayon",164.9,29.7,51940,0,"0.0","0.1","0.1","","Idle — no usage"
"YIQI-1130---Black 6-1.53-116","304616","Black","Black","Black","Rayon","Light Metallic Stripe Rayon",351.5,63.3,110723,0,"0.0","0.2","0.2","","Idle — no usage"
"YIQI-1178---Black 1-1.5-106","304615","Black","Black","Black","Rayon","Light Striped Rayon",113.9,18.2,40084,0,"0.0","0.0","0.0","","Idle — no usage"
"HUA YI-B 427---31-1.5-150","302580","None","None","None","Rayon","Medium Rayon",152.4,35.1,37514,0,"0.0","0.1","0.1","","Idle — no usage"
"HUA YI-B 428---32-1.5-150","302581","None","None","None","Rayon","Medium Rayon",140.1,32.2,34475,0,"0.0","0.1","0.1","","Idle — no usage"
"SHUNG YUAN-920--Tencel-1-1.48-200","302590","None","None","None","Tencel","Medium Tencel Slub",365.8,95.1,131219,0,"0.0","0.2","0.2","","Idle — no usage"
"SHUNG YUAN-920--Tencel-32-1.48-200","302594","None","None","None","Tencel","Medium Tencel Slub",361.5,94,129734,0,"0.0","0.2","0.2","","Idle — no usage"
"SHUNG YUAN-920--Tencel-27-1.48-200","302592","None","None","None","Tencel","Medium Tencel Slub",385,100.1,138170,0,"0.0","0.2","0.2","","Idle — no usage"
"SHUNG YUAN-920--Tencel-26-1.48-200","302591","None","None","None","Tencel","Medium Tencel Slub",375.2,97.5,134646,0,"0.0","0.2","0.2","","Idle — no usage"
"SHUNG YUAN-920--Tencel-28-1.48-200","302593","None","None","None","Tencel","Medium Tencel Slub",379.1,98.6,136042,0,"0.0","0.2","0.2","","Idle — no usage"
"EQ -1496-Black 1-1.58-62","305247","Black","Black","Black","Tencel","Light Tencel Blend",173.2,17.3,55002,0,"0.0","0.1","0.1","","Idle — no usage"
"PU SHY-8086-Navy Blue 60-1.63-280","305290","Blue","Navy Blue","Blue","Scuba","Medium Rayon Blend Scuba",74.4,34.2,0,0,"0.0","0.0","0.0","","Idle — no usage"
"PU SHY-8086-Black 90-1.63-280","305289","Black","Black","Black","Scuba","Medium Rayon Blend Scuba",154.1,70.9,0,0,"0.0","0.1","0.1","","Idle — no usage"
"PU SHY-8086-Off White 2-1.63-280","305291","White","Off White","White","Scuba","Medium Rayon Blend Scuba",148.2,68.2,0,0,"0.0","0.1","0.1","","Idle — no usage"
"Gao shang-6008-Knit-Scuba-White-1.6-230","302308","White","White","White","Scuba","Medium Scuba",52.1,17.2,12728,0,"0.0","0.0","0.0","","Idle — no usage"
"Liu ding-2-Knit-Scuba -Light Olive Print -1.6-270","302390","None","Olive Green","Green","Scuba","Medium Scuba",65.3,28.1,25290,0,"0.0","0.0","0.0","","Idle — no usage"
"Gao shang-6008-Knit-Scuba-Off White-1.6-230","302307","White","Off White","White","Scuba","Medium Scuba",97.6,32.2,23828,0,"0.0","0.0","0.0","","Idle — no usage"
"Liu ding-3-Knit-Scuba -Dark Brown -1.6-270","302391","Dark Brown","Dark Brown","Brown","Scuba","Medium Scuba",65.9,28.4,25515,0,"0.0","0.0","0.0","","Idle — no usage"
"KINGSTON YUE XIU TEXTILES LIGHT SCUBA 280 White","50018592","White","White","White","Scuba","Heavy Scuba",39.9,21.5,17646,0,"0.0","0.0","0.0","","Idle — no usage"
"Eastleigh Canada Fabric 254 Red","300597","Red","Red","Red","Scuba","Heavy Scuba",163.7,62.2,56602,0,"0.0","0.1","0.1","","Idle — no usage"
"KINGSTON YUE XIU TEXTILES LIGHT SCUBA 280 Black","50018591","Black","Black","Black","Scuba","Heavy Scuba",42.9,22.8,18663,0,"0.0","0.0","0.0","","Idle — no usage"
"RAINBOW 9341 HEAVY SCUBA 345 White","50011197","White","White","White","Scuba","Heavy Scuba",6.6,3.6,4913,0,"0.0","0.0","0.0","","Idle — no usage"
"REEYON TS1767# SCUBA 320 WHITE","300671","White","White","White","Scuba","Heavy Scuba",95.1,51.4,72446,0,"0.0","0.0","0.0","","Idle — no usage"
"PU SHY-1219-Taupe 63-1.65-200","305279","Taupe","Taupe","Brown","Scuba","Light Scuba Blend",178.5,58.9,0,0,"0.0","0.1","0.1","","Idle — no usage"
"PU SHY-1219-Olive Green 13-1.65-200","305278","Green","Olive Green","Green","Scuba","Light Scuba Blend",197.5,65.2,0,0,"0.0","0.1","0.1","","Idle — no usage"
"PU SHY-1219-Off White 31-1.65-200","305277","White","Off White","White","Scuba","Light Scuba Blend",81.9,27,0,0,"0.0","0.0","0.0","","Idle — no usage"
"PU SHY-1219-Black 15-1.65-200","305274","Black","Black","Black","Scuba","Light Scuba Blend",197.3,65.1,0,0,"0.0","0.1","0.1","","Idle — no usage"
"PU SHY-1219-Dark Green 58-1.65-200","305275","Green","Dark Green","Green","Scuba","Light Scuba Blend",188,62,0,0,"0.0","0.1","0.1","","Idle — no usage"
"PU SHY-1219-Dark Red 74-1.65-200","305276","Red","Dark Red","Red","Scuba","Light Scuba Blend",190.3,62.8,0,0,"0.0","0.1","0.1","","Idle — no usage"
"LIZI-315 3-Knit-Scuba-White-1.65-200","302384","White","White","White","Scuba","Light Scuba",90.5,29.9,24203,0,"0.0","0.0","0.0","","Idle — no usage"
"LIZI-303 20-Knit-Scuba-White-1.65-200","302383","White","White","White","Scuba","Light Scuba",100.9,33.3,25641,0,"0.0","0.0","0.0","","Idle — no usage"
"Yiyi-8340-Woven-Nylon / Spandex-White-1.5-140","302121","White","White","White","Nylon","Medium Stretch-Nylon Ripstop",122.4,25.7,36237,0,"0.0","0.1","0.1","","Idle — no usage"
"Yiyi-8340-Woven-Nylon / Spandex-Black-1.5-140","302120","Black","Black","Black","Nylon","Medium Stretch-Nylon Ripstop",154.3,32.4,45684,0,"0.0","0.1","0.1","","Idle — no usage"
"Yiyi-8340-Woven-Nylon / Spandex-Navy Blue-1.5-140","302123","Blue","Navy Blue","Blue","Nylon","Medium Stretch-Nylon Ripstop",134.3,28.2,39762,0,"0.0","0.1","0.1","","Idle — no usage"
"Yiyi-8340-Woven-Nylon / Spandex-Hunters Green-1.5-140","302122","Green","Hunters Green","Green","Nylon","Medium Stretch-Nylon Ripstop",121.7,25.6,36026,0,"0.0","0.1","0.1","","Idle — no usage"
"XUEGUI textile- Nylon Polyester Stretch -Woven 1.5/120 Black","301380","Black","Black","Black","Nylon","Light Stretch-Nylon",139,25,39532,0,"0.0","0.1","0.1","","Idle — no usage"
"EASTIME ACTIVEWEAR NETTING 165 Black","40009836","Black","Black","Black","Mesh","Heavy Activewear Mesh",38.8,10.5,9947,0,"0.0","0.0","0.0","","Idle — no usage"
"EASTIME ACTIVEWEAR NETTING 165 Pink","40009838","Pink","Pink","Pink","Mesh","Heavy Activewear Mesh",27.2,7.4,6983,0,"0.0","0.0","0.0","","Idle — no usage"
"EASTIME ACTIVEWEAR NETTING 165 Lime","40009840","Lime","Lime Green","Green","Mesh","Heavy Activewear Mesh",32,8.7,8218,0,"0.0","0.0","0.0","","Idle — no usage"
"EASTIME ACTIVEWEAR NETTING 165 Light Blue","40009837","Blue","Light Blue","Blue","Mesh","Heavy Activewear Mesh",60.8,16.4,15599,0,"0.0","0.0","0.0","","Idle — no usage"
"EASTIME ACTIVEWEAR NETTING 165 White","40009835","White","White","White","Mesh","Heavy Activewear Mesh",25.9,7,6631,0,"0.0","0.0","0.0","","Idle — no usage"
"EASTIME ACTIVEWEAR NETTING 165 Maroon","40009839","Maroon","Maroon","Red","Mesh","Heavy Activewear Mesh",79.6,21.5,20406,0,"0.0","0.0","0.0","","Idle — no usage"
"MAZIWA FLEECE 306 Navy","300238","Navy","Navy Blue","Blue","Fleece","Heavy Fleece",22.5,11.2,7306,0,"0.0","0.0","0.0","","Idle — no usage"
"CHINA FLEECE 400 Black","40016858","Black","Black","Black","Fleece","Heavy Fleece",6.9,4.1,4326,0,"0.0","0.0","0.0","","Idle — no usage"
"MAZIWA FLEECE 308 Grey","300237","Grey","Grey","Grey","Fleece","Heavy Fleece",17.4,8.9,5772,0,"0.0","0.0","0.0","","Idle — no usage"
"MAZIWA Fleece 247 Maroon","300244","Maroon","Maroon","Red","Fleece","Heavy Fleece",48.8,20,13200,0,"0.0","0.0","0.0","","Idle — no usage"
"JING DONG TEXTILE 1805# Black","301121","Black","Black","Black","Fleece","Heavy Double Fleece",46.4,29.2,59942,0,"0.0","0.0","0.0","","Idle — no usage"
"Egypt 100% polyester Fleece 240 gsm","60028189","None","None","None","Fleece","Heavy Polyester Fleece",61.7,22.2,17094,0,"0.0","0.0","0.0","","Idle — no usage"
"Maziwa Single-Fleece Fabric 19082024","300647","None","None","None","Fleece","Heavy Brushed Fleece",37.3,15.3,11460,0,"0.0","0.0","0.0","","Idle — no usage"
"Yiyi-2301-Woven-Tencel / Polyester-Olive-1.5-50","302161","Olive","Olive Green","Green","Voile","Light Tencel Poly Voile",121.9,9.8,33735,0,"0.0","0.1","0.1","","Idle — no usage"
"Yiyi-2301-Woven-Tencel / Polyester-Black-1.5-50","302164","Black","Black","Black","Voile","Light Tencel Poly Voile",132,10.6,36538,0,"0.0","0.1","0.1","","Idle — no usage"
"XIONG JIE-Y0039---White 21-1.48-80","305116","White","White","White","Dobby","Light Polyester Dobby",159.2,19.1,62711,0,"0.0","0.1","0.1","","Idle — no usage"
"XIONG JIE-Y0039---Navy Blue 7-1.48-80","305115","Blue","Navy Blue","Blue","Dobby","Light Polyester Dobby",156,18.7,61463,0,"0.0","0.1","0.1","","Idle — no usage"
"XIONG JIE-Y0039---Black 1-1.48-80","305117","Black","Black","Black","Dobby","Light Polyester Dobby",317.2,38.1,124962,0,"0.0","0.1","0.1","","Idle — no usage"
"XIONG JIE-Y0039---Dark Olive Green 6-1.48-80","305114","Green","Dark Olive Green","Green","Dobby","Light Polyester Dobby",142.3,17.1,56078,0,"0.0","0.1","0.1","","Idle — no usage"
"Yihao-68-6613-Woven-Heavy Polyester-Light Purple-1.5-","302369","Purple","Light Purple","Purple","Dobby","Medium Polyester Dobby",149.6,34.4,38872,0,"0.0","0.1","0.1","","Idle — no usage"
"Yihao-68-6613-Woven-Heavy Polyester-Olive-1.5-","302367","Olive","Olive Green","Green","Dobby","Medium Polyester Dobby",137.7,30.3,34239,0,"0.0","0.1","0.1","","Idle — no usage"
"Yihao-68-6613-Woven-Heavy Polyester-Navy-1.5-","302372","Navy","Navy Blue","Blue","Dobby","Medium Polyester Dobby",150.9,34.7,39211,0,"0.0","0.1","0.1","","Idle — no usage"
"GUANGZHOU FAUX SUEDE 310 Black","40009783","Black","Black","Black","Suede","Heavy Faux Suede Jersey",32.3,15.2,13492,0,"0.0","0.0","0.0","","Idle — no usage"
"HENG MEI TEXTILE A3751 WHITE","301117","White","White","White","Cloqué","Medium Cloqué",85.6,23.1,36036,0,"0.0","0.0","0.0","","Idle — no usage"
"CHINA SWIMWEAR 220 Black","40016497","Black","Black","Black","Swimwear","Medium Swimwear",66.2,21.8,22932,0,"0.0","0.0","0.0","","Idle — no usage"
"YAT TAI HONG A16245 Black","301122","Black","Black","Black","ITY","Light Mesh ITY",226.4,24.9,41583,0,"0.0","0.1","0.1","","Idle — no usage"