Style,Brand,Colour,Size,SKU,Price (KES),Online SOH,Last Online Sale,Online Units (4w),Online Units (lifetime)
Safari 3/4 Sleeve Maxi Kimono With Headwrap,Safari,Mustard / Cream Print,L/1X,S0625014PR1L/1X,6400.0,1,never,0,0
Safari 3/4 Sleeve Maxi Kimono With Headwrap,Safari,Mustard / Cream Print,S/M,S0625014PR1S/M,6400.0,1,never,0,0
Safari 3/4 Sleeve Maxi Kimono With Headwrap,Safari,Off White / Navy Print,S/M,S0625014PR2S/M,4450.0,1,never,0,0
Safari Anga Puffy Short Sleeve Tie Top,Safari,Lime Green / Black Ankara Print,M,S0623056PR7M,650.0,1,never,0,0
Safari Anga Puffy Short Sleeve Tie Top,Safari,Navy Blue / Yellow Ankara Print,M,S0623056PR8M,960.0,3,2026-05-01,0,1
Safari Anga Puffy Short Sleeve Tie Top,Safari,Navy Blue / Yellow Ankara Print,S,S0623056PR8S,960.0,3,never,0,0
Safari Anga Wide Shorts,Safari,Black / White Ankara Print,S,S0623073PR4S,1500.0,5,never,0,0
Safari Anga Wide Shorts,Safari,Green / Orange Print,S,S0623073PR6S,1050.0,1,never,0,0
Safari Anga Wide Shorts,Safari,Navy Blue / Orange Ankara Print,S,S0623073PR1S,1050.0,1,2026-02-25,0,1
Safari Basic Shirt Tent Dress,Safari,Coral,S,S0623047CORS,5250.0,1,never,0,0
Safari Basic Shirt Tent Dress,Safari,Taupe,L,S0623047TAUL,5250.0,1,never,0,0
Safari Basic Shirt Tent Dress,Safari,Taupe,M,S0623047TAUM,5250.0,1,2026-02-03,0,1
Safari Basic Shirt Tent Dress,Safari,Taupe,S,S0623047TAUS,5250.0,1,2026-05-20,0,1
Safari Bush 3/4 Sleeve Top,Safari,Hunters,1X,S0424061HGN1X,750.0,1,2026-05-19,0,6
Safari Bush 3/4 Sleeve Top,Safari,Hunters,L,S0424061HGNL,750.0,1,2026-05-10,0,15
Safari Bush Drawstring Shorts,Safari,Black,M,S0424082BLAM,1650.0,1,2025-11-07,0,4
Safari Bush Drop Shoulder Long Sleeve Top,Safari,Hunters Green,M/L,S0424064HGNM/L,2000.0,1,2026-02-22,0,18
Safari Bush Drop Shoulder Long Sleeve Top,Safari,Hunters Green,XS/S,S0424064HGNXS/S,2000.0,1,2025-07-19,0,7
Safari Bush Drop Shoulder Long Sleeve Top,Safari,Mustard,1X/2X,S0424064MUS1X/2X,1750.0,2,2026-03-13,0,2
Safari Bush Drop Shoulder Long Sleeve Top,Safari,Mustard,M/L,S0424064MUSM/L,1750.0,2,2026-03-17,0,4
Safari Bush Men's Long Sleeve T-shirt,Safari,Grey,1X,S0724020GRY1X,650.0,1,2026-05-03,0,3
Safari Bush Men's Long Sleeve T-shirt,Safari,Hunters Green,2X,S0724020HGN2X,1600.0,1,2024-12-27,0,2
Safari Bush Men's Long Sleeve T-shirt,Safari,Hunters Green,3X,S0724020HGN3X,1600.0,2,2024-12-30,0,1
Safari By Vivo Mens Cotton Long Sleeve Shirt,Safari,White / Navy Print,1X,S0925062PR11X,5400.0,1,never,0,0
Safari By Vivo Mens Cotton Long Sleeve Shirt,Safari,White / Navy Print,L,S0925062PR1L,5400.0,1,never,0,0
Safari By Vivo Mens Cotton Long Sleeve Shirt,Safari,White / Navy Print,M,S0925062PR1M,5400.0,1,never,0,0
Safari By Vivo Mens Cotton Long Sleeve Shirt,Safari,White / Navy Print,S,S0925062PR1S,5400.0,1,never,0,0
Safari By Vivo Mens Cotton Pants,Safari,Khaki Green,1X,S0925061KGRN1X,4800.0,1,never,0,0
Safari By Vivo Mens Cotton Pants,Safari,Khaki Green,L,S0925061KGRNL,4800.0,1,never,0,0
Safari By Vivo Mens Cotton Pants,Safari,Khaki Green,M,S0925061KGRNM,4800.0,1,never,0,0
Safari By Vivo Mens Cotton Pants,Safari,Khaki Green,S,S0925061KGRNS,4800.0,1,never,0,0
Safari By Vivo Mens Cotton Pants,Safari,Navy Blue,1X,S0925061NBLU1X,4800.0,1,never,0,0
Safari By Vivo Mens Cotton Pants,Safari,Navy Blue,L,S0925061NBLUL,4800.0,1,never,0,0
Safari By Vivo Mens Cotton Pants,Safari,Navy Blue,M,S0925061NBLUM,4800.0,1,never,0,0
Safari By Vivo Mens Cotton Pants,Safari,Navy Blue,S,S0925061NBLUS,4800.0,2,never,0,0
Safari By Vivo Mens Cotton Short Sleeve Shirt,Safari,White / Black Print,1X,S0925060PR11X,4400.0,2,never,0,0
Safari By Vivo Mens Cotton Short Sleeve Shirt,Safari,White / Black Print,L,S0925060PR1L,4400.0,4,never,0,0
Safari By Vivo Mens Cotton Short Sleeve Shirt,Safari,White / Black Print,M,S0925060PR1M,4400.0,5,never,0,0
Safari By Vivo Mens Cotton Short Sleeve Shirt,Safari,White / Black Print,S,S0925060PR1S,4400.0,2,never,0,0
Safari By Vivo Mens Cotton Shorts,Safari,Dark Grey,L,S0925059DGRYL,3400.0,1,never,0,0
Safari By Vivo Mens Cotton Shorts,Safari,Dark Grey,M,S0925059DGRYM,3400.0,3,never,0,0
Safari By Vivo Mens Cotton Shorts,Safari,Dark Grey,S,S0925059DGRYS,3400.0,2,never,0,0
Safari By Vivo Mens Cotton Shorts,Safari,Khaki Tan,1X,S0925059KTAN1X,3400.0,1,never,0,0
Safari By Vivo Mens Cotton Shorts,Safari,Khaki Tan,L,S0925059KTANL,3400.0,2,never,0,0
Safari By Vivo Mens Cotton Shorts,Safari,Khaki Tan,M,S0925059KTANM,3400.0,1,never,0,0
Safari By Vivo Mens Cotton Shorts,Safari,Khaki Tan,S,S0925059KTANS,3400.0,1,never,0,0
Safari Chui 3/4 Sleeve A-Line Dress,Safari,Taupe,S,S1024009TAUS,7750.0,1,2026-04-04,0,3
Safari Chui 3/4 Sleeve A-Line Dress,Safari,Taupe,XS,S1024009TAUXS,7750.0,2,never,0,0
Safari Chui 3/4 Sleeve A-Line Dress,Safari,White,XS,S1024009WHIXS,5450.0,1,2025-09-23,0,2
Safari Chui Cropped Jacket,Safari,White Cloud,1X,S1024007WCLO1X,6250.0,2,2025-03-15,0,1
Safari Chui Cropped Jacket,Safari,White Cloud,F,S1024007WCLOS,6250.0,3,2025-05-25,0,4
Safari Chui Cropped Jacket,Safari,White Cloud,L,S1024007WCLOL,6250.0,2,2025-03-28,0,1
Safari Chui Cropped Jacket,Safari,White Cloud,M,S1024007WCLOM,6250.0,1,never,0,0
Safari Chui Cropped Jacket,Safari,White Cloud,XS,S1024007WCLOXS,6250.0,1,never,0,0
Safari Chui Heavy Shirt,Safari,Red,L,S1024013REDL,5950.0,1,2025-12-19,0,6
Safari Chui Heavy Shirt,Safari,Red,M,S1024013REDM,5950.0,1,2026-02-19,0,4
Safari Chui Heavy Shirt,Safari,Red,S,S1024013REDS,5950.0,3,2026-03-28,0,5
Safari Chui Heavy Shirt,Safari,Taupe,1X,S1024013TAU1X,5950.0,1,2026-02-24,0,2
Safari Chui Heavy Shirt,Safari,Taupe,M,S1024013TAUM,5950.0,1,2026-02-19,0,3
Safari Chui Heavy Shirt,Safari,Taupe,S,S1024013TAUS,5950.0,1,2026-03-27,0,2
Safari Chui Heavy Shirt,Safari,Taupe,XS,S1024013TAUXS,5950.0,2,never,0,0
Safari Chui Heavy Shirt,Safari,White,L,S1024013WHIL,5950.0,1,2026-03-13,0,3
Safari Chui Heavy Shirt,Safari,White,M,S1024013WHIM,5950.0,1,2026-04-11,0,5
Safari Chui Heavy Shirt,Safari,White,S,S1024013WHIS,5950.0,2,2026-04-22,0,3
Safari Chui Jodhpur Pants,Safari,White Cloud,S,S1024019WHICS,6250.0,1,2026-05-21,0,5
Safari Chui Jodhpur Pants,Safari,White Cloud,XS,S1024019WHICXS,6250.0,1,never,0,0
Safari Chui Lined Jacket,Safari,White Cloud,1X,S1024005WHIC1X,8950.0,1,never,0,0
Safari Chui Lined Jacket,Safari,White Cloud,L,S1024005WHICL,8950.0,3,never,0,0
Safari Chui Lined Jacket,Safari,White Cloud,M,S1024005WHICM,8950.0,1,2025-03-18,0,1
Safari Chui Lined Jacket,Safari,White Cloud,S,S1024005WHICS,8950.0,3,never,0,0
Safari Chui Lined Jacket,Safari,White Cloud,XS,S1024005WHICXS,8950.0,1,never,0,0
Safari Chui Placket Top,Safari,Chui Print,XS,S1024011PR2XS,5250.0,1,2026-02-19,0,1
Safari Chui Placket Top,Safari,Marara Print,S,S1024011PR1S,3650.0,1,2025-09-12,0,4
Safari Hawi Cargo Pants,Safari,Gold,L,S0623035GOLL,3650.0,2,2024-05-07,0,3
Safari Hawi Cargo Pants,Safari,Light Navy,L,S0623035LINAL,5250.0,3,2026-03-01,0,11
Safari Hawi Cargo Pants,Safari,Light Navy,M,S0623035LINAM,5250.0,1,2026-03-29,0,8
Safari Haya Drop Shoulder Side Tie Top,Safari,Maroon Koi Print,L,S0124007PRT2L,1200.0,1,2024-03-21,0,1
Safari Haya Drop Shoulder Side Tie Top,Safari,Maroon Koi Print,M,S0124007PRT2M,1200.0,1,2024-05-01,0,2
Safari Haya Drop Shoulder Side Tie Top,Safari,Red Koi Print,L,S0124007PRT1L,1400.0,1,2025-11-13,0,2
Safari Haya Drop Shoulder Side Tie Top,Safari,Red Koi Print,M,S0124007PRT1M,1400.0,2,never,0,0
Safari Huru Halter Sleeveless High Low Dress,Safari,Black,S,S0424075BLAS,4050.0,2,never,0,0
Safari Huru Halter Sleeveless High Low Dress,Safari,Rust,S,S0424075RUSS,4050.0,1,2025-09-21,0,2
Safari Huru Halter Sleeveless High Low Dress,Safari,Taupe,M,S0424075TAUM,4050.0,1,2025-11-30,0,1
Safari Kamari Capri Cargo Pants,Safari,Green,1X,S0224195GRE1X,1450.0,1,never,0,0
Safari Kamari Capri Cargo Pants,Safari,Green,4X,S0224195GRE4X,1450.0,1,never,0,0
Safari Kamari Capri Cargo Pants,Safari,Green,M,S0224195GREM,1450.0,1,2026-04-30,0,1
Safari Kamari Capri Cargo Pants,Safari,White,1X,S0224195WHI1X,4750.0,2,never,0,0
Safari Kamari Capri Cargo Pants,Safari,White,3X,S0224195WHI3X,4750.0,1,never,0,0
Safari Kamari Capri Cargo Pants,Safari,White,L,S0224195WHIL,4750.0,2,never,0,0
Safari Kamari Capri Cargo Pants,Safari,White,M,S0224195WHIM,4750.0,3,2024-08-22,0,1
Safari Kamari Capri Cargo Pants,Safari,White,S,S0224195WHIS,4750.0,3,never,0,0
Safari Kamari Drop Shoulder Top,Safari,Hunters Green,1X/2X,S0224189HGN1X/2X,1650.0,1,2024-08-31,0,1
Safari Kamari Drop Shoulder Top,Safari,Navy Blue,1X/2X,S0224189NAB1X/2X,1950.0,1,never,0,0
Safari Kamari Drop Shoulder Top,Safari,Navy Blue,3X/4X,S0224189NAB3X/4X,1950.0,1,never,0,0
Safari Kamari Drop Shoulder Top,Safari,Navy Blue,M/L,S0224189NABM/L,1950.0,3,2025-11-10,0,2
Safari Kamari Drop Shoulder Top,Safari,Navy Blue,XS/S,S0224189NABXS/S,1950.0,3,2025-11-10,0,3
Safari Kamari Drop Shoulder Top,Safari,Tan,1X/2X,S0224189TAN1X/2X,1650.0,2,never,0,0
Safari Kamari Drop Shoulder Top,Safari,Tan,XS/S,S0224189TANXS/S,1650.0,1,2025-09-08,0,3
Safari Kamari Front Slit Midi Skirt,Safari,Black,XS,S0424080BLAXS,3850.0,1,never,0,0
Safari Kamari Front Slit Midi Skirt,Safari,Navy,1X,S0424080NAV1X,5550.0,1,2025-03-04,0,3
Safari Kamari Front Slit Midi Skirt,Safari,Navy,L,S0424080NAVL,5550.0,5,2025-05-17,0,1
Safari Kamari Front Slit Midi Skirt,Safari,Navy,M,S0424080NAVM,5550.0,6,2025-02-22,0,1
Safari Kamari Front Slit Midi Skirt,Safari,Navy,S,S0424080NAVS,5550.0,1,2026-03-02,0,1
Safari Kamari Front Slit Midi Skirt,Safari,White Cloud,1X,S0424080WHC1X,2000.0,1,2026-06-03,0,5
Safari Kamari Front Slit Midi Skirt,Safari,White Cloud,4X,S0424080WHC4X,2000.0,1,never,0,0
Safari Kamari Front Slit Midi Skirt,Safari,White Cloud,L,S0424080WHCL,2000.0,2,2026-05-30,0,2
Safari Kamari Front Slit Midi Skirt,Safari,White Cloud,S,S0424080WHCS,2000.0,1,never,0,0
Safari Kamari Halter Shirt,Safari,Baby Blue,2X,S0224190BAB2X,1150.0,1,never,0,0
Safari Kamari Halter Shirt,Safari,Baby Blue,3X,S0224190BAB3X,1150.0,1,never,0,0
Safari Kamari Halter Shirt,Safari,Beige,L,S0224190BEIL,650.0,1,2026-01-30,0,2
Safari Kamari Halter Shirt,Safari,Beige,XS,S0224190BEIXS,650.0,1,never,0,0
Safari Kamari Halter Shirt,Safari,Light Blue,3X,S0224190LBLU3X,1150.0,1,never,0,0
Safari Kamari Halter Shirt,Safari,Light Blue,4X,S0224190LBLU4X,1150.0,1,never,0,0
Safari Kamari Halter Shirt,Safari,Light Blue,L,S0224190LBLUL,1150.0,1,2024-08-19,0,1
Safari Kamari Halter Shirt,Safari,Light Blue,XS,S0224190LBLUXS,1150.0,1,never,0,0
Safari Kamari Halter Shirt,Safari,Navy Blue,3X,S0224190NAB3X,1150.0,2,never,0,0
Safari Kamari Halter Shirt,Safari,Navy Blue,4X,S0224190NAB4X,1150.0,1,never,0,0
Safari Kamari Halter Shirt,Safari,Navy Blue,S,S0224190NABS,1150.0,1,2024-11-30,0,2
Safari Kamari Halter Shirt,Safari,Orange,L,S0224190ORAL,3050.0,1,2025-03-17,0,1
Safari Kamari Halter Shirt,Safari,Orange,M,S0224190ORAM,3050.0,1,2026-05-19,0,1
Safari Kamari Halter Shirt,Safari,Orange,S,S0224190ORAS,3050.0,1,2026-05-19,0,1
Safari Kamari Halter Shirt,Safari,Rust Orange,4X,S0224190RUS4X,1150.0,1,never,0,0
Safari Kamari Halter Shirt,Safari,Rust Orange,L,S0224190RUSL,1150.0,1,2025-02-21,0,1
Safari Kamari Halter Shirt,Safari,Rust Orange,XS,S0224190RUSXS,1150.0,1,2026-02-05,0,1
Safari Kamari Long Sleeve Drawstring Shacket,Safari,Black,1X/2X,S0224181BLA1X/2X,5550.0,1,2025-06-07,0,2
Safari Kamari Long Sleeve Drawstring Shacket,Safari,Black,M/L,S0224181BLAM/L,5550.0,1,2026-04-30,0,4
Safari Kamari Long Sleeve Drawstring Shacket,Safari,Black,XS/S,S0224181BLAXS/S,5550.0,1,2025-05-26,0,2
Safari Kamari Long Sleeve Drawstring Shacket,Safari,Hunters Green,1X/2X,S0224181HGN1X/2X,5550.0,2,2026-04-23,0,2
Safari Kamari Long Sleeve Drawstring Shacket,Safari,Hunters Green,M/L,S0224181HGNM/L,5550.0,1,2025-10-31,0,5
Safari Kamari Long Sleeve Drawstring Shacket,Safari,Hunters Green,XS/S,S0224181HGNXS/S,5550.0,2,2025-04-13,0,1
Safari Kamari Long Sleeve Drawstring Shacket,Safari,Navy Blue,1X/2X,S0224181NAB1X/2X,2250.0,1,2026-01-04,0,1
Safari Kamari Long Sleeve Drawstring Shacket,Safari,Navy Blue,M/L,S0224181NABM/L,2250.0,1,2024-10-17,0,1
Safari Kamari Mini Skirt,Safari,White Cloud,1X,S0224199WHC1X,250.0,1,never,0,0
Safari Kamari Mini Skirt,Safari,White Cloud,3X,S0224199WHC3X,250.0,1,never,0,0
Safari Kamari Mini Skirt,Safari,White Cloud,4X,S0224199WHC4X,250.0,1,never,0,0
Safari Kamari Mini Skirt,Safari,White Cloud,M,S0224199WHCM,250.0,1,2025-10-08,0,4
Safari Kamari Ribbed Top,Safari,Beige,3X,S0424073BEI3X,750.0,1,2026-06-10,0,2
Safari Kamari Ribbed Top,Safari,Beige,L,S0424073BEIL,750.0,1,2026-04-29,0,5
Safari Kamari Ribbed Top,Safari,Beige,XS,S0424073BEIXS,750.0,1,2024-09-14,0,2
Safari Kamari Ribbed Top,Safari,Gold,M/L,S0424073GOLM/L,2500.0,1,2026-03-20,0,7
Safari Kamari Ribbed Top,Safari,Hunters Green,1X,S0424073HGN1X,1100.0,2,never,0,0
Safari Kamari Ribbed Top,Safari,Hunters Green,2X,S0424073HGN2X,1100.0,2,never,0,0
Safari Kamari Ribbed Top,Safari,Hunters Green,4X,S0424073HGN4X,1100.0,1,never,0,0
Safari Kamari Ribbed Top,Safari,Hunters Green,L,S0424073HGNL,1100.0,1,2026-03-23,0,1
Safari Kamari Ribbed Top,Safari,Hunters Green,XS,S0424073HGNXS,1100.0,1,never,0,0
Safari Kaya Sleeveless Tent Shirt Dress,Safari,Black,L,S0224135BLAL,5750.0,1,2025-12-01,0,2
Safari Kaya Sleeveless Tent Shirt Dress,Safari,Black,M,S0224135BLAM,5750.0,1,2026-04-13,0,3
Safari Kaya Sleeveless Tent Shirt Dress,Safari,Blue,M,S0224135BLUM,2850.0,1,2025-11-18,0,5
Safari Kaya Sleeveless Tent Shirt Dress,Safari,Taupe,L,S0224135TAUL,4050.0,1,never,0,0
Safari Kikoy Joggers,Safari,Black,M,S0923114BLAM,1920.0,1,2026-02-19,0,2
Safari Kikoy Long Sleeve Shacket,Safari,Green,XS,S0923075GREEXS,1850.0,1,never,0,0
Safari Kikoy Off Shoulder Crop Top,Safari,Blue / Red Print,S,S0923074PR6S,650.0,1,never,0,0
Safari Kikoy Off Shoulder Crop Top,Safari,Light Blue Print,S,S0923074PR5S,450.0,3,2025-04-29,0,1
Safari Kikoy Tunic High Low Top,Safari,Maroon,F,S1023066MARF,1300.0,1,never,0,0
Safari Kikoy Wrap Dress,Safari,Parrot,4X,S0923093PAR4X,4850.0,1,never,0,0
Safari Kikoy Wrap Dress,Safari,Red,1X,S0923093RED1X,4850.0,1,never,0,0
Safari Kikoy Wrap Dress,Safari,Red,L,S0923093REDL,4850.0,1,never,0,0
Safari Kitenge Men's Sweat Pants,Safari,Grey/ Neba Print,1X,S0824055GNB1X,4550.0,1,never,0,0
Safari Kitenge Men's Sweat Pants,Safari,Grey/ Neba Print,2X,S0824055GNB2X,4550.0,1,never,0,0
Safari Kitenge Men's Sweat Pants,Safari,Grey/ Neba Print,3X,S0824055GNB3X,4550.0,1,never,0,0
Safari Kitenge Men's Sweat Pants,Safari,Grey/ Neba Print,4X,S0824055GNB4X,4550.0,1,never,0,0
Safari Kitenge Men's Sweat Pants,Safari,Grey/ Neba Print,L,S0824055GNBL,4550.0,1,never,0,0
Safari Kitenge Men's Sweat Pants,Safari,Grey/ Neba Print,M,S0824055GNBM,4550.0,1,never,0,0
Safari Kitenge Men's Sweat Pants,Safari,Grey/ Neba Print,S,S0824055GNBS,4550.0,1,never,0,0
Safari Kitenge Men's Sweat Pants,Safari,Grey/ Neba Print,XS,S0824055GNBXS,4550.0,1,never,0,0
Safari Kitenge Men's Sweat Pants,Safari,Teal/ Tafo Print,1X,S0824055TTF1X,4550.0,1,never,0,0
Safari Kitenge Men's Sweat Pants,Safari,Teal/ Tafo Print,L,S0824055TTFL,4550.0,1,never,0,0
Safari Kitenge Men's Sweat Pants,Safari,Teal/ Tafo Print,M,S0824055TTFM,4550.0,1,never,0,0
Safari Kitenge Men's Sweat Pants,Safari,Teal/ Tafo Print,S,S0824055TTFS,4550.0,1,never,0,0
Safari Kitenge Men's Sweatshirt,Safari,Grey/ Neba Print,1X,S0824054GNB1X,4250.0,1,never,0,0
Safari Kitenge Men's Sweatshirt,Safari,Grey/ Neba Print,2X,S0824054GNB2X,4250.0,1,never,0,0
Safari Kitenge Men's Sweatshirt,Safari,Grey/ Neba Print,4X,S0824054GNB4X,4250.0,1,never,0,0
Safari Kitenge Men's Sweatshirt,Safari,Grey/ Neba Print,L,S0824054GNBL,4250.0,1,never,0,0
Safari Kitenge Men's Sweatshirt,Safari,Grey/ Neba Print,M,S0824054GNBM,4250.0,1,never,0,0
Safari Kitenge Men's Sweatshirt,Safari,Grey/ Neba Print,XS,S0824054GNBXS,4250.0,1,never,0,0
Safari Kitenge Men's Sweatshirt,Safari,Teal/ Tafo Print,2X,S0824054TTF2X,4250.0,1,never,0,0
Safari Kitenge Men's Sweatshirt,Safari,Teal/ Tafo Print,4X,S0824054TTF4X,4250.0,1,never,0,0
Safari Kitenge Men's Sweatshirt,Safari,Teal/ Tafo Print,S,S0824054TTFS,4250.0,1,never,0,0
Safari Lira Drop Shoulder Dress,Safari,Orange,1X,S1123112ORA1X,3650.0,1,never,0,0
Safari Lira Front Panelled Shirt Dress,Safari,Black / Pink,1X,S1123111BLA/PIN1X,2320.0,3,never,0,0
Safari Lira Front Panelled Shirt Dress,Safari,Pink / Black,1X,S1123111PIN/BLA1X,2320.0,1,2026-04-30,0,2
Safari Mali 3/4 Bishop Sleeve Tie Top,Safari,Baby Blue,1X,S0123088BBLU1X,4250.0,1,never,0,0
Safari Mali 3/4 Bishop Sleeve Tie Top,Safari,Baby Blue,M,S0123088BBLUM,4250.0,3,never,0,0
Safari Mali 3/4 Bishop Sleeve Tie Top,Safari,Hunters Green,2X,S0123088HGN2X,2950.0,2,never,0,0
Safari Mali 3/4 Bishop Sleeve Tie Top,Safari,Hunters Green,4X,S0123088HGN4X,2950.0,1,never,0,0
Safari Mali 3/4 Bishop Sleeve Tie Top,Safari,Navy Blue,L,S0123088NABL,4250.0,2,never,0,0
Safari Mali 3/4 Bishop Sleeve Tie Top,Safari,Navy Blue,M,S0123088NABM,4250.0,1,2024-11-04,0,2
Safari Mali 3/4 Bishop Sleeve Tie Top,Safari,Orange,1X,S0123088ORA1X,2950.0,1,2026-02-03,0,1
Safari Mali 3/4 Bishop Sleeve Tie Top,Safari,Pink,2X,S0123088PIN2X,1100.0,1,never,0,0
Safari Mali 3/4 Bishop Sleeve Tie Top,Safari,Pink,4X,S0123088PIN4X,1100.0,1,never,0,0
Safari Mali 3/4 Bishop Sleeve Tie Top,Safari,Pink,XS,S0123088PINXS,1100.0,1,never,0,0
Safari Mali 3/4 Bishop Sleeve Tie Top,Safari,Taupe,2X,S0123088TAU2X,2950.0,1,never,0,0
Safari Mali 3/4 Bishop Sleeve Tie Top,Safari,White,1X,S0123088WHI1X,3000.0,1,never,0,0
Safari Mali 3/4 Bishop Sleeve Tie Top,Safari,White,2X,S0123088WHI2X,3000.0,1,never,0,0
Safari Mali 3/4 Bishop Sleeve Tie Top,Safari,White,L,S0123088WHIL,3000.0,3,never,0,0
Safari Mali Bishop Sleeve Shirt Dress,Safari,Black,1X,S0223180BLA1X,4950.0,1,2025-05-07,0,1
Safari Mali Bishop Sleeve Shirt Dress,Safari,Black,3X,S0223180BLA3X,4950.0,1,never,0,0
Safari Mali Bishop Sleeve Shirt Dress,Safari,Black,L,S0223180BLAL,4950.0,1,2025-05-05,0,1
Safari Mali Bishop Sleeve Shirt Dress,Safari,Black,M,S0223180BLAM,4950.0,1,2025-01-02,0,1
Safari Mali Bishop Sleeve Shirt Dress,Safari,Black,S,S0223180BLAS,4950.0,1,never,0,0
Safari Mali Bishop Sleeve Shirt Dress,Safari,Khaki,3X,S0223180KHA3X,3500.0,1,never,0,0
Safari Mali Bishop Sleeve Shirt Dress,Safari,Khaki,L,S0223180KHAL,3500.0,1,2025-05-07,0,1
Safari Mali Bishop Sleeve Shirt Dress,Safari,Khaki,M,S0223180KHAM,3500.0,1,never,0,0
Safari Mali Bishop Sleeve Shirt Dress,Safari,Khaki,S,S0223180KHAS,3500.0,1,2025-07-17,0,2
Safari Mali Bishop Sleeve Tent Dress,Safari,Black,L,S0223179BLAL,3600.0,1,2024-08-08,0,2
Safari Mali Bishop Sleeve Tent Dress,Safari,Black,M,S0223179BLAM,3600.0,1,2024-09-30,0,3
Safari Mali Bishop Sleeve Tent Dress,Safari,Teal,1X,S0223179TEA1X,5950.0,1,never,0,0
Safari Mali Bishop Sleeve Tent Dress,Safari,Teal,M,S0223179TEAM,5950.0,1,never,0,0
Safari Mali Off,Safari,Shoulder Ruffle Knee Length Dress - Dark Pink,1X,S0223175DPIN1X,1450.0,1,never,0,0
Safari Mali Off Shoulder Ruffle Top,Safari,Blue,1X,S0223174BLUXL,1050.0,1,never,0,0
Safari Mali Off Shoulder Ruffle Top,Safari,Blue,L,S0223174BLUL,1050.0,1,2026-02-26,0,1
Safari Mansi Bishop Sleeve Shacket,Safari,Black,2X,S0924002BLA1X2X,2050.0,1,2025-06-04,0,1
Safari Mansi Bishop Sleeve Shacket,Safari,Black,L,S0924002BLAML,2050.0,1,2025-12-22,0,2
Safari Mansi Bishop Sleeve Shacket,Safari,Black,S,S0924002BLAXSS,2050.0,1,never,0,0
Safari Mansi Bishop Sleeve Shacket,Safari,Mustard,M/L,S0924002MUSM/L,2050.0,1,2025-04-23,0,1
Safari Mansi Bishop Sleeve Shacket,Safari,Mustard,XS/S,S0924002MUSXS/S,2050.0,1,never,0,0
Safari Mansi Bishop Sleeve Shacket,Safari,Navy,1X/2X,S0924002NAV1X/2X,4850.0,1,2025-06-29,0,3
Safari Mansi Bishop Sleeve Shacket,Safari,Navy,XS/S,S0924002NAVXS/S,4850.0,1,never,0,0
Safari Mansi Bishop Sleeve Shacket,Safari,Orange,2X,S0924002ORA1X2X,6950.0,1,never,0,0
Safari Mansi Bishop Sleeve Shacket,Safari,Orange,L,S0924002ORAML,6950.0,6,never,0,0
Safari Mansi Bishop Sleeve Shacket,Safari,Orange,S,S0924002ORAXSS,6950.0,2,never,0,0
Safari Mansi Bishop Sleeve Shacket,Safari,Rust,1X/2X,S0924002RUS1X/2X,4850.0,1,2025-11-02,0,2
Safari Mansi Bishop Sleeve Shacket,Safari,Rust,XS/S,S0924002RUSXS/S,4850.0,1,2025-03-11,0,1
Safari Mansi Bishop Sleeve Shacket,Safari,Taupe,2X,S0924002TAUP1X2X,2050.0,1,2025-08-26,0,1
Safari Mansi Bishop Sleeve Shacket,Safari,Taupe,L,S0924002TAUPML,2050.0,1,2025-09-25,0,1
Safari Mansi Dolman Top,Safari,Navy,1X,S0924003NAV1X,1150.0,2,2025-11-16,0,1
Safari Mansi Dolman Top,Safari,Navy,M,S0924003NAVM,1150.0,1,2026-05-09,0,3
Safari Mansi Dolman Top,Safari,Taupe,M,S0924003TAUM,2750.0,1,2026-04-29,0,3
Safari Mansi Dolman Top,Safari,White,3X,S0924003WHI3X,2750.0,1,never,0,0
Safari Mansi Dolman Top,Safari,White,4X,S0924003WHI4X,2750.0,1,never,0,0
Safari Mansi Mens Shorts,Safari,Black Stripes,1X,S0924026PR11X,950.0,1,never,0,0
Safari Mansi Mens Shorts,Safari,Black Stripes,L,S0924026PR1L,950.0,1,never,0,0
Safari Mansi Mens Shorts,Safari,Black Stripes,M,S0924026PR1M,950.0,1,never,0,0
Safari Mansi Mens Shorts,Safari,Black Stripes,S,S0924026PR1S,950.0,1,2025-06-26,0,1
Safari Mansi Mens Shorts,Safari,Green Stripes,1X,S0924026PR21X,3300.0,2,never,0,0
Safari Mansi Mens Shorts,Safari,Green Stripes,L,S0924026PR2L,3300.0,2,2026-01-05,0,1
Safari Mansi Mens Shorts,Safari,Green Stripes,M,S0924026PR2M,3300.0,2,never,0,0
Safari Mansi Mens Shorts,Safari,Green Stripes,S,S0924026PR2S,3300.0,2,never,0,0
Safari Mansi Mens Summer Shirt,Safari,Black Stripes,1X,S0924024PR11X,1250.0,1,never,0,0
Safari Mansi Mens Summer Shirt,Safari,Black Stripes,2X,S0924024PR12X,1250.0,1,never,0,0
Safari Mansi Mens Summer Shirt,Safari,Black Stripes,3X,S0924024PR13X,1250.0,1,never,0,0
Safari Mansi Mens Summer Shirt,Safari,Black Stripes,4X,S0924024PR14X,1250.0,1,never,0,0
Safari Mansi Mens Summer Shirt,Safari,Black Stripes,L,S0924024PR1L,1250.0,2,never,0,0
Safari Mansi Mens Summer Shirt,Safari,Black Stripes,M,S0924024PR1M,1250.0,2,never,0,0
Safari Mansi Mens Summer Shirt,Safari,Black Stripes,S,S0924024PR1S,1250.0,1,never,0,0
Safari Mansi Mens Summer Shirt,Safari,Green Stripes,1X,S0924024PR21X,1250.0,1,never,0,0
Safari Mansi Mens Summer Shirt,Safari,Green Stripes,2X,S0924024PR22X,1250.0,1,never,0,0
Safari Mansi Mens Summer Shirt,Safari,Green Stripes,3X,S0924024PR23X,1250.0,1,never,0,0
Safari Mansi Mens Summer Shirt,Safari,Green Stripes,4X,S0924024PR24X,1250.0,2,never,0,0
Safari Mansi Mens Summer Shirt,Safari,Green Stripes,L,S0924024PR2L,1250.0,1,2025-05-06,0,1
Safari Mansi Mens Summer Shirt,Safari,Green Stripes,M,S0924024PR2M,1250.0,2,never,0,0
Safari Mansi Mens Summer Shirt,Safari,Green Stripes,S,S0924024PR2S,1250.0,2,never,0,0
Safari Mansi Straight Leg Pants,Safari,Black,1X,S0924017BLA1X,4950.0,2,2025-07-16,0,4
Safari Mansi Straight Leg Pants,Safari,Black,L,S0924017BLAL,4950.0,3,2025-05-23,0,5
Safari Mansi Straight Leg Pants,Safari,Black,M,S0924017BLAM,4950.0,1,2025-08-25,0,2
Safari Mansi Straight Leg Pants,Safari,Black,S,S0924017BLAS,4950.0,1,2025-09-01,0,2
Safari Mansi Straight Leg Pants,Safari,Navy,S,S0924017NAVS,4950.0,2,2025-06-06,0,2
Safari Mara Shirred Bishop Sleeve Dress,Safari,Coral,1X,S1022008COR1X,5500.0,1,2026-04-06,0,1
Safari Mara Shirred Bishop Sleeve Dress,Safari,Coral,L,S1022008CORL,5500.0,1,never,0,0
Safari Mara Shirred Bishop Sleeve Dress,Safari,Coral,M,S1022008CORM,5500.0,1,never,0,0
Safari Mara Shirred Bishop Sleeve Dress,Safari,Mustard,L,S1022008MUSL,5500.0,1,2026-03-02,0,1
Safari Mara Shirred Bishop Sleeve Dress,Safari,Mustard,M,S1022008MUSM,5500.0,1,2026-02-08,0,1
Safari Mara Shirred Bishop Sleeve Dress,Safari,Mustard,S,S1022008MUSS,5500.0,2,2026-06-04,0,1
Safari Mara Shirred Bishop Sleeve Dress,Safari,Orange,1X,S1022008ORAXL,5500.0,1,never,0,0
Safari Mara Shirred Bishop Sleeve Dress,Safari,Orange,L,S1022008ORAL,5500.0,1,2026-05-02,0,3
Safari Mara Shirred Bishop Sleeve Dress,Safari,Orange,M,S1022008ORAM,5500.0,1,never,0,0
Safari Mara Shirred Bishop Sleeve Dress,Safari,Orange,S,S1022008ORAS,5500.0,3,2026-05-30,0,1
Safari Mara Shirred Bishop Sleeve Dress,Safari,Taupe,L,S1022008TAUL,5500.0,1,2023-07-28,0,5
Safari Mara Shirred Bishop Sleeve Dress,Safari,Taupe,M,S1022008TAUM,5500.0,1,2025-03-21,0,3
Safari Mara Wide Bishop Sleeve Top,Safari,Yellow,S/M,S1122036YELS/M,3150.0,1,never,0,0
Safari Men's Bomber Jacket,Safari,Dark Grey,1X,S0424035DGRY1X,4200.0,1,never,0,0
Safari Men's Bomber Jacket,Safari,Dark Grey,L,S0424035DGRYL,4200.0,1,never,0,0
Safari Men's Bomber Jacket,Safari,Dark Grey,M,S0424035DGRYM,4200.0,1,never,0,0
Safari Men's Bomber Jacket,Safari,Dark Grey,S,S0424035DGRYS,4200.0,1,never,0,0
Safari Men's Bomber Jacket,Safari,Light Grey,M,S0424035LGRYM,3000.0,1,never,0,0
Safari Men's Cargo Pants,Safari,Dark Grey,1X,S0424047DGRY1X,1750.0,1,never,0,0
Safari Men's Cargo Pants,Safari,Dark Grey,L,S0424047DGRYL,1750.0,1,never,0,0
Safari Men's Cargo Pants,Safari,Dark Grey,M,S0424047DGRYM,1750.0,1,never,0,0
Safari Men's Cargo Pants,Safari,Dark Grey,S,S0424047DGRYS,1750.0,1,2024-10-14,0,1
Safari Men's Cargo Pants,Safari,Light Grey,L,S0424047LGRYL,2950.0,2,never,0,0
Safari Men's Chinese Collar Long Sleeve Shirt,Safari,Coral,L,S0424039CORL,1150.0,1,2026-05-16,0,2
Safari Men's Chinese Collar Long Sleeve Shirt,Safari,Coral,M,S0424039CORM,1150.0,2,2026-05-05,0,4
Safari Men's Chinese Collar Long Sleeve Shirt,Safari,Coral,S,S0424039CORS,1150.0,1,never,0,0
Safari Men's Chinese Collar Long Sleeve Shirt,Safari,Grey Stripped,1X,S0423039GRY1X,2700.0,1,never,0,0
Safari Men's Chinese Collar Long Sleeve Shirt,Safari,Grey Stripped,M,S0423039GRYM,2700.0,2,never,0,0
Safari Men's Chinese Collar Long Sleeve Shirt,Safari,Grey Stripped,S,S0423039GRYS,2700.0,1,never,0,0
Safari Men's Chinese Collar Long Sleeve Shirt,Safari,White,1X,S0423039WHI1X,1850.0,1,never,0,0
Safari Men's Chinese Collar Long Sleeve Shirt,Safari,White,S,S0423039WHIS,1850.0,1,never,0,0
Safari Men's Kitenge Drawstring Shorts,Safari,Black / Yellow Print,S,S0424041PR11S,3400.0,1,2025-12-22,0,1
Safari Men's Kitenge Drawstring Shorts,Safari,Chari Print,4X,S0424041PR74X,1800.0,1,never,0,0
Safari Men's Kitenge Drawstring Shorts,Safari,Chari Print,M,S0424041PR7M,1800.0,1,never,0,0
Safari Men's Kitenge Drawstring Shorts,Safari,Chari Print,S,S0424041PR7S,1800.0,1,2025-12-22,0,1
Safari Men's Kitenge Drawstring Shorts,Safari,Coral,M,S0424041CORM,1050.0,2,never,0,0
Safari Men's Kitenge Drawstring Shorts,Safari,Dark Grey,L,S0424041DGRYL,1050.0,1,2025-07-02,0,1
Safari Men's Kitenge Drawstring Shorts,Safari,Dark Grey,M,S0424041DGRYM,1050.0,2,never,0,0
Safari Men's Kitenge Drawstring Shorts,Safari,Dark Grey,S,S0424041DGRYS,1050.0,1,never,0,0
Safari Men's Kitenge Drawstring Shorts,Safari,Himo Print,L,S0424041PR8L,1800.0,1,never,0,0
Safari Men's Kitenge Drawstring Shorts,Safari,Himo Print,M,S0424041PR8M,1800.0,2,never,0,0
Safari Men's Kitenge Drawstring Shorts,Safari,Himo Print,S,S0424041PR8S,1800.0,2,never,0,0
Safari Men's Kitenge Drawstring Shorts,Safari,Keri Print,1X,S0424041PR91X,1800.0,3,never,0,0
Safari Men's Kitenge Drawstring Shorts,Safari,Keri Print,M,S0424041PR9M,1800.0,1,never,0,0
Safari Men's Kitenge Drawstring Shorts,Safari,Keri Print,S,S0424041PR9S,1800.0,1,never,0,0
Safari Men's Kitenge Drawstring Shorts,Safari,Light Green,M,S0424041LGRNM,750.0,1,never,0,0
Safari Men's Kitenge Drawstring Shorts,Safari,Navy / Blue Print,M,S0424041PR10M,2050.0,1,2025-12-22,0,2
Safari Men's Kitenge Drawstring Shorts,Safari,Navy / Blue Print,S,S0424041PR10S,2050.0,1,2026-01-13,0,2
Safari Men's Kitenge Drawstring Shorts,Safari,Tana Print,3X,S0424041PR63X,2050.0,1,never,0,0
Safari Men's Kitenge Drawstring Shorts,Safari,Tana Print,4X,S0424041PR64X,2050.0,2,never,0,0
Safari Men's Kitenge Drawstring Shorts,Safari,Tana Print,S,S0424041PR6S,2050.0,1,never,0,0
Safari Men's Kitenge Drawstring Shorts,Safari,Tari Print,4X,S0424041PR54X,3550.0,1,never,0,0
Safari Men's Kitenge Drawstring Shorts,Safari,Tari Print,S,S0424041PR5S,3550.0,1,never,0,0
Safari Men's Long Sleeve Shirt,Safari,Denim Blue,1X,S0424145DMBLU1X,1250.0,1,never,0,0
Safari Men's Long Sleeve Shirt,Safari,Denim Blue,L,S0424145DMBLUL,1250.0,1,never,0,0
Safari Men's Long Sleeve Shirt,Safari,Denim Blue,S,S0424145DMBLUS,1250.0,1,never,0,0
Safari Men's Long Sleeve Shirt,Safari,Khaki,1X,S0424145KHA1X,1250.0,1,never,0,0
Safari Men's Long Sleeve Shirt,Safari,Khaki,L,S0424145KHAL,1250.0,1,2025-05-01,0,1
Safari Men's Long Sleeve Shirt,Safari,Khaki,M,S0424145KHAM,1250.0,3,2025-01-23,0,1
Safari Men's Long Sleeve Shirt,Safari,Khaki,S,S0424145KHAS,1250.0,2,2024-10-31,0,1
Safari Men's Long Sleeve T-shirt,Safari,Black / Elmi Print,L,S0824053PR2L,1200.0,1,2026-04-30,0,1
Safari Men's Long Sleeve T-shirt,Safari,Black / Elmi Print,M,S0824053PR2M,1200.0,2,2026-04-30,0,1
Safari Men's Long Sleeve T-shirt,Safari,Black / Elmi Print,S,S0824053PR2S,1200.0,1,never,0,0
Safari Men's Long Sleeve T-shirt,Safari,Navy / Tari Print,1X,S0824053PR11X,650.0,1,never,0,0
Safari Men's Long Sleeve T-shirt,Safari,Navy / Tari Print,L,S0824053PR1L,650.0,1,never,0,0
Safari Men's Long Sleeve T-shirt,Safari,Navy / Tari Print,M,S0824053PR1M,650.0,3,never,0,0
Safari Men's Long Sleeve T-shirt,Safari,Navy / Tari Print,S,S0824053PR1S,650.0,2,never,0,0
Safari Men's Shacket,Safari,Coral,L,S0424037CORL,1850.0,1,never,0,0
Safari Men's Shacket,Safari,Dark Grey,1X,S0424037DGRY1X,1850.0,1,never,0,0
Safari Men's Shacket,Safari,Dark Grey,2X,S0424037DGRY2X,1850.0,1,never,0,0
Safari Men's Shacket,Safari,Dark Grey,L,S0424037DGRYL,1850.0,2,never,0,0
Safari Men's Shacket,Safari,Dark Grey,M,S0424037DGRYM,1850.0,1,2026-05-04,0,1
Safari Men's Shacket,Safari,Dark Grey,S,S0424037DGRYS,1850.0,3,2024-10-14,0,1
Safari Men's Shacket,Safari,Khaki Grey,1X,S0424037KHGRY1X,4350.0,1,never,0,0
Safari Men's Shacket,Safari,Khaki Grey,S,S0424037KHGRYS,4350.0,1,never,0,0
Safari Men's Short Sleeve Shirt,Safari,Black / Chari Print,2X,S0424198PR62X,2950.0,1,never,0,0
Safari Men's Short Sleeve Shirt,Safari,Black / Chari Print,3X,S0424198PR63X,2950.0,1,never,0,0
Safari Men's Short Sleeve Shirt,Safari,Black / Chari Print,4X,S0424198PR64X,2950.0,1,never,0,0
Safari Men's Short Sleeve Shirt,Safari,Black / Tana Print,2X,S0424198PR52X,2950.0,1,never,0,0
Safari Men's Short Sleeve Shirt,Safari,Black / Tana Print,3X,S0424198PR53X,2950.0,1,never,0,0
Safari Men's Short Sleeve Shirt,Safari,Black / Tana Print,4X,S0424198PR54X,2950.0,1,never,0,0
Safari Men's Short Sleeve Shirt,Safari,Black / Tana Print,S,S0424198PR5S,2950.0,1,never,0,0
Safari Men's Short Sleeve Shirt,Safari,Black / Tari Print,3X,S0424198PR43X,2950.0,1,never,0,0
Safari Men's Short Sleeve Shirt,Safari,White / Chari Print,2X,S0424198PR12X,2950.0,1,never,0,0
Safari Men's Short Sleeve Shirt,Safari,White / Chari Print,3X,S0424198PR13X,2950.0,2,never,0,0
Safari Men's Short Sleeve Shirt,Safari,White / Chari Print,4X,S0424198PR14X,2950.0,1,never,0,0
Safari Naledi Gathered Panel Maxi Skirt,Safari,Chocolate,F,S0325065CHOF,4450.0,1,never,0,0
Safari Naledi Gathered Panel Maxi Skirt,Safari,Navy,F,S0325065NAVF,6400.0,2,never,0,0
Safari Naledi Gathered Panel Maxi Skirt,Safari,Olive,F,S0325065OLIF,4450.0,2,2025-06-23,0,1
Safari Naledi Gathered Panel Maxi Skirt,Safari,Pink,F,S0325065PINF,6400.0,3,never,0,0
Safari Nazari Coat Dress,Safari,Blue / Pink Azizi Print,L,S0825005PR1L,4050.0,1,2026-05-03,0,1
Safari Nazari Coat Dress,Safari,Green / Black Adia Print,M,S0825005PR2M,4050.0,1,never,0,0
Safari Nazari Coat Dress,Safari,Navy / Brown Chiku Print,S,S0825005PR5S,4050.0,1,2026-02-18,0,1
Safari Nazari Coat Dress,Safari,Navy / Peach Johari Print,M,S0825005PR4M,5800.0,1,2026-05-08,0,1
Safari Nazari Coat Dress,Safari,Navy / Peach Johari Print,S,S0825005PR4S,5800.0,1,never,0,0
Safari Nazari Coat Dress,Safari,Navy / Pink Bakari Print - Navy / Pink Bakari Print / S0825005 / M,M,S0825005PR3M,0.0,2,never,0,0
Safari Nimali 3/4 Sleeve Maxi Dress,Safari,Sipo Print,4X,S0223033PR104X,4850.0,1,2025-11-11,0,2
Safari Nimali Bubble Sleeve Top,Safari,Navy,1X,S0124026NAV1X,1400.0,1,2025-11-22,0,3
Safari Nimali Bubble Sleeve Top,Safari,Navy,L,S0124026NAVL,1400.0,1,2024-12-16,0,3
Safari Nimali Bubble Sleeve Top,Safari,Navy,S,S0124026NAVS,1400.0,2,2024-05-30,0,1
Safari Nimali Bubble Sleeve Top,Safari,Red,L,S0124026REDL,3950.0,2,2026-02-19,0,1
Safari Nimali Bubble Sleeve Top,Safari,Red,S,S0124026REDS,3950.0,1,never,0,0
Safari Nimali Bubble Sleeve Top,Safari,Teal,L,S0124026TEAL,1350.0,1,2024-12-16,0,2
Safari Nimali Ruffle Sleeve Top,Safari,Jura Print,L,S0223023PR3L,850.0,1,never,0,0
Safari Njano Front Drawstring Tunic Top,Safari,Hunters Green,XS/S,S0724137HGRNXS/S,3450.0,1,2025-06-02,0,1
Safari Njano Front Tie Dress,Safari,Tana Print,2X,S0724139PR22X,1750.0,1,never,0,0
Safari Njano Front Tie Dress,Safari,Tana Print,3X,S0724139PR23X,1750.0,1,never,0,0
Safari Njano Front Tie Dress,Safari,Tana Print,4X,S0724139PR24X,1750.0,1,never,0,0
Safari Njano Front Tie Dress,Safari,Tana Print,L,S0724139PR2L,1750.0,1,2025-10-21,0,3
Safari Njano Front Tie Dress,Safari,Tana Print,M,S0724139PR2M,1750.0,1,2025-02-16,0,1
Safari Njano Joggers,Safari,Green / Tafo Print,M,S0724143GRNTM,4800.0,1,never,0,0
Safari Njano Joggers,Safari,Green / Tafo Print,S,S0724143GRNTS,4800.0,1,never,0,0
Safari Njano Joggers,Safari,Navy Blue / Tana Print,M,S0724143NABTM,4800.0,1,never,0,0
Safari Njano Joggers,Safari,Navy Blue / Tana Print,S,S0724143NABTS,4800.0,1,never,0,0
Safari Njano Joggers,Safari,Rust / Himo Print,M,S0724143RUSHM,3350.0,1,never,0,0
Safari Njano Joggers,Safari,Rust / Himo Print,S,S0724143RUSHS,3350.0,1,never,0,0
Safari Njano Men's Easy Fit Kitenge Pants,Safari,Black / Brown Print,1X,S0925045PR21X,4800.0,1,never,0,0
Safari Njano Men's Easy Fit Kitenge Pants,Safari,Black / Brown Print,L,S0925045PR2L,4800.0,1,never,0,0
Safari Njano Men's Easy Fit Kitenge Pants,Safari,Black / Brown Print,M,S0925045PR2M,4800.0,1,never,0,0
Safari Njano Men's Easy Fit Kitenge Pants,Safari,Black / Brown Print,S,S0925045PR2S,4800.0,1,never,0,0
Safari Njano Men's Easy Fit Kitenge Pants,Safari,Black / Dark Teal Print,1X,S0925045PR11X,4800.0,1,never,0,0
Safari Njano Men's Easy Fit Kitenge Pants,Safari,Black / Dark Teal Print,L,S0925045PR1L,4800.0,1,never,0,0
Safari Njano Men's Easy Fit Kitenge Pants,Safari,Black / Dark Teal Print,M,S0925045PR1M,4800.0,1,never,0,0
Safari Njano Men's Easy Fit Kitenge Pants,Safari,Black / Dark Teal Print,S,S0925045PR1S,4800.0,1,never,0,0
Safari Njano Men's Easy Fit Pants,Safari,Hunters Green,L,S0824028HGNL,4800.0,1,2025-10-20,0,2
Safari Njano Men's Easy Fit Pants,Safari,Hunters Green,M,S0824028HGNM,4800.0,1,2024-11-01,0,1
Safari Njano Men's Easy Fit Pants,Safari,Hunters Green,S,S0824028HGNS,4800.0,1,never,0,0
Safari Njano Men's Easy Fit Pants,Safari,Rust,1X,S0824028RUS1X,2050.0,1,never,0,0
Safari Njano Men's Easy Fit Pants,Safari,Rust,L,S0824028RUSL,2050.0,1,never,0,0
Safari Njano Men's Easy Fit Pants,Safari,Rust,S,S0824028RUSS,2050.0,1,never,0,0
Safari Njano Men's Knee Length Shorts,Safari,Hunters Green,1X,S0824030HGN1X,1650.0,1,2025-12-20,0,1
Safari Njano Men's Knee Length Shorts,Safari,Hunters Green,L,S0824030HGNL,1650.0,2,2026-04-20,0,2
Safari Njano Men's Knee Length Shorts,Safari,Hunters Green,S,S0824030HGNS,1650.0,1,never,0,0
Safari Njano Men's Knee Length Shorts,Safari,Rust,1X,S0824030RUS1X,1150.0,1,2025-03-16,0,1
Safari Njano Men's Knee Length Shorts,Safari,Rust,L,S0824030RUSL,1150.0,1,never,0,0
Safari Njano Men's Knee Length Shorts,Safari,Rust,M,S0824030RUSM,1150.0,1,2025-08-07,0,2
Safari Njano Men's Knee Length Shorts,Safari,Rust,S,S0824030RUSS,1150.0,2,never,0,0
Safari Njano Men's Short Sleeve Shirt,Safari,Black / Black Yellow Print,1X,S0925041PR41X,5800.0,1,never,0,0
Safari Njano Men's Short Sleeve Shirt,Safari,Black / Black Yellow Print,L,S0925041PR4L,5800.0,1,never,0,0
Safari Njano Men's Short Sleeve Shirt,Safari,Black / Black Yellow Print,M,S0925041PR4M,5800.0,1,never,0,0
Safari Njano Men's Short Sleeve Shirt,Safari,Black / Black Yellow Print,S,S0925041PR4S,5800.0,1,never,0,0
Safari Njano Men's Short Sleeve Shirt,Safari,Taupe / Black Dark Teal Print,1X,S0925041PR21X,5800.0,1,never,0,0
Safari Njano Men's Short Sleeve Shirt,Safari,Taupe / Black Dark Teal Print,L,S0925041PR2L,5800.0,1,never,0,0
Safari Njano Men's Short Sleeve Shirt,Safari,Taupe / Black Dark Teal Print,M,S0925041PR2M,5800.0,1,never,0,0
Safari Njano Men's Short Sleeve Shirt,Safari,Taupe / Black Dark Teal Print,S,S0925041PR2S,5800.0,1,never,0,0
Safari Njano Men's Short Sleeve Shirt,Safari,White / Black Brown Print,1X,S0925041PR11X,5800.0,1,never,0,0
Safari Njano Men's Short Sleeve Shirt,Safari,White / Black Brown Print,M,S0925041PR1M,5800.0,2,never,0,0
Safari Njano Men's Short Sleeve Shirt,Safari,White / Black Brown Print,S,S0925041PR1S,5800.0,2,never,0,0
Safari Njano Men's Short Sleeve Shirt,Safari,White / Navy Blue Print,1X,S0925041PR31X,5800.0,1,never,0,0
Safari Njano Men's Short Sleeve Shirt,Safari,White / Navy Blue Print,L,S0925041PR3L,5800.0,2,never,0,0
Safari Njano Men's Short Sleeve Shirt,Safari,White / Navy Blue Print,M,S0925041PR3M,5800.0,2,never,0,0
Safari Njano Men's Short Sleeve Shirt,Safari,White / Navy Blue Print,S,S0925041PR3S,5800.0,1,never,0,0
Safari Njano Men's Straight Leg Pants,Safari,Himo,1X,S0824029PR31X,6250.0,2,never,0,0
Safari Njano Men's Straight Leg Pants,Safari,Himo,2X,S0824029PR32X,6250.0,1,never,0,0
Safari Njano Men's Straight Leg Pants,Safari,Himo,L,S0824029PR3L,6250.0,1,never,0,0
Safari Njano Men's Straight Leg Pants,Safari,Obu Print,L,S0824029PR2L,6250.0,1,never,0,0
Safari Njano Men's Straight Leg Pants,Safari,Obu Print - Obu Print / S0824029 / 1X,1X,S0824029PR21X,0.0,3,never,0,0
Safari Njano Men's Straight Leg Pants,Safari,Obu Print - Obu Print / S0824029 / 2X,2X,S0824029PR22X,0.0,2,never,0,0
Safari Njano Men's Straight Leg Pants,Safari,Obu Print - Obu Print / S0824029 / M,M,S0824029PR2M,0.0,5,never,0,0
Safari Njano Men's Straight Leg Pants,Safari,Obu Print - Obu Print / S0824029 / S,S,S0824029PR2S,0.0,3,never,0,0
Safari Njano Tie Front Wide Top,Safari,White,L/1X,S0724130WHIL/1X,2350.0,1,2025-06-23,0,2
Safari Njano Wide Leg Pants,Safari,Shama Print,1X,S0724127PR11X,3400.0,1,2025-11-16,0,1
Safari Njano Wide Leg Pants,Safari,Shama Print,3X,S0724127PR13X,3400.0,1,never,0,0
Safari Njano Wide Leg Pants,Safari,Shama Print,4X,S0724127PR14X,3400.0,2,never,0,0
Safari Reversible Shirt Jacket,Safari,Grey / Print 2,L,0120016GRY/PR2L,4150.0,1,2026-02-14,0,2
Safari Savannah Front Slit Midi Skirt,Safari,Ashai Print,L,S0724014ASHL,5550.0,1,2026-03-12,0,4
Safari Savannah Front Slit Midi Skirt,Safari,Ashai Print,S,S0724014ASHS,5550.0,1,2024-11-30,0,1
Safari Savannah Kitenge Chinese Collar Shirt,Safari,Shama Print,2X,S0724084PR2XL,3200.0,1,2024-11-04,0,1
Safari Savannah Kitenge Chinese Collar Shirt,Safari,Shama Print,L,S0724084PR2L,3200.0,2,never,0,0
Safari Savannah Kitenge Chinese Collar Shirt,Safari,Shama Print,M,S0724084PR2M,3200.0,1,2025-04-13,0,1
Safari Savannah Kitenge Midi Wrap Dress,Safari,Juja Print,L,S0824067JUJL,8950.0,1,never,0,0
Safari Savannah Kitenge Midi Wrap Dress,Safari,Juja Print,M,S0824067JUJM,8950.0,1,never,0,0
Safari Savannah Kitenge Midi Wrap Dress,Safari,Lashi Print,2X,S0824067PR22X,8950.0,1,never,0,0
Safari Savannah Kitenge Midi Wrap Dress,Safari,Lashi Print,3X,S0824067PR23X,8950.0,1,never,0,0
Safari Savannah Kitenge Midi Wrap Dress,Safari,Lashi Print - Lashi / S0824067 / M,M,S0824067PR2M,0.0,2,never,0,0
Safari Savannah Kitenge Midi Wrap Dress,Safari,Neba Print Old,S,S0824067PR2S,2250.0,1,never,0,0
Safari Savannah Kitenge Midi Wrap Dress,Safari,Sipo Print,1X,S0824067PR31X,8950.0,1,never,0,0
Safari Savannah Kitenge Midi Wrap Dress,Safari,Sipo Print,3X,S0824067PR33X,8950.0,1,never,0,0
Safari Savannah Kitenge Midi Wrap Dress,Safari,Sipo Print,4X,S0824067PR34X,8950.0,1,never,0,0
Safari Savannah Kitenge Midi Wrap Dress,Safari,Sipo Print,L,S0824067PR3L,8950.0,1,never,0,0
Safari Savannah Men's Half Placket Shirt,Safari,Hunters,1X,S0624019HUN1X,4550.0,1,never,0,0
Safari Savannah Men's Half Placket Shirt,Safari,Hunters,L,S0624019HUNL,4550.0,1,never,0,0
Safari Savannah Men's Half Placket Shirt,Safari,Hunters,M,S0624019HUNM,4550.0,1,2025-04-13,0,1
Safari Savannah Men's Half Placket Shirt,Safari,White,1X,S0624019WHI1X,4400.0,1,2026-04-12,0,3
Safari Savannah Men's Half Placket Shirt,Safari,White,L,S0624019WHIL,4400.0,1,2026-02-18,0,3
Safari Savannah Men's Half Placket Shirt,Safari,White,M,S0624019WHIM,4400.0,1,2026-02-18,0,3
Safari Savannah Men's Half Placket Shirt,Safari,White,S,S0624019WHIS,4400.0,1,2026-02-19,0,1
Safari Savannah Men's Jacket,Safari,Hunters,L,S0624028HUNL,2650.0,2,2026-05-03,0,2
Safari Savannah Men's Jacket,Safari,Hunters,M,S0624028HUNM,2650.0,1,2024-11-21,0,1
Safari Savannah Men's Long Sleeve Shirt,Safari,White,1X,S0724016WHI1X,1850.0,1,2026-04-20,0,1
Safari Savannah Men's Long Sleeve Shirt,Safari,White,M,S0724016WHIM,1850.0,1,2026-05-05,0,6
Safari Savannah Men's Long Sleeve Shirt,Safari,White,S,S0724016WHIS,1850.0,2,2024-11-30,0,1
Safari Savannah Men's Short Sleeve Shirt,Safari,Beige,1X,S0724125BEI1X,5950.0,5,never,0,0
Safari Savannah Men's Short Sleeve Shirt,Safari,Beige,L,S0724125BEIL,5950.0,1,never,0,0
Safari Savannah Men's Short Sleeve Shirt,Safari,Beige,M,S0724125BEIM,5950.0,2,never,0,0
Safari Savannah Men's Short Sleeve Shirt,Safari,White,1X,S0724125WHI1X,4200.0,1,2025-02-23,0,1
Safari Savannah Men's Short Sleeve Shirt,Safari,White,L,S0724125WHIL,4200.0,1,never,0,0
Safari Savannah Men's Short Sleeve Shirt,Safari,White,M,S0724125WHIM,4200.0,2,never,0,0
Safari Savannah Men's Short Sleeve Shirt,Safari,White,S,S0724125WHIS,4200.0,2,never,0,0
Safari Savannah Men's Straight Leg Pants,Safari,Black,1X,S0624027BLA1X,4800.0,1,never,0,0
Safari Savannah Men's Straight Leg Pants,Safari,Black,M,S0624027BLAM,4800.0,1,never,0,0
Safari Savannah Men's Straight Leg Pants,Safari,Black,S,S0624027BLAS,4800.0,1,never,0,0
Safari Savannah Men's Straight Leg Pants,Safari,Hunters,1X,S0624027HUN1X,3400.0,2,never,0,0
Safari Savannah Midi Wrap Dress,Safari,Mustard,M,S0724088MTDM,9250.0,1,2024-12-24,0,1
Safari Savannah Midi Wrap Dress,Safari,Mustard,S,S0724088MTDS,9250.0,1,never,0,0
Safari Savannah Midi Wrap Dress,Safari,Rust,L,S0724088RSTL,6450.0,1,2025-06-05,0,1
Safari Savannah Midi Wrap Dress,Safari,White,1X,S0724088WHIXL,9250.0,1,never,0,0
Safari Savannah Midi Wrap Dress,Safari,White,M,S0724088WHIM,9250.0,1,never,0,0
Safari Savannah Wrap Top,Safari,Beige,1X,S0724009BEI1X,5250.0,1,never,0,0
Safari Savannah Wrap Top,Safari,Beige,M,S0724009BEIM,5250.0,2,2026-03-17,0,1
Safari Savannah Wrap Top,Safari,Beige,S,S0724009BEIS,5250.0,1,never,0,0
Safari Savannah Wrap Top,Safari,Beige,XS,S0724009BEIXS,5250.0,2,never,0,0
Safari Savannah Wrap Top,Safari,Hunters,1X,S0724009HUN1X,5250.0,1,never,0,0
Safari Savannah Wrap Top,Safari,Hunters,M,S0724009HUNM,5250.0,1,never,0,0
Safari Savannah Wrap Top,Safari,Hunters,S,S0724009HUNS,5250.0,3,never,0,0
Safari Savannah Wrap Top,Safari,Hunters,XS,S0724009HUNXS,5250.0,2,never,0,0
Safari Savannah Wrap Top,Safari,Mustard,1X,S0724009MUS1X,5250.0,2,never,0,0
Safari Savannah Wrap Top,Safari,Mustard,L,S0724009MUSL,5250.0,3,never,0,0
Safari Savannah Wrap Top,Safari,Mustard,M,S0724009MUSM,5250.0,2,2025-03-03,0,2
Safari Savannah Wrap Top,Safari,Mustard,S,S0724009MUSS,5250.0,1,2024-12-28,0,1
Safari Savannah Wrap Top,Safari,Rust,L,S0724009RSTL,5250.0,1,2026-03-07,0,2
Safari Savannah Wrap Top,Safari,Rust,M,S0724009RSTM,5250.0,1,never,0,0
Safari Savannah Wrap Top,Safari,Rust,S,S0724009RSTS,5250.0,1,2025-11-18,0,2
Safari Savannah Wrap Top,Safari,White,L,S0724009WHIL,5250.0,1,2026-03-02,0,5
Safari Savannah Wrap Top,Safari,White,M,S0724009WHIM,5250.0,2,2025-11-29,0,2
Safari Savannah Wrap Top,Safari,White,S,S0724009WHIS,5250.0,1,2025-02-28,0,3
Safari Sizani 2 Way Wrap Top,Safari,Himo Print,1X,S0724016BEI1X,1850.0,2,2026-05-03,0,2
Safari Sizani 2 Way Wrap Top,Safari,Himo Print,1X/2X,S1124144PR21X/2X,3250.0,1,never,0,0
Safari Sizani 2 Way Wrap Top,Safari,Himo Print,3X/4X,S1124144PR23X/4X,3250.0,1,never,0,0
Safari Sizani 2 Way Wrap Top,Safari,Himo Print,L,S0724016BEIL,1850.0,3,2026-05-21,0,3
Safari Sizani 2 Way Wrap Top,Safari,Himo Print,M/L,S1124144PR2M/L,3250.0,2,never,0,0
Safari Sizani 2 Way Wrap Top,Safari,Himo Print,S,S0724016BEIS,1850.0,3,never,0,0
Safari Sizani 2 Way Wrap Top,Safari,Himo Print,XS/S,S1124144PR2XS/S,3250.0,1,never,0,0
Safari Sizani 2 Way Wrap Top,Safari,Sipo,XS/S,S1124144PR3XS/S,2250.0,1,never,0,0
Safari Sizani 2 Way Wrap Top,Safari,Tafo Print,1X/2X,S1124144PR11X/2X,3250.0,1,never,0,0
Safari Sizani 2 Way Wrap Top,Safari,Tafo Print,3X/4X,S1124144PR13X/4X,3250.0,1,never,0,0
Safari Sizani 2 Way Wrap Top,Safari,Tafo Print,M/L,S1124144PR1M/L,3250.0,1,never,0,0
Safari Sizani 2 Way Wrap Top,Safari,Tafo Print,XS/S,S1124144PR1XS/S,3250.0,1,never,0,0
Safari Sizani Barrel Pants,Safari,Black,M,S1124112BLAM,1750.0,1,2025-10-31,0,6
Safari Sizani Barrel Pants,Safari,Navy Blue,1X,S1124112NAB1X,5950.0,1,never,0,0
Safari Sizani Barrel Pants,Safari,Navy Blue,S,S1124112NABS,5950.0,3,never,0,0
Safari Sizani Barrel Pants,Safari,White,M,S1124112WHIM,5950.0,2,2026-05-09,0,6
Safari Sizani Barrel Pants,Safari,White,S,S1124112WHIS,5950.0,1,2026-05-15,0,4
Safari Sizani Men's Kitenge Placket Shirt,Safari,Keri Print,L,S1124152PR2L,3800.0,1,never,0,0
Safari Sizani Men's Kitenge Placket Shirt,Safari,Keri Print,M,S1124152PR2M,3800.0,1,never,0,0
Safari Sizani Men's Kitenge Tuxedo Shirt,Safari,Black,1X,S1124151PR11X,4400.0,2,never,0,0
Safari Sizani Men's Kitenge Tuxedo Shirt,Safari,Black,2X,S1124151PR12X,4400.0,1,never,0,0
Safari Sizani Men's Kitenge Tuxedo Shirt,Safari,Black,4X,S1124151PR14X,4400.0,1,never,0,0
Safari Sizani Men's Kitenge Tuxedo Shirt,Safari,Black,L,S1124151PR1L,4400.0,3,never,0,0
Safari Sizani Men's Kitenge Tuxedo Shirt,Safari,Black,M,S1124151PR1M,4400.0,3,never,0,0
Safari Sizani Men's Kitenge Tuxedo Shirt,Safari,Black,S,S1124151PR1S,4400.0,2,never,0,0
Safari Sizani Strappy Tent Top,Safari,Black,1X,S1124116BLA1X,2950.0,2,never,0,0
Safari Sizani Strappy Tent Top,Safari,Black,L,S1124116BLAL,2950.0,3,never,0,0
Safari Sizani Strappy Tent Top,Safari,Black,S,S1124116BLAS,2950.0,2,2026-05-02,0,1
Safari Sizani Strappy Tent Top,Safari,Navy Blue,1X,S1124116NAB1X,2950.0,1,2025-11-04,0,1
Safari Sizani Strappy Tent Top,Safari,Navy Blue,L,S1124116NABL,2950.0,1,2026-01-26,0,1
Safari Sizani Strappy Tent Top,Safari,Navy Blue,M,S1124116NABM,2950.0,2,2026-04-29,0,1
Safari Sizani Strappy Tent Top,Safari,White,1X,S1124116WHT1X,2950.0,3,2025-08-09,0,2
Safari Sizani Strappy Tent Top,Safari,White,M,S1124116WHTM,2950.0,2,never,0,0
Safari Sizani Strappy Tent Top,Safari,White,S,S1124116WHTS,2950.0,2,2026-02-08,0,1
Safari Solana Sleeveless Tiered Maxi Dress,Safari,White / Black,2X,S0725014WHB2X,5850.0,1,never,0,0
Safari Solana Sleeveless Tiered Maxi Dress,Safari,Yellow / Navy,L,S0725014YENL,8400.0,1,2025-11-22,0,3
Safari Solana Sleeveless Tiered Maxi Dress,Safari,Yellow / Navy,S,S0725014YENS,8400.0,1,2025-11-01,0,1
Safari Spaghetti Tank Top,Safari,Dark Taupe,M/L,S0424062DTAUM/L,1750.0,1,never,0,0
Safari Spaghetti Tank Top,Safari,Light Taupe,1X/2X,S0424062LTAU1X/2X,650.0,1,2025-06-24,0,2
Safari Spaghetti Tank Top,Safari,Light Taupe,M/L,S0424062LTAUM/L,650.0,1,2026-03-01,0,4
Safari Tafari Shorts,Safari,Black Brown Shade A,1X,S0925046PR41X,1950.0,1,never,0,0
Safari Tafari Shorts,Safari,Black Brown Shade A,M,S0925046PR4M,1950.0,1,never,0,0
Safari Tafari Shorts,Safari,Black Brown Shade A,S,S0925046PR4S,1950.0,1,never,0,0
Safari Tafari Shorts,Safari,Black Brown Shade C,L,S0925046PR5L,2800.0,1,never,0,0
Safari Tafari Shorts,Safari,Black Brown Shade C,M,S0925046PR5M,2800.0,3,never,0,0
Safari Tafari Shorts,Safari,Black Brown Shade C,S,S0925046PR5S,2800.0,2,never,0,0
Safari Tafari Shorts,Safari,Dafi Print,L,S0925046PR9L,2800.0,2,2026-01-03,0,1
Safari Tafari Shorts,Safari,Dafi Print,M,S0925046PR9M,2800.0,2,never,0,0
Safari Tafari Shorts,Safari,Dafi Print,S,S0925046PR9S,2800.0,2,never,0,0
Safari Tafari Shorts,Safari,Dark Navy Asili Print,L,S0925046PR3L,2800.0,1,never,0,0
Safari Tafari Shorts,Safari,Dark Navy Asili Print,M,S0925046PR3M,2800.0,1,never,0,0
Safari Tafari Shorts,Safari,Dark Navy Asili Print,S,S0925046PR3S,2800.0,1,never,0,0
Safari Tafari Shorts,Safari,Jiri Print,M,S0925046PR6M,1950.0,1,never,0,0
Safari Tafari Shorts,Safari,Laka Print,M,S0925046PR7M,2800.0,1,never,0,0
Safari Tafari Shorts,Safari,Light Blue Asili Print,L,S0925046PR1L,2800.0,2,never,0,0
Safari Tafari Shorts,Safari,Light Blue Asili Print,M,S0925046PR1M,2800.0,1,never,0,0
Safari Tafari Shorts,Safari,Light Blue Asili Print,S,S0925046PR1S,2800.0,3,never,0,0
Safari Tafari Shorts,Safari,Lusi Print,L,S0925046PR2L,2800.0,1,never,0,0
Safari Tafari Shorts,Safari,Lusi Print,M,S0925046PR2M,2800.0,1,2026-03-29,0,1
Safari Tafari Shorts,Safari,Lusi Print,S,S0925046PR2S,2800.0,1,2026-03-29,0,1
Safari Tafari Shorts,Safari,Selvi Print,1X,S0925046PR81X,2800.0,1,never,0,0
Safari Tafari Shorts,Safari,Selvi Print,L,S0925046PR8L,2800.0,2,never,0,0
Safari Tafari Shorts,Safari,Selvi Print,M,S0925046PR8M,2800.0,2,never,0,0
Safari Tafari Shorts,Safari,Selvi Print,S,S0925046PR8S,2800.0,1,2026-02-13,0,1
Safari Tafari Shorts,Safari,Shan Print,L,S0925046PR10L,2800.0,1,never,0,0
Safari Tafari Shorts,Safari,Shan Print,M,S0925046PR10M,2800.0,1,never,0,0
Safari Tafari Shorts,Safari,Shan Print,S,S0925046PR10S,2800.0,1,never,0,0
Safari Tafari Wrap Top,Safari,Cheli Print,L/1X,S1025031PR1L/1X,3400.0,1,never,0,0
Safari Tafari Wrap Top,Safari,Cheli Print,S/M,S1025031PR1S/M,3400.0,2,never,0,0
Safari Tafari Wrap Top,Safari,Karanga Print,L/1X,S1025031PR5L/1X,3400.0,2,never,0,0
Safari Tafari Wrap Top,Safari,Karanga Print,S/M,S1025031PR5S/M,3400.0,2,never,0,0
Safari Tafari Wrap Top,Safari,Mpiji Print,S/M,S1025031PR6S/M,3400.0,1,never,0,0
Safari Tafari Wrap Top,Safari,Pangani Print,L/1X,S1025031PR9L/1X,3400.0,1,never,0,0
Safari Tafari Wrap Top,Safari,Pangani Print,S/M,S1025031PR9S/M,3400.0,1,never,0,0
Safari Tafari Wrap Top,Safari,Semu Print,L/1X,S1025031PR4L/1X,3400.0,1,never,0,0
Safari Tafari Wrap Top,Safari,Sigi Print,L/1X,S1025031PR2L/1X,3400.0,1,never,0,0
Safari Tafari Wrap Top,Safari,Sigi Print,S/M,S1025031PR2S/M,3400.0,1,never,0,0
Safari Tafari Wrap Top,Safari,Songwe Print,L/1X,S1025031PR11L/1X,3400.0,2,never,0,0
Safari Tafari Wrap Top,Safari,Songwe Print,S/M,S1025031PR11S/M,3400.0,1,never,0,0
Safari Tafari Wrap Top,Safari,Suma Print,L/1X,S1025031PR8L/1X,3400.0,1,never,0,0
Safari Tafari Wrap Top,Safari,Suma Print,S/M,S1025031PR8S/M,3400.0,2,never,0,0
Safari Tafari Wrap Top,Safari,Umba Print,1X/2X,S1025031PR101X/2X,3400.0,1,never,0,0
Safari Tafari Wrap Top,Safari,Umba Print,M/L,S1025031PR10M/L,3400.0,1,never,0,0
Safari Tafari Wrap Top,Safari,Umba Print,S/M,S1025031PR10S/M,3400.0,2,never,0,0
Safari Tafari Wrap Top,Safari,Umba Print,XS/S,S1025031PR10XS/S,3400.0,1,never,0,0
Safari Tafari Wrap Top,Safari,Wami Print,L/1X,S1025031PR3L/1X,3400.0,1,2026-03-11,0,1
Safari Tafari Wrap Top,Safari,Wami Print,S/M,S1025031PR3S/M,3400.0,2,never,0,0
Safari Tafari Wrap Top,Safari,Weru Print,L/1X,S1025031PR7L/1X,3400.0,1,never,0,0
Safari Tafari Wrap Top,Safari,Weru Print,S/M,S1025031PR7S/M,3400.0,2,never,0,0
Safari Tara Bishop Sleeve Dress,Safari,Maroon / Pink Ara Print,S,S0525069PR1S,6400.0,1,2026-05-18,0,1
Safari Tara Bishop Sleeve Dress,Safari,Navy / Red Maya Print,1X,S0525069PR31X,6400.0,1,never,0,0
Safari Tara Bishop Sleeve Dress,Safari,Navy / Red Maya Print,L,S0525069PR3L,6400.0,1,2025-11-28,0,1
Safari Tara Bishop Sleeve Dress,Safari,Navy / Red Maya Print,M,S0525069PR3M,6400.0,1,2026-02-11,0,1
Safari Tara Bishop Sleeve Dress,Safari,Navy / Red Maya Print,S,S0525069PR3S,6400.0,1,never,0,0
Safari Tara Bishop Sleeve Dress,Safari,Peach / Blue Sara Print,1X,S0525069PR21X,6400.0,1,never,0,0
Safari Tara Bishop Sleeve Dress,Safari,Peach / Blue Sara Print,L,S0525069PR2L,6400.0,1,never,0,0
Safari Tara Bishop Sleeve Dress,Safari,Peach / Blue Sara Print,M,S0525069PR2M,6400.0,1,never,0,0
Safari Tara Bishop Sleeve Dress,Safari,Peach / Blue Sara Print,S,S0525069PR2S,6400.0,1,never,0,0
Safari Tara Bishop Sleeve Dress,Safari,Peach / Blue Sara Print,XS,S0525069PR2XS,6400.0,1,never,0,0
Safari Tawi Flounce Tent Dress,Safari,Black - Black / 322138 / L,L,0322138BLAL,0.0,1,2026-03-01,0,3
Safari Tawi Flounce Tent Dress,Safari,Lime Green - Lime Green / 0322138 / L,L,0322138LGNL,0.0,1,never,0,0
Safari Tawi Flounce Tent Dress,Safari,Lime Green - Lime Green / 0322138 / M,M,0322138LGNM,0.0,1,never,0,0
Safari Tawi Flounce Tent Dress,Safari,Lime Green - Lime Green / 0322138 / Xl,1X,0322138LGNXL,0.0,2,never,0,0
Safari Tawi Shirt Collar Bishop Sleeve Tiered Dress,Safari,Khaki,1X,S0322135KHA1X,2800.0,1,2025-06-03,0,5
Safari Tie Knee Length Dress,Safari,Blue,3X,S0524182BLU3X,4350.0,1,never,0,0
Safari Tie Knee Length Dress,Safari,Blue,S,S0524182BLUS,4350.0,1,never,0,0
Safari Tie Knee Length Dress,Safari,Blue,XS,S0524182BLUXS,4350.0,1,never,0,0
Safari Tie Knee Length Dress,Safari,Pink,3X,S0524182PIN3X,4350.0,1,never,0,0
Safari Tie Knee Length Dress,Safari,Pink,L,S0524182PINL,4350.0,1,never,0,0
Safari Tie Knee Length Dress,Safari,Pink,XS,S0524182PINXS,4350.0,1,never,0,0
Safari Tiwa Barell Pants,Safari,Black,M,S0325031BLAM,5400.0,1,2026-02-19,0,2
Safari Tiwa Barell Pants,Safari,Black,S,S0325031BLAS,5400.0,1,never,0,0
Safari Tiwa Barell Pants,Safari,Rust,L,S0325031RUSTL,5400.0,1,2026-02-24,0,5
Safari Tiwa Barell Pants,Safari,Rust,M,S0325031RUSTM,5400.0,2,2026-02-19,0,1
Safari Tiwa Barell Pants,Safari,Rust,S,S0325031RUSTS,5400.0,1,2025-09-01,0,1
Safari Tiwa Barell Pants,Safari,White,1X,S0325031WHI1X,5400.0,1,never,0,0
Safari Tiwa Barell Pants,Safari,White,M,S0325031WHIM,5400.0,1,2026-05-06,0,2
Safari Tiwa Barell Pants,Safari,White,S,S0325031WHIS,5400.0,1,never,0,0
Safari Tiwa Shirred Top,Safari,Black,1X,S0125049BLA1X,1150.0,2,2026-01-26,0,2
Safari Tiwa Shirred Top,Safari,Black,L,S0125049BLAL,1150.0,1,2026-04-21,0,4
Safari Tiwa Shirred Top,Safari,Black,M,S0125049BLAM,1150.0,1,2026-04-21,0,1
Safari Tiwa Shirred Top,Safari,Black,S,S0125049BLAS,1150.0,1,2025-11-19,0,1
Safari Tiwa Shirred Top,Safari,Chocolate,F,S0125049CHOS,850.0,1,never,0,0
Safari Tiwa Shirred Top,Safari,Hunters,S,S0125049HUNS,1150.0,1,2026-06-09,0,2
Safari Tiwa Shirred Top,Safari,Lime,S,S0125049LIMS,1650.0,2,never,0,0
Safari Tiwa Shirred Top,Safari,Orange,M,S0125049ORAM,1050.0,1,never,0,0
Safari Tiwa Shirred Top,Safari,White,S,S0125049WHIS,1150.0,1,2025-12-06,0,2
Safari Zene Drop Shoulder Above Knee Dress,Safari,Light Orange,M,S1023062LIOM,3450.0,1,2026-02-20,0,5
Safari Zene Drop Shoulder Above Knee Dress,Safari,Taupe,M,S1023062TAUM,1750.0,1,2026-02-13,0,8
Safari Zene Drop Shoulder Top,Safari,Mustard,M,S1023059MUSM,665.0,1,2026-04-21,0,3
Safari Zene Drop Shoulder Top,Safari,Taupe,M,S1023059TAUM,1100.0,1,2025-11-20,0,1
Safari Zene High Low Shirt Dress,Safari,Black,L,S1023064BLAL,4050.0,1,never,0,0
Safari Zene High Low Shirt Dress,Safari,Mustard,1X,S1023064MUS1X,4100.0,1,2026-05-05,0,1
Safari Zene High Low Shirt Dress,Safari,Mustard,L,S1023064MUSL,4100.0,1,2025-05-09,0,1
Safari Zene High Low Shirt Dress,Safari,Mustard,M,S1023064MUSM,4100.0,1,2024-11-01,0,2
Safari Zene High Low Shirt Dress,Safari,Rust,1X,S1023064RED1X,4600.0,1,2025-10-27,0,1
Safari Zene High Low Shirt Dress,Safari,Rust,M,S1023064REDM,4600.0,1,2025-10-09,0,1
Safari Zene High Low Shirt Dress,Safari,Rust,S,S1023064REDS,4600.0,1,never,0,0
Safari Zene High Low Shirt Dress,Safari,Teal,M,S1023064TEAM,4050.0,2,2026-05-15,0,3
Safari Zene High Low Shirt Dress,Safari,White,2X,S1023064WHI2X,4600.0,1,2025-12-08,0,1
Safari Zene Off Shoulder Dress,Safari,Navy Blue,M,S1023065NABM,4150.0,1,2026-05-14,0,1
Safari Zene Off Shoulder Dress,Safari,Navy Blue,S,S1023065NABS,4150.0,1,never,0,0
Safari Zene Off Shoulder Dress,Safari,Peach,L,S1023065PEAL,5950.0,1,2026-05-14,0,1
Safari Zene Off Shoulder Dress,Safari,Peach,M,S1023065PEAM,5950.0,1,2026-06-01,0,2
Safari Zene Off Shoulder Dress,Safari,Peach,S,S1023065PEAS,5950.0,1,never,0,0
Safari Zene Off Shoulder Top,Safari,Hunters,M,S1023060HUNM,3550.0,3,never,0,0
Safari Zene Off Shoulder Top,Safari,Hunters,S,S1023060HUNS,3550.0,1,never,0,0
Safari Zene Off Shoulder Top,Safari,Pink,L,S1023060PINL,350.0,1,2025-01-03,0,2
Safari Zene Off Shoulder Top,Safari,Pink,S,S1023060PINS,350.0,1,2026-04-17,0,3
Safari Zene Off Shoulder Top,Safari,Rust,M,S1023060RUSM,1050.0,3,never,0,0
Safari Zene Off Shoulder Top,Safari,White,1X,S1023060WHI1X,1440.0,1,2026-05-20,0,4
Safari Zene Off Shoulder Top,Safari,Yellow,L,S1023060YELL,1100.0,1,2026-04-27,0,2
Safari Zene Tiered Above Knee Dress,Safari,White,1X,S1023063WHI1X,5550.0,1,never,0,0
Safari Zene Tiered Above Knee Dress,Safari,White,M,S1023063WHIM,5550.0,1,never,0,0
Safari by Vivo Naledi Bubble Midi Dress,Safari,Beta Print,L,S0925040PR6L,5800.0,1,never,0,0
Safari by Vivo Naledi Bubble Midi Dress,Safari,Beta Print,M,S0925040PR6M,5800.0,1,never,0,0
Safari by Vivo Naledi Bubble Midi Dress,Safari,Beta Print,S,S0925040PR6S,5800.0,1,never,0,0
Safari by Vivo Naledi Bubble Midi Dress,Safari,Isara Print,1X,S0925040PR11X,5800.0,1,never,0,0
Safari by Vivo Naledi Bubble Midi Dress,Safari,Isara Print,L,S0925040PR1L,5800.0,1,never,0,0
Safari by Vivo Naledi Bubble Midi Dress,Safari,Isara Print,M,S0925040PR1M,5800.0,1,never,0,0
Safari by Vivo Naledi Bubble Midi Dress,Safari,Isara Print,S,S0925040PR1S,5800.0,1,never,0,0
Safari by Vivo Naledi Bubble Midi Dress,Safari,Neli Print,1X,S0925040PR31X,5800.0,1,2026-05-21,0,1
Safari by Vivo Naledi Bubble Midi Dress,Safari,Neli Print,M,S0925040PR3M,5800.0,1,never,0,0
Safari by Vivo Naledi Bubble Midi Dress,Safari,Neli Print,S,S0925040PR3S,5800.0,1,never,0,0
Safari by Vivo Naledi Bubble Midi Dress,Safari,Riza Print,1X,S0925040PR21X,4050.0,1,2026-04-23,0,1
Safari by Vivo Naledi Bubble Midi Dress,Safari,Riza Print,S,S0925040PR2S,4050.0,1,2026-01-30,0,1
Safari by Vivo Naledi Bubble Midi Dress,Safari,Voni Print,S,S0925040PR5S,4050.0,1,never,0,0
Safari by Vivo Savannah Drawstring Shacket in Linen,Safari,,,S0724086TAN1X/2X,0.0,3,never,0,0
Safari by Vivo Savannah Drawstring Shacket in Linen,Safari,,,S0724086TANXS/S,0.0,4,never,0,0
Safari by Vivo Savannah Drawstring Shacket in Linen,Safari,,,S0724086TANM/L,0.0,5,never,0,0
Safari by Vivo Savannah Drawstring Shacket in Linen,Safari,Black,1X/2X,S0724086BLA1X/2X,8400.0,2,2026-05-11,0,7
Safari by Vivo Savannah Drawstring Shacket in Linen,Safari,Black,M/L,S0724086BLAM/L,8400.0,3,2025-10-19,0,4
Safari by Vivo Savannah Drawstring Shacket in Linen,Safari,Black,XS/S,S0724086BLAXS/S,8400.0,4,never,0,0
Safari by Vivo Savannah Drawstring Shacket in Linen,Safari,Navy,1X/2X,S0724086NAV1X/2X,8400.0,2,never,0,0
Safari by Vivo Savannah Drawstring Shacket in Linen,Safari,Navy,M/L,S0724086NAVM/L,8400.0,5,never,0,0
Safari by Vivo Savannah Drawstring Shacket in Linen,Safari,Navy,XS/S,S0724086NAVXS/S,8400.0,3,never,0,0
Safari by Vivo Savannah Drawstring Shacket in Linen,Safari,Rust,XS/S,S0724086RUSXS/S,2550.0,1,2026-04-29,0,6
Safari by Vivo Savannah Drawstring Shacket in Linen,Safari,White,1X/2X,S0724086WHI1X/2X,8400.0,2,2024-10-17,0,1
Safari by Vivo Savannah Drawstring Shacket in Linen,Safari,White,M/L,S0724086WHIM/L,8400.0,7,2025-11-30,0,3
Safari by Vivo Savannah Drawstring Shacket in Linen,Safari,White,XS/S,S0724086WHIXS/S,8400.0,5,2025-06-04,0,1
Shiv & Shikie X Safari Barrel Pants,Third Party Brands,Black,M,S0425039BLAM,4800.0,2,never,0,0
Shiv & Shikie X Safari Barrel Pants,Third Party Brands,Black,S,S0425039BLAS,4800.0,3,never,0,0
Shiv & Shikie X Safari Barrel Pants,Third Party Brands,Black,XS,S0425039BLAXS,4800.0,3,2026-05-16,0,1
Shiv & Shikie X Safari Barrel Pants,Third Party Brands,Olive,M,S0425039OLIM,4800.0,3,2026-04-20,0,4
Shiv & Shikie X Safari Barrel Pants,Third Party Brands,Olive,S,S0425039OLIS,4800.0,1,2025-08-30,0,2
Shiv & Shikie X Safari Barrel Pants,Third Party Brands,Olive,XS,S0425039OLIXS,4800.0,1,2025-12-17,0,1
Shiv & Shikie X Safari Barrel Pants,Third Party Brands,Taupe,M,S0425039TAUM,4800.0,1,never,0,0
Shiv & Shikie X Safari Barrel Pants,Third Party Brands,Taupe,S,S0425039TAUS,4800.0,2,never,0,0
Shiv & Shikie X Safari Cargo Pants,Third Party Brands,Dark Grey,L,S0425037DGRL,5800.0,1,2025-12-15,0,2
Shiv & Shikie X Safari Cargo Pants,Third Party Brands,Dark Grey,M,S0425037DGRM,5800.0,1,2025-12-20,0,2
Shiv & Shikie X Safari Cargo Pants,Third Party Brands,Dark Grey,XS,S0425037DGRXS,5800.0,1,never,0,0
Shiv & Shikie X Safari Cargo Pants,Third Party Brands,Hunters,L,S0425037HUNL,5800.0,1,2026-05-12,0,3
Shiv & Shikie X Safari Cargo Pants,Third Party Brands,Hunters,XS,S0425037HUNXS,5800.0,1,never,0,0
Shiv & Shikie X Safari Faux Collar Printed Shirt,Third Party Brands,Grey/Black Ezi Print,1X/2X,S0525005PR11X/2X,2800.0,1,2026-05-13,0,1
Shiv & Shikie X Safari Faux Collar Printed Shirt,Third Party Brands,Grey/Black Ezi Print,M/L,S0525005PR1M/L,2800.0,2,2026-05-19,0,1
Shiv & Shikie X Safari Faux Collar Printed Shirt,Third Party Brands,Grey/Black Ezi Print,XS/S,S0525005PR1XS/S,2800.0,1,2026-05-02,0,1
Shiv & Shikie X Safari Faux Collar Printed Shirt,Third Party Brands,Taupe/Black Ezi Print,XS/S,S0525005PR2XS/S,2800.0,1,2025-12-12,0,1
Shiv & Shikie X Safari Faux Collar Shirt,Third Party Brands,Black,1X/2X,S0425045BLA1X/2X,2800.0,1,2026-05-13,0,1
Shiv & Shikie X Safari Faux Collar Shirt,Third Party Brands,Lime,M/L,S0425045LIMM/L,2800.0,3,2026-05-17,0,5
Shiv & Shikie X Safari Faux Collar Shirt,Third Party Brands,Lime,XS/S,S0425045LIMXS/S,2800.0,4,2026-05-11,0,1
Shiv & Shikie X Safari Printed Short Sleeve Shirt,Third Party Brands,Brown / Black Ezi Print,L,S0425041PR1L,4800.0,1,never,0,0
Shiv & Shikie X Safari Printed Short Sleeve Shirt,Third Party Brands,Brown / Black Ezi Print,M,S0425041PR1M,4800.0,1,never,0,0
Shiv & Shikie X Safari Printed Short Sleeve Shirt,Third Party Brands,Brown / Black Ezi Print,S,S0425041PR1S,4800.0,1,never,0,0
Shiv & Shikie X Safari Printed Short Sleeve Shirt,Third Party Brands,Grey / Black Ezi Print,1X,S0425041PR21X,4800.0,1,never,0,0
Shiv & Shikie X Safari Printed Short Sleeve Shirt,Third Party Brands,Grey / Black Ezi Print,M,S0425041PR2M,4800.0,1,never,0,0
Shiv & Shikie X Safari Printed Short Sleeve Shirt,Third Party Brands,Grey / Black Ezi Print,S,S0425041PR2S,4800.0,1,never,0,0
Shiv & Shikie X Safari Printed Short Sleeve Shirt,Third Party Brands,Lime,L,S0425041LIML,4800.0,1,never,0,0
Shiv & Shikie X Safari Printed Short Sleeve Shirt,Third Party Brands,Lime,M,S0425041LIMM,4800.0,1,never,0,0
Shiv & Shikie X Safari Printed Short Sleeve Shirt,Third Party Brands,Taupe / Black Ezi Print,1X,S0425041PR31X,4800.0,1,2025-08-23,0,1
Shiv & Shikie X Safari Printed Short Sleeve Shirt,Third Party Brands,Taupe / Black Ezi Print,L,S0425041PR3L,4800.0,1,2026-01-23,0,1
Shiv & Shikie X Safari Printed Short Sleeve Shirt,Third Party Brands,Taupe / Black Ezi Print,M,S0425041PR3M,4800.0,2,never,0,0
Shiv & Shikie X Safari Printed Short Sleeve Shirt,Third Party Brands,Taupe / Black Ezi Print,S,S0425041PR3S,4800.0,1,never,0,0
Shiv & Shikie X Safari Short Sleeve Shirt,Third Party Brands,Black,1X,S0625017BLA1X,4800.0,1,never,0,0
Shiv & Shikie X Safari Short Sleeve Shirt,Third Party Brands,Black,L,S0625017BLAL,4800.0,2,never,0,0
Shiv & Shikie X Safari Short Sleeve Shirt,Third Party Brands,Black,M,S0625017BLAM,4800.0,1,never,0,0
Shiv & Shikie X Safari Short Sleeve Shirt,Third Party Brands,Black,S,S0625017BLAS,4800.0,2,never,0,0
Shiv & Shikie X Safari Short Sleeve Shirt,Third Party Brands,Black,XS,S0625017BLAXS,4800.0,1,never,0,0
Vivo 2-Way Wrap Top,Vivo,Lira Print,XS/S,V0224238PR3XS/S,2250.0,1,never,0,0
Vivo 2-Way Wrap Top,Vivo,Neba Print,M/L,V0224238PR5M/L,3250.0,1,2025-11-26,0,2
Vivo 2-Way Wrap Top,Vivo,Neba Print,XS,V0224238PR5XS,3250.0,2,never,0,0
Vivo 2-Way Wrap Top,Vivo,Neba Print,XS/S,V0224238PR5XS/S,3250.0,1,never,0,0
Vivo 2-Way Wrap Top,Vivo,Obu Print,XS/S,V0224238PR7XS/S,3250.0,1,never,0,0
Vivo 2-Way Wrap Top,Vivo,Sipo Print,XS/S,V0224238PR8XS/S,3250.0,1,never,0,0
Vivo Ajani Long Sleeve Top,Vivo,Navy Blue,S,V1123079NABS,3250.0,1,2025-12-10,0,7
Vivo Ajani V-Neck Shift Dress,Vivo,Gold,L,V1223022GOLL,4750.0,1,2026-03-26,0,4
Vivo Ajani V-Neck Shift Dress,Vivo,Gold,S,V1223022GOLS,4750.0,1,2026-03-21,0,2
Vivo Alani Plaid Midi Dress,Vivo,Black / Tan Plaid,M,V0725004PR1M,1950.0,1,2025-10-03,0,4
Vivo Alani Plaid Midi Dress,Vivo,Black / Tan Plaid,S,V0725004PR1S,1950.0,1,never,0,0
Vivo Aleri Trench Coat Dress,Vivo,Black,1X,V0625059BLA1X,5900.0,1,never,0,0
Vivo Aleri Trench Coat Dress,Vivo,Maroon,1X,V0625059MAR1X,5900.0,1,never,0,0
Vivo Aleri Trench Coat Dress,Vivo,Maroon,L,V0625059MARL,5900.0,1,never,0,0
Vivo Aleri Trench Coat Dress,Vivo,Maroon,S,V0625059MARS,5900.0,1,2025-09-04,0,1
Vivo Aleri Trench Coat Dress,Vivo,Mustard,1X,V0625059MUS1X,5900.0,1,never,0,0
Vivo Aleri Trench Coat Dress,Vivo,Mustard,L,V0625059MUSL,5900.0,1,never,0,0
Vivo Aleri Trench Coat Dress,Vivo,Mustard,M,V0625059MUSM,5900.0,1,never,0,0
Vivo Aleri Trench Coat Dress,Vivo,Mustard,S,V0625059MUSS,5900.0,1,never,0,0
Vivo Aleri Trench Coat Dress,Vivo,Rust,1X,V0625059RUS1X,5900.0,1,never,0,0
Vivo Aleri Trench Coat Dress,Vivo,Rust,L,V0625059RUSL,5900.0,2,never,0,0
Vivo Aleri Trench Coat Dress,Vivo,Rust,M,V0625059RUSM,5900.0,2,2026-03-20,0,1
Vivo Aleri Trench Coat Dress,Vivo,Rust,S,V0625059RUSS,5900.0,1,never,0,0
Vivo Aleri Trench Coat Dress,Vivo,White,1X,V0625059WHI1X,5900.0,1,never,0,0
Vivo Aleri Trench Coat Dress,Vivo,White,M,V0625059WHIM,5900.0,1,2026-04-11,0,1
Vivo Alma Short Sleeve Mini Bodycon,Vivo,Black,L,V0825060BLAL,3500.0,2,2026-05-08,0,2
Vivo Alma Short Sleeve Mini Bodycon,Vivo,Black,M,V0825060BLAM,3500.0,2,2026-04-21,0,2
Vivo Alma Short Sleeve Mini Bodycon,Vivo,Black,S,V0825060BLAS,3500.0,1,2026-03-02,0,1
Vivo Alma Short Sleeve Mini Bodycon,Vivo,Lime,1X,V0825060LIM1X,3500.0,1,never,0,0
Vivo Alma Short Sleeve Mini Bodycon,Vivo,Lime,L,V0825060LIML,3500.0,7,never,0,0
Vivo Alma Short Sleeve Mini Bodycon,Vivo,Lime,M,V0825060LIMM,3500.0,3,never,0,0
Vivo Alma Short Sleeve Mini Bodycon,Vivo,Lime,S,V0825060LIMS,3500.0,3,never,0,0
Vivo Alora Long Sleeve Top,Vivo,Chocolate,1X,V0624061CHO1X,1150.0,1,2026-04-20,0,3
Vivo Alora Shift Dress,Vivo,Khaki,M,V0624064KHAM,1950.0,1,2025-02-03,0,5
Vivo Alora Shift Dress,Vivo,Khaki,S,V0624064KHAS,1950.0,1,2025-11-21,0,2
Vivo Amai Knee Length Dresses,Vivo,Black,M,V0824073BLAM,5950.0,1,2025-03-19,0,2
Vivo Amai Knee Length Dresses,Vivo,Purple / Black,M,V0824073PUBLAM,4150.0,1,2026-02-10,0,2
Vivo Amai Side Slit Pants,Vivo,Black,1X,V0324043BLA1X,2150.0,1,2025-09-17,0,4
Vivo Amai Side Slit Pants,Vivo,Black,4X,V0324043BLA4X,2150.0,2,2025-11-19,0,1
Vivo Amara Back Pleat Dress,Vivo,Dark Purple,L,V1023100PURL,2480.0,1,2025-11-28,0,1
Vivo Amara Back Pleat Dress,Vivo,Dark Purple,S,V1023100PURS,2480.0,1,2025-02-05,0,2
Vivo Amara Sleeveless High Low Top,Vivo,Tan,L,V1023097TANL,900.0,1,never,0,0
Vivo Amara Sleeveless High Low Top,Vivo,Tan,M,V1023097TANM,900.0,2,never,0,0
Vivo Amara Sleeveless High Low Top,Vivo,Tan,S,V1023097TANS,900.0,1,never,0,0
Vivo Analo Sleeveless Tie Kimono,Vivo,Black,XS/S,V0425046BLAXS/S,1050.0,1,2026-03-10,0,1
Vivo Analo Sleeveless Tie Kimono,Vivo,Orange,XS/S,V0425046ORAXS/S,1550.0,2,2026-01-22,0,1
Vivo Analo Sleeveless Tie Kimono,Vivo,Yellow,M/L,V0425046YELM/L,1550.0,1,never,0,0
Vivo Analo Sleeveless Tie Kimono,Vivo,Yellow,XS/S,V0425046YELXS/S,1550.0,1,never,0,0
Vivo Analo Wide Leg Pants,Vivo,Black,M,V0325069BLCKM,2750.0,1,2026-04-20,0,4
Vivo Analo Wide Leg Pants,Vivo,Light Purple,S,V0325066LIPS,1550.0,1,never,0,0
Vivo Analo Wide Leg Pants,Vivo,Orange,M,V0325069ORAM,1950.0,1,2025-05-26,0,1
Vivo Analo Wide Leg Pants,Vivo,White,1X,V0325069WHIT1X,3900.0,1,2025-05-27,0,1
Vivo Asika Kaftan Tunic,Vivo,Black,F,V0323015BLAF,1150.0,1,never,0,0
Vivo Ava 3/4 Sleeve Kimono,Vivo,Black,M,V1023042BLAM,3450.0,1,2026-02-01,0,1
Vivo Ava 3/4 Sleeve Kimono,Vivo,Burnt Orange,M,V1023042BUROM,3450.0,1,2026-03-15,0,5
Vivo Ava 3/4 Sleeve Kimono,Vivo,Dark Green,S,V1023042DARGS,3450.0,1,2026-01-26,0,3
Vivo Ava 3/4 Sleeve Kimono,Vivo,Navy,S,V1023042NAVS,3450.0,1,2025-10-15,0,2
Vivo Ava 3/4 Sleeve Kimono,Vivo,Off White - Off White / V1023042 / S,S,V1023042OWHIS,0.0,1,never,0,0
Vivo Ava 3/4 Sleeve Kimono,Vivo,Yellow,S,V1023042YELS,1950.0,1,never,0,0
Vivo Ava Jumpsuit,Vivo,Olive,1X,V0923055OLI1X,1950.0,1,2026-05-04,0,1
Vivo Ava Pleated Wide Leg Pants,Vivo,Pink,L,V0923053PINL,1250.0,1,never,0,0
Vivo Ava Shirt Collar Tunic Top,Vivo,Light Tan,F,V0923089LTANF,2750.0,1,2025-05-01,0,5
Vivo Ava Tapered Pants,Vivo,Black,XS,V0923052BLAXS,1350.0,1,never,0,0
Vivo Ayah 3/4 Sleeve Jumpsuit,Vivo,Dark Red,S,V0225007DARS,1650.0,1,2026-02-14,0,4
Vivo Ayah Kimono,Vivo,Mustard / Black Tullu Print,1X/2X,V0225030PR11X/2X,4950.0,2,never,0,0
Vivo Ayah Kimono,Vivo,Orange / Black Tullu Print,1X/2X,V0225030PR21X/2X,4950.0,1,never,0,0
Vivo Ayah Kimono,Vivo,Orange / Black Tullu Print,XS/S,V0225030PR2XS/S,4950.0,1,2025-04-21,0,2
Vivo Ayah Satin Pants,Vivo,Dark Purple,1X,V0225031DAP1X,1950.0,2,2025-11-28,0,1
Vivo Ayah Satin Pants,Vivo,Dark Purple,L,V0225031DAPL,1950.0,1,2025-11-26,0,3
Vivo Ayah Satin Pants,Vivo,Dark Purple,M,V0225031DAPM,1950.0,3,never,0,0
Vivo Ayah Satin Pants,Vivo,Dark Red,1X,V0225031DAR1X,3950.0,1,2025-11-01,0,2
Vivo Ayah Satin Pants,Vivo,Dark Red,L,V0225031DARL,3950.0,1,2025-11-26,0,3
Vivo Ayah Satin Pants,Vivo,Dark Red,M,V0225031DARM,3950.0,3,never,0,0
Vivo Ayah Satin Pants,Vivo,Lilac / Navy Tullu Print,1X,V0225031PR11X,1950.0,1,2026-04-28,0,1
Vivo Ayah Shirred Cuff Loose Top,Vivo,Dark Purple,1X,V0225032DAP1X,3550.0,1,2025-05-01,0,1
Vivo Ayah Shirred Cuff Loose Top,Vivo,Dark Purple,L,V0225032DAPL,3550.0,1,2025-11-28,0,2
Vivo Ayah Shirred Cuff Loose Top,Vivo,Dark Purple,M,V0225032DAPM,3550.0,1,never,0,0
Vivo Ayah Shirred Cuff Loose Top,Vivo,Dark Purple,S,V0225032DAPS,3550.0,2,2025-05-16,0,2
Vivo Ayah Shirred Cuff Loose Top,Vivo,Lilac / Navy Ullu Print,S,V0225032PR1S,1850.0,1,2025-06-06,0,3
Vivo Ayah Shirred Neck Tent Maxi Dress,Vivo,Black,L,V0225005BLAL,4850.0,1,2025-08-13,0,1
Vivo Ayah Shirred Neck Tent Maxi Dress,Vivo,Black,M,V0225005BLAM,4850.0,1,2025-05-24,0,2
Vivo Ayah Shirred Neck Tent Maxi Dress,Vivo,Dark Teal,S,V0225005DATS,4850.0,1,never,0,0
Vivo Ayla Off-Shoulder Dress,Vivo,Tan / Black Meti Print,1X/2X,V0824103PR11X/2X,5250.0,1,2025-03-15,0,3
Vivo Ayla Off-Shoulder Dress,Vivo,Tan / Black Meti Print,XS/S,V0824103PR1XS/S,5250.0,1,2025-07-17,0,1
Vivo Ayla Off-Shoulder Jumpsuit,Vivo,Orange / Burgundy Umbo Print,XS/S,V0824108PR6XS/S,6750.0,1,2025-03-27,0,1
Vivo Ayo Tent Dress,Vivo,Mint Green / Off-White Abstract Print,L,0120094AMGRNL,0.0,1,2024-07-21,0,1
Vivo Ayo Tent Dress,Vivo,Mustard / Green Print,L,V0120094PR40L,2650.0,1,never,0,0
Vivo Basic 3/4 Sleeve A-Line Wrap Maxi Dress,Vivo,Hunters Green,1X,V0719007HGN1X,1650.0,1,never,0,0
Vivo Basic Boundneck Puff Sleeve Top,Vivo,Green Leaf Print - Red / 0320040 / L,L,0320040REDL,0.0,3,2020-11-16,0,1
Vivo Basic Boundneck Puff Sleeve Top,Vivo,Green Leaf Print - Red / 0320040 / S,S,0320040REDS,0.0,2,2021-02-06,0,3
Vivo Basic Boundneck Puff Sleeve Top,Vivo,Pink - Pink / 0320040 / L,L,0320040PINL,0.0,2,never,0,0
Vivo Basic Boundneck Puff Sleeve Top,Vivo,Pink - Pink / 0320040 / M,M,0320040PINM,0.0,2,2021-08-24,0,3
Vivo Basic Cap Sleeved Leila Dress,Vivo,Safron,4X,V0819136SAF4X,1350.0,2,never,0,0
Vivo Basic Cap Sleeved Leila Dress,Vivo,Taupe - Taupe / 0819136 / Xl,1X,0819136TAUXL,0.0,1,never,0,0
Vivo Basic Chiffon Dropped Shoulder Top,Vivo,Blue,2X,V0422075BLU2X,2950.0,1,never,0,0
Vivo Basic Chiffon Dropped Shoulder Top,Vivo,Blue,S,V0422075BLUS,2950.0,1,2025-12-31,0,1
Vivo Basic Cowl Jersey Top,Vivo,White,1X/2X,V0622062WHI1X/2X,1150.0,2,2025-11-18,0,5
Vivo Basic Dada Poncho,Vivo,,,0819101BMUS/BLAF,0.0,1,never,0,0
Vivo Basic Double Layered Wrap Poncho (Without Fringe),Vivo,Coral / Grey,F,V0523123PR4F,5250.0,1,never,0,0
Vivo Basic Hooded Kimono,Vivo,Beige / White Print,S,V1024063PR1S,2750.0,2,2025-11-30,0,1
Vivo Basic Hooded Kimono,Vivo,Black / Mint Print,S,V1024063PR5S,2350.0,1,2025-06-29,0,4
Vivo Basic Hooded Kimono,Vivo,Black / Yellow Print,S,V1024063PR3S,3850.0,1,2025-11-30,0,1
Vivo Basic Hooded Kimono,Vivo,Mustard / Purple Print,S,V1024063PR2S,1550.0,1,2025-11-30,0,2
Vivo Basic Hooded Kimono,Vivo,White / Brown Print,S,V1024063PR14S,1550.0,1,2025-11-30,0,2
Vivo Basic Imelda Top,Vivo,Hunters,1X/2X,V0719369HUN1X/2X,1150.0,1,2024-09-05,0,1
Vivo Basic Jeggings,Vivo,Black,M,V0325021BLAM,3550.0,1,2025-12-09,0,2
Vivo Basic Jeggings,Vivo,Black,S,V0325021BLAS,3550.0,3,never,0,0
Vivo Basic Liv Chiffon Top,Vivo,White / Black Print,F,V1019045PR22F,1150.0,3,2026-02-17,0,8
Vivo Basic Long Lily Waterfall,Vivo,Teal,1X/2X,V0819064TEA1X/2X,1750.0,2,2025-06-26,0,2
Vivo Basic Long Lily Waterfall,Vivo,Yellow - Yellow / 0819064 / S/M,S/M,0819064YELS/M,0.0,1,2026-04-30,0,4
Vivo Basic Long Sleeve Cascade Waterfall,Vivo,Green,L/1X,V0723033GREL/1X,1950.0,1,2026-05-10,0,2
Vivo Basic Long Sleeve Cascade Waterfall,Vivo,Green,S/M,V0723033GRES/M,1950.0,2,never,0,0
Vivo Basic Long Sleeve Cascade Waterfall,Vivo,Hunters Green,S/M,V0723033HGNS/M,1950.0,1,2026-02-11,0,6
Vivo Basic Long Sleeved Bishop Top,Vivo,Maroon - Maroon / 0120092 / M,M,0120092MARM,0.0,1,never,0,0
Vivo Basic Long Sleeved Bishop Top,Vivo,Navy / Brown Lowa Print,M,V0120092PR50M,2950.0,1,2026-02-25,0,1
Vivo Basic Long Sleeved Double Layered Bodycon,Vivo,Mustard - Mustard / 0719261 / Xl,1X,0719261MUSXL,0.0,3,never,0,0
Vivo Basic Long Sleeved Double Layered Bodycon,Vivo,Mustard - Mustard / 719261 / L,L,0719261MUSL,0.0,3,2026-02-23,0,1
Vivo Basic Long Sleeved Double Layered Bodycon,Vivo,Mustard - Mustard / 719261 / M,M,0719261MUSM,0.0,1,never,0,0
Vivo Basic Long Sleeved Double Layered Bodycon,Vivo,Taupe,L,V0719261TAUL,2950.0,2,2026-05-16,0,1
Vivo Basic Long Sleeved Double Layered Bodycon,Vivo,White,L,V0719261WHIL,2950.0,1,2025-08-28,0,4
Vivo Basic Long Sleeved Top,Vivo,Light Grey,2X,V0719113LGRY2X,1750.0,4,2026-06-11,0,2
Vivo Basic Long Sleeved Top,Vivo,Mustard,L,V0719113MUSL,1750.0,1,never,0,0
Vivo Basic Long Sleeved Top,Vivo,Orange - Orange / 0719113 / 2X,2X,0719113ORA2X,0.0,1,never,0,0
Vivo Basic Long Sleeved Top,Vivo,Orange - Orange / 0719113 / L,L,0719113ORAL,0.0,1,2026-01-22,0,1
Vivo Basic Long Sleeved Top,Vivo,Orange - Orange / 0719113 / Xl,1X,0719113ORAXL,0.0,1,never,0,0
Vivo Basic Long Sleeved Top,Vivo,Pink,M,V0719113PINKM,1750.0,1,2026-05-19,0,3
Vivo Basic Long Sleeved Top,Vivo,Pink,S,V0719113PINKS,1750.0,1,never,0,0
Vivo Basic Long Sleeved Top,Vivo,Rust,1X,V0719113RUST1X,1750.0,2,never,0,0
Vivo Basic Long Sleeved Top,Vivo,Rust,M,V0719113RUSTM,1750.0,1,2026-02-11,0,2
Vivo Basic Maternity Leggings,Vivo,Navy Blue,S,V1022057NABS,2750.0,2,never,0,0
Vivo Basic May Jersey Waterfall,Vivo,Dark Green - Dark Green / 0220053 / S/M,S/M,0220053DGNS/M,0.0,1,never,0,0
Vivo Basic May Jersey Waterfall,Vivo,Forest Green - Green / 0220053 / L/Xl,L/1X,0220053FGNL/XL,0.0,1,never,0,0
Vivo Basic Nalia High Low Jersey Top,Vivo,Mustard - Mustard / 0121134 / 1X/2X,1X/2X,0121134MUS1X/2X,0.0,2,2026-02-16,0,3
Vivo Basic Nalia High Low Jersey Top,Vivo,Navy Blue - Navy Blue / 0121134 / 1X/2X,1X/2X,0121134NABL1X/2X,0.0,1,2026-05-03,0,7
Vivo Basic Nalia High Low Jersey Top,Vivo,Rust - Rust / 0121134 / L/Xl,L/1X,0121134RUSL/XL,0.0,1,never,0,0
Vivo Basic Nalia High Low Jersey Top,Vivo,Teal - Teal / 0121134 / 1X/2X,1X/2X,0121134TEAL1X/2X,0.0,1,2025-11-21,0,6
Vivo Basic Nalia High-low Chiffon Top,Vivo,Black / Blue Print,1X/2X,V1119024PR691X/2X,2250.0,1,2025-06-12,0,2
Vivo Basic Nalia High-low Chiffon Top,Vivo,Black Textured,1X/2X,V1119024BLA1X/2X,950.0,1,never,0,0
Vivo Basic Nalia Satin High Low Top,Vivo,Lime,L/1X,V0223140LIML/1X,750.0,1,2025-11-19,0,4
Vivo Basic Neo Extra Long Lily Waterfall,Vivo,Rust,1X/2X,V0122114RUS1X/2X,1650.0,1,never,0,0
Vivo Basic Neo Waterfall,Vivo,Mustard,L/1X,V0422073MUSL/1X,3250.0,1,2026-06-03,0,6
Vivo Basic Palazzo Pants,Vivo,Black - Black / 819137 / S,S,0819137BLAS,0.0,1,never,0,0
Vivo Basic Palazzo Pants,Vivo,Hunters Green,1X,V0819137HGN1X,2000.0,1,2025-04-22,0,4
Vivo Basic Palazzo Pants,Vivo,Hunters Green,L,V0819137HGNL,2000.0,2,2024-11-22,0,3
Vivo Basic Palazzo Pants,Vivo,Hunters Green,M,V0819137HGNM,2000.0,1,2026-03-15,0,11
Vivo Basic Palazzo Pants,Vivo,Hunters Green,S,V0819137HGNS,2000.0,3,2024-08-08,0,1
Vivo Basic Puff Sleeved Bodycon,Vivo,Hunters Green,XS,V0919039HGNXS,1850.0,1,never,0,0
Vivo Basic Puff Sleeved Bodycon,Vivo,Mustard - Mustard / V0919039 / 1X,1X,0919039MUS1X,0.0,1,never,0,0
Vivo Basic Puff Sleeved Bodycon,Vivo,Mustard - Mustard / V0919039 / L,L,0919039MUSL,0.0,1,never,0,0
Vivo Basic Puff Sleeved Bodycon,Vivo,Mustard - Mustard / V0919039 / M,M,0919039MUSM,0.0,1,never,0,0
Vivo Basic Puff Sleeved Bodycon,Vivo,Teal,2X,V0919039TEA2X,1250.0,1,2025-11-21,0,1
Vivo Basic Salma Maxi Boat Neck Dress,Vivo,Mustard - Mustard / 0819056 / F,F,0819056MUSF,0.0,2,2021-11-26,0,3
Vivo Basic Short May Jersey Waterfall,Vivo,Yellow - Yellow / 221013 / L/Xl,L/1X,0221013YELL/XL,0.0,1,never,0,0
Vivo Basic Sienna Jersey Top,Vivo,Deep Teal,1X/2X,V0422077DET1X/2X,1200.0,1,2025-02-08,0,2
Vivo Basic Sleeveless Extra Long Lily Waterfall,Vivo,Black Old,S/M,V1122193BLAS/M,2550.0,1,2025-11-26,0,3
Vivo Basic Sleeveless Extra Long Lily Waterfall,Vivo,Burgundy,L/1X,V1122193L/XL,1350.0,1,2024-11-15,0,11
Vivo Basic Sleeveless Extra Long Lily Waterfall,Vivo,Forest Green,L/1X,V1122193FGNL/XL,2150.0,1,never,0,0
Vivo Basic Sleeveless Extra Long Lily Waterfall,Vivo,Tan - Tan / V1122193 / L/Xl,L/1X,V1122193BLAL/1X,0.0,1,2025-03-31,0,3
Vivo Basic Sleeveless Extra Long Lily Waterfall,Vivo,Yellow,L/1X,V1122193YELL/1X,1950.0,1,never,0,0
Vivo Basic Sleeveless Long Lily Waterfall,Vivo,Mustard,1X/2X,V0719839MUS1X/2X,1450.0,1,2025-11-13,0,1
Vivo Basic Sleeveless Long Lily Waterfall,Vivo,Navy Blue,1X/2X,V0719839NBLU1X/2X,1250.0,1,2026-01-22,0,3
Vivo Basic Sleeveless Long Lily Waterfall,Vivo,Tan,L/1X,V0719839TANL/1X,1750.0,1,2025-06-09,0,2
Vivo Basic Sleeveless Long Lily Waterfall,Vivo,Tan,S/M,V0719839TANS/M,1750.0,1,2025-07-28,0,5
Vivo Basic Sleeveless Long Lily Waterfall,Vivo,Taupe - Taupe / 0719839 / L/Xl,L/1X,0719839TAUL/XL,0.0,1,2026-01-30,0,2
Vivo Basic Sleeveless Long Lily Waterfall,Vivo,Yellow - Yellow / 0719839 / L/Xl,L/1X,0719839YELL/XL,0.0,2,never,0,0
Vivo Basic Sleeveless Long Lily Waterfall,Vivo,Yellow - Yellow / 0719839 / S/M,S/M,0719839YELS/M,0.0,1,2026-03-04,0,2
Vivo Basic Sleeveless Midi Jersey Waterfall,Vivo,Mustard,1X/2X,V1122192MUS1X/2X,1350.0,2,2026-04-08,0,1
Vivo Basic Sleeveless Midi Jersey Waterfall,Vivo,Navy Blue,1X/2X,V1122192NAB1X/2X,2000.0,1,2026-05-10,0,3
Vivo Basic Sleeveless Midi Jersey Waterfall,Vivo,Navy Blue,L/1X,V1122192NABL/1X,2000.0,1,never,0,0
Vivo Basic Sleeveless Midi Jersey Waterfall,Vivo,Navy Blue,M/L,V1122192NABM/L,2000.0,2,2026-04-17,0,3
Vivo Basic Sleeveless Midi Jersey Waterfall,Vivo,Navy Blue,S/M,V1122192NABS/M,2000.0,2,never,0,0
Vivo Basic Sleeveless Midi Jersey Waterfall,Vivo,Navy Blue,XS/S,V1122192NABXS/S,2000.0,1,2026-05-16,0,3
Vivo Basic Sleeveless Sienna Waterfall,Vivo,Navy Blue - Navy Blue / 0321017 / L,L,0321017NABL,0.0,1,2021-09-23,0,2
Vivo Basic Sleeveless Sienna Waterfall,Vivo,Navy Blue - Navy Blue / 0321017 / M,M,0321017NABM,0.0,1,2021-08-18,0,1
Vivo Basic Sleeveless Sienna Waterfall,Vivo,Navy Blue - Navy Blue / 0321017 / Xl,1X,0321017NABXL,0.0,1,never,0,0
Vivo Basic Sleeveless Sienna Waterfall,Vivo,Tan - Tan / V0321017 / S,S,V0321017TANS,0.0,1,2024-10-08,0,2
Vivo Basic Spaghetti Strap Tank Top,Vivo,Hunters Green,2X,V0623033HGN2X,450.0,1,2025-11-29,0,3
Vivo Basic Spaghetti Strap Tank Top,Vivo,Hunters Green,3X,V0623033HGN3X,450.0,2,never,0,0
Vivo Basic Spaghetti Strap Tank Top,Vivo,Hunters Green,4X,V0623033HGN4X,450.0,2,never,0,0
Vivo Basic Spaghetti Strap Tank Top,Vivo,Hunters Green,XS,V0623033HGNXS,450.0,1,never,0,0
Vivo Basic Spaghetti Strap Tank Top,Vivo,Navy Blue,2X,V0623033NAB2X,550.0,1,2025-11-19,0,3
Vivo Basic Spaghetti Strap Tank Top,Vivo,Navy Blue,3X,V0623033NAB3X,550.0,1,2024-05-17,0,1
Vivo Basic Spaghetti Strap Tank Top,Vivo,Navy Blue,4X,V0623033NAB4X,550.0,2,2024-10-01,0,1
Vivo Basic Spaghetti Strap Tank Top,Vivo,Tan,2X,V0623033TAN2X,450.0,2,never,0,0
Vivo Basic Spaghetti Strap Tank Top,Vivo,Tan,3X,V0623033TAN3X,450.0,1,never,0,0
Vivo Basic Spaghetti Strap Tank Top,Vivo,Tan,4X,V0623033TAN4X,450.0,1,2024-10-01,0,1
Vivo Basic Straight Maxi Dress,Vivo,Light Taupe,L,V0719121LTAUL,5950.0,1,2025-11-05,0,6
Vivo Basic Straight Maxi Dress,Vivo,Navy Blue - Navy Blue / 0719121 / 1X,1X,0719121NAB1X,0.0,1,never,0,0
Vivo Basic Straight Skirt,Vivo,Navy Blue - Navy Blue / 0222135 / S,S,0222135NABS,0.0,1,2026-03-02,0,4
Vivo Basic Strappy Cowl Top,Vivo,Champagne,1X,V0325044CHA1X,2550.0,1,2025-06-17,0,1
Vivo Basic Strappy Cowl Top,Vivo,Champagne,L,V0325044CHAL,2550.0,1,2026-05-10,0,1
Vivo Basic Strappy Cowl Top,Vivo,Champagne,M,V0325044CHAM,2550.0,1,2026-05-10,0,3
Vivo Basic Strappy Cowl Top,Vivo,Navy,1X,V0325044NAV1X,950.0,1,2025-10-02,0,2
Vivo Basic Strappy Cowl Top,Vivo,Navy,L,V0325044NAVL,950.0,1,2026-02-26,0,2
Vivo Basic Tsavo Scalloped Chiffon Top,Vivo,Black,L,V0422058BLAL,2750.0,1,2025-08-09,0,5
Vivo Basic Tsavo Scalloped Chiffon Top,Vivo,Navy Blue,S,V0422058NABS,750.0,1,2025-01-07,0,3
Vivo Basic Tulip Sweater,Vivo,Chocolate - Chocolate / V0819126 / L,L,V0819126CHOL,0.0,1,2024-09-04,0,5
Vivo Basic Tulip Sweater,Vivo,Light Yellow,1X,V0819126LYEL1X,3900.0,2,never,0,0
Vivo Basic Tulip Sweater,Vivo,Light Yellow,2X,V0819126LYEL2X,3900.0,1,never,0,0
Vivo Basic Tulip Sweater,Vivo,Light Yellow,L,V0819126LYELL,3900.0,3,never,0,0
Vivo Basic Tulip Sweater,Vivo,Olive Green,1X,V0819126OGN1X,3900.0,2,never,0,0
Vivo Basic Tulip Sweater,Vivo,Red,1X,V0819126RED1X,3900.0,2,2025-07-03,0,1
Vivo Basic Tulip Sweater,Vivo,Red,L,V0819126REDL,3900.0,3,2025-07-06,0,2
Vivo Basic V-Neck Long Sleeve Top,Vivo,Navy Blue,4X,V0423052NAB4X,750.0,1,2026-02-13,0,2
Vivo Basic V-neck Cap Sleeve Top,Vivo,Burgundy,2X,V0323019BUR2X,950.0,1,2025-12-30,0,1
Vivo Basic V-neck Cap Sleeve Top,Vivo,Buttermilk,3X,V0323019BUT3X,1250.0,1,2026-04-23,0,2
Vivo Basic V-neck Cap Sleeve Top,Vivo,Buttermilk,4X,V0323019BUT4X,1250.0,3,never,0,0
Vivo Basic V-neck Cap Sleeve Top,Vivo,Hunters Green,3X,V0323019HGN3X,450.0,2,2026-06-05,0,2
Vivo Basic V-neck Cap Sleeve Top,Vivo,Hunters Green,4X,V0323019HGN4X,450.0,1,2025-03-15,0,1
Vivo Basic V-neck Cap Sleeve Top,Vivo,Orange,2X,V0323019ORA2X,2550.0,1,never,0,0
Vivo Basic V-neck Cap Sleeve Top,Vivo,Teal,1X,V0323019TEAXL,1350.0,1,never,0,0
Vivo Basic V-neck Cap Sleeve Top,Vivo,Teal,3X,V0323019TEA3X,1350.0,2,2026-04-23,0,1
Vivo Basic V-neck Cap Sleeve Top,Vivo,Teal,4X,V0323019TEA4X,1350.0,1,never,0,0
Vivo Basic V-neck Cap Sleeve Top,Vivo,Teal,XS,V0323019TEAXS,1350.0,1,never,0,0
Vivo Beali Baby Doll Dress,Vivo,Off White / Gold Lea Print,M,V1024031PR4M,4850.0,1,2026-02-12,0,4
Vivo Beali Baby Doll Dress,Vivo,Off White / Gold Lea Print,XS,V1024031PR4XS,4850.0,1,never,0,0
Vivo Beali Sarong Skirt,Vivo,Cream / Taupe Lea Print,F,V1024037PR3F,1750.0,2,2025-11-29,0,6
Vivo Beali Shorts,Vivo,Beige / Gold Lea Print,S,V1024032PR2S,1350.0,1,2025-11-17,0,2
Vivo Beali Shorts,Vivo,Tan / Navy Lea Print,1X,V1024032PR11X,1850.0,1,2025-05-25,0,3
Vivo Beali Shorts,Vivo,Tan / Navy Lea Print,XS,V1024032PR1XS,1850.0,1,2025-01-02,0,1
Vivo Beali Two Way Wrap Top,Vivo,Cream / Chocolate Lea Print,1X,V1024043PR21X,1350.0,1,never,0,0
Vivo Beali Two Way Wrap Top,Vivo,Cream / Chocolate Lea Print,S,V1024043PR2S,1350.0,1,2026-04-17,0,1
Vivo Beali Two Way Wrap Top,Vivo,Cream / Gold Lea Print,L,V1024043PR1L,1350.0,1,2026-04-25,0,1
Vivo Beali Two Way Wrap Top,Vivo,Cream / Gold Lea Print,M,V1024043PR1M,1350.0,1,never,0,0
Vivo Beali Two Way Wrap Top,Vivo,Cream / Taupe Lea Print,1X,V1024043PR31X,1550.0,1,never,0,0
Vivo Beali Two Way Wrap Top,Vivo,Cream / Taupe Lea Print,XS,V1024043PR3XS,1550.0,1,never,0,0
Vivo Beali Two Way Wrap Top,Vivo,White / Taupe Lea Print,S,V1024043PR4S,2250.0,1,never,0,0
Vivo Chari Basic Chiffon Bishop Sleeve Top (Double Layered),Vivo,Tan,L,V1124153TANL,2050.0,1,2026-05-12,0,1
Vivo Chari Basic Pencil Skirt,Vivo,Black - Black / V1124158 / S,S,V1124158BLAS,0.0,1,2025-06-26,0,2
Vivo Chela Basic Cap Sleeve Top,Vivo,Light Taupe,1X,V0325019LTAU1X,2250.0,1,2025-06-24,0,2
Vivo Chela Basic Cap Sleeve Top,Vivo,Light Taupe,L,V0325019LTAUL,2250.0,1,2025-11-18,0,1
Vivo Chela Basic Cap Sleeve Top,Vivo,Lilac,1X,V0325019LIL1X,2250.0,1,2026-03-18,0,3
Vivo Chela Basic Cap Sleeve Top,Vivo,Lilac,L,V0325019LILL,2250.0,2,2025-06-06,0,1
Vivo Chela Basic Cap Sleeve Top,Vivo,Lilac,XS,V0325019LILXS,2250.0,1,never,0,0
Vivo Chela Basic Cap Sleeve Top,Vivo,Royal Blue,L,V0325019RBLUL,1850.0,2,2025-08-13,0,2
Vivo Chela Basic Cap Sleeve Top,Vivo,Royal Blue,M,V0325019RBLUM,1850.0,3,2026-05-08,0,6
Vivo Chela Basic Cap Sleeve Top,Vivo,Royal Blue,S,V0325019RBLUS,1850.0,1,2025-11-29,0,5
Vivo Chela Basic Cap Sleeve Top,Vivo,Sage,1X,V0325019SAG1X,2250.0,1,2025-06-24,0,2
Vivo Chela Basic Cap Sleeve Top,Vivo,Sage,L,V0325019SAGL,2250.0,3,2026-03-29,0,4
Vivo Chela Basic Cap Sleeve Top,Vivo,Sage,S,V0325019SAGS,2250.0,2,2026-03-18,0,9
Vivo Chela Scalloped Sleeveless Top,Vivo,Light Taupe,1X,V0225023LTAU1X,2050.0,1,never,0,0
Vivo Chela Scalloped Sleeveless Top,Vivo,Lilac,S,V0225023LILS,2050.0,2,never,0,0
Vivo Chela Scalloped Sleeveless Top,Vivo,Royal Blue,S,V0225023RBLUS,2050.0,1,never,0,0
Vivo Chesi V-neck Jumpsuit,Vivo,Deep Teal,1X,V0424130DTEA1X,2650.0,1,2026-03-12,0,4
Vivo Chesi Wide Leg Pants,Vivo,Mint / Hunters Green Hesi Print,1X,V0424124PR11X,4550.0,1,never,0,0
Vivo Chesi Wide Leg Pants,Vivo,Mint / Hunters Green Hesi Print,M,V0424124PR1M,4550.0,2,2025-12-02,0,6
Vivo Chesi Wide Leg Pants,Vivo,Rust / Black Hesi Print,1X,V0424124PR31X,2750.0,1,never,0,0
Vivo Chesi Wide Leg Pants,Vivo,Rust / Black Hesi Print,S,V0424124PR3S,2750.0,1,2025-09-13,0,2
Vivo Chiffon Shorts,Vivo,Black,1X,V0325072BLA1X,3550.0,1,never,0,0
Vivo Chiffon Shorts,Vivo,Black,M,V0325072BLAM,3550.0,2,2026-03-12,0,1
Vivo Chiffon Shorts,Vivo,Black,S,V0325072BLAS,3550.0,2,never,0,0
Vivo Chiffon Shorts,Vivo,Navy,1X,V0325072NAV1X,3550.0,1,2026-01-28,0,1
Vivo Chiffon Shorts,Vivo,Navy,L,V0325072NAVL,3550.0,1,never,0,0
Vivo Chiffon Shorts,Vivo,Navy,M,V0325072NAVM,3550.0,1,never,0,0
Vivo Chiffon Shorts,Vivo,Navy,S,V0325072NAVS,3550.0,1,2026-04-29,0,1
Vivo Chiffon Wide Kimono,Vivo,Peach / White Print,F,V0424168PR5F,1950.0,2,2026-02-19,0,4
Vivo Cowl Camisole,Vivo,Black,3X,V0424158BLA3X,1300.0,1,never,0,0
Vivo Cowl Camisole,Vivo,Black,L,V0424158BLAL,1300.0,1,never,0,0
Vivo Cowl Camisole,Vivo,Khaki,1X,V0424158KHA1X,1050.0,1,never,0,0
Vivo Cowl Camisole,Vivo,Khaki,2X,V0424158KHA2X,1050.0,1,never,0,0
Vivo Cowl Camisole,Vivo,Khaki,3X,V0424158KHA3X,1050.0,1,never,0,0
Vivo Cowl Camisole,Vivo,Khaki,L,V0424158KHAL,1050.0,1,never,0,0
Vivo Cowl Camisole,Vivo,Khaki,M,V0424158KHAM,1050.0,1,never,0,0
Vivo Cowl Camisole,Vivo,Khaki,S,V0424158KHAS,1050.0,1,never,0,0
Vivo Diella 3/4 Sleeve A-Line Dress,Vivo,Black,1X,V0425056BLA1X,4500.0,3,2026-01-26,0,1
Vivo Diella 3/4 Sleeve A-Line Dress,Vivo,Black,L,V0425056BLAL,4500.0,2,never,0,0
Vivo Diella 3/4 Sleeve A-Line Dress,Vivo,Black,M,V0425056BLAM,4500.0,3,never,0,0
Vivo Diella 3/4 Sleeve A-Line Dress,Vivo,Black,S,V0425056BLAS,4500.0,3,never,0,0
Vivo Diella 3/4 Sleeve A-Line Dress,Vivo,Dark Olive,1X,V0425056DAO1X,4500.0,2,never,0,0
Vivo Diella 3/4 Sleeve A-Line Dress,Vivo,Dark Olive,F,V0425056DAOS,4500.0,1,never,0,0
Vivo Diella 3/4 Sleeve A-Line Dress,Vivo,Dark Olive,L,V0425056DAOL,4500.0,5,never,0,0
Vivo Diella 3/4 Sleeve A-Line Dress,Vivo,Dark Olive,M,V0425056DAOM,4500.0,4,never,0,0
Vivo Diella 3/4 Sleeve A-Line Dress,Vivo,Dark Purple,1X,V0425056DPUR1X,4500.0,1,never,0,0
Vivo Diella 3/4 Sleeve A-Line Dress,Vivo,Dark Purple,L,V0425056DPURL,4500.0,5,2025-08-15,0,1
Vivo Diella 3/4 Sleeve A-Line Dress,Vivo,Dark Purple,M,V0425056DPURM,4500.0,2,2025-07-28,0,1
Vivo Diella 3/4 Sleeve A-Line Dress,Vivo,Dark Purple,S,V0425056DPURS,4500.0,3,never,0,0
Vivo Dua Dolman Top,Vivo,Brown,M/L,V0424127BROM/L,1450.0,1,2025-11-17,0,8
Vivo Dua Long Bishop Sleeve Top,Vivo,Black Zoom - Black Zoom / V0523147 / S,S,V0523147BLAS,0.0,1,2025-02-24,0,3
Vivo Essentials Biker Shorts,Vivo,Black,2X,VE0002BLK2X,1750.0,2,2026-06-07,0,1
Vivo Essentials Biker Shorts,Vivo,Black,XS,VE0002BLKXS,1750.0,1,never,0,0
Vivo Essentials Biker Shorts,Vivo,Mulberry,S,VE0002MULS,1750.0,1,never,0,0
Vivo Essentials Biker Shorts,Vivo,Mulberry,XS,VE0002MULXS,1750.0,1,never,0,0
Vivo Essentials Biker Shorts,Vivo,Teal,XS,VE0002TEAXS,1750.0,1,never,0,0
Vivo Essentials Bodycon,Vivo,Black,S,VE0008BLAS,3950.0,1,2025-11-01,0,2
Vivo Essentials Bodycon,Vivo,Black,XS,VE0008BLAXS,3950.0,2,2025-10-10,0,1
Vivo Essentials Bodycon,Vivo,Orange,3X,VE0008ORA3X,3950.0,1,never,0,0
Vivo Essentials Bodycon,Vivo,Orange,S,VE0008ORAS,3950.0,1,2026-05-07,0,1
Vivo Essentials Bodycon,Vivo,Orange,XS,VE0008ORAXS,3950.0,2,never,0,0
Vivo Essentials Bodycon,Vivo,White,1X,VE0008WHI1X,3950.0,1,2025-11-04,0,1
Vivo Essentials Bodycon,Vivo,White,3X,VE0008WHI3X,3950.0,1,never,0,0
Vivo Essentials Bodycon,Vivo,White,XS,VE0008WHIXS,3950.0,1,never,0,0
Vivo Essentials Bodycon,Vivo,Yellow,XS,VE0008YELXS,1050.0,1,2025-11-27,0,4
Vivo Essentials Strappy Cold Shoulder Top,Vivo,Black,L/1X,VE0009BLAL/1X,2600.0,1,never,0,0
Vivo Essentials Strappy Cold Shoulder Top,Vivo,Black,S/M,VE0009BLAS/M,2600.0,1,2026-02-04,0,2
Vivo Essentials Tank Top,Vivo,Mulberry,1X,VE0001MUL1X,1550.0,1,never,0,0
Vivo Essentials Tank Top,Vivo,Mulberry,2X,VE0001MUL2X,1550.0,1,never,0,0
Vivo Essentials Tank Top,Vivo,Mulberry,4X,VE0001MUL4X,1550.0,1,2025-09-12,0,1
Vivo Essentials Tank Top,Vivo,Mulberry,M,VE0001MULM,1550.0,1,2026-04-02,0,3
Vivo Essentials Tank Top,Vivo,Mulberry,XS,VE0001MULXS,1550.0,1,never,0,0
Vivo Essentials Tank Top,Vivo,Mustard,3X,VE0001MUS3X,1050.0,1,never,0,0
Vivo Essentials Tank Top,Vivo,Mustard,XS,VE0001MUSXS,1050.0,1,never,0,0
Vivo Essentials Tank Top,Vivo,Orange,2X,VE0001ORA2X,1550.0,1,never,0,0
Vivo Essentials Tank Top,Vivo,Orange,3X,VE0001ORA3X,1550.0,1,never,0,0
Vivo Essentials Tank Top,Vivo,Orange,4X,VE0001ORA4X,1550.0,1,2026-04-28,0,2
Vivo Essentials Tank Top,Vivo,Orange,XS,VE0001ORAXS,1550.0,1,2026-04-29,0,1
Vivo Essentials Tank Top,Vivo,Teal,2X,VE0001TEA2X,750.0,1,2025-11-21,0,1
Vivo Essentials Tank Top,Vivo,Teal,3X,VE0001TEA3X,750.0,1,never,0,0
Vivo Essentials Tank Top,Vivo,Teal,4X,VE0001TEA4X,750.0,1,2025-09-12,0,1
Vivo Essentials Tank Top,Vivo,White,3X,VE0001WHI3X,1550.0,1,never,0,0
Vivo Essentials Tank Top,Vivo,White,4X,VE0001WHI4X,1550.0,1,2025-09-12,0,1
Vivo Essentials Tank Top,Vivo,Yellow,2X,VE0001YEL2X,750.0,1,2026-05-05,0,1
Vivo Essentials Tank Top,Vivo,Yellow,3X,VE0001YEL3X,750.0,1,never,0,0
Vivo Essentials Tank Top,Vivo,Yellow,4X,VE0001YEL4X,750.0,1,2026-04-17,0,1
Vivo Essentials Tank Top,Vivo,Yellow,XS,VE0001YELXS,750.0,1,never,0,0
Vivo Extra Long May Jersey Waterfall,Vivo,Taupe,L/1X,V0621112TAUL/XL,4550.0,2,never,0,0
Vivo Fahari 3/4 Sleeve Shirred Shirt,Vivo,Dark Mustard,1X,V1122145DAMXL,3250.0,1,never,0,0
Vivo Fahari 3/4 Sleeve Shirred Shirt,Vivo,Dark Mustard,L,V1122145DAML,3250.0,1,never,0,0
Vivo Fahari 3/4 Sleeve Shirred Shirt,Vivo,Dark Mustard,M,V1122145DAMM,3250.0,1,never,0,0
Vivo Fahari 3/4 Sleeve Shirred Shirt,Vivo,Dark Mustard,S,V1122145DAMS,3250.0,1,never,0,0
Vivo Faraji Side Slit Leisure Pants,Vivo,Hunters Green,S,V0122102HGNS,1250.0,1,never,0,0
Vivo Full Length Kimono,Vivo,Keri,1X/2X,V0224241PR101X/2X,5900.0,1,2025-11-17,0,1
Vivo Full Length Kimono,Vivo,Keri,3X/4X,V0224241PR103X/4X,5900.0,1,never,0,0
Vivo Full Length Kimono,Vivo,Keri,M/L,V0224241PR10M/L,5900.0,3,2025-08-23,0,2
Vivo Full Length Kimono,Vivo,Keri,XS/S,V0224241PR10XS/S,5900.0,1,never,0,0
Vivo Full Length Kimono,Vivo,Maya,1X/2X,V0224241PR111X/2X,5900.0,1,2025-10-02,0,3
Vivo Full Length Kimono,Vivo,Maya,3X/4X,V0224241PR113X/4X,5900.0,1,never,0,0
Vivo Full Length Kimono,Vivo,Maya,M/L,V0224241PR11M/L,5900.0,1,2025-06-12,0,2
Vivo Full Length Kimono,Vivo,Maya,XS/S,V0224241PR11XS/S,5900.0,1,2025-11-14,0,1
Vivo Golf Fly Front Shorts,Vivo,Dark Taupe,4X,V0823141DTAU4X,560.0,1,never,0,0
Vivo Hamle Front Twist Bodysuit,Vivo,White,2X,V0624053WHI2X,1050.0,1,2024-11-14,0,1
Vivo Hanabi High Low Top,Vivo,Gold / Black Koto Print,F,V1223038PR8F,2750.0,1,never,0,0
Vivo Hanabi Off,Vivo,Shoulder Top - Black,M,V1123012BLAM,1050.0,2,never,0,0
Vivo Hari Flared Sleeve Tunic,Vivo,Pink,2X,V0924049PIN2X,1550.0,1,never,0,0
Vivo Hari Flared Sleeve Tunic,Vivo,Red,2X,V0924049RED2X,1550.0,1,2026-02-23,0,2
Vivo Hari Flared Sleeve Tunic,Vivo,Red,L,V0924049REDL,1550.0,1,2026-04-30,0,6
Vivo Hari Flared Sleeve Tunic,Vivo,Red,S,V0924049REDS,1550.0,2,2025-12-05,0,3
Vivo Hooded Kimono With Elastic Cuff,Vivo,Black,3X/4X,V0424160BLA3X/4X,6950.0,1,never,0,0
Vivo Hooded Kimono With Elastic Cuff,Vivo,Black,M/L,V0424160BLAM/L,6950.0,1,never,0,0
Vivo Hooded Kimono With Elastic Cuff,Vivo,Black,XS/S,V0424160BLAXS/S,6950.0,1,2026-05-20,0,1
Vivo Hooded Kimono With Elastic Cuff,Vivo,Orange,1X/2X,V0424160ORA1X/2X,1950.0,1,never,0,0
Vivo Hooded Kimono With Elastic Cuff,Vivo,Orange,3X/4X,V0424160ORA3X/4X,1950.0,1,never,0,0
Vivo Isabi Cowl Top,Vivo,Black,1X,V0125036BLA1X,1750.0,1,never,0,0
Vivo Isabi Cowl Top,Vivo,Orange / Black Tiki Print,M,V0125036PR2M,2550.0,1,2025-07-05,0,3
Vivo Jamila Halter Neck Knee Length Dress,Vivo,Black / White Geometric Print,S,V0322088PR9S,3150.0,1,never,0,0
Vivo Jersey Drop Shoulder Top,Vivo,Dark Green,L,V1125001DGRNL,2500.0,1,never,0,0
Vivo Jersey Drop Shoulder Top,Vivo,Dark Green,M,V1125001DGRNM,2500.0,1,never,0,0
Vivo Jersey Drop Shoulder Top,Vivo,Dark Green,S,V1125001DGRNS,2500.0,1,never,0,0
Vivo Jersey Drop Shoulder Top,Vivo,Dark Purple,1X,V1125001DPUR1X,2500.0,1,never,0,0
Vivo Jersey Drop Shoulder Top,Vivo,Dark Purple,L,V1125001DPURL,2500.0,1,never,0,0
Vivo Jersey Drop Shoulder Top,Vivo,Dark Purple,M,V1125001DPURM,2500.0,1,never,0,0
Vivo Jersey Drop Shoulder Top,Vivo,Dark Purple,S,V1125001DPURS,2500.0,1,never,0,0
Vivo Joggers,Vivo,Benue,M,VE0050BENM,2750.0,1,never,0,0
Vivo Joggers,Vivo,Nile,4X,VE0050NIL4X,2750.0,1,never,0,0
Vivo Joggers,Vivo,Nile,S,VE0050NILS,2750.0,1,never,0,0
Vivo Joggers,Vivo,Nile,XS,VE0050NILXS,2750.0,1,never,0,0
Vivo Joggers,Vivo,Sabie,1X,VE0050SAB1X,1350.0,1,2026-05-20,0,1
Vivo Joggers,Vivo,Sabie,3X,VE0050SAB3X,1350.0,1,never,0,0
Vivo Joggers,Vivo,Sabie,4X,VE0050SAB4X,1350.0,1,never,0,0
Vivo Kala Gathered Front Top,Vivo,Orange,S,V0624073ORAS,1350.0,1,2026-03-28,0,5
Vivo Kala Long Sleeve Top,Vivo,White,1X/2X,V0624077WHI1X/2X,1750.0,2,2025-06-27,0,2
Vivo Kala Palazzo Pants,Vivo,Taupe / Orange Bemba Print,L,V0624067PR2L,1150.0,1,2026-05-17,0,8
Vivo Kala Palazzo Pants,Vivo,White / Orange Ukwi Print,1X,V0624067PR41X,1750.0,1,2025-12-04,0,6
Vivo Kelemi 4.0 Frilled Wide Top,Vivo,Lilac,S/M,V0325047LILS/M,2350.0,3,never,0,0
Vivo Kelemi 4.0 Frilled Wide Top,Vivo,Magenta,S/M,V0325047MAGS/M,2350.0,1,2026-04-17,0,1
Vivo Kelemi 4.0 Frilled Wide Top,Vivo,White,L/1X,V0325047WHIL/1X,2350.0,1,never,0,0
Vivo Kelemi 4.0 Halter Maxi Dress,Vivo,Mustard,L,V0325042MUSL,2250.0,1,never,0,0
Vivo Kelemi 4.0 Halter Maxi Dress,Vivo,Navy,L,V0325042NAVL,7950.0,1,never,0,0
Vivo Kelemi 4.0 Halter Maxi Dress,Vivo,Navy,M,V0325042NAVM,7950.0,1,2025-06-22,0,1
Vivo Kelemi 4.0 Kimono,Vivo,Lilac / Olive Nashe Print,1X,V0325041PR21X,6950.0,1,never,0,0
Vivo Kelemi 4.0 Kimono,Vivo,Lilac / Olive Nashe Print,L,V0325041PR2L,6950.0,1,2025-09-09,0,1
Vivo Kelemi 4.0 Kimono,Vivo,Lilac / Olive Nashe Print,M,V0325041PR2M,6950.0,2,2025-06-16,0,1
Vivo Kelemi 4.0 Kimono,Vivo,Magenta,S,V0325041MAGS,4850.0,1,never,0,0
Vivo Kelemi 4.0 Kimono,Vivo,Navy,1X,V0325041NAV1X,4850.0,1,never,0,0
Vivo Kelemi 4.0 Kimono,Vivo,Navy / Mustard Nashe Print,L,V0325041PR4L,6950.0,2,never,0,0
Vivo Kelemi 4.0 Kimono,Vivo,Navy / Mustard Nashe Print,M,V0325041PR4M,6950.0,2,2025-11-30,0,2
Vivo Kelemi 4.0 Kimono,Vivo,Orange,L,V0325041ORAL,2750.0,1,2026-03-29,0,1
Vivo Kelemi 4.0 Kimono,Vivo,Purple,1X,V0325041PUR1X,6950.0,1,2026-03-13,0,2
Vivo Kelemi 4.0 Kimono,Vivo,Purple,L,V0325041PURL,6950.0,3,2025-11-24,0,1
Vivo Kelemi 4.0 Kimono,Vivo,Purple,M,V0325041PURM,6950.0,1,2025-08-26,0,1
Vivo Kelemi 4.0 Kimono,Vivo,Purple,S,V0325041PURS,6950.0,1,2025-12-23,0,2
Vivo Kelemi Flared Sleeve Kimono,Vivo,Yellow / Green Lana Print,1X,V0924046PR21X,4850.0,1,never,0,0
Vivo Kelemi Hooded Kimono,Vivo,Mustard / Rust Leke Print,L,V0324082PR5L,4850.0,1,2026-01-28,0,6
Vivo Kelemi Ruffle Sleeve Top,Vivo,Yellow / Green Lana Print,1X,V1024029PR21X,4550.0,1,2026-02-27,0,2
Vivo Kelemi Ruffle Sleeve Top,Vivo,Yellow / Green Lana Print,M,V1024029PR2M,4550.0,1,never,0,0
Vivo Kelemi Ruffle Sleeve Top,Vivo,Yellow / Green Lana Print,S,V1024029PR2S,4550.0,1,2025-04-30,0,3
Vivo Kitenge Infinity Jumpsuit,Vivo,Bukavu,3X/4X,V0524181PR13X/4X,1950.0,2,never,0,0
Vivo Kitenge Infinity Jumpsuit,Vivo,Zena,3X/4X,V0524181PR23X/4X,1950.0,1,never,0,0
Vivo Kitenge Midi Kimono,Vivo,Shama Print,1X/2X,VE0049PR11X/2X,3450.0,1,never,0,0
Vivo Kitenge Midi Kimono,Vivo,Tana Print,XS/S,VE0049PR4XS/S,1750.0,1,2026-04-24,0,1
Vivo Kitenge Strappy Tie Back Top,Vivo,Neba,S,V0624025PR7S,2050.0,1,never,0,0
Vivo Kitenge Strappy Tie Back Top,Vivo,Obu,1X,V0624025PR91X,2900.0,1,never,0,0
Vivo Kitenge Strappy Tie Back Top,Vivo,Obu,L,V0624025PR9L,2900.0,2,2026-04-22,0,2
Vivo Kitenge Strappy Tie Back Top,Vivo,Obu,XS,V0624025PR9XS,2900.0,1,never,0,0
Vivo Kitenge Strappy Tie Back Top,Vivo,Tana,S,V0624025PR6S,2050.0,1,never,0,0
Vivo Kitenge Wide Leg Pants,Vivo,Ashai,2X,VE0032PR9PR92X,2250.0,1,never,0,0
Vivo Kitenge Wide Leg Pants,Vivo,Ashai,M,VE0032PR9PR9M,2250.0,1,2026-04-20,0,1
Vivo Kitenge Wide Leg Pants,Vivo,Blue / Pink Azizi Print,M,VE0032PR14M,2250.0,1,never,0,0
Vivo Kitenge Wide Leg Pants,Vivo,Green / Black Adia Print,M,VE0032PR15M,4500.0,1,never,0,0
Vivo Kitenge Wide Leg Pants,Vivo,Juja,1X,VE0032PR131X,4500.0,1,never,0,0
Vivo Kitenge Wide Leg Pants,Vivo,Juja,L,VE0032PR13L,4500.0,1,never,0,0
Vivo Kitenge Wide Leg Pants,Vivo,Juja,M,VE0032PR13M,4500.0,2,never,0,0
Vivo Kitenge Wide Leg Pants,Vivo,Juja,S,VE0032PR13S,4500.0,1,never,0,0
Vivo Kitenge Wide Leg Pants,Vivo,Lashi,M,VE0032PR10M,2250.0,2,never,0,0
Vivo Kitenge Wide Leg Pants,Vivo,Maroon / Pink Ara Print,M,VE0032PR17M,4500.0,1,never,0,0
Vivo Kitenge Wide Leg Pants,Vivo,Navy / Brown Chiku Print,M,VE0032PR19M,4500.0,1,never,0,0
Vivo Kitenge Wide Leg Pants,Vivo,Navy / Brown Chiku Print,S,VE0032PR19S,4500.0,1,never,0,0
Vivo Kitenge Wide Leg Pants,Vivo,Navy / Pink Bakari Print,M,VE0032PR16M,4500.0,1,2026-05-17,0,1
Vivo Kitenge Wide Leg Pants,Vivo,Navy / Pink Bakari Print,S,VE0032PR16S,4500.0,1,never,0,0
Vivo Kitenge Wide Leg Pants,Vivo,Sipo,L,VE0032PR11L,1850.0,1,2025-02-19,0,1
Vivo Kitenge Wide Leg Pants,Vivo,Sipo,M,VE0032PR11M,1850.0,1,2025-06-30,0,4
Vivo Kitenge Wide Leg Pants,Vivo,Sipo,S,VE0032PR11S,1850.0,1,never,0,0
Vivo Kitenge Wrap Skirt,Vivo,,,VE003014PR8F,0.0,7,never,0,0
Vivo Kitenge Wrap Skirt,Vivo,Tafo,F,VE003014PR9F,4950.0,1,2026-05-11,0,1
Vivo Laika Long Sleeve Tie Top,Vivo,White / Black Una Print,M,V0523184PR1M,2750.0,1,never,0,0
Vivo Laika Long Sleeve Tie Top,Vivo,White / Black Una Print,S,V0523184PR1S,2750.0,1,never,0,0
Vivo Lani Satin High Low Dress,Vivo,Mustard,F,V1021027MUSF,3650.0,1,2026-04-20,0,2
Vivo Leila 3/4 Sleeve Tent Knee Length Dress,Vivo,Navy,1X,V0423056NAVYXL,4950.0,1,2026-06-10,0,3
Vivo Leila 3/4 Sleeve Tent Knee Length Dress,Vivo,Navy,L,V0423056NAVYL,4950.0,1,2026-06-03,0,5
Vivo Leila 3/4 Sleeve Tent Knee Length Dress,Vivo,Navy,M,V0423056NAVYM,4950.0,1,2026-06-10,0,8
Vivo Leila 3/4 Sleeve Tent Knee Length Dress,Vivo,Teal,1X,V0423056TEALXL,4950.0,3,2026-05-11,0,8
Vivo Leila 3/4 Sleeve Tent Knee Length Dress,Vivo,Teal,M,V0423056TEALM,4950.0,3,2026-06-11,0,14
Vivo Leila 3/4 Sleeve Tent Knee Length Dress,Vivo,Teal,S,V0423056TEALS,4950.0,1,2025-01-22,0,3
Vivo Leila Cap Sleeve Tent Knee Length Dress,Vivo,Hunters,1X,V0423055HUNTXL,4550.0,2,never,0,0
Vivo Leila Cap Sleeve Tent Knee Length Dress,Vivo,Hunters,2X,V0423055HUNT2X,4550.0,1,2026-04-13,0,1
Vivo Leila Cap Sleeve Tent Knee Length Dress,Vivo,Hunters,L,V0423055HUNTL,4550.0,1,2026-06-07,0,6
Vivo Leila Cap Sleeve Tent Knee Length Dress,Vivo,Navy Blue,L,V0423055NABL,3150.0,1,2025-11-18,0,2
Vivo Leila Cap Sleeve Tent Knee Length Dress,Vivo,Teal,1X,V0423055TEA1X,3150.0,1,2025-04-15,0,3
Vivo Leila Cap Sleeve Tent Knee Length Dress,Vivo,White,L,V0423055WHIL,4550.0,1,never,0,0
Vivo Leila Short Sleeve Bodycon,Vivo,Burgundy,2X,V0924074BURG2X,3550.0,2,2026-01-29,0,3
Vivo Leila Short Sleeve Bodycon,Vivo,Burgundy,S,V0924074BURGS,3550.0,1,2025-05-13,0,2
Vivo Leila Short Sleeve Bodycon,Vivo,White,1X,V0924074WHI1X,3550.0,2,2026-05-19,0,4
Vivo Leila Short Sleeve Bodycon,Vivo,White,M,V0924074WHIM,3550.0,1,2024-12-20,0,3
Vivo Lena Slim Fit Pants in Pinstripe,Vivo,Black / White Thin Stripes,1X,V0825015PR21X,3900.0,2,never,0,0
Vivo Lena Slim Fit Pants in Pinstripe,Vivo,Black / White Thin Stripes,2X,V0825015PR22X,3900.0,1,never,0,0
Vivo Lena Slim Fit Pants in Pinstripe,Vivo,Black / White Thin Stripes,L,V0825015PR2L,3900.0,3,never,0,0
Vivo Lena Slim Fit Pants in Pinstripe,Vivo,Black / White Thin Stripes,M,V0825015PR2M,3900.0,3,never,0,0
Vivo Lena Slim Fit Pants in Pinstripe,Vivo,Black / White Thin Stripes,S,V0825015PR2S,3900.0,2,never,0,0
Vivo Lero Fitness Leggings,Vivo,Black + Blue Kiwi Print,S,V1123125PR2S,525.0,2,2024-11-28,0,2
Vivo Liora Shorts,Vivo,Black,2X,V0925026BLA2X,2500.0,1,never,0,0
Vivo Liora Shorts,Vivo,Black,L,V0925026BLAL,2500.0,1,never,0,0
Vivo Liora Shorts,Vivo,Black,M,V0925026BLAM,2500.0,3,never,0,0
Vivo Liora Shorts,Vivo,Black,S,V0925026BLAS,2500.0,2,never,0,0
Vivo Liora Shorts,Vivo,Chocolate,S,V0925026CHOCS,2500.0,1,2026-03-04,0,1
Vivo Liora Shorts,Vivo,Cream / Coral Ziza Print,L,V0925026PR2L,2500.0,1,2026-04-07,0,1
Vivo Liora Shorts,Vivo,Cream / Coral Ziza Print,M,V0925026PR2M,2500.0,1,2026-05-29,0,2
Vivo Liora Shorts,Vivo,Red / Black Ziza Print,M,V0925026PR1M,2500.0,3,never,0,0
Vivo Long Sleeve Blazer,Vivo,Atbara,S,VE0031ATBS,3900.0,1,2026-04-11,0,1
Vivo Long Sleeve Blazer,Vivo,Savannah,4X,VE0031SAV4X,3900.0,1,never,0,0
Vivo Long Sleeve Blazer,Vivo,Savannah,L,VE0031SAVL,3900.0,1,never,0,0
Vivo Long Sleeve Blazer,Vivo,Savannah,S,VE0031SAVS,3900.0,1,never,0,0
Vivo Long Sleeve Blazer,Vivo,Savannah,XS,VE0031SAVXS,3900.0,1,never,0,0
Vivo Lulu Cotton Barrel Pants,Vivo,Black,1X,V1125006BLA1X,4900.0,1,never,0,0
Vivo Lulu Cotton Barrel Pants,Vivo,Black,2X,V1125006BLA2X,4900.0,1,2026-05-14,0,1
Vivo Lulu Cotton Barrel Pants,Vivo,Black,M,V1125006BLAM,4900.0,1,2026-03-07,0,1
Vivo Lulu Cotton Barrel Pants,Vivo,Black,S,V1125006BLAS,4900.0,2,never,0,0
Vivo Lulu Cotton Barrel Pants,Vivo,Khaki Green,1X,V1125006KHGRN1X,4900.0,1,2026-05-18,0,1
Vivo Lulu Cotton Barrel Pants,Vivo,Khaki Green,2X,V1125006KHGRN2X,4900.0,1,never,0,0
Vivo Lulu Cotton Barrel Pants,Vivo,Khaki Green,L,V1125006KHGRNL,4900.0,2,2026-02-15,0,1
Vivo Lulu Cotton Barrel Pants,Vivo,Khaki Green,M,V1125006KHGRNM,4900.0,2,2026-05-16,0,1
Vivo Lulu Cotton Barrel Pants,Vivo,Khaki Green,S,V1125006KHGRNS,4900.0,2,never,0,0
Vivo Lulu Cotton Barrel Pants,Vivo,Maroon,1X,V1125006MAR1X,4900.0,1,never,0,0
Vivo Lulu Cotton Barrel Pants,Vivo,Maroon,2X,V1125006MAR2X,4900.0,1,never,0,0
Vivo Lulu Cotton Barrel Pants,Vivo,Maroon,S,V1125006MARS,4900.0,2,2026-04-15,0,1
Vivo Lulu Cotton Barrel Pants,Vivo,Rust,2X,V1125006RUS2X,4900.0,2,never,0,0
Vivo Lulu Cotton Barrel Pants,Vivo,Rust,M,V1125006RUSM,4900.0,2,never,0,0
Vivo Lulu Cotton Barrel Pants,Vivo,Rust,S,V1125006RUSS,4900.0,1,never,0,0
Vivo Maisha Kimono & Pant Set,Vivo,Grey / Black Print,M,V1225006PR1M,7500.0,1,2026-01-28,0,2
Vivo Maisha Kimono & Pant Set,Vivo,Grey / Black Print,S,V1225006PR1S,7500.0,1,never,0,0
Vivo Maisha Long Sleeve High Low Kimono,Vivo,Cream / Gold Uwa Print,L/1X,V0623026PR27L/1X,4500.0,1,never,0,0
Vivo Mandla High Neck A-Line Dress,Vivo,Grey,S,V0924042GREYS,950.0,1,2025-02-03,0,2
Vivo Mandla High Neck A-Line Dress,Vivo,Navy,S,V0924042NAVS,1900.0,1,2026-04-28,0,4
Vivo Mandla High Neck A-Line Dress,Vivo,Navy,XS,V0924042NAVXS,1900.0,3,2026-04-30,0,2
Vivo Meli Puff Sleeve Shift Dress,Vivo,Royal Blue,1X,V1124145RBLU1X,2950.0,1,2025-03-30,0,1
Vivo Meli Puff Sleeve Shift Dress,Vivo,Royal Blue,M,V1124145RBLUM,2950.0,1,2025-02-14,0,1
Vivo Meli Puff Sleeve Shift Dress,Vivo,Royal Blue,S,V1124145RBLUS,2950.0,1,2026-03-21,0,3
Vivo Meli Ruffle Sleeve Top,Vivo,Brown,F,V1124143BROS,3550.0,1,never,0,0
Vivo Meli Ruffle Sleeve Top,Vivo,Brown,M,V1124143BROM,3550.0,1,never,0,0
Vivo Meli Ruffle Sleeve Top,Vivo,Grey,1X,V1124143GRY1X,1350.0,1,2025-11-04,0,1
Vivo Meli Ruffle Sleeve Top,Vivo,Navy Blue,S,V1124143NABS,1250.0,1,2025-05-26,0,2
Vivo Meli Satin Pants,Vivo,Navy,L,V1124077NAVL,2750.0,1,2025-11-11,0,1
Vivo Meli Sleeveless Coat,Vivo,Black,1X/2X,V1124076BLA1X/2X,3250.0,1,2025-11-26,0,3
Vivo Meli Sleeveless Coat,Vivo,Black,M/L,V1124076BLAM/L,3250.0,2,2025-11-29,0,3
Vivo Merika Knee Length Wrap Dress,Vivo,Red,S,V1024002REDS,2950.0,1,never,0,0
Vivo Merika Knee Length Wrap Dress,Vivo,Royal Blue,L,V1024002RBLUL,2350.0,1,never,0,0
Vivo Merika Knee Length Wrap Dress,Vivo,Rust,M,V1024002RSTM,1650.0,1,2025-11-21,0,2
Vivo Mira Reversible Wrap Top,Vivo,Peach / Brown Fan Print,1X,V1123158PR1XL,950.0,1,2026-02-05,0,1
Vivo Mira Reversible Wrap Top,Vivo,Peach / Brown Fan Print,L,V1123158PR1L,950.0,1,2026-06-09,0,4
Vivo Mira Reversible Wrap Top,Vivo,Peach / Brown Fan Print,S,V1123158PR1S,950.0,3,2025-12-10,0,3
Vivo Mira Straight Leg Pants,Vivo,Teal / Black Print,S,V1123154PR7S,3150.0,1,never,0,0
Vivo Mira V-Neck Overlap Top,Vivo,Peach / Brown Fan Print,M,V1123157PR2M,1850.0,1,2024-04-27,0,2
Vivo Mistari 3/4 Sleeve V,Vivo,Neck Collared Tunic Top - Black Checkered,F,V0622041PR9F,2450.0,1,never,0,0
Vivo Mistari 3/4 Sleeve V,Vivo,Neck Collared Tunic Top - Black Stripes,F,V0622041PR7F,3550.0,3,2025-11-20,0,1
Vivo Mistari 3/4 Sleeve V,Vivo,Neck Collared Tunic Top - Black Textured,F,V0622041BLTF,3550.0,1,2026-05-15,0,7
Vivo Mistari 3/4 Sleeve V,Vivo,Neck Collared Tunic Top - Light Olive Checkered,F,V0622041LTOF,2450.0,1,never,0,0
Vivo Must Have Shorts,Vivo,,,V0224240PR5S,0.0,2,never,0,0
Vivo Must Have Shorts,Vivo,,,V0224240PR64X,0.0,2,never,0,0
Vivo Must Have Shorts,Vivo,,,V0224240PR54X,0.0,1,never,0,0
Vivo Must Have Shorts,Vivo,,,V0224240PR73X,0.0,1,never,0,0
Vivo Must Have Shorts,Vivo,,,V0224240PR44X,0.0,1,never,0,0
Vivo Must Have Shorts,Vivo,,M,V0224240JUBM,2450.0,1,never,0,0
Vivo Must Have Shorts,Vivo,,S,V0224240ZENS,1050.0,1,never,0,0
Vivo Must Have Shorts,Vivo,Bukavu,XS,V0224240PR3XS,2450.0,1,never,0,0
Vivo Must Have Shorts,Vivo,Lira Print Old,XS,V0224240PR4XS,3550.0,1,never,0,0
Vivo Must Have Shorts,Vivo,Sai,L,V0224240SAIL,2450.0,1,never,0,0
Vivo Must Have Shorts,Vivo,Shama,L,V0224240SHAL,3550.0,2,never,0,0
Vivo Must Have Shorts,Vivo,Shama,M,V0224240SHAM,3550.0,3,2025-12-15,0,6
Vivo Must Have Shorts,Vivo,Shama,S,V0224240SHAS,3550.0,1,2025-12-06,0,4
Vivo Nala Shirt Dress,Vivo,Dark Navy Blue,L,V0224125DNABL,5750.0,1,2025-02-20,0,1
Vivo Nala Shirt Dress,Vivo,Dark Navy Blue,M,V0224125DNABM,5750.0,1,never,0,0
Vivo Nala Shirt Dress,Vivo,Navy Blue,1X,V0224125NAB1X,5750.0,1,never,0,0
Vivo Nala Shirt Dress,Vivo,Navy Blue,L,V0224125NABL,5750.0,1,never,0,0
Vivo Nala Shirt Dress,Vivo,Navy Blue,M,V0224125NABM,5750.0,1,never,0,0
Vivo Nala Shirt Dress,Vivo,Olive,S,V0224125OLIS,2720.0,1,2024-11-29,0,3
Vivo Nala Shirt Dress,Vivo,Teal,L,V0224125TEAL,5750.0,1,2025-02-04,0,2
Vivo Nala Shirt Dress,Vivo,Teal,M,V0224125TEAM,5750.0,1,2025-02-03,0,1
Vivo Nasinka Ruffle Sleeve Jumpsuit,Vivo,Dark Mustard / Black Sinka Print,1X,V0624032PR11X,5500.0,1,never,0,0
Vivo Nasinka V-Neck Maxi Dress,Vivo,Black,M,V0724027BLAM,6950.0,1,never,0,0
Vivo Nasinka V-Neck Maxi Dress,Vivo,Black,S,V0724027BLAS,6950.0,1,never,0,0
Vivo Nasinka V-Neck Maxi Dress,Vivo,Fuschia,M,V0724027FUSM,4850.0,1,2025-12-01,0,1
Vivo Nasinka V-Neck Maxi Dress,Vivo,Fuschia,S,V0724027FUSS,4850.0,1,2025-06-21,0,1
Vivo Nasinka V-Neck Maxi Dress,Vivo,Lime,M,V0724027LIMM,6950.0,2,never,0,0
Vivo Nasinka V-Neck Maxi Dress,Vivo,Lime,S,V0724027LIMS,6950.0,2,never,0,0
Vivo Nasinka V-Neck Maxi Dress,Vivo,Purple,L,V0724027PURL,6950.0,1,never,0,0
Vivo Naya One Shoulder Flounce Jumpsuit,Vivo,Pweza Print,3X,V0823125PR23X,1100.0,1,never,0,0
Vivo Naya One Shoulder Flounce Jumpsuit,Vivo,Pweza Print,L,V0823125PR2L,1100.0,1,never,0,0
Vivo Naya One Shoulder Flounce Jumpsuit,Vivo,Pweza Print,M,V0823125PR2M,1100.0,3,never,0,0
Vivo Naya One Shoulder Flounce Top,Vivo,Alizeti,1X,V0823129PR11X,700.0,1,never,0,0
Vivo Naya One Shoulder Flounce Top,Vivo,Tausi,L,V0823L129PR2L,700.0,1,never,0,0
Vivo Naya One Shoulder Flounce Top,Vivo,Tawi,3X,V0823129PR33X,700.0,1,never,0,0
Vivo Naya One Shoulder Flounce Top,Vivo,Tawi,M,V0823129PR3M,700.0,2,2026-05-15,0,1
Vivo Niari Boat Neck Dress,Vivo,Black,1X,V0325003BLA1X,4950.0,1,2025-05-25,0,1
Vivo Niari Boat Neck Dress,Vivo,Black,L,V0325003BLAL,4950.0,1,2025-06-23,0,1
Vivo Niari Boat Neck Dress,Vivo,Black,S,V0325003BLAS,4950.0,1,2026-04-29,0,3
Vivo Niari Boat Neck Dress,Vivo,Dark Tan,L,V0325003DTANL,4950.0,1,2026-04-05,0,1
Vivo Niari Boat Neck Dress,Vivo,Dark Tan,M,V0325003DTANM,4950.0,1,never,0,0
Vivo Niari Boat Neck Dress,Vivo,Dark Tan,S,V0325003DTANS,4950.0,1,2026-04-25,0,1
Vivo Niari Boat Neck Dress,Vivo,Light Olive,1X,V0325003LOLI1X,3550.0,1,never,0,0
Vivo Niari Boat Neck Dress,Vivo,Light Olive,M,V0325003LOLIM,3550.0,1,never,0,0
Vivo Niari Boat Neck Dress,Vivo,Light Olive,S,V0325003LOLIS,3550.0,2,2026-04-25,0,1
Vivo Niari Shorts,Vivo,Light Olive / White Stripes,M,V0225027PR1M,850.0,1,never,0,0
Vivo Niari Shorts,Vivo,Light Olive / White Stripes,S,V0225027PR1S,850.0,1,2026-01-04,0,1
Vivo Niari straight leg Pants,Vivo,Black,M,V0225011BLAM,3950.0,1,never,0,0
Vivo Niari straight leg Pants,Vivo,Black,S,V0225011BLAS,3950.0,1,never,0,0
Vivo Niari straight leg Pants,Vivo,Maroon,1X,V0225011MAR1X,3950.0,1,never,0,0
Vivo Niari straight leg Pants,Vivo,Maroon,L,V0225011MARL,3950.0,1,2026-04-26,0,1
Vivo Niari straight leg Pants,Vivo,Maroon,M,V0225011MARM,3950.0,2,2026-05-05,0,1
Vivo Niari straight leg Pants,Vivo,Maroon,S,V0225011MARS,3950.0,2,never,0,0
Vivo Niari straight leg Pants,Vivo,Navy,S,V0225011NAVS,2750.0,1,never,0,0
Vivo Nimali Satin Blouse,Vivo,Black,L,VE0057BLAL,2450.0,1,never,0,0
Vivo Nimali Satin Blouse,Vivo,Mustard,4X,VE0057MUS4X,2450.0,1,never,0,0
Vivo Nimali Satin Blouse,Vivo,Mustard,XS,VE0057MUSXS,2450.0,1,never,0,0
Vivo Nimali Satin Blouse,Vivo,Orange,3X,VE0057ORA3X,1450.0,1,never,0,0
Vivo Nimali Satin Halter Top,Vivo,Dark Green,4X,VE0054DAGR4X,1750.0,1,never,0,0
Vivo Nimali Satin Halter Top,Vivo,Lilac,4X,VE0054LIL4X,950.0,1,never,0,0
Vivo Nimali Satin Halter Top,Vivo,Lilac,M,VE0054LILM,950.0,1,never,0,0
Vivo Nimali Satin Halter Top,Vivo,Lilac,S,VE0054LILS,950.0,1,2026-04-27,0,1
Vivo Nimali Satin Halter Top,Vivo,Navy Blue,M,VE0054NABLM,950.0,1,2026-05-08,0,1
Vivo Nimali Satin Halter Top,Vivo,Purple,M,VE0054PURM,1350.0,1,2026-03-23,0,2
Vivo Nimali Satin Halter Top,Vivo,Slate,L,VE0054SLAL,950.0,1,2026-05-15,0,3
Vivo Nimali Satin Joggers,Vivo,,M,VE0055BROM,1450.0,1,2026-04-09,0,2
Vivo Nimali Satin Joggers,Vivo,Black,XS,VE0055BLAXS,1450.0,1,2026-05-16,0,1
Vivo Nimali Satin Joggers,Vivo,Blue,3X,VE0055BLU3X,1450.0,1,never,0,0
Vivo Nimali Satin Joggers,Vivo,Blue,4X,VE0055BLU4X,1450.0,1,never,0,0
Vivo Nimali Satin Joggers,Vivo,Blue,M,VE0055BLUM,1450.0,1,2026-01-30,0,3
Vivo Nimali Satin Joggers,Vivo,Blue,S,VE0055BLUS,1450.0,1,2025-10-15,0,3
Vivo Nimali Satin Joggers,Vivo,Blue,XS,VE0055BLUXS,1450.0,1,never,0,0
Vivo Nimali Satin Joggers,Vivo,Dark Green,S,VE0055DAGRS,1450.0,2,2026-03-27,0,1
Vivo Nimali Satin Joggers,Vivo,Gold,4X,VE0055GOL4X,1450.0,1,never,0,0
Vivo Nimali Satin Joggers,Vivo,Gold,L,VE0055GOLL,1450.0,1,never,0,0
Vivo Nimali Satin Joggers,Vivo,Gold,M,VE0055GOLM,1450.0,2,never,0,0
Vivo Nimali Satin Joggers,Vivo,Gold,S,VE0055GOLS,1450.0,1,never,0,0
Vivo Nimali Satin Joggers,Vivo,Gold,XS,VE0055GOLXS,1450.0,2,never,0,0
Vivo Nimali Satin Joggers,Vivo,Grey,1X,VE0055GRE1X,1450.0,1,never,0,0
Vivo Nimali Satin Joggers,Vivo,Grey,3X,VE0055GRE3X,1450.0,1,never,0,0
Vivo Nimali Satin Joggers,Vivo,Grey,4X,VE0055GRE4X,1450.0,1,never,0,0
Vivo Nimali Satin Joggers,Vivo,Grey,L,VE0055GREL,1450.0,1,never,0,0
Vivo Nimali Satin Joggers,Vivo,Grey,M,VE0055GREM,1450.0,1,never,0,0
Vivo Nimali Satin Joggers,Vivo,Grey,S,VE0055GRES,1450.0,1,never,0,0
Vivo Nimali Satin Joggers,Vivo,Grey,XS,VE0055GREXS,1450.0,1,never,0,0
Vivo Nimali Satin Joggers,Vivo,Lilac,2X,VE0055LIL2X,1450.0,1,never,0,0
Vivo Nimali Satin Joggers,Vivo,Lilac,3X,VE0055LIL3X,1450.0,1,never,0,0
Vivo Nimali Satin Joggers,Vivo,Lilac,4X,VE0055LIL4X,1450.0,1,never,0,0
Vivo Nimali Satin Joggers,Vivo,Lilac,M,VE0055LILM,1450.0,1,never,0,0
Vivo Nimali Satin Joggers,Vivo,Lilac,S,VE0055LILS,1450.0,1,never,0,0
Vivo Nimali Satin Joggers,Vivo,Lilac,XS,VE0055LILXS,1450.0,1,never,0,0
Vivo Nimali Satin Joggers,Vivo,Pink,3X,VE0055PIN3X,1450.0,1,never,0,0
Vivo Nimali Satin Joggers,Vivo,Pink,4X,VE0055PIN4X,1450.0,1,never,0,0
Vivo Nimali Satin Joggers,Vivo,Pink,M,VE0055PINM,1450.0,1,never,0,0
Vivo Nimali Satin Joggers,Vivo,Pink,S,VE0055PINS,1450.0,1,never,0,0
Vivo Nimali Satin Joggers,Vivo,Pink,XS,VE0055PINXS,1450.0,1,never,0,0
Vivo Nimali Satin Joggers,Vivo,Red,3X,VE0055RED3X,1450.0,1,never,0,0
Vivo Nimali Satin Joggers,Vivo,Red,4X,VE0055RED4X,1450.0,1,never,0,0
Vivo Nimali Satin Joggers,Vivo,Red,L,VE0055REDL,1450.0,1,never,0,0
Vivo Nimali Satin Joggers,Vivo,Red,M,VE0055REDM,1450.0,1,never,0,0
Vivo Nimali Satin Joggers,Vivo,Red,S,VE0055REDS,1450.0,2,never,0,0
Vivo Nimali Satin Joggers,Vivo,Red,XS,VE0055REDXS,1450.0,1,never,0,0
Vivo Nimali Satin Joggers,Vivo,Rust,3X,VE0055RUS3X,1450.0,1,2026-03-08,0,1
Vivo Nimali Satin Joggers,Vivo,Rust,S,VE0055RUSS,1450.0,1,never,0,0
Vivo Nimali Satin Joggers,Vivo,White,XS,VE0055WHIXS,2050.0,1,never,0,0
Vivo Nimali Satin Shorts,Vivo,Black,S,VE0056BLAS,2050.0,1,never,0,0
Vivo Nimali Satin Shorts,Vivo,Black,XS,VE0056BLAXS,2050.0,1,2026-05-16,0,1
Vivo Nimali Satin Shorts,Vivo,Blue,3X,VE0056BLU3X,2950.0,2,never,0,0
Vivo Nimali Satin Shorts,Vivo,Blue,4X,VE0056BLU4X,2950.0,2,never,0,0
Vivo Nimali Satin Shorts,Vivo,Blue,L,VE0056BLUL,2950.0,1,never,0,0
Vivo Nimali Satin Shorts,Vivo,Blue,M,VE0056BLUM,2950.0,2,never,0,0
Vivo Nimali Satin Shorts,Vivo,Blue,XS,VE0056BLUXS,2950.0,1,never,0,0
Vivo Nimali Satin Shorts,Vivo,Brown,3X,VE0056BRO3X,2950.0,1,never,0,0
Vivo Nimali Satin Shorts,Vivo,Brown,4X,VE0056BRO4X,2950.0,1,never,0,0
Vivo Nimali Satin Shorts,Vivo,Brown,F,VE0056BROS,2950.0,1,never,0,0
Vivo Nimali Satin Shorts,Vivo,Brown,M,VE0056BROM,2950.0,1,never,0,0
Vivo Nimali Satin Shorts,Vivo,Brown,XS,VE0056BROXS,2950.0,2,never,0,0
Vivo Nimali Satin Shorts,Vivo,Gold,2X,VE0056GOL2X,2950.0,1,never,0,0
Vivo Nimali Satin Shorts,Vivo,Gold,3X,VE0056GOL3X,2950.0,1,never,0,0
Vivo Nimali Satin Shorts,Vivo,Gold,4X,VE0056GOL4X,2950.0,1,never,0,0
Vivo Nimali Satin Shorts,Vivo,Gold,M,VE0056GOLM,2950.0,1,never,0,0
Vivo Nimali Satin Shorts,Vivo,Grey,3X,VE0056GRE3X,2950.0,1,never,0,0
Vivo Nimali Satin Shorts,Vivo,Grey,4X,VE0056GRE4X,2950.0,1,never,0,0
Vivo Nimali Satin Shorts,Vivo,Grey,S,VE0056GRES,2950.0,1,never,0,0
Vivo Nimali Satin Shorts,Vivo,Grey,XS,VE0056GREXS,2950.0,1,never,0,0
Vivo Nimali Satin Shorts,Vivo,Lilac,4X,VE0056LIL4X,2950.0,1,never,0,0
Vivo Nimali Satin Shorts,Vivo,Lilac,M,VE0056LILM,2950.0,2,never,0,0
Vivo Nimali Satin Shorts,Vivo,Lilac,S,VE0056LILS,2950.0,1,never,0,0
Vivo Nimali Satin Shorts,Vivo,Pink,3X,VE0056PIN3X,1450.0,2,never,0,0
Vivo Nimali Satin Shorts,Vivo,Pink,4X,VE0056PIN4X,1450.0,1,never,0,0
Vivo Nimali Satin Shorts,Vivo,Pink,M,VE0056PINM,1450.0,1,never,0,0
Vivo Nimali Satin Shorts,Vivo,Red,2X,VE0056RED2X,2950.0,1,never,0,0
Vivo Nimali Satin Shorts,Vivo,Red,3X,VE0056RED3X,2950.0,1,never,0,0
Vivo Nimali Satin Shorts,Vivo,Red,4X,VE0056RED4X,2950.0,1,never,0,0
Vivo Nimali Satin Shorts,Vivo,Red,S,VE0056REDS,2950.0,1,never,0,0
Vivo Nimali Satin Shorts,Vivo,White,4X,VE0056WHI4X,2050.0,1,never,0,0
Vivo Nimali Side Flounce Top,Vivo,Black,S,VE0075BLAS,850.0,1,never,0,0
Vivo Nkasi Asymmetrical Top,Vivo,Burgundy / Orange Kasi Print,M/L,V0724037PR1M/L,2250.0,1,2025-11-06,0,1
Vivo Nkasi Asymmetrical Top,Vivo,Teal / Burgundy Kasi Print,M/L,V0724037PR2M/L,2250.0,1,2025-11-06,0,5
Vivo Nkasi Asymmetrical Top,Vivo,Teal / Burgundy Kasi Print,XS/S,V0724037PR2XS/S,2250.0,1,2025-09-17,0,2
Vivo Nkasi Wide Leg Pants,Vivo,Burgundy / Orange Kasi Print,M,V0724047PR1M,4250.0,1,2025-11-16,0,1
Vivo Nkasi Wide Leg Pants,Vivo,Teal / Burgundy Kasi Print,M,V0724047PR2M,4250.0,1,2025-12-27,0,3
Vivo Nkasi Wide Leg Pants,Vivo,Teal / Burgundy Kasi Print,S,V0724047PR2S,4250.0,1,2025-12-27,0,5
Vivo Nkasi Wide Top,Vivo,Teal / Burgundy Kasi Print,F,V0724038PR1F,1350.0,2,2026-04-30,0,3
Vivo Nuru Maxi Kimono,Vivo,Black,F,V0725020BLAF,5500.0,1,never,0,0
Vivo Nuru Maxi Kimono,Vivo,Brown,F,V0725020BRNF,5500.0,4,2026-03-04,0,1
Vivo Nuru Maxi Kimono,Vivo,Maroon,F,V0725020MARF,5500.0,6,never,0,0
Vivo Pelia Kimono,Vivo,Black / White Meni Print,F,V1024045PR5F,950.0,1,2026-04-23,0,5
Vivo Pelia Kimono,Vivo,Maroon / White Meni Print,F,V1024045PR6F,950.0,2,never,0,0
Vivo Pesi Basic Long Sleeve Shirt,Vivo,Lime Stripes,S,V0922015LIMSS,1950.0,1,2026-03-10,0,1
Vivo Pesi Drop Shoulder Tent Dress,Vivo,Light Tan,L,V0922007LTANL,1650.0,1,never,0,0
Vivo Pesi Drop Shoulder Tunic,Vivo,Black / White Una Print,M,V0922009PR4M,2050.0,1,never,0,0
Vivo Pesi Drop Shoulder Tunic,Vivo,Chocolate / White Una Print,M,V0922009PR5M,2250.0,1,never,0,0
Vivo Pesi Drop Shoulder Tunic,Vivo,Grey / Brown Una Print,S,V0922009PR3S,2050.0,1,never,0,0
Vivo Rayon Jersey Slip Dress,Vivo,Black,L,V1025038BLAL,2800.0,1,never,0,0
Vivo Rayon Jersey Slip Dress,Vivo,Black,M,V1025038BLAM,2800.0,1,2026-03-27,0,2
Vivo Rayon Jersey Slip Dress,Vivo,Chocolate,2X,V1025038CHO2X,2800.0,1,never,0,0
Vivo Rayon Jersey Slip Dress,Vivo,Chocolate,F,V1025038CHOS,2800.0,1,never,0,0
Vivo Rayon Jersey Slip Dress,Vivo,Chocolate,L,V1025038CHOL,2800.0,2,2026-03-10,0,1
Vivo Rayon Jersey Slip Dress,Vivo,Chocolate,M,V1025038CHOM,2800.0,2,never,0,0
Vivo Rayon Jersey Slip Dress,Vivo,Navy,1X,V1025038NAV1X,2800.0,1,never,0,0
Vivo Rayon Jersey Slip Dress,Vivo,Navy,2X,V1025038NAV2X,2800.0,2,never,0,0
Vivo Rayon Jersey Slip Dress,Vivo,Navy,L,V1025038NAVL,2800.0,2,never,0,0
Vivo Rayon Jersey Slip Dress,Vivo,Navy,M,V1025038NAVM,2800.0,3,never,0,0
Vivo Rayon Jersey Slip Dress,Vivo,Navy,S,V1025038NAVS,2800.0,3,never,0,0
Vivo Rayon Jersey Slip Dress,Vivo,White,1X,V1025038WHI1X,2800.0,1,2026-03-21,0,1
Vivo Rayon Jersey Slip Dress,Vivo,White,2X,V1025038WHI2X,2800.0,1,never,0,0
Vivo Rayon Jersey Slip Dress,Vivo,White,L,V1025038WHIL,2800.0,3,2026-03-12,0,1
Vivo Rayon Jersey Slip Dress,Vivo,White,M,V1025038WHIM,2800.0,1,never,0,0
Vivo Rayon Jersey Slip Dress,Vivo,White,S,V1025038WHIS,2800.0,2,never,0,0
Vivo Reba Dolman Dress,Vivo,Dark Teal,S,V0224229DATS,3200.0,1,2026-05-17,0,1
Vivo Reba Tent Shirt Dress,Vivo,Orange,1X,V0424016ORA1X,3450.0,1,2024-11-28,0,4
Vivo Rema Drawstring Pants,Vivo,Magenta,1X,V0425048MAG1X,2450.0,1,never,0,0
Vivo Rema High Low Maxi Dress,Vivo,Peach,L,V0425007PEAL,3550.0,1,2026-04-25,0,2
Vivo Rema High Low Maxi Dress,Vivo,Peach,M,V0425007PEAM,3550.0,4,never,0,0
Vivo Rema High Low Maxi Dress,Vivo,Peach,S,V0425007PEAS,3550.0,1,never,0,0
Vivo Rema High Low Maxi Dress,Vivo,Royal Blue,L,V0425007RBLUL,2750.0,1,never,0,0
Vivo Rema High Low Maxi Dress,Vivo,Royal Blue,S,V0425007RBLUS,2750.0,1,never,0,0
Vivo Rema High Low Maxi Dress,Vivo,Sage,L,V0425007SAGL,3550.0,1,2026-03-14,0,2
Vivo Rema High Low Maxi Dress,Vivo,Sage,M,V0425007SAGM,3550.0,2,never,0,0
Vivo Rema Waterfall,Vivo,Dark Taupe,1X/2X,V0425003DTAU1X/2X,3900.0,1,never,0,0
Vivo Rema Waterfall,Vivo,Dark Taupe,XS/S,V0425003DTAUXS/S,3900.0,1,never,0,0
Vivo Rema Waterfall,Vivo,Mustard,1X/2X,V0425003MUS1X/2X,3900.0,1,2026-03-24,0,1
Vivo Rema Waterfall,Vivo,Mustard,XS/S,V0425003MUSXS/S,3900.0,1,never,0,0
Vivo Reversible Printed Poncho,Vivo,Black / Off White Pepeo Print,F,V0923059PR34F,6550.0,5,never,0,0
Vivo Reversible Printed Poncho,Vivo,Emerald Green / Ivory Samba Print,F,V0923059PR15F,6550.0,4,2025-07-28,0,12
Vivo Reversible Printed Poncho,Vivo,Mustard / Black Pepeo Print,F,V0923059PR36F,6550.0,4,never,0,0
Vivo Reversible Printed Poncho,Vivo,Mustard / Chocolate Brown Samba Print,F,V0923059PR13F,6550.0,7,2025-07-14,0,8
Vivo Ria A-Line Dress,Vivo,Chocolate,F,V0725049CHOS,3450.0,1,never,0,0
Vivo Ria A-Line Dress,Vivo,Chocolate,L,V0725049CHOL,3450.0,1,never,0,0
Vivo Ria A-Line Dress,Vivo,Chocolate,M,V0725049CHOM,3450.0,1,never,0,0
Vivo Ria A-Line Dress,Vivo,Red,S,V0725049REDS,3450.0,1,2026-02-03,0,1
Vivo Safa Drawstring Wide Top,Vivo,Black,M,V0325010BLCKSM,2950.0,1,never,0,0
Vivo Safa Pallazo Pants,Vivo,Mustard,M,V0325070MUSTM,950.0,1,2025-11-13,0,4
Vivo Safa Slit Side Top,Vivo,Mustard,L,V0325071MUSL,3550.0,2,2026-01-31,0,3
Vivo Safa Slit Side Top,Vivo,Mustard,S,V0325071MUSS,3550.0,1,2026-06-10,0,4
Vivo Safiya Back Pleat Dress,Vivo,Burnt Orange,1X,V0224215BORA1X,2650.0,1,2026-05-10,0,4
Vivo Safiya Gathered Shoulder Maxi Dress,Vivo,Navy,L,V0224216NAVL,3400.0,1,never,0,0
Vivo Safiya Gathered Shoulder Maxi Dress,Vivo,Navy,S,V0224216NAVS,3400.0,1,never,0,0
Vivo Saida Straight Leg Pants,Vivo,Rust,1X,V0424025RUS1X,2900.0,1,2025-11-28,0,4
Vivo Sakari V-Neck Drop Shoulder Top,Vivo,Buttermilk,S,V1123168BUTTERS,950.0,1,never,0,0
Vivo Samira Maxi Kimono,Vivo,Black / Red Print,L/1X,V0525043PR11L/1X,5900.0,1,never,0,0
Vivo Samira Maxi Kimono,Vivo,Black / Red Print,S/M,V0525043PR11S/M,5900.0,1,never,0,0
Vivo Samira Maxi Kimono,Vivo,Dark Navy / Gold Print,S/M,V0525043PR3S/M,5900.0,1,never,0,0
Vivo Samira Maxi Kimono,Vivo,Hunters / Red Print,L/1X,V0525043PR13L/1X,5900.0,2,never,0,0
Vivo Samira Maxi Kimono,Vivo,Hunters / Red Print,S/M,V0525043PR13S/M,5900.0,5,never,0,0
Vivo Sana Asymmetrical Angel Sleeve Top,Vivo,Black / White Print,L/1X,V1121104PR58L/1X,2050.0,1,2025-05-01,0,1
Vivo Sanali Trench Coat,Vivo,Black,M,V1123126BLAM,2320.0,1,2025-11-25,0,2
Vivo Sanali Trench Coat,Vivo,Black,S,V1123126BLAS,2320.0,1,2024-11-29,0,2
Vivo Sanali Trench Coat,Vivo,Mustard,M,V1123126MUSM,2320.0,3,2026-04-15,0,3
Vivo Sanali Trench Coat,Vivo,Mustard,S,V1123126MUSS,2320.0,1,2024-12-26,0,1
Vivo Sanyu Pleated Pants,Vivo,Purple,1X,V1023086PUR1X,1350.0,1,never,0,0
Vivo Sarong Skirt,Vivo,Burgundy / Tan Print,F,V0424161PR6F,1550.0,1,2026-03-04,0,5
Vivo Satin Drawstring Pants,Vivo,Capuccino,XS,V0524167CAPXS,1550.0,1,never,0,0
Vivo Selah Midi Skirt,Vivo,Buttermilk,1X,V0525054BUT1X,2900.0,1,never,0,0
Vivo Selah Midi Skirt,Vivo,Buttermilk,M,V0525054BUTM,2900.0,3,2026-02-16,0,1
Vivo Seli Maxi Skirt,Vivo,Black,XS,V1124111BLAXS,2950.0,1,2025-11-24,0,2
Vivo Seli Shorts,Vivo,Black,S,V1124110BLAS,2550.0,1,never,0,0
Vivo Seli Strappy Tent Top,Vivo,Black,1X,V0125047BLA1X,750.0,1,2026-05-05,0,3
Vivo Seli Strappy Tent Top,Vivo,Black,L,V0125047BLAL,750.0,2,2026-05-20,0,4
Vivo Seli Strappy Tent Top,Vivo,Black,M,V0125047BLAM,750.0,2,2026-04-28,0,2
Vivo Seli Strappy Tent Top,Vivo,White / Black Esli Print,1X,V0125047PR11X,750.0,1,2026-05-04,0,4
Vivo Seli Strappy Tent Top,Vivo,White / Black Esli Print,L,V0125047PR1L,750.0,3,never,0,0
Vivo Seli Strappy Tent Top,Vivo,White / Black Esli Print,M,V0125047PR1M,750.0,1,2026-05-09,0,1
Vivo Seli Strappy Tent Top,Vivo,White / Black Esli Print,S,V0125047PR1S,750.0,1,2026-04-18,0,1
Vivo Serwa Crepe Pants,Vivo,Dark Navy,2X,V1124094DNAV2X,2950.0,1,2026-06-05,0,3
Vivo Serwa Crepe Pants,Vivo,Dark Navy,XS,V1124094DNAVXS,2950.0,1,never,0,0
Vivo Short Side Pleat Sweater,Vivo,Teal,4X,V0122014TEA4X,1250.0,1,2024-08-21,0,1
Vivo Shorts,Vivo,Kidal,XS,VE0034KIDXS,2450.0,1,never,0,0
Vivo Shorts,Vivo,Moabi,XS,VE0034MOAXS,2450.0,1,never,0,0
Vivo Shorts,Vivo,Mvua,3X,VE0034MVU3X,2450.0,1,never,0,0
Vivo Shorts,Vivo,Mvua,S,VE0034MVUS,2450.0,1,never,0,0
Vivo Shorts,Vivo,Savannah,XS,VE0034SAVXS,2450.0,2,never,0,0
Vivo Sierra Bishop Sleeve Top,Vivo,Black / Grey Lipi Print,2X,V0121031PR162X,1350.0,1,never,0,0
Vivo Sierra Bishop Sleeve Top,Vivo,Brown / Yellow Lika Print,2X,V0121031PR172X,1350.0,2,2026-02-04,0,1
Vivo Sierra Bishop Sleeve Top,Vivo,Brown / Yellow Lika Print,L,V0121031PR17L,1350.0,3,2026-06-10,0,3
Vivo Situ Side Slit Midi Kimono,Vivo,Black,L,V1223041BLAL,5250.0,1,2025-12-06,0,1
Vivo Situ Side Slit Midi Kimono,Vivo,Black,M,V1223041BLAM,5250.0,1,2026-03-03,0,3
Vivo Situ Side Slit Midi Kimono,Vivo,Black,S,V1223041BLAS,5250.0,2,2024-04-29,0,1
Vivo Sleeveless Blazer,Vivo,Asmara,2X,VE0041ASM2X,3950.0,1,never,0,0
Vivo Sleeveless Blazer,Vivo,Asmara,4X,VE0041ASM4X,3950.0,1,never,0,0
Vivo Sleeveless Blazer,Vivo,Manda,M,VE0041MANM,2750.0,1,2026-05-14,0,1
Vivo Sleeveless Blazer,Vivo,Marula,4X,VE0041MAR4X,2750.0,1,never,0,0
Vivo Sleeveless Side Slit Midi Waterfall,Vivo,Burgundy,L/1X,V0324063RASL/XL,5250.0,1,never,0,0
Vivo Sleeveless Side Slit Midi Waterfall,Vivo,Burgundy,S/M,V0324063RASS/M,5250.0,2,never,0,0
Vivo Sleeveless Side Slit Midi Waterfall,Vivo,Mustard,L/1X,V0324063MUSL/XL,2550.0,1,never,0,0
Vivo Sleeveless Side Slit Midi Waterfall,Vivo,Mustard,S/M,V0324063MUSS/M,2550.0,1,never,0,0
Vivo Sleeveless Side Slit Midi Waterfall,Vivo,Teal,L/1X,V0324063TEAL/1X,5250.0,1,never,0,0
Vivo Sleeveless Side Slit Midi Waterfall,Vivo,Teal,S/M,V0324063TEAS/M,5250.0,2,never,0,0
Vivo Solei Shorts(without lining),Vivo,Black / White Print,3X,V0424156PR43X,3450.0,1,never,0,0
Vivo Solei Shorts(without lining),Vivo,Black / White Print,XS,V0424156PR4XS,3450.0,1,never,0,0
Vivo Solei Shorts(without lining),Vivo,Grey / Black Print,3X,V0424156PR33X,3450.0,1,never,0,0
Vivo Solei Shorts(without lining),Vivo,Grey / Black Print,4X,V0424156PR34X,3450.0,1,never,0,0
Vivo Solei Shorts(without lining),Vivo,Grey / Black Print,S,V0424156PR3S,3450.0,1,never,0,0
Vivo Solei Shorts(without lining),Vivo,Grey / Black Print,XS,V0424156PR3XS,3450.0,1,never,0,0
Vivo Soleil Handkerchief Drape Wide Top,Vivo,Peach / Navy,M/L,V0723079PR5M/L,3750.0,1,2025-11-24,0,2
Vivo Soleil Handkerchief Drape Wide Top,Vivo,Peach / Navy,XS/S,V0723079PR5XS/S,3750.0,1,2026-03-24,0,1
Vivo Studio 2-piece in Mixed Media,Vivo,,1X,V0925053HGRN1X,6900.0,2,never,0,0
Vivo Studio 2-piece in Mixed Media,Vivo,,L,V0925053HGRNL,6900.0,1,never,0,0
Vivo Studio 2-piece in Mixed Media,Vivo,,M,V0925053HGRNM,6900.0,2,2026-04-20,0,1
Vivo Studio 2-piece in Mixed Media,Vivo,,S,V0925053HGRNS,6900.0,2,never,0,0
Vivo Studio 2-piece in Mixed Media,Vivo,Black,1X,V0925053BLA1X,6900.0,1,2026-02-13,0,1
Vivo Studio 2-piece in Mixed Media,Vivo,Black,L,V0925053BLAL,6900.0,2,2026-03-05,0,1
Vivo Studio 2-piece in Mixed Media,Vivo,Black,M,V0925053BLAM,6900.0,1,2026-03-05,0,1
Vivo Studio 2-piece in Mixed Media,Vivo,Black,S,V0925053BLAS,6900.0,1,never,0,0
Vivo Studio 2-piece in Mixed Media,Vivo,Burgundy,1X,V0925053BUR1X,6900.0,2,2026-02-13,0,1
Vivo Studio 2-piece in Mixed Media,Vivo,Burgundy,L,V0925053BURL,6900.0,1,2026-02-10,0,1
Vivo Studio 2-piece in Mixed Media,Vivo,Burgundy,M,V0925053BURM,6900.0,2,2026-02-09,0,2
Vivo Studio 2-piece in Mixed Media,Vivo,Burgundy,S,V0925053BURS,6900.0,1,2026-05-17,0,2
Vivo Studio 2-piece in Mixed Media,Vivo,Orange,1X,V0925053ORA1X,6900.0,3,never,0,0
Vivo Studio 2-piece in Mixed Media,Vivo,Orange,L,V0925053ORAL,6900.0,3,never,0,0
Vivo Studio 2-piece in Mixed Media,Vivo,Orange,S,V0925053ORAS,6900.0,4,2026-02-27,0,1
Vivo Studio Mini Pencil Skirt in Ponte,Vivo,Black,L,V1225012BLAL,2900.0,3,2026-03-01,0,1
Vivo Studio Mini Pencil Skirt in Ponte,Vivo,Black,M,V1225012BLAM,2900.0,2,2026-06-09,0,2
Vivo Studio Mini Pencil Skirt in Ponte,Vivo,Black,S,V1225012BLAS,2900.0,1,2026-06-10,0,2
Vivo Studio Mini Pencil Skirt in Ponte,Vivo,Black,XS,V1225012BLAXS,2900.0,2,never,0,0
Vivo Studio Mini Pencil Skirt in Ponte,Vivo,Burgundy,1X,V1225012BUR1X,2900.0,2,never,0,0
Vivo Studio Mini Pencil Skirt in Ponte,Vivo,Burgundy,L,V1225012BURL,2900.0,2,2026-05-18,0,1
Vivo Studio Mini Pencil Skirt in Ponte,Vivo,Burgundy,M,V1225012BURM,2900.0,2,never,0,0
Vivo Studio Mini Pencil Skirt in Ponte,Vivo,Burgundy,S,V1225012BURS,2900.0,2,never,0,0
Vivo Studio Mini Pencil Skirt in Ponte,Vivo,Burgundy,XS,V1225012BURXS,2900.0,2,never,0,0
Vivo Tahisa Straight Leg Pants,Vivo,Blue,1X,V1124102BLU1X,3950.0,1,2026-05-16,0,1
Vivo Tahisa Straight Leg Pants,Vivo,Blue,L,V1124102BLUL,3950.0,1,never,0,0
Vivo Tahisa Straight Leg Pants,Vivo,Blue,M,V1124102BLUM,3950.0,1,2025-07-18,0,1
Vivo Tahisa Straight Leg Pants,Vivo,Blue,S,V1124102BLUS,3950.0,2,never,0,0
Vivo Tahisa Straight Leg Pants,Vivo,Dark Green,1X,V1124102DAG1X,3950.0,1,never,0,0
Vivo Tahisa Straight Leg Pants,Vivo,Dark Green,L,V1124102DAGL,3950.0,1,never,0,0
Vivo Tahisa Straight Leg Pants,Vivo,Dark Green,M,V1124102DAGM,3950.0,1,never,0,0
Vivo Tahisa Straight Leg Pants,Vivo,Dark Olive,F,V1124102DAOS,2750.0,1,2025-06-27,0,1
Vivo Tahisa Straight Leg Pants,Vivo,Light Olive,1X,V1124102LIO1X,3950.0,1,never,0,0
Vivo Tahisa Straight Leg Pants,Vivo,Light Olive,F,V1124102LIOS,3950.0,1,never,0,0
Vivo Tahisa Straight Leg Pants,Vivo,Light Olive,M,V1124102LIOM,3950.0,2,never,0,0
Vivo Tahisa Straight Leg Pants,Vivo,Midnight Blue,S,V1124102MIDBS,2750.0,1,never,0,0
Vivo Tahisa Straight Leg Pants,Vivo,Navy,1X,V1124102NAV1X,3950.0,1,never,0,0
Vivo Tahisa Straight Leg Pants,Vivo,Navy,L,V1124102NAVL,3950.0,1,never,0,0
Vivo Tahisa Straight Leg Pants,Vivo,Navy,M,V1124102NAVM,3950.0,2,2026-02-12,0,1
Vivo Tahisa Straight Leg Pants,Vivo,Navy,S,V1124102NAVS,3950.0,1,2026-02-11,0,1
Vivo Tahisa Straight Leg Pants,Vivo,Orange,S,V1124102ORAS,1550.0,1,never,0,0
Vivo Tana Puff Sleeve Bodysuit,Vivo,,1X,V0822077NABXL,2700.0,1,never,0,0
Vivo Tana Puff Sleeve Bodysuit,Vivo,,M,V0822077NABM,2700.0,1,never,0,0
Vivo Tana Puff Sleeve Bodysuit,Vivo,,S,V0822077NABS,2700.0,2,2026-06-05,0,3
Vivo Tana Puff Sleeve Bodysuit,Vivo,Chocolate Brown,1X,V0822077CHB1X,2700.0,2,never,0,0
Vivo Tana Puff Sleeve Bodysuit,Vivo,Chocolate Brown,2X,V0822077CHB2X,2700.0,1,never,0,0
Vivo Tana Puff Sleeve Bodysuit,Vivo,Chocolate Brown,L,V0822077CHBL,2700.0,3,never,0,0
Vivo Tana Puff Sleeve Bodysuit,Vivo,Chocolate Brown,M,V0822077CHBM,2700.0,1,2026-04-13,0,1
Vivo Tana Puff Sleeve Bodysuit,Vivo,Chocolate Brown,S,V0822077CHBS,2700.0,1,2026-04-26,0,3
Vivo Tana Puff Sleeve Bodysuit,Vivo,Dark Green,1X,V0822077DGNXL,2700.0,1,never,0,0
Vivo Tana Puff Sleeve Bodysuit,Vivo,Dark Green,2X,V0822077DGN2X,2700.0,1,never,0,0
Vivo Tana Puff Sleeve Bodysuit,Vivo,Dark Green,L,V0822077DGNL,2700.0,3,never,0,0
Vivo Tana Puff Sleeve Bodysuit,Vivo,Dark Green,M,V0822077DGNM,2700.0,1,never,0,0
Vivo Tana Puff Sleeve Bodysuit,Vivo,Dark Green,S,V0822077DGNS,2700.0,1,2026-03-28,0,1
Vivo Tana Puff Sleeve Bodysuit,Vivo,Red,1X,V0822077REDXL,2700.0,2,never,0,0
Vivo Tana Puff Sleeve Bodysuit,Vivo,Red,2X,V0822077RED2X,2700.0,2,2026-05-17,0,1
Vivo Tana Puff Sleeve Bodysuit,Vivo,Red,L,V0822077REDL,2700.0,2,never,0,0
Vivo Tana Puff Sleeve Bodysuit,Vivo,Red,M,V0822077REDM,2700.0,1,never,0,0
Vivo Tana Puff Sleeve Bodysuit,Vivo,Red,S,V0822077REDS,2700.0,2,2026-06-04,0,4
Vivo Tana Puff Sleeve Bodysuit,Vivo,Yellow,4X,V0822077YEL4X,630.0,1,never,0,0
Vivo Tanda Handkerchief Drape Top,Vivo,Rust,XS/S,V0825002RUSXS/S,2750.0,1,never,0,0
Vivo Tande Boat Neck Dress,Vivo,Burgundy,L,V0124028BURL,4950.0,1,2025-03-27,0,4
Vivo Tande Boat Neck Dress,Vivo,Dark Navy,1X,V0124028DNAV1X,3450.0,1,2025-11-20,0,4
Vivo Tande Boat Neck Dress,Vivo,Orange,1X,V0124028ORA1X,3450.0,1,2025-02-16,0,2
Vivo Tande Boat Neck Dress,Vivo,Orange,L,V0124028ORAL,3450.0,1,2025-11-22,0,3
Vivo Tande Camisole,Vivo,White,S,V0124084WHIS,350.0,1,never,0,0
Vivo Tatari Dropped High Neck Top,Vivo,Burgundy,1X,V0624002BUR1X,1650.0,1,2025-03-12,0,2
Vivo Tatili 3/4 Sleeve A Line Dress,Vivo,Navy / Mustard Pembe Print,L,V0323007PR7L,4750.0,1,2024-07-02,0,2
Vivo Trench Coat,Vivo,Obu,1X,VE0028PR21X,1650.0,1,never,0,0
Vivo Tsavo Sleeveless Scalloped Hem Dress Top,Vivo,Black - Black / 0821190 / L,L,0821190BLAL,0.0,1,never,0,0
Vivo Tsavo Sleeveless Scalloped Hem Dress Top,Vivo,Black - Black / 821190 / M,M,0821190BLAM,0.0,1,never,0,0
Vivo Tsavo Sleeveless Scalloped Hem Dress Top,Vivo,Navy - Navy / 0821190 / M,M,0821190NAVM,0.0,1,2025-11-21,0,5
Vivo Vinna 3/4 Seeve A-Line Dress,Vivo,Navy / White,2X,V0224148NAV/WHI2X,1550.0,1,never,0,0
Vivo Vinna Escape A-Line Dress,Vivo,Hunters Green,XS,V0224140HGNXS,1450.0,1,never,0,0
Vivo Vinna Slit Sleeve Top,Vivo,Grey / Navy Nina Print,3X,V0224142PR13X,1250.0,1,2026-03-26,0,1
Vivo Vinna Slit Sleeve Top,Vivo,Grey / Navy Nina Print,4X,V0224142PR14X,1250.0,1,never,0,0
Vivo Vinna Slit Sleeve Top,Vivo,Hunters / Orange Nina Print,XS,V0224142PR2XS,2450.0,1,never,0,0
Vivo Vinna Slit Sleeve Top,Vivo,White / Black,2X,V0224142WHI2X,3550.0,1,2025-09-16,0,1
Vivo Vinna Slit Sleeve Top,Vivo,White / Black,3X,V0224142WHI3X,3550.0,1,2026-04-07,0,2
Vivo Vinna Slit Sleeve Top,Vivo,White / Black,4X,V0224142WHI4X,3550.0,1,2025-10-28,0,3
Vivo Waridi Sleeveless Overcoat,Vivo,Black,M,V1020056BLAM,3950.0,1,2025-09-18,0,6
Vivo Waridi Sleeveless Overcoat,Vivo,Black,S,V1020056BLAS,3950.0,2,2026-02-06,0,10
Vivo Waridi Sleeveless Overcoat,Vivo,Burgundy - Burgundy / 1020056 / L,L,1020056BURL,0.0,1,2026-06-10,0,1
Vivo Waridi Sleeveless Overcoat,Vivo,Burgundy - Burgundy / 1020056 / M,M,1020056BURM,0.0,1,2026-01-23,0,1
Vivo Waridi Sleeveless Overcoat,Vivo,Dark Teal,1X,V1020056DTEA1X,3950.0,1,2025-11-20,0,4
Vivo Waridi Sleeveless Overcoat,Vivo,Dark Teal,2X,V1020056DTEA2X,3950.0,1,never,0,0
Vivo Waridi Sleeveless Overcoat,Vivo,Dark Teal,L,V1020056DTEAL,3950.0,1,2025-09-29,0,6
Vivo Waridi Sleeveless Overcoat,Vivo,Dark Teal,M,V1020056DTEAM,3950.0,1,2026-02-21,0,4
Vivo Waridi Sleeveless Overcoat,Vivo,Navy Blue,1X,V1020056NABXL,3950.0,1,2026-01-25,0,1
Vivo Waridi Sleeveless Overcoat,Vivo,Navy Blue,2X,V1020056NAB2X,3950.0,2,never,0,0
Vivo Waridi Sleeveless Overcoat,Vivo,Navy Blue,L,V1020056NABL,3950.0,2,never,0,0
Vivo Waridi Sleeveless Overcoat,Vivo,Navy Blue,M,V1020056NABM,3950.0,1,never,0,0
Vivo Waridi Sleeveless Overcoat,Vivo,Navy Blue,S,V1020056NABS,3950.0,5,never,0,0
Vivo Waridi Sleeveless Overcoat,Vivo,Wine Red,S,V1020056WREDS,3950.0,1,never,0,0
Vivo Wena High Slit Maxi Shirt,Vivo,Blue,1X,V1024066BLU1X,1250.0,1,2025-11-20,0,2
Vivo Wila Dolman Tunic,Vivo,Rust,1X,V0824021RST1X,3350.0,1,2025-11-13,0,3
Vivo Wila Dolman Tunic,Vivo,Taupe,M,V0824021TAUM,1850.0,2,2026-02-09,0,3
Vivo Wingu Puff Sleeve Knee Length Dress,Vivo,Light Navy,L,V0822002LNVYL,3400.0,1,2025-11-13,0,1
Vivo Wingu Puff Sleeve Knee Length Dress,Vivo,Light Navy,M,V0822002LNVYM,3400.0,2,2026-03-25,0,5
Vivo X Pinky Sleeveless Crossback Fitness Midriff Top,Vivo,White / Pink Abstract Print,1X,V0523212PR1XL,150.0,1,2026-05-15,0,1
Vivo X This Is Essential Leggings,Vivo,Navy Blue / White,2X,V0324080NAB/WHI2X,2950.0,1,2026-01-28,0,1
Vivo X This Is Essential Leggings,Vivo,Navy Blue / White,XS,V0324080NAB/WHIXS,2950.0,1,2026-05-15,0,2
Vivo X This Is Essential Long Sleeve Bodysuit,Vivo,White,2X,V0923039WHI2X,3750.0,1,2026-03-17,0,1
Vivo X This Is Essential Midi Dress,Vivo,Black,XXS,V0524001BLAXXS,4550.0,1,2026-04-03,0,2
Vivo X This Is Essential One Shoulder Bodysuit,Vivo,Chocolate,S,V0524004CHOCS,2250.0,1,never,0,0
Vivo X This Is Essential One Shoulder Bodysuit,Vivo,Navy,1X,V0524004NAV1X,2250.0,1,2026-04-14,0,9
Vivo X This Is Essential One Shoulder Bodysuit,Vivo,Navy,2X,V0524004NAV2X,2250.0,2,2026-06-11,0,3
Vivo X This Is Essential One Shoulder Bodysuit,Vivo,Navy,XS,V0524004NAVXS,2250.0,2,2026-05-14,0,7
Vivo X This Is Essential One Shoulder Bodysuit,Vivo,Navy,XXS,V0524004NAVXXS,2250.0,3,2026-05-14,0,2
Vivo X This Is Essential Raceback Bralette,Vivo,Black,XXS,V0424116BLAXXS,1500.0,1,2024-07-25,0,1
Vivo X This Is Essential Raceback Bralette,Vivo,Navy Blue,1X,V0424116NAB1X,1500.0,1,2026-05-15,0,5
Vivo X This Is Essential Raceback Bralette,Vivo,Navy Blue,S,V0424116NABS,1500.0,1,2026-05-19,0,3
Vivo X This Is Essential Ruched Bodysuit,Vivo,Red,XS,V0524005REDXS,4250.0,1,2026-02-22,0,1
Vivo X This Is Essential Ruched Bodysuit,Vivo,Red,XXS,V0524005REDXXS,4250.0,1,never,0,0
Vivo X This Is Essential Scooped Neck Bralette,Vivo,Black / White,2X,V0324021BLA/WHI2X,1500.0,1,2026-03-11,0,4
Vivo X This Is Essential Scooped Neck Bralette,Vivo,Black / White,L,V0324021BLA/WHIL,1500.0,1,2026-04-21,0,12
Vivo X This Is Essential Scooped Neck Bralette,Vivo,Black / White,M,V0324021BLA/WHIM,1500.0,1,2026-02-24,0,11
Vivo X This Is Essential Scooped Neck Bralette,Vivo,Black / White,S,V0324021BLA/WHIS,1500.0,2,2026-05-19,0,8
Vivo X This Is Essential Scooped Neck Bralette,Vivo,Black / White,XXS,V0324021BLA/WHIXXS,1500.0,1,never,0,0
Vivo X This Is Essential Scooped Neck Bralette,Vivo,Navy Blue / White,L,V0324021NAB/WHIL,1500.0,1,2024-12-15,0,8
Vivo X This Is Essential Scooped Neck Bralette,Vivo,Navy Blue / White,XXS,V0324021NAB/WHIXXS,1500.0,1,never,0,0
Vivo X This Is Essential Short Sleeve Bodysuit,Vivo,Chocolate,XXS,V0923060CHOCXXS,2750.0,1,2025-12-28,0,5
Vivo X This Is Essential Short Sleeve Bodysuit,Vivo,Grey,XXS,V0923060GREYXXS,2750.0,2,never,0,0
Vivo X This Is Essential Short Sleeve Bodysuit,Vivo,Red,XXS,V0923060REDXXS,2750.0,2,2025-03-14,0,2
Vivo X This Is Essential Short Sleeve Bodysuit,Vivo,Taupe,XXS,V0923060TAUXXS,2750.0,2,never,0,0
Vivo X This Is Essential Short Unitard,Vivo,Black,S,V0224109BLAS,3250.0,1,2026-03-31,0,21
Vivo X This Is Essential Short Unitard,Vivo,Black,XS,V0224109BLAXS,3250.0,1,2025-12-06,0,10
Vivo X This Is Essential Short Unitard,Vivo,Black,XXS,V0224109BLAXXS,3250.0,2,2025-04-12,0,2
Vivo X This Is Essential Short Unitard,Vivo,Grey,S,V0224109GRYS,3250.0,1,never,0,0
Vivo X This Is Essential Short Unitard,Vivo,Navy Blue,1X,V0224109NAB1X,3250.0,1,2025-12-17,0,5
Vivo X This Is Essential Short Unitard,Vivo,Navy Blue,2X,V0224109NAB2X,3250.0,3,2026-01-28,0,6
Vivo X This Is Essential Short Unitard,Vivo,Navy Blue,M,V0224109NABM,3250.0,2,2025-11-11,0,15
Vivo X This Is Essential Short Unitard,Vivo,Navy Blue,S,V0224109NABS,3250.0,2,2026-04-10,0,8
Vivo X This Is Essential Short Unitard,Vivo,Navy Blue,XS,V0224109NABXS,3250.0,2,2025-07-28,0,2
Vivo X This Is Essential Short Unitard,Vivo,Navy Blue,XXS,V0224109NABXXS,3250.0,2,never,0,0
Vivo X This Is Essential Sleeveless High Neck Bodysuit,Vivo,Chocolate,XXS,V0823154CHOCXXS,2250.0,3,2025-04-06,0,3
Vivo X This Is Essential Sleeveless High Neck Bodysuit,Vivo,Grey,2X,V0823154GREY2X,2250.0,1,2026-04-30,0,8
Vivo X This Is Essential Sleeveless High Neck Bodysuit,Vivo,Grey,XXS,V0823154GREYXXS,2250.0,2,2025-12-17,0,2
Vivo X This Is Essential Sleeveless High Neck Bodysuit,Vivo,Red,XXS,V0823154REDXXS,2250.0,2,2026-02-15,0,2
Vivo X This Is Essential Sleeveless High Neck Bodysuit,Vivo,Rust,S,V0823154RUSS,2250.0,1,never,0,0
Vivo X This Is Essential Sleeveless High Neck Bodysuit,Vivo,Taupe,XXS,V0823154TAUXXS,2250.0,1,never,0,0
Vivo X This Is Essential Sleeveless High Neck Bodysuit,Vivo,White,XXS,V0823154WHIXXS,2250.0,1,never,0,0
Vivo X This Is Essential Sleeveless Scooped Neck Bodysuit,Vivo,Black,XXS,V0823158BLAXXS,1950.0,1,never,0,0
Vivo X This Is Essential Sleeveless Scooped Neck Bodysuit,Vivo,Chocolate,2X,V0823158CHOC2X,1950.0,3,2026-04-23,0,4
Vivo X This Is Essential Sleeveless Scooped Neck Bodysuit,Vivo,Chocolate,XXS,V0823158CHOCXXS,1950.0,2,2026-03-19,0,2
Vivo X This Is Essential Sleeveless Scooped Neck Bodysuit,Vivo,Grey,1X,V0823158GREY1X,1950.0,1,2025-03-08,0,1
Vivo X This Is Essential Sleeveless Scooped Neck Bodysuit,Vivo,Grey,2X,V0823158GREY2X,1950.0,3,2024-10-28,0,1
Vivo X This Is Essential Sleeveless Scooped Neck Bodysuit,Vivo,Grey,XXS,V0823158GREYXXS,1950.0,2,2026-02-12,0,1
Vivo X This Is Essential Sleeveless Scooped Neck Bodysuit,Vivo,Red,XXS,V0823158REDXXS,1950.0,3,2025-12-13,0,1
Vivo X This Is Essential Sleeveless Scooped Neck Bodysuit,Vivo,Taupe,2X,V0823158TAU2X,1950.0,2,2026-01-26,0,2
Vivo X This Is Essential Sleeveless Scooped Neck Bodysuit,Vivo,Taupe,XS,V0823158TAUXS,1950.0,2,never,0,0
Vivo X This Is Essential Sleeveless Scooped Neck Bodysuit,Vivo,Taupe,XXS,V0823158TAUXXS,1950.0,1,never,0,0
Vivo X This Is Essential Strappy Bodysuit,Vivo,White,2X,V0823155WHI2X,2250.0,3,2026-01-26,0,1
Vivo X This Is Essentials Long Sleeve Crew Neck Bodysuit,Vivo,Grey,L,V1223037GREYL,3750.0,1,2026-03-25,0,3
Vivo X This Is Essentials Long Sleeve Crew Neck Bodysuit,Vivo,Grey,XXS,V1223037GREYXXS,3750.0,1,2025-12-17,0,3
Vivo X This Is Essentials Long Sleeve Crew Neck Bodysuit,Vivo,Red,1X,V1223037RED1X,3800.0,1,2025-04-10,0,2
Vivo X This Is Essentials Long Sleeve Crew Neck Bodysuit,Vivo,Red,2X,V1223037RED2X,3800.0,1,2026-05-13,0,3
Vivo X This Is Essentials Long Sleeve Crew Neck Bodysuit,Vivo,Red,XXS,V1223037REDXXS,3800.0,1,2025-05-13,0,1
Vivo X This Is Essentials Long Sleeve Crew Neck Bodysuit,Vivo,White,M,V1223037WHIM,3750.0,1,2024-08-28,0,9
Vivo Yene High Slit Tunic Top,Vivo,Light Teal,S,V0125004LIGTS,1450.0,1,2026-04-18,0,1
Vivo Yene High Slit Tunic Top,Vivo,Navy Blue,1X,V0125004NAB1X,1450.0,1,never,0,0
Vivo Yene High Slit Tunic Top,Vivo,Plum,S,V0125004PLUS,2650.0,1,never,0,0
Vivo Yene Jumpsuit,Vivo,White / Burgundy Shibori Print,1X,V0125032PR21X,3850.0,1,never,0,0
Vivo Yene Layered Top,Vivo,Dark Teal,M,V0125006DATM,2250.0,1,never,0,0
Vivo Yene Layered Top,Vivo,Mint Green,L,V0125006MINL,1050.0,1,never,0,0
Vivo Yene Layered Top,Vivo,Mint Green,M,V0125006MINM,1050.0,1,2026-02-20,0,3
Vivo Yene Layered Top,Vivo,Mint Green,S,V0125006MINS,1050.0,1,2026-01-21,0,1
Vivo Yene Layered Top,Vivo,Off White,L,V0125006OFWL,2250.0,1,never,0,0
Vivo Yene Layered Top,Vivo,Off White,M,V0125006OFWM,2250.0,1,never,0,0
Vivo Yene One Shoulder Maxi Dress,Vivo,White / Teal Shibori Print,L,V0125001PR1L,2350.0,1,2026-01-26,0,1
Vivo Yene One Shoulder Maxi Dress,Vivo,White / Teal Shibori Print,S,V0125001PR1S,2350.0,2,never,0,0
Vivo Yoga Wrap,Vivo,Buttermilk - Buttermilk / 0719828 / S/M,S/M,0719828BUTS/M,0.0,1,2026-03-10,0,3
Vivo Yumi Long Sleeve Shirt Dress,Vivo,Black / Taupe Print,L,V1223017PR1L,950.0,1,2026-01-27,0,2
Vivo Yumi Long Sleeve Tent Shirt Dress,Vivo,Black,M,V1223016BLAM,3150.0,1,2025-11-23,0,8
Vivo Zahari Straight Leg Pants,Vivo,Black,L,V0524171BLAL,1150.0,1,2024-07-22,0,4
Vivo Zahari Straight Leg Pants,Vivo,Navy,4X,V0524171NAV4X,1600.0,2,2026-04-18,0,3
Vivo Zahari Straight Leg Pants,Vivo,Off White,XS,V0524171OFWXS,1150.0,1,2025-01-15,0,1
Vivo Zaria Long Sleeve Coat,Vivo,Mvua,XS,V0923023PR1XS,3150.0,1,never,0,0
Vivo Zawadi Inverted Pleat Dress,Vivo,Black,S,V1120005BLAS,2950.0,2,2026-02-11,0,3
Vivo Zawadi Inverted Pleat Dress,Vivo,Mint Green Print - Mint Green Print / 1120005 / S,S,1120005PR15S,0.0,1,never,0,0
Vivo Zawadi Inverted Pleat Dress,Vivo,Navy,S,V1120005NAVS,2950.0,1,2026-03-04,0,5
Vivo Zawadi Inverted Pleat Dress,Vivo,White,M,V1120005WHIM,2950.0,1,2026-04-26,0,6
Vivo Zawadi Keyhole Dress,Vivo,Orange,1X,V0720027ORA1X,4950.0,1,2025-03-27,0,3
Vivo Zawadi Keyhole Dress,Vivo,Orange,L,V0720027ORAL,4950.0,1,2025-01-09,0,6
Vivo Zawadi Keyhole Dress,Vivo,Orange,S,V0720027ORAS,4950.0,1,2025-03-21,0,5
Vivo Zena Bishop Panel Long Sleeve Round Neck Dress,Vivo,Buttermilk,M,V0422149BUTM,3450.0,1,2026-05-18,0,3
Vivo Zena Bishop Panel Long Sleeve Round Neck Dress,Vivo,Light Navy Blue,M,V0422149LNABM,4950.0,1,never,0,0
Vivo Zena Bishop Panel Long Sleeve Round Neck Dress,Vivo,Light Navy Blue,S,V0422149LNABS,4950.0,1,never,0,0
Zoya Aridi Cropped Jacket,Zoya,Black / White,1X/2X,Z1024021PR31X/2X,2250.0,1,never,0,0
Zoya Aridi Cropped Jacket,Zoya,Black / White,3X/4X,Z1024021PR33X/4X,2250.0,3,never,0,0
Zoya Aridi Cropped Jacket,Zoya,Blue Flannel / Navy,1X/2X,Z0924065BLNA1X/2X,1600.0,2,never,0,0
Zoya Aridi Cropped Jacket,Zoya,Blue Flannel / Navy,XS/S,Z0924065BLNAXS/S,1600.0,4,never,0,0
Zoya Aridi Leggings,Zoya,Navy,1X,Z1024023NAV1X,500.0,3,2026-05-16,0,5
Zoya Aridi Leggings,Zoya,Navy,3X,Z1024023NAV3X,500.0,1,2025-11-19,0,2
Zoya Aridi Leggings,Zoya,Navy,4X,Z1024023NAV4X,500.0,1,2026-02-06,0,2
Zoya Aridi Leggings,Zoya,Navy,XS,Z1024023NAVXS,500.0,2,never,0,0
Zoya Banda Bandeau Asymmetrical Crop Top,Zoya,White,1X,Z0724051WHI1X,350.0,1,2024-12-20,0,1
Zoya Banda Bandeau Asymmetrical Crop Top,Zoya,White,2X,Z0724051WHI2X,350.0,1,never,0,0
Zoya Banda Bandeau Asymmetrical Crop Top,Zoya,White,3X,Z0724051WHI3X,350.0,2,never,0,0
Zoya Banda Bandeau Asymmetrical Crop Top,Zoya,White,4X,Z0724051WHI4X,350.0,2,2024-10-01,0,1
Zoya Banda Bandeau Asymmetrical Crop Top,Zoya,White,M,Z0724051WHIM,350.0,2,2024-12-16,0,4
Zoya Banda Crop Hoodie,Zoya,Burgundy,S,Z0724053BURS,550.0,1,2026-04-17,0,1
Zoya Banda Drop Shoulder Unisex Wide Jacket,Zoya,Pink,M/L,Z0724060PINM/L,750.0,4,2026-05-22,0,3
Zoya Banda Halter Neck Assymetrical Crop Top,Zoya,Black,1X,Z0724050BLA1X,1100.0,4,never,0,0
Zoya Banda Halter Neck Assymetrical Crop Top,Zoya,Black,3X,Z0724050BLA3X,1100.0,4,never,0,0
Zoya Banda Halter Neck Assymetrical Crop Top,Zoya,Black,4X,Z0724050BLA4X,1100.0,2,never,0,0
Zoya Banda Halter Neck Assymetrical Crop Top,Zoya,White,4X,Z0724050WHI4X,450.0,2,2026-04-24,0,1
Zoya Banda High Slit Maxi Skirt,Zoya,Blue,S,Z0724058BLUS,650.0,1,2026-05-15,0,4
Zoya Banda Men's Cargo Pants,Zoya,Blue,1X,Z0724071BLU1X,1150.0,2,2026-05-26,0,1
Zoya Banda Men's Cargo Pants,Zoya,Blue,L,Z0724071BLUL,1150.0,3,2026-05-22,0,1
Zoya Banda Men's Cargo Pants,Zoya,Blue,M,Z0724071BLUM,1150.0,5,2026-04-27,0,1
Zoya Banda Men's Cargo Pants,Zoya,Blue,S,Z0724071BLUS,1150.0,1,2026-04-30,0,1
Zoya Banda Men's Cargo Pants,Zoya,White,L,Z0724071WHIL,2800.0,3,never,0,0
Zoya Banda Men's Cargo Pants,Zoya,White,M,Z0724071WHIM,2800.0,1,never,0,0
Zoya Banda Men's Wide Pants,Zoya,Blue,1X,Z0724070BLU1X,1250.0,4,2026-05-26,0,1
Zoya Banda Men's Wide Pants,Zoya,Pink,1X,Z0724070PIN1X,1250.0,2,never,0,0
Zoya Banda Strappy Playsuit,Zoya,Grey,XS,Z0724054GRYXS,450.0,1,2026-04-18,0,1
Zoya Banda Unisex Jorts,Zoya,Blue,M,Z0724069BLUM,550.0,3,never,0,0
Zoya Banda Unisex Jorts,Zoya,Blue,XS,Z0724069BLUXS,550.0,1,never,0,0
Zoya Banda Unisex Letterman Jacket,Zoya,Green / Blue Print + Blue,M/L,Z0724061PR2M/L,1850.0,2,never,0,0
Zoya Banda Unisex Shacket,Zoya,Pink,M/L,Z0724062PINM/L,2500.0,1,never,0,0
Zoya Banda Unisex Shacket,Zoya,Pink,XS/S,Z0724062PINXS/S,2500.0,3,never,0,0
Zoya Banda Waist Length Zipped Jacket,Zoya,Blue,1X/2X,Z0724059BLU1X/2X,750.0,1,never,0,0
Zoya Banda Waist Length Zipped Jacket,Zoya,Blue,XS/S,Z0724059BLUXS/S,750.0,1,never,0,0
Zoya Banda Waist Length Zipped Jacket,Zoya,White,1X/2X,Z0724059WHI1X/2X,450.0,1,2026-05-20,0,5
Zoya Banda Waist Length Zipped Jacket,Zoya,White,M/L,Z0724059WHIM/L,450.0,1,2026-04-16,0,2
Zoya Basic Bodycon,Zoya,White - White / 0220118 / 3X,3X,0220118WHI3X,0.0,1,never,0,0
Zoya Basic Bodycon,Zoya,White - White / 0220118 / 4X,4X,0220118WHI4X,0.0,2,never,0,0
Zoya Basic Bodycon,Zoya,White - White / 0220118 / Xs,XS,0220118WHIXS,0.0,2,never,0,0
Zoya Basic Capri Leggings,Zoya,Navy Blue - Navy Blue / 0719149 / S,S,0719149NABS,0.0,1,never,0,0
Zoya Basic Full Length Leggings,Zoya,Burgundy - Burgundy / 0819062 / S,S,0819062BURS,0.0,2,2021-09-10,0,1
Zoya Basic Full Length Leggings,Zoya,Burgundy - Burgundy / 0819062 / Xs,XS,0819062BURXS,0.0,3,never,0,0
Zoya Basic Full Length Leggings,Zoya,Dark Green - Dark Green / 0819062 / S,S,0819062DGNS,0.0,3,never,0,0
Zoya Basic Full Length Leggings,Zoya,Mustard - Mustard / 0819062 / M,M,0819062MUSM,0.0,1,2021-05-03,0,3
Zoya Basic Full Length Leggings,Zoya,Navy Blue - Navy Blue / 0819062 / M,M,0819062NABM,0.0,21,2021-12-22,0,3
Zoya Basic Full Length Leggings,Zoya,Navy Blue - Navy Blue / 0819062 / S,S,0819062NABS,0.0,70,2021-09-10,0,2
Zoya Basic Full Length Leggings,Zoya,Navy Blue - Navy Blue / 0819062 / Xs,XS,0819062NABXS,0.0,6,never,0,0
Zoya Basic Full Length Leggings,Zoya,Teal - Teal / 0819062 / S,S,0819062TEAS,0.0,7,never,0,0
Zoya Basic Full Length Leggings,Zoya,Teal - Teal / 0819062 / Xs,XS,0819062TEAXS,0.0,2,never,0,0
Zoya Basic Halter Tie Top,Zoya,Black,M,Z0724101BLAM,350.0,2,never,0,0
Zoya Basic Halter Tie Top,Zoya,Black,XS,Z0724101BLAXS,350.0,1,2026-04-22,0,1
Zoya Basic Halter Tie Top,Zoya,Chocolate,F,Z0724101CHOS,1250.0,2,never,0,0
Zoya Basic Halter Tie Top,Zoya,Chocolate,M,Z0724101CHOM,1250.0,4,never,0,0
Zoya Basic Halter Tie Top,Zoya,White,XS,Z0724101WHIXS,250.0,3,never,0,0
Zoya Basic Jersey Bandeau,Zoya,Burgundy - Burgundy / 1019075 / S,S,1019075BURS,0.0,8,2021-12-13,0,3
Zoya Basic Jersey Bandeau,Zoya,Burnt Orange,XS,Z1019075BUOXS,400.0,12,2026-04-29,0,2
Zoya Basic Jersey Bandeau,Zoya,Chocolate Brown,1X,Z1019075CHO1X,700.0,1,never,0,0
Zoya Basic Jersey Bandeau,Zoya,Chocolate Brown,F,Z1019075CHOS,700.0,2,2026-05-23,0,1
Zoya Basic Jersey Bandeau,Zoya,Chocolate Brown,L,Z1019075CHOL,700.0,10,2026-05-18,0,1
Zoya Basic Jersey Bandeau,Zoya,Chocolate Brown,M,Z1019075CHOM,700.0,1,2026-05-18,0,3
Zoya Basic Jersey Bandeau,Zoya,Dark Green - Dark Green / 1019075 / Xl,1X,1019075DGNXL,0.0,1,2021-02-10,0,1
Zoya Basic Jersey Bandeau,Zoya,Dark Olive,M,Z1019075DOLIM,700.0,1,never,0,0
Zoya Basic Jersey Bandeau,Zoya,Deep Teal,M,Z1019075DTEAM,750.0,4,never,0,0
Zoya Basic Jersey Bandeau,Zoya,Deep Teal,S,Z1019075DTEAS,750.0,16,2026-05-22,0,1
Zoya Basic Jersey Bandeau,Zoya,Fuschia,L,Z1019075FUSL,700.0,4,2026-05-31,0,1
Zoya Basic Jersey Bandeau,Zoya,Hunters Green,S,Z1019075HGNS,750.0,2,never,0,0
Zoya Basic Jersey Bandeau,Zoya,Light Blue - Light Blue / 1019075 / M,M,1019075LIBM,0.0,1,never,0,0
Zoya Basic Jersey Bandeau,Zoya,Lime Green - Lime Green / 1019075 / M,M,1019075LGNM,0.0,1,2021-12-21,0,1
Zoya Basic Jersey Bandeau,Zoya,Mulberry,1X,Z1019075MUL1X,700.0,2,2026-05-31,0,1
Zoya Basic Jersey Bandeau,Zoya,Mulberry,L,Z1019075MULL,700.0,17,never,0,0
Zoya Basic Jersey Bandeau,Zoya,Mulberry,S,Z1019075MULS,700.0,2,2026-05-22,0,2
Zoya Basic Jersey Bandeau,Zoya,Mustard - Mustard / 1019075 / L,L,1019075MUSL,0.0,4,2021-12-18,0,2
Zoya Basic Jersey Bandeau,Zoya,Mustard - Mustard / 1019075 / Xl,1X,1019075MUSXL,0.0,36,never,0,0
Zoya Basic Jersey Bandeau,Zoya,Orange,1X,Z1019075ORAXL,700.0,4,2026-05-07,0,1
Zoya Basic Jersey Bandeau,Zoya,Orange,L,Z1019075ORAL,700.0,13,never,0,0
Zoya Basic Jersey Bandeau,Zoya,Orange,M,Z1019075ORAM,700.0,2,never,0,0
Zoya Basic Jersey Bandeau,Zoya,Orange,S,Z1019075ORAS,700.0,27,never,0,0
Zoya Basic Jersey Bandeau,Zoya,Red,1X,Z1019075REDXL,750.0,2,never,0,0
Zoya Basic Jersey Bandeau,Zoya,Red,L,Z1019075REDL,750.0,2,never,0,0
Zoya Basic Jersey Bandeau,Zoya,Red,M,Z1019075REDM,750.0,1,never,0,0
Zoya Basic Jersey Bandeau,Zoya,Rust,1X,Z1019075RUS1X,700.0,4,never,0,0
Zoya Basic Jersey Bandeau,Zoya,Rust,L,Z1019075RUSL,700.0,20,never,0,0
Zoya Basic Jersey Bandeau,Zoya,Rust,M,Z1019075RUSM,700.0,5,never,0,0
Zoya Basic Jersey Bandeau,Zoya,Rust,S,Z1019075RUSS,700.0,8,never,0,0
Zoya Basic Jersey Bandeau,Zoya,Saffron,S,Z1019075SAFS,600.0,1,2026-05-22,0,8
Zoya Basic Jersey Bandeau,Zoya,Saffron - Yellow / 1019075 / S,S,1019075SAFS,0.0,1,never,0,0
Zoya Basic Jersey Bandeau,Zoya,Sea Green,1X,Z1019075SEA1X,750.0,2,never,0,0
Zoya Basic Jersey Bandeau,Zoya,Sea Green,L,Z1019075SEAL,750.0,4,never,0,0
Zoya Basic Jersey Bandeau,Zoya,Sea Green,M,Z1019075SEAM,750.0,9,never,0,0
Zoya Basic Jersey Bandeau,Zoya,Sea Green,S,Z1019075SEAS,750.0,3,2026-05-22,0,1
Zoya Basic Jersey Bandeau,Zoya,Teal,M,Z1019075TEAM,600.0,11,2026-05-18,0,3
Zoya Basic Jersey Bandeau,Zoya,Teal,S,Z1019075TEAS,600.0,13,2026-05-22,0,1
Zoya Basic Jersey Bandeau,Zoya,Teal,XS,Z1019075TEAXS,600.0,7,never,0,0
Zoya Basic Jersey Bandeau,Zoya,Yellow - Yellow / 1019075 / L,L,1019075YELL,0.0,15,never,0,0
Zoya Basic Jersey Bandeau,Zoya,Yellow - Yellow / 1019075 / M,M,1019075YELM,0.0,11,2021-12-21,0,8
Zoya Basic Jersey Bandeau,Zoya,Yellow - Yellow / 1019075 / S,S,1019075YELS,0.0,22,never,0,0
Zoya Basic Jersey Bandeau,Zoya,Yellow - Yellow / 1019075 / Xl,1X,1019075YELXL,0.0,4,never,0,0
Zoya Basic Long Sleeve Bodycon,Zoya,Taupe,1X,Z0722035TAUXL,1800.0,1,2026-05-04,0,2
Zoya Basic Long Sleeve Top,Zoya,Navy Blue,L,Z0922062NABL,1600.0,1,never,0,0
Zoya Basic Raglan Sleeve Midriff Top,Zoya,Navy,2X,Z1024062NAV2X,800.0,1,never,0,0
Zoya Basic Raglan Sleeve Midriff Top,Zoya,Navy,S,Z1024062NAVS,800.0,2,never,0,0
Zoya Basic Raglan Sleeve Midriff Top,Zoya,Navy,XS,Z1024062NAVXS,800.0,2,never,0,0
Zoya Basic Short Sleeve Crop Top,Zoya,Hunters,L,Z0724022HUNL,1550.0,1,never,0,0
Zoya Basic Tank Top,Zoya,Bright Green,3X,Z0819065BGRN3X,350.0,2,2026-04-26,0,2
Zoya Basic Tank Top,Zoya,Bright Green,4X,Z0819065BGRN4X,350.0,2,never,0,0
Zoya Basic Tank Top,Zoya,Dark Green - Dark Green / 0819065 / 4X,4X,0819065DGN4X,0.0,2,never,0,0
Zoya Basic Tank Top,Zoya,Hunters Green - Hunters Green / 0819065 / Xl,1X,0819065HGRNXL,0.0,1,never,0,0
Zoya Basic Tank Top,Zoya,Mustard - Mustard / 0819065 / 4X,4X,0819065MUS4X,0.0,2,2026-01-31,0,1
Zoya Basic Tank Top,Zoya,Orange - Orange / 0819065 / 2X,2X,0819065ORA2X,0.0,1,never,0,0
Zoya Basic Tank Top,Zoya,Orange - Orange / 0819065 / 3X,3X,0819065ORA3X,0.0,1,never,0,0
Zoya Basic Tank Top,Zoya,Orange - Orange / 0819065 / Xl,1X,0819065ORAXL,0.0,1,never,0,0
Zoya Basic Tank Top,Zoya,Tan,3X,Z0819065TAN3X,900.0,1,2026-06-10,0,1
Zoya Basic Tank Top,Zoya,Tan,4X,Z0819065TAN4X,900.0,2,never,0,0
Zoya Basic Tank Top,Zoya,White - White / 819065 / L,L,0819065WHIL,0.0,1,2021-12-31,0,6
Zoya Basic Tank Top,Zoya,Yellow - Yellow / 0819065 / 4X,4X,0819065YEL4X,0.0,4,2026-01-31,0,1
Zoya Basic V-Neck Short Sleeved Midriff Top,Zoya,Taupe,4X,Z0724028TAU4X,900.0,1,never,0,0
Zoya Basic Val Tank Top,Zoya,Navy Blue - Navy Blue / 1219015 / 3X,3X,1219015NAB3X,0.0,1,never,0,0
Zoya Basic Val Tank Top,Zoya,Navy Blue - Navy Blue / 1219015 / 4X,4X,1219015NAB4X,0.0,2,never,0,0
Zoya Brave Corduroy Booty Shorts,Zoya,Navy Blue - Navy Blue / 0422105 / S,S,0422105NABS,0.0,1,never,0,0
Zoya Brave Satin Joggers(Regular),Zoya,Burgundy Abstract Print - Burgundy Abstract Print / 0422098 / S-T,,0422098PR2S-T,0.0,1,never,0,0
Zoya Essentials Basic Mini Bodycon,Zoya,Pink Tie Dye - Pink Tie Dye / 1221057 / Xxxl,3X,1221057PR2XXXL,0.0,1,2026-02-02,0,2
Zoya Essentials Mini Bodycon,Zoya,Black / Purple Geometric Print,S,Z0821148PR2S,2750.0,1,never,0,0
Zoya Essentials Mini Bodycon,Zoya,Pink / Navy Print,L,Z0821148PR6L,550.0,1,never,0,0
Zoya Essentials Mini Bodycon,Zoya,Pink / Navy Print,M,Z0821148PR6M,550.0,2,never,0,0
Zoya Essentials Mini Bodycon,Zoya,Teal / Brown Print,M,Z0821148PR8M,2750.0,3,never,0,0
Zoya Essentials Mini Bodycon,Zoya,Teal / Brown Print,S,Z0821148PR8S,2750.0,2,never,0,0
Zoya Essentials Mini Bodycon,Zoya,Teal / Brown Print,XS,Z0821148PR8XS,2750.0,3,never,0,0
Zoya Kyro Pleated Mini Skirt,Zoya,Grey,XS,Z1124124GREXS,450.0,1,2026-04-29,0,1
Zoya Kyro Strappy Vest,Zoya,Grey,S,Z1124120GRES,950.0,1,2026-04-29,0,1
Zoya Luna Cargo Pants,Zoya,Black,4X,Z0124043BLA4X,750.0,1,2026-06-10,0,3
Zoya Luna Cargo Pants,Zoya,Dark Green,XS,Z0124043DGRNXS,1050.0,2,2026-04-25,0,1
Zoya Luna Cargo Pants,Zoya,Mustard,M,Z0124043MUSM,1050.0,1,2026-05-10,0,6
Zoya Luna Cargo Pants,Zoya,Mustard,XS,Z0124043MUSXS,1050.0,1,never,0,0
Zoya Luna Cargo Pants,Zoya,Navy Blue,4X,Z0124043NAB4X,750.0,2,never,0,0
Zoya Luna Drape Tie Top,Zoya,Dark Blue,M/L,Z0124039DBLUM/L,1050.0,9,never,0,0
Zoya Luna Drape Tie Top,Zoya,Pink,M/L,Z0124039PINM/L,950.0,6,never,0,0
Zoya Luna Drawstring Maxi Dress,Zoya,Black,2X,Z0124042BLA2X,550.0,1,never,0,0
Zoya Luna Drawstring Maxi Dress,Zoya,Black,3X,Z0124042BLA3X,550.0,1,never,0,0
Zoya Luna Drawstring Maxi Dress,Zoya,Black,4X,Z0124042BLA4X,550.0,1,never,0,0
Zoya Luna Drawstring Maxi Dress,Zoya,Black,L,Z0124042BLAL,550.0,1,2026-05-26,0,1
Zoya Luna Drawstring Maxi Dress,Zoya,Navy,4X,Z0124042NAV4X,2950.0,1,never,0,0
Zoya Luna Drawstring Maxi Dress,Zoya,Navy,M,Z0124042NAVM,2950.0,1,never,0,0
Zoya Luna Halter Neck Top,Zoya,Black,1X,Z0124037BLA1X,1750.0,2,never,0,0
Zoya Luna Halter Neck Top,Zoya,Black,2X,Z0124037BLA2X,1750.0,1,never,0,0
Zoya Luna Halter Neck Top,Zoya,Black,3X,Z0124037BLA3X,1750.0,2,never,0,0
Zoya Luna Halter Neck Top,Zoya,Black,4X,Z0124037BLA4X,1750.0,2,never,0,0
Zoya Luna Halter Neck Top,Zoya,Black,S,Z0124037BLAS,1750.0,1,never,0,0
Zoya Luna Halter Neck Top,Zoya,Navy,2X,Z0124037NAV2X,900.0,1,never,0,0
Zoya Luna Halter Neck Top,Zoya,Navy,L,Z0124037NAVL,900.0,1,never,0,0
Zoya Luna Halter Neck Top,Zoya,Navy,M,Z0124037NAVM,900.0,3,never,0,0
Zoya Luna High Slit Dress,Zoya,Black,4X,Z0124041BLA4X,550.0,1,never,0,0
Zoya Luna High Slit Dress,Zoya,Navy,1X,Z0124041NAV1X,550.0,1,never,0,0
Zoya Luna High Slit Dress,Zoya,Navy,3X,Z0124041NAV3X,550.0,1,never,0,0
Zoya Luna High Slit Dress,Zoya,Navy,S,Z0124041NAVS,550.0,2,2026-05-29,0,1
Zoya Men's Cargo Pants,Zoya,Dark Grey,1X,Z0424109DGRY1X,2300.0,1,never,0,0
Zoya Men's Cargo Pants,Zoya,Dark Grey,M,Z0424109DGRYM,2300.0,3,never,0,0
Zoya Men's Round Neck T-shirt,Zoya,Grey,M,Z0424106GRYM,1550.0,4,never,0,0
Zoya Men's Round Neck T-shirt,Zoya,Grey,S,Z0424106GRYS,1550.0,1,never,0,0
Zoya Naya One Shoulder Flounce Satin Crop Top,Zoya,Teal,M,Z0324024TEAM,1800.0,2,never,0,0
Zoya Nia Cargo Overalls,Zoya,Navy Blue,S,Z0822112NABS,3950.0,1,never,0,0
Zoya Nia Cargo Shorts,Zoya,Black,L,Z0822099BLAL,2550.0,1,never,0,0
Zoya Nia Cargo Shorts,Zoya,Black,S,Z0822099BLAS,2550.0,1,never,0,0
Zoya Nia Cargo Shorts,Zoya,Black,XS,Z0822099BLAXS,2550.0,1,never,0,0
Zoya Nia Crop Bomber Jacket,Zoya,Black,S/M,Z0822092BLAS/M,2950.0,1,never,0,0
Zoya Nia Crop Bomber Jacket,Zoya,Light Pink,L/1X,Z0822092LPINL/XL,2950.0,1,2026-05-19,0,1
Zoya Nia Long Sleeved Crop Shacket,Zoya,Blue / White Floral Print,L,Z0822096PR3L,2950.0,1,never,0,0
Zoya Nia Off Shoulder Knee Length Dress,Zoya,Light Pink,1X,Z0822082LPINXL,3550.0,1,never,0,0
Zoya Nia Off Shoulder Knee Length Dress,Zoya,Light Pink,L,Z0822082LPINL,3550.0,1,never,0,0
Zoya Nia Off Shoulder Knee Length Dress,Zoya,Light Pink,M,Z0822082LPINM,3550.0,2,never,0,0
Zoya Nia Off Shoulder Knee Length Dress,Zoya,Light Pink,S,Z0822082LPINS,3550.0,2,never,0,0
Zoya Nia Off Shoulder Knee Length Dress,Zoya,Lilac,1X,Z0822082LILXL,3550.0,1,never,0,0
Zoya Nia Off Shoulder Knee Length Dress,Zoya,Lilac,L,Z0822082LILL,3550.0,2,never,0,0
Zoya Nia Off Shoulder Knee Length Dress,Zoya,Lilac,M,Z0822082LILM,3550.0,1,never,0,0
Zoya Nia Off Shoulder Knee Length Dress,Zoya,Lilac,S,Z0822082LILS,3550.0,3,never,0,0
Zoya Nia Off Shoulder Knee Length Dress,Zoya,Navy Blue,1X,Z0822082NABXL,3550.0,1,never,0,0
Zoya Nia Off Shoulder Knee Length Dress,Zoya,Navy Blue,L,Z0822082NABL,3550.0,2,never,0,0
Zoya Nia Off Shoulder Knee Length Dress,Zoya,Navy Blue,M,Z0822082NABM,3550.0,1,never,0,0
Zoya Nia Off Shoulder Knee Length Dress,Zoya,Navy Blue,S,Z0822082NABS,3550.0,1,never,0,0
Zoya Nia Off Shoulder Puff Sleeve Top,Zoya,Black,L/1X,Z0822081BLAL/XL,450.0,2,never,0,0
Zoya Nia Off Shoulder Puff Sleeve Top,Zoya,Light Blue,S/M,Z0822081LBLUS/M,2250.0,1,never,0,0
Zoya Nia Off Shoulder Puff Sleeve Top,Zoya,Light Grey,L/1X,Z0822081LGRYL/XL,450.0,1,2026-05-20,0,1
Zoya Nia Off Shoulder Puff Sleeve Top,Zoya,Peach,L/1X,Z0822081PEAL/XL,2250.0,1,never,0,0
Zoya Nia Off Shoulder Puff Sleeve Top,Zoya,Peach,S/M,Z0822081PEAS/M,2250.0,1,never,0,0
Zoya Nia Oversized Denim Shirt,Zoya,Black,L,Z0822086BLAL,2950.0,1,never,0,0
Zoya Nia Puff Sleeve Off Shoulder Romper,Zoya,Lilac,1X,Z0822110LILXL,2750.0,1,never,0,0
Zoya Nia Puff Sleeve Off Shoulder Romper,Zoya,Lilac,M,Z0822110LILM,2750.0,1,never,0,0
Zoya Nia Puff Sleeve Off Shoulder Romper,Zoya,Lilac,S,Z0822110LILS,2750.0,1,never,0,0
Zoya Nia Puff Sleeve Off Shoulder Romper,Zoya,White,1X,Z0822110WHIXL,2750.0,1,never,0,0
Zoya Nia Puff Sleeve Off Shoulder Romper,Zoya,White,L,Z0822110WHIL,2750.0,1,2026-02-04,0,1
Zoya Nia Wide Cargo Pants,Zoya,Beige,M,Z0822097BEIM,2950.0,1,never,0,0
Zoya Nia Wide Cargo Pants,Zoya,Lilac,M,Z0822097LILM,2950.0,1,2026-05-29,0,2
Zoya Nia Wide Leg Denim Pants,Zoya,Tickling Stripes Print,2X,Z0822098PR2XL,2950.0,1,never,0,0
Zoya Nia Wide Leg Denim Pants,Zoya,Tickling Stripes Print,L,Z0822098PR2L,2950.0,1,never,0,0
Zoya Nia Wide Leg Shorts,Zoya,Blue/Lime Green Abstract Print,1X,Z0822087PR1XL,2550.0,1,never,0,0
Zoya Nia Wide Leg Shorts,Zoya,Blue/Lime Green Abstract Print,L,Z0822087PR1L,2550.0,1,never,0,0
Zoya Nia Wide Leg Shorts,Zoya,Blue/Lime Green Abstract Print,S,Z0822087PR1S,2550.0,1,2026-02-09,0,1
Zoya Party Cowl Bare Back Mini Dress,Zoya,Black,1X,Z1123052BLA1X,1375.0,1,never,0,0
Zoya Party Cowl Bare Back Mini Dress,Zoya,Black,2X,Z1123052BLA2X,1375.0,1,never,0,0
Zoya Party Cowl Bare Back Mini Dress,Zoya,Black,3X,Z1123052BLA3X,1375.0,1,never,0,0
Zoya Party Cowl Bare Back Mini Dress,Zoya,Black,4X,Z1123052BLA4X,1375.0,1,never,0,0
Zoya Party Cowl Bare Back Mini Dress,Zoya,Navy Blue,3X,Z1123052NAB3X,1050.0,1,never,0,0
Zoya Party Cowl Bare Back Mini Dress,Zoya,Navy Blue,4X,Z1123052NAB4X,1050.0,1,never,0,0
Zoya Party Cowl Bare Back Mini Dress,Zoya,Safron / Mustard Waridi Print,1X,Z1123052PR21X,2750.0,1,never,0,0
Zoya Party Cowl Bare Back Mini Dress,Zoya,Safron / Mustard Waridi Print,4X,Z1123052PR24X,2750.0,2,never,0,0
Zoya Party Cowl Bare Back Mini Dress,Zoya,Safron / Mustard Waridi Print,M,Z1123052PR2M,2750.0,1,never,0,0
Zoya Party Cowl Bare Back Mini Dress,Zoya,Taupe / Pink Waridi Print,1X,Z1123052PR11X,2750.0,1,never,0,0
Zoya Party Cowl Bare Back Mini Dress,Zoya,Taupe / Pink Waridi Print,2X,Z1123052PR12X,2750.0,1,never,0,0
Zoya Party Cowl Bare Back Mini Dress,Zoya,Taupe / Pink Waridi Print,3X,Z1123052PR13X,2750.0,1,never,0,0
Zoya Party Cowl Bare Back Mini Dress,Zoya,Taupe / Pink Waridi Print,4X,Z1123052PR14X,2750.0,1,never,0,0
Zoya Party Cowl Bare Back Mini Dress,Zoya,Taupe / Pink Waridi Print,S,Z1123052PR1S,2750.0,2,never,0,0
Zoya Party Drawstring Hoodie,Zoya,Buttermilk,2X,Z1123021BUT2X,2750.0,1,never,0,0
Zoya Party Drawstring Hoodie,Zoya,Buttermilk,3X,Z1123021BUT3X,2750.0,2,never,0,0
Zoya Party Drawstring Hoodie,Zoya,Buttermilk,M,Z1123021BUTM,2750.0,3,2026-05-01,0,1
Zoya Party Drawstring Hoodie,Zoya,Buttermilk,XS,Z1123021BUTXS,2750.0,1,never,0,0
Zoya Party Drawstring Hoodie,Zoya,Safron,2X,Z1123021SAF2X,1050.0,1,never,0,0
Zoya Party Drawstring Hoodie,Zoya,Safron,4X,Z1123021SAF4X,1050.0,1,never,0,0
Zoya Party Drawstring Hoodie,Zoya,Safron,M,Z1123021SAFM,1050.0,1,never,0,0
Zoya Party Drawstring Hoodie,Zoya,Safron,XS,Z1123021SAFXS,1050.0,1,never,0,0
Zoya Party Low V-Neck Bodysuit,Zoya,Navy Blue,4X,Z1123050NAB4X,1950.0,1,never,0,0
Zoya Party Low V-Neck Bodysuit,Zoya,Pink / Taupe,S,Z1123050PR1S,1950.0,3,never,0,0
Zoya Party Mini Skirt,Zoya,Buttermilk,1X,Z1123028BUT1X,1950.0,1,never,0,0
Zoya Party Mini Skirt,Zoya,Buttermilk,2X,Z1123028BUT2X,1950.0,1,never,0,0
Zoya Party Mini Skirt,Zoya,Buttermilk,3X,Z1123028BUT3X,1950.0,1,never,0,0
Zoya Party Mini Skirt,Zoya,Buttermilk,L,Z1123028BUTL,1950.0,2,never,0,0
Zoya Party Mini Skirt,Zoya,Buttermilk,S,Z1123028BUTS,1950.0,2,never,0,0
Zoya Party Mini Skirt,Zoya,Buttermilk,XS,Z1123028BUTXS,1950.0,1,never,0,0
Zoya Party Mini Skirt,Zoya,Safron,1X,Z1123028SAF1X,1950.0,3,never,0,0
Zoya Party Mini Skirt,Zoya,Safron,2X,Z1123028SAF2X,1950.0,1,never,0,0
Zoya Party Mini Skirt,Zoya,Safron,3X,Z1123028SAF3X,1950.0,1,never,0,0
Zoya Party Mini Skirt,Zoya,Safron,4X,Z1123028SAF4X,1950.0,1,never,0,0
Zoya Party Mini Skirt,Zoya,Safron,S,Z1123028SAFS,1950.0,1,never,0,0
Zoya Party Sheer Pants,Zoya,Buttermilk,1X,Z1123055BUT1X,2250.0,1,never,0,0
Zoya Party Sheer Pants,Zoya,Buttermilk,2X,Z1123055BUT2X,2250.0,1,never,0,0
Zoya Party Sheer Pants,Zoya,Buttermilk,3X,Z1123055BUT3X,2250.0,1,never,0,0
Zoya Party Sheer Pants,Zoya,Buttermilk,L,Z1123055BUTL,2250.0,1,never,0,0
Zoya Party Sheer Pants,Zoya,Buttermilk,M,Z1123055BUTM,2250.0,2,never,0,0
Zoya Party Sheer Pants,Zoya,Buttermilk,S,Z1123055BUTS,2250.0,1,never,0,0
Zoya Party Sheer Pants,Zoya,Buttermilk,XS,Z1123055BUTXS,2250.0,1,never,0,0
Zoya Party Sleeveless Bodysuit,Zoya,Black,3X,Z1123024BLA3X,1950.0,1,never,0,0
Zoya Party Sleeveless Bodysuit,Zoya,Black,4X,Z1123024BLA4X,1950.0,1,never,0,0
Zoya Party Sleeveless Bodysuit,Zoya,Navy Blue,3X,Z1123024NBL3X,1950.0,1,never,0,0
Zoya Party Sleeveless Bodysuit,Zoya,Navy Blue,4X,Z1123024NBL4X,1950.0,2,never,0,0
Zoya Party Sleeveless Bodysuit,Zoya,Navy Blue,L,Z1123024NBLL,1950.0,1,never,0,0
Zoya Party Sleeveless Bodysuit,Zoya,Navy Blue,S,Z1123024NBLS,1950.0,5,never,0,0
Zoya Party Sleeveless Bodysuit,Zoya,Navy Blue,XS,Z1123024NBLXS,1950.0,1,never,0,0
Zoya Party Sleeveless Side Cut Midi Dress,Zoya,Purple,XS,Z0123053PURXS,500.0,1,never,0,0
Zoya Party Strappy One Shoulder Midi Dress,Zoya,Black,M,Z0123051BLAM,700.0,1,2026-04-28,0,8
Zoya Party Turtle Neck Midriff Top,Zoya,Buttermilk,2X,Z1123020BUT2X,1750.0,1,never,0,0
Zoya Party Turtle Neck Midriff Top,Zoya,Buttermilk,3X,Z1123020BUT3X,1750.0,1,never,0,0
Zoya Party Turtle Neck Midriff Top,Zoya,Buttermilk,M,Z1123020BUTM,1750.0,3,never,0,0
Zoya Party Turtle Neck Midriff Top,Zoya,Safron,1X,Z1123020SAF1X,1750.0,1,never,0,0
Zoya Party Turtle Neck Midriff Top,Zoya,Safron,2X,Z1123020SAF2X,1750.0,1,never,0,0
Zoya Party Turtle Neck Midriff Top,Zoya,Safron,3X,Z1123020SAF3X,1750.0,1,never,0,0
Zoya Party Turtle Neck Midriff Top,Zoya,Safron,4X,Z1123020SAF4X,1750.0,1,never,0,0
Zoya Party Turtle Neck Midriff Top,Zoya,Safron,L,Z1123020SAFL,1750.0,1,never,0,0
Zoya Party Turtle Neck Midriff Top,Zoya,Safron,M,Z1123020SAFM,1750.0,3,never,0,0
Zoya Sadira Bell Bottom Pants,Zoya,Grey,1X,Z0125030GRE1X,1950.0,1,never,0,0
Zoya Sadira Bell Bottom Pants,Zoya,Grey,M,Z0125030GREM,1950.0,1,never,0,0
Zoya Sadira Bell Bottom Pants,Zoya,Grey,S,Z0125030GRES,1950.0,2,never,0,0
Zoya Sadira Bell Bottom Pants,Zoya,Grey,XS,Z0125030GREXS,1950.0,2,never,0,0
Zoya Sadira Cargo Shorts,Zoya,Taupe,L,Z0125027TAUPL,1950.0,1,never,0,0
Zoya Sadira Cargo Shorts,Zoya,Taupe,M,Z0125027TAUPM,1950.0,2,2026-06-03,0,3
Zoya Sadira Cargo Shorts,Zoya,Taupe,S,Z0125027TAUPS,1950.0,1,never,0,0
Zoya Sadira Men's Long Sleeve T Shirt,Zoya,Black,L,Z0125024BLAL,1750.0,2,never,0,0
Zoya Sadira Men's Long Sleeve T Shirt,Zoya,Black,M,Z0125024BLAM,1750.0,1,2026-05-04,0,1
Zoya Sadira Men's Long Sleeve T Shirt,Zoya,Light Blue,1X,Z0125024LIB1X,1750.0,1,never,0,0
Zoya Sadira Men's Long Sleeve T Shirt,Zoya,Light Blue,S,Z0125024LIBS,1750.0,1,never,0,0
Zoya Sadira Mens' Chino Pants,Zoya,Black,1X,Z0125031BLA1X,1950.0,4,never,0,0
Zoya Sadira Mens' Chino Pants,Zoya,Black,L,Z0125031BLAL,1950.0,10,never,0,0
Zoya Sadira Mens' Chino Pants,Zoya,Black,M,Z0125031BLAM,1950.0,9,never,0,0
Zoya Sadira Mens' Chino Pants,Zoya,Black,S,Z0125031BLAS,1950.0,4,never,0,0
Zoya Sadira Mens' Chino Shorts,Zoya,Black,1X,Z0125028BLA1X,850.0,2,never,0,0
Zoya Sadira Mens' Chino Shorts,Zoya,Black,L,Z0125028BLAL,850.0,8,never,0,0
Zoya Sadira Mens' Chino Shorts,Zoya,Black,M,Z0125028BLAM,850.0,2,never,0,0
Zoya Sadira Mens' Chino Shorts,Zoya,Black,S,Z0125028BLAS,850.0,3,never,0,0
Zoya Sadira Midriff Polo T-Shirt,Zoya,Light Grey,1X,Z0125022LIGREY1X,1050.0,1,never,0,0
Zoya Sadira Midriff Polo T-Shirt,Zoya,Light Grey,L,Z0125022LIGREYL,1050.0,1,never,0,0
Zoya Sadira Mini Bubble Dress,Zoya,Hunters,S,Z0125025HUNS,2250.0,1,never,0,0
Zoya Sadira Mini Bubble Dress,Zoya,Hunters,XS,Z0125025HUNXS,2250.0,2,never,0,0
Zoya Sadira Mini Cargo Skirt,Zoya,Hunters,L,Z0125026HUNTL,1950.0,1,never,0,0
Zoya Sadira Mini Cargo Skirt,Zoya,Hunters,M,Z0125026HUNTM,1950.0,2,never,0,0
Zoya Sadira Mini Cargo Skirt,Zoya,Hunters,S,Z0125026HUNTS,1950.0,6,never,0,0
Zoya Sadira Mini Cargo Skirt,Zoya,Taupe,1X,Z0125026TAUP1X,1950.0,1,never,0,0
Zoya Sadira Mini Cargo Skirt,Zoya,Taupe,S,Z0125026TAUPS,1950.0,3,never,0,0
Zoya Sadira Mini Cargo Skirt,Zoya,Taupe,XS,Z0125026TAUPXS,1950.0,2,never,0,0
Zoya Sadira Ribbed Top,Zoya,Light Grey,1X,Z0125019LIG1X,2250.0,1,never,0,0
Zoya Sadira Ribbed Top,Zoya,Light Grey,L,Z0125019LIGL,2250.0,1,never,0,0
Zoya Sadira Ribbed Top,Zoya,Light Grey,S,Z0125019LIGS,2250.0,1,2026-05-02,0,1
Zoya Sadira Ribbed Top,Zoya,Light Grey,XS,Z0125019LIGXS,2250.0,1,never,0,0
Zoya Sadira Strappy Bodysuit,Zoya,Navy Blue,1X,Z0125020NAV1X,1950.0,1,never,0,0
Zoya Sadira Strappy Bodysuit,Zoya,Navy Blue,S,Z0125020NAVS,1950.0,1,2026-06-03,0,1
Zoya Sadira Strappy Bodysuit,Zoya,Navy Blue,XS,Z0125020NAVXS,1950.0,1,never,0,0
Zoya Sadira Strappy Bodysuit,Zoya,White,1X,Z0125020WHI1X,1950.0,1,never,0,0
Zoya Sadira Strappy Bodysuit,Zoya,White,M,Z0125020WHIM,1950.0,1,2026-01-31,0,1
Zoya Sadira Strappy Bodysuit,Zoya,White,S,Z0125020WHIS,1950.0,1,never,0,0
Zoya Shani Kimono,Zoya,Navy,M/L,Z0624001NAVM/L,1450.0,1,2026-04-20,0,3
Zoya Shani Men's Drawstring Shorts,Zoya,Dark Grey,M,Z0724018DGRYM,650.0,3,never,0,0
Zoya Shani Men's Drawstring Shorts,Zoya,Dark Grey,S,Z0724018DGRYS,650.0,1,never,0,0
Zoya Shani Men's Drawstring Shorts,Zoya,Taupe,M,Z0724018TAUM,750.0,2,2026-05-05,0,1
Zoya Shani Men's Drawstring Shorts,Zoya,Taupe,S,Z0724018TAUS,750.0,1,never,0,0
Zoya Shani Men's Summer Shirt,Zoya,Navy / White Sani Print,L,Z0724103PR2L,1850.0,2,2024-12-21,0,1
Zoya Shani Men's Summer Shirt,Zoya,Navy / White Sani Print,M,Z0724103PR2M,1850.0,1,2025-10-03,0,2
Zoya Shani Men's Summer Shirt,Zoya,Navy / White Sani Print,S,Z0724103PR2S,1850.0,1,2025-01-10,0,1
Zoya Shani Off Shoulder Crop Top,Zoya,Burgundy / Peach Sani Print,1X,Z0624006PR21X,450.0,1,2025-11-27,0,1
Zoya Shani Off Shoulder Crop Top,Zoya,Burgundy / Peach Sani Print,L,Z0624006PR2L,450.0,2,2025-04-04,0,2
Zoya Shani Off Shoulder Crop Top,Zoya,Burgundy / Peach Sani Print,S,Z0624006PR2S,450.0,2,2024-12-16,0,1
Zoya Shani Off Shoulder Crop Top,Zoya,Navy / Peach Sani Print,S,Z0624006PR1S,1400.0,1,2024-12-17,0,1
Zoya Shani Pleated Pants,Zoya,Navy Blue,1X,Z0624024NAB1X,3750.0,1,never,0,0
Zoya Shani Pleated Pants,Zoya,Navy Blue,3X,Z0624024NAB3X,3750.0,1,never,0,0
Zoya Shani Pleated Pants,Zoya,Navy Blue,L,Z0624024NABL,3750.0,1,never,0,0
Zoya Shani Pleated Pants,Zoya,Navy Blue,M,Z0624024NABM,3750.0,1,never,0,0
Zoya Shani Pleated Pants,Zoya,Navy Blue,S,Z0624024NABS,3750.0,1,never,0,0
Zoya Shani Pleated Pants,Zoya,Navy Blue,XS,Z0624024NABXS,3750.0,1,never,0,0
Zoya Shani Sarong Wrap,Zoya,Burgundy,F,Z0624020BURF,3250.0,4,never,0,0
Zoya Shani Satin Off Shoulder Crop Top,Zoya,Burgundy,L,Z0724090BURL,450.0,7,never,0,0
Zoya Shani Scarf Top,Zoya,Purple,F,Z0624005PURPF,550.0,1,never,0,0
Zoya Sitawi A-line Mini Skirt,Zoya,Green / Black Abstract Print,S,Z1223004PR1S,2250.0,1,never,0,0
Zoya Sitawi Bodycon,Zoya,Black,XS,Z1223003BLAXS,2550.0,1,never,0,0
Zoya Sitawi Bodycon,Zoya,Navy Blue,M,Z1223003NABM,2550.0,3,never,0,0
Zoya Sitawi Bodycon,Zoya,Navy Blue,S,Z1223003NABS,2550.0,3,never,0,0
Zoya Sitawi Bodycon,Zoya,Navy Blue,XS,Z1223003NABXS,2550.0,1,never,0,0
Zoya Sitawi Cropped Jacket,Zoya,Green / Black Abstract Print,S,Z1223001PR1S,2750.0,1,never,0,0
Zoya Spaghetti strap Midriff Top,Zoya,White - White / 1119115 / Xl,1X,1019018WHIXL,0.0,1,2021-05-23,0,2
Zoya Taani Easy Fit Joggers,Zoya,Black,3X,Z0324018BLA3X,1100.0,1,2026-04-18,0,1
Zoya Taani Easy Fit Joggers,Zoya,Black,4X,Z0324018BLA4X,1100.0,1,2026-06-10,0,1
Zoya Taani Easy Fit Joggers,Zoya,Black,XS,Z0324018BLAXS,1100.0,1,2026-06-09,0,1
Zoya Taani Easy Fit Joggers,Zoya,Navy,2X,Z0324018NAV2X,3250.0,1,2026-05-20,0,1
Zoya Taani Easy Fit Joggers,Zoya,Navy,3X,Z0324018NAV3X,3250.0,1,2026-05-20,0,1
Zoya Taani Easy Fit Joggers,Zoya,Navy,4X,Z0324018NAV4X,3250.0,1,never,0,0
Zoya Taani Easy Fit Joggers,Zoya,Navy,S,Z0324018NAVS,3250.0,2,never,0,0
Zoya Taani Easy Fit Joggers,Zoya,Navy,XS,Z0324018NAVXS,3250.0,1,never,0,0
Zoya Taani Maxi Dress,Zoya,Black,3X,Z0324012BLA3X,1100.0,1,never,0,0
Zoya Taani Maxi Dress,Zoya,Black,4X,Z0324012BLA4X,1100.0,3,never,0,0
Zoya Taani Maxi Dress,Zoya,Navy,1X,Z0324012NAV1X,1100.0,4,never,0,0
Zoya Taani Maxi Dress,Zoya,Navy,2X,Z0324012NAV2X,1100.0,2,never,0,0
Zoya Taani Maxi Dress,Zoya,Navy,3X,Z0324012NAV3X,1100.0,2,never,0,0
Zoya Taani Maxi Dress,Zoya,Navy,4X,Z0324012NAV4X,1100.0,2,never,0,0
Zoya Taani Maxi Dress,Zoya,Navy,L,Z0324012NAVL,1100.0,2,never,0,0
Zoya Taani Maxi Dress,Zoya,Navy,M,Z0324012NAVM,1100.0,3,never,0,0
Zoya Taani Maxi Dress,Zoya,Navy,S,Z0324012NAVS,1100.0,3,never,0,0
Zoya Taani Maxi Dress,Zoya,Navy,XS,Z0324012NAVXS,1100.0,1,never,0,0
Zoya Taani Mini Dress,Zoya,Black,2X,Z0324014BLA2X,700.0,1,2026-04-23,0,1
Zoya Taani Mini Dress,Zoya,Black,M,Z0324014BLAM,700.0,1,2026-04-30,0,2
Zoya Taani Side Slit Hoodie,Zoya,Red,M/L,Z0324004REDM/L,3250.0,1,2026-06-07,0,1
Zoya Taani Sleeveless Midriff Top,Zoya,Navy,L,Z0324009NAVL,150.0,1,2026-05-25,0,6
Zoya Taani Wide Joggers,Zoya,Navy,4X,Z0324017NAV4X,750.0,1,never,0,0
Zoya Temo Asymmetric Front Cut Crop Top,Zoya,Black,1X,Z0824059BLA1X,250.0,1,2025-06-17,0,1
Zoya Temo Asymmetric Front Cut Crop Top,Zoya,Black,2X,Z0824059BLA2X,250.0,1,never,0,0
Zoya Temo Asymmetric Front Cut Crop Top,Zoya,Black,L,Z0824059BLAL,250.0,2,2025-01-06,0,1
Zoya Temo Asymmetric Front Cut Crop Top,Zoya,Navy,4X,Z0824059NAV4X,250.0,2,never,0,0
Zoya Temo Asymmetric Front Cut Crop Top,Zoya,Navy,L,Z0824059NAVL,250.0,3,2026-04-27,0,1
Zoya Temo Bubble Mini Skirt,Zoya,Hunters,3X,Z0824038HUNT3X,1100.0,1,2026-05-07,0,2
Zoya Temo Bubble Mini Skirt,Zoya,Hunters,4X,Z0824038HUNT4X,1100.0,1,2026-04-30,0,1
Zoya Temo Bubble Mini Skirt,Zoya,Hunters,S,Z0824038HUNTS,1100.0,1,2026-05-13,0,3
Zoya Temo Bubble Mini Skirt,Zoya,Taupe,4X,Z0824038TAU4X,450.0,1,never,0,0
Zoya Temo Cropped Jacket,Zoya,Green Camo,M/L,Z0824034PR1M/L,1350.0,1,2025-05-07,0,3
Zoya Temo Men's Detachable Wide Leg Pants,Zoya,Black,L,Z0824049BLAL,1400.0,1,never,0,0
Zoya Temo Men's Detachable Wide Leg Pants,Zoya,Blue,S,Z0824049BLUS,450.0,1,never,0,0
Zoya Temo Men's Knee Length Shorts,Zoya,Camo Brown,1X,Z0924029PR11X,1450.0,1,never,0,0
Zoya Temo Men's Knee Length Shorts,Zoya,Camo Brown,L,Z0924029PR1L,1450.0,4,never,0,0
Zoya Temo Men's Knee Length Shorts,Zoya,Camo Brown,M,Z0924029PR1M,1450.0,4,never,0,0
Zoya Temo Men's Patched Straight Leg Pants,Zoya,Blue Camo / Blue,2X,Z0824050BLU2X,450.0,1,never,0,0
Zoya Temo Men's Patched Straight Leg Pants,Zoya,Blue Camo / Blue,4X,Z0824050BLU4X,450.0,2,never,0,0
Zoya Temo Mens Camo Shirt,Zoya,Camo Brown,F,Z0824047CABROS,1350.0,2,never,0,0
Zoya Temo Mens Camo Shirt,Zoya,Camo Brown,L,Z0824047CABROL,1350.0,2,never,0,0
Zoya Temo Mens Short Sleeve T-shirt,Zoya,Navy / Blue Camo,2X,Z0824048PR22X,700.0,2,never,0,0
Zoya Temo Mens Short Sleeve T-shirt,Zoya,Navy / Blue Camo,3X,Z0824048PR23X,700.0,2,never,0,0
Zoya Temo Mens Short Sleeve T-shirt,Zoya,Navy / Blue Camo,4X,Z0824048PR24X,700.0,1,never,0,0
Zoya Temo Mens Short Sleeve T-shirt,Zoya,Navy / Blue Camo,S,Z0824048PR2S,700.0,1,2026-04-18,0,3
Zoya Temo Mens Zipped Overshirt,Zoya,Green Camo,1X,Z0824044PR1X,1300.0,4,never,0,0
Zoya Temo Mens Zipped Overshirt,Zoya,Green Camo,2X,Z0824044PR12X,1300.0,2,2025-04-29,0,1
Zoya Temo Mens Zipped Overshirt,Zoya,Green Camo,3X,Z0824044PR13X,1300.0,2,2025-12-11,0,1
Zoya Temo Mens Zipped Overshirt,Zoya,Green Camo,L,Z0824044PR1L,1300.0,4,2025-08-12,0,4
Zoya Temo Mens Zipped Overshirt,Zoya,Green Camo,S,Z0824044PR1S,1300.0,4,2025-08-22,0,1
Zoya Temo Parachute Pants,Zoya,Dark Grey,S,Z0824040DAGS,450.0,1,2026-02-17,0,3
Zoya Temo Straight Leg Pants,Zoya,Camo Green,3X,Z0924034CAGRN3X,1450.0,1,never,0,0
Zoya Temo Straight Leg Pants,Zoya,Camo Green,S,Z0924034CAGRNS,1450.0,3,2026-05-03,0,1
Zoya Vasha Biker Shorts,Zoya,Black,M,Z0225009BLAM,950.0,1,never,0,0
Zoya Vasha Hooded Jacket,Zoya,White / Neon Green,M/L,Z0225007WNGM/L,550.0,3,2026-05-26,0,2
Zoya Vasha Raglan Sleeve Playsuit,Zoya,Green / Yellow,M,Z0225011GRNYELM,2550.0,2,never,0,0
Zoya Vasha Raglan Sleeve Playsuit,Zoya,Green / Yellow,S,Z0225011GRNYELS,2550.0,2,never,0,0
Zoya Vasha Sleeveless Turtleneck Mini Bodycon,Zoya,Green / Yellow,S,Z0225004GRNYELS,1950.0,1,2026-05-15,0,4
Zoya Vasha Sleeveless Turtleneck Mini Bodycon,Zoya,Purple / Yellow,S,Z0225004PURYELS,1950.0,3,never,0,0
Zoya Vasha Sleeveless Turtleneck Top,Zoya,Black / Grey,1X,Z0225001BLAGRY1X,1250.0,3,never,0,0
Zoya Vasha Sleeveless Turtleneck Top,Zoya,Black / Grey,L,Z0225001BLAGRYL,1250.0,5,never,0,0
Zoya Vasha Sleeveless Turtleneck Top,Zoya,Black / Grey,M,Z0225001BLAGRYM,1250.0,13,never,0,0
Zoya Vasha Sleeveless Turtleneck Top,Zoya,Black / Grey,XS,Z0225001BLAGRYXS,1250.0,4,never,0,0
Zoya Vasha Sleeveless Turtleneck Top,Zoya,Purple / Yellow,XS,Z0225001PURYELXS,1250.0,1,never,0,0
Zoya X Bold Drape T-Shirt,Zoya,Pink,S/M,0422087PINS/M,500.0,1,never,0,0
Zoya X Bold Hoodie Print Crop Top,Zoya,Geometric / Rainbow Print - Geometric/Rainbow Print / 0422109 / L/Xl,L/1X,0422109PR2L/XL,0.0,2,never,0,0
Zoya X Metamorphisized 143 Cropped Bomber Jacket,Zoya,Black,M/L,Z1024057BLAM/L,3250.0,2,2026-05-03,0,1
Zoya X Metamorphisized 143 Cropped Bomber Jacket,Zoya,Denim Stripes,1X/2X,Z1024057PR11X/2X,3250.0,1,never,0,0
Zoya X Metamorphisized 143 Cropped Bomber Jacket,Zoya,Denim Stripes,M/L,Z1024057PR1M/L,3250.0,1,2026-05-09,0,1
Zoya X Metamorphisized 143 Cropped Bomber Jacket,Zoya,Denim Stripes,XS/S,Z1024057PR1XS/S,3250.0,1,never,0,0
Zoya X Metamorphisized 143 Cropped Jacket,Zoya,Blue / Black,M/L,Z1024059PR1M/L,2550.0,2,never,0,0
Zoya X Metamorphisized 143 Oversized Bowling Shirt,Zoya,White / Black,1X,Z1024053PR11X,3750.0,2,never,0,0
Zoya X Metamorphisized 143 Oversized Bowling Shirt,Zoya,White / Black,L,Z1024053PR1L,3750.0,1,2026-04-17,0,1
Zoya X Metamorphisized 143 Oversized Bowling Shirt,Zoya,White / Chocolate,1X,Z1024053PR21X,2250.0,1,2025-07-30,0,2
Zoya X Metamorphisized 143 Oversized Bowling Shirt,Zoya,White / Chocolate,L,Z1024053PR2L,2250.0,1,2026-04-20,0,3
Zoya X Metamorphisized 143 Pleated Flannel Mini Skirt,Zoya,Blue Plaid,M,Z1024087PR1M,1950.0,5,2025-06-10,0,1
Zoya X Metamorphisized 143 Pleated Flannel Mini Skirt,Zoya,Blue Plaid,XS,Z1024087PR1XS,1950.0,1,never,0,0
Zoya X Metamorphisized 143 Raglan Sleeve Crop Top,Zoya,Black,1X,Z1024050BLA1X,1250.0,1,never,0,0
Zoya X Metamorphisized 143 Raglan Sleeve Crop Top,Zoya,Black,2X,Z1024050BLA2X,1250.0,1,never,0,0
Zoya X Metamorphisized 143 Raglan Sleeve Crop Top,Zoya,Navy Blue,1X,Z1024050NAB1X,850.0,1,never,0,0
Zoya X Metamorphisized 143 Raglan Sleeve Crop Top,Zoya,Navy Blue,L,Z1024050NABL,850.0,1,2025-04-15,0,1
Zoya X Metamorphisized 143 Raglan Sleeve Midriff Top,Zoya,White,2X,Z1024051WHI2X,1550.0,1,never,0,0
Zoya Yuni Contrast Stitch Mini Skirt,Zoya,Black,1X,Z0324071BLA1X,350.0,1,never,0,0
Zoya Yuni Contrast Stitch Mini Skirt,Zoya,Black,2X,Z0324071BLA2X,350.0,1,never,0,0
Zoya Yuni Contrast Stitch Mini Skirt,Zoya,Black,3X,Z0324071BLA3X,350.0,1,never,0,0
Zoya Yuni Contrast Stitch Mini Skirt,Zoya,Black,4X,Z0324071BLA4X,350.0,2,never,0,0
Zoya Yuni Contrast Stitch Mini Skirt,Zoya,Black,L,Z0324071BLAL,350.0,1,2026-05-25,0,1
Zoya Yuni Contrast Stitch Mini Skirt,Zoya,Black,M,Z0324071BLAM,350.0,1,2026-06-09,0,1
Zoya Yuni Contrast Stitch Mini Skirt,Zoya,Black,S,Z0324071BLAS,350.0,3,never,0,0
Zoya Yuni Contrast Stitch Mini Skirt,Zoya,Grey,1X,Z0324071GRY1X,1300.0,1,never,0,0
Zoya Yuni Contrast Stitch Mini Skirt,Zoya,Grey,S,Z0324071GRYS,1300.0,1,never,0,0
Zoya Yuni Halter Dress,Zoya,Black,2X,Z0324057BLA2X,550.0,1,2026-05-19,0,2
Zoya Yuni Halter Dress,Zoya,Black,3X,Z0324057BLA3X,550.0,1,2026-05-25,0,1
Zoya Yuni Halter Dress,Zoya,Black,M,Z0324057BLAM,550.0,1,2026-04-21,0,3
Zoya Yuni Halter Dress,Zoya,Black,S,Z0324057BLAS,550.0,1,2026-04-29,0,2
Zoya Yuni Halter Dress,Zoya,Black,S,Z0324057BLCKS,2750.0,1,never,0,0
Zoya Yuni Halter Midriff Top,Zoya,Beige,2X,Z0324049BEI2X,250.0,1,never,0,0
Zoya Yuni Halter Midriff Top,Zoya,Beige,4X,Z0324049BEI4X,250.0,1,never,0,0
Zoya Yuni Halter Midriff Top,Zoya,Black,4X,Z0324049BLA4X,700.0,1,never,0,0
Zoya Yuni Halter Midriff Top,Zoya,Black,M,Z0324049BLAM,700.0,1,2026-05-14,0,3
Zoya Yuni Halter Midriff Top,Zoya,Black,XS,Z0324049BLAXS,700.0,1,never,0,0
Zoya Yuni Halter Midriff Top,Zoya,Navy Blue,3X,Z0324049NAB3X,150.0,2,never,0,0
Zoya Yuni Halter Neck Tie Back Top,Zoya,Black,3X/4X,Z0324068BLA3X/4X,350.0,1,never,0,0
Zoya Yuni Halter Neck Tie Back Top,Zoya,Navy Blue,3X/4X,Z0324068NAB3X/4X,250.0,1,2026-05-05,0,1
Zoya Yuni High Slit Dress,Zoya,Orange,3X,Z0324066ORA3X,2550.0,2,never,0,0
Zoya Yuni High Slit Dress,Zoya,Orange,4X,Z0324066ORA4X,2550.0,2,never,0,0
Zoya Yuni Men's Fleece Sweat Pants,Zoya,Mint,1X,Z0424111MIN1X,1500.0,2,2026-05-20,0,1
Zoya Yuni Men's Fleece Sweat Pants,Zoya,Mint,L,Z0424111MINL,1500.0,1,never,0,0
Zoya Yuni Men's Fleece Sweat Pants,Zoya,Mint,M,Z0424111MINM,1500.0,2,never,0,0
Zoya Yuni Men's Fleece Sweat Pants,Zoya,Mint,S,Z0424111MINS,1500.0,2,2026-04-30,0,1
Zoya Yuni Men's Long Sleeve T-shirt,Zoya,Light Blue,1X,Z0624103LBLU1X,1400.0,2,never,0,0
Zoya Yuni Men's Long Sleeve T-shirt,Zoya,Light Blue,M,Z0624103LBLUM,1400.0,2,never,0,0
Zoya Yuni Men's Long Sleeve T-shirt,Zoya,Light Blue,S,Z0624103LBLUS,1400.0,2,never,0,0
Zoya Yuni Men's Sweatshirt,Zoya,Teal Green,M,Z0424110TGRNM,1900.0,4,never,0,0
Zoya Yuni Off Shoulder Bodysuit,Zoya,Navy Blue,1X,Z0324052NAB1X,550.0,1,never,0,0
Zoya Yuni Off Shoulder Bodysuit,Zoya,Navy Blue,L,Z0324052NABL,550.0,1,never,0,0
Zoya Yuni Off Shoulder Bodysuit,Zoya,Navy Blue,S,Z0324052NABS,550.0,1,2026-05-07,0,2
Zoya Yuni Off Shoulder Midriff Top,Zoya,Buttermilk,1X,Z0324051BUT1X,350.0,2,never,0,0
Zoya Yuni Off Shoulder Midriff Top,Zoya,Buttermilk,2X,Z0324051BUT2X,350.0,1,never,0,0
Zoya Yuni Off Shoulder Midriff Top,Zoya,Buttermilk,3X,Z0324051BUT3X,350.0,1,never,0,0
Zoya Yuni Off Shoulder Midriff Top,Zoya,Buttermilk,4X,Z0324051BUT4X,350.0,2,never,0,0
Zoya Yuni Off Shoulder Midriff Top,Zoya,Buttermilk,L,Z0324051BUTL,350.0,1,never,0,0
Zoya Yuni Off Shoulder Midriff Top,Zoya,Buttermilk,M,Z0324051BUTM,350.0,2,2024-12-19,0,1
Zoya Yuni Off Shoulder Midriff Top,Zoya,Buttermilk,XS,Z0324051BUTXS,350.0,1,never,0,0
Zoya Yuni Off Shoulder Midriff Top,Zoya,Navy Blue,1X,Z0324051NAB1X,650.0,1,2026-04-23,0,1
Zoya Yuni Off Shoulder Midriff Top,Zoya,Navy Blue,2X,Z0324051NAB2X,650.0,1,never,0,0
Zoya Yuni Off Shoulder Midriff Top,Zoya,Navy Blue,S,Z0324051NABS,650.0,1,2026-04-28,0,2
Zoya Yuni Off Shoulder Midriff Top,Zoya,Orange,3X,Z0324051ORA3X,650.0,1,never,0,0
Zoya Yuni Off Shoulder Midriff Top,Zoya,Orange,4X,Z0324051ORA4X,650.0,2,never,0,0
Zoya Yuni Off Shoulder Midriff Top,Zoya,Orange,S,Z0324051ORAS,650.0,1,never,0,0
Zoya Yuni Off shoulder Mini Dress,Zoya,Black,M,Z0324056BLAM,550.0,1,2026-05-08,0,7
Zoya Yuni One Shoulder Crop Top,Zoya,White,1X,Z0324070WHI1X,350.0,1,never,0,0
Zoya Yuni One Shoulder Crop Top,Zoya,White,3X,Z0324070WHI3X,350.0,1,never,0,0
Zoya Yuni One Shoulder Crop Top,Zoya,White,4X,Z0324070WHI4X,350.0,1,never,0,0
Zoya Yuni Oversized Shirt,Zoya,Blue,M,Z0324046BLUM,3300.0,1,never,0,0
Zoya Yuni Oversized Shirt,Zoya,Blue,S,Z0324046BLUS,3300.0,1,never,0,0
Zoya Yuni Oversized Shirt,Zoya,Brown,M,Z0324046BROM,3500.0,1,never,0,0
Zoya Yuni Short Sleeve Midriff Top,Zoya,Orange,3X,Z0324048ORA3X,1100.0,1,never,0,0
Zoya Yuni Short Sleeve Midriff Top,Zoya,Orange,4X,Z0324048ORA4X,1100.0,1,never,0,0
Zoya Yuni Sleeveless Turtle Neck Maxi Top,Zoya,Black,3X,Z0324067BLA3X,2250.0,1,never,0,0
Zoya Yuni Sleeveless Turtle Neck Maxi Top,Zoya,Black,4X,Z0324067BLA4X,2250.0,1,never,0,0
Zoya Yuni Sleeveless Turtle Neck Maxi Top,Zoya,Black,S,Z0324067BLAS,2250.0,2,2025-11-28,0,1
Zoya Yuni Sleeveless Turtle Neck Maxi Top,Zoya,Black,XS,Z0324067BLAXS,2250.0,2,never,0,0
Zoya Yuni Sleeveless Turtle Neck Maxi Top,Zoya,Lime Yellow,1X,Z0324067LIMYEL1X,450.0,1,2026-04-22,0,3
Zoya Yuni Sleeveless Turtle Neck Maxi Top,Zoya,Lime Yellow,3X,Z0324067LIMYEL3X,450.0,1,never,0,0
Zoya Yuni Sleeveless Turtle Neck Maxi Top,Zoya,Lime Yellow,4X,Z0324067LIMYEL4X,450.0,1,never,0,0
Zoya Yuni Sleeveless Turtle Neck Maxi Top,Zoya,Orange,XS,Z0324067ORAXS,450.0,1,2026-05-28,0,2
Zoya Yuni Sleeveless Turtle Neck Maxi Top,Zoya,White,3X,Z0324067WHI3X,1200.0,3,never,0,0
Zoya Yuni Sleeveless Turtle Neck Maxi Top,Zoya,White,4X,Z0324067WHI4X,1200.0,1,never,0,0
Zoya Yuni Strappy Midriff Top,Zoya,Beige,2X,Z0324047BEI2X,800.0,1,2025-04-06,0,1
Zoya Yuni Strappy Midriff Top,Zoya,Beige,3X,Z0324047BEI3X,800.0,2,never,0,0
Zoya Yuni Strappy Midriff Top,Zoya,Beige,4X,Z0324047BEI4X,800.0,2,never,0,0
Zoya Yuni Strappy Midriff Top,Zoya,Navy,3X,Z0324047NAV3X,350.0,1,never,0,0
Zoya Yuni Strappy Midriff Top,Zoya,Taupe,4X,Z0324047TAU4X,150.0,1,never,0,0
Zoya Yuni Tank Top,Zoya,Black,4X,Z0324050BLA4X,250.0,1,never,0,0
Zoya Yuni Wide Leg Pants,Zoya,Camo Brown,S,Z0524197CABS,4250.0,1,2024-08-29,0,1
